0.0398769401296823,0.0004286890595341,0.004841746280463,-0.0001770036992212,0.0,0.0006032792659016,0.0258299621386741,0.0007734659129774,0.0005421205396118,9.774234050474753e-05,-0.0002723759384075,-1.5240224995381948e-05,0.0,0.0635953059943099,-7.684861952913221e-05,-2.285883172505977e-05,0.0116917706520593,0.0,-0.0001756959932956,6.956748366669715e-05,-2.2102728852265887e-05,0.0004845991934904,0.007750967578992,-6.157588818556228e-05,0.0,0.0005244497638431,0.0007121053428312,-0.0008635020739067,0.0128961796471488,0.0533591922046262,0.0,-0.0002350148757247,0.0010766606281546,0.0008672719750763,0.0,0.0001343658638311,0.0013127453225174,0.0010882090755542,1.284688330112081e-05,0.0,-0.0001328945889931,0.0,0.0,-3.836010539021133e-05,0.0,0.0,0.0,0.0,0.0,0.0,0.0,0.0,0.0,0.0,0.0,0.0,0.0,0.0004871002512124,0.0,0.0,0.0,0.0,0.0,0.0,0.0,0.0,0.0,0.0,0.0,0.0,0.000422821839836,0.0,-0.0001271054188664,0.0,0.0,0.0,0.0,0.0,0.0,0.0,0.0,0.0,0.0,0.0,0.0001406482319967
0.0004286890595341,0.0588165911638664,0.0117355451739071,-9.60675628857358e-05,0.0,-2.718630527200709e-05,0.0004123434302558,-0.0002136057305929,-0.0043397760046459,0.0,0.0047546325323847,0.0004368205135023,0.025082744251931,5.232420574221412e-05,0.0066953893390222,-0.0035732157415208,0.019554914344917,0.0001307119465153,0.0029138007762486,0.0,0.0005413778636047,0.119469580597527,0.0010363448919155,0.0043168571108612,-0.024133496273505,-0.0309308977548264,0.2660150179253112,-0.0015613924857015,0.0017374372144834,-0.0001318164214571,-0.0002696417484861,-0.0002764363800028,0.0001455765373824,0.0036507572535617,0.0004957197300481,0.0402251479175742,-6.776250557173119e-05,0.0060569407414805,-0.0027088129752526,-0.0004932511870221,0.000221148158337,0.0510436900219019,0.0202728361184639,0.0084936643444897,0.0076723449014268,0.0074886753395682,0.0002261089848245,6.809115145108591e-05,0.0014041905249567,0.000167621090182,0.0858203166120866,0.0176776649000281,0.0,0.0,0.0,0.0002117423981147,0.0,0.0070563540284477,0.0,0.0004838934891555,0.0,-0.0010046425295683,0.0,-6.634534398746529e-05,0.004285126538139,0.0028492224987897,-0.0005564550889053,-0.0003736061132687,0.0,-0.0006650448703504,0.0112240889231243,0.0013405764299933,0.0040836654823835,0.0025049896097379,0.0072432398466053,0.1314996825998971,0.0005844217965078,-0.000274111039181,-0.000520039357038,-0.001325853121845,0.0,-4.902806402545484e-05,0.0042041402545216,5.173726973248603e-05,0.0057933246360267
0.004841746280463,0.0117355451739071,0.179584152753651,-0.0003527948098995,0.0,0.0021939764077629,-0.0818796388063708,0.008030776297053,-0.0005125416003743,-0.0012090527072827,0.0017354097250698,7.680486284059924e-05,-0.0007232390725535,0.0099242621995221,0.0,-0.0039049810956525,0.3962858967292759,0.0012013936128352,0.0545675723900166,0.0,-0.1061587549113679,-0.0014614357056366,-0.1163616621404737,-0.0130498113049785,0.0003550754269971,0.150363060356744,0.6457037195844535,-0.0176433000834748,-0.002288338317192,-0.0009830172799716,-3.302938260887446e-05,-0.0006135891403404,-0.0013502566940465,0.0095456927529421,-0.001308213077458,0.0298876954073249,0.0030200154200078,0.0073368036350898,-0.0123613989198935,-0.0005831397889663,-0.0004781419173475,1.0601370426255129e-05,-0.0318492321196293,-0.0517724670545987,-0.0153131148006535,-0.0119705618994599,-3.5926247784105105e-05,-0.000150581422338,0.0,0.0,0.0145775167555367,-0.0461233347166409,0.0,0.0,0.0,0.0,0.0,0.0013196479868255,0.0,0.0,0.0,1.1071946178552015e-06,0.0,0.0,-0.0008673355314071,-0.0302948379835926,0.0,-0.0023149742785618,0.0,-0.0003932368961921,0.0114957197546279,-0.0309355426159919,-1.5921633306037683e-05,0.0005597964214898,-0.0019972023913834,0.0073657401316676,0.0,0.0,0.0,0.0,-0.0001397592637589,0.0,-0.0041425235648374,1.8053464607870166e-05,-0.0014864226426365
-0.0001770036992212,-9.60675628857358e-05,-0.0003527948098995,-0.2043125229631094,0.0018482426272664,-0.0003913862162567,-0.0015112818317988,-0.0040838620951072,0.0596836203127714,-0.0281787868360353,-0.0001635899489188,-0.0082007593540061,-0.0003796830303312,-0.002056666439246,0.0067472964661374,0.0,0.0,0.0,0.0,0.0637514132631879,7.742399615393716e-05,0.0010370760247723,0.0001663522083588,0.0302769366052093,-3.670572594282636e-05,0.0,4.585170809893992e-05,-0.0464348307434469,-0.0049142371307297,-0.0008740584450218,0.0,-0.0001350338990619,-0.0006590337094796,-0.0069218659012723,0.0007247722872459,0.0033686561382311,6.026427661831178e-05,-0.0026656059555822,-0.002019399600357,0.0188958882740507,-0.0014990012628932,0.0002476641697262,-0.0006517925779009,0.0,-0.0004414082649518,0.0,-0.0088911492926085,-0.0001544707817727,-0.0001111681770767,0.0,0.0,0.0,0.002077493118072,0.0,5.809664174765689e-05,0.0,-0.0001221238911983,0.0220849234352506,0.0003180118531399,0.0,0.0033494359294438,-0.0002952567291749,0.0,-0.0001012943179295,0.0,0.0,0.0,0.0,0.0011292724852971,0.0,-0.0002066650377906,0.0,0.0164056606364674,0.0,0.0,0.0,0.000498804573013,0.0,-0.0003020622996402,0.0,0.0,0.0,0.0,0.0,-0.0018493813334219
0.0,0.0,0.0,0.0018482426272664,-0.0396676866478735,-0.0281079379205701,-0.0002828227136705,-0.0030659101992179,0.0022731303050083,0.0003816685363462,0.0001227124846482,0.0045169581117412,0.0005433070503809,0.0001080985089271,-0.0082607534367266,-0.0001694900058048,0.0,0.0,0.0,0.0001250524333869,4.396160353041917e-05,0.0012661314455224,0.0001175547579801,0.0015214221730861,0.0,-1.3725132442315197e-06,2.129298656366543e-05,0.0007931257072406,-0.0001686134127626,2.4782028317569448e-05,0.0,0.0214106916775052,-0.0001358461410874,-0.0172573946985088,9.398838696796271e-05,0.0009443872206391,0.0001525591753019,-2.2633640497344596e-05,1.2690087941693113e-05,0.0044882901074834,-0.000215239958755,-9.814706070165908e-05,4.649600602370021e-05,0.0,0.0,0.0,-0.0001350332057235,0.0,0.0,0.0,0.0,0.0,0.0,0.0,0.0,0.0,0.0,0.0002058025783125,0.0,0.0,-0.0007507756412941,7.015651436157467e-05,0.0,0.0,0.0,0.0,0.0,0.0,2.58582822640721e-05,0.0,0.0001973731213198,0.0,0.0,0.0,0.0,0.0,0.0,0.0,0.0,0.0,0.0,0.0,0.0,0.0001830949953512,0.0001399638389749
0.0006032792659016,-2.718630527200709e-05,0.0021939764077629,-0.0003913862162567,-0.0281079379205701,-0.1232240339506424,0.0419245560281369,-0.189007179420961,0.0179091923489193,-0.0277605957075698,-0.0008182586697457,0.0133296761729758,-0.0018432238066358,0.0128938092122007,-0.0245642808127577,0.0,0.0002940048475069,4.3116379462868046e-07,-0.0001239542291161,-0.0053215365257124,0.0052535140553671,0.000586260450072,0.010331990062716,-0.0019393128843821,0.0,8.992159906120466e-05,-0.0002874898985741,-0.029301724691124,0.0124967438074058,0.0039839223206126,0.0,-0.060777496024949,-0.0001609017390465,0.0063569098682565,-0.0081555698077833,0.0259733137247726,0.0005539197684155,0.0156433725633793,0.0016406052805635,-0.0140169615374024,3.8000468621943166e-05,0.0008493473217574,-0.0001725240358055,-0.0004760957762274,-0.0003573898031631,-1.993458732384241e-05,-0.0018442726030613,0.0,-0.0003034783653688,0.0,0.0,0.0,0.0,0.0,-6.743215440496655e-06,0.0,0.0,0.0308837162839222,0.0,0.0,-0.0008825576882044,-0.0003187903337497,0.0,-0.0004971443108769,0.0,0.0,0.0,0.0,0.0002697032091258,0.0,0.0005730043033951,0.0,0.0048337505807944,0.0,0.0,0.0,0.0,0.0,-0.0001993645004113,0.0,0.0,0.0,0.0,0.0001075842337126,0.0033963571756865
0.0258299621386741,0.0004123434302558,-0.0818796388063708,-0.0015112818317988,-0.0002828227136705,0.0419245560281369,0.3008009226320214,0.010247657299522,0.0054711378677846,0.1757134969669312,0.0001110645021771,-0.0020506863281412,-0.0022048831874768,0.196282246435153,0.0001698172773627,0.0003235490487157,0.0021110128280526,0.0,-0.0002891831403492,0.0001113305300971,0.0334725339429193,0.0002857238595358,0.0286346253264182,-0.0039593035388404,0.0,0.001142654824236,0.0003487419042276,0.285751521749869,-0.0029826951230197,0.35637257569476,0.0,-0.0007241172645103,-0.005983593244486,-0.017306585119268,0.0047432250896528,0.030396588601074,3.708725652156117e-05,-0.014201534979362,-0.0219832792951002,-0.0044401834241802,-0.0029932642061839,0.0005921627873494,-0.0031159660184135,0.0001927219049676,-0.0001851892504089,0.0,0.0001374847984926,0.0,-0.0001404952803024,0.0,0.0002024189311544,0.0,0.0,0.0,0.0,-0.001022261941178,0.0,0.012258574016267,0.0,0.0,-0.0029797714990294,0.0001233800102069,0.0,-0.000629891501813,3.509981988603443e-05,0.0,0.0,0.0,0.0,-0.0004478675975196,0.0045055654398539,0.0,-0.0007891506231849,0.0,0.0,0.0,-0.0017053423267378,-7.314188364484447e-05,-0.0001235465129192,0.0,0.0,-2.2383883522890655e-05,0.0,0.0001154810042579,0.0057316340782615
0.0007734659129774,-0.0002136057305929,0.008030776297053,-0.0040838620951072,-0.0030659101992179,-0.189007179420961,0.010247657299522,-0.0773404191280663,0.0151556079328691,-0.0237584132626196,-0.0199298148252106,-0.0070529399337497,-0.0074389663953881,-0.1167520103982471,6.477678943281363e-05,2.823167130268734e-05,0.0100556773046282,-0.0017836012358238,-0.0027140050957006,-0.0106500510272159,0.002770093014075,0.0004819975632042,0.0109981903938293,-0.0121970934729723,-2.408155827146017e-06,-0.0018815480212205,-0.0015513512229464,-0.0191038817360161,0.0040884933825783,0.003149244169823,-0.0001832266995322,-0.0721788136843285,-0.0019000366457427,0.0022833673664488,-0.0006458645436786,-0.0161790544066987,-0.0003334207395666,0.0063519683179779,-0.0024298139713805,-0.0126592209273355,-0.0028221921432448,-0.0015154772660637,-0.0005229704829064,0.0001965956432887,-0.000182979315886,0.0005169980807523,1.399459807808842e-05,0.0,-0.0001310409706857,0.0,0.0002994732656659,0.0,0.0,0.0,0.0,0.0,0.0,0.0179613999859578,0.0,0.0,-0.0001879052410136,-1.8546537017130524e-05,0.0,-1.4016439761732267e-05,0.0,0.0,0.0,0.0,0.0,0.0,4.4468838117040425e-05,0.0,-0.0006315802260046,-1.2451572980704914e-05,0.0,0.0,0.0,0.0,0.0,0.0,0.0,0.0,0.0,0.0,0.0004076407675376
0.0005421205396118,-0.0043397760046459,-0.0005125416003743,0.0596836203127714,0.0022731303050083,0.0179091923489193,0.0054711378677846,0.0151556079328691,0.1726059036801931,0.074482686357112,0.000986873008692,0.0866776513639025,-0.0109788556944099,0.0154129962792983,0.0594276863878404,-0.0006587496045754,0.0009866067069769,8.043090958860238e-05,-0.0008390599084327,0.0155572215661156,0.0008550878228957,0.0423631431068186,0.0016254592223033,0.3964548934288617,-0.0877580914831188,-0.003417435367215,-0.0333702914114053,0.0712143678680585,0.026417895223693,0.0205515302496265,-0.0005628740781903,0.0060834171513568,0.005264313096783,0.0130560989782603,0.0041723087492981,0.0826262290564392,0.0001354914534752,0.0067654103048251,0.0036172124946422,0.0183750492849796,-0.0010626996982759,0.0010152400760848,0.0604678445756427,-0.0010552586665489,0.0127894682624992,0.0003059029739916,0.0096798017081168,0.0024201122948971,-0.0001680335306814,0.0002896102357089,0.0013212805388958,-2.332362225227109e-05,0.0031400620444979,8.952007046209771e-05,7.9966997351552e-05,0.0007523310096766,0.0019431328832112,0.1053179562785046,0.0949923605289693,9.0099728555839e-05,0.0105191448148298,0.0006841999220657,0.0045055561115138,-1.0769775285565332e-05,-0.0035787098098872,0.0009318020085922,0.0,0.0,-0.0012066187695793,-0.003885863496787,-0.0046368473160415,0.002383967179172,0.0702176740286551,-0.0060744236920397,3.125064138785544e-05,0.0013551170516086,0.0520015352853094,0.0090896154019542,-0.0042631652889621,0.0,0.0,-0.0015208217293135,0.0033581714935193,0.001507266076331,0.0480272442645834
9.774234050474753e-05,0.0,-0.0012090527072827,-0.0281787868360353,0.0003816685363462,-0.0277605957075698,0.1757134969669312,-0.0237584132626196,0.074482686357112,0.8483082095541081,0.0007407029571719,-0.0588633038732488,0.001990555884465,0.1345433916998293,-0.004989082689219,0.0,0.0,0.0,0.0,-0.0127732988953352,0.0006134390305149,-0.0005237458494868,0.0011921163428141,-0.0112600639176881,0.0,0.0,-9.21128223600484e-05,-0.0593877053165566,0.0088898707283117,0.0002700465937504,0.0,0.0002633668970894,0.0005678350721235,0.0091221230465629,0.0031597500548769,0.1183235465555822,-0.0001302754100394,0.021049615336138,-0.0013625967267055,-0.0141108322014893,-0.0020106340575533,-4.596542130293729e-05,-0.0026487450922129,0.0,0.0,0.0,-0.0140305989925794,0.0,0.0,0.0,0.0,0.0,0.0,0.0,0.0,0.0,0.0,0.1987393468681919,0.0,0.0,-0.0108883664588236,0.0,0.0,0.0001093028796786,0.0,0.0,0.0,0.0,-6.570412466084582e-06,0.0,-0.0001608994204577,0.0,0.0269650399509812,0.0,0.0,0.0,0.0,0.0,0.0,0.0,0.0,0.0,0.0,0.0,0.0128576232738559
-0.0002723759384075,0.0047546325323847,0.0017354097250698,-0.0001635899489188,0.0001227124846482,-0.0008182586697457,0.0001110645021771,-0.0199298148252106,0.000986873008692,0.0007407029571719,-1.072355127092436,2.791834487841976e-05,-0.2880072613932356,-0.0042606392447707,0.0005556160788692,-0.0001676590636574,-0.0038468131207997,-0.4265702063333245,0.0209432862648972,0.0,0.0004112361170498,0.0007081034658261,0.0021413767880382,-9.568081656500922e-05,-0.0092428811757753,-0.1047020113961377,0.0189336841565582,-0.0001413316450175,0.0067383090909522,-0.0005783366350525,-0.0233398108976546,-0.04775191213004,0.0012888106246604,-0.2481997789556503,-7.8399786526079e-05,0.0037960357224285,-0.0274304604438606,0.1059999856003658,0.0037751206443126,-0.0015853259876733,0.0002435078513257,-0.0418489377009651,0.000866750379529,0.0049369503876821,-0.0011896208302279,-0.0004894826547964,0.0,-7.761986424850381e-05,2.69167190082556e-05,0.0,0.0046329474760836,-0.0001294034426065,0.0,0.0,0.0,0.0,0.0,-0.0001040855053951,0.0,-0.0046768431963955,0.0,-0.0734822974562155,0.0,0.0,0.0,-3.331843999434645e-05,-0.0049769245541704,2.078270623933949e-05,0.0,0.0,-0.0011146852133468,0.0,0.0,-0.0347777920328072,-0.0039517200744585,-0.0115748733114563,0.0,-8.514531991268164e-05,0.0,-0.0064129791997062,-0.0001561389903223,0.0,-0.0004687609877672,0.0,-0.00022800233492
-1.5240224995381948e-05,0.0004368205135023,7.680486284059924e-05,-0.0082007593540061,0.0045169581117412,0.0133296761729758,-0.0020506863281412,-0.0070529399337497,0.0866776513639025,-0.0588633038732488,2.791834487841976e-05,0.0572882019304972,-0.0003079601376504,0.0070547851500162,0.0258143550168768,-3.3278698091073297e-06,0.0,0.0,-7.1945080629463e-05,-0.0227583369151924,1.225341342956747e-05,0.0028764777932271,0.0,0.0484980479906658,1.2760959184399828e-06,-9.03438274996843e-05,-4.1764217223238906e-07,-0.0019744099775959,-0.0010439773792804,0.0001223789258983,0.0,-0.0004363784057604,4.449649207415656e-05,0.0111493530432333,-0.0210341171755155,0.0259903269411305,-0.0003065468362362,0.0078608226406127,0.0015568467277658,0.0241543666466412,-0.0040548070101647,3.846169823469689e-05,-0.002550505606952,-4.579219896676859e-05,-0.0004189093493367,0.0003940577937012,-0.0081253023283321,-0.0001160234813269,2.4738570278986705e-05,3.086553384166819e-07,0.0,0.0,-7.327502832008335e-07,-0.0001230424821133,0.0002669367443324,3.931742691187784e-05,-0.000513993981244,0.0064976978031741,0.0020414156886422,0.0,-0.0003189501401981,0.0003019115283587,0.0001036661886819,-0.0004214048166839,0.0,0.0,0.0,0.0,0.0005672413923336,1.4707129469048489e-05,-0.0001471275326444,0.0,0.0036648369049908,0.0,0.0,0.0,0.0015623590461193,-0.0002230395815702,-0.0003594538391379,0.0,0.0,0.0,0.0001545342636646,0.0046562523337981,0.0005354633015465
0.0,0.025082744251931,-0.0007232390725535,-0.0003796830303312,0.0005433070503809,-0.0018432238066358,-0.0022048831874768,-0.0074389663953881,-0.0109788556944099,0.001990555884465,-0.2880072613932356,-0.0003079601376504,-0.2142966148792737,-0.0004987536990222,0.0003230733286844,0.0020731082223659,-1.5327243454042303e-05,0.0016404283891612,0.0013026603376106,1.5866467116407725e-05,-0.0076755575219218,-0.0041715433387871,0.0020367663069592,-0.0018329481933302,0.0104117805044238,-0.0039152405617351,0.0449428635121132,-0.003109050256581,-0.0022514011360261,0.0001180264872706,0.009406509432709,-0.0142102530538692,0.0004490791734805,-0.0426119764540066,0.0061740186876443,-0.0250090618417405,-0.0081555819827064,0.0169213711551982,-0.0112439326777462,0.0101289932459447,-0.0142083550844025,-0.0291496218655263,-0.0023672471118741,0.0061404866127335,0.0083260510277568,0.0024544137870288,-0.0004600851743662,-0.000327408307935,-0.0020318736365125,7.607187459866175e-05,0.0151491801026598,8.800464639864489e-05,2.62681802150809e-05,9.990968555529733e-05,1.2949995661353036e-05,-0.0008235621005377,-0.0001005671693936,0.0015614959613429,-2.041010242442025e-05,-0.009886041515814,-0.0011053653630743,-0.149530078069327,-7.701310233052656e-05,2.2833642635965743e-05,-0.000358454777262,6.184037580056851e-05,-0.004844438637383,9.962640165904142e-06,0.0002513431669315,0.0012686457122735,-0.0018101334764822,-0.0007944353172412,-0.0031050413429753,-0.1204837195881061,0.004702460329869,-0.0023317126516515,3.55589210730124e-05,-0.0011220327637833,-0.001770049942787,-0.0112450902471628,0.0001361562094804,-0.0004045520005448,-0.0012276624561828,0.0015078190843596,0.0012235989383505
0.0635953059943099,5.232420574221412e-05,0.0099242621995221,-0.002056666439246,0.0001080985089271,0.0128938092122007,0.196282246435153,-0.1167520103982471,0.0154129962792983,0.1345433916998293,-0.0042606392447707,0.0070547851500162,-0.0004987536990222,-0.0253144582013017,0.0019482906782127,-4.760154018359792e-05,0.0371809150734608,-0.0010604556194125,-0.0006549128357538,-0.0037525164373455,0.0041435500559949,0.0021958827200221,0.0235077228785658,0.0040064098547076,-0.0004576008783797,-0.001251654073509,-0.0017884431336867,-0.0014198501662158,0.1326085582824563,0.0375125176380737,-0.0001291586086619,-0.0244072927632798,0.0022411063570484,0.0132245762772425,0.0002123577833264,0.0089699698768884,0.006018280075722,0.0057928219974512,-0.002360201284202,-0.0011653540390749,-0.0018060186250322,-0.0001527181172079,-0.0001473117445611,-9.466426936037568e-05,-0.000625652305257,0.0003404701058654,0.0,0.0,-0.0004503449328358,0.0,0.0001138019746772,0.0,0.0,0.0,0.0,0.0,0.0,0.017670425189789,0.0,0.0001447286558668,0.0,-0.0002409607596744,0.0,-9.792495813140184e-06,0.0,0.0,0.0,0.0,0.0,0.0,0.0007800305041481,0.0,0.0006443017195817,-0.000150649455959,0.0,5.020596714861942e-05,0.0,0.0,0.0,0.0,0.0,0.0,0.0,0.0,0.0010935327524545
-7.684861952913221e-05,0.0066953893390222,0.0,0.0067472964661374,-0.0082607534367266,-0.0245642808127577,0.0001698172773627,6.477678943281363e-05,0.0594276863878404,-0.004989082689219,0.0005556160788692,0.0258143550168768,0.0003230733286844,0.0019482906782127,-0.0138276633697773,1.2327379365323236e-05,0.0,0.0,0.0,0.0034293341945477,7.530427381105703e-05,0.0091047942121636,0.0002581992212816,0.0231546256509621,-6.18482817532585e-05,-1.984209704371156e-05,0.0011259457519953,0.0085722362709136,0.0022279165309888,0.0025115132779472,0.0,0.0009848091297892,0.0006422221327967,0.0002285215747428,-0.0326887077377993,0.0060235049715385,0.0006505002000835,0.0008921604861981,-0.0007170867497875,-0.0044887049103579,-0.0003932069711398,-8.236700535531465e-05,0.0016629880268386,-3.102309337389295e-05,3.336437128371549e-05,3.180564744826998e-06,-1.053805261305526e-05,0.0,-2.9945280009685532e-05,0.0,-8.596961076470048e-05,0.0,9.116900267745432e-05,0.0,-0.0001853560955851,0.0,0.0,0.000807708125752,-0.0001724331670873,0.0,-0.002276401451697,-0.0001302817662984,0.0,-0.0002788570068964,0.0005865469171274,0.0,0.0,0.0,8.845152418796624e-05,-4.335277431098924e-05,0.0012916070019513,-1.3085346680165889e-05,0.005587990798633,0.0,0.0,0.0,-7.441673857885385e-05,0.0,0.0,0.0,0.0,5.124052366058789e-05,0.0,0.0013033249765898,0.0050930043536884
-2.285883172505977e-05,-0.0035732157415208,-0.0039049810956525,0.0,-0.0001694900058048,0.0,0.0003235490487157,2.823167130268734e-05,-0.0006587496045754,0.0,-0.0001676590636574,-3.3278698091073297e-06,0.0020731082223659,-4.760154018359792e-05,1.2327379365323236e-05,0.230551451085108,-0.0096344915883462,0.0,-0.002254461132089,0.0,0.1414528894535383,0.0831697011519541,0.0914370454733474,-0.0101530009380759,-0.0019155253811396,-0.0041096868625744,0.0239314781960254,0.0106292290893582,-3.140267746078031e-05,0.0005223567165182,0.0,-0.0004965059041354,9.242854185396158e-05,-0.0063765590004158,0.0002338019705926,0.0093826326536942,-0.0022636409345358,-0.0003726936043146,-0.0007278616190065,0.0003328304036299,-0.0002592134273758,2.6781565515312787e-05,0.0295346162498691,0.0093699180591079,0.0063191638673248,0.0073124505902177,0.0003010413220887,0.0004105746524531,7.068381214456064e-05,0.0,-0.0018272786099381,-0.0005847841027115,0.0,0.0,0.0,-4.955904933058218e-05,0.0,0.0008016441619045,0.0,0.0,-0.0001799145844021,0.0005662797321166,0.0,0.0,0.054127606149855,0.0006278992392899,0.0,0.0,0.0,-0.0095713917285277,0.1125058270268026,0.0783060038312797,0.0061292920483089,-0.0001211960054741,7.199974608863739e-05,0.0171100212757535,0.0006375174610652,-0.0008334773763527,-0.0010848038069835,0.0,0.0,-2.7861710182164053e-05,0.0004143557561988,0.0,0.0014715064484878
0.0116917706520593,0.019554914344917,0.3962858967292759,0.0,0.0,0.0002940048475069,0.0021110128280526,0.0100556773046282,0.0009866067069769,0.0,-0.0038468131207997,0.0,-1.5327243454042303e-05,0.0371809150734608,0.0,-0.0096344915883462,0.0977621560008865,-0.0006504342385699,-0.0105870095080589,0.0,-0.0319086777461088,0.0032202097343184,0.0299319721456175,-0.0168663730964011,0.0001115048898068,0.0768172675193798,0.1280685053895226,-0.0049219255018838,0.0371502068933972,-0.0298238984547984,0.0,-0.0005923266002003,0.0056359244771769,-0.1032207810400125,-7.310019246944097e-05,0.0147658645534975,0.0035591993406586,0.0063608811388883,-0.0018154868861255,0.0001561206027846,-7.510473987776573e-06,3.667468959619029e-05,-0.0145059385918898,-0.020621384181965,-0.0043925232600179,-0.0042946986809347,4.184530023768155e-05,0.0,0.0,0.0,0.0129871237345669,-0.0083216109298291,0.0,0.0,0.0,0.0,0.0,0.0014018133965345,0.0,-9.222056882416956e-05,0.0,-2.149938341022401e-05,0.0,0.0,0.0010406132220423,-0.0128690705010738,0.0,-0.0023945361574792,0.0,-0.0002154265743036,0.013065198591463,-0.0033802074269372,0.0,0.0003671535164756,-0.0045881262851778,0.0460460365572849,0.0,0.0,0.0,0.0,0.0,0.0,-0.0021945552093687,-1.9105762178715277e-05,2.4679328109916487e-05
0.0,0.0001307119465153,0.0012013936128352,0.0,0.0,4.3116379462868046e-07,0.0,-0.0017836012358238,8.043090958860238e-05,0.0,-0.4265702063333245,0.0,0.0016404283891612,-0.0010604556194125,0.0,0.0,-0.0006504342385699,-0.1125003136801998,-0.0229620164906989,0.0,9.717841048874308e-05,-6.221393860372654e-05,0.0013809778672558,0.0,-0.0003364695708571,-0.0201804451178979,0.0051320083117599,0.0,-0.0004924205950138,7.11386095225353e-05,-0.0009690379034008,-0.0031808714866039,0.000420130957287,-0.0351855214183275,-0.0002685439108216,0.0015267528383399,0.0051975624375298,0.0505758754022868,0.0041105127921415,7.753224333454266e-05,-9.680190913549362e-06,0.0007602906889562,0.0001033295605619,0.0015975522755952,0.0002592431533287,-0.0005639291298904,0.0,0.0,0.0,0.0,0.0004235683359526,-7.024193897731145e-05,0.0,0.0,0.0,0.0,0.0,0.0,0.0,-0.0001357972733715,0.0,-0.0011387926806751,0.0,0.0,0.0,-0.0001172561527379,-0.0012583209492943,-0.0009560392982128,0.0,0.0,0.0002962830001626,0.0,0.0,-0.0023882603590537,-0.0017086276547165,0.0008320526124469,0.0,0.0,0.0,-0.0008912919949718,0.0,0.0,-0.0001115690511496,0.0,-1.6341578950136396e-05
-0.0001756959932956,0.0029138007762486,0.0545675723900166,0.0,0.0,-0.0001239542291161,-0.0002891831403492,-0.0027140050957006,-0.0008390599084327,0.0,0.0209432862648972,-7.1945080629463e-05,0.0013026603376106,-0.0006549128357538,0.0,-0.002254461132089,-0.0105870095080589,-0.0229620164906989,-0.1356585482765442,0.0,-0.0020215733276671,0.0019299618799467,0.0060488752164449,-8.532180057345839e-05,0.0001725217397105,0.0352536597566886,0.0635444067782108,-5.584679856028135e-05,-0.0048334371611817,-0.0026855385553526,-5.624247800175308e-05,-0.003928303225846,1.4725720875538166e-05,-0.114931437607741,-0.0002225458114914,0.0183730310167325,0.0132532951247904,0.0272096901398531,-0.0032288988025813,-0.0001229063227725,-0.0005275331817381,0.0002113673894523,-0.005221659038409,-0.0224883326786238,-0.005366975774842,-0.0035925199100777,0.0,0.0,2.9266339584846883e-05,0.0,0.0237359518650487,-0.0006500987033109,0.0,0.0,0.0,0.0,0.0,0.0,0.0,0.0001378089025392,0.0,-0.0009158228176615,0.0,0.0,0.0,-0.0050733433747904,-0.0005817972578382,-0.012728646517132,0.0,0.0,0.0044264301145478,0.0,0.0,0.0005539669079406,-0.008795988136151,0.014170151730202,0.0,0.0,0.0,-9.735058095564415e-05,0.0,0.0,-0.0051115639125475,0.0,-0.000594579537913
6.956748366669715e-05,0.0,0.0,0.0637514132631879,0.0001250524333869,-0.0053215365257124,0.0001113305300971,-0.0106500510272159,0.0155572215661156,-0.0127732988953352,0.0,-0.0227583369151924,1.5866467116407725e-05,-0.0037525164373455,0.0034293341945477,0.0,0.0,0.0,0.0,0.2837638751657182,0.0,0.0003226727827689,0.0,0.0136392779293805,0.0,0.0,0.0,-0.0069007280514334,-0.0036157872767791,3.177429099180731e-05,0.0,0.0001273583903516,4.347079156150141e-05,-0.0042475291846242,0.0,-0.0060612352436874,0.0,-0.0018214660916891,-0.00012432446385,0.0001600162418704,-0.0020863415281895,2.4388633011720977e-05,-0.0002842014392138,3.6769795298790426e-05,-6.26810852465633e-06,0.0,-0.0019296923964731,0.0,0.0,0.0,0.0,0.0,0.0003141225571906,0.0,0.0,0.0,0.0,0.0024409846572109,0.0,0.0,0.0018611837899461,0.0003928298403336,0.0,-0.0004400121953574,0.0,0.0,0.0,0.0,0.000359929677925,0.0,-9.326993533352588e-06,0.0,0.0033050125082986,0.0,0.0,0.0,-0.0003609405686638,0.0,0.0,0.0,0.0,0.0,0.0,0.0,-0.0003554977208211
-2.2102728852265887e-05,0.0005413778636047,-0.1061587549113679,7.742399615393716e-05,4.396160353041917e-05,0.0052535140553671,0.0334725339429193,0.002770093014075,0.0008550878228957,0.0006134390305149,0.0004112361170498,1.225341342956747e-05,-0.0076755575219218,0.0041435500559949,7.530427381105703e-05,0.1414528894535383,-0.0319086777461088,9.717841048874308e-05,-0.0020215733276671,0.0,-0.1136453814154276,0.0325105103945638,-0.8389172426267248,0.0227686149620626,-0.0001317006741194,0.0014708516911828,0.0346304659521341,0.1695273749452144,0.008749949905421,0.0921391658411922,0.0001131167052653,2.296995904186073e-05,-0.0002115034510326,-0.0793351086272406,-0.0033817119745036,0.0349986872726586,-0.0010150019238065,-0.1020205652424539,-0.0808059723449265,-0.0053660520179646,-0.0033212897544574,-0.0001522135143622,-0.062425472932545,-0.0074634334210778,-0.0057242855203844,-0.0023901012528837,-0.0003570120534486,0.0,0.0002216073287237,0.0,0.0004864057505887,0.0,0.0,0.0,0.0,-0.0004614151890491,0.0,0.0010366534650469,0.0,0.0,-0.0015847825028842,0.0007778985169268,0.0,0.0,-0.0068944726967118,0.0,0.0,0.0,0.0,-0.009063101705661,0.0166578296399507,-0.0062598512824474,-0.0074024531920834,0.0,0.0,-0.000452630402101,-0.008311691751013,-0.0013454853960064,-0.008615668573823,0.0,0.0,-0.0009294384052573,5.717780449107365e-05,6.295972296775054e-05,-0.0453680052331928
0.0004845991934904,0.119469580597527,-0.0014614357056366,0.0010370760247723,0.0012661314455224,0.000586260450072,0.0002857238595358,0.0004819975632042,0.0423631431068186,-0.0005237458494868,0.0007081034658261,0.0028764777932271,-0.0041715433387871,0.0021958827200221,0.0091047942121636,0.0831697011519541,0.0032202097343184,-6.221393860372654e-05,0.0019299618799467,0.0003226727827689,0.0325105103945638,0.1790538318670815,0.0081349039985908,0.0642415877843464,-0.0219129923939653,-0.0037097668176674,0.0769532043520423,0.0056691618744849,0.0018563231506882,0.0135282985043221,-0.0001855570172571,0.000254207136463,0.0014437342011129,-0.0008285516685822,0.0020737100657248,0.032458548515563,0.0005083842659689,-0.0001922214294038,0.0007678919160638,0.0018484542641231,9.124604095221936e-06,0.0180293934747152,0.0363751499891179,0.0040603177880594,0.003141869921637,0.0064433676363577,0.000419651520394,0.0001982651484842,0.0001924698926942,0.0007893709924231,0.0037320915139073,-0.0006027299234184,0.0,0.0,0.0,0.0005983961765878,-0.0001255788817164,0.0242398747040598,-0.0002145011815018,-0.0002309686262052,-0.0004204843907258,-0.0032667204292644,0.0007856370789462,0.0003812977447732,0.0465491664204806,0.0031688727577611,6.674353825823445e-05,0.0009524480002164,-6.679431880910089e-07,0.0106544984425824,0.1133095993686828,0.0497463414644282,0.0250799990148535,-0.0151323922501037,-0.0001931412300636,0.0506639926396246,0.0123629302314678,0.0028197917147616,0.0074980020876262,0.0,-5.477577255269237e-05,-5.6035732208658256e-05,0.0020141535817767,0.0001046921764439,0.0189432117616746
0.007750967578992,0.0010363448919155,-0.1163616621404737,0.0001663522083588,0.0001175547579801,0.010331990062716,0.0286346253264182,0.0109981903938293,0.0016254592223033,0.0011921163428141,0.0021413767880382,0.0,0.0020367663069592,0.0235077228785658,0.0002581992212816,0.0914370454733474,0.0299319721456175,0.0013809778672558,0.0060488752164449,0.0,-0.8389172426267248,0.0081349039985908,-0.1878567943488478,-0.0304514010254719,-0.0001162897957139,-0.0134834364982616,0.1131399991072831,0.0314580927369134,0.0021277529262559,0.0743335591071179,0.0,4.659849702549811e-05,0.0053738387794119,-0.0137268239245441,0.0080804221449309,0.234084900931316,0.0384354975703641,0.0230860284190625,-0.0351643754143812,-0.0005426511025827,0.0001160350621997,-0.0007455441338935,-0.0507441069412051,-0.0601825490048334,-0.025203842769478,-0.0329788174227693,-0.0013606504662782,0.0003054426451069,7.520225255142924e-05,0.0,0.0006060423249456,-0.0168806529340673,0.0,0.0,0.0,0.0,0.0,0.0005091542469167,0.0,0.0,-0.0001890728916807,-0.00025590413007,0.0,0.0,-0.0964834527511506,-0.0020093810778899,0.0,0.0,0.0,-0.018201838418598,0.0363623839248055,-0.2505364041379101,0.0004081664411845,-7.747366883867942e-06,-0.0001366741006841,-0.1134179937155547,-0.0001735201907624,-1.7316468063343094e-05,-0.0030200859708124,0.0,0.0,-9.65222332927734e-05,-0.0011148094845866,-0.0009980800794429,0.0201204324051117
-6.157588818556228e-05,0.0043168571108612,-0.0130498113049785,0.0302769366052093,0.0015214221730861,-0.0019393128843821,-0.0039593035388404,-0.0121970934729723,0.3964548934288617,-0.0112600639176881,-9.568081656500922e-05,0.0484980479906658,-0.0018329481933302,0.0040064098547076,0.0231546256509621,-0.0101530009380759,-0.0168663730964011,0.0,-8.532180057345839e-05,0.0136392779293805,0.0227686149620626,0.0642415877843464,-0.0304514010254719,0.8497458012526545,0.0002423719430017,-0.0021844616413216,-0.1045506800223224,0.2241860706323658,0.006538908560096,-0.0388308256565613,0.0,-0.0007411469159709,0.0016264029986889,-0.0203786059127825,0.0015789786111704,-0.0596892412335862,-0.0129938557624715,-0.0191298390208924,-0.0132043421990652,0.0046395450748324,-0.0024438927379031,0.0006516829599567,0.0433158993364618,-0.0052468269622124,0.0003975195745937,-2.329057851300435e-06,-0.0042403556730611,-1.194897825413738e-05,0.000332389174706,0.000842154933215,-0.0036269058902538,-3.686898949909216e-05,0.0052947507741869,-3.636795754333516e-05,0.0003140074024865,-0.0033968926773177,-0.0010909309570348,0.1342856656149061,0.003394040060019,0.0,0.0170036228443546,0.0015702824205407,0.0002099935862683,-0.0003433683828099,0.011622863430025,0.0,0.0,0.0,-8.412764338203795e-06,0.0009037603735368,0.0532074037924975,0.0056172924169418,0.1175279557723075,-1.1268011379850932e-05,0.0,-0.0037205856907617,0.0064566061904484,0.0022683340016154,-0.0022149753282185,0.0,0.0,-0.0010901126161012,0.0012488993144391,0.0,-0.006153661261498
0.0,-0.024133496273505,0.0003550754269971,-3.670572594282636e-05,0.0,0.0,0.0,-2.408155827146017e-06,-0.0877580914831188,0.0,-0.0092428811757753,1.2760959184399828e-06,0.0104117805044238,-0.0004576008783797,-6.18482817532585e-05,-0.0019155253811396,0.0001115048898068,-0.0003364695708571,0.0001725217397105,0.0,-0.0001317006741194,-0.0219129923939653,-0.0001162897957139,0.0002423719430017,0.2096796975474267,-0.0116888569579399,-0.0084344467614683,-0.0001984365681908,-0.0007944485695813,0.0001430317948052,0.0014244193616987,-0.0006424223198713,0.0,-0.0028568810294893,0.0,0.0001132437209767,0.0057633628685865,0.0043972304320346,-5.033990237442289e-05,0.0061437198212033,5.4360977334879945e-05,0.0378897277206965,0.0013465918319701,-0.002313293056525,0.0046928534246648,0.0002776237986812,0.0004192326136223,-1.1052925574529304e-05,0.0009327672003001,0.0,0.0135772805171435,7.483881087437667e-05,0.0001082141678266,0.0,0.0,0.0,-2.020479041933553e-05,0.0026674039924597,0.0,-0.0028613198709943,-3.61935375336842e-06,-0.0512671261257029,-0.0001369822698781,3.357750720217011e-05,-5.3380422981887255e-05,0.0001203289482733,-0.0042678492314725,-0.0030891069448533,0.0,1.2719922647005724e-05,-0.0003999724406209,8.459268069783128e-05,0.000469726012714,-0.1070412227987039,-0.0092457020197828,-0.0348232142053726,-0.000171799433234,8.279372963795699e-05,9.75860955017403e-06,-0.0124516932732874,2.8795093211403597e-05,0.0,-0.0010538487372273,-5.489092736861319e-05,9.969627423509276e-06
0.0005244497638431,-0.0309308977548264,0.150363060356744,0.0,-1.3725132442315197e-06,8.992159906120466e-05,0.001142654824236,-0.0018815480212205,-0.003417435367215,0.0,-0.1047020113961377,-9.03438274996843e-05,-0.0039152405617351,-0.001251654073509,-1.984209704371156e-05,-0.0041096868625744,0.0768172675193798,-0.0201804451178979,0.0352536597566886,0.0,0.0014708516911828,-0.0037097668176674,-0.0134834364982616,-0.0021844616413216,-0.0116888569579399,0.1117379781996545,-0.0709716668010119,-4.772317923537928e-05,-0.0081148860331355,-0.0002648128422314,-0.0864519362561181,-0.00400336792859,0.0001501668586521,-0.0443449876561364,-9.267949096927268e-05,-0.0244877437995742,-0.0086297293252228,0.0298428712488848,-0.008483140654458,0.0001859855379102,-0.00042295154496,-0.0016238465027356,-0.012559645681825,-0.0432491956994667,-0.0175937297246774,-0.0089714495854981,0.0002316592256022,0.0,0.0001427037054807,0.0,0.0287051321771225,-0.0023879811059957,0.0,0.0,0.0,0.0,0.0,0.0001464996679555,0.0,-0.000584773697242,0.0,-0.0002589589087476,0.0,0.0,3.364542860599666e-05,-0.0208414667412542,-0.012194488744832,-0.0576801490674312,0.0,0.0,0.0020409668944691,0.0001883313682199,0.0,-0.0182610261216211,-0.074111886465176,-0.0524941046553695,0.0,0.0,0.0,-0.0013914654103049,-8.700096528423736e-05,0.0,-0.0092470035305102,7.165224630569692e-05,-0.0010596777426133
0.0007121053428312,0.2660150179253112,0.6457037195844535,4.585170809893992e-05,2.129298656366543e-05,-0.0002874898985741,0.0003487419042276,-0.0015513512229464,-0.0333702914114053,-9.21128223600484e-05,0.0189336841565582,-4.1764217223238906e-07,0.0449428635121132,-0.0017884431336867,0.0011259457519953,0.0239314781960254,0.1280685053895226,0.0051320083117599,0.0635444067782108,0.0,0.0346304659521341,0.0769532043520423,0.1131399991072831,-0.1045506800223224,-0.0084344467614683,-0.0709716668010119,1.173330849893553,0.0263353700506945,-0.001963287155041,-0.002527024563057,-0.0563120796925157,-0.0045963484441488,0.0003211488361725,-0.0140303846361557,0.0011049309408713,0.2009811411226356,0.0559090202935048,0.1001475161348488,-0.0332419805676465,0.0003650833417186,0.0008397911153931,0.005183106106626,0.0317567662249922,-0.0132012754811173,0.0111365365716459,0.0171492449774835,-0.0001733344146219,-4.73323993520001e-05,0.0008647316247882,0.0,0.1437401848673602,0.0104537864305285,0.0,0.0,0.0,0.0,0.0,0.001805270747436,0.0,-0.0005275614743501,0.0,-0.0046705549928287,0.0,0.0,0.0298172435552362,-0.0329688548625156,0.0063992123090857,-0.0106382931660181,0.0,-0.0014201872019705,0.1353762126359596,-0.0023059696442096,0.000967923006769,-0.0123228733160775,0.0632493622985669,0.4545807176724339,0.0002554280419377,7.603195140413948e-05,-0.0002695069165281,-0.0003280490389656,0.0,0.0,0.0022032671508213,0.0001195955153537,-0.0035810192976766
-0.0008635020739067,-0.0015613924857015,-0.0176433000834748,-0.0464348307434469,0.0007931257072406,-0.029301724691124,0.285751521749869,-0.0191038817360161,0.0712143678680585,-0.0593877053165566,-0.0001413316450175,-0.0019744099775959,-0.003109050256581,-0.0014198501662158,0.0085722362709136,0.0106292290893582,-0.0049219255018838,0.0,-5.584679856028135e-05,-0.0069007280514334,0.1695273749452144,0.0056691618744849,0.0314580927369134,0.2241860706323658,-0.0001984365681908,-4.772317923537928e-05,0.0263353700506945,1.1141856440499611,0.0008156454173129,0.0416385161440643,0.0,0.0001849575961817,-0.0181192509122414,-0.0485931669558539,-0.0004704731037851,-0.004144099705961,0.0001182261754119,-0.0398527550733621,-0.0260993446230667,0.006163291939635,-0.0081395989859661,0.0002608126182795,-0.0057049596140518,-0.0014931175975527,-0.0013663893268536,0.000560428314041,-0.0070008866605417,0.0,-2.5978897500903767e-06,0.0,0.0001815983012892,0.0,3.0349830874757034e-05,0.0,0.0,-0.0005198048023743,0.0,0.0571768657888509,0.0,0.0,-0.011611071930412,0.0040961117128468,0.0,2.754575731209212e-05,0.0011969186696424,0.0,0.0,0.0,0.0003046809196311,7.571055174911984e-05,0.0059926581345026,-0.0010068805549022,-0.0306702785248626,0.0,0.0,-2.8981704722292318e-05,-0.0090028018333105,-8.646305514515654e-05,-0.002893562161156,0.0,0.0,0.000279060055136,0.0002645092769634,0.0,-0.0052072713953809
0.0128961796471488,0.0017374372144834,-0.002288338317192,-0.0049142371307297,-0.0001686134127626,0.0124967438074058,-0.0029826951230197,0.0040884933825783,0.026417895223693,0.0088898707283117,0.0067383090909522,-0.0010439773792804,-0.0022514011360261,0.1326085582824563,0.0022279165309888,-3.140267746078031e-05,0.0371502068933972,-0.0004924205950138,-0.0048334371611817,-0.0036157872767791,0.008749949905421,0.0018563231506882,0.0021277529262559,0.006538908560096,-0.0007944485695813,-0.0081148860331355,-0.001963287155041,0.0008156454173129,0.878702392428962,-0.0310818281570748,0.0007062763219929,0.0303457568562393,0.1388576297060926,0.2185413564197068,0.0004821289988015,0.0200073978070128,0.002784661337073,0.024707652441872,-0.0036427658346574,0.0008333048259789,0.000725054751933,0.0018032727489785,-0.0038219078806282,-0.0005283653814489,-0.0002332996220958,0.0005264393577412,0.0,0.0001293620250445,-0.0003705454349631,0.0,0.0012601542648574,0.0,0.0,0.0,0.0,-4.385714579239793e-05,0.0,0.0219240617327573,0.0,3.265485768791232e-05,-0.0003908934293749,8.949272504659384e-05,0.0,0.0,4.7878039964570825e-06,0.0,0.0,0.0,0.0,-0.000774486362502,0.0007655093878841,0.0,-0.0008120041477994,0.0003529314165446,0.0,0.0002807498612351,-0.0010070866662877,-0.0003386940515998,0.0002727787894715,0.0,0.0,-0.0001910550215654,-6.723076776899037e-05,2.9062071960426794e-05,0.0040402708445614
0.0533591922046262,-0.0001318164214571,-0.0009830172799716,-0.0008740584450218,2.4782028317569448e-05,0.0039839223206126,0.35637257569476,0.003149244169823,0.0205515302496265,0.0002700465937504,-0.0005783366350525,0.0001223789258983,0.0001180264872706,0.0375125176380737,0.0025115132779472,0.0005223567165182,-0.0298238984547984,7.11386095225353e-05,-0.0026855385553526,3.177429099180731e-05,0.0921391658411922,0.0135282985043221,0.0743335591071179,-0.0388308256565613,0.0001430317948052,-0.0002648128422314,-0.002527024563057,0.0416385161440643,-0.0310818281570748,0.1933451952705964,0.0,0.0007842420932433,-0.0083278006992486,-0.0128592199427579,0.0038388888668866,0.1536066903577195,0.0095413990654946,0.0024458735585676,-0.0032386712596652,-0.0008973419266866,-0.000765311417504,0.0001798063711857,-0.0332580961326018,-0.0047931695768402,-0.0011463551426671,-0.000493666864945,-0.00116846083242,0.0,0.0004277046784492,0.0,0.0002247817321368,0.0,-0.0005021662644819,0.0,0.0,0.0005056349048228,0.0,0.0391203119138385,0.0,0.0,-0.0062117559328978,0.0034861019893935,0.0,0.0001703257195704,-0.0009209403844337,0.0,0.0,0.0,0.0,-0.0011750106179209,0.0079228573813943,-0.0004566606022593,-0.0045004583015968,3.487297557719453e-05,0.0,-0.0001257216126974,-0.0092466684220736,-0.0024246402376703,-0.0017187191479456,0.0,0.0,-0.0009698552855836,-4.447790491493411e-05,-9.193519896083894e-05,0.0137260667510953
0.0,-0.0002696417484861,-3.302938260887446e-05,0.0,0.0,0.0,0.0,-0.0001832266995322,-0.0005628740781903,0.0,-0.0233398108976546,0.0,0.009406509432709,-0.0001291586086619,0.0,0.0,0.0,-0.0009690379034008,-5.624247800175308e-05,0.0,0.0001131167052653,-0.0001855570172571,0.0,0.0,0.0014244193616987,-0.0864519362561181,-0.0563120796925157,0.0,0.0007062763219929,0.0,-0.0367616246871068,-0.0003080341683151,0.0001867826176386,-0.0018490041090412,0.0,-0.0009051490833645,-0.0118314813655712,0.0116880065465129,-0.0005766656737585,4.663440434500032e-05,-7.761861219882427e-05,0.0002235603707235,0.0002496506711665,0.0030669783196057,0.0023464463128351,0.0005660975350253,0.0,0.0,0.0002956884237103,0.0,0.0017845736189376,5.572819518688755e-05,0.0,0.0,0.0,0.0,0.0,7.169785569691595e-05,0.0,0.0002675623528282,0.0,-0.0076706712120653,0.0,0.0,0.0,0.0,-0.0015848571319106,0.0001322143826014,0.0,0.0,0.0,0.0,0.0,-0.0110705600858866,-0.0078795627898247,0.0089028335031777,0.0,0.0,0.0,0.0001188701099368,0.0,0.0,-0.0002061453279182,0.0,7.547733251566615e-05
-0.0002350148757247,-0.0002764363800028,-0.0006135891403404,-0.0001350338990619,0.0214106916775052,-0.060777496024949,-0.0007241172645103,-0.0721788136843285,0.0060834171513568,0.0002633668970894,-0.04775191213004,-0.0004363784057604,-0.0142102530538692,-0.0244072927632798,0.0009848091297892,-0.0004965059041354,-0.0005923266002003,-0.0031808714866039,-0.003928303225846,0.0001273583903516,2.296995904186073e-05,0.000254207136463,4.659849702549811e-05,-0.0007411469159709,-0.0006424223198713,-0.00400336792859,-0.0045963484441488,0.0001849575961817,0.0303457568562393,0.0007842420932433,-0.0003080341683151,0.0156435821748503,-1.0227792869431878e-05,0.0250997312994155,2.0169635564701592e-05,-0.015364793478347,0.0006692067708336,0.0029955840527001,-0.0038384407369917,0.0325146044303945,0.0121906504562781,-0.0037507704335017,2.3675240543209428e-05,-0.0008963736487243,-0.0013032633011584,0.001520277222386,-3.0622267585746955e-05,-0.0002032372177117,-0.0014031313052343,0.0,7.530622576567261e-05,0.0,0.0,0.0,0.0,0.0,0.0,-0.0007265455088078,0.0,0.0,0.0,-0.0009183012595027,0.0,0.0,0.0,0.0,0.0,0.0,0.0,0.0,1.7248174688320848e-05,0.0,0.0,-0.0004084317201359,-1.0691266743793276e-05,0.0004357393050068,0.0,0.0,0.0,0.0,0.0,0.0,0.0,0.0001756614948114,-0.0025749425190959
0.0010766606281546,0.0001455765373824,-0.0013502566940465,-0.0006590337094796,-0.0001358461410874,-0.0001609017390465,-0.005983593244486,-0.0019000366457427,0.005264313096783,0.0005678350721235,0.0012888106246604,4.449649207415656e-05,0.0004490791734805,0.0022411063570484,0.0006422221327967,9.242854185396158e-05,0.0056359244771769,0.000420130957287,1.4725720875538166e-05,4.347079156150141e-05,-0.0002115034510326,0.0014437342011129,0.0053738387794119,0.0016264029986889,0.0,0.0001501668586521,0.0003211488361725,-0.0181192509122414,0.1388576297060926,-0.0083278006992486,0.0001867826176386,-1.0227792869431878e-05,0.0092307588485429,0.0185445562474332,0.0010655457579755,0.0036784044083379,0.0001568862162982,0.0032851220164457,-0.0015275607706962,9.156352082664156e-05,-0.0003814633551123,0.0002018496185095,0.0009853222203166,3.294395799313767e-05,-0.0004613027607552,0.0,0.0001026330977006,0.0,0.0003273363117253,0.0,0.0,0.0,0.0,0.0,0.0,0.0,0.0,0.0039932211309884,0.0,0.0,-0.000609984840942,0.0006220492871921,0.0,-5.726073081950125e-05,-0.0001516988095031,0.0,0.0,0.0,0.0,1.2230287729969396e-05,-0.0002725189702738,0.0,0.0018536359943897,0.0,0.0,0.0,5.51424782546327e-05,0.0,-9.505459232721404e-05,0.0,0.0,0.0,0.0,0.0,0.0008896179442503
0.0008672719750763,0.0036507572535617,0.0095456927529421,-0.0069218659012723,-0.0172573946985088,0.0063569098682565,-0.017306585119268,0.0022833673664488,0.0130560989782603,0.0091221230465629,-0.2481997789556503,0.0111493530432333,-0.0426119764540066,0.0132245762772425,0.0002285215747428,-0.0063765590004158,-0.1032207810400125,-0.0351855214183275,-0.114931437607741,-0.0042475291846242,-0.0793351086272406,-0.0008285516685822,-0.0137268239245441,-0.0203786059127825,-0.0028568810294893,-0.0443449876561364,-0.0140303846361557,-0.0485931669558539,0.2185413564197068,-0.0128592199427579,-0.0018490041090412,0.0250997312994155,0.0185445562474332,-0.0343649893268622,-0.0036774047931017,0.0106633108485595,0.0035240352729912,0.0029352335645419,-0.0107789528446725,-0.0012229250853276,-0.0012500336364507,-0.0122691361401555,-0.0067800619586548,-0.0191372818836735,-0.0057639429606001,-0.0048849552136635,-0.0002312673063335,0.0001346046371489,-0.0005315012184458,0.0,0.0168818456130212,-0.0041554105522261,0.0,0.0,2.670874120028792e-06,-0.0001649146456458,-1.840990242944432e-05,0.0321053934283962,0.0,-0.0003287156176912,-0.0007886505311606,-0.0012984865054919,0.0,0.0,0.0006242220728802,-0.0080310898701785,0.0001501910761229,-0.004492257573857,1.982299775347407e-05,-0.0006697686637261,0.0080027146581827,-0.0063069803393528,0.0031890855926164,-0.0037513480180907,-0.009094666751315,0.0270371440608114,9.567385998832158e-05,2.3243306875505107e-05,-0.0005784473440414,-8.045454764275604e-05,0.0001365500250422,-0.0001601097220327,-0.0028003683764464,0.0001712946718981,-0.005173490492505
0.0,0.0004957197300481,-0.001308213077458,0.0007247722872459,9.398838696796271e-05,-0.0081555698077833,0.0047432250896528,-0.0006458645436786,0.0041723087492981,0.0031597500548769,-7.8399786526079e-05,-0.0210341171755155,0.0061740186876443,0.0002123577833264,-0.0326887077377993,0.0002338019705926,-7.310019246944097e-05,-0.0002685439108216,-0.0002225458114914,0.0,-0.0033817119745036,0.0020737100657248,0.0080804221449309,0.0015789786111704,0.0,-9.267949096927268e-05,0.0011049309408713,-0.0004704731037851,0.0004821289988015,0.0038388888668866,0.0,2.0169635564701592e-05,0.0010655457579755,-0.0036774047931017,1.5798929747084345,0.108196520165904,0.0055497836679757,0.0114109653981602,0.0446192767676712,0.0042854242692965,0.0030205798193748,-0.0002455345087779,0.0244250593123574,0.0055664682076235,-0.0004334940708868,0.0342377924160373,0.0006541469433736,0.0011161273885083,-8.281971665444452e-05,0.0,0.0001898692310434,5.7154186108473774e-05,0.0,0.0,0.0014781016574196,0.0,0.0,0.0028850713386401,0.0,-4.497923334112268e-05,0.0012435448524481,0.0001628036442839,0.0,-0.0005451938264296,0.0,-2.3258364555636302e-05,-0.0002679049376287,8.034931243128616e-05,0.0,-0.0001708286156853,0.0008889748349456,-4.012021597340358e-05,-4.784661912847772e-06,0.0,3.2279684946922886e-06,-0.0001074865242116,6.774796443273477e-06,0.0,0.0001964719021749,0.0,6.675454762204769e-05,0.0,-1.2263144589476496e-05,0.4930822103842117,1.0730640702746743
0.0001343658638311,0.0402251479175742,0.0298876954073249,0.0033686561382311,0.0009443872206391,0.0259733137247726,0.030396588601074,-0.0161790544066987,0.0826262290564392,0.1183235465555822,0.0037960357224285,0.0259903269411305,-0.0250090618417405,0.0089699698768884,0.0060235049715385,0.0093826326536942,0.0147658645534975,0.0015267528383399,0.0183730310167325,-0.0060612352436874,0.0349986872726586,0.032458548515563,0.234084900931316,-0.0596892412335862,0.0001132437209767,-0.0244877437995742,0.2009811411226356,-0.004144099705961,0.0200073978070128,0.1536066903577195,-0.0009051490833645,-0.015364793478347,0.0036784044083379,0.0106633108485595,0.108196520165904,0.0958517751335229,-0.0258934857867629,0.017605506892173,-0.0172341537471794,0.0554556141041651,-0.0104752535142667,-0.0097369392251822,-0.0070463390382766,-0.0378038966932484,-0.0171489990527255,-0.010852986723264,-0.0082135168741678,-0.0014173092120142,-0.0028767399966506,0.0,0.0669460231283248,-0.0181652017649964,-0.0056665291197282,-5.177201684946323e-05,-0.0002469588893704,-0.0013961136783271,-0.0001945311116131,0.1550131280942238,-0.0117508062217973,-0.0003087619416953,-0.0200108794225177,0.0035250070596556,5.0377413456453206e-05,-0.0010510928486881,0.0077078186144982,-0.0117220318335597,-1.3345607928939994e-05,-0.0020192054645328,-0.0021949573458859,-0.0017988932157267,0.0554403280495598,-0.0299284186988093,0.0529443242643395,0.0002357365632249,0.0018137032198435,0.0934832711905655,-0.0096095113660855,-0.0030695880151102,0.0013568710098296,0.0003619619747422,2.069724350996761e-05,-0.0014334498093835,-0.0046923738728964,0.0315332826713358,0.0551620930429105
0.0013127453225174,-6.776250557173119e-05,0.0030200154200078,6.026427661831178e-05,0.0001525591753019,0.0005539197684155,3.708725652156117e-05,-0.0003334207395666,0.0001354914534752,-0.0001302754100394,-0.0274304604438606,-0.0003065468362362,-0.0081555819827064,0.006018280075722,0.0006505002000835,-0.0022636409345358,0.0035591993406586,0.0051975624375298,0.0132532951247904,0.0,-0.0010150019238065,0.0005083842659689,0.0384354975703641,-0.0129938557624715,0.0057633628685865,-0.0086297293252228,0.0559090202935048,0.0001182261754119,0.002784661337073,0.0095413990654946,-0.0118314813655712,0.0006692067708336,0.0001568862162982,0.0035240352729912,0.0055497836679757,-0.0258934857867629,0.0090373347519416,0.0174528515597259,-0.0486833613108566,0.0012271516742758,-0.0004718727767508,0.0093827415126526,-0.0082062892023965,-0.0023955821997964,-0.0002398961470543,-0.0030518353110057,-0.0003298061674922,-0.000638445911173,0.0005100164094214,0.0,0.0170706240710794,-0.00388256301326,0.0,0.0,-8.302985444929583e-05,0.0,-2.725149993025416e-05,0.0024206865991987,0.0,0.0019065116019669,-0.0002899421310319,0.003853391571261,-0.0001361459784842,0.0,0.0013129677743206,-0.0078624963227511,-0.0006861119920824,-0.0014386922395679,0.0,-0.00068931612791,0.0066687595017926,-0.0055371121520135,0.0019159134409417,-0.0029543900705707,0.0153290446473309,0.0283667357252227,0.0007103276445378,-3.896964457389452e-05,-0.0023086910572822,0.0059798603795654,0.0004433896812956,-2.944917147495685e-05,0.0007362596399554,-0.0067290428553751,-0.0186102294751578
0.0010882090755542,0.0060569407414805,0.0073368036350898,-0.0026656059555822,-2.2633640497344596e-05,0.0156433725633793,-0.014201534979362,0.0063519683179779,0.0067654103048251,0.021049615336138,0.1059999856003658,0.0078608226406127,0.0169213711551982,0.0057928219974512,0.0008921604861981,-0.0003726936043146,0.0063608811388883,0.0505758754022868,0.0272096901398531,-0.0018214660916891,-0.1020205652424539,-0.0001922214294038,0.0230860284190625,-0.0191298390208924,0.0043972304320346,0.0298428712488848,0.1001475161348488,-0.0398527550733621,0.024707652441872,0.0024458735585676,0.0116880065465129,0.0029955840527001,0.0032851220164457,0.0029352335645419,0.0114109653981602,0.017605506892173,0.0174528515597259,0.0593079341382591,0.034782424620621,0.0041436735398242,0.0045299659527306,0.0252740715449023,-0.0236569754117905,-0.0093415270278163,-0.0140381931777598,0.0013754501432118,0.0009804178580443,-0.0020067406848422,-0.0075811317055773,0.0,0.0272006808957281,-0.0036915494501288,0.0,-2.1732756886540677e-06,-0.00045744957999,-0.0001452656964338,-0.0001717233512649,0.0143108445552632,0.0,0.0008510402152008,-0.0018944895583374,0.003330683658429,-0.0006709090329103,-0.0001838278501395,-0.0019987341008108,-0.0071444864697252,0.0027200021704257,-0.0012579076298517,0.0,-0.002764743126094,0.0080532094850791,-0.0176878102287807,-0.0012537535395481,0.0089805225198268,0.012993324638436,0.028930982398805,-0.0013531200748704,6.763695763214209e-06,-0.0006977877260509,0.003045083581642,-8.96732315019943e-06,-9.246108307444916e-05,-0.0007008091374765,-0.0035313941338078,-0.0027570456821466
1.284688330112081e-05,-0.0027088129752526,-0.0123613989198935,-0.002019399600357,1.2690087941693113e-05,0.0016406052805635,-0.0219832792951002,-0.0024298139713805,0.0036172124946422,-0.0013625967267055,0.0037751206443126,0.0015568467277658,-0.0112439326777462,-0.002360201284202,-0.0007170867497875,-0.0007278616190065,-0.0018154868861255,0.0041105127921415,-0.0032288988025813,-0.00012432446385,-0.0808059723449265,0.0007678919160638,-0.0351643754143812,-0.0132043421990652,-5.033990237442289e-05,-0.008483140654458,-0.0332419805676465,-0.0260993446230667,-0.0036427658346574,-0.0032386712596652,-0.0005766656737585,-0.0038384407369917,-0.0015275607706962,-0.0107789528446725,0.0446192767676712,-0.0172341537471794,-0.0486833613108566,0.034782424620621,-0.0036521040848662,0.0037492378991893,-7.70645107085364e-05,0.0024240747091572,-0.0084257541264073,-0.0129354271335694,0.0024879746977547,-0.0055949673353252,0.000617886787425,-0.0003052699065121,0.0007890393327116,0.0,0.0092096434210036,-0.0067391671939792,0.0,0.0,-0.00056663452714,0.0,-0.000178731483015,0.001066140124691,0.0,0.00042875205992,-0.0011108215560822,0.0024221390444898,-0.0003916765666661,0.0002135350650073,-0.0015274539813761,-0.0040843393117391,-0.0008131561691761,-0.0022211305157383,0.0,-0.0014828325763336,0.0066263578378499,-0.0102553660363575,0.0013582962189466,0.0005183470467556,-0.0041327407767334,0.0008351486520859,0.000180555406721,3.228188503136282e-05,-0.0003141296210667,6.346656233497643e-05,-0.0006055157608221,-0.0001937898396352,-0.0005340650374003,0.0121831847784207,-0.0360450257891812
0.0,-0.0004932511870221,-0.0005831397889663,0.0188958882740507,0.0044882901074834,-0.0140169615374024,-0.0044401834241802,-0.0126592209273355,0.0183750492849796,-0.0141108322014893,-0.0015853259876733,0.0241543666466412,0.0101289932459447,-0.0011653540390749,-0.0044887049103579,0.0003328304036299,0.0001561206027846,7.753224333454266e-05,-0.0001229063227725,0.0001600162418704,-0.0053660520179646,0.0018484542641231,-0.0005426511025827,0.0046395450748324,0.0061437198212033,0.0001859855379102,0.0003650833417186,0.006163291939635,0.0008333048259789,-0.0008973419266866,4.663440434500032e-05,0.0325146044303945,9.156352082664156e-05,-0.0012229250853276,0.0042854242692965,0.0554556141041651,0.0012271516742758,0.0041436735398242,0.0037492378991893,0.0443586531569192,-0.0063830392464228,0.0033886863725291,-0.0301704835322246,-0.000366435308053,-0.0110464245621586,0.0034590953516098,-0.0216814592324417,-0.0009290401382242,0.0019977187789707,-0.0003435969277022,-3.124281926280875e-05,-0.000573922732914,-0.01947303139117,-0.0002232670745933,-0.0016771241380497,-0.0036489615603872,5.540224916757887e-05,-0.0007730062915875,-0.0318903428617062,-1.8714264283628949e-06,-0.0746348797458157,0.0132384353863493,-0.0003942623765175,-0.0020775285261979,0.000271699486029,0.0,0.0,0.0,-0.0108536142227578,-0.006420767338054,0.000306825274727,0.0010981658429929,-0.0419102802005854,0.0001384256424615,-4.9460845358287655e-05,0.0001568876023045,-0.0250273983203955,-0.0021093536533462,-0.0179059656773586,0.0,2.2985230398654464e-05,-0.0020391574427395,-0.0017755670070564,0.0030124587400205,0.0001255387471505
-0.0001328945889931,0.000221148158337,-0.0004781419173475,-0.0014990012628932,-0.000215239958755,3.8000468621943166e-05,-0.0029932642061839,-0.0028221921432448,-0.0010626996982759,-0.0020106340575533,0.0002435078513257,-0.0040548070101647,-0.0142083550844025,-0.0018060186250322,-0.0003932069711398,-0.0002592134273758,-7.510473987776573e-06,-9.680190913549362e-06,-0.0005275331817381,-0.0020863415281895,-0.0033212897544574,9.124604095221936e-06,0.0001160350621997,-0.0024438927379031,5.4360977334879945e-05,-0.00042295154496,0.0008397911153931,-0.0081395989859661,0.000725054751933,-0.000765311417504,-7.761861219882427e-05,0.0121906504562781,-0.0003814633551123,-0.0012500336364507,0.0030205798193748,-0.0104752535142667,-0.0004718727767508,0.0045299659527306,-7.70645107085364e-05,-0.0063830392464228,-0.0066263587874617,-0.0039982440410529,-0.0001491070745462,-0.0001527298152996,-0.0020755231623467,0.00077392366397,-0.0005405731126131,-8.391099162045568e-05,-0.0011375626936488,0.0,0.0002318009502044,-1.1343093508619067e-05,0.0,0.0,-8.832124172377471e-05,0.0,-0.0003527289019937,0.0035066373593851,0.0,-2.7678874715408072e-05,-0.0008295579909738,-0.0007481312961642,0.0001533787315687,0.0,1.287242088967002e-06,0.0,0.0,0.0,0.0,0.0,0.0003292327696468,0.0004978153817861,-6.224720141256726e-05,-0.0002191496047169,-2.7868239349641396e-05,-2.719921517614801e-05,0.0,0.0002439980251986,0.0,-5.1811263387249154e-05,-7.818166224811509e-05,0.0,0.000351280697571,0.001113730331992,0.0004154525443343
0.0,0.0510436900219019,1.0601370426255129e-05,0.0002476641697262,-9.814706070165908e-05,0.0008493473217574,0.0005921627873494,-0.0015154772660637,0.0010152400760848,-4.596542130293729e-05,-0.0418489377009651,3.846169823469689e-05,-0.0291496218655263,-0.0001527181172079,-8.236700535531465e-05,2.6781565515312787e-05,3.667468959619029e-05,0.0007602906889562,0.0002113673894523,2.4388633011720977e-05,-0.0001522135143622,0.0180293934747152,-0.0007455441338935,0.0006516829599567,0.0378897277206965,-0.0016238465027356,0.005183106106626,0.0002608126182795,0.0018032727489785,0.0001798063711857,0.0002235603707235,-0.0037507704335017,0.0002018496185095,-0.0122691361401555,-0.0002455345087779,-0.0097369392251822,0.0093827415126526,0.0252740715449023,0.0024240747091572,0.0033886863725291,-0.0039982440410529,0.018017636542284,-0.0004070145345399,0.0045039660042992,-0.0054187635645192,0.001527250282393,0.0001057363391567,-0.0006797241547353,0.0010966047271776,0.0,0.0028919906772444,0.0,0.0,0.0,-6.174311963949357e-05,-4.65691377067503e-05,-9.954181900815356e-05,-0.0004047469794517,0.0,0.0034457120537036,-0.0003024722914781,0.011749381083871,0.0003812206725203,3.333945279025383e-05,0.0,0.0,0.0005286458374475,-0.0001438598456064,0.0,1.2717902624343812e-05,-4.27987925126045e-05,-0.000125131649392,-0.0008699799166065,-0.0090996481637341,0.0008467858599245,-0.000836605901176,4.350475762838396e-05,0.0003054198933903,-0.0003953670133863,0.0011395069657403,-0.0004612971655395,-0.0001171729510077,0.0008124338317951,-0.0001227739367933,-5.4574798739915886e-05
0.0,0.0202728361184639,-0.0318492321196293,-0.0006517925779009,4.649600602370021e-05,-0.0001725240358055,-0.0031159660184135,-0.0005229704829064,0.0604678445756427,-0.0026487450922129,0.000866750379529,-0.002550505606952,-0.0023672471118741,-0.0001473117445611,0.0016629880268386,0.0295346162498691,-0.0145059385918898,0.0001033295605619,-0.005221659038409,-0.0002842014392138,-0.062425472932545,0.0363751499891179,-0.0507441069412051,0.0433158993364618,0.0013465918319701,-0.012559645681825,0.0317567662249922,-0.0057049596140518,-0.0038219078806282,-0.0332580961326018,0.0002496506711665,2.3675240543209428e-05,0.0009853222203166,-0.0067800619586548,0.0244250593123574,-0.0070463390382766,-0.0082062892023965,-0.0236569754117905,-0.0084257541264073,-0.0301704835322246,-0.0001491070745462,-0.0004070145345399,0.0959636083971318,0.2457592097051673,-0.021337533077869,-0.0075087909696173,0.0013699556069217,-0.0373053891035525,-0.0052178222002079,0.0001613554986103,0.0097954837988797,0.066587543939014,-0.0179554890442479,-0.0036910746570148,-0.0179274789569017,0.0100573461928924,-0.0431662041127766,0.0941118088746914,0.0118778582225285,-0.0072397474627271,-0.0094803165406438,-0.0109288738904373,-0.0100297716223097,0.0017143892484266,0.0199291074814077,0.0179461012415169,-0.0106848508838954,0.0121562445829396,-0.00486557770285,-0.0037279058688163,0.0378716541991208,0.2916603502914626,-0.0173510251285333,-0.0002435321404412,0.0587723089362386,0.2152418040339933,0.0381636224190811,-0.0010615002283119,-0.0115126317198996,0.0048586969204771,-0.0121286234103616,-0.0002679743301239,0.0076358738590781,0.0810980531841114,0.0681236147168041
-3.836010539021133e-05,0.0084936643444897,-0.0517724670545987,0.0,0.0,-0.0004760957762274,0.0001927219049676,0.0001965956432887,-0.0010552586665489,0.0,0.0049369503876821,-4.579219896676859e-05,0.0061404866127335,-9.466426936037568e-05,-3.102309337389295e-05,0.0093699180591079,-0.020621384181965,0.0015975522755952,-0.0224883326786238,3.6769795298790426e-05,-0.0074634334210778,0.0040603177880594,-0.0601825490048334,-0.0052468269622124,-0.002313293056525,-0.0432491956994667,-0.0132012754811173,-0.0014931175975527,-0.0005283653814489,-0.0047931695768402,0.0030669783196057,-0.0008963736487243,3.294395799313767e-05,-0.0191372818836735,0.0055664682076235,-0.0378038966932484,-0.0023955821997964,-0.0093415270278163,-0.0129354271335694,-0.000366435308053,-0.0001527298152996,0.0045039660042992,0.2457592097051673,0.0306810369183501,0.0645758975441768,-0.0160154347085352,0.0026141228190742,-0.0007400627917692,0.0141697017604506,-0.000188818161296,0.0026410603570051,0.0463096721237348,0.0,-4.4715490786209634e-05,-0.0022321695965628,-0.0050508465215309,-0.0101872211900455,-0.0015850865670385,-0.0014650293996086,-0.0611462460115239,0.0012595406570152,0.0130741462246873,-0.0021539954361169,1.2266935387274272e-05,-0.00828984488768,0.0038831730850594,-0.0755117678745807,-0.009363058238546,0.0,-0.0612275491514064,0.0104451039883605,0.0876415718943344,-0.0092917723763549,-0.0095883806580841,0.0060869595268824,0.0535397781318714,-0.0110036271934027,0.0008652415572417,0.0005245795041381,-0.0071581195446022,-0.0017906944938052,-0.0002954688285366,0.0029218179477716,0.0077469634349452,0.0080313538454853
0.0,0.0076723449014268,-0.0153131148006535,-0.0004414082649518,0.0,-0.0003573898031631,-0.0001851892504089,-0.000182979315886,0.0127894682624992,0.0,-0.0011896208302279,-0.0004189093493367,0.0083260510277568,-0.000625652305257,3.336437128371549e-05,0.0063191638673248,-0.0043925232600179,0.0002592431533287,-0.005366975774842,-6.26810852465633e-06,-0.0057242855203844,0.003141869921637,-0.025203842769478,0.0003975195745937,0.0046928534246648,-0.0175937297246774,0.0111365365716459,-0.0013663893268536,-0.0002332996220958,-0.0011463551426671,0.0023464463128351,-0.0013032633011584,-0.0004613027607552,-0.0057639429606001,-0.0004334940708868,-0.0171489990527255,-0.0002398961470543,-0.0140381931777598,0.0024879746977547,-0.0110464245621586,-0.0020755231623467,-0.0054187635645192,-0.021337533077869,0.0645758975441768,0.0411042966844385,0.0241000107526818,-0.001634110698304,-0.0050107394224365,0.0559648211395964,-0.0040313967291582,0.0084672945594106,0.0051613845058016,-0.0119027752294571,-1.0798154589307202e-05,-0.0101345113618179,0.0069830716125458,-0.0653054071631226,0.0196300935336652,-0.0030700825388728,0.0193059199515955,-0.0119864540158923,0.0847344574138142,-0.0166264771708979,0.0007170807292023,-0.0058466288888389,-0.0022833477767651,-0.0580332451322862,-0.0226185656019879,-0.0034243221605471,0.0294388127654181,-0.0007992046555308,0.0371770613694941,-0.0426395672879932,0.0035428811314722,0.0142355466627198,0.0460543675797103,-0.0285990882826259,-0.0277394200902085,-0.0233869558344145,0.0461167613627414,-0.0047447262590194,-0.0139343670941006,-0.0122598473448725,0.0035309405767227,-0.0292156135871292
0.0,0.0074886753395682,-0.0119705618994599,0.0,0.0,-1.993458732384241e-05,0.0,0.0005169980807523,0.0003059029739916,0.0,-0.0004894826547964,0.0003940577937012,0.0024544137870288,0.0003404701058654,3.180564744826998e-06,0.0073124505902177,-0.0042946986809347,-0.0005639291298904,-0.0035925199100777,0.0,-0.0023901012528837,0.0064433676363577,-0.0329788174227693,-2.329057851300435e-06,0.0002776237986812,-0.0089714495854981,0.0171492449774835,0.000560428314041,0.0005264393577412,-0.000493666864945,0.0005660975350253,0.001520277222386,0.0,-0.0048849552136635,0.0342377924160373,-0.010852986723264,-0.0030518353110057,0.0013754501432118,-0.0055949673353252,0.0034590953516098,0.00077392366397,0.001527250282393,-0.0075087909696173,-0.0160154347085352,0.0241000107526818,-0.0067689782564683,0.0059255321218013,-0.0017440290874401,0.0047953546584229,-0.0048434615166697,0.0032204739938524,0.0186701297710928,-0.0016540766189619,-0.0001051027736292,-0.0078706579787067,-0.0019865107941247,-0.0703221660667335,0.0045391981853934,0.00075966657181,-0.0064611833632125,0.0004716940438718,0.0040784719868513,-0.0287134270776917,0.0002862269567777,-0.008306719266671,0.006473940486926,-0.0280841402764103,-0.0084069661104444,-0.0001738989848575,-0.0205137817714574,0.0035061523728593,0.050390465565953,-0.0139438305096976,-0.0028280085166991,0.0007055147099709,0.0357373914763275,-0.0152083704419417,-0.012319065909582,-0.0090665844733175,0.0043194245097891,0.0028860297780592,-0.0030348161216436,-0.0040191782518525,-0.0133166669077498,-0.0532795772764867
0.0,0.0002261089848245,-3.5926247784105105e-05,-0.0088911492926085,-0.0001350332057235,-0.0018442726030613,0.0001374847984926,1.399459807808842e-05,0.0096798017081168,-0.0140305989925794,0.0,-0.0081253023283321,-0.0004600851743662,0.0,-1.053805261305526e-05,0.0003010413220887,4.184530023768155e-05,0.0,0.0,-0.0019296923964731,-0.0003570120534486,0.000419651520394,-0.0013606504662782,-0.0042403556730611,0.0004192326136223,0.0002316592256022,-0.0001733344146219,-0.0070008866605417,0.0,-0.00116846083242,0.0,-3.0622267585746955e-05,0.0001026330977006,-0.0002312673063335,0.0006541469433736,-0.0082135168741678,-0.0003298061674922,0.0009804178580443,0.000617886787425,-0.0216814592324417,-0.0005405731126131,0.0001057363391567,0.0013699556069217,0.0026141228190742,-0.001634110698304,0.0059255321218013,0.0402914012620561,-0.0094766095696719,0.0042384859263326,0.0005671000904463,0.0003298856364333,0.0014719854395758,-0.0139547070439995,-0.0685977658455913,0.0097835145237662,0.0001443897049343,-0.0125337843103318,0.0114395463565629,0.0102206044241208,-0.0027350513596409,-0.0427593593036997,0.002505864498108,0.004794770046615,-0.0241406442791079,-0.0005032052435168,-0.0001354519781438,0.0002245071415583,-0.0004230171202429,-0.0053586613546219,0.0043475051975448,0.0097840993837359,0.0103903042177331,-0.0017575873782488,-0.0001536124431498,6.795448981501339e-05,-0.0006870604323097,0.0044260441187095,-0.0007511817846923,-0.0002989124982992,0.0005192766801744,-0.0200074873072185,-7.574038321309695e-05,-0.0036903514398347,0.0063292964823518,0.002161430926861
0.0,6.809115145108591e-05,-0.000150581422338,-0.0001544707817727,0.0,0.0,0.0,0.0,0.0024201122948971,0.0,-7.761986424850381e-05,-0.0001160234813269,-0.000327408307935,0.0,0.0,0.0004105746524531,0.0,0.0,0.0,0.0,0.0,0.0001982651484842,0.0003054426451069,-1.194897825413738e-05,-1.1052925574529304e-05,0.0,-4.73323993520001e-05,0.0,0.0001293620250445,0.0,0.0,-0.0002032372177117,0.0,0.0001346046371489,0.0011161273885083,-0.0014173092120142,-0.000638445911173,-0.0020067406848422,-0.0003052699065121,-0.0009290401382242,-8.391099162045568e-05,-0.0006797241547353,-0.0373053891035525,-0.0007400627917692,-0.0050107394224365,-0.0017440290874401,-0.0094766095696719,-0.0015379266813176,0.0001177299904193,-4.90625071275125e-05,-2.784512728600656e-05,0.0011426389793584,-0.0035054575137239,0.0358414586806636,-0.00644717674446,-0.0008316076862184,-0.0077414391857246,0.000357998554339,0.001885666316628,-0.0019868465432385,-0.0071499252446953,-0.0063028649186685,-0.0005033955972893,-0.0017248636013077,-0.0002765629302368,0.0001795277629718,-0.0009419839139862,-0.0001106329597051,-0.0009673774598198,-0.0019652068009461,0.0002636869693616,0.0030042011481246,-0.0131056723092227,6.922089771683747e-06,0.0006075981998706,-0.0004191132124857,-0.0015499850731982,0.0003724196073616,-9.2738987136102e-05,3.193042886308651e-05,-0.000461134836265,-0.0001038357556857,-0.0020522640338209,0.0028217976392764,0.0021211936909835
0.0,0.0014041905249567,0.0,-0.0001111681770767,0.0,-0.0003034783653688,-0.0001404952803024,-0.0001310409706857,-0.0001680335306814,0.0,2.69167190082556e-05,2.4738570278986705e-05,-0.0020318736365125,-0.0004503449328358,-2.9945280009685532e-05,7.068381214456064e-05,0.0,0.0,2.9266339584846883e-05,0.0,0.0002216073287237,0.0001924698926942,7.520225255142924e-05,0.000332389174706,0.0009327672003001,0.0001427037054807,0.0008647316247882,-2.5978897500903767e-06,-0.0003705454349631,0.0004277046784492,0.0002956884237103,-0.0014031313052343,0.0003273363117253,-0.0005315012184458,-8.281971665444452e-05,-0.0028767399966506,0.0005100164094214,-0.0075811317055773,0.0007890393327116,0.0019977187789707,-0.0011375626936488,0.0010966047271776,-0.0052178222002079,0.0141697017604506,0.0559648211395964,0.0047953546584229,0.0042384859263326,0.0001177299904193,0.0305435236389915,0.0,0.006827764422375,0.0001563547121559,0.0,-1.6697980334624365e-07,-5.054394679377154e-05,0.0004043981664249,-0.0002938814986856,-0.0002648840868704,0.0001055267635659,-0.0187568619493993,-0.0009211250724914,0.0299600166827875,-0.0004795159434956,8.7378546449302e-05,0.0002376469831922,-0.0001829685609111,0.0001459047347886,0.0,0.0001198382176172,6.849551145458505e-05,-0.0035286178592869,0.0009063305102176,-0.0007312913731637,0.0047215345872233,3.230706601711802e-05,0.0004554962682608,-0.0007877132177885,0.0007635373518256,-0.001368611979036,0.0010511480294358,-0.0010932707295119,3.210332633919516e-05,-0.0014413493159722,0.0009701355594248,-0.0009132045010428
0.0,0.000167621090182,0.0,0.0,0.0,0.0,0.0,0.0,0.0002896102357089,0.0,0.0,3.086553384166819e-07,7.607187459866175e-05,0.0,0.0,0.0,0.0,0.0,0.0,0.0,0.0,0.0007893709924231,0.0,0.000842154933215,0.0,0.0,0.0,0.0,0.0,0.0,0.0,0.0,0.0,0.0,0.0,0.0,0.0,0.0,0.0,-0.0003435969277022,0.0,0.0,0.0001613554986103,-0.000188818161296,-0.0040313967291582,-0.0048434615166697,0.0005671000904463,-4.90625071275125e-05,0.0,0.0400808636759495,-9.587657713665155e-06,-0.0016922903922473,-0.0006267893963891,0.0,-0.0020758376759695,-0.0358607439573652,-0.0038429523335421,0.0023043748339918,0.0001824097592328,-2.367273420844656e-05,-0.0018935014313863,0.0002211183773932,-0.1805299209436816,-0.0002538938735661,-0.0003821088789325,-0.0080963424422408,-4.669422017457585e-05,-0.0008370814501988,-1.2577472768051402e-06,0.001028067800606,0.0005058550500735,0.000283535986007,-0.0019051199145464,0.0,0.000523811353525,8.553592811704749e-05,0.0115326169872248,0.1280834870689053,-0.007062831160724,0.0,-0.0004177102921401,0.0017371050396092,-3.213802494092376e-05,0.0,-5.263660135830231e-05
0.0,0.0858203166120866,0.0145775167555367,0.0,0.0,0.0,0.0002024189311544,0.0002994732656659,0.0013212805388958,0.0,0.0046329474760836,0.0,0.0151491801026598,0.0001138019746772,-8.596961076470048e-05,-0.0018272786099381,0.0129871237345669,0.0004235683359526,0.0237359518650487,0.0,0.0004864057505887,0.0037320915139073,0.0006060423249456,-0.0036269058902538,0.0135772805171435,0.0287051321771225,0.1437401848673602,0.0001815983012892,0.0012601542648574,0.0002247817321368,0.0017845736189376,7.530622576567261e-05,0.0,0.0168818456130212,0.0001898692310434,0.0669460231283248,0.0170706240710794,0.0272006808957281,0.0092096434210036,-3.124281926280875e-05,0.0002318009502044,0.0028919906772444,0.0097954837988797,0.0026410603570051,0.0084672945594106,0.0032204739938524,0.0003298856364333,-2.784512728600656e-05,0.006827764422375,-9.587657713665155e-06,0.0707498764937848,0.0002878607963847,6.663411613540987e-05,8.313966821486969e-05,0.0,-0.0001948966828476,0.0,-0.0205724275366327,0.0,-0.0024094544891307,0.000339563627933,0.0205718972198984,-1.979214638650409e-05,0.006112702726333,0.0008765800071739,0.0002424190343678,0.0009824767345569,-3.203981105601039e-05,0.0,-0.0002374484585437,0.0100492698590646,0.0003985939958444,0.0178095655324914,0.0410611377338519,0.0051874995399121,0.0732048451918069,-0.0003959841645671,-0.0002212505161367,-0.0006225069109029,0.0002257880338709,-3.3746228329206127e-06,-0.0002015471129347,-0.0016578813748657,4.87649838206936e-05,0.0012831411400661
0.0,0.0176776649000281,-0.0461233347166409,0.0,0.0,0.0,0.0,0.0,-2.332362225227109e-05,0.0,-0.0001294034426065,0.0,8.800464639864489e-05,0.0,0.0,-0.0005847841027115,-0.0083216109298291,-7.024193897731145e-05,-0.0006500987033109,0.0,0.0,-0.0006027299234184,-0.0168806529340673,-3.686898949909216e-05,7.483881087437667e-05,-0.0023879811059957,0.0104537864305285,0.0,0.0,0.0,5.572819518688755e-05,0.0,0.0,-0.0041554105522261,5.7154186108473774e-05,-0.0181652017649964,-0.00388256301326,-0.0036915494501288,-0.0067391671939792,-0.000573922732914,-1.1343093508619067e-05,0.0,0.066587543939014,0.0463096721237348,0.0051613845058016,0.0186701297710928,0.0014719854395758,0.0011426389793584,0.0001563547121559,-0.0016922903922473,0.0002878607963847,0.5553489471560226,2.678310906165043e-05,0.0,-0.0242181114059771,-0.105738602146386,-0.0586425596335842,0.0010812220163691,-0.0064662201158754,0.0009557676631316,-8.917127414494168e-05,0.0001330694753638,0.0091413840575701,0.0,-0.000783907999205,0.284621062529033,0.0018555770762054,-0.0083153890944692,0.0,-0.0637494617758959,0.0041661753619533,0.306579813432911,-0.0435327393368628,-0.0006053228061294,-0.1061816643449175,0.2939404751161579,-0.1103924693216045,-0.002245562467984,-0.0051953013524451,8.482464251663629e-05,-2.0587663232322748e-05,0.0004095080975885,0.0107233073854694,0.0004109233897556,0.0087284728316389
0.0,0.0,0.0,0.002077493118072,0.0,0.0,0.0,0.0,0.0031400620444979,0.0,0.0,-7.327502832008335e-07,2.62681802150809e-05,0.0,9.116900267745432e-05,0.0,0.0,0.0,0.0,0.0003141225571906,0.0,0.0,0.0,0.0052947507741869,0.0001082141678266,0.0,0.0,3.0349830874757034e-05,0.0,-0.0005021662644819,0.0,0.0,0.0,0.0,0.0,-0.0056665291197282,0.0,0.0,0.0,-0.01947303139117,0.0,0.0,-0.0179554890442479,0.0,-0.0119027752294571,-0.0016540766189619,-0.0139547070439995,-0.0035054575137239,0.0,-0.0006267893963891,6.663411613540987e-05,2.678310906165043e-05,-0.3525319300792206,-0.001305587891639,-0.0076898557853302,-0.0003429088545351,-0.0045373293085828,-0.0368070905784497,0.0634815943227635,0.0,-0.131940251643185,0.0003070473771296,-0.011634190583179,-0.009567415234072,0.0,0.0,0.0,0.0,-0.2818913628142616,0.0,0.0011157037254156,2.3278139831989032e-05,-0.1152544457186135,0.0,0.0,0.0,-0.0039282603558218,-0.0105236703828497,-4.030485842883676e-06,0.0,-2.7283960229123543e-05,-9.621488829219064e-05,-0.0034985673384773,-0.0001200862544484,-0.0023760241872938
0.0,0.0,0.0,0.0,0.0,0.0,0.0,0.0,8.952007046209771e-05,0.0,0.0,-0.0001230424821133,9.990968555529733e-05,0.0,0.0,0.0,0.0,0.0,0.0,0.0,0.0,0.0,0.0,-3.636795754333516e-05,0.0,0.0,0.0,0.0,0.0,0.0,0.0,0.0,0.0,0.0,0.0,-5.177201684946323e-05,0.0,-2.1732756886540677e-06,0.0,-0.0002232670745933,0.0,0.0,-0.0036910746570148,-4.4715490786209634e-05,-1.0798154589307202e-05,-0.0001051027736292,-0.0685977658455913,0.0358414586806636,-1.6697980334624365e-07,0.0,8.313966821486969e-05,0.0,-0.001305587891639,-0.0215282644883695,-0.0021706224227645,-5.6541177158923775e-05,-0.0015871142166188,-0.0071065682948962,0.0004432284913558,-0.000283132950166,-0.0056685608551796,-0.0002053275646689,0.0002605452423132,-0.0623335037064811,0.0,0.0,0.0,0.0,-0.0001957199697798,0.0,0.0003567475082074,0.0,-0.004115662301762,0.0,0.0,0.0,-0.0013082808318772,-3.286235323544844e-05,0.0,0.0,-0.0097914644646318,0.0,0.0129850719910568,-1.2246673239969632e-05,0.0003098325854488
0.0,0.0,0.0,5.809664174765689e-05,0.0,-6.743215440496655e-06,0.0,0.0,7.9966997351552e-05,0.0,0.0,0.0002669367443324,1.2949995661353036e-05,0.0,-0.0001853560955851,0.0,0.0,0.0,0.0,0.0,0.0,0.0,0.0,0.0003140074024865,0.0,0.0,0.0,0.0,0.0,0.0,0.0,0.0,0.0,2.670874120028792e-06,0.0014781016574196,-0.0002469588893704,-8.302985444929583e-05,-0.00045744957999,-0.00056663452714,-0.0016771241380497,-8.832124172377471e-05,-6.174311963949357e-05,-0.0179274789569017,-0.0022321695965628,-0.0101345113618179,-0.0078706579787067,0.0097835145237662,-0.00644717674446,-5.054394679377154e-05,-0.0020758376759695,0.0,-0.0242181114059771,-0.0076898557853302,-0.0021706224227645,-0.1416018339204956,-0.0736729193025773,-0.1714743819625301,-0.0004923742381245,0.0442888702731341,-0.0013116379416205,-0.1058549470948113,-0.0036672743361693,-0.0006005717114507,-0.0055375704469855,0.0,-0.0006335348738347,-0.0007244348233084,0.0,-0.0011043564242543,-0.0035229639863058,0.0007520587453153,-0.0279398027863012,-0.0111454346784438,0.000160201382531,0.0001289344387901,-0.0008345880841312,-0.3066922878928694,-0.0002773608634319,-0.0044711789502363,0.0002904844243508,-0.079440985096411,-0.0008558310971806,0.0027155340939603,0.0191819342384791,0.000974278115869
0.0,0.0002117423981147,0.0,0.0,0.0,0.0,-0.001022261941178,0.0,0.0007523310096766,0.0,0.0,3.931742691187784e-05,-0.0008235621005377,0.0,0.0,-4.955904933058218e-05,0.0,0.0,0.0,0.0,-0.0004614151890491,0.0005983961765878,0.0,-0.0033968926773177,0.0,0.0,0.0,-0.0005198048023743,-4.385714579239793e-05,0.0005056349048228,0.0,0.0,0.0,-0.0001649146456458,0.0,-0.0013961136783271,0.0,-0.0001452656964338,0.0,-0.0036489615603872,0.0,-4.65691377067503e-05,0.0100573461928924,-0.0050508465215309,0.0069830716125458,-0.0019865107941247,0.0001443897049343,-0.0008316076862184,0.0004043981664249,-0.0358607439573652,-0.0001948966828476,-0.105738602146386,-0.0003429088545351,-5.6541177158923775e-05,-0.0736729193025773,1.8582992759427164,0.0283694755364337,-0.0005234680628537,0.32444138881458,0.0012720655707416,-0.0048769346882987,0.0007531629075519,0.1750971014057417,-0.0008147193194744,-0.0003029222400417,0.0466073953230178,0.0,0.0035934374178069,-4.346319610640208e-05,0.0131495374714963,0.0014948951275202,0.1966434793554528,-0.0240636097219609,4.824806188807822e-05,0.0137089554089257,0.0089020033871974,0.9167593819243044,0.0676622608544102,0.416923810360536,0.0,0.0004257232958042,0.0057419373631349,0.0235531805688391,0.000992150739661,0.0112477563872914
0.0,0.0,0.0,-0.0001221238911983,0.0,0.0,0.0,0.0,0.0019431328832112,0.0,0.0,-0.000513993981244,-0.0001005671693936,0.0,0.0,0.0,0.0,0.0,0.0,0.0,0.0,-0.0001255788817164,0.0,-0.0010909309570348,-2.020479041933553e-05,0.0,0.0,0.0,0.0,0.0,0.0,0.0,0.0,-1.840990242944432e-05,0.0,-0.0001945311116131,-2.725149993025416e-05,-0.0001717233512649,-0.000178731483015,5.540224916757887e-05,-0.0003527289019937,-9.954181900815356e-05,-0.0431662041127766,-0.0101872211900455,-0.0653054071631226,-0.0703221660667335,-0.0125337843103318,-0.0077414391857246,-0.0002938814986856,-0.0038429523335421,0.0,-0.0586425596335842,-0.0045373293085828,-0.0015871142166188,-0.1714743819625301,0.0283694755364337,-0.4658163452330809,0.0055703689376634,0.326600299112651,-0.0089558953008241,-0.0594901724383832,-0.0116658360827909,-0.0216179224574886,-0.009201059794011,-0.0001826345510078,-0.0078427076109298,-0.0008246333346613,0.0001470292619453,-0.0034989432362575,-0.0222780905199913,-0.0011544586756592,-0.0309449923568102,-0.0127901100162375,-0.0006772454672233,-0.0003715481034256,-0.0006014477841276,0.0126181146155802,0.007811653228207,-0.0040244132319704,-0.0005867904454006,-0.3619580907566214,-1.014057411858927e-05,-0.0078956723035214,0.0001303915246259,-2.4222636841940568e-05
0.0004871002512124,0.0070563540284477,0.0013196479868255,0.0220849234352506,0.0002058025783125,0.0308837162839222,0.012258574016267,0.0179613999859578,0.1053179562785046,0.1987393468681919,-0.0001040855053951,0.0064976978031741,0.0015614959613429,0.017670425189789,0.000807708125752,0.0008016441619045,0.0014018133965345,0.0,0.0,0.0024409846572109,0.0010366534650469,0.0242398747040598,0.0005091542469167,0.1342856656149061,0.0026674039924597,0.0001464996679555,0.001805270747436,0.0571768657888509,0.0219240617327573,0.0391203119138385,7.169785569691595e-05,-0.0007265455088078,0.0039932211309884,0.0321053934283962,0.0028850713386401,0.1550131280942238,0.0024206865991987,0.0143108445552632,0.001066140124691,-0.0007730062915875,0.0035066373593851,-0.0004047469794517,0.0941118088746914,-0.0015850865670385,0.0196300935336652,0.0045391981853934,0.0114395463565629,0.000357998554339,-0.0002648840868704,0.0023043748339918,-0.0205724275366327,0.0010812220163691,-0.0368070905784497,-0.0071065682948962,-0.0004923742381245,-0.0005234680628537,0.0055703689376634,0.0243163812916192,0.0633628360696406,-9.002141459199821e-05,-0.0073237936736871,-0.00712896056381,0.0059685405003552,-0.0035262261819288,-0.0018052070683676,-0.0002514343557595,-8.212517400510427e-05,-0.000889742045767,-0.0163985804011332,5.83657544131661e-06,0.0463785320590636,0.0005238734228651,0.1960219713685353,-0.0344717071893819,-0.000216217304591,-0.0471715238250132,0.078913606222553,0.0221713406250473,0.0060900897899503,-4.355701332223975e-06,-0.0013670661934664,0.0003736350764459,0.0116141267633462,0.0015290300115403,0.0579974819384421
0.0,0.0,0.0,0.0003180118531399,0.0,0.0,0.0,0.0,0.0949923605289693,0.0,0.0,0.0020414156886422,-2.041010242442025e-05,0.0,-0.0001724331670873,0.0,0.0,0.0,0.0,0.0,0.0,-0.0002145011815018,0.0,0.003394040060019,0.0,0.0,0.0,0.0,0.0,0.0,0.0,0.0,0.0,0.0,0.0,-0.0117508062217973,0.0,0.0,0.0,-0.0318903428617062,0.0,0.0,0.0118778582225285,-0.0014650293996086,-0.0030700825388728,0.00075966657181,0.0102206044241208,0.001885666316628,0.0001055267635659,0.0001824097592328,0.0,-0.0064662201158754,0.0634815943227635,0.0004432284913558,0.0442888702731341,0.32444138881458,0.326600299112651,0.0633628360696406,3.004769033567498,0.0020088656033812,-0.1048021053635088,0.0008039867779271,0.1489617829162271,-0.0008315556241454,0.0,-0.000358497282795,0.0,0.0,-0.0075825854775806,-0.000346231840881,0.0007000231727906,0.0058400367033161,0.0076605972603189,0.0,3.707223112904401e-05,-0.0004652588049684,0.5271811931564585,0.1139254979215796,0.000186579728462,0.0,0.0023427476622946,6.056067540523906e-05,0.0924640539041403,-6.345065497785338e-05,0.0061082661507172
0.0,0.0004838934891555,0.0,0.0,0.0,0.0,0.0,0.0,9.0099728555839e-05,0.0,-0.0046768431963955,0.0,-0.009886041515814,0.0001447286558668,0.0,0.0,-9.222056882416956e-05,-0.0001357972733715,0.0001378089025392,0.0,0.0,-0.0002309686262052,0.0,0.0,-0.0028613198709943,-0.000584773697242,-0.0005275614743501,0.0,3.265485768791232e-05,0.0,0.0002675623528282,0.0,0.0,-0.0003287156176912,-4.497923334112268e-05,-0.0003087619416953,0.0019065116019669,0.0008510402152008,0.00042875205992,-1.8714264283628949e-06,-2.7678874715408072e-05,0.0034457120537036,-0.0072397474627271,-0.0611462460115239,0.0193059199515955,-0.0064611833632125,-0.0027350513596409,-0.0019868465432385,-0.0187568619493993,-2.367273420844656e-05,-0.0024094544891307,0.0009557676631316,0.0,-0.000283132950166,-0.0013116379416205,0.0012720655707416,-0.0089558953008241,-9.002141459199821e-05,0.0020088656033812,-1.3247597798130393,-0.0133521071299789,-0.2226494419593936,-0.0083006065900771,3.732910518217991e-05,-0.0005099989509175,-0.0001015358314542,-0.3019752865183743,-0.0011544539436586,-0.0003386729524055,-0.004115027960518,-0.0007640519215266,-0.0083041692861235,-0.0008398185589988,-0.0226624903511316,-0.1429252671023839,-0.0014113888494184,-0.0006409740804104,-0.0191968136989399,-0.0035491111432797,-0.0998194106904881,-0.076596421916523,-0.0047959445444113,-0.2012925179271267,-5.502400855838733e-05,-0.0012108672690895
0.0,0.0,0.0,0.0033494359294438,-0.0007507756412941,-0.0008825576882044,-0.0029797714990294,-0.0001879052410136,0.0105191448148298,-0.0108883664588236,0.0,-0.0003189501401981,-0.0011053653630743,0.0,-0.002276401451697,-0.0001799145844021,0.0,0.0,0.0,0.0018611837899461,-0.0015847825028842,-0.0004204843907258,-0.0001890728916807,0.0170036228443546,-3.61935375336842e-06,0.0,0.0,-0.011611071930412,-0.0003908934293749,-0.0062117559328978,0.0,0.0,-0.000609984840942,-0.0007886505311606,0.0012435448524481,-0.0200108794225177,-0.0002899421310319,-0.0018944895583374,-0.0011108215560822,-0.0746348797458157,-0.0008295579909738,-0.0003024722914781,-0.0094803165406438,0.0012595406570152,-0.0119864540158923,0.0004716940438718,-0.0427593593036997,-0.0071499252446953,-0.0009211250724914,-0.0018935014313863,0.000339563627933,-8.917127414494168e-05,-0.131940251643185,-0.0056685608551796,-0.1058549470948113,-0.0048769346882987,-0.0594901724383832,-0.0073237936736871,-0.1048021053635088,-0.0133521071299789,-0.270569013512076,-0.0039376783129434,-0.0362816177962012,-0.0771721630447441,-3.0562169201128656e-05,0.0,-0.0004729578848944,0.0,-0.0725894590670857,-0.0002381653594786,0.0016516777660472,-2.319023660049673e-05,0.0454611640245374,0.0004683858823119,0.0,0.0003291696611792,0.123239806233105,-0.0103978158779074,2.805936458792328e-05,0.0,-0.0034164260255342,-4.237471539516588e-05,-0.0098567705994041,0.0083402909506068,-0.0018906480755242
0.0,-0.0010046425295683,1.1071946178552015e-06,-0.0002952567291749,7.015651436157467e-05,-0.0003187903337497,0.0001233800102069,-1.8546537017130524e-05,0.0006841999220657,0.0,-0.0734822974562155,0.0003019115283587,-0.149530078069327,-0.0002409607596744,-0.0001302817662984,0.0005662797321166,-2.149938341022401e-05,-0.0011387926806751,-0.0009158228176615,0.0003928298403336,0.0007778985169268,-0.0032667204292644,-0.00025590413007,0.0015702824205407,-0.0512671261257029,-0.0002589589087476,-0.0046705549928287,0.0040961117128468,8.949272504659384e-05,0.0034861019893935,-0.0076706712120653,-0.0009183012595027,0.0006220492871921,-0.0012984865054919,0.0001628036442839,0.0035250070596556,0.003853391571261,0.003330683658429,0.0024221390444898,0.0132384353863493,-0.0007481312961642,0.011749381083871,-0.0109288738904373,0.0130741462246873,0.0847344574138142,0.0040784719868513,0.002505864498108,-0.0063028649186685,0.0299600166827875,0.0002211183773932,0.0205718972198984,0.0001330694753638,0.0003070473771296,-0.0002053275646689,-0.0036672743361693,0.0007531629075519,-0.0116658360827909,-0.00712896056381,0.0008039867779271,-0.2226494419593936,-0.0039376783129434,-0.0988195255082392,0.0004249442379153,-7.034494985021018e-05,-9.72787136169947e-05,-3.1881432555654844e-05,-0.0039226759093191,-0.0007192762225975,1.4380093466836476e-06,0.0020637200323337,-0.010436915822468,0.00010852120931,-0.0074053201309472,-0.1810547831524641,-0.0032657211083052,-0.0182767146314638,0.0005958424310405,-0.0042252277340674,-0.000494648803109,0.0057724573745778,-0.0132562678665709,-0.0006132645664119,-0.022309928503202,0.0019961848765284,-0.0008905633017789
0.0,0.0,0.0,0.0,0.0,0.0,0.0,0.0,0.0045055561115138,0.0,0.0,0.0001036661886819,-7.701310233052656e-05,0.0,0.0,0.0,0.0,0.0,0.0,0.0,0.0,0.0007856370789462,0.0,0.0002099935862683,-0.0001369822698781,0.0,0.0,0.0,0.0,0.0,0.0,0.0,0.0,0.0,0.0,5.0377413456453206e-05,-0.0001361459784842,-0.0006709090329103,-0.0003916765666661,-0.0003942623765175,0.0001533787315687,0.0003812206725203,-0.0100297716223097,-0.0021539954361169,-0.0166264771708979,-0.0287134270776917,0.004794770046615,-0.0005033955972893,-0.0004795159434956,-0.1805299209436816,-1.979214638650409e-05,0.0091413840575701,-0.011634190583179,0.0002605452423132,-0.0006005717114507,0.1750971014057417,-0.0216179224574886,0.0059685405003552,0.1489617829162271,-0.0083006065900771,-0.0362816177962012,0.0004249442379153,0.4482424222851483,-0.0001010605789786,-0.0003916310521573,-0.0033597530343355,-0.0023636008836768,0.0006077158483913,-0.0057994142712935,-0.00712366076228,-0.0004530169348393,0.0208998076246361,-0.0367398568453023,0.0002819892539186,0.0060741741533664,0.0011446924436056,0.0385403681871531,0.0479331562347134,-0.0036894774691172,0.0025310014880445,-0.0426355630024627,0.0003672801763561,0.0013069470653633,0.0,7.62021382016335e-05
0.0,-6.634534398746529e-05,0.0,-0.0001012943179295,0.0,-0.0004971443108769,-0.000629891501813,-1.4016439761732267e-05,-1.0769775285565332e-05,0.0001093028796786,0.0,-0.0004214048166839,2.2833642635965743e-05,-9.792495813140184e-06,-0.0002788570068964,0.0,0.0,0.0,0.0,-0.0004400121953574,0.0,0.0003812977447732,0.0,-0.0003433683828099,3.357750720217011e-05,0.0,0.0,2.754575731209212e-05,0.0,0.0001703257195704,0.0,0.0,-5.726073081950125e-05,0.0,-0.0005451938264296,-0.0010510928486881,0.0,-0.0001838278501395,0.0002135350650073,-0.0020775285261979,0.0,3.333945279025383e-05,0.0017143892484266,1.2266935387274272e-05,0.0007170807292023,0.0002862269567777,-0.0241406442791079,-0.0017248636013077,8.7378546449302e-05,-0.0002538938735661,0.006112702726333,0.0,-0.009567415234072,-0.0623335037064811,-0.0055375704469855,-0.0008147193194744,-0.009201059794011,-0.0035262261819288,-0.0008315556241454,3.732910518217991e-05,-0.0771721630447441,-7.034494985021018e-05,-0.0001010605789786,-0.0186724446578824,9.431602563504383e-05,0.0,0.000122975000637,0.0,-0.0061145480618929,0.0,0.0122529896015578,-0.0002116560739724,0.0224830879600181,-0.000209326295874,-2.3254526814358177e-05,0.0004403170517109,-0.0035161919148862,-0.000210400662972,0.0002193665271859,5.7592395001781386e-05,-0.0156220154105759,-5.0529666140008216e-05,-0.0014574813268132,0.0190784201322463,0.0035186897143639
0.0,0.004285126538139,-0.0008673355314071,0.0,0.0,0.0,3.509981988603443e-05,0.0,-0.0035787098098872,0.0,0.0,0.0,-0.000358454777262,0.0,0.0005865469171274,0.054127606149855,0.0010406132220423,0.0,0.0,0.0,-0.0068944726967118,0.0465491664204806,-0.0964834527511506,0.011622863430025,-5.3380422981887255e-05,3.364542860599666e-05,0.0298172435552362,0.0011969186696424,4.7878039964570825e-06,-0.0009209403844337,0.0,0.0,-0.0001516988095031,0.0006242220728802,0.0,0.0077078186144982,0.0013129677743206,-0.0019987341008108,-0.0015274539813761,0.000271699486029,1.287242088967002e-06,0.0,0.0199291074814077,-0.00828984488768,-0.0058466288888389,-0.008306719266671,-0.0005032052435168,-0.0002765629302368,0.0002376469831922,-0.0003821088789325,0.0008765800071739,-0.000783907999205,0.0,0.0,0.0,-0.0003029222400417,-0.0001826345510078,-0.0018052070683676,0.0,-0.0005099989509175,-3.0562169201128656e-05,-9.72787136169947e-05,-0.0003916310521573,9.431602563504383e-05,-0.1562052635262371,-0.0099481962929992,-2.905102727723328e-05,-0.0016362127200069,0.0,-0.0361687359561897,-0.0117237921898514,-0.1087424580520843,-0.3963757352941604,-5.368824457056378e-06,-0.0005506864957826,-0.0053883178300633,0.0256707127168774,-4.3464244063712826e-05,-0.0050131174164864,0.0,-0.0003166130963666,-6.509231475396246e-05,-0.001936417347882,0.0003442594274026,-0.004420828953114
0.0,0.0028492224987897,-0.0302948379835926,0.0,0.0,0.0,0.0,0.0,0.0009318020085922,0.0,-3.331843999434645e-05,0.0,6.184037580056851e-05,0.0,0.0,0.0006278992392899,-0.0128690705010738,-0.0001172561527379,-0.0050733433747904,0.0,0.0,0.0031688727577611,-0.0020093810778899,0.0,0.0001203289482733,-0.0208414667412542,-0.0329688548625156,0.0,0.0,0.0,0.0,0.0,0.0,-0.0080310898701785,-2.3258364555636302e-05,-0.0117220318335597,-0.0078624963227511,-0.0071444864697252,-0.0040843393117391,0.0,0.0,0.0,0.0179461012415169,0.0038831730850594,-0.0022833477767651,0.006473940486926,-0.0001354519781438,0.0001795277629718,-0.0001829685609111,-0.0080963424422408,0.0002424190343678,0.284621062529033,0.0,0.0,-0.0006335348738347,0.0466073953230178,-0.0078427076109298,-0.0002514343557595,-0.000358497282795,-0.0001015358314542,0.0,-3.1881432555654844e-05,-0.0033597530343355,0.0,-0.0099481962929992,0.107444067127536,-0.0023695653431311,0.0130031163881648,0.0,-0.0223865451198228,0.0050598576346772,-0.1368107467894621,-0.0132665027583319,-0.0009492194828742,0.1395184674780257,0.0871078029556043,-0.0005315455599089,-0.0066079042200171,-0.0825566349001865,-0.0001004219399647,-0.0005852252958689,0.0024343511859241,-0.1086340729557733,-2.10528462964448e-05,0.0022213448779993
0.0,-0.0005564550889053,0.0,0.0,0.0,0.0,0.0,0.0,0.0,0.0,-0.0049769245541704,0.0,-0.004844438637383,0.0,0.0,0.0,0.0,-0.0012583209492943,-0.0005817972578382,0.0,0.0,6.674353825823445e-05,0.0,0.0,-0.0042678492314725,-0.012194488744832,0.0063992123090857,0.0,0.0,0.0,-0.0015848571319106,0.0,0.0,0.0001501910761229,-0.0002679049376287,-1.3345607928939994e-05,-0.0006861119920824,0.0027200021704257,-0.0008131561691761,0.0,0.0,0.0005286458374475,-0.0106848508838954,-0.0755117678745807,-0.0580332451322862,-0.0280841402764103,0.0002245071415583,-0.0009419839139862,0.0001459047347886,-4.669422017457585e-05,0.0009824767345569,0.0018555770762054,0.0,0.0,-0.0007244348233084,0.0,-0.0008246333346613,-8.212517400510427e-05,0.0,-0.3019752865183743,-0.0004729578848944,-0.0039226759093191,-0.0023636008836768,0.000122975000637,-2.905102727723328e-05,-0.0023695653431311,-0.4451810710868131,0.1066520372615482,0.0,-0.0016109451132758,-0.0010078509010042,-0.0088092778417011,0.0,-0.0037654338066314,-0.1744704389233995,-0.01182799724658,-4.956526554152474e-05,-0.0013033806288148,-0.0030967290769825,-0.0428042344352415,-0.0003059845466712,-0.0009699459220713,8.035436674306696e-05,-2.4931825410028296e-05,-0.0016204958854573
0.0,-0.0003736061132687,-0.0023149742785618,0.0,0.0,0.0,0.0,0.0,0.0,0.0,2.078270623933949e-05,0.0,9.962640165904142e-06,0.0,0.0,0.0,-0.0023945361574792,-0.0009560392982128,-0.012728646517132,0.0,0.0,0.0009524480002164,0.0,0.0,-0.0030891069448533,-0.0576801490674312,-0.0106382931660181,0.0,0.0,0.0,0.0001322143826014,0.0,0.0,-0.004492257573857,8.034931243128616e-05,-0.0020192054645328,-0.0014386922395679,-0.0012579076298517,-0.0022211305157383,0.0,0.0,-0.0001438598456064,0.0121562445829396,-0.009363058238546,-0.0226185656019879,-0.0084069661104444,-0.0004230171202429,-0.0001106329597051,0.0,-0.0008370814501988,-3.203981105601039e-05,-0.0083153890944692,0.0,0.0,0.0,0.0035934374178069,0.0001470292619453,-0.000889742045767,0.0,-0.0011544539436586,0.0,-0.0007192762225975,0.0006077158483913,0.0,-0.0016362127200069,0.0130031163881648,0.1066520372615482,-0.2166898763878348,0.0,-0.0057887759969768,-0.0016837480050148,-0.0449120312584345,-0.000662043530001,-0.0036326042074218,0.0603740071161913,-0.0426828422897953,-0.0002130297126307,-0.0029643755043757,-0.0245804828890322,-0.0005438748735762,6.416863382438227e-05,-0.0005248338055488,0.0133358714427615,0.0,-0.0004905286568833
0.0,0.0,0.0,0.0011292724852971,2.58582822640721e-05,0.0002697032091258,0.0,0.0,-0.0012066187695793,-6.570412466084582e-06,0.0,0.0005672413923336,0.0002513431669315,0.0,8.845152418796624e-05,0.0,0.0,0.0,0.0,0.000359929677925,0.0,-6.679431880910089e-07,0.0,-8.412764338203795e-06,0.0,0.0,0.0,0.0003046809196311,0.0,0.0,0.0,0.0,0.0,1.982299775347407e-05,0.0,-0.0021949573458859,0.0,0.0,0.0,-0.0108536142227578,0.0,0.0,-0.00486557770285,0.0,-0.0034243221605471,-0.0001738989848575,-0.0053586613546219,-0.0009673774598198,0.0001198382176172,-1.2577472768051402e-06,0.0,0.0,-0.2818913628142616,-0.0001957199697798,-0.0011043564242543,-4.346319610640208e-05,-0.0034989432362575,-0.0163985804011332,-0.0075825854775806,-0.0003386729524055,-0.0725894590670857,1.4380093466836476e-06,-0.0057994142712935,-0.0061145480618929,0.0,0.0,0.0,0.0,-0.0300128301951974,0.0,-2.611832231963822e-05,1.8137209988257346e-05,-0.0064652316941785,0.0,0.0,0.0001139969536399,0.0248712774946747,-0.0036680917733291,-3.944670120894655e-05,0.0,-0.0001662322635196,1.2043202313470894e-05,-0.0019784304732969,0.0,-0.0005037640730119
0.0,-0.0006650448703504,-0.0003932368961921,0.0,0.0,0.0,-0.0004478675975196,0.0,-0.003885863496787,0.0,0.0,1.4707129469048489e-05,0.0012686457122735,0.0,-4.335277431098924e-05,-0.0095713917285277,-0.0002154265743036,0.0,0.0,0.0,-0.009063101705661,0.0106544984425824,-0.018201838418598,0.0009037603735368,1.2719922647005724e-05,0.0,-0.0014201872019705,7.571055174911984e-05,-0.000774486362502,-0.0011750106179209,0.0,0.0,1.2230287729969396e-05,-0.0006697686637261,-0.0001708286156853,-0.0017988932157267,-0.00068931612791,-0.002764743126094,-0.0014828325763336,-0.006420767338054,0.0,1.2717902624343812e-05,-0.0037279058688163,-0.0612275491514064,0.0294388127654181,-0.0205137817714574,0.0043475051975448,-0.0019652068009461,6.849551145458505e-05,0.001028067800606,-0.0002374484585437,-0.0637494617758959,0.0,0.0,-0.0035229639863058,0.0131495374714963,-0.0222780905199913,5.83657544131661e-06,-0.000346231840881,-0.004115027960518,-0.0002381653594786,0.0020637200323337,-0.00712366076228,0.0,-0.0361687359561897,-0.0223865451198228,-0.0016109451132758,-0.0057887759969768,0.0,-0.4052143635402053,-0.0007762288931802,-0.2916327711696853,-0.0282431710343698,-3.250614387214467e-05,-0.0090613063677123,-0.0489487087530857,0.6003539462246749,-0.0009890652426021,0.245836283195526,0.0,-0.000504079783173,0.0026219136061624,0.0385709668106465,0.0027322857578949,-0.0119184701384535
0.000422821839836,0.0112240889231243,0.0114957197546279,-0.0002066650377906,0.0001973731213198,0.0005730043033951,0.0045055654398539,4.4468838117040425e-05,-0.0046368473160415,-0.0001608994204577,-0.0011146852133468,-0.0001471275326444,-0.0018101334764822,0.0007800305041481,0.0012916070019513,0.1125058270268026,0.013065198591463,0.0002962830001626,0.0044264301145478,-9.326993533352588e-06,0.0166578296399507,0.1133095993686828,0.0363623839248055,0.0532074037924975,-0.0003999724406209,0.0020409668944691,0.1353762126359596,0.0059926581345026,0.0007655093878841,0.0079228573813943,0.0,1.7248174688320848e-05,-0.0002725189702738,0.0080027146581827,0.0008889748349456,0.0554403280495598,0.0066687595017926,0.0080532094850791,0.0066263578378499,0.000306825274727,0.0003292327696468,-4.27987925126045e-05,0.0378716541991208,0.0104451039883605,-0.0007992046555308,0.0035061523728593,0.0097840993837359,0.0002636869693616,-0.0035286178592869,0.0005058550500735,0.0100492698590646,0.0041661753619533,0.0011157037254156,0.0003567475082074,0.0007520587453153,0.0014948951275202,-0.0011544586756592,0.0463785320590636,0.0007000231727906,-0.0007640519215266,0.0016516777660472,-0.010436915822468,-0.0004530169348393,0.0122529896015578,-0.0117237921898514,0.0050598576346772,-0.0010078509010042,-0.0016837480050148,-2.611832231963822e-05,-0.0007762288931802,0.0755611157037802,0.0411774169863361,0.0353226071242674,-0.0219536320563299,0.0001628156878572,0.0362914950317495,0.0026982340279909,-6.567855826352959e-05,0.0025477278309523,-0.0004866654446037,0.0001011553626085,-0.0001561120899198,0.0015852516479344,0.0007238976316281,0.0310070803252356
0.0,0.0013405764299933,-0.0309355426159919,0.0,0.0,0.0,0.0,0.0,0.002383967179172,0.0,0.0,0.0,-0.0007944353172412,0.0,-1.3085346680165889e-05,0.0783060038312797,-0.0033802074269372,0.0,0.0,0.0,-0.0062598512824474,0.0497463414644282,-0.2505364041379101,0.0056172924169418,8.459268069783128e-05,0.0001883313682199,-0.0023059696442096,-0.0010068805549022,0.0,-0.0004566606022593,0.0,0.0,0.0,-0.0063069803393528,-4.012021597340358e-05,-0.0299284186988093,-0.0055371121520135,-0.0176878102287807,-0.0102553660363575,0.0010981658429929,0.0004978153817861,-0.000125131649392,0.2916603502914626,0.0876415718943344,0.0371770613694941,0.050390465565953,0.0103903042177331,0.0030042011481246,0.0009063305102176,0.000283535986007,0.0003985939958444,0.306579813432911,2.3278139831989032e-05,0.0,-0.0279398027863012,0.1966434793554528,-0.0309449923568102,0.0005238734228651,0.0058400367033161,-0.0083041692861235,-2.319023660049673e-05,0.00010852120931,0.0208998076246361,-0.0002116560739724,-0.1087424580520843,-0.1368107467894621,-0.0088092778417011,-0.0449120312584345,1.8137209988257346e-05,-0.2916327711696853,0.0411774169863361,1.1763611321422422,-0.0247722619151221,-4.921063191437363e-05,-0.0430092999812351,0.1157613734812519,0.0856924323443241,-0.0018143940542007,0.0201454284935772,0.0,-0.0008685968731294,0.0002235372050242,-0.0093693405303669,0.001707413200254,0.0818583030744432
-0.0001271054188664,0.0040836654823835,-1.5921633306037683e-05,0.0164056606364674,0.0,0.0048337505807944,-0.0007891506231849,-0.0006315802260046,0.0702176740286551,0.0269650399509812,0.0,0.0036648369049908,-0.0031050413429753,0.0006443017195817,0.005587990798633,0.0061292920483089,0.0,0.0,0.0,0.0033050125082986,-0.0074024531920834,0.0250799990148535,0.0004081664411845,0.1175279557723075,0.000469726012714,0.0,0.000967923006769,-0.0306702785248626,-0.0008120041477994,-0.0045004583015968,0.0,0.0,0.0018536359943897,0.0031890855926164,-4.784661912847772e-06,0.0529443242643395,0.0019159134409417,-0.0012537535395481,0.0013582962189466,-0.0419102802005854,-6.224720141256726e-05,-0.0008699799166065,-0.0173510251285333,-0.0092917723763549,-0.0426395672879932,-0.0139438305096976,-0.0017575873782488,-0.0131056723092227,-0.0007312913731637,-0.0019051199145464,0.0178095655324914,-0.0435327393368628,-0.1152544457186135,-0.004115662301762,-0.0111454346784438,-0.0240636097219609,-0.0127901100162375,0.1960219713685353,0.0076605972603189,-0.0008398185589988,0.0454611640245374,-0.0074053201309472,-0.0367398568453023,0.0224830879600181,-0.3963757352941604,-0.0132665027583319,0.0,-0.000662043530001,-0.0064652316941785,-0.0282431710343698,0.0353226071242674,-0.0247722619151221,1.0168892519239745,-0.0003688435262646,-0.0017337649312017,-0.094298430896262,0.2608640723889047,-0.0248093278781266,-0.0127969737009989,0.0,-0.0010044406872452,-0.0079021889153974,-0.0161059464514507,-0.0002137151655693,0.0055246333998894
0.0,0.0025049896097379,0.0005597964214898,0.0,0.0,0.0,0.0,-1.2451572980704914e-05,-0.0060744236920397,0.0,-0.0347777920328072,0.0,-0.1204837195881061,-0.000150649455959,0.0,-0.0001211960054741,0.0003671535164756,-0.0023882603590537,0.0005539669079406,0.0,0.0,-0.0151323922501037,-7.747366883867942e-06,-1.1268011379850932e-05,-0.1070412227987039,-0.0182610261216211,-0.0123228733160775,0.0,0.0003529314165446,3.487297557719453e-05,-0.0110705600858866,-0.0004084317201359,0.0,-0.0037513480180907,0.0,0.0002357365632249,-0.0029543900705707,0.0089805225198268,0.0005183470467556,0.0001384256424615,-0.0002191496047169,-0.0090996481637341,-0.0002435321404412,-0.0095883806580841,0.0035428811314722,-0.0028280085166991,-0.0001536124431498,6.922089771683747e-06,0.0047215345872233,0.0,0.0410611377338519,-0.0006053228061294,0.0,0.0,0.000160201382531,4.824806188807822e-05,-0.0006772454672233,-0.0344717071893819,0.0,-0.0226624903511316,0.0004683858823119,-0.1810547831524641,0.0002819892539186,-0.000209326295874,-5.368824457056378e-06,-0.0009492194828742,-0.0037654338066314,-0.0036326042074218,0.0,-3.250614387214467e-05,-0.0219536320563299,-4.921063191437363e-05,-0.0003688435262646,-0.2052841057034017,-0.0153113645260472,-0.1125844572599266,4.692093941257214e-05,1.7994846507661365e-05,-0.0002032842546318,-0.0041732924400484,0.0003797729224015,2.7724944599813988e-05,-0.0034114189432046,-5.87745248264886e-05,-0.0010082291002584
0.0,0.0072432398466053,-0.0019972023913834,0.0,0.0,0.0,0.0,0.0,3.125064138785544e-05,0.0,-0.0039517200744585,0.0,0.004702460329869,0.0,0.0,7.199974608863739e-05,-0.0045881262851778,-0.0017086276547165,-0.008795988136151,0.0,0.0,-0.0001931412300636,-0.0001366741006841,0.0,-0.0092457020197828,-0.074111886465176,0.0632493622985669,0.0,0.0,0.0,-0.0078795627898247,-1.0691266743793276e-05,0.0,-0.009094666751315,3.2279684946922886e-06,0.0018137032198435,0.0153290446473309,0.012993324638436,-0.0041327407767334,-4.9460845358287655e-05,-2.7868239349641396e-05,0.0008467858599245,0.0587723089362386,0.0060869595268824,0.0142355466627198,0.0007055147099709,6.795448981501339e-05,0.0006075981998706,3.230706601711802e-05,0.000523811353525,0.0051874995399121,-0.1061816643449175,0.0,0.0,0.0001289344387901,0.0137089554089257,-0.0003715481034256,-0.000216217304591,3.707223112904401e-05,-0.1429252671023839,0.0,-0.0032657211083052,0.0060741741533664,-2.3254526814358177e-05,-0.0005506864957826,0.1395184674780257,-0.1744704389233995,0.0603740071161913,0.0,-0.0090613063677123,0.0001628156878572,-0.0430092999812351,-0.0017337649312017,-0.0153113645260472,-1.1573802506057589,0.2424601581677012,0.0012848083668713,-0.000397858566765,-0.0016627963212336,-0.135646162512472,-0.0003811464938859,-0.0003554197354057,0.0060006874385014,0.0001413074150284,-0.005820202684882
0.0,0.1314996825998971,0.0073657401316676,0.0,0.0,0.0,0.0,0.0,0.0013551170516086,0.0,-0.0115748733114563,0.0,-0.0023317126516515,5.020596714861942e-05,0.0,0.0171100212757535,0.0460460365572849,0.0008320526124469,0.014170151730202,0.0,-0.000452630402101,0.0506639926396246,-0.1134179937155547,-0.0037205856907617,-0.0348232142053726,-0.0524941046553695,0.4545807176724339,-2.8981704722292318e-05,0.0002807498612351,-0.0001257216126974,0.0089028335031777,0.0004357393050068,0.0,0.0270371440608114,-0.0001074865242116,0.0934832711905655,0.0283667357252227,0.028930982398805,0.0008351486520859,0.0001568876023045,-2.719921517614801e-05,-0.000836605901176,0.2152418040339933,0.0535397781318714,0.0460543675797103,0.0357373914763275,-0.0006870604323097,-0.0004191132124857,0.0004554962682608,8.553592811704749e-05,0.0732048451918069,0.2939404751161579,0.0,0.0,-0.0008345880841312,0.0089020033871974,-0.0006014477841276,-0.0471715238250132,-0.0004652588049684,-0.0014113888494184,0.0003291696611792,-0.0182767146314638,0.0011446924436056,0.0004403170517109,-0.0053883178300633,0.0871078029556043,-0.01182799724658,-0.0426828422897953,0.0001139969536399,-0.0489487087530857,0.0362914950317495,0.1157613734812519,-0.094298430896262,-0.1125844572599266,0.2424601581677012,0.1584246742079996,0.0123976663348269,-0.0007483134047894,-0.0022527514373925,-0.0414371363400425,-0.00100432759234,-0.0002241362299441,0.0399047830172804,-0.0009298570013882,-0.0006493390506134
0.0,0.0005844217965078,0.0,0.000498804573013,0.0,0.0,-0.0017053423267378,0.0,0.0520015352853094,0.0,0.0,0.0015623590461193,3.55589210730124e-05,0.0,-7.441673857885385e-05,0.0006375174610652,0.0,0.0,0.0,-0.0003609405686638,-0.008311691751013,0.0123629302314678,-0.0001735201907624,0.0064566061904484,-0.000171799433234,0.0,0.0002554280419377,-0.0090028018333105,-0.0010070866662877,-0.0092466684220736,0.0,0.0,5.51424782546327e-05,9.567385998832158e-05,6.774796443273477e-06,-0.0096095113660855,0.0007103276445378,-0.0013531200748704,0.000180555406721,-0.0250273983203955,0.0,4.350475762838396e-05,0.0381636224190811,-0.0110036271934027,-0.0285990882826259,-0.0152083704419417,0.0044260441187095,-0.0015499850731982,-0.0007877132177885,0.0115326169872248,-0.0003959841645671,-0.1103924693216045,-0.0039282603558218,-0.0013082808318772,-0.3066922878928694,0.9167593819243044,0.0126181146155802,0.078913606222553,0.5271811931564585,-0.0006409740804104,0.123239806233105,0.0005958424310405,0.0385403681871531,-0.0035161919148862,0.0256707127168774,-0.0005315455599089,-4.956526554152474e-05,-0.0002130297126307,0.0248712774946747,0.6003539462246749,0.0026982340279909,0.0856924323443241,0.2608640723889047,4.692093941257214e-05,0.0012848083668713,0.0123976663348269,3.035245420188223,0.0938292019728455,-0.0133726170664815,0.0,-0.0001678126259522,-0.0150574546375564,0.08231578725524,-0.00289364510717,0.0187095146407352
0.0,-0.000274111039181,0.0,0.0,0.0,0.0,-7.314188364484447e-05,0.0,0.0090896154019542,0.0,-8.514531991268164e-05,-0.0002230395815702,-0.0011220327637833,0.0,0.0,-0.0008334773763527,0.0,0.0,0.0,0.0,-0.0013454853960064,0.0028197917147616,-1.7316468063343094e-05,0.0022683340016154,8.279372963795699e-05,0.0,7.603195140413948e-05,-8.646305514515654e-05,-0.0003386940515998,-0.0024246402376703,0.0,0.0,0.0,2.3243306875505107e-05,0.0,-0.0030695880151102,-3.896964457389452e-05,6.763695763214209e-06,3.228188503136282e-05,-0.0021093536533462,0.0002439980251986,0.0003054198933903,-0.0010615002283119,0.0008652415572417,-0.0277394200902085,-0.012319065909582,-0.0007511817846923,0.0003724196073616,0.0007635373518256,0.1280834870689053,-0.0002212505161367,-0.002245562467984,-0.0105236703828497,-3.286235323544844e-05,-0.0002773608634319,0.0676622608544102,0.007811653228207,0.0221713406250473,0.1139254979215796,-0.0191968136989399,-0.0103978158779074,-0.0042252277340674,0.0479331562347134,-0.000210400662972,-4.3464244063712826e-05,-0.0066079042200171,-0.0013033806288148,-0.0029643755043757,-0.0036680917733291,-0.0009890652426021,-6.567855826352959e-05,-0.0018143940542007,-0.0248093278781266,1.7994846507661365e-05,-0.000397858566765,-0.0007483134047894,0.0938292019728455,0.1284226555250231,-0.0830862899842578,0.0040016494760144,0.0042411415377037,0.0244881781523331,0.0007215808566677,-0.0009129286841498,-0.0083096338651371
0.0,-0.000520039357038,0.0,-0.0003020622996402,0.0,-0.0001993645004113,-0.0001235465129192,0.0,-0.0042631652889621,0.0,0.0,-0.0003594538391379,-0.001770049942787,0.0,0.0,-0.0010848038069835,0.0,0.0,0.0,0.0,-0.008615668573823,0.0074980020876262,-0.0030200859708124,-0.0022149753282185,9.75860955017403e-06,0.0,-0.0002695069165281,-0.002893562161156,0.0002727787894715,-0.0017187191479456,0.0,0.0,-9.505459232721404e-05,-0.0005784473440414,0.0001964719021749,0.0013568710098296,-0.0023086910572822,-0.0006977877260509,-0.0003141296210667,-0.0179059656773586,0.0,-0.0003953670133863,-0.0115126317198996,0.0005245795041381,-0.0233869558344145,-0.0090665844733175,-0.0002989124982992,-9.2738987136102e-05,-0.001368611979036,-0.007062831160724,-0.0006225069109029,-0.0051953013524451,-4.030485842883676e-06,0.0,-0.0044711789502363,0.416923810360536,-0.0040244132319704,0.0060900897899503,0.000186579728462,-0.0035491111432797,2.805936458792328e-05,-0.000494648803109,-0.0036894774691172,0.0002193665271859,-0.0050131174164864,-0.0825566349001865,-0.0030967290769825,-0.0245804828890322,-3.944670120894655e-05,0.245836283195526,0.0025477278309523,0.0201454284935772,-0.0127969737009989,-0.0002032842546318,-0.0016627963212336,-0.0022527514373925,-0.0133726170664815,-0.0830862899842578,0.746956347921825,-5.410967742882435e-05,-0.0013269714977851,0.0048742196948631,0.003310698769118,0.0010186167002468,-0.0034473822585876
0.0,-0.001325853121845,0.0,0.0,0.0,0.0,0.0,0.0,0.0,0.0,-0.0064129791997062,0.0,-0.0112450902471628,0.0,0.0,0.0,0.0,-0.0008912919949718,-9.735058095564415e-05,0.0,0.0,0.0,0.0,0.0,-0.0124516932732874,-0.0013914654103049,-0.0003280490389656,0.0,0.0,0.0,0.0001188701099368,0.0,0.0,-8.045454764275604e-05,0.0,0.0003619619747422,0.0059798603795654,0.003045083581642,6.346656233497643e-05,0.0,-5.1811263387249154e-05,0.0011395069657403,0.0048586969204771,-0.0071581195446022,0.0461167613627414,0.0043194245097891,0.0005192766801744,3.193042886308651e-05,0.0010511480294358,0.0,0.0002257880338709,8.482464251663629e-05,0.0,0.0,0.0002904844243508,0.0,-0.0005867904454006,-4.355701332223975e-06,0.0,-0.0998194106904881,0.0,0.0057724573745778,0.0025310014880445,5.7592395001781386e-05,0.0,-0.0001004219399647,-0.0428042344352415,-0.0005438748735762,0.0,0.0,-0.0004866654446037,0.0,0.0,-0.0041732924400484,-0.135646162512472,-0.0414371363400425,0.0,0.0040016494760144,-5.410967742882435e-05,-0.0852358120102145,-0.0002075647349608,-4.632695316273634e-05,0.0018725256732316,0.0,-0.0002683256549342
0.0,0.0,-0.0001397592637589,0.0,0.0,0.0,0.0,0.0,0.0,0.0,-0.0001561389903223,0.0,0.0001361562094804,0.0,0.0,0.0,0.0,0.0,0.0,0.0,0.0,-5.477577255269237e-05,0.0,0.0,2.8795093211403597e-05,-8.700096528423736e-05,0.0,0.0,0.0,0.0,0.0,0.0,0.0,0.0001365500250422,6.675454762204769e-05,2.069724350996761e-05,0.0004433896812956,-8.96732315019943e-06,-0.0006055157608221,2.2985230398654464e-05,-7.818166224811509e-05,-0.0004612971655395,-0.0121286234103616,-0.0017906944938052,-0.0047447262590194,0.0028860297780592,-0.0200074873072185,-0.000461134836265,-0.0010932707295119,-0.0004177102921401,-3.3746228329206127e-06,-2.0587663232322748e-05,-2.7283960229123543e-05,-0.0097914644646318,-0.079440985096411,0.0004257232958042,-0.3619580907566214,-0.0013670661934664,0.0023427476622946,-0.076596421916523,-0.0034164260255342,-0.0132562678665709,-0.0426355630024627,-0.0156220154105759,-0.0003166130963666,-0.0005852252958689,-0.0003059845466712,6.416863382438227e-05,-0.0001662322635196,-0.000504079783173,0.0001011553626085,-0.0008685968731294,-0.0010044406872452,0.0003797729224015,-0.0003811464938859,-0.00100432759234,-0.0001678126259522,0.0042411415377037,-0.0013269714977851,-0.0002075647349608,-0.144892652985657,-0.0014654360519768,0.0567778947881768,-0.0009455812916802,0.0022207128091201
0.0,-4.902806402545484e-05,0.0,0.0,0.0,0.0,-2.2383883522890655e-05,0.0,-0.0015208217293135,0.0,0.0,0.0,-0.0004045520005448,0.0,5.124052366058789e-05,-2.7861710182164053e-05,0.0,0.0,0.0,0.0,-0.0009294384052573,-5.6035732208658256e-05,-9.65222332927734e-05,-0.0010901126161012,0.0,0.0,0.0,0.000279060055136,-0.0001910550215654,-0.0009698552855836,0.0,0.0,0.0,-0.0001601097220327,0.0,-0.0014334498093835,-2.944917147495685e-05,-9.246108307444916e-05,-0.0001937898396352,-0.0020391574427395,0.0,-0.0001171729510077,-0.0002679743301239,-0.0002954688285366,-0.0139343670941006,-0.0030348161216436,-7.574038321309695e-05,-0.0001038357556857,3.210332633919516e-05,0.0017371050396092,-0.0002015471129347,0.0004095080975885,-9.621488829219064e-05,0.0,-0.0008558310971806,0.0057419373631349,-1.014057411858927e-05,0.0003736350764459,6.056067540523906e-05,-0.0047959445444113,-4.237471539516588e-05,-0.0006132645664119,0.0003672801763561,-5.0529666140008216e-05,-6.509231475396246e-05,0.0024343511859241,-0.0009699459220713,-0.0005248338055488,1.2043202313470894e-05,0.0026219136061624,-0.0001561120899198,0.0002235372050242,-0.0079021889153974,2.7724944599813988e-05,-0.0003554197354057,-0.0002241362299441,-0.0150574546375564,0.0244881781523331,0.0048742196948631,-4.632695316273634e-05,-0.0014654360519768,-0.0307913480956257,-0.0186991203845472,-0.0002998079610557,-0.008600079689904
0.0,0.0042041402545216,-0.0041425235648374,0.0,0.0,0.0,0.0,0.0,0.0033581714935193,0.0,-0.0004687609877672,0.0001545342636646,-0.0012276624561828,0.0,0.0,0.0004143557561988,-0.0021945552093687,-0.0001115690511496,-0.0051115639125475,0.0,5.717780449107365e-05,0.0020141535817767,-0.0011148094845866,0.0012488993144391,-0.0010538487372273,-0.0092470035305102,0.0022032671508213,0.0002645092769634,-6.723076776899037e-05,-4.447790491493411e-05,-0.0002061453279182,0.0,0.0,-0.0028003683764464,-1.2263144589476496e-05,-0.0046923738728964,0.0007362596399554,-0.0007008091374765,-0.0005340650374003,-0.0017755670070564,0.000351280697571,0.0008124338317951,0.0076358738590781,0.0029218179477716,-0.0122598473448725,-0.0040191782518525,-0.0036903514398347,-0.0020522640338209,-0.0014413493159722,-3.213802494092376e-05,-0.0016578813748657,0.0107233073854694,-0.0034985673384773,0.0129850719910568,0.0027155340939603,0.0235531805688391,-0.0078956723035214,0.0116141267633462,0.0924640539041403,-0.2012925179271267,-0.0098567705994041,-0.022309928503202,0.0013069470653633,-0.0014574813268132,-0.001936417347882,-0.1086340729557733,8.035436674306696e-05,0.0133358714427615,-0.0019784304732969,0.0385709668106465,0.0015852516479344,-0.0093693405303669,-0.0161059464514507,-0.0034114189432046,0.0060006874385014,0.0399047830172804,0.08231578725524,0.0007215808566677,0.003310698769118,0.0018725256732316,0.0567778947881768,-0.0186991203845472,0.1066197691835369,9.59518805145134e-05,-0.0026325434829472
0.0,5.173726973248603e-05,1.8053464607870166e-05,0.0,0.0001830949953512,0.0001075842337126,0.0001154810042579,0.0,0.001507266076331,0.0,0.0,0.0046562523337981,0.0015078190843596,0.0,0.0013033249765898,0.0,-1.9105762178715277e-05,0.0,0.0,0.0,6.295972296775054e-05,0.0001046921764439,-0.0009980800794429,0.0,-5.489092736861319e-05,7.165224630569692e-05,0.0001195955153537,0.0,2.9062071960426794e-05,-9.193519896083894e-05,0.0,0.0001756614948114,0.0,0.0001712946718981,0.4930822103842117,0.0315332826713358,-0.0067290428553751,-0.0035313941338078,0.0121831847784207,0.0030124587400205,0.001113730331992,-0.0001227739367933,0.0810980531841114,0.0077469634349452,0.0035309405767227,-0.0133166669077498,0.0063292964823518,0.0028217976392764,0.0009701355594248,0.0,4.87649838206936e-05,0.0004109233897556,-0.0001200862544484,-1.2246673239969632e-05,0.0191819342384791,0.000992150739661,0.0001303915246259,0.0015290300115403,-6.345065497785338e-05,-5.502400855838733e-05,0.0083402909506068,0.0019961848765284,0.0,0.0190784201322463,0.0003442594274026,-2.10528462964448e-05,-2.4931825410028296e-05,0.0,0.0,0.0027322857578949,0.0007238976316281,0.001707413200254,-0.0002137151655693,-5.87745248264886e-05,0.0001413074150284,-0.0009298570013882,-0.00289364510717,-0.0009129286841498,0.0010186167002468,0.0,-0.0009455812916802,-0.0002998079610557,9.59518805145134e-05,1.0373595145983934,0.447009345629048
0.0001406482319967,0.0057933246360267,-0.0014864226426365,-0.0018493813334219,0.0001399638389749,0.0033963571756865,0.0057316340782615,0.0004076407675376,0.0480272442645834,0.0128576232738559,-0.00022800233492,0.0005354633015465,0.0012235989383505,0.0010935327524545,0.0050930043536884,0.0014715064484878,2.4679328109916487e-05,-1.6341578950136396e-05,-0.000594579537913,-0.0003554977208211,-0.0453680052331928,0.0189432117616746,0.0201204324051117,-0.006153661261498,9.969627423509276e-06,-0.0010596777426133,-0.0035810192976766,-0.0052072713953809,0.0040402708445614,0.0137260667510953,7.547733251566615e-05,-0.0025749425190959,0.0008896179442503,-0.005173490492505,1.0730640702746743,0.0551620930429105,-0.0186102294751578,-0.0027570456821466,-0.0360450257891812,0.0001255387471505,0.0004154525443343,-5.4574798739915886e-05,0.0681236147168041,0.0080313538454853,-0.0292156135871292,-0.0532795772764867,0.002161430926861,0.0021211936909835,-0.0009132045010428,-5.263660135830231e-05,0.0012831411400661,0.0087284728316389,-0.0023760241872938,0.0003098325854488,0.000974278115869,0.0112477563872914,-2.4222636841940568e-05,0.0579974819384421,0.0061082661507172,-0.0012108672690895,-0.0018906480755242,-0.0008905633017789,7.62021382016335e-05,0.0035186897143639,-0.004420828953114,0.0022213448779993,-0.0016204958854573,-0.0004905286568833,-0.0005037640730119,-0.0119184701384535,0.0310070803252356,0.0818583030744432,0.0055246333998894,-0.0010082291002584,-0.005820202684882,-0.0006493390506134,0.0187095146407352,-0.0083096338651371,-0.0034473822585876,-0.0002683256549342,0.0022207128091201,-0.008600079689904,-0.0026325434829472,0.447009345629048,0.0868883107395695
