-0.1011228733840912,0.0,-0.0026229321879196,0.0004803739590695,0.0,0.0021416706355192,-0.1268849569919042,0.0157945569128317,0.0003673560650193,-0.0032548738390609,0.0009394606120066,0.0,0.0003114796834168,0.1465684567255145,0.0,0.0,-0.0115075043989489,0.0,-0.000441492804407,0.0,-0.004092188449397,0.0,-0.0103368710901681,-0.0003786453233139,0.0,-0.0044326958807265,-0.0002012540913111,0.0003394804741166,-0.2098455629210374,0.0010535281643523,0.0,-4.4624691974082775e-05,0.000207295982261,-0.0027781255681682,-0.0003122435645976,0.0021539803373921,-0.0013411324443759,-0.0005386244067182,-0.0013561666136227,0.0003190490520465,0.0007189607543367,0.0,-0.0001545156017024,0.0,0.0,0.0,0.0,0.0,0.0,0.0,0.0,0.0,0.0,0.0,0.0,0.0,0.0,0.0001321413683311,0.0,0.0,0.0,0.0,0.0,0.0,0.0,0.0,0.0,0.0,0.0,0.0,0.0001217672105668,0.0,-0.0003643397021825,0.0,0.0,0.0,0.0,0.0,0.0,0.0,0.0,0.0,0.0,0.0,5.05655473238102e-05
0.0,0.0794064057407842,-0.0005943328977235,0.0,0.0,7.473753697277717e-05,0.0002010083061017,0.0004908175672685,-0.1101638833227383,0.0,-0.0025400978414102,0.0,-0.00511438526228,0.0001506294374661,-0.0005018303949491,0.0085325465874429,0.0049533702105189,0.0028752105790317,0.0023765804946077,0.0,-0.0009321077211342,0.1663809101425978,0.0004891103555748,-0.0516290623959306,0.0740616221340884,0.0075658176995272,0.4990008343822564,-0.0047559891215439,-0.0001657669390744,0.0006505674700436,-6.0435248834050255e-05,7.841659695915819e-05,4.071237459095801e-06,0.0081668281189411,-0.000121660323635,0.0212432128179449,0.0223932259244309,0.0134825120297671,0.0024625790416543,-0.0012500805229991,-0.0005339874440943,0.000477812746775,-0.0119440747509818,0.0043157670695564,-0.0028211145832021,-0.0018159512027663,0.0002344589451354,-4.430208984870633e-05,0.0082122950814998,0.0,0.0724331555158798,0.0030854925821712,0.0,0.0,0.0,-0.0001803863048014,0.0,-0.000717634520764,0.0,0.003342662378101,0.0,0.0421080831063496,0.0,0.0,-0.0167064330255807,0.000214846399014,6.340676651491421e-05,-0.0012108149323425,0.0,-0.0098326554170902,0.0644968146032862,-0.0186175571020237,-0.0051924463604295,0.0203726131558412,0.0008033293510078,-0.0523984252003252,-0.0035320002807293,-0.0001140489646363,0.0005544452924605,-0.0003025996873999,0.0001665497852193,-3.166771056940588e-05,0.000203964956448,0.0,0.0005649312025329
-0.0026229321879196,-0.0005943328977235,0.6847148551128845,0.0002004265248582,0.0,0.0403468469701801,-0.1125613228044338,-0.0162836843779179,-0.0012156954581808,0.0133573951380485,-0.0009275124744989,0.0,-0.0002083323663025,-0.127718743133065,-0.0002476252349035,0.0006293298273419,0.0263563025861991,0.0042566486578038,0.0198315271545165,0.0,-0.00831655901518,0.0072164278022391,0.6831749855973844,0.0014709951666958,-0.0006350409338003,0.572827678684314,1.2401218948208954,0.0046485123609835,-0.0423203914572556,-0.2051920807650078,0.0,0.0005999932845648,-0.0033130303047907,-0.0324096630559758,-0.001540590416682,0.0385753797286792,0.0315137669034423,0.0354909005680772,-0.0789577261508469,-0.0016027866561882,-0.0008445749547491,-0.000328325920518,-0.0122387578822867,-0.0048975711960185,-0.0059641423163045,0.0020182940022943,0.0,-0.0002537593035351,0.0,0.0,-0.0039047122006798,-0.0057192872375122,0.0,-1.3576651370787728e-05,0.0,0.0,0.0,-6.108667775142083e-05,0.0,0.0,0.0,-0.0001749057333811,0.0,0.0,-0.0017200751943308,0.0001486549540528,0.0,0.0,0.0,-7.769330567369771e-05,0.0049297887409502,-0.0101152459976452,4.615933153235946e-05,-0.0002730417035286,0.0042013747141081,-0.0892678785063113,0.0,0.0,0.0,0.0,0.0,0.0,-0.0007166283625552,-0.0002382637056711,-0.0294763698825666
0.0004803739590695,0.0,0.0002004265248582,1.8628652449627845,0.0053022018853743,0.0140411742982963,0.0110241798812957,0.0044696737356392,0.0188207450494534,0.0548583868190704,0.0,0.2049797183654232,-0.0002789611217454,0.0009120067690062,0.0495664727934207,0.0,0.0,0.0,0.0,0.7317148160015211,0.0002150836038599,0.0001529789347744,0.0,0.3900547232870673,-0.0005275271371333,0.0,0.0,0.5540711430952957,0.0019970304252374,3.6682309348524246e-05,0.0,-5.393862045519035e-05,-0.0002243682843002,-0.0041115524894405,-9.513910723562942e-05,0.0211397087848995,0.0015130933574324,-0.0006476087553657,0.0004376998240217,0.0494429320691462,-0.0002062221111225,-6.108479976232107e-05,-0.0029108071838754,-1.6994614751065087e-05,2.9695269556876053e-05,0.000140072669229,0.0031318788627651,6.460887986560412e-05,0.0,0.0,0.0,0.0,0.0693520928226649,-0.0003820354369891,-0.0015038478297595,0.0011235836875068,0.0002315774723229,-0.009079345205547,0.0017535918240796,0.0,-0.0408569108084268,-0.0003544824845582,-0.0002366739015985,-0.0042230011495236,0.0002273006772186,0.0,0.0,0.0,-0.0067082201827872,0.0,0.0001460423957434,0.0,-0.0811700031772616,0.0,0.0,0.0,-0.0028311495861891,0.0001482587454238,-3.441593134701714e-05,0.0,0.0,0.0,-0.0018242822283789,0.0,0.0007999865641732
0.0,0.0,0.0,0.0053022018853743,0.1670063656853962,0.0875494970343398,-4.2320554309174856e-05,0.0046216813278835,0.022808545217728,-0.0009159030508325,0.0019463343959542,0.0064364642093205,0.0019474038784321,0.0002322922511111,0.1386137323808201,0.0,0.0002923118651857,-0.0002804670566057,-0.0003231667930593,0.0032204141118118,0.0006993581164889,0.0017575162684922,0.0003140261820759,0.0060325068701945,0.0001027303257431,-0.0001999910542442,-0.0001601974093255,0.0017364997720958,-0.0010597268630602,6.710804230594843e-05,-0.000130906948716,-0.0259468146796664,7.386247207008557e-05,0.02629089453601,-0.0166380253342286,0.0114739540086711,0.000399604614415,0.0001202708790439,0.0002400921313902,-0.0088382139070313,0.0352123747125574,-9.640322186913918e-05,5.000440103934954e-06,0.0002740539339986,-0.0007991924336414,0.0001730996740358,0.0008140412552202,0.0001617190164963,0.0001646471447598,0.0,0.0,0.0,0.0,0.0,0.0002494246207479,0.0,0.0,-2.2435822856729543e-05,0.0,0.0,-0.0009074128039573,0.0,0.0,-1.618401103061188e-05,-0.0003862984748169,0.0,0.0,0.0,-0.0002581916587381,0.0,-6.285032441231737e-05,0.0,-0.0001866543130386,0.0,0.0,0.0,0.0,0.0,0.0,0.0,0.0,0.0,-0.0004046762724556,-0.0003337121916474,-0.0008138545371405
0.0021416706355192,7.473753697277717e-05,0.0403468469701801,0.0140411742982963,0.0875494970343398,0.3158797257940347,0.0737210073711212,0.0992725206594965,0.0052743818067071,-0.788406759119673,-0.0007524730276512,0.0040093974338351,-0.0028811532052282,-0.0636840815627807,0.1210841517844977,0.0,0.0087938875368013,-0.0018635113302683,-0.0001619921949093,0.0252107587040053,-0.0025607010401192,0.0044131565422691,0.0257962906739401,0.0689785299109873,-0.00064144082311,0.0081479836103934,0.0006365268446351,0.0584025032233759,0.0072496690829168,0.0242841899284692,-0.0001936570755059,-0.0240343628211044,0.0040932456497412,-0.00322025659044,-0.0288019649060502,0.1263032070829313,0.0233438167600996,0.0209746044811985,-0.0144877436144582,0.0933167274620137,0.0132225722462168,0.0007284582911345,0.0018911225640709,-4.650052569779034e-05,-0.0046965982998863,0.0001475744550247,0.0261591611498903,5.310572467372039e-05,-0.0010556469070109,0.0,0.0,0.0,-0.0013278644041286,-8.543951132061574e-05,0.0001814900377246,0.0,0.0,-0.090117142184226,-0.0006412846783251,-0.0008800051768485,-0.0075179148223061,0.000318355956467,0.0,-0.0004588860612527,-0.000312851820081,0.0,0.0,0.0,0.002486702995366,0.0,0.0016920435628882,0.0,-0.0578022466556776,0.0001156307473428,0.0,0.0,0.0003324204070328,0.0,-0.0001839178952171,0.0,0.0,0.0,0.0013974001192791,-0.0096498255297153,0.0031232455006093
-0.1268849569919042,0.0002010083061017,-0.1125613228044338,0.0110241798812957,-4.2320554309174856e-05,0.0737210073711212,-0.6946271485423597,0.1703698239862363,0.0078796051261355,-0.3666868809704284,-0.0017031210196835,-0.0095377601620752,0.0013551367149356,-0.5655920698911209,0.0035072243578491,0.0005808180762693,-0.001285613948012,0.0,0.0001261659834261,0.0060590594544257,-0.1666328309084041,0.0049474159011365,-0.0707846008146143,0.0099804292209891,-0.0004197116089366,-0.0045818088048433,-0.0126971932590519,-0.9545604252123576,-0.1039280974569918,0.0125702042228651,0.0,0.0014550432265207,-0.0156765516045376,-0.0640331971528656,-0.0020945975257626,0.1114415288755508,0.0073202067527391,-0.0086857128818474,-0.0101346922456486,0.0027914106267691,0.0056087005607701,4.237287148732927e-06,-0.0031035692509452,0.0006413080769133,-2.8351650051562377e-05,0.0,-0.0021051265292974,0.0,0.0,0.0,0.0001207934635802,0.0,-0.0001013585207973,0.0,0.0001650983979143,-0.000622581879563,0.0,-0.0104912617873806,0.0,0.0,-0.0098721612292867,-0.0003456350706762,0.0,-5.841810189662831e-07,0.0010096884820038,0.0,0.0,0.0,-0.001625888250097,0.0,0.0009917244178338,0.0,-0.0292171294037152,0.0,0.0,0.0,0.0010225450189409,0.0,2.115055054849936e-06,0.0,0.0,0.0,-0.0008091134474562,0.0,-0.0054606127040512
0.0157945569128317,0.0004908175672685,-0.0162836843779179,0.0044696737356392,0.0046216813278835,0.0992725206594965,0.1703698239862363,0.1172066970968653,0.0404050596330031,-0.1439471923540005,0.0338507255813249,0.0024434159932847,-0.0007386858299721,-0.6094391840136636,0.00097078988418,0.0,0.0301381873686036,0.0046668827623339,0.000255241073915,0.0139030931234684,-0.0122053661305616,0.0046725611822827,-0.0101313100867772,0.0454405748173165,-1.7417711166570792e-05,-0.0206474239217009,-0.0004441608112647,0.0730238427887463,0.0081164221436883,0.1463240511043091,-5.141650536769165e-05,-0.0061215875942802,0.001805780902817,-0.0036828552740861,0.0003439559641496,0.0401906152322688,0.0155770475308822,0.0189847974319597,-0.0137383815932765,0.0216288022283458,0.0024434602786658,0.0008895006686216,-0.0018923637722516,-0.0003951542798792,-0.0113333144135634,0.0012933185286661,0.001907123974995,-0.0005753839946674,-0.004256406136911,0.0,6.125408707558198e-05,0.0,0.0,0.0,-7.693727792652543e-05,0.0,-5.0645047789978864e-05,-0.0108557137310101,0.0,-5.9393941819121646e-05,-0.0001813746007506,0.0006117671790027,-8.613633562252877e-05,0.0,-0.000741954899984,0.0,0.0,0.0,-0.0007535855853596,0.0,0.006300465417914,0.0,-0.0227822172749287,0.0007113337942059,0.0,0.0,0.0,0.0,0.0,0.0,-7.321432744651289e-05,0.0,-0.0021627106561291,-9.176699874401032e-05,-0.0075697073573675
0.0003673560650193,-0.1101638833227383,-0.0012156954581808,0.0188207450494534,0.022808545217728,0.0052743818067071,0.0078796051261355,0.0404050596330031,0.2227877172197345,-0.0604452139901601,-0.0012718496415866,0.0052208086941811,0.0038301718095529,0.0142808273069305,0.0446535579653221,-0.0002854369428515,-0.0018888977275819,0.0,0.0003140725604577,-0.0216941685614671,-8.694025651256575e-05,-0.0265312607295682,-0.0008742467560052,0.2407193596509135,-0.1060376479457606,-0.0024376608187629,-0.3928251686137094,-0.1019021139581004,0.0212470384182693,0.0127279034980193,0.0,0.000200514672234,-0.0042538314075889,0.0013504638045305,0.0050853273647262,0.0087633073899068,-0.0072570348257562,0.0025000818078456,0.0006781185752824,0.0406201905130429,0.0040998892499512,-0.0034784139126489,-0.0142425367968398,0.0003953552902284,0.0016364929797967,0.0049547950458375,-0.0086978126598355,-0.0015345267211457,-0.0004896177772426,0.0002967123287724,-0.0017556587740028,-0.0001954738185168,-0.0895477073315742,0.0011770720203542,0.0072155969433188,0.0341804324513488,0.0017168554639031,-0.0546933679485367,-0.0256625756675615,0.0,-0.0493848335493201,-0.0014153261955997,0.0051679900168258,-0.0017219596308996,-0.0168737846040921,0.0008881333324154,0.0,0.0,-0.0416813362886889,-0.0175861009249383,-0.0188053302564638,0.001947048104335,-0.2516922649224722,-0.0060404392863336,0.0,-0.0023162602674518,-0.0844963663862998,-0.0119987234787778,0.022596590032289,0.0,-0.0007794941341615,-0.0018350055376392,-0.0049839895858542,0.0003045986885622,0.0241717965667203
-0.0032548738390609,0.0,0.0133573951380485,0.0548583868190704,-0.0009159030508325,-0.788406759119673,-0.3666868809704284,-0.1439471923540005,-0.0604452139901601,-2.5855591906252733,-0.0031387871644436,-0.4436028063418436,-0.00112403230384,-0.1076747825145632,-0.0068346207963218,0.0,-8.944605617204321e-05,0.0,0.0,0.3013285911058869,-0.0047626492306087,0.0003914275734655,0.002146376836427,0.0033639676009803,0.0,0.0009586057552104,0.0,-0.457298044851574,-0.0553866050095778,0.0029231055782643,0.0,-0.0023269166357645,-0.0030577749767666,-0.1173016101240875,-0.0230065728609733,0.0174784528711171,0.0052767062246612,-0.0578198486019434,-0.0069597616958533,0.0100070780186501,0.0003090047296184,0.000177724094464,7.790699038780286e-05,0.0,0.0,0.0,-0.0114943863994141,0.0,0.0,0.0,0.0,0.0,-0.0004813696378269,0.0,5.017239257752728e-05,0.0,0.0,-0.1239471551992505,-0.0001829809606823,0.0,-0.0142065134600973,0.0,0.0,0.0003218722873169,1.0139539544635072e-05,0.0,0.0,0.0,-6.356944019214852e-05,0.0,0.0014150893149566,0.0,-0.0705405528863105,0.0,0.0,0.0,0.0,0.0,0.0,0.0,0.0,0.0,3.8048820275619685e-05,-0.0029594690956007,0.0069929797974391
0.0009394606120066,-0.0025400978414102,-0.0009275124744989,0.0,0.0019463343959542,-0.0007524730276512,-0.0017031210196835,0.0338507255813249,-0.0012718496415866,-0.0031387871644436,-1.230724578312354,0.0056937293982143,-0.3334750101100796,-0.0495396962336556,4.123855827211389e-05,1.7348275309420153e-05,0.0028251111351171,0.01201008228443,0.023971130800009,0.0038408104900823,0.0041539335263841,-0.006389260142204,0.003456271710612,0.0,-0.0241813689006062,-0.2351626964099148,-0.0616135260855398,0.0004625879688636,-0.1072989340530465,-0.0002770105275899,-0.0828532341496685,-0.0243265507406039,-0.0021211935585309,-0.203864512040631,0.0004219884080796,-0.0193230149408196,-0.0821374352343898,0.0047444619473832,-0.0113814912789759,-0.005831722657023,0.000165162568843,-0.0429481409893214,0.0001402020720669,0.0097621978282474,-0.0002490124470685,-0.0001238822036836,-0.0003246121368692,-0.0001478181736025,0.0060323385277928,0.0,0.0195632471546559,1.99436526778914e-05,0.0,0.0,-3.670223836930991e-05,0.0,8.413041774240438e-05,0.0,0.0,0.0003553486581114,0.0,-0.0493135303567542,0.0003304237907445,0.0,0.0,-1.0829081590578284e-05,0.0022365106657176,0.0002510614904814,0.0,0.0,0.0006677618736168,0.0,0.0,-0.032364860408148,0.0153299236344444,-0.0238052271194098,0.0,0.0002458995962838,0.0,-0.0235051427120741,1.7573807554269518e-05,0.0,-0.0020827431566949,0.0,-0.0051520628968337
0.0,0.0,0.0,0.2049797183654232,0.0064364642093205,0.0040093974338351,-0.0095377601620752,0.0024434159932847,0.0052208086941811,-0.4436028063418436,0.0056937293982143,1.292510146935367,-0.0018718483829843,-0.0164218443021879,0.1234799667082579,0.0,0.0,-9.073698816668289e-05,0.0,0.5704784970311948,-0.0002284421203067,0.0003490905223846,0.0,0.0035905714445837,-0.0012630766275141,0.0,0.0,0.0315983436843868,-0.0056801379063315,-0.0001388776354751,0.0,0.0009718538971467,0.00044552585978,-0.0547688323362681,-0.0583343816034124,4.5547405411722296e-05,-0.0008960669883845,-0.019711827958668,-0.0040451474522836,0.0220978007845365,0.0029543100211554,0.0005591127986089,-0.0044054296208653,-0.0009015924372903,-0.0028438143250413,-0.0024085559073792,-0.0217282050289297,-0.0001274169519193,0.0001194080579524,0.0,0.0,0.0001137270319083,-0.0028021059443964,-0.0008672046527697,-0.0051346418951273,-0.0023997868446756,0.0012770119832154,-0.0384887741913627,2.413162024595617e-05,0.0,-0.0762758260330565,-0.000372774175351,-0.0019541002756133,-0.0055082797240244,-0.0004146000623389,0.0,0.0,0.0,-0.0103629543434816,-0.0003663598922478,0.0005536399257447,-0.0001241198695663,-0.0234878750011715,0.0,0.0,0.0,-0.0052611146648207,-0.0013583922185063,-7.510693005473228e-05,0.0,0.0,-6.512954509983297e-05,-0.001650850801778,-0.0509293521816911,-0.001239082381929
0.0003114796834168,-0.00511438526228,-0.0002083323663025,-0.0002789611217454,0.0019474038784321,-0.0028811532052282,0.0013551367149356,-0.0007386858299721,0.0038301718095529,-0.00112403230384,-0.3334750101100796,-0.0018718483829843,-0.4273344146348036,-0.0043926998360719,-0.0024146940284015,3.3390343120472583e-05,-0.0003093724379984,0.0002553379331673,0.000399318812626,-0.0003443730016828,-0.0077171600509992,-0.0038767639707801,-0.0060419417430501,0.0019294594798518,-0.1298647923602275,-0.036825718319768,-0.0807515647745963,-0.0085184215849026,-0.0002804459760296,-0.0011223245013052,-0.1350335922234362,-0.0007485461123029,0.0006682107518748,0.0055469959287297,0.0011063258142785,0.02084179637438,-0.0364880433544219,-0.0581173265189416,-0.0015377855740682,-0.061502541411989,0.0009701307822272,-0.0329685538479347,0.0009475221183454,0.0325289234755671,-0.0086787136563642,0.0046229129876839,-0.0011770095044138,4.378613190619012e-07,0.0184966813966193,0.0,0.03744436036435,0.0,0.0014640687220119,0.0003034171552297,0.0022490199283239,0.0036515207322364,-6.15680119135335e-06,0.0041826974023025,0.0006319244604172,0.0015857127012584,0.0021004553753397,-0.0734425548539505,0.0002345431291807,8.443244697635619e-05,0.0003267027844454,0.0,0.0016715035844098,9.661967643206196e-06,0.006357970549729,3.455819708499497e-05,0.0010644061681154,3.172927906334772e-06,0.0033168936872278,-0.0357595718158822,0.0281983868482247,-0.0199645335941985,0.0023428225467045,1.2690174576934942e-05,0.0007041691831461,-0.0294454885816695,4.636593192013873e-05,0.0002102389060731,-0.0023415914152806,-0.000528991476358,0.0043443434241521
0.1465684567255145,0.0001506294374661,-0.127718743133065,0.0009120067690062,0.0002322922511111,-0.0636840815627807,-0.5655920698911209,-0.6094391840136636,0.0142808273069305,-0.1076747825145632,-0.0495396962336556,-0.0164218443021879,-0.0043926998360719,-0.555092020272335,-5.233065421591005e-07,2.2124932464868632e-05,-0.043373768813908,-0.0137007764182712,-0.0057279833905885,0.0059135358506144,-0.0323414251862017,0.0013819927062955,-0.1227789700129932,-0.0004492993243282,-0.0001751442117148,-0.0956372238694924,-0.0008366272055415,-0.0073096785022218,-0.4546546776537964,0.1169743675089925,-0.0015480985732247,0.0032345344985422,0.0073986756976045,-0.0431624862385631,-0.0010001240711934,0.0022332099655039,-0.0093599039713105,-0.0178439335408572,-0.0122954515968289,-0.0059416779341843,0.000489825885621,-0.0020576616135669,-0.0002634175834024,-0.0003112389968232,-0.0056608314326509,-0.0011910774929396,0.0002003144942177,-0.0003692769012061,-0.0018498040596508,0.0,0.0,0.0,0.0,0.0,0.0,0.0,0.0,-0.0014223229839608,0.0,-8.183000854072194e-05,-6.524813858196357e-05,0.0001432228472122,0.0,0.0,0.0,0.0,0.0,0.0,0.0,0.0,0.002190308431461,0.0,0.0011930714041678,6.228695665105386e-05,0.0,0.0,-2.056941356436005e-05,0.0,0.0,0.0,0.0,0.0,-4.814951662972895e-05,0.0,-0.0001197131384289
0.0,-0.0005018303949491,-0.0002476252349035,0.0495664727934207,0.1386137323808201,0.1210841517844977,0.0035072243578491,0.00097078988418,0.0446535579653221,-0.0068346207963218,4.123855827211389e-05,0.1234799667082579,-0.0024146940284015,-5.233065421591005e-07,0.2040759629700786,0.0,8.080194680912027e-05,0.0,0.0,0.0391685469860619,-0.0017302527959727,0.0007968327839353,-0.0011939688756133,0.0320699053588032,-0.0013317375410958,-1.372637559014665e-05,-0.0001712200333249,0.0207123707654998,-0.0002407367417872,0.0023930548706937,0.0,-0.0148871753305669,2.51949149281372e-05,0.0012238876278227,-0.0463775141498796,0.0020829182772434,-0.0019986836596059,0.0042529692150495,-0.0001854721309763,0.0635716720092471,0.001217553808886,2.122613592743665e-05,-0.0001281894655375,2.7377053554839863e-05,1.0440665234621083e-05,0.0002162659046152,-9.328927288668536e-05,0.0002163122640139,-2.954218953920561e-05,0.0,0.0,9.258472611756292e-05,-0.0014782919391043,-0.0001814147249444,-0.0004139005828076,9.387810868204078e-05,0.0,-0.0031731191749173,0.0,-1.820420524229735e-05,-0.0047856360455056,-0.0001885222795935,0.0,-0.000624338414903,-5.4256373984570346e-05,0.0,0.0,0.0,-0.0029888254940415,-0.0003823378190626,0.001809106542093,0.0,-0.0036321224156376,0.0,0.0,-0.0002041462504132,-0.0001625096725368,-0.000178421619521,-0.000657229331709,0.0,0.0,0.0,0.0011885071470951,-0.0170680704051532,-0.0033975940259997
0.0,0.0085325465874429,0.0006293298273419,0.0,0.0,0.0,0.0005808180762693,0.0,-0.0002854369428515,0.0,1.7348275309420153e-05,0.0,3.3390343120472583e-05,2.2124932464868632e-05,0.0,-0.5362701180829191,-0.0020836145560564,0.0,-0.0006948535295996,0.0,-0.1245864011774279,0.0346001844346332,0.2765370188791345,0.1259131089856306,0.0002102614370103,-0.0004185142339762,-0.1201006761046732,-0.1171223108356132,-0.0009094059527514,-0.0012659831440957,0.0,0.0,-4.307841376400536e-05,-5.147132753823827e-05,0.0001275935419456,0.0013955959632127,0.0060000924188923,-0.002101987193534,-0.0015361587980663,-0.00035881843565,-0.0002143620831215,-1.3354752479272724e-05,0.0109901693216937,0.0038466660333984,0.0068913383019343,0.0064014299458577,0.0,0.0,0.0,0.0,0.0026984166899238,0.0029585126396798,0.0,0.0,0.0,0.0,0.0,-0.0012576655142707,0.0,0.0,0.0,0.0002954966531918,0.0,0.0,-0.0249594863010478,0.0,0.0,0.0,0.0,0.0051545198838683,0.0523911367403058,0.0495878906648447,-0.0081932117757929,2.794139211079609e-05,0.0,-0.0010973602636103,-0.0011208125532792,0.0,0.0009437642884509,0.0,0.0,-0.0007252267795197,0.0001045195491718,0.0,0.0003652285110314
-0.0115075043989489,0.0049533702105189,0.0263563025861991,0.0,0.0002923118651857,0.0087938875368013,-0.001285613948012,0.0301381873686036,-0.0018888977275819,-8.944605617204321e-05,0.0028251111351171,0.0,-0.0003093724379984,-0.043373768813908,8.080194680912027e-05,-0.0020836145560564,0.070886659508273,0.0023460600641193,0.0641513428364535,0.0,-0.0147686061439519,0.0153413952473608,0.0904689312005126,0.0037061530708262,0.0005827452670018,-0.0857463095203746,0.0185605045357039,0.0458119681026484,-0.1514154222670629,-0.2704184256036585,0.0,-0.0002417449164244,-0.0318044079883422,-0.1363450515596748,-0.0017180632438402,-0.0639318695853694,-0.0420513292469766,-0.0017311973180521,-0.0212926595937095,0.0003961926800819,0.0001388866623626,0.0001903894977086,-0.0036053363496787,-0.0063137028641341,-0.0045709552188501,-0.0014019640813038,-0.0002088502166597,0.0,0.0,0.0,0.0024417968083705,-0.0053778431554312,0.0,0.0,0.0,0.0,0.0,-3.1208877648925963e-05,0.0,-9.521172039807382e-05,0.0,-0.0005069129058186,0.0,0.0,0.0002345014054821,-0.0022369627781006,0.0,0.0001874380869585,0.0,0.0,0.0122827655464952,-0.0015617700895851,0.0,1.7053461599021296e-05,-0.0072830398738036,-0.0937814124775857,0.0,0.0,0.0,0.0,0.0,0.0,-8.230619033464099e-05,0.0,-0.0099283788322579
0.0,0.0028752105790317,0.0042566486578038,0.0,-0.0002804670566057,-0.0018635113302683,0.0,0.0046668827623339,0.0,0.0,0.01201008228443,-9.073698816668289e-05,0.0002553379331673,-0.0137007764182712,0.0,0.0,0.0023460600641193,-0.0233878949153339,-0.1067939961488999,0.0,0.0003702294508672,0.0010878945213429,0.0006873923488598,0.0,0.0026067359914889,-0.0637478117046221,0.0012469934598393,0.0,-0.0209143013378976,-0.0001548073525649,0.0017988597909926,-0.0023858974824786,-0.0025156862187623,-0.0361342523476761,-1.2642878527228782e-05,-0.0157225676667574,0.0606285967286622,0.0815955617790509,0.0003103835098753,-0.0005629975842377,-0.0006297854083852,0.0006292089761013,-8.290145074888202e-05,-0.0009575121146905,-0.000294658167631,1.962594832317579e-05,0.0,0.0,0.0002941605609735,0.0,0.0010688954371291,0.0,0.0,0.0,0.0,0.0,0.0,0.0,0.0,0.000831035906253,0.0,0.0074249285873616,0.0,0.0,0.0,0.0,0.0013926888429174,0.0010281443727674,0.0,0.0,0.0009308694075854,0.0,0.0,-0.0019874460476991,0.0171555381288122,-0.0053953581843601,0.0,0.0,0.0,-8.399723289339548e-05,0.0,0.0,-0.0001759291598661,0.0,-0.0017702540572316
-0.000441492804407,0.0023765804946077,0.0198315271545165,0.0,-0.0003231667930593,-0.0001619921949093,0.0001261659834261,0.000255241073915,0.0003140725604577,0.0,0.023971130800009,0.0,0.000399318812626,-0.0057279833905885,0.0,-0.0006948535295996,0.0641513428364535,-0.1067939961488999,-0.2685912432715754,0.0002331601265353,0.0077390597456841,0.0058610977997089,0.0472814636351181,0.0002752933667083,0.0004684811209015,-0.200023218863581,-0.0106023740802989,0.0042678072123024,-0.0151832598088131,-0.0126073851979025,-6.845412456138592e-05,0.0003438803086045,-0.005355274663282,-0.0668659857464768,0.0,-0.073331672648993,0.0053064064469043,0.0603837993402613,-0.0195624125590323,-0.0022578255386876,-0.0016351250044817,5.218055059361623e-05,-0.0001354109633911,-0.0068167862984679,2.64087980630664e-05,-0.0003173637545333,0.0,0.0,0.0,0.0,0.0011753643623955,-0.0008327126539182,0.0,0.0,0.0,0.0,0.0,0.0,0.0,3.2243049219201695e-05,0.0,-0.000233468199653,0.0,0.0,0.0,-0.0002410267998735,-0.0001868927957779,-0.0002841883464204,0.0,0.0,0.0036225598816926,-0.0007508919768369,0.0,-0.0025828112257444,-0.0091579362815974,-0.047728041993611,0.0,0.0,0.0,0.0004014285169072,0.0,0.0,0.0,0.0,-0.0030593778732859
0.0,0.0,0.0,0.7317148160015211,0.0032204141118118,0.0252107587040053,0.0060590594544257,0.0139030931234684,-0.0216941685614671,0.3013285911058869,0.0038408104900823,0.5704784970311948,-0.0003443730016828,0.0059135358506144,0.0391685469860619,0.0,0.0,0.0,0.0002331601265353,0.2980492037603663,-2.3599257062019185e-05,0.0002560876911123,0.0,0.0839915467742103,-0.0011221097511238,0.0,0.0,0.136059552141176,-0.001350738060672,-5.042458772711672e-05,0.0,0.0010413202559399,0.0004564166358139,-0.0077900296458911,0.0001281041312328,0.017461745197298,0.0001632135735524,-0.0013403370083507,-0.0021369648518509,0.0293107977076266,-0.0004380303327075,0.0009369319618718,-0.00343509521139,-0.0006146741695463,0.0037959557454224,0.0021365430423344,-0.0018226219357554,0.0,0.0003642030922437,0.0,0.0,-0.0002476677238868,-0.009916120421868,0.0017928310862305,-0.0081874068890382,0.0052794530782827,0.0005283917238965,-0.0271908182856315,0.0009113101204762,0.0,-0.0228484782209892,-4.993751585066264e-05,0.0,-0.0050668598048601,-0.001149228768175,0.0,0.0,0.0,-0.0650654267373097,-0.0006790407954488,0.0001269220554888,0.0004469736966612,-0.1385576388771281,0.0,0.0,0.0,-0.0014172893492739,-0.0006804913920718,0.0004552121203553,0.0,0.0,1.724544259878623e-05,-0.0020696536574091,0.0,0.001222463906806
-0.004092188449397,-0.0009321077211342,-0.00831655901518,0.0002150836038599,0.0006993581164889,-0.0025607010401192,-0.1666328309084041,-0.0122053661305616,-8.694025651256575e-05,-0.0047626492306087,0.0041539335263841,-0.0002284421203067,-0.0077171600509992,-0.0323414251862017,-0.0017302527959727,-0.1245864011774279,-0.0147686061439519,0.0003702294508672,0.0077390597456841,-2.3599257062019185e-05,0.453012052718366,-0.0029291669511055,1.9164407979323972,0.0115666360926932,-0.0007548514612106,0.0205628439599368,-0.0642713204467837,-0.3579039492105536,-0.0195960520933432,-0.7967662957755096,0.0,-0.0002682497297934,-0.0198630207634661,-0.2233893954407908,-0.002030087415381,0.0661134593666042,0.0561187123078277,-0.1357588266786708,-0.0437016188063044,-0.0094337473365291,-0.0072662393313037,-0.0004030791490679,-0.0257913667066267,-0.0066319830786602,0.0028408592815047,-0.0003910249856062,0.0002620687981601,0.0,0.0001195991901871,0.0,-0.000169223497893,0.0003488112351695,0.0,0.0,0.0,0.0,0.0,-0.0016210049672381,0.0,-0.0002346740645317,0.0,0.000232693874525,0.0,0.0,-0.0205557558387475,0.0,0.0,0.0,0.0,-0.0011682262000164,0.0098749340095009,0.001320261588507,-0.0133746039018547,0.0,0.0,-0.0002407869906492,-0.0011772935297357,-1.80712898173228e-05,-0.0019962799320047,0.0,0.0,-0.0016056677472979,-0.0007387086113825,0.0,-0.0613819253137514
0.0,0.1663809101425978,0.0072164278022391,0.0001529789347744,0.0017575162684922,0.0044131565422691,0.0049474159011365,0.0046725611822827,-0.0265312607295682,0.0003914275734655,-0.006389260142204,0.0003490905223846,-0.0038767639707801,0.0013819927062955,0.0007968327839353,0.0346001844346332,0.0153413952473608,0.0010878945213429,0.0058610977997089,0.0002560876911123,-0.0029291669511055,0.2509478672802158,0.0624013060867262,0.4845705726632976,0.0006936439222714,-0.0005132705128211,0.308432279820768,-0.0121478715097298,0.0070043872808756,0.0140118065892778,-0.0012865933846174,0.0006997852039565,0.0028961151589211,0.0083735450003342,0.0025841639237091,0.0872404644193986,0.0191243242162031,0.0314602542733655,0.0082530041883728,0.0067661415995006,0.0017140877198443,-0.0038678017570567,0.0203208478307951,0.0076133915637676,0.0104464124803437,0.0033412253711945,0.0022607128673993,9.792790961561872e-05,0.0029679117583106,-0.0001034973105643,0.0177100850968886,0.0069253400818199,-3.898699046150229e-05,-6.066259166541503e-07,-0.0003737816109349,0.0031655977191263,-0.0004330032623524,0.0072223618638562,0.0,0.0003441113594258,-0.0001839758749323,0.0030622893196761,0.0030655342949447,0.0005990348847383,-0.0641139325971162,0.002069199236214,0.0,-0.0001165394422737,-0.0009423742866765,-0.0159606762674352,0.1426322065349038,0.014620428867728,-0.0077505140477258,-0.0012256490301222,0.0011060831526645,-0.0485265489719758,0.0006319662076502,0.0018128207028123,0.0210675505082502,0.0,0.0,0.0002934555266407,0.0024209547593877,-9.630260804375844e-05,0.0322055552179408
-0.0103368710901681,0.0004891103555748,0.6831749855973844,0.0,0.0003140261820759,0.0257962906739401,-0.0707846008146143,-0.0101313100867772,-0.0008742467560052,0.002146376836427,0.003456271710612,0.0,-0.0060419417430501,-0.1227789700129932,-0.0011939688756133,0.2765370188791345,0.0904689312005126,0.0006873923488598,0.0472814636351181,0.0,1.9164407979323972,0.0624013060867262,0.5675224229804595,0.0148335447580266,-0.0009355784024758,0.0706397146118791,0.1203712147115128,-0.1710942457428737,-0.0899537835063863,-0.4001772331372786,0.0,0.0001540383774574,-0.0151096807387162,-0.0988597506181128,-0.0113371992291893,-0.0540256304954579,0.184765768171868,-0.0420225118359258,-0.1521171159505321,-0.012847162556532,-0.0071504430884094,-0.0006884051349581,-0.0253285995215084,-0.0407557573753861,0.006859372096155,0.0001233460385821,2.8087500599361708e-05,0.0002176133548852,0.0001874236115959,0.0,0.0051942998622471,6.345903257474221e-05,0.0,0.0,0.0,0.0,0.0,-0.0003825727500824,0.0,0.0,0.0,-0.0015470257767372,0.0,0.0,-0.2160510166992299,-0.0002891097333597,0.0,-0.0001780666476383,0.0,-0.0009796062234561,0.0730004319475695,-0.1119317768330854,-0.0019548993171327,-0.0002491093923603,-0.0001549696205592,-0.0807031393476001,-5.872309625270349e-06,0.0001513164926605,-0.0005155443381604,0.0,0.0,0.0,-0.002013802558071,0.0002386029727599,-0.2103393045214079
-0.0003786453233139,-0.0516290623959306,0.0014709951666958,0.3900547232870673,0.0060325068701945,0.0689785299109873,0.0099804292209891,0.0454405748173165,0.2407193596509135,0.0033639676009803,0.0,0.0035905714445837,0.0019294594798518,-0.0004492993243282,0.0320699053588032,0.1259131089856306,0.0037061530708262,0.0,0.0002752933667083,0.0839915467742103,0.0115666360926932,0.4845705726632976,0.0148335447580266,-0.2208770363425232,-0.0283271602634449,0.0010314754111494,-0.0614024384870055,0.1615817282918752,0.003993785427011,0.0317630224700548,0.0,-0.0018401063329561,-0.0019039613014883,-0.0131713704949907,-0.0001001128670714,0.0356243103413349,0.003199428877192,-0.0128534536179522,-0.0024104100488075,0.0312752059983229,-0.0016745855293715,7.144395504277384e-05,-0.0167786140092281,0.0249573225193975,0.0017675918704854,0.002126875208847,-0.012057387417237,0.0006749961781339,0.0,0.0006142921429165,0.0002545074291275,0.0003950254681739,-0.0173676904104527,-9.036583833765828e-05,-0.0013620366231055,0.0085218447806226,-0.0046104117494807,-0.198108104920455,-0.0024262681558673,0.0,-0.0373435153104648,-0.0015161880862356,-0.0001487816186588,-0.0044025440813598,0.0126212637695326,0.0,0.0,0.0,-0.0406133042208127,-0.0020581859364664,0.172737677330975,0.0117507536600908,-0.7412379356327585,-0.0006278180740223,0.0,0.0026283251652682,-0.1443602137705378,-0.0022346920668977,0.0159927962626609,0.0,0.0,0.0001692427577755,-0.0007559743263825,0.0,-0.0077872308369366
0.0,0.0740616221340884,-0.0006350409338003,-0.0005275271371333,0.0001027303257431,-0.00064144082311,-0.0004197116089366,-1.7417711166570792e-05,-0.1060376479457606,0.0,-0.0241813689006062,-0.0012630766275141,-0.1298647923602275,-0.0001751442117148,-0.0013317375410958,0.0002102614370103,0.0005827452670018,0.0026067359914889,0.0004684811209015,-0.0011221097511238,-0.0007548514612106,0.0006936439222714,-0.0009355784024758,-0.0283271602634449,-0.0830736474709694,-0.0139307506793311,0.1377247734574609,-0.0027002813895705,-0.0004928258600452,-0.0005054441064064,-0.0098100283247134,-1.4868056841643e-05,-0.0002045030037275,0.0005097474402802,0.0,-0.00177277701088,0.0043880461560461,0.0061224198099559,0.0023841845856688,-0.0093902522491402,-0.0015056752713373,-0.0087099611941754,-0.0050124397980008,-0.005759596231724,-0.0212784994843622,-0.0045511333953343,-0.0025966997574144,9.952472123987031e-06,0.0113626317819144,0.0,0.0032170435442559,-0.0004097396721976,0.0003470051455031,-8.508569164108031e-05,0.000825362174548,0.0012269888694993,0.0006820800908482,-0.0019954279150534,0.0004524771882695,-0.0035748921145108,-4.8454912838052245e-05,-0.0433283604193971,-0.0004709037526626,-0.0009396316538641,-0.0001672722772707,-0.0006041941884224,-0.0034037028556822,6.586143203888793e-05,-0.0002472554694157,9.25436469375529e-05,-0.0023461887511265,-0.0001260220562453,-0.0003339996563694,-0.1321730607137064,-0.004771313596208,-0.1270120628498737,0.0006338465385395,-6.987707737788255e-05,0.0005581297864093,-0.035361835578888,0.0005910350523695,-0.0002813937845793,-0.0023080942032073,-7.608477816944952e-05,-0.0003984982151106
-0.0044326958807265,0.0075658176995272,0.572827678684314,0.0,-0.0001999910542442,0.0081479836103934,-0.0045818088048433,-0.0206474239217009,-0.0024376608187629,0.0009586057552104,-0.2351626964099148,0.0,-0.036825718319768,-0.0956372238694924,-1.372637559014665e-05,-0.0004185142339762,-0.0857463095203746,-0.0637478117046221,-0.200023218863581,0.0,0.0205628439599368,-0.0005132705128211,0.0706397146118791,0.0010314754111494,-0.0139307506793311,-1.726447169990276,0.3730083521630777,-0.0034363531562066,-0.0579863672418055,-0.0874048685885255,-0.1303645547997274,-0.0098101274965821,0.0002493178775177,-0.0889860296254645,-0.0003613792355195,-0.0928406546151523,-0.0278538738968508,0.0505966868396646,-0.0441649808338361,-0.0024810174652401,-0.0021425889036688,-0.0024013738938656,-0.0123909483963536,-0.0793409630537993,-0.0502581246264646,-0.0071058509404097,0.0,0.0,-0.0005840006096267,0.0,-0.004975004703149,-0.000994518101269,0.0,0.0,0.0,0.0,0.0,0.0,0.0,-0.0026054264604206,0.0,-0.0650387229321337,0.0,0.0,0.0001126302961705,-0.0038697373437072,0.0069947045592564,-0.0016959014761179,0.0,0.0,-0.0015845602418793,-0.0013355434603783,0.0,-0.097044508448998,-0.0682637218104532,-0.6468267861635064,0.0,0.0,0.0,-0.0578019027228065,0.0,0.0,-0.0013398343554268,0.0,-0.0055311316648027
-0.0002012540913111,0.4990008343822564,1.2401218948208954,0.0,-0.0001601974093255,0.0006365268446351,-0.0126971932590519,-0.0004441608112647,-0.3928251686137094,0.0,-0.0616135260855398,0.0,-0.0807515647745963,-0.0008366272055415,-0.0001712200333249,-0.1201006761046732,0.0185605045357039,0.0012469934598393,-0.0106023740802989,0.0,-0.0642713204467837,0.308432279820768,0.1203712147115128,-0.0614024384870055,0.1377247734574609,0.3730083521630777,1.3576532136706647,-0.2917525147564931,-0.0055207901514352,-0.0067999948186918,-0.1318588134888043,-0.0003874436399217,-0.0002676498092536,-0.0155015823592216,-0.0008551661617076,-0.0337757429436886,-0.00900284026125,0.1149941036353302,-0.0903379525372262,-0.0050069920650845,-0.0001700909221283,-0.001549089302105,-0.0249435360494787,-0.061732818908523,-0.0560683003809691,-0.0116867842233142,0.0005335276326044,7.716711732775263e-05,0.0015909050810269,0.0,0.31470973328249,0.1032742626902672,0.0,0.0,0.0,0.0,0.0,-0.0015150991033793,0.0,0.0019019638995311,0.0,-0.0300468276903228,0.0,0.0,-0.0030330895724091,0.0080988468580176,0.0048852014710658,-0.0019275524740557,0.0,0.0015635975279236,0.2590741590155962,0.0247996991342595,3.2176530346130474e-05,-0.1286642659559052,0.0475594096358405,-0.7219953835584201,0.0001360008126486,0.0,2.6999285878519588e-05,-0.0474577023181506,0.0,0.0,-0.0008679615528326,9.022124065805132e-05,-0.0430863420537459
0.0003394804741166,-0.0047559891215439,0.0046485123609835,0.5540711430952957,0.0017364997720958,0.0584025032233759,-0.9545604252123576,0.0730238427887463,-0.1019021139581004,-0.457298044851574,0.0004625879688636,0.0315983436843868,-0.0085184215849026,-0.0073096785022218,0.0207123707654998,-0.1171223108356132,0.0458119681026484,0.0,0.0042678072123024,0.136059552141176,-0.3579039492105536,-0.0121478715097298,-0.1710942457428737,0.1615817282918752,-0.0027002813895705,-0.0034363531562066,-0.2917525147564931,1.1798411022115445,-0.0336552009501331,0.0270672792795739,0.0,0.0005198180098312,0.001009374304842,-0.0645137604455936,0.0052136876215184,0.2917976580597554,0.0142700791707704,0.1020983305853733,-0.0158279877612658,0.0222493695867179,0.0066959679525966,-0.0001482315305513,-0.1013133902240042,-0.0177464476138543,-0.0079622839840405,-0.0008902215079119,-0.0228111066746041,0.0,4.707308309594672e-05,-0.0001299925793269,-0.0018174181786342,-1.71500165385302e-05,-0.0056193058364851,0.0,-0.0019185937727898,0.0020264470106329,0.0,-0.1619992808120718,0.0,0.0,-0.0727962557949475,-0.0034393641607057,0.0,-0.0002494888403977,-0.0586437210847469,0.0,0.0,0.0,-0.0341329356773358,-0.0175460844243278,-0.019037945950622,0.0014895235848901,-0.527122035713986,0.0,0.0,-0.0008804847089985,-0.023936041051446,-0.0035032182218795,-0.0110171871884261,0.0,0.0,-0.0040891983141493,-0.0042422460207609,0.0,-0.0155620624205793
-0.2098455629210374,-0.0001657669390744,-0.0423203914572556,0.0019970304252374,-0.0010597268630602,0.0072496690829168,-0.1039280974569918,0.0081164221436883,0.0212470384182693,-0.0553866050095778,-0.1072989340530465,-0.0056801379063315,-0.0002804459760296,-0.4546546776537964,-0.0002407367417872,-0.0009094059527514,-0.1514154222670629,-0.0209143013378976,-0.0151832598088131,-0.001350738060672,-0.0195960520933432,0.0070043872808756,-0.0899537835063863,0.003993785427011,-0.0004928258600452,-0.0579863672418055,-0.0055207901514352,-0.0336552009501331,0.1480818593333948,0.272475452689246,-0.0006284551224055,0.0125461971741156,0.2007722978321209,-0.1758408897126015,7.747793217592619e-05,0.0373022999847353,-0.0009496516269939,0.0296965274987286,-0.0102482800193737,0.0078623546382623,6.315967989380312e-05,-0.0008245107904533,-0.0024328173282497,0.0005685002672823,-0.0029787160052055,-0.0010239378392853,0.0015357326390864,-0.0006015071033499,-0.000715213127116,0.0,0.0016411528485819,0.0,0.0,0.0,0.0,0.0,0.0,-0.0219560102804072,0.0,0.0,-6.45638117715767e-05,0.0004058682642479,0.0,0.0,-0.0023926372086941,0.0,0.0,0.0,-0.0005410558287583,-0.0016568326504626,0.005591754378342,5.7533835954223697e-05,-0.0064796826821611,-0.0002681249440613,0.0,-0.000286266860877,-0.0013957677558626,0.0,0.0010557652318465,0.0,0.0,-0.0001255185022394,0.0002113264594304,2.251891754382426e-06,0.0103018713178783
0.0010535281643523,0.0006505674700436,-0.2051920807650078,3.6682309348524246e-05,6.710804230594843e-05,0.0242841899284692,0.0125702042228651,0.1463240511043091,0.0127279034980193,0.0029231055782643,-0.0002770105275899,-0.0001388776354751,-0.0011223245013052,0.1169743675089925,0.0023930548706937,-0.0012659831440957,-0.2704184256036585,-0.0001548073525649,-0.0126073851979025,-5.042458772711672e-05,-0.7967662957755096,0.0140118065892778,-0.4001772331372786,0.0317630224700548,-0.0005054441064064,-0.0874048685885255,-0.0067999948186918,0.0270672792795739,0.272475452689246,-0.2853906375630028,0.0,0.0006243015970089,0.0457834747694202,-0.1478739023904143,0.0056220223997929,0.1274308980074185,-0.0121541250194242,0.0086293099220529,-0.0059407029448085,0.0057350145614507,0.0028082206499694,0.0,-0.0176870487429877,-0.0021600090081319,0.0022605095351506,-0.0003995073945485,0.0007906332682957,8.763433454876663e-05,0.0,0.0,0.0001485367959511,0.0,0.0,0.0,0.0,-0.000237045154636,0.0,9.108875903144488e-05,0.0,0.0,-0.000189054438871,-0.0011267211993371,0.0,9.757975454643883e-05,-0.0073340286849247,0.0,0.0,0.0,-0.0005332380299831,-0.0020938263154188,0.0139721399721384,-0.0001708561573941,-0.0099146034662058,0.0,0.0,-0.0004321974073885,0.0037502899737124,-0.0011520736682865,0.0017160846066904,0.0,0.0,-0.0004464249017049,-0.001638770966226,0.0,0.0210239412415363
0.0,-6.0435248834050255e-05,0.0,0.0,-0.000130906948716,-0.0001936570755059,0.0,-5.141650536769165e-05,0.0,0.0,-0.0828532341496685,0.0,-0.1350335922234362,-0.0015480985732247,0.0,0.0,0.0,0.0017988597909926,-6.845412456138592e-05,0.0,0.0,-0.0012865933846174,0.0,0.0,-0.0098100283247134,-0.1303645547997274,-0.1318588134888043,0.0,-0.0006284551224055,0.0,-0.0959262612101496,-0.0006789002402797,0.0,-0.0044453352214638,0.0,-0.000812274479305,-0.0238694815543682,-0.0070586943868114,-0.0038910602444492,0.0003584864933186,-0.0003201240996193,-0.004579220218632,0.0,0.0022235460799273,-0.000425784770373,0.0,0.0,2.7022093593230957e-05,-0.0017137980801962,0.0,0.0140369501378351,0.0,0.0,0.0,0.0,0.0,0.0,0.0,0.0,-0.0027572710403207,0.0,-0.0484082212828423,0.0,0.0,0.0,0.0,0.0004595155808101,-0.0003004159680572,0.0,0.0,1.6136583589312278e-05,0.0,0.0,-0.0162666533236229,0.0101008157903473,-0.0229082387511406,0.0,0.0,0.0,-0.0205433197155261,0.0,0.0,-7.226936688088225e-05,0.0,-8.234219007632345e-05
-4.4624691974082775e-05,7.841659695915819e-05,0.0005999932845648,-5.393862045519035e-05,-0.0259468146796664,-0.0240343628211044,0.0014550432265207,-0.0061215875942802,0.000200514672234,-0.0023269166357645,-0.0243265507406039,0.0009718538971467,-0.0007485461123029,0.0032345344985422,-0.0148871753305669,0.0,-0.0002417449164244,-0.0023858974824786,0.0003438803086045,0.0010413202559399,-0.0002682497297934,0.0006997852039565,0.0001540383774574,-0.0018401063329561,-1.4868056841643e-05,-0.0098101274965821,-0.0003874436399217,0.0005198180098312,0.0125461971741156,0.0006243015970089,-0.0006789002402797,-0.0160031398945133,0.0003714487987392,-0.0928910274098434,-0.0001090628086386,0.0022422782850415,0.0026387913098466,-0.0031175155795615,-0.012498644931401,-0.1068471654554567,-0.0343129449633653,-0.000883960905904,0.0002264660081042,0.0003144441602446,-0.0088507335996694,0.0010018305409588,-0.0001317576706697,-0.0004167961025591,-0.0018122181041646,0.0,6.738654894607526e-05,0.0,0.0,0.0,0.0,0.0,-0.0003478115747545,0.0007398026175701,0.0,0.0001320067984605,0.0,0.0001633568167259,-8.086576943339752e-05,0.0,0.0,0.0,0.0,0.0,0.0,0.0,-0.0001209690452505,0.0,0.0,-0.0001656873504955,0.0,0.0,0.0,0.0,0.0,0.0,0.0,0.0,-0.0005719671736424,3.487993492839064e-05,-0.0037931974598414
0.000207295982261,4.071237459095801e-06,-0.0033130303047907,-0.0002243682843002,7.386247207008557e-05,0.0040932456497412,-0.0156765516045376,0.001805780902817,-0.0042538314075889,-0.0030577749767666,-0.0021211935585309,0.00044552585978,0.0006682107518748,0.0073986756976045,2.51949149281372e-05,-4.307841376400536e-05,-0.0318044079883422,-0.0025156862187623,-0.005355274663282,0.0004564166358139,-0.0198630207634661,0.0028961151589211,-0.0151096807387162,-0.0019039613014883,-0.0002045030037275,0.0002493178775177,-0.0002676498092536,0.001009374304842,0.2007722978321209,0.0457834747694202,0.0,0.0003714487987392,0.1695017725816214,0.0523465590383603,0.0007195703750487,0.0023559661106502,0.0002533186196291,0.0054267371273704,-0.0002014207222855,0.0046935342567377,0.0002607345341509,0.0,-0.0048650245874007,-0.0019662836572649,-0.0004560032910777,-0.0006519352363176,0.0001518205512412,0.0,0.0,0.0,0.0,0.0001281501820426,0.0,0.0,0.0,0.0003594146539011,0.0,-0.0130732908746029,0.0,0.0,0.0008302530404123,-0.0002840359529043,0.0,0.0,-0.0006542557235542,0.0,0.0,0.0,-0.0001934847208339,-0.0006245436099579,0.0009025611266076,-5.26158905935206e-05,-0.0089418686976586,0.0,0.0,0.0,0.0006357017577774,0.0,0.0003392096734509,0.0,0.0,0.0001806118111307,-0.0007321076354672,0.0003793820628011,0.0008816822676025
-0.0027781255681682,0.0081668281189411,-0.0324096630559758,-0.0041115524894405,0.02629089453601,-0.00322025659044,-0.0640331971528656,-0.0036828552740861,0.0013504638045305,-0.1173016101240875,-0.203864512040631,-0.0547688323362681,0.0055469959287297,-0.0431624862385631,0.0012238876278227,-5.147132753823827e-05,-0.1363450515596748,-0.0361342523476761,-0.0668659857464768,-0.0077900296458911,-0.2233893954407908,0.0083735450003342,-0.0988597506181128,-0.0131713704949907,0.0005097474402802,-0.0889860296254645,-0.0155015823592216,-0.0645137604455936,-0.1758408897126015,-0.1478739023904143,-0.0044453352214638,-0.0928910274098434,0.0523465590383603,-0.1309346033158678,-0.0007352338483494,-0.0444577378252051,-0.0061058819627104,0.0388525557160935,-0.0122668647001309,0.0106928062359189,0.0108217273067801,0.0097177022435773,-0.0126486331102455,0.0004061407961016,-0.0041581333461639,-0.0004301838387339,-0.0001861262007258,-0.0001282105615333,-0.0007555028577113,0.0,0.0049117569391011,-0.0011688093600942,0.0,-0.0002443238902441,-0.0003251756168446,0.0,-0.0002432240281898,-0.0347802545411872,0.0,0.0004787839113912,0.0002362473967115,0.0055734419650929,-0.0007884796312786,-0.0003715447672757,-0.0056330607280679,-0.0013627191491894,5.4723189916185233e-05,0.0001283800048579,0.0,-0.00335715024015,0.0097187777860551,-0.0017934209586581,-0.0123997923626402,-0.0041716052338924,-0.0024512489864643,-0.0213119483225925,0.001500233872364,0.0014276495844533,-0.0013053176701811,-0.0005411116569687,7.33295063021433e-05,-0.0001271847736278,-0.0008197568921618,-0.0001521925288762,0.0029644144463695
-0.0003122435645976,-0.000121660323635,-0.001540590416682,-9.513910723562942e-05,-0.0166380253342286,-0.0288019649060502,-0.0020945975257626,0.0003439559641496,0.0050853273647262,-0.0230065728609733,0.0004219884080796,-0.0583343816034124,0.0011063258142785,-0.0010001240711934,-0.0463775141498796,0.0001275935419456,-0.0017180632438402,-1.2642878527228782e-05,0.0,0.0001281041312328,-0.002030087415381,0.0025841639237091,-0.0113371992291893,-0.0001001128670714,0.0,-0.0003613792355195,-0.0008551661617076,0.0052136876215184,7.747793217592619e-05,0.0056220223997929,0.0,-0.0001090628086386,0.0007195703750487,-0.0007352338483494,-2.975170338702027,-0.1085858488774416,-0.0286189061024977,-0.0969619140056484,-0.1289816906604401,-0.008064896050903,-0.0129562652589432,0.0010329089271244,-0.004685963972562,0.0013424217880581,-0.0003265710011391,-0.0612724738717591,-0.0071875656732032,-0.0048172486762072,-0.0004386820920253,0.0,0.0,0.0,0.0,-0.0016789799057632,-0.0072478026397723,0.0,0.0,0.0001347925500677,-0.0080948817546449,-0.0003242735653525,-0.0083231134996248,0.0,-2.284970300716389e-06,-0.0001210454590508,-0.000248565154904,0.0,0.0,0.0,0.0,0.0,0.0024322610223331,0.0,0.0,0.0003768770413841,0.0,0.0,0.0,0.0,0.0,0.0,0.0,0.0,-0.0008503803533998,-1.011634367790033,-1.4265980726729737
0.0021539803373921,0.0212432128179449,0.0385753797286792,0.0211397087848995,0.0114739540086711,0.1263032070829313,0.1114415288755508,0.0401906152322688,0.0087633073899068,0.0174784528711171,-0.0193230149408196,4.5547405411722296e-05,0.02084179637438,0.0022332099655039,0.0020829182772434,0.0013955959632127,-0.0639318695853694,-0.0157225676667574,-0.073331672648993,0.017461745197298,0.0661134593666042,0.0872404644193986,-0.0540256304954579,0.0356243103413349,-0.00177277701088,-0.0928406546151523,-0.0337757429436886,0.2917976580597554,0.0373022999847353,0.1274308980074185,-0.000812274479305,0.0022422782850415,0.0023559661106502,-0.0444577378252051,-0.1085858488774416,0.126356484854539,-0.2463905298712098,-0.1355803538892082,-0.0691797678020761,0.0547558814847635,0.0510348475250203,0.0068041924724014,-0.0455577499781085,-0.010922038144442,0.00229803338783,0.0088049346395064,-0.0051077813049158,-0.0007811343997003,-0.0004709680330357,-0.0015546566979876,0.0156932929322218,-0.0025274287112572,0.0010961894165349,0.000734092182388,5.843512138404184e-05,0.0029387510680208,0.0033021830812799,-0.1096271056602775,0.0009604419437883,-0.0005431648764703,-0.0006086983554806,-3.993939065498613e-06,0.0012526613760247,9.335737451257752e-05,-0.0642312222434259,-0.0008993450273628,0.0,0.0,0.001798638137942,0.0010699188820141,0.077220755981864,-0.0141061027793289,-0.0984239203605555,-0.0010748560855728,-0.0015728420078489,-0.132559547067642,0.0223100562398576,-0.002210516715749,0.0238110266618212,-1.1197451787682408e-05,0.0008392123154474,-0.0002384073620349,0.0011116934133213,-0.0111190638580098,-0.033469175887937
-0.0013411324443759,0.0223932259244309,0.0315137669034423,0.0015130933574324,0.000399604614415,0.0233438167600996,0.0073202067527391,0.0155770475308822,-0.0072570348257562,0.0052767062246612,-0.0821374352343898,-0.0008960669883845,-0.0364880433544219,-0.0093599039713105,-0.0019986836596059,0.0060000924188923,-0.0420513292469766,0.0606285967286622,0.0053064064469043,0.0001632135735524,0.0561187123078277,0.0191243242162031,0.184765768171868,0.003199428877192,0.0043880461560461,-0.0278538738968508,-0.00900284026125,0.0142700791707704,-0.0009496516269939,-0.0121541250194242,-0.0238694815543682,0.0026387913098466,0.0002533186196291,-0.0061058819627104,-0.0286189061024977,-0.2463905298712098,0.1039437245135916,0.1864631169795495,-0.0807486033214801,-0.0154200322287866,-0.0041891787439044,0.0188958754004646,-0.015848276707901,0.0281285478199338,-0.0115497832026236,-0.004759473382576,0.0006999401517044,-0.0008412341485554,0.0153795913811473,0.0,0.0269861583865413,0.0033046357100074,0.0,6.488615914757183e-05,-0.0002180296569688,9.295869717288828e-05,-0.0008268045216189,-0.010192295997573,0.0,0.0105750266288762,4.531683101244802e-06,0.0236849161122878,-0.0011246102378463,-0.0001298826395491,-0.0114620789453951,-0.0009893597771908,0.002832804168261,0.0006288302838975,0.0003099927721788,0.0010997424492423,0.0241371447182362,0.0058729569614493,-0.0117252699379448,-0.0130082849258433,0.0676866232068806,-0.1071567798090625,0.0018192636598632,0.0006973866641528,-0.0011246526400127,-0.0056490422273347,0.0003639757967081,0.0001937486028381,0.0009058553751815,-0.0079393802720265,-0.1811867644052115
-0.0005386244067182,0.0134825120297671,0.0354909005680772,-0.0006476087553657,0.0001202708790439,0.0209746044811985,-0.0086857128818474,0.0189847974319597,0.0025000818078456,-0.0578198486019434,0.0047444619473832,-0.019711827958668,-0.0581173265189416,-0.0178439335408572,0.0042529692150495,-0.002101987193534,-0.0017311973180521,0.0815955617790509,0.0603837993402613,-0.0013403370083507,-0.1357588266786708,0.0314602542733655,-0.0420225118359258,-0.0128534536179522,0.0061224198099559,0.0505966868396646,0.1149941036353302,0.1020983305853733,0.0296965274987286,0.0086293099220529,-0.0070586943868114,-0.0031175155795615,0.0054267371273704,0.0388525557160935,-0.0969619140056484,-0.1355803538892082,0.1864631169795495,0.0713109450349054,-0.0901989454472876,-0.0057469930000108,-0.0128458209775525,-0.0026423686243505,-0.0308843414245661,-0.0025507428838794,-0.042556448924564,0.0043145337732366,0.0028317428730731,-0.0020718184547669,-0.0047540946973917,-0.0001163228695361,0.0245908195848395,0.004335737116541,0.0,-0.0007886524160184,-0.0009321881037316,-4.860590520009111e-05,-0.0061725135261296,-0.0342555877052621,0.0,0.0027560596213288,0.0001563651931299,0.0081921187302282,-0.0021234427059633,-0.0009636606194227,-0.0217034274463074,-0.0015425525875796,0.0001538716080943,0.0007255918377157,-0.0002030319139033,-0.0044437812987639,0.029680004520484,-0.0192171479146078,-0.0314779148334827,-0.0068336629913371,0.0232679172866857,-0.0420877093820179,-0.0006803888939303,-0.0036972567526433,0.0009056573189726,-0.0006862586268096,-0.0014521803811553,-0.0011127430154672,-0.0016979644428284,-0.0194493496435156,-0.1462551298753559
-0.0013561666136227,0.0024625790416543,-0.0789577261508469,0.0004376998240217,0.0002400921313902,-0.0144877436144582,-0.0101346922456486,-0.0137383815932765,0.0006781185752824,-0.0069597616958533,-0.0113814912789759,-0.0040451474522836,-0.0015377855740682,-0.0122954515968289,-0.0001854721309763,-0.0015361587980663,-0.0212926595937095,0.0003103835098753,-0.0195624125590323,-0.0021369648518509,-0.0437016188063044,0.0082530041883728,-0.1521171159505321,-0.0024104100488075,0.0023841845856688,-0.0441649808338361,-0.0903379525372262,-0.0158279877612658,-0.0102482800193737,-0.0059407029448085,-0.0038910602444492,-0.012498644931401,-0.0002014207222855,-0.0122668647001309,-0.1289816906604401,-0.0691797678020761,-0.0807486033214801,-0.0901989454472876,-0.0039456831813,-0.0103302561670137,-0.0070520888575424,-6.187835646014078e-05,-0.0058166740674841,-0.00712490496458,-0.0059254410350894,0.0077439203883072,0.0009455316373254,0.0031070795958326,-0.0007083974727566,0.0,0.0003479493216065,-0.0105100284845698,-0.0003781542070643,0.0017994475358141,0.0051719499555305,0.0,0.0110820838059039,-0.0030509661501701,0.0,-0.0001409629232072,0.0006074561034235,-0.0006014192492809,0.0002983888074995,0.0009752998512125,-0.009691343867022,-0.001181069355873,6.16756374370468e-05,0.0,-0.0004626899703345,-6.692767456079266e-06,0.0070100158459428,-0.0163115674009168,-0.0006924550457734,-0.0007577747349823,-0.0036800352128835,-0.0675115094612594,0.0,0.0006774659604291,-5.557844449108882e-05,9.16181401024012e-07,0.0013371095934909,0.0,0.0023069704248703,-0.0668298432253102,-0.0804491858258447
0.0003190490520465,-0.0012500805229991,-0.0016027866561882,0.0494429320691462,-0.0088382139070313,0.0933167274620137,0.0027914106267691,0.0216288022283458,0.0406201905130429,0.0100070780186501,-0.005831722657023,0.0220978007845365,-0.061502541411989,-0.0059416779341843,0.0635716720092471,-0.00035881843565,0.0003961926800819,-0.0005629975842377,-0.0022578255386876,0.0293107977076266,-0.0094337473365291,0.0067661415995006,-0.012847162556532,0.0312752059983229,-0.0093902522491402,-0.0024810174652401,-0.0050069920650845,0.0222493695867179,0.0078623546382623,0.0057350145614507,0.0003584864933186,-0.1068471654554567,0.0046935342567377,0.0106928062359189,-0.008064896050903,0.0547558814847635,-0.0154200322287866,-0.0057469930000108,-0.0103302561670137,-0.0163301584588096,0.0096685249095728,-0.0038303256688335,0.0017554174068195,-0.0015516000422472,0.0037384173662702,0.0024070742498612,0.0118733345288196,-0.0013631295584767,0.0006488647179218,-0.0004477431444918,-0.0005162456916497,-0.0003849876854578,0.0144563828337006,-0.002017471459367,0.007225269353168,0.0074695538782429,0.0093535248872247,0.0002631588970675,0.0205607594768,-0.0003890940857175,-0.0195602071362302,-0.0004546363501476,2.900904547261188e-05,-0.0029606394697667,-0.0007538637172615,0.0,0.0,0.0,0.0075860394705095,0.0020774498513376,0.0015967527965819,0.0004105656172795,-0.0142566163966036,0.0,0.0,-0.0002829933245875,0.0221582615234966,0.0026612539973602,0.0023620312734134,0.0,0.0001171090256089,0.0013498644186923,0.002477968976278,-0.001868147941964,-0.006034337535758
0.0007189607543367,-0.0005339874440943,-0.0008445749547491,-0.0002062221111225,0.0352123747125574,0.0132225722462168,0.0056087005607701,0.0024434602786658,0.0040998892499512,0.0003090047296184,0.000165162568843,0.0029543100211554,0.0009701307822272,0.000489825885621,0.001217553808886,-0.0002143620831215,0.0001388866623626,-0.0006297854083852,-0.0016351250044817,-0.0004380303327075,-0.0072662393313037,0.0017140877198443,-0.0071504430884094,-0.0016745855293715,-0.0015056752713373,-0.0021425889036688,-0.0001700909221283,0.0066959679525966,6.315967989380312e-05,0.0028082206499694,-0.0003201240996193,-0.0343129449633653,0.0002607345341509,0.0108217273067801,-0.0129562652589432,0.0510348475250203,-0.0041891787439044,-0.0128458209775525,-0.0070520888575424,0.0096685249095728,0.0166376458843548,-0.0047881104040573,0.0016170803265804,0.0013532344878607,-0.0003515304480944,0.0082975558352054,0.0016955275254062,0.0016645699823826,-0.0007309609170196,0.0,0.0005096239699865,0.0,-0.0001789263954429,-2.876392629159845e-06,0.0028162262312387,0.0,0.0036714049918971,-0.0028041492923271,0.0,2.118691155227561e-05,-0.0001189131358493,-7.945116659153966e-05,0.0012447240223022,-0.000104732821222,7.813551950126556e-05,0.0,0.0,0.0,-4.201582532783635e-05,0.0,0.0006368792669508,0.0,-0.000115194160289,0.0009516925048858,4.186193389580866e-05,0.0001731994427566,0.0,-0.0003000204207918,0.0,0.0001171440053164,0.0015020128139875,0.0,0.0036725873459088,-0.0019418402381106,0.0027756919354022
0.0,0.000477812746775,-0.000328325920518,-6.108479976232107e-05,-9.640322186913918e-05,0.0007284582911345,4.237287148732927e-06,0.0008895006686216,-0.0034784139126489,0.000177724094464,-0.0429481409893214,0.0005591127986089,-0.0329685538479347,-0.0020576616135669,2.122613592743665e-05,-1.3354752479272724e-05,0.0001903894977086,0.0006292089761013,5.218055059361623e-05,0.0009369319618718,-0.0004030791490679,-0.0038678017570567,-0.0006884051349581,7.144395504277384e-05,-0.0087099611941754,-0.0024013738938656,-0.001549089302105,-0.0001482315305513,-0.0008245107904533,0.0,-0.004579220218632,-0.000883960905904,0.0,0.0097177022435773,0.0010329089271244,0.0068041924724014,0.0188958754004646,-0.0026423686243505,-6.187835646014078e-05,-0.0038303256688335,-0.0047881104040573,0.003533216225338,0.000341418368664,0.0114490198975849,-0.001852325855848,-0.0002302517220419,0.0021846453186328,-0.0005636250254853,0.0128025761494233,0.0,0.0043372421061738,0.0,0.0002119556318335,0.0,0.0005872507619703,0.0,-0.0011322575264853,-0.0002478336991989,0.0,0.0042137173189174,2.104953451453329e-05,0.0119367770487089,-0.0001024269775396,0.0,0.0,0.0,0.0009591014544869,0.0,-1.8812510483459857e-05,0.0,0.0005234933328022,0.0,1.762226902408551e-06,0.0038013209758856,0.0039752098189305,0.000528374565421,0.0,0.0002638895508174,0.0,-0.0018595477807891,0.0003146491378684,0.0,0.0003197964260894,6.52544018404076e-05,0.000511719670049
-0.0001545156017024,-0.0119440747509818,-0.0122387578822867,-0.0029108071838754,5.000440103934954e-06,0.0018911225640709,-0.0031035692509452,-0.0018923637722516,-0.0142425367968398,7.790699038780286e-05,0.0001402020720669,-0.0044054296208653,0.0009475221183454,-0.0002634175834024,-0.0001281894655375,0.0109901693216937,-0.0036053363496787,-8.290145074888202e-05,-0.0001354109633911,-0.00343509521139,-0.0257913667066267,0.0203208478307951,-0.0253285995215084,-0.0167786140092281,-0.0050124397980008,-0.0123909483963536,-0.0249435360494787,-0.1013133902240042,-0.0024328173282497,-0.0176870487429877,0.0,0.0002264660081042,-0.0048650245874007,-0.0126486331102455,-0.004685963972562,-0.0455577499781085,-0.015848276707901,-0.0308843414245661,-0.0058166740674841,0.0017554174068195,0.0016170803265804,0.000341418368664,0.1445713030520816,-0.313531814460316,0.0609138062588401,0.0090235411125638,-0.0046505143600515,0.0183430731829594,-0.0049014887934421,0.0002510971179469,-0.043441844886257,0.1609389469140728,-0.0104619311259323,0.0102744889384287,0.0620721023760678,0.1116099476093262,0.1253806270786057,0.0570315369848466,-0.0729532977078215,-0.0001551366741506,-0.0500121520677664,0.0038393199229445,0.0316681303323042,0.012744211143992,-0.1097660141535145,0.0091843044080826,-0.0176288012420126,-0.0702263395935998,0.0044706613470143,-0.137345913310561,0.0209791790296997,-0.2837094485535145,-0.0888944312229761,-0.0096725523874865,-0.2280027303681643,0.1066909412985042,0.1761665181528038,0.0242388735132831,0.0685027857389959,-0.0077828322666392,0.0092475429791813,0.0052172811758985,0.0959108218392559,-0.2027426109401122,0.0051768620988356
0.0,0.0043157670695564,-0.0048975711960185,-1.6994614751065087e-05,0.0002740539339986,-4.650052569779034e-05,0.0006413080769133,-0.0003951542798792,0.0003953552902284,0.0,0.0097621978282474,-0.0009015924372903,0.0325289234755671,-0.0003112389968232,2.7377053554839863e-05,0.0038466660333984,-0.0063137028641341,-0.0009575121146905,-0.0068167862984679,-0.0006146741695463,-0.0066319830786602,0.0076133915637676,-0.0407557573753861,0.0249573225193975,-0.005759596231724,-0.0793409630537993,-0.061732818908523,-0.0177464476138543,0.0005685002672823,-0.0021600090081319,0.0022235460799273,0.0003144441602446,-0.0019662836572649,0.0004061407961016,0.0013424217880581,-0.010922038144442,0.0281285478199338,-0.0025507428838794,-0.00712490496458,-0.0015516000422472,0.0013532344878607,0.0114490198975849,-0.313531814460316,-0.080023528153977,0.0872736171248476,-0.0180709255730437,0.0047333711491216,-0.0018443819069219,0.0109459958756945,-0.0018357412992292,-0.0062149250548151,0.1017146440060302,0.0001805875023902,0.000493942505108,0.0011659041876526,-0.0085572542136953,-0.0019090358326043,0.0016656292230543,-0.001695168842294,-0.0462082216337111,-0.0004606690929902,-0.0473780433733036,0.0113888085040198,-0.0001198871529402,-0.0531674055981465,0.0274197561015572,0.03404158599566,0.0083952380447386,0.0012206460711976,-0.0261807968632823,0.0043011055015686,-0.0599843149016773,-0.0244646219964573,-0.0230563531665232,0.1575932025231473,0.1594620101653258,-0.001373604036253,-0.0043582586356125,-0.0041221388328044,-0.0674110263885933,-0.0002625935757957,-0.0012905633186397,-0.0003564341463109,-0.0312442871473704,-0.006487615619299
0.0,-0.0028211145832021,-0.0059641423163045,2.9695269556876053e-05,-0.0007991924336414,-0.0046965982998863,-2.8351650051562377e-05,-0.0113333144135634,0.0016364929797967,0.0,-0.0002490124470685,-0.0028438143250413,-0.0086787136563642,-0.0056608314326509,1.0440665234621083e-05,0.0068913383019343,-0.0045709552188501,-0.000294658167631,2.64087980630664e-05,0.0037959557454224,0.0028408592815047,0.0104464124803437,0.006859372096155,0.0017675918704854,-0.0212784994843622,-0.0502581246264646,-0.0560683003809691,-0.0079622839840405,-0.0029787160052055,0.0022605095351506,-0.000425784770373,-0.0088507335996694,-0.0004560032910777,-0.0041581333461639,-0.0003265710011391,0.00229803338783,-0.0115497832026236,-0.042556448924564,-0.0059254410350894,0.0037384173662702,-0.0003515304480944,-0.001852325855848,0.0609138062588401,0.0872736171248476,-0.147470522896643,-0.0184418184333523,0.0259453274999721,-0.0079845006375236,-0.0305176113460717,-0.0101006307229717,-0.0412577115979914,0.0776022598594576,-0.0097239929812482,0.0044985519949045,0.0304106265929632,0.1352671471860954,0.048140470758539,0.0387096444804191,-0.0596441374035342,-0.0471110232056329,-0.0632984827916439,-0.0513865890646914,0.0748837441736385,0.0079458755497542,-0.0170112316808102,-0.0347740008459296,0.0153014472345046,0.0510489478489927,-0.0102827496296127,-0.0654716912324073,0.0153542498653927,0.2360491007584523,-0.0129144272529049,-0.0494882876289728,0.0156624008608464,0.0249969894527686,0.3037184427684657,0.0011651255329999,0.0060592886126703,-0.0646891066465319,-0.0114410317675588,-0.0112621067199005,-0.0428920958810783,-0.0797566325170248,0.0038147641145075
0.0,-0.0018159512027663,0.0020182940022943,0.000140072669229,0.0001730996740358,0.0001475744550247,0.0,0.0012933185286661,0.0049547950458375,0.0,-0.0001238822036836,-0.0024085559073792,0.0046229129876839,-0.0011910774929396,0.0002162659046152,0.0064014299458577,-0.0014019640813038,1.962594832317579e-05,-0.0003173637545333,0.0021365430423344,-0.0003910249856062,0.0033412253711945,0.0001233460385821,0.002126875208847,-0.0045511333953343,-0.0071058509404097,-0.0116867842233142,-0.0008902215079119,-0.0010239378392853,-0.0003995073945485,0.0,0.0010018305409588,-0.0006519352363176,-0.0004301838387339,-0.0612724738717591,0.0088049346395064,-0.004759473382576,0.0043145337732366,0.0077439203883072,0.0024070742498612,0.0082975558352054,-0.0002302517220419,0.0090235411125638,-0.0180709255730437,-0.0184418184333523,-0.0209697079970397,-2.0118179832262792e-05,0.0001121968794734,-0.0226466964312226,-0.0013154746551992,-0.0118119953326693,0.0666689458871351,-0.0010449839595945,0.002831215288076,0.0079570793232721,0.0218223841721116,0.0054722974221788,0.0099319422886416,-0.0085116282786951,-0.0004755699435021,-0.0104053711858897,-0.0022696378648426,0.0125662140083751,-0.0008351757834126,-0.0069224887554738,-0.0005471408043593,-0.0001120285706809,-0.017394298100127,-0.0005237702580785,0.0465257916547212,0.008384573758468,0.1206783731562789,-0.0026095115465012,-0.0096438482347812,-0.0177129923061997,0.0400308119108212,0.0811761312613913,-0.0023563825797922,0.0085981985562653,-0.0089833820945637,0.0012294460864369,0.0006927252244671,-0.0034080861743302,-0.17512921706933,-0.0754827620172599
0.0,0.0002344589451354,0.0,0.0031318788627651,0.0008140412552202,0.0261591611498903,-0.0021051265292974,0.001907123974995,-0.0086978126598355,-0.0114943863994141,-0.0003246121368692,-0.0217282050289297,-0.0011770095044138,0.0002003144942177,-9.328927288668536e-05,0.0,-0.0002088502166597,0.0,0.0,-0.0018226219357554,0.0002620687981601,0.0022607128673993,2.8087500599361708e-05,-0.012057387417237,-0.0025966997574144,0.0,0.0005335276326044,-0.0228111066746041,0.0015357326390864,0.0007906332682957,0.0,-0.0001317576706697,0.0001518205512412,-0.0001861262007258,-0.0071875656732032,-0.0051077813049158,0.0006999401517044,0.0028317428730731,0.0009455316373254,0.0118733345288196,0.0016955275254062,0.0021846453186328,-0.0046505143600515,0.0047333711491216,0.0259453274999721,-2.0118179832262792e-05,0.0765343732070128,-0.0008775959982211,0.001340127360964,-0.000265283093686,-0.0016332302239348,0.0012365693442926,0.0019938722818109,0.1084442413755411,0.0994867151897438,0.0243633683113772,0.0256648472398718,0.0392747564236699,0.0005045282323592,0.0070425593743898,-0.038880966365229,-0.0006026106788871,0.0018703188142474,0.0609921701602926,-0.0002356653943763,7.986463883197825e-05,0.000114586009245,0.0027195323612521,-0.0073578072659324,0.0051631902688935,-0.0007075959282533,0.0014995668032045,0.0082354082740452,-0.0004337248149668,0.001042089634734,0.0012135568092645,0.048717671759373,0.0099737875018558,0.0082544208598224,-0.0003146039024899,-0.0457470128374266,0.0013116436309223,0.0273869650120907,-0.0182291111429184,0.0062815046874927
0.0,-4.430208984870633e-05,-0.0002537593035351,6.460887986560412e-05,0.0001617190164963,5.310572467372039e-05,0.0,-0.0005753839946674,-0.0015345267211457,0.0,-0.0001478181736025,-0.0001274169519193,4.378613190619012e-07,-0.0003692769012061,0.0002163122640139,0.0,0.0,0.0,0.0,0.0,0.0,9.792790961561872e-05,0.0002176133548852,0.0006749961781339,9.952472123987031e-06,0.0,7.716711732775263e-05,0.0,-0.0006015071033499,8.763433454876663e-05,2.7022093593230957e-05,-0.0004167961025591,0.0,-0.0001282105615333,-0.0048172486762072,-0.0007811343997003,-0.0008412341485554,-0.0020718184547669,0.0031070795958326,-0.0013631295584767,0.0016645699823826,-0.0005636250254853,0.0183430731829594,-0.0018443819069219,-0.0079845006375236,0.0001121968794734,-0.0008775959982211,0.0050357786130216,-0.003273446286996,-0.0002464126506535,0.0001003544091357,0.000109728819409,-0.0031598288144259,0.0205386989831066,-0.0149870573763555,0.007264440047048,0.0032382969561517,0.0036967202416347,-0.0049353949198832,0.00200927809055,-0.0133071688352347,-0.0018122236676721,0.001903602356832,0.0033707748662975,-4.198583279944154e-05,-0.0002366356689772,-0.0040909943905842,-0.0003492304235922,-0.0021536397558043,0.0001034558286574,0.0005003679723052,0.0001650284936993,-0.0050560566557135,-0.0005704294752775,-0.0001285786565078,-0.0003209632929324,0.0001694976274211,0.0026721956491844,0.0008270167224114,-0.0007567967417407,-0.0939750827591009,0.0005407799572064,0.0175663187466169,-0.0266636981950225,-0.0006772409289689
0.0,0.0082122950814998,0.0,0.0,0.0001646471447598,-0.0010556469070109,0.0,-0.004256406136911,-0.0004896177772426,0.0,0.0060323385277928,0.0001194080579524,0.0184966813966193,-0.0018498040596508,-2.954218953920561e-05,0.0,0.0,0.0002941605609735,0.0,0.0003642030922437,0.0001195991901871,0.0029679117583106,0.0001874236115959,0.0,0.0113626317819144,-0.0005840006096267,0.0015909050810269,4.707308309594672e-05,-0.000715213127116,0.0,-0.0017137980801962,-0.0018122181041646,0.0,-0.0007555028577113,-0.0004386820920253,-0.0004709680330357,0.0153795913811473,-0.0047540946973917,-0.0007083974727566,0.0006488647179218,-0.0007309609170196,0.0128025761494233,-0.0049014887934421,0.0109459958756945,-0.0305176113460717,-0.0226466964312226,0.001340127360964,-0.003273446286996,-0.0076023666558189,0.0,0.0188057469135574,0.0001860544272256,0.0003954721187353,-0.0006763312001715,-0.0006516024439254,0.0002884495562983,-0.0040920622702855,0.0008892508146785,-1.096334565825987e-05,-0.0098908262102089,2.339742272936367e-05,-0.053512309858687,-0.0006731464020583,-0.0013465057054052,-0.0001686260750893,-8.04451255961813e-05,0.0009573864679806,0.0003035138096847,0.0006791860704948,-0.0004005404419044,-0.0007036628015646,-0.000146385098191,0.0010600492474954,-0.0460255992713507,0.0028645270240862,-0.0041343664312744,0.0006240076157044,-0.0012244024370606,0.0,-0.0177156573392939,-0.0009672393667543,2.009307757320548e-06,-0.0267752432796389,-0.0022167598041581,-0.0013910233145912
0.0,0.0,0.0,0.0,0.0,0.0,0.0,0.0,0.0002967123287724,0.0,0.0,0.0,0.0,0.0,0.0,0.0,0.0,0.0,0.0,0.0,0.0,-0.0001034973105643,0.0,0.0006142921429165,0.0,0.0,0.0,-0.0001299925793269,0.0,0.0,0.0,0.0,0.0,0.0,0.0,-0.0015546566979876,0.0,-0.0001163228695361,0.0,-0.0004477431444918,0.0,0.0,0.0002510971179469,-0.0018357412992292,-0.0101006307229717,-0.0013154746551992,-0.000265283093686,-0.0002464126506535,0.0,0.0322587528037419,-7.024981796518854e-05,5.667897283297293e-05,-0.0004031683053908,0.0,0.0001791228232836,0.162203489170956,-0.0034914185403917,0.0022539933117532,-0.000459509889361,-0.0019373797470953,-0.0010696226331032,-0.000430866934558,0.1239576632016868,0.0004240813025298,-0.000368142509726,-0.0124905829278996,-0.0005614777932252,-0.0036167046281604,0.0005135504670364,-0.0034956218912801,0.0007301599051446,-0.0025315345388329,-0.0048283066078585,0.0,-0.0022143351835118,-0.0001429694288509,-0.0032013421895538,0.0019253986827974,0.0389564248691421,0.0,-0.0002300770608902,0.0018353700325536,-0.0027210186438773,0.0002984752167792,-0.0006408263844471
0.0,0.0724331555158798,-0.0039047122006798,0.0,0.0,0.0,0.0001207934635802,6.125408707558198e-05,-0.0017556587740028,0.0,0.0195632471546559,0.0,0.03744436036435,0.0,0.0,0.0026984166899238,0.0024417968083705,0.0010688954371291,0.0011753643623955,0.0,-0.000169223497893,0.0177100850968886,0.0051942998622471,0.0002545074291275,0.0032170435442559,-0.004975004703149,0.31470973328249,-0.0018174181786342,0.0016411528485819,0.0001485367959511,0.0140369501378351,6.738654894607526e-05,0.0,0.0049117569391011,0.0,0.0156932929322218,0.0269861583865413,0.0245908195848395,0.0003479493216065,-0.0005162456916497,0.0005096239699865,0.0043372421061738,-0.043441844886257,-0.0062149250548151,-0.0412577115979914,-0.0118119953326693,-0.0016332302239348,0.0001003544091357,0.0188057469135574,-7.024981796518854e-05,0.0114272839271228,0.005165666365355,0.0,-1.4103862860738769e-05,0.0002619116963157,0.0003915319922048,0.0001714548775278,-0.1785098174777935,0.0,-0.0002113728924939,3.8703640732423016e-05,0.0009044368516482,-0.0004707951335388,-0.0022627958273363,0.0037364188217552,0.0006523719213969,0.0012992039055676,-0.0011683347232529,0.0,-0.0027549223216112,0.0373154711718205,-0.0073660278701154,-0.0948135149366219,-0.0078779852699774,-0.008964137518512,-0.0271737320031359,-0.0004367587233109,0.0001077040889479,-0.0002844048046114,-0.0017733591049924,0.0001136407450793,-0.00057055577292,-0.0009995057666503,0.0001238143817791,0.0007774114890401
0.0,0.0030854925821712,-0.0057192872375122,0.0,0.0,0.0,0.0,0.0,-0.0001954738185168,0.0,1.99436526778914e-05,0.0001137270319083,0.0,0.0,9.258472611756292e-05,0.0029585126396798,-0.0053778431554312,0.0,-0.0008327126539182,-0.0002476677238868,0.0003488112351695,0.0069253400818199,6.345903257474221e-05,0.0003950254681739,-0.0004097396721976,-0.000994518101269,0.1032742626902672,-1.71500165385302e-05,0.0,0.0,0.0,0.0,0.0001281501820426,-0.0011688093600942,0.0,-0.0025274287112572,0.0033046357100074,0.004335737116541,-0.0105100284845698,-0.0003849876854578,0.0,0.0,0.1609389469140728,0.1017146440060302,0.0776022598594576,0.0666689458871351,0.0012365693442926,0.000109728819409,0.0001860544272256,5.667897283297293e-05,0.005165666365355,0.996692304443316,0.0,0.0,-0.0151872453185378,-0.479115618343173,-0.1994437383806376,0.0009908193242466,-0.0157104459518486,0.0021126852745151,0.0007743756569812,0.0001608072376207,-0.1466618495958697,0.0008072220823132,-0.0039268669243259,0.1998943440435164,0.0056344574651517,0.01023089412183,0.0,-0.0480431416588401,0.006934216067996,0.5419445037153422,-0.0381823660241638,9.895576194996684e-05,-0.1155662418213132,0.5535549907253281,-0.1474378166116428,-0.003770014058339,-0.0007707847956104,7.116489640246148e-05,-0.0002397640991897,0.0009530727779809,0.0170703299960307,0.0007689118530201,0.0099771933909447
0.0,0.0,0.0,0.0693520928226649,0.0,-0.0013278644041286,-0.0001013585207973,0.0,-0.0895477073315742,-0.0004813696378269,0.0,-0.0028021059443964,0.0014640687220119,0.0,-0.0014782919391043,0.0,0.0,0.0,0.0,-0.009916120421868,0.0,-3.898699046150229e-05,0.0,-0.0173676904104527,0.0003470051455031,0.0,0.0,-0.0056193058364851,0.0,0.0,0.0,0.0,0.0,0.0,0.0,0.0010961894165349,0.0,0.0,-0.0003781542070643,0.0144563828337006,-0.0001789263954429,0.0002119556318335,-0.0104619311259323,0.0001805875023902,-0.0097239929812482,-0.0010449839595945,0.0019938722818109,-0.0031598288144259,0.0003954721187353,-0.0004031683053908,0.0,0.0,1.0967799446850557,0.0049940566895794,-0.0103502819988508,0.0054136300411044,0.0024186640824935,-0.0351402697761464,0.055055900851946,0.0,0.0435960753432073,0.0023958494001404,0.0023541179829631,0.014205233780735,0.0,0.0,0.0,0.0,0.3015894280962056,2.815358772017433e-06,-0.0005786635350603,0.0,0.3453932664976712,0.0,0.0,0.0,0.2078156887497601,-0.0051078329218571,0.0,0.0,2.5606549500352303e-05,-0.0001338898582036,3.0634993117927904e-06,-0.0002369738351754,-0.0024360496064126
0.0,0.0,-1.3576651370787728e-05,-0.0003820354369891,0.0,-8.543951132061574e-05,0.0,0.0,0.0011770720203542,0.0,0.0,-0.0008672046527697,0.0003034171552297,0.0,-0.0001814147249444,0.0,0.0,0.0,0.0,0.0017928310862305,0.0,-6.066259166541503e-07,0.0,-9.036583833765828e-05,-8.508569164108031e-05,0.0,0.0,0.0,0.0,0.0,0.0,0.0,0.0,-0.0002443238902441,-0.0016789799057632,0.000734092182388,6.488615914757183e-05,-0.0007886524160184,0.0017994475358141,-0.002017471459367,-2.876392629159845e-06,0.0,0.0102744889384287,0.000493942505108,0.0044985519949045,0.002831215288076,0.1084442413755411,0.0205386989831066,-0.0006763312001715,0.0,-1.4103862860738769e-05,0.0,0.0049940566895794,-0.0012458665301818,0.0335248393288711,0.0012150181457897,0.0088306272384903,0.0304019984273958,0.0006361518766105,0.0080439368393625,0.0057876338889742,0.00010405603971,-0.0003703897558676,0.1705642859677645,0.0,3.489904605594352e-05,0.0007996770136978,0.0007591839111181,0.0013390720622183,-0.0001156479635289,0.0009693441488071,0.0001218219866077,0.0266358405957299,-0.0002414670353116,0.0007435228289922,-0.0001831651846541,0.0091493148427913,-0.0006158169755306,0.0001434125030732,0.0002980535404684,-0.0174566336129609,-7.886602151591118e-05,0.0296947845738416,-0.0052860778441751,-0.0001398753225542
0.0,0.0,0.0,-0.0015038478297595,0.0002494246207479,0.0001814900377246,0.0001650983979143,-7.693727792652543e-05,0.0072155969433188,5.017239257752728e-05,-3.670223836930991e-05,-0.0051346418951273,0.0022490199283239,0.0,-0.0004139005828076,0.0,0.0,0.0,0.0,-0.0081874068890382,0.0,-0.0003737816109349,0.0,-0.0013620366231055,0.000825362174548,0.0,0.0,-0.0019185937727898,0.0,0.0,0.0,0.0,0.0,-0.0003251756168446,-0.0072478026397723,5.843512138404184e-05,-0.0002180296569688,-0.0009321881037316,0.0051719499555305,0.007225269353168,0.0028162262312387,0.0005872507619703,0.0620721023760678,0.0011659041876526,0.0304106265929632,0.0079570793232721,0.0994867151897438,-0.0149870573763555,-0.0006516024439254,0.0001791228232836,0.0002619116963157,-0.0151872453185378,-0.0103502819988508,0.0335248393288711,1.1637692723407504,0.0527528488733331,0.621660626689587,0.0130146625433222,-0.3116634001207823,0.0140531294135528,-0.1458010075136906,0.0006857412357074,0.0420024234671705,0.2641607311644154,-2.3334668082910205e-05,-0.0001073027324636,-0.0010049409213483,-1.114446184310395e-05,-0.0102871472300143,-0.0004632302524819,-0.0008816338085623,-0.0066239781867432,0.0598666351066585,-0.0003852374915869,-0.0006423373070453,-3.384801904338036e-05,0.0236815484529603,0.0042142522952586,0.0010735958477688,-0.0008818161261898,-0.0030464199319953,0.0017039489427337,0.019886214998361,-0.0324624362328476,0.0003332530649099
0.0,-0.0001803863048014,0.0,0.0011235836875068,0.0,0.0,-0.000622581879563,0.0,0.0341804324513488,0.0,0.0,-0.0023997868446756,0.0036515207322364,0.0,9.387810868204078e-05,0.0,0.0,0.0,0.0,0.0052794530782827,0.0,0.0031655977191263,0.0,0.0085218447806226,0.0012269888694993,0.0,0.0,0.0020264470106329,0.0,-0.000237045154636,0.0,0.0,0.0003594146539011,0.0,0.0,0.0029387510680208,9.295869717288828e-05,-4.860590520009111e-05,0.0,0.0074695538782429,0.0,0.0,0.1116099476093262,-0.0085572542136953,0.1352671471860954,0.0218223841721116,0.0243633683113772,0.007264440047048,0.0002884495562983,0.162203489170956,0.0003915319922048,-0.479115618343173,0.0054136300411044,0.0012150181457897,0.0527528488733331,1.3090837703598548,0.41618120195811,0.0630348536654112,-0.1641427680823862,-0.0003246184322629,-0.0012001618045689,0.0053184625431856,0.8940876510792144,0.003496560283983,-0.0008512343075996,-0.064995413185609,-0.000430727612821,-0.0232971699462965,-0.0008369753725318,-0.0791055015414122,0.0024701328454337,-0.3357112762234884,0.0244448458415316,0.0,-0.0173489018980477,-0.0026737703667745,-0.5503101497231534,0.1990153910123288,0.4169261769014961,0.0,-0.0001653886323556,0.0383905416972447,0.0923689891490939,0.0135661828572733,0.0353893533587758
0.0,0.0,0.0,0.0002315774723229,0.0,0.0,0.0,-5.0645047789978864e-05,0.0017168554639031,0.0,8.413041774240438e-05,0.0012770119832154,-6.15680119135335e-06,0.0,0.0,0.0,0.0,0.0,0.0,0.0005283917238965,0.0,-0.0004330032623524,0.0,-0.0046104117494807,0.0006820800908482,0.0,0.0,0.0,0.0,0.0,0.0,-0.0003478115747545,0.0,-0.0002432240281898,0.0,0.0033021830812799,-0.0008268045216189,-0.0061725135261296,0.0110820838059039,0.0093535248872247,0.0036714049918971,-0.0011322575264853,0.1253806270786057,-0.0019090358326043,0.048140470758539,0.0054722974221788,0.0256648472398718,0.0032382969561517,-0.0040920622702855,-0.0034914185403917,0.0001714548775278,-0.1994437383806376,0.0024186640824935,0.0088306272384903,0.621660626689587,0.41618120195811,1.3679759765522526,0.013986694703924,0.1381427644045569,0.0220680437416186,-0.0763092078929729,0.0021816924524357,1.0592301502243853,0.0216347380159111,-0.0005835251002105,-0.0108002561906435,0.0043629598329172,0.0073131879983522,0.0032225781042504,-0.0218918185371692,0.0004634890026539,-0.0326266105737978,0.0571792859431045,-0.0005094038328308,0.0115978752654446,0.0015361418871648,0.0918651263331311,-0.0292188540630893,0.0257962713385604,-0.0031100188605055,-0.0419731681121469,0.0014526426544234,0.0317308144336299,0.0021236512428545,0.0053253105546037
0.0001321413683311,-0.000717634520764,-6.108667775142083e-05,-0.009079345205547,-2.2435822856729543e-05,-0.090117142184226,-0.0104912617873806,-0.0108557137310101,-0.0546933679485367,-0.1239471551992505,0.0,-0.0384887741913627,0.0041826974023025,-0.0014223229839608,-0.0031731191749173,-0.0012576655142707,-3.1208877648925963e-05,0.0,0.0,-0.0271908182856315,-0.0016210049672381,0.0072223618638562,-0.0003825727500824,-0.198108104920455,-0.0019954279150534,0.0,-0.0015150991033793,-0.1619992808120718,-0.0219560102804072,9.108875903144488e-05,0.0,0.0007398026175701,-0.0130732908746029,-0.0347802545411872,0.0001347925500677,-0.1096271056602775,-0.010192295997573,-0.0342555877052621,-0.0030509661501701,0.0002631588970675,-0.0028041492923271,-0.0002478336991989,0.0570315369848466,0.0016656292230543,0.0387096444804191,0.0099319422886416,0.0392747564236699,0.0036967202416347,0.0008892508146785,0.0022539933117532,-0.1785098174777935,0.0009908193242466,-0.0351402697761464,0.0304019984273958,0.0130146625433222,0.0630348536654112,0.013986694703924,-0.0067602250139261,-0.0120900875245253,-0.0002034388194148,-0.0185309374590387,-0.0015429639940306,0.0213743515510855,0.016972550883232,-0.0015264971776908,0.0034736926742388,0.0,0.0001685653229336,-0.0162323403342204,-0.0002457214064774,-0.3373298227020601,0.0001522236205458,-0.6922205089014366,-0.1078464696921609,-0.0003700693381598,-0.0683822977451976,-0.0535672513704569,0.0307403305800697,0.0280235668482116,0.0,0.0031505835773792,0.0091251130005901,0.0151889295498265,0.0159739244290997,0.0245119195369826
0.0,0.0,0.0,0.0017535918240796,0.0,-0.0006412846783251,0.0,0.0,-0.0256625756675615,-0.0001829809606823,0.0,2.413162024595617e-05,0.0006319244604172,0.0,0.0,0.0,0.0,0.0,0.0,0.0009113101204762,0.0,0.0,0.0,-0.0024262681558673,0.0004524771882695,0.0,0.0,0.0,0.0,0.0,0.0,0.0,0.0,0.0,-0.0080948817546449,0.0009604419437883,0.0,0.0,0.0,0.0205607594768,0.0,0.0,-0.0729532977078215,-0.001695168842294,-0.0596441374035342,-0.0085116282786951,0.0005045282323592,-0.0049353949198832,-1.096334565825987e-05,-0.000459509889361,0.0,-0.0157104459518486,0.055055900851946,0.0006361518766105,-0.3116634001207823,-0.1641427680823862,0.1381427644045569,-0.0120900875245253,-2.2340866846155243,-0.0002979067732078,-0.7424803661104201,0.0004689585554508,-0.0838123878831538,-0.0079712099365024,0.0001087882504843,0.0,0.0,0.0,-0.0625680143988306,-0.0027592493712464,0.0005412289608954,-0.0042153397153616,0.0736311550162572,0.0,0.0,0.0,-0.1848755670252511,-0.0467225380510605,-0.0010613082663638,0.0,-0.0003893751595472,-3.920271006079864e-05,-0.0036553094265216,-0.0218911492272177,-0.0084017696447257
0.0,0.003342662378101,0.0,0.0,0.0,-0.0008800051768485,0.0,-5.9393941819121646e-05,0.0,0.0,0.0003553486581114,0.0,0.0015857127012584,-8.183000854072194e-05,-1.820420524229735e-05,0.0,-9.521172039807382e-05,0.000831035906253,3.2243049219201695e-05,0.0,-0.0002346740645317,0.0003441113594258,0.0,0.0,-0.0035748921145108,-0.0026054264604206,0.0019019638995311,0.0,0.0,0.0,-0.0027572710403207,0.0001320067984605,0.0,0.0004787839113912,-0.0003242735653525,-0.0005431648764703,0.0105750266288762,0.0027560596213288,-0.0001409629232072,-0.0003890940857175,2.118691155227561e-05,0.0042137173189174,-0.0001551366741506,-0.0462082216337111,-0.0471110232056329,-0.0004755699435021,0.0070425593743898,0.00200927809055,-0.0098908262102089,-0.0019373797470953,-0.0002113728924939,0.0021126852745151,0.0,0.0080439368393625,0.0140531294135528,-0.0003246184322629,0.0220680437416186,-0.0002034388194148,-0.0002979067732078,-1.2488187861113755,-0.0009626677042945,-0.4245419062781647,0.0583941189810267,0.001112025995474,-8.890353898680466e-05,0.00459698930989,-0.0664023736282559,0.141735013204008,-0.0006673072794358,-0.0004920615474361,0.000119873333175,0.0041634399025384,1.7009456558872488e-05,-0.0272750049371456,0.0661297696038748,-0.0050925677341023,7.683257100681061e-05,0.0475798876546288,0.0005377405729816,-0.1180531011741078,0.0388679500938563,0.0004167707833731,-0.0386008899005127,0.0008037846491348,-0.0011413947332084
0.0,0.0,0.0,-0.0408569108084268,-0.0009074128039573,-0.0075179148223061,-0.0098721612292867,-0.0001813746007506,-0.0493848335493201,-0.0142065134600973,0.0,-0.0762758260330565,0.0021004553753397,-6.524813858196357e-05,-0.0047856360455056,0.0,0.0,0.0,0.0,-0.0228484782209892,0.0,-0.0001839758749323,0.0,-0.0373435153104648,-4.8454912838052245e-05,0.0,0.0,-0.0727962557949475,-6.45638117715767e-05,-0.000189054438871,0.0,0.0,0.0008302530404123,0.0002362473967115,-0.0083231134996248,-0.0006086983554806,4.531683101244802e-06,0.0001563651931299,0.0006074561034235,-0.0195602071362302,-0.0001189131358493,2.104953451453329e-05,-0.0500121520677664,-0.0004606690929902,-0.0632984827916439,-0.0104053711858897,-0.038880966365229,-0.0133071688352347,2.339742272936367e-05,-0.0010696226331032,3.8703640732423016e-05,0.0007743756569812,0.0435960753432073,0.0057876338889742,-0.1458010075136906,-0.0012001618045689,-0.0763092078929729,-0.0185309374590387,-0.7424803661104201,-0.0009626677042945,0.025141162418329,0.0022190353195119,-0.033828109706222,0.0663316614684882,0.0,5.490716924565404e-05,-0.0008246732110656,0.0001485095204039,0.0768529398507578,4.594784859927638e-05,-0.0005348498539392,0.0007208899923938,-0.0340395661171741,0.0003054773961478,0.0,1.1660308867261975e-05,-0.008242513827313,-0.0204741690330447,0.0,0.0,-0.0011740288798718,0.0002297556433624,-0.0136342493958113,-0.0200528050858388,-0.0036242136501473
0.0,0.0421080831063496,-0.0001749057333811,-0.0003544824845582,0.0,0.000318355956467,-0.0003456350706762,0.0006117671790027,-0.0014153261955997,0.0,-0.0493135303567542,-0.000372774175351,-0.0734425548539505,0.0001432228472122,-0.0001885222795935,0.0002954966531918,-0.0005069129058186,0.0074249285873616,-0.000233468199653,-4.993751585066264e-05,0.000232693874525,0.0030622893196761,-0.0015470257767372,-0.0015161880862356,-0.0433283604193971,-0.0650387229321337,-0.0300468276903228,-0.0034393641607057,0.0004058682642479,-0.0011267211993371,-0.0484082212828423,0.0001633568167259,-0.0002840359529043,0.0055734419650929,0.0,-3.993939065498613e-06,0.0236849161122878,0.0081921187302282,-0.0006014192492809,-0.0004546363501476,-7.945116659153966e-05,0.0119367770487089,0.0038393199229445,-0.0473780433733036,-0.0513865890646914,-0.0022696378648426,-0.0006026106788871,-0.0018122236676721,-0.053512309858687,-0.000430866934558,0.0009044368516482,0.0001608072376207,0.0023958494001404,0.00010405603971,0.0006857412357074,0.0053184625431856,0.0021816924524357,-0.0015429639940306,0.0004689585554508,-0.4245419062781647,0.0022190353195119,-1.0691596407318409,-0.0018981134225117,-0.0002087703590779,0.0004411427616527,-0.0002121465300836,-0.0143899800452429,0.0001591314174065,0.0073772641259227,0.0004041413599152,-0.0062815434779289,-0.0002850290152326,0.0031059338566023,-0.3294836999537011,0.0008940215235642,-0.1583302315134048,0.0022522491241294,-0.0175183575882103,0.0025858472064216,-0.2042464696082974,-0.0126917818958535,-0.0001056240270766,-0.139855616825322,4.388931123666994e-05,0.0001131391955078
0.0,0.0,0.0,-0.0002366739015985,0.0,0.0,0.0,-8.613633562252877e-05,0.0051679900168258,0.0,0.0003304237907445,-0.0019541002756133,0.0002345431291807,0.0,0.0,0.0,0.0,0.0,0.0,0.0,0.0,0.0030655342949447,0.0,-0.0001487816186588,-0.0004709037526626,0.0,0.0,0.0,0.0,0.0,0.0,-8.086576943339752e-05,0.0,-0.0007884796312786,-2.284970300716389e-06,0.0012526613760247,-0.0011246102378463,-0.0021234427059633,0.0002983888074995,2.900904547261188e-05,0.0012447240223022,-0.0001024269775396,0.0316681303323042,0.0113888085040198,0.0748837441736385,0.0125662140083751,0.0018703188142474,0.001903602356832,-0.0006731464020583,0.1239576632016868,-0.0004707951335388,-0.1466618495958697,0.0023541179829631,-0.0003703897558676,0.0420024234671705,0.8940876510792144,1.0592301502243853,0.0213743515510855,-0.0838123878831538,0.0583941189810267,-0.033828109706222,-0.0018981134225117,1.1650967669604777,0.001502882595999,-0.0011191820179422,0.007694013438823,0.0095089271263484,0.0163727771776676,0.0066126811386496,-0.0133834070635356,0.0031846968099005,-0.0222664719734799,0.022187635893821,-0.0030987667622543,0.0070400194791626,0.000334923476235,0.0557918334741193,0.3383381145529922,0.219001204234736,-0.0075031339468075,-0.0017796031474929,0.0125391431143646,0.0927931024578799,0.0010235444587502,0.0056042246475126
0.0,0.0,0.0,-0.0042230011495236,-1.618401103061188e-05,-0.0004588860612527,-5.841810189662831e-07,0.0,-0.0017219596308996,0.0003218722873169,0.0,-0.0055082797240244,8.443244697635619e-05,0.0,-0.000624338414903,0.0,0.0,0.0,0.0,-0.0050668598048601,0.0,0.0005990348847383,0.0,-0.0044025440813598,-0.0009396316538641,0.0,0.0,-0.0002494888403977,0.0,9.757975454643883e-05,0.0,0.0,0.0,-0.0003715447672757,-0.0001210454590508,9.335737451257752e-05,-0.0001298826395491,-0.0009636606194227,0.0009752998512125,-0.0029606394697667,-0.000104732821222,0.0,0.012744211143992,-0.0001198871529402,0.0079458755497542,-0.0008351757834126,0.0609921701602926,0.0033707748662975,-0.0013465057054052,0.0004240813025298,-0.0022627958273363,0.0008072220823132,0.014205233780735,0.1705642859677645,0.2641607311644154,0.003496560283983,0.0216347380159111,0.016972550883232,-0.0079712099365024,0.001112025995474,0.0663316614684882,-0.0002087703590779,0.001502882595999,0.2547993001586174,-0.0003290063081721,0.0,-0.000109866501213,2.924171691986172e-05,-0.0046683010380341,-0.0024661776605714,-0.0053288823580122,-0.0013386224469883,-0.0013954030075269,0.0,0.0008815985738462,-0.0005321777190984,0.0078891905121714,0.0017757204895753,0.0014130228706449,0.0,0.0058424791097885,0.0009302306612185,0.0009543705855525,-0.0201348441425584,0.0015522231145947
0.0,-0.0167064330255807,-0.0017200751943308,0.0002273006772186,-0.0003862984748169,-0.000312851820081,0.0010096884820038,-0.000741954899984,-0.0168737846040921,1.0139539544635072e-05,0.0,-0.0004146000623389,0.0003267027844454,0.0,-5.4256373984570346e-05,-0.0249594863010478,0.0002345014054821,0.0,0.0,-0.001149228768175,-0.0205557558387475,-0.0641139325971162,-0.2160510166992299,0.0126212637695326,-0.0001672722772707,0.0001126302961705,-0.0030330895724091,-0.0586437210847469,-0.0023926372086941,-0.0073340286849247,0.0,0.0,-0.0006542557235542,-0.0056330607280679,-0.000248565154904,-0.0642312222434259,-0.0114620789453951,-0.0217034274463074,-0.009691343867022,-0.0007538637172615,7.813551950126556e-05,0.0,-0.1097660141535145,-0.0531674055981465,-0.0170112316808102,-0.0069224887554738,-0.0002356653943763,-4.198583279944154e-05,-0.0001686260750893,-0.000368142509726,0.0037364188217552,-0.0039268669243259,0.0,0.0,-2.3334668082910205e-05,-0.0008512343075996,-0.0005835251002105,-0.0015264971776908,0.0001087882504843,-8.890353898680466e-05,0.0,0.0004411427616527,-0.0011191820179422,-0.0003290063081721,-1.5521681610872078,0.0011299444677977,0.0006806122668955,0.0003320588207365,0.0,-0.440973038770544,-0.2121776250176131,0.2169838840501854,-0.1416506354077273,-0.0016043813307109,0.001283684799169,-0.1265566302050311,-0.2222189365619314,-0.0032359399451944,-0.0028929736797676,0.0,-2.8622344722865265e-05,0.0008722829241223,-0.0001731520825661,-0.0035727964893766,-0.0127129607130389
0.0,0.000214846399014,0.0001486549540528,0.0,0.0,0.0,0.0,0.0,0.0008881333324154,0.0,-1.0829081590578284e-05,0.0,0.0,0.0,0.0,0.0,-0.0022369627781006,0.0,-0.0002410267998735,0.0,0.0,0.002069199236214,-0.0002891097333597,0.0,-0.0006041941884224,-0.0038697373437072,0.0080988468580176,0.0,0.0,0.0,0.0,0.0,0.0,-0.0013627191491894,0.0,-0.0008993450273628,-0.0009893597771908,-0.0015425525875796,-0.001181069355873,0.0,0.0,0.0,0.0091843044080826,0.0274197561015572,-0.0347740008459296,-0.0005471408043593,7.986463883197825e-05,-0.0002366356689772,-8.04451255961813e-05,-0.0124905829278996,0.0006523719213969,0.1998943440435164,0.0,3.489904605594352e-05,-0.0001073027324636,-0.064995413185609,-0.0108002561906435,0.0034736926742388,0.0,0.00459698930989,5.490716924565404e-05,-0.0002121465300836,0.007694013438823,0.0,0.0011299444677977,0.0045333649582231,-0.0123129010803073,-0.0341901979420633,0.0,-0.0002852981500499,0.0060764783980687,-0.3042617689289119,0.0006605677724654,1.973838635534849e-06,0.0039202686452535,0.0656941366364132,0.0103578598132615,-0.0222047891407941,-0.1004656780030467,-0.0001098379734288,-0.0026074891523297,-0.0013320176706294,-0.0630882347754534,0.000569231058514,0.0042171517206948
0.0,6.340676651491421e-05,0.0,0.0,0.0,0.0,0.0,0.0,0.0,0.0,0.0022365106657176,0.0,0.0016715035844098,0.0,0.0,0.0,0.0,0.0013926888429174,-0.0001868927957779,0.0,0.0,0.0,0.0,0.0,-0.0034037028556822,0.0069947045592564,0.0048852014710658,0.0,0.0,0.0,0.0004595155808101,0.0,0.0,5.4723189916185233e-05,0.0,0.0,0.002832804168261,0.0001538716080943,6.16756374370468e-05,0.0,0.0,0.0009591014544869,-0.0176288012420126,0.03404158599566,0.0153014472345046,-0.0001120285706809,0.000114586009245,-0.0040909943905842,0.0009573864679806,-0.0005614777932252,0.0012992039055676,0.0056344574651517,0.0,0.0007996770136978,-0.0010049409213483,-0.000430727612821,0.0043629598329172,0.0,0.0,-0.0664023736282559,-0.0008246732110656,-0.0143899800452429,0.0095089271263484,-0.000109866501213,0.0006806122668955,-0.0123129010803073,-0.1741007423334435,0.3016931749868883,0.0,0.0008899054237943,0.0004385753464707,0.0032301072568402,0.0,-0.0064003780278702,0.1095866125884663,0.0119625687763089,0.0,-0.0024667109607667,-0.0031764388871885,-0.0162841861531445,-0.0004876122933479,0.0005349558605861,0.016186933902258,-0.0003907906720232,-0.0044641658674372
0.0,-0.0012108149323425,0.0,0.0,0.0,0.0,0.0,0.0,0.0,0.0,0.0002510614904814,0.0,9.661967643206196e-06,0.0,0.0,0.0,0.0001874380869585,0.0010281443727674,-0.0002841883464204,0.0,0.0,-0.0001165394422737,-0.0001780666476383,0.0,6.586143203888793e-05,-0.0016959014761179,-0.0019275524740557,0.0,0.0,0.0,-0.0003004159680572,0.0,0.0,0.0001283800048579,0.0,0.0,0.0006288302838975,0.0007255918377157,0.0,0.0,0.0,0.0,-0.0702263395935998,0.0083952380447386,0.0510489478489927,-0.017394298100127,0.0027195323612521,-0.0003492304235922,0.0003035138096847,-0.0036167046281604,-0.0011683347232529,0.01023089412183,0.0,0.0007591839111181,-1.114446184310395e-05,-0.0232971699462965,0.0073131879983522,0.0001685653229336,0.0,0.141735013204008,0.0001485095204039,0.0001591314174065,0.0163727771776676,2.924171691986172e-05,0.0003320588207365,-0.0341901979420633,0.3016931749868883,0.4382015494691907,0.0,0.0103965079019943,0.004537615716534,-0.0180209144562287,6.007610934990913e-05,5.121412266302072e-05,-0.0354192135987745,0.0146269495561528,0.0034601075008145,0.0111498246274515,-0.0499189037042444,-5.373477060918101e-05,0.0047682927434781,0.0024185441012363,0.177933802930652,-0.0001009866250553,0.0012862316480113
0.0,0.0,0.0,-0.0067082201827872,-0.0002581916587381,0.002486702995366,-0.001625888250097,-0.0007535855853596,-0.0416813362886889,-6.356944019214852e-05,0.0,-0.0103629543434816,0.006357970549729,0.0,-0.0029888254940415,0.0,0.0,0.0,0.0,-0.0650654267373097,0.0,-0.0009423742866765,0.0,-0.0406133042208127,-0.0002472554694157,0.0,0.0,-0.0341329356773358,-0.0005410558287583,-0.0005332380299831,0.0,0.0,-0.0001934847208339,0.0,0.0,0.001798638137942,0.0003099927721788,-0.0002030319139033,-0.0004626899703345,0.0075860394705095,-4.201582532783635e-05,-1.8812510483459857e-05,0.0044706613470143,0.0012206460711976,-0.0102827496296127,-0.0005237702580785,-0.0073578072659324,-0.0021536397558043,0.0006791860704948,0.0005135504670364,0.0,0.0,0.3015894280962056,0.0013390720622183,-0.0102871472300143,-0.0008369753725318,0.0032225781042504,-0.0162323403342204,-0.0625680143988306,-0.0006673072794358,0.0768529398507578,0.0073772641259227,0.0066126811386496,-0.0046683010380341,0.0,0.0,0.0,0.0,0.0472557317377586,0.0,-0.0009658882865971,0.0,-0.0129218118125426,7.859906282332929e-05,0.0,0.0,0.0507990989854024,-0.0073302706605343,0.0,0.0,-4.168492168980932e-05,0.0002092428219974,0.0217084107325926,0.0002937021758729,0.0013214073011011
0.0,-0.0098326554170902,-7.769330567369771e-05,0.0,0.0,0.0,0.0,0.0,-0.0175861009249383,0.0,0.0,-0.0003663598922478,3.455819708499497e-05,0.0,-0.0003823378190626,0.0051545198838683,0.0,0.0,0.0,-0.0006790407954488,-0.0011682262000164,-0.0159606762674352,-0.0009796062234561,-0.0020581859364664,9.25436469375529e-05,0.0,0.0015635975279236,-0.0175460844243278,-0.0016568326504626,-0.0020938263154188,0.0,0.0,-0.0006245436099579,-0.00335715024015,0.0,0.0010699188820141,0.0010997424492423,-0.0044437812987639,-6.692767456079266e-06,0.0020774498513376,0.0,0.0,-0.137345913310561,-0.0261807968632823,-0.0654716912324073,0.0465257916547212,0.0051631902688935,0.0001034558286574,-0.0004005404419044,-0.0034956218912801,-0.0027549223216112,-0.0480431416588401,2.815358772017433e-06,-0.0001156479635289,-0.0004632302524819,-0.0791055015414122,-0.0218918185371692,-0.0002457214064774,-0.0027592493712464,-0.0004920615474361,4.594784859927638e-05,0.0004041413599152,-0.0133834070635356,-0.0024661776605714,-0.440973038770544,-0.0002852981500499,0.0008899054237943,0.0103965079019943,0.0,-0.1801797058275765,-0.0123834574233115,1.3328914213153626,-0.0704983623997485,3.638676896745852e-05,-0.0089665848260582,0.0031003888214614,-0.3315173422152248,-0.0123729105447498,-0.1364050664190235,0.0,-4.720372443564965e-06,-0.0010682624724458,0.0555194243530799,-0.0085108441456673,-0.0169544398260853
0.0001217672105668,0.0644968146032862,0.0049297887409502,0.0001460423957434,-6.285032441231737e-05,0.0016920435628882,0.0009917244178338,0.006300465417914,-0.0188053302564638,0.0014150893149566,0.0006677618736168,0.0005536399257447,0.0010644061681154,0.002190308431461,0.001809106542093,0.0523911367403058,0.0122827655464952,0.0009308694075854,0.0036225598816926,0.0001269220554888,0.0098749340095009,0.1426322065349038,0.0730004319475695,0.172737677330975,-0.0023461887511265,-0.0015845602418793,0.2590741590155962,-0.019037945950622,0.005591754378342,0.0139721399721384,1.6136583589312278e-05,-0.0001209690452505,0.0009025611266076,0.0097187777860551,0.0024322610223331,0.077220755981864,0.0241371447182362,0.029680004520484,0.0070100158459428,0.0015967527965819,0.0006368792669508,0.0005234933328022,0.0209791790296997,0.0043011055015686,0.0153542498653927,0.008384573758468,-0.0007075959282533,0.0005003679723052,-0.0007036628015646,0.0007301599051446,0.0373154711718205,0.006934216067996,-0.0005786635350603,0.0009693441488071,-0.0008816338085623,0.0024701328454337,0.0004634890026539,-0.3373298227020601,0.0005412289608954,0.000119873333175,-0.0005348498539392,-0.0062815434779289,0.0031846968099005,-0.0053288823580122,-0.2121776250176131,0.0060764783980687,0.0004385753464707,0.004537615716534,-0.0009658882865971,-0.0123834574233115,0.3635485680057979,-0.0105296818769395,-0.32142279246048,-0.0231937078019918,-0.0010120730681888,-0.0986405472262673,-0.0132591762174742,0.000925778296527,0.038577411937729,-0.0003338406247272,-9.793830484164938e-05,0.0006352073436506,0.0081753107810131,0.0025259555334814,0.0377718236526357
0.0,-0.0186175571020237,-0.0101152459976452,0.0,0.0,0.0,0.0,0.0,0.001947048104335,0.0,0.0,-0.0001241198695663,3.172927906334772e-06,0.0,0.0,0.0495878906648447,-0.0015617700895851,0.0,-0.0007508919768369,0.0004469736966612,0.001320261588507,0.014620428867728,-0.1119317768330854,0.0117507536600908,-0.0001260220562453,-0.0013355434603783,0.0247996991342595,0.0014895235848901,5.7533835954223697e-05,-0.0001708561573941,0.0,0.0,-5.26158905935206e-05,-0.0017934209586581,0.0,-0.0141061027793289,0.0058729569614493,-0.0192171479146078,-0.0163115674009168,0.0004105656172795,0.0,0.0,-0.2837094485535145,-0.0599843149016773,0.2360491007584523,0.1206783731562789,0.0014995668032045,0.0001650284936993,-0.000146385098191,-0.0025315345388329,-0.0073660278701154,0.5419445037153422,0.0,0.0001218219866077,-0.0066239781867432,-0.3357112762234884,-0.0326266105737978,0.0001522236205458,-0.0042153397153616,0.0041634399025384,0.0007208899923938,-0.0002850290152326,-0.0222664719734799,-0.0013386224469883,0.2169838840501854,-0.3042617689289119,0.0032301072568402,-0.0180209144562287,0.0,1.3328914213153626,-0.0105296818769395,2.0354053789858573,-0.0376934481074186,0.0003912575978365,-0.1142131782163093,0.8148980836510519,-0.1243591618108504,0.0083063559672406,-0.0396453582079846,0.0,-0.001243319796416,0.0076972417078538,0.1396886136476797,-0.0242084637851807,-0.0912501133891335
-0.0003643397021825,-0.0051924463604295,4.615933153235946e-05,-0.0811700031772616,-0.0001866543130386,-0.0578022466556776,-0.0292171294037152,-0.0227822172749287,-0.2516922649224722,-0.0705405528863105,0.0,-0.0234878750011715,0.0033168936872278,0.0011930714041678,-0.0036321224156376,-0.0081932117757929,0.0,0.0,0.0,-0.1385576388771281,-0.0133746039018547,-0.0077505140477258,-0.0019548993171327,-0.7412379356327585,-0.0003339996563694,0.0,3.2176530346130474e-05,-0.527122035713986,-0.0064796826821611,-0.0099146034662058,0.0,0.0,-0.0089418686976586,-0.0123997923626402,0.0,-0.0984239203605555,-0.0117252699379448,-0.0314779148334827,-0.0006924550457734,-0.0142566163966036,-0.000115194160289,1.762226902408551e-06,-0.0888944312229761,-0.0244646219964573,-0.0129144272529049,-0.0026095115465012,0.0082354082740452,-0.0050560566557135,0.0010600492474954,-0.0048283066078585,-0.0948135149366219,-0.0381823660241638,0.3453932664976712,0.0266358405957299,0.0598666351066585,0.0244448458415316,0.0571792859431045,-0.6922205089014366,0.0736311550162572,1.7009456558872488e-05,-0.0340395661171741,0.0031059338566023,0.022187635893821,-0.0013954030075269,-0.1416506354077273,0.0006605677724654,0.0,6.007610934990913e-05,-0.0129218118125426,-0.0704983623997485,-0.32142279246048,-0.0376934481074186,-1.5868987532476742,-0.0240720231165778,-0.0008148402145874,-0.0709568164912167,-0.9246022734422726,-0.0330588018763192,-0.0026612299271719,0.0,-0.0003573248087336,-0.0034308884149382,0.0311671591109188,0.0040867529839073,0.0064009022657831
0.0,0.0203726131558412,-0.0002730417035286,0.0,0.0,0.0001156307473428,0.0,0.0007113337942059,-0.0060404392863336,0.0,-0.032364860408148,0.0,-0.0357595718158822,6.228695665105386e-05,0.0,2.794139211079609e-05,1.7053461599021296e-05,-0.0019874460476991,-0.0025828112257444,0.0,0.0,-0.0012256490301222,-0.0002491093923603,-0.0006278180740223,-0.1321730607137064,-0.097044508448998,-0.1286642659559052,0.0,-0.0002681249440613,0.0,-0.0162666533236229,-0.0001656873504955,0.0,-0.0041716052338924,0.0003768770413841,-0.0010748560855728,-0.0130082849258433,-0.0068336629913371,-0.0007577747349823,0.0,0.0009516925048858,0.0038013209758856,-0.0096725523874865,-0.0230563531665232,-0.0494882876289728,-0.0096438482347812,-0.0004337248149668,-0.0005704294752775,-0.0460255992713507,0.0,-0.0078779852699774,9.895576194996684e-05,0.0,-0.0002414670353116,-0.0003852374915869,0.0,-0.0005094038328308,-0.1078464696921609,0.0,-0.0272750049371456,0.0003054773961478,-0.3294836999537011,-0.0030987667622543,0.0,-0.0016043813307109,1.973838635534849e-06,-0.0064003780278702,5.121412266302072e-05,7.859906282332929e-05,3.638676896745852e-05,-0.0231937078019918,0.0003912575978365,-0.0240720231165778,-0.2999588162886193,-0.0199274256068455,-0.32425063410232,4.502469385506243e-05,-0.0047329097692581,0.0,-0.0285137447345062,-0.0035139546001086,0.0,-0.026345173613205,0.0,-0.0002197796710615
0.0,0.0008033293510078,0.0042013747141081,0.0,0.0,0.0,0.0,0.0,0.0,0.0,0.0153299236344444,0.0,0.0281983868482247,0.0,0.0,0.0,-0.0072830398738036,0.0171555381288122,-0.0091579362815974,0.0,0.0,0.0011060831526645,-0.0001549696205592,0.0,-0.004771313596208,-0.0682637218104532,0.0475594096358405,0.0,0.0,0.0,0.0101008157903473,0.0,0.0,-0.0024512489864643,0.0,-0.0015728420078489,0.0676866232068806,0.0232679172866857,-0.0036800352128835,0.0,4.186193389580866e-05,0.0039752098189305,-0.2280027303681643,0.1575932025231473,0.0156624008608464,-0.0177129923061997,0.001042089634734,-0.0001285786565078,0.0028645270240862,-0.0022143351835118,-0.008964137518512,-0.1155662418213132,0.0,0.0007435228289922,-0.0006423373070453,-0.0173489018980477,0.0115978752654446,-0.0003700693381598,0.0,0.0661297696038748,0.0,0.0008940215235642,0.0070400194791626,0.0008815985738462,0.001283684799169,0.0039202686452535,0.1095866125884663,-0.0354192135987745,0.0,-0.0089665848260582,-0.0010120730681888,-0.1142131782163093,-0.0008148402145874,-0.0199274256068455,-0.9069365024629434,-0.1594578404680057,-0.0019496416612691,-0.0207313083548926,-0.0219320406820312,-0.0903123687390966,-0.0035674183469763,-0.0034716229920443,0.0103265542978002,0.0005812449709255,-0.0037090713350019
0.0,-0.0523984252003252,-0.0892678785063113,0.0,0.0,0.0,0.0,0.0,-0.0023162602674518,0.0,-0.0238052271194098,0.0,-0.0199645335941985,0.0,-0.0002041462504132,-0.0010973602636103,-0.0937814124775857,-0.0053953581843601,-0.047728041993611,0.0,-0.0002407869906492,-0.0485265489719758,-0.0807031393476001,0.0026283251652682,-0.1270120628498737,-0.6468267861635064,-0.7219953835584201,-0.0008804847089985,-0.000286266860877,-0.0004321974073885,-0.0229082387511406,0.0,0.0,-0.0213119483225925,0.0,-0.132559547067642,-0.1071567798090625,-0.0420877093820179,-0.0675115094612594,-0.0002829933245875,0.0001731994427566,0.000528374565421,0.1066909412985042,0.1594620101653258,0.0249969894527686,0.0400308119108212,0.0012135568092645,-0.0003209632929324,-0.0041343664312744,-0.0001429694288509,-0.0271737320031359,0.5535549907253281,0.0,-0.0001831651846541,-3.384801904338036e-05,-0.0026737703667745,0.0015361418871648,-0.0683822977451976,0.0,-0.0050925677341023,1.1660308867261975e-05,-0.1583302315134048,0.000334923476235,-0.0005321777190984,-0.1265566302050311,0.0656941366364132,0.0119625687763089,0.0146269495561528,0.0,0.0031003888214614,-0.0986405472262673,0.8148980836510519,-0.0709568164912167,-0.32425063410232,-0.1594578404680057,-0.2777207554452622,-0.0010102713910373,-0.0033561434801833,0.001010165476103,-0.1311657911475239,-0.0002407239538477,-0.0010608771588837,0.0017285000517224,-0.000137401308711,0.0094322987921547
0.0,-0.0035320002807293,0.0,-0.0028311495861891,0.0,0.0003324204070328,0.0010225450189409,0.0,-0.0844963663862998,0.0,0.0,-0.0052611146648207,0.0023428225467045,-2.056941356436005e-05,-0.0001625096725368,-0.0011208125532792,0.0,0.0,0.0,-0.0014172893492739,-0.0011772935297357,0.0006319662076502,-5.872309625270349e-06,-0.1443602137705378,0.0006338465385395,0.0,0.0001360008126486,-0.023936041051446,-0.0013957677558626,0.0037502899737124,0.0,0.0,0.0006357017577774,0.001500233872364,0.0,0.0223100562398576,0.0018192636598632,-0.0006803888939303,0.0,0.0221582615234966,0.0,0.0,0.1761665181528038,-0.001373604036253,0.3037184427684657,0.0811761312613913,0.048717671759373,0.0001694976274211,0.0006240076157044,-0.0032013421895538,-0.0004367587233109,-0.1474378166116428,0.2078156887497601,0.0091493148427913,0.0236815484529603,-0.5503101497231534,0.0918651263331311,-0.0535672513704569,-0.1848755670252511,7.683257100681061e-05,-0.008242513827313,0.0022522491241294,0.0557918334741193,0.0078891905121714,-0.2222189365619314,0.0103578598132615,0.0,0.0034601075008145,0.0507990989854024,-0.3315173422152248,-0.0132591762174742,-0.1243591618108504,-0.9246022734422726,4.502469385506243e-05,-0.0019496416612691,-0.0010102713910373,-1.359964300917362,0.1194785767035307,-0.0248202453599626,0.0,-7.508818925969821e-05,0.0906917669201756,0.2211582058789395,0.0259628878231402,0.0639647924549686
0.0,-0.0001140489646363,0.0,0.0001482587454238,0.0,0.0,0.0,0.0,-0.0119987234787778,0.0,0.0002458995962838,-0.0013583922185063,1.2690174576934942e-05,0.0,-0.000178421619521,0.0,0.0,0.0,0.0,-0.0006804913920718,-1.80712898173228e-05,0.0018128207028123,0.0001513164926605,-0.0022346920668977,-6.987707737788255e-05,0.0,0.0,-0.0035032182218795,0.0,-0.0011520736682865,0.0,0.0,0.0,0.0014276495844533,0.0,-0.002210516715749,0.0006973866641528,-0.0036972567526433,0.0006774659604291,0.0026612539973602,-0.0003000204207918,0.0002638895508174,0.0242388735132831,-0.0043582586356125,0.0011651255329999,-0.0023563825797922,0.0099737875018558,0.0026721956491844,-0.0012244024370606,0.0019253986827974,0.0001077040889479,-0.003770014058339,-0.0051078329218571,-0.0006158169755306,0.0042142522952586,0.1990153910123288,-0.0292188540630893,0.0307403305800697,-0.0467225380510605,0.0475798876546288,-0.0204741690330447,-0.0175183575882103,0.3383381145529922,0.0017757204895753,-0.0032359399451944,-0.0222047891407941,-0.0024667109607667,0.0111498246274515,-0.0073302706605343,-0.0123729105447498,0.000925778296527,0.0083063559672406,-0.0330588018763192,-0.0047329097692581,-0.0207313083548926,-0.0033561434801833,0.1194785767035307,0.0745029696313968,0.2547762630440508,-0.0126695519182878,-0.0406530316313863,0.1154201103031345,0.052637928125117,0.0014286083429503,0.0009138087930812
0.0,0.0005544452924605,0.0,-3.441593134701714e-05,0.0,-0.0001839178952171,2.115055054849936e-06,0.0,0.022596590032289,0.0,0.0,-7.510693005473228e-05,0.0007041691831461,0.0,-0.000657229331709,0.0009437642884509,0.0,0.0,0.0,0.0004552121203553,-0.0019962799320047,0.0210675505082502,-0.0005155443381604,0.0159927962626609,0.0005581297864093,0.0,2.6999285878519588e-05,-0.0110171871884261,0.0010557652318465,0.0017160846066904,0.0,0.0,0.0003392096734509,-0.0013053176701811,0.0,0.0238110266618212,-0.0011246526400127,0.0009056573189726,-5.557844449108882e-05,0.0023620312734134,0.0,0.0,0.0685027857389959,-0.0041221388328044,0.0060592886126703,0.0085981985562653,0.0082544208598224,0.0008270167224114,0.0,0.0389564248691421,-0.0002844048046114,-0.0007707847956104,0.0,0.0001434125030732,0.0010735958477688,0.4169261769014961,0.0257962713385604,0.0280235668482116,-0.0010613082663638,0.0005377405729816,0.0,0.0025858472064216,0.219001204234736,0.0014130228706449,-0.0028929736797676,-0.1004656780030467,-0.0031764388871885,-0.0499189037042444,0.0,-0.1364050664190235,0.038577411937729,-0.0396453582079846,-0.0026612299271719,0.0,-0.0219320406820312,0.001010165476103,-0.0248202453599626,0.2547762630440508,1.1620662242583408,0.0,-0.0009208333960643,0.0628746299833347,0.0539892916766813,0.0033070023930511,0.0048824501920242
0.0,-0.0003025996873999,0.0,0.0,0.0,0.0,0.0,0.0,0.0,0.0,-0.0235051427120741,0.0,-0.0294454885816695,0.0,0.0,0.0,0.0,-8.399723289339548e-05,0.0004014285169072,0.0,0.0,0.0,0.0,0.0,-0.035361835578888,-0.0578019027228065,-0.0474577023181506,0.0,0.0,0.0,-0.0205433197155261,0.0,0.0,-0.0005411116569687,0.0,-1.1197451787682408e-05,-0.0056490422273347,-0.0006862586268096,9.16181401024012e-07,0.0,0.0001171440053164,-0.0018595477807891,-0.0077828322666392,-0.0674110263885933,-0.0646891066465319,-0.0089833820945637,-0.0003146039024899,-0.0007567967417407,-0.0177156573392939,0.0,-0.0017733591049924,7.116489640246148e-05,0.0,0.0002980535404684,-0.0008818161261898,0.0,-0.0031100188605055,0.0,0.0,-0.1180531011741078,0.0,-0.2042464696082974,-0.0075031339468075,0.0,0.0,-0.0001098379734288,-0.0162841861531445,-5.373477060918101e-05,0.0,0.0,-0.0003338406247272,0.0,0.0,-0.0285137447345062,-0.0903123687390966,-0.1311657911475239,0.0,-0.0126695519182878,0.0,-0.272974623803256,-0.0108652443517155,0.0,-0.022671664230482,0.0,-0.0004965149970153
0.0,0.0001665497852193,0.0,0.0,0.0,0.0,0.0,-7.321432744651289e-05,-0.0007794941341615,0.0,1.7573807554269518e-05,0.0,4.636593192013873e-05,0.0,0.0,0.0,0.0,0.0,0.0,0.0,0.0,0.0,0.0,0.0,0.0005910350523695,0.0,0.0,0.0,0.0,0.0,0.0,0.0,0.0,7.33295063021433e-05,0.0,0.0008392123154474,0.0003639757967081,-0.0014521803811553,0.0013371095934909,0.0001171090256089,0.0015020128139875,0.0003146491378684,0.0092475429791813,-0.0002625935757957,-0.0114410317675588,0.0012294460864369,-0.0457470128374266,-0.0939750827591009,-0.0009672393667543,-0.0002300770608902,0.0001136407450793,-0.0002397640991897,2.5606549500352303e-05,-0.0174566336129609,-0.0030464199319953,-0.0001653886323556,-0.0419731681121469,0.0031505835773792,-0.0003893751595472,0.0388679500938563,-0.0011740288798718,-0.0126917818958535,-0.0017796031474929,0.0058424791097885,-2.8622344722865265e-05,-0.0026074891523297,-0.0004876122933479,0.0047682927434781,-4.168492168980932e-05,-4.720372443564965e-06,-9.793830484164938e-05,-0.001243319796416,-0.0003573248087336,-0.0035139546001086,-0.0035674183469763,-0.0002407239538477,-7.508818925969821e-05,-0.0406530316313863,-0.0009208333960643,-0.0108652443517155,-0.0066914647556908,-0.0002130624093099,-0.0169771105296105,0.0021003381900493,-0.0007258332459264
0.0,-3.166771056940588e-05,0.0,0.0,0.0,0.0,0.0,0.0,-0.0018350055376392,0.0,0.0,-6.512954509983297e-05,0.0002102389060731,0.0,0.0,-0.0007252267795197,0.0,0.0,0.0,1.724544259878623e-05,-0.0016056677472979,0.0002934555266407,0.0,0.0001692427577755,-0.0002813937845793,0.0,0.0,-0.0040891983141493,-0.0001255185022394,-0.0004464249017049,0.0,0.0,0.0001806118111307,-0.0001271847736278,0.0,-0.0002384073620349,0.0001937486028381,-0.0011127430154672,0.0,0.0013498644186923,0.0,0.0,0.0052172811758985,-0.0012905633186397,-0.0112621067199005,0.0006927252244671,0.0013116436309223,0.0005407799572064,2.009307757320548e-06,0.0018353700325536,-0.00057055577292,0.0009530727779809,-0.0001338898582036,-7.886602151591118e-05,0.0017039489427337,0.0383905416972447,0.0014526426544234,0.0091251130005901,-3.920271006079864e-05,0.0004167707833731,0.0002297556433624,-0.0001056240270766,0.0125391431143646,0.0009302306612185,0.0008722829241223,-0.0013320176706294,0.0005349558605861,0.0024185441012363,0.0002092428219974,-0.0010682624724458,0.0006352073436506,0.0076972417078538,-0.0034308884149382,0.0,-0.0034716229920443,-0.0010608771588837,0.0906917669201756,0.1154201103031345,0.0628746299833347,0.0,-0.0002130624093099,0.0483223396921349,0.0988214962571484,-0.0013222561667274,0.0046134948289907
0.0,0.000203964956448,-0.0007166283625552,-0.0018242822283789,-0.0004046762724556,0.0013974001192791,-0.0008091134474562,-0.0021627106561291,-0.0049839895858542,3.8048820275619685e-05,-0.0020827431566949,-0.001650850801778,-0.0023415914152806,-4.814951662972895e-05,0.0011885071470951,0.0001045195491718,-8.230619033464099e-05,-0.0001759291598661,0.0,-0.0020696536574091,-0.0007387086113825,0.0024209547593877,-0.002013802558071,-0.0007559743263825,-0.0023080942032073,-0.0013398343554268,-0.0008679615528326,-0.0042422460207609,0.0002113264594304,-0.001638770966226,-7.226936688088225e-05,-0.0005719671736424,-0.0007321076354672,-0.0008197568921618,-0.0008503803533998,0.0011116934133213,0.0009058553751815,-0.0016979644428284,0.0023069704248703,0.002477968976278,0.0036725873459088,0.0003197964260894,0.0959108218392559,-0.0003564341463109,-0.0428920958810783,-0.0034080861743302,0.0273869650120907,0.0175663187466169,-0.0267752432796389,-0.0027210186438773,-0.0009995057666503,0.0170703299960307,3.0634993117927904e-06,0.0296947845738416,0.019886214998361,0.0923689891490939,0.0317308144336299,0.0151889295498265,-0.0036553094265216,-0.0386008899005127,-0.0136342493958113,-0.139855616825322,0.0927931024578799,0.0009543705855525,-0.0001731520825661,-0.0630882347754534,0.016186933902258,0.177933802930652,0.0217084107325926,0.0555194243530799,0.0081753107810131,0.1396886136476797,0.0311671591109188,-0.026345173613205,0.0103265542978002,0.0017285000517224,0.2211582058789395,0.052637928125117,0.0539892916766813,-0.022671664230482,-0.0169771105296105,0.0988214962571484,0.3151045139326332,0.0003872060722263,0.0074655899746648
0.0,0.0,-0.0002382637056711,0.0,-0.0003337121916474,-0.0096498255297153,0.0,-9.176699874401032e-05,0.0003045986885622,-0.0029594690956007,0.0,-0.0509293521816911,-0.000528991476358,0.0,-0.0170680704051532,0.0,0.0,0.0,0.0,0.0,0.0,-9.630260804375844e-05,0.0002386029727599,0.0,-7.608477816944952e-05,0.0,9.022124065805132e-05,0.0,2.251891754382426e-06,0.0,0.0,3.487993492839064e-05,0.0003793820628011,-0.0001521925288762,-1.011634367790033,-0.0111190638580098,-0.0079393802720265,-0.0194493496435156,-0.0668298432253102,-0.001868147941964,-0.0019418402381106,6.52544018404076e-05,-0.2027426109401122,-0.0312442871473704,-0.0797566325170248,-0.17512921706933,-0.0182291111429184,-0.0266636981950225,-0.0022167598041581,0.0002984752167792,0.0001238143817791,0.0007689118530201,-0.0002369738351754,-0.0052860778441751,-0.0324624362328476,0.0135661828572733,0.0021236512428545,0.0159739244290997,-0.0218911492272177,0.0008037846491348,-0.0200528050858388,4.388931123666994e-05,0.0010235444587502,-0.0201348441425584,-0.0035727964893766,0.000569231058514,-0.0003907906720232,-0.0001009866250553,0.0002937021758729,-0.0085108441456673,0.0025259555334814,-0.0242084637851807,0.0040867529839073,0.0,0.0005812449709255,-0.000137401308711,0.0259628878231402,0.0014286083429503,0.0033070023930511,0.0,0.0021003381900493,-0.0013222561667274,0.0003872060722263,-5.499649917076733,-0.5790490889657659
5.05655473238102e-05,0.0005649312025329,-0.0294763698825666,0.0007999865641732,-0.0008138545371405,0.0031232455006093,-0.0054606127040512,-0.0075697073573675,0.0241717965667203,0.0069929797974391,-0.0051520628968337,-0.001239082381929,0.0043443434241521,-0.0001197131384289,-0.0033975940259997,0.0003652285110314,-0.0099283788322579,-0.0017702540572316,-0.0030593778732859,0.001222463906806,-0.0613819253137514,0.0322055552179408,-0.2103393045214079,-0.0077872308369366,-0.0003984982151106,-0.0055311316648027,-0.0430863420537459,-0.0155620624205793,0.0103018713178783,0.0210239412415363,-8.234219007632345e-05,-0.0037931974598414,0.0008816822676025,0.0029644144463695,-1.4265980726729737,-0.033469175887937,-0.1811867644052115,-0.1462551298753559,-0.0804491858258447,-0.006034337535758,0.0027756919354022,0.000511719670049,0.0051768620988356,-0.006487615619299,0.0038147641145075,-0.0754827620172599,0.0062815046874927,-0.0006772409289689,-0.0013910233145912,-0.0006408263844471,0.0007774114890401,0.0099771933909447,-0.0024360496064126,-0.0001398753225542,0.0003332530649099,0.0353893533587758,0.0053253105546037,0.0245119195369826,-0.0084017696447257,-0.0011413947332084,-0.0036242136501473,0.0001131391955078,0.0056042246475126,0.0015522231145947,-0.0127129607130389,0.0042171517206948,-0.0044641658674372,0.0012862316480113,0.0013214073011011,-0.0169544398260853,0.0377718236526357,-0.0912501133891335,0.0064009022657831,-0.0002197796710615,-0.0037090713350019,0.0094322987921547,0.0639647924549686,0.0009138087930812,0.0048824501920242,-0.0004965149970153,-0.0007258332459264,0.0046134948289907,0.0074655899746648,-0.5790490889657659,0.0795189980949141
