0.035343585093042584,0.0003094343109269998,0.004501567998197731,-0.00010625065349080011,0.0,0.00036024105537050405,0.022491727085800495,0.0003970526410967956,0.0005659926874888987,6.871091984259753e-05,-0.00019628181774070021,-1.8848810556999903e-05,0.0,0.05760586356374109,-6.268292632509995e-05,-1.9590206376299995e-05,0.00934746658474983,0.0,-4.4903103758001106e-05,4.495497943320001e-05,0.00027669435052110614,0.00033796410104810007,0.006485446798424999,-1.1441304634200733e-05,0.0,0.00042752941429529887,0.0007801659477681966,-0.0007318239989201059,0.018613836281249796,0.05196773767741325,0.0,-0.00014351100815789995,0.0007336530957416012,0.001196865849900211,0.0,0.00017784781229290142,0.0009910947751336982,0.0009533969394210015,9.40371795739997e-06,0.0,-9.572415478589997e-05,0.0,0.0,-4.0333666524999996e-05,0.0,0.0,0.0,0.0,0.0,0.0,0.0,0.0,0.0,0.0,0.0,0.0,0.0,0.0005098862977420001,0.0,0.0,0.0,0.0,0.0,0.0,0.0,0.0,0.0,0.0,0.0,0.0,0.00029497270033029994,0.0,-6.783861877570014e-05,0.0,0.0,0.0,0.0,0.0,0.0,0.0,0.0,0.0,0.0,0.0,9.016736293380003e-05
0.0003094343109269998,0.051594085486717844,0.009808734215685816,-8.553503395549995e-05,0.0,-2.4304540696600018e-05,0.00029006545602529993,-0.0001750370834862,-0.002929410465942306,0.0,0.004336449941533899,0.00046326131070629963,0.017861044366177914,0.0001026424184404004,0.0053472669871251,-0.0023444055723944035,0.017766866395505176,0.00023711143632210163,0.005982107594309394,0.0,0.0007069080520304,0.11664043750186037,0.0005179155964381982,0.0065279961399880015,-0.01465581124990023,-0.02402497718924068,0.2602542094123219,-0.0011690008009190012,0.001333258502513604,-0.00015615808603590062,-0.0006899311722090018,-0.00026197902695630076,0.00013332479156410006,0.005097431231677607,0.00036186144773829934,0.03784917658596898,0.0010185646905592205,0.007048544405481083,-0.0019205249093969257,-0.000712975960918405,0.00014102335064100115,0.034615688222928986,0.014489515303530098,0.007362129356997094,0.006695842619678399,0.0060357359548703915,0.00022892864228140014,4.514110809689998e-05,0.0009825546455333005,0.00013373159929290003,0.08271326339825635,0.014385174235705123,0.0,0.0,0.0,8.294700144210023e-05,0.0,0.00730982218089668,0.0,0.0004393542069256011,0.0,-0.0005563667167420988,0.0,-3.8019304665399926e-05,0.003665932961792906,0.0015595216707401938,-0.0004565142110282,0.0004153173996498116,0.0,-0.0003648405936572995,0.011006720872024589,0.0009000473426575978,0.0031490029745705056,0.005857933637515411,0.006620295641815543,0.133011108955853,0.0005529045662254995,-0.00019879946185859991,-0.00029400374397890033,-0.0009139433853579022,0.0,-4.103094083779998e-05,0.003252595779415904,4.5636974313799936e-05,0.0037176994777610994
0.004501567998197731,0.009808734215685816,0.19259530391310165,-0.00027336766905320005,0.0,0.002655284462073082,-0.07407906924977636,0.008019638718627986,-0.0003778725758833007,-0.0007105822118220959,0.0014497240859131927,5.903463283830001e-05,-0.00038283182462280074,0.010081435755862955,0.0,-0.0028209422060218037,0.36728898218939676,0.0007279120493884003,0.05271095788661384,0.0,-0.09720566292351585,-0.0008624759056182069,-0.11011768030437352,-0.009860443305023198,0.00027942052741439976,0.13890542496725367,0.5947891646333545,-0.015142101869596414,-0.001372424837587205,0.0012034405552349137,-2.6406235178300043e-05,-0.00046279477298740053,-0.001092276305316501,0.00852339992406359,-0.0008724621018549004,0.02409990442017307,0.004617240267182132,0.006202275857121964,-0.00829653670906999,-0.0005156870168590982,-0.0003531614420566997,8.470313468299988e-06,-0.032803714222591096,-0.04876252789518376,-0.014805693509460593,-0.012722894878373692,-7.60403547342e-05,-0.00014534468308649985,0.0,0.0,0.012253140366943693,-0.055888663446233666,0.0,0.0,0.0,0.0,0.0,0.0009403440123553,0.0,0.0,0.0,2.6777405205299833e-05,0.0,0.0,-0.0010075422397980982,-0.03101722542813512,0.0,-0.002065437161661701,0.0,-0.0003218596939725,0.00928543835634102,-0.030910713307507665,-1.7126355015899936e-05,0.0004893016692939997,-0.0028116753019316876,-0.013284072913767098,0.0,0.0,0.0,0.0,-0.00011722074215310001,0.0,-0.004361981929950104,4.1445545655000113e-05,-0.0011738132784084032
-0.00010625065349080011,-8.553503395549995e-05,-0.00027336766905320005,-0.17699233592687413,0.001976629582353999,0.0002506444065223934,-0.001329620867432199,-0.0030842300708561893,0.057091471164015806,-0.018433560913400537,-0.00012600927697919994,-0.002595981223110222,-0.0003835677982465015,-0.0016980776506007045,0.006704429131226014,0.0,0.0,0.0,0.0,0.07232293781146559,3.869564844519993e-05,0.0008203861058524997,7.55486374266999e-05,0.0340787681173742,-2.0562396015800025e-05,0.0,4.314256408900004e-05,-0.04752420741491381,-0.004239622949379518,-0.000703504844641701,0.0,-8.567151877119988e-05,-0.0004934385612529041,-0.005664832659922098,0.00048806950040190117,0.0033771276583363097,5.000059702310036e-05,-0.002280568905873692,-0.001594840350072499,0.01803061260038863,-0.0010993940599845972,0.0001810782390613999,-0.0005916644226216013,0.0,-0.00032989741924680004,0.0,-0.006536066856246386,-0.00012081612989060006,-9.362615140309999e-05,0.0,0.0,0.0,0.001440788751223998,0.0,4.0320990891100014e-05,0.0,-9.434122310689999e-05,0.025572081359861887,0.00022477003292739996,0.0,0.004179516495849134,-0.00020822638509599995,0.0,-0.00010712665996309885,0.0,0.0,0.0,0.0,0.0003356563917501984,0.0,-0.0001538211769993999,0.0,0.013765426631612343,0.0,0.0,0.0,0.00040923953337929954,0.0,-0.00022992472391699997,0.0,0.0,0.0,0.0,0.0,-0.0011183181374824075
0.0,0.0,0.0,0.001976629582353999,-0.035666504332650284,-0.02415384479303484,-0.0001866132276789,-0.0020431171874404075,0.0034667462206930955,0.0003402102348064977,-0.0001605319236464009,0.00413241584349161,0.0003602292953581998,8.099627003950016e-05,-0.008270052817750395,-0.00010373710105609992,0.0,0.0,0.0,0.0002554606466436994,3.4787633224300026e-05,0.001052114661162902,4.653994869780018e-05,0.0018030034142254847,0.0,6.486033126000307e-07,2.0013566823300034e-05,0.0004843547099104978,-9.111480218219978e-05,7.671682727319971e-05,0.0,0.01830359290435668,-0.00010914848078379997,-0.015760943752446188,9.27828927025e-05,0.0008618761020652843,8.808389504070006e-05,-2.907724588160042e-05,9.099788877399862e-06,0.004785272761082204,-0.00018357837192239934,-7.092912714810006e-05,4.3592191424999995e-05,0.0,0.0,0.0,-0.0002007096197877002,0.0,0.0,0.0,0.0,0.0,0.0,0.0,0.0,0.0,0.0,0.0002560940706701001,0.0,0.0,-0.000681619633214699,6.62027466836e-05,0.0,0.0,0.0,0.0,0.0,0.0,2.3075719545299976e-05,0.0,0.00014495265405949998,0.0,0.0,0.0,0.0,0.0,0.0,0.0,0.0,0.0,0.0,0.0,0.0,0.0001176366345628999,9.143601361630109e-05
0.00036024105537050405,-2.4304540696600018e-05,0.002655284462073082,0.0002506444065223934,-0.02415384479303484,-0.10049198404366777,0.03669418198844987,-0.1688035877575409,0.01589026474620392,-0.030229621301131715,-0.0010589683448953835,0.01048062351162038,-0.0015715116901138942,0.012041318794403733,-0.02333855987154765,0.0,0.0003545139007108001,-4.0680944555900045e-05,-7.468884031460029e-05,-0.0033383432089240106,0.004640648915254841,0.00046461943476799883,0.00930428778208131,0.000663685385379309,0.0,0.00017694755616009996,-0.0001434843406845003,-0.023808476991616034,0.01218642088073274,0.003919996613385102,0.0,-0.055406385379976886,0.00013402196573079894,0.005165774729818828,-0.007637518474900018,0.021248486971754188,0.0005423636894031983,0.011088372011662684,0.0010808848448225217,-0.01101104947221554,-0.0002868190058823994,0.000452976564665402,-9.369653979860002e-05,-0.0003734900970957999,-0.00015633451483530042,-3.246112507469985e-05,-0.0016184937265779978,0.0,-0.00020501799046779995,0.0,0.0,0.0,0.0,0.0,-3.0554601018000036e-05,0.0,0.0,0.02197634188064762,0.0,0.0,-0.00034833306995007973,-0.0002553224450379003,0.0,-0.00016344349956710002,0.0,0.0,0.0,0.0,0.00013905404929180024,0.0,0.00034675129105540044,0.0,0.0031699187575289223,0.0,0.0,0.0,0.0,0.0,-0.00018801455762550005,0.0,0.0,0.0,0.0,-0.00014990373373902077,0.0023265792105082034
0.022491727085800495,0.00029006545602529993,-0.07407906924977636,-0.001329620867432199,-0.0001866132276789,0.03669418198844987,0.29256131002767916,0.011966215935840019,0.005377233129711195,0.17063009955106878,0.00012473787943260116,-0.0020013708029271993,-0.0014891571100272977,0.18551520965476165,0.00021587371229399993,0.00029888351964179986,0.0012191368240702938,0.0,-0.00016160700624129993,5.174675857459992e-05,0.031525474680647037,0.0002615467964270004,0.02065430068457408,-0.004461521164383697,0.0,0.0007354965563739976,-1.9843018030096804e-05,0.22759946836601586,0.004015183598845784,0.32497708092622446,0.0,-0.00044599114590349997,-0.003747170726976723,-0.015042446394164521,0.0034030147075678058,0.025478449214002108,-0.00035655411979901297,-0.013077384386361413,-0.017985354464427505,-0.0033591065552251165,-0.0025743853766620195,0.0004069927129049999,-0.0014312907671818892,0.00012115164790909997,-8.792460552949988e-05,0.0,5.745527175480061e-05,0.0,2.0205532573399905e-05,0.0,0.00011248889657339972,0.0,0.0,0.0,0.0,-0.00048208931948949974,0.0,0.012356639878551512,0.0,0.0,-0.0006098101360861863,0.00012862752499899987,0.0,-0.00024061094133069963,1.3898646498599915e-05,0.0,0.0,0.0,0.0,-0.00031378099464029997,0.0029710269037478004,0.0,0.0008096826060845497,0.0,0.0,0.0,-0.0009969479851090063,-4.5099390096600255e-05,-0.0001064941515581,0.0,0.0,-1.013341099060012e-05,0.0,8.94665692013001e-05,0.006045240934830498
0.0003970526410967956,-0.0001750370834862,0.008019638718627986,-0.0030842300708561893,-0.0020431171874404075,-0.1688035877575409,0.011966215935840019,-0.0869687370989567,0.01051169533858165,-0.01908836231041633,-0.017032574424928504,-0.006112736453098844,-0.005792510284939892,-0.10745546398736394,-0.0004660318093974991,2.200118060060002e-05,0.00866316822958163,-0.0012770240974491961,-0.0020048879765676986,-0.00822769734471221,0.0025070258138661095,0.0004306750745506991,0.010674955728175783,-0.005962176032825783,-8.550473260999798e-07,-0.001609300615850101,-0.0011315749762959987,-0.015025204542087445,0.00308308817651215,0.003740632388982812,-0.00014868000573200037,-0.06453090662219019,-0.0013131365633131976,0.0020489527717030276,-0.0003907333655198998,-0.011725734211577854,-0.00011612859180289148,0.004954615995639178,-0.0017586775668436139,-0.009816002346861752,-0.0021820507752907947,-0.0013090053081484948,-0.00031780114487000004,0.00013841903723449986,-0.0001764160951609993,0.00030952535803060056,-2.7213627271600004e-05,0.0,-0.0001884792354883997,0.0,0.00025550904581880004,0.0,0.0,0.0,0.0,0.0,0.0,0.012212709673163125,0.0,0.0,-8.979132866819995e-05,-0.00014341378061000047,0.0,2.7449185185000283e-06,0.0,0.0,0.0,0.0,0.0,0.0,8.405616232119977e-05,0.0,-0.0003034432283973987,-1.2004626396800019e-05,0.0,0.0,0.0,0.0,0.0,0.0,0.0,0.0,0.0,0.0,0.0004007223658467965
0.0005659926874888987,-0.002929410465942306,-0.0003778725758833007,0.057091471164015806,0.0034667462206930955,0.01589026474620392,0.005377233129711195,0.01051169533858165,0.1658417390857041,0.07097105601308229,0.0005762123814902001,0.07727973623363837,-0.010493409907017304,0.012475376889750311,0.05940267752033179,-0.0004120551836513005,0.0010870833442134034,5.395447915359998e-05,-0.0007534187723762,0.014000410778969907,0.0009050537602061023,0.050041056687649466,0.0015182689921499001,0.3607699962648159,-0.07803783217183113,-0.002966525766148996,-0.03221493116038299,0.06522782633199675,0.024071708488504817,0.0197492385407102,-0.0005456010691715007,0.0044673058601265025,0.005095256974197299,0.010677297916343198,0.0028445104726567,0.0698348541300029,0.00010639393393399588,0.004826204371305709,0.002892171471005095,0.014384336828393574,-0.0007794901190256165,0.000276667754580906,0.035009609009622356,-0.0007233940300198013,0.007641976249241317,0.0004362651864380021,0.005374042718459898,0.0012790156312306004,-7.798058510380011e-05,0.00046165800040040214,0.001037965277465202,-2.070809427179998e-05,0.0046977881116392894,0.00012268931960539992,0.00044372001854219717,0.0005368166689482048,0.001080964232059698,0.11535449775558493,0.07185893996917869,2.270042922200002e-05,0.010304605640237385,0.00044047246679240065,0.002903587867875798,0.0004997135579507955,-0.0018533845091687068,0.0005260037524227002,0.0,0.0,-0.0005188117179679985,-0.00254820364040631,-0.0041696832942245965,0.0020101785514964957,0.05796925531528441,-0.0055707351065611005,2.196087895219999e-05,0.0011702649593339012,0.0424750713352795,0.00649170605787891,-0.0024718409726315893,0.0,0.0,-0.00040642731668769777,0.0024264639060373044,0.0010527420907304984,0.031662681020249384
6.871091984259753e-05,0.0,-0.0007105822118220959,-0.018433560913400537,0.0003402102348064977,-0.030229621301131715,0.17063009955106878,-0.01908836231041633,0.07097105601308229,0.7623671798212399,0.0006017420379327981,-0.04801754781871814,0.0015646343575978008,0.1259662629455125,-0.0027982645814955964,0.0,0.0,0.0,0.0,0.004599819368193536,0.0005845765544087028,-0.00036568762929610043,0.0009654402079022004,-0.005075088481367729,0.0,0.0,-7.316959549889996e-05,-0.061582170893498045,0.013483221871183115,0.00119359655214199,0.0,0.00016198933540409986,0.0006706808330530084,0.008934877808418618,0.0023567530417811025,0.10994489393271722,-4.037341021660007e-05,0.01637630191044659,-0.0009742745953314758,-0.006076068805918933,-0.000710504169403825,-1.0866709282998654e-06,-0.0014554756476059978,0.0,0.0,0.0,-0.009376720431108598,0.0,0.0,0.0,0.0,0.0,0.0,0.0,0.0,0.0,0.0,0.1677285851221635,0.0,0.0,-0.002788009564536287,0.0,0.0,9.07064350358e-05,0.0,0.0,0.0,0.0,-1.7712696072998309e-06,0.0,-0.00012071986088390001,0.0,0.0200594938922114,0.0,0.0,0.0,0.0,0.0,0.0,0.0,0.0,0.0,0.0,0.0,0.010362720202322928
-0.00019628181774070021,0.004336449941533899,0.0014497240859131927,-0.00012600927697919994,-0.0001605319236464009,-0.0010589683448953835,0.00012473787943260116,-0.017032574424928504,0.0005762123814902001,0.0006017420379327981,-1.0157652976173814,8.622443964718951e-05,-0.27607824854991936,-0.005157144196908492,0.00043084774071839964,-6.890787859070019e-05,-0.0027588350481878854,-0.40361742274150814,0.01762956092557788,0.0,0.0002746863069417009,0.00042796919870149996,0.0016975217825686006,-7.860572561780004e-05,-0.008287588527068013,-0.09868081208474466,0.01692354906660909,-9.471242174690026e-05,0.002834468309061755,-0.0003749081085199016,-0.02247829114285449,-0.044688401111186216,0.0010890162353052006,-0.23124400618839225,-0.00013328005487460003,0.002585091008113216,-0.029095472355687768,0.09156261209564587,0.003528819557761853,-0.0011070359792939022,9.060714733960529e-05,-0.040544163121780885,0.0005959541947418989,0.003699682723848685,-0.0006208564788432042,-0.00018171369462280026,0.0,-8.950393799980001e-05,-6.398559806540527e-05,0.0,0.0038895839336848814,-7.600530360230007e-05,0.0,0.0,0.0,0.0,0.0,-7.98596119051001e-05,0.0,-0.003106213682971426,0.0,-0.06127670873422031,0.0,0.0,0.0,-4.326814728730004e-05,-0.003034388849183889,-1.984695234096001e-06,0.0,0.0,-0.0007979988763771005,0.0,0.0,-0.03167780711446799,-0.0014162156330183029,-0.00788491369872013,0.0,-7.050387823200012e-05,0.0,-0.0046188363669699695,-0.00012102251667790004,0.0,-0.00037255845231659937,0.0,-0.00019722356296859866
-1.8848810556999903e-05,0.00046326131070629963,5.903463283830001e-05,-0.002595981223110222,0.00413241584349161,0.01048062351162038,-0.0020013708029271993,-0.006112736453098844,0.07727973623363837,-0.04801754781871814,8.622443964718951e-05,0.05202442952123221,-0.00027509657686369815,0.007063929177052453,0.02395390189172031,8.206371291900189e-06,0.0,0.0,-4.1087938270200014e-05,-0.03924586202875702,9.224656746399836e-06,0.0024272533719803015,0.0,0.04443964039540904,6.145679480999992e-07,-4.775211698490004e-05,3.9491609577999845e-06,-0.006386864173757889,0.001055181749655687,0.00017363300667540098,0.0,0.00030312022864070753,0.0001240773158155007,0.009370111704715134,-0.01866871895729938,0.02129451407231997,-0.00014963270980350007,0.005973215436889112,0.0009017268784459048,0.025621857658255864,-0.0027411030096131106,9.857615808889914e-05,-0.0019992405095834026,-3.517516998379996e-05,-0.00037113434628749994,0.0002079105529378001,-0.007470969559499385,-9.871651998899999e-05,1.1657448512000015e-05,-3.131928795670007e-05,0.0,0.0,-0.0001447791438033974,-0.000109869704319,0.00011824500776000044,2.6396163342900006e-05,-0.0004303982278349998,0.0069320392786800245,0.001427960652132701,0.0,-0.0032832828307945983,0.0002491291103239998,4.1474072984500066e-05,-0.00030415114680910037,0.0,0.0,0.0,0.0,0.00010913742179390062,-2.9420518068799936e-05,-7.265756284199551e-06,0.0,0.003004383678235606,0.0,0.0,0.0,0.0007908693044703027,-0.00013846524750219988,-0.0003929397269734,0.0,0.0,0.0,8.664739950950016e-05,0.004632358764605882,0.0007987959105031084
0.0,0.017861044366177914,-0.00038283182462280074,-0.0003835677982465015,0.0003602292953581998,-0.0015715116901138942,-0.0014891571100272977,-0.005792510284939892,-0.010493409907017304,0.0015646343575978008,-0.27607824854991936,-0.00027509657686369815,-0.19705469929066943,-0.00026981663172739867,0.00012571726528399964,0.0014355655889211998,3.8167792705399994e-05,0.0011619078538683963,0.0008017178443910991,-6.64957741462989e-05,-0.0062196924212040705,-0.004193587179024183,0.0014335708647715273,-0.0008412864090865946,0.005614765594508686,-0.0037474657001362877,0.04945551040433571,-0.0024752553248497122,-0.0011124221794326927,3.5900871480393226e-05,0.008869724835977921,-0.012610895724798898,0.00034081654785540066,-0.038427048788769236,0.005089589993031718,-0.027210078909662094,-0.007593323046338973,0.015254592697561797,-0.010936705377664668,0.011712733145881726,-0.01268588649127489,-0.02599165641335377,-0.0028396812135433325,0.002888984650707971,0.005744240026385683,0.002164518785686409,0.0013769615270481372,-0.000293243949891997,-0.0018684674118081002,5.710713532890003e-05,0.00954725033961723,6.250409401960038e-05,4.361934532199924e-06,0.00013266256838320029,5.442611001700223e-06,-0.0006283563194621998,-0.00013611742254170025,0.000977774486617903,-1.744745199730002e-05,-0.00885237047692744,-8.56963836149971e-05,-0.1479185916819743,-9.235927473699983e-05,3.065513338690014e-05,-0.0002774756903245997,5.515394319369996e-05,-0.0038386984744138153,-0.00018342408971319668,0.0001802956116657992,0.0011009543360845017,-0.002256294366084502,-0.0003594915477178988,-0.0020445189036646105,-0.12886770554105298,0.0038506369328572543,-0.007734728525855106,-0.0010952290555870103,-0.000989627534752499,-0.0023339371727295888,-0.01231851408997997,-0.0001301236217610014,-0.0003827452554803004,-0.0010600531416610007,0.000998995715153994,0.0006780151607957974
0.05760586356374109,0.0001026424184404004,0.010081435755862955,-0.0016980776506007045,8.099627003950016e-05,0.012041318794403733,0.18551520965476165,-0.10745546398736394,0.012475376889750311,0.1259662629455125,-0.005157144196908492,0.007063929177052453,-0.00026981663172739867,-0.016543785103010578,0.0015175805736129012,-3.8495413489199955e-05,0.032907020910052376,-0.0010408556367212038,-0.000886301719386598,-0.002750254645552605,0.004276886651786604,0.0018122685586060977,0.020791312883827295,0.003600532814496904,-0.0003025915574253,-0.0015141668794979024,-0.001025033541476289,-0.0012662296078054247,0.12111031605785705,0.03809289913788394,-0.00012171916150100024,-0.022081226455616942,0.001798955451995897,0.012352859392220639,0.0001544721408983001,0.007504630162924686,0.004313132369178213,0.005536170956492281,-0.000989414552629686,-0.00023057171058590842,-0.0011798089962715974,-0.00011778336289310076,-0.0001246165882096001,-7.648131228000002e-05,-0.00045521977988040004,0.00025220505459330007,0.0,0.0,-0.0003495464256853,0.0,8.077071242910006e-05,0.0,0.0,0.0,0.0,0.0,0.0,0.0135993755853476,0.0,7.502040971569992e-05,0.0,-0.00019515408691499984,0.0,-5.811906865999927e-06,0.0,0.0,0.0,0.0,0.0,0.0,0.0006135908942381998,0.0,0.0004649370981690002,-0.00013521688027709998,0.0,4.4294272750300054e-05,0.0,0.0,0.0,0.0,0.0,0.0,0.0,0.0,0.0005898018770055004
-6.268292632509995e-05,0.0053472669871251,0.0,0.006704429131226014,-0.008270052817750395,-0.02333855987154765,0.00021587371229399993,-0.0004660318093974991,0.05940267752033179,-0.0027982645814955964,0.00043084774071839964,0.02395390189172031,0.00012571726528399964,0.0015175805736129012,-0.01270857231346989,5.456313848239969e-05,0.0,0.0,0.0,0.0028680193383528035,4.8022969241699916e-05,0.007367689682575798,0.00017312002978329966,0.02136473978763309,-6.977627396009996e-05,-2.1959977637400015e-05,0.0007644175743533998,0.006999823890104201,0.0019845531267774982,0.0018925290410075,0.0,0.0011590245477586247,0.0005815291231618998,0.0002410117259874986,-0.029835597964831262,0.005229626618543398,0.0003603807305545999,0.0005875414366628973,-0.0005182725028004005,-0.005995367666407958,8.559560803399896e-05,-8.678820491359995e-05,0.0011332774312323001,-4.214459398440011e-05,3.938451048629999e-05,1.9801228496900067e-05,-0.0004899656951045002,0.0,-2.4791651283899993e-05,0.0,-5.368797609850006e-05,0.0,5.69931118508003e-05,0.0,-0.00013845966793430016,0.0,0.0,0.0017477169491402073,-5.8222648331399986e-05,0.0,-0.00165688590375411,-7.719327945510026e-05,0.0,-0.0001754713455505005,0.0004244045128938001,0.0,0.0,0.0,2.6337849704699805e-05,-3.426727413470001e-05,0.0010058397848616996,-1.114351307890003e-05,0.003941090227188526,0.0,0.0,0.0,-7.324235878739937e-05,0.0,0.0,0.0,0.0,2.271977172419999e-05,0.0,0.001381493481029561,0.0037310111537124935
-1.9590206376299995e-05,-0.0023444055723944035,-0.0028209422060218037,0.0,-0.00010373710105609992,0.0,0.00029888351964179986,2.200118060060002e-05,-0.0004120551836513005,0.0,-6.890787859070019e-05,8.206371291900189e-06,0.0014355655889211998,-3.8495413489199955e-05,5.456313848239969e-05,0.21067743566858788,-0.007809737490301602,0.0,-0.001764387882653401,0.0,0.13191662661813197,0.08539804956827002,0.07586055966697813,-0.00687058392884099,-0.001523727640832702,-0.003733113034179999,0.023330080473394688,0.009289251747812005,-1.6308147144700105e-05,0.0005825205265444014,0.0,-0.0003480958810880997,6.849675027349993e-05,-0.004851589230807307,0.00032178095053169917,0.012525301933699273,-0.0013719771130270841,-3.79795895872892e-05,-0.0004887962891982067,0.00040520619247870135,-0.00016074712328970064,2.892545302060005e-05,0.027341275510948893,0.010676053729919532,0.005880870196914106,0.008057248068113643,0.00023838002977829946,0.0002495717274336002,6.368764913780003e-05,0.0,-0.0014419366972533987,-0.00022826677676499735,0.0,0.0,0.0,-3.744651194390004e-05,0.0,0.0008432902465304003,0.0,0.0,-0.00015075154193370003,0.0004557668636698004,0.0,0.0,0.05733530928452124,0.0005224394671998001,0.0,0.0,0.0,-0.008262533019446683,0.10223033644625934,0.07363700112670246,0.005811200707300096,-9.493520388e-05,5.737881736749998e-05,0.0247449763240013,0.0004956754672642005,-0.0006092677305499002,-0.0010619314531331997,0.0,0.0,-2.8235417839499915e-05,0.0002850648326435997,0.0,0.0015819894605925977
0.00934746658474983,0.017766866395505176,0.36728898218939676,0.0,0.0,0.0003545139007108001,0.0012191368240702938,0.00866316822958163,0.0010870833442134034,0.0,-0.0027588350481878854,0.0,3.8167792705399994e-05,0.032907020910052376,0.0,-0.007809737490301602,0.10310585981383724,-0.00042504107006219316,-0.0028279542779525713,0.0,-0.030311574853344903,0.0027294905982283013,0.029723296398690202,-0.013509496700382206,0.00010341734889370013,0.07667172941390943,0.12578827841952478,-0.004173069719989986,0.02871609857559232,-0.023732936437407925,0.0,-0.000460689902444,0.0037169289680419326,-0.09359931222200535,-9.831253065729992e-05,0.011800751817204413,0.0031109829545761247,0.00441438561826929,-0.0014183536376108918,0.00010701725751179926,5.848245590499897e-06,3.80428103837001e-05,-0.012833677342780875,-0.018715769951496375,-0.003872696598775302,-0.004166421593263192,6.899035604999949e-06,0.0,0.0,0.0,0.011726178545480193,-0.010094762382195088,0.0,0.0,0.0,0.0,0.0,0.0012356108560619,0.0,-0.00010099140998209996,0.0,-1.3413939417600013e-05,0.0,0.0,0.0008074748139728014,-0.01181278954903861,0.0,-0.0021927099389533952,0.0,-0.00017862760698500002,0.01130260022353119,-0.002939383814865401,0.0,0.00029769158086520066,-0.004491222892677005,0.04238743193151251,0.0,0.0,0.0,0.0,0.0,0.0,-0.002084736157511702,-2.6261566996399997e-05,-0.00020334137322329526
0.0,0.00023711143632210163,0.0007279120493884003,0.0,0.0,-4.0680944555900045e-05,0.0,-0.0012770240974491961,5.395447915359998e-05,0.0,-0.40361742274150814,0.0,0.0011619078538683963,-0.0010408556367212038,0.0,0.0,-0.00042504107006219316,-0.10118846973460816,-0.019206067173085817,0.0,7.046051497449995e-05,-3.791902981500027e-05,0.0011423589935212006,0.0,-0.00020118328218560189,-0.018440980165026044,0.004376749014738057,0.0,-0.00032873890065140965,7.025005081070005e-05,-0.0007932272155727962,-0.0026605738924753985,0.0002950586542897998,-0.028851339934435893,-0.0001844916470446999,0.0027294283216668935,0.006868678906972181,0.04541470311186946,0.004545123178488875,0.00012262399574089998,5.7797342188999415e-05,0.0005711126134782009,0.00012045355812099947,0.0011489897091349066,-0.0001226164132512031,-0.0004483484990492996,0.0,0.0,0.0,0.0,0.0005041608598724996,-5.943784961440001e-05,0.0,0.0,0.0,0.0,0.0,0.0,0.0,-6.344666902930026e-05,0.0,-0.0009160986723050005,0.0,0.0,0.0,-0.00012601090792990007,-0.0008525404405300974,-0.0006305446832328976,0.0,0.0,0.0002638993997867,0.0,0.0,-0.0017151129442066967,-0.001023051550186893,0.000725599890742723,0.0,0.0,0.0,-0.0007888879569769996,0.0,0.0,-9.084354934109991e-05,0.0,4.827851345310004e-05
-4.4903103758001106e-05,0.005982107594309394,0.05271095788661384,0.0,0.0,-7.468884031460029e-05,-0.00016160700624129993,-0.0020048879765676986,-0.0007534187723762,0.0,0.01762956092557788,-4.1087938270200014e-05,0.0008017178443910991,-0.000886301719386598,0.0,-0.001764387882653401,-0.0028279542779525713,-0.019206067173085817,-0.11915245174986211,0.0,-0.0019732926144508944,0.0018564837588641997,0.00461771427294011,-0.00010786269081319985,-2.4590729611900092e-05,0.04441148509445103,0.06073611020550995,-2.652472231069996e-05,-0.004724437759045519,-0.002217745431662907,-4.0597479942198686e-05,-0.0036472380185515046,8.76687894930013e-05,-0.10737664869888519,-0.00016169630794140005,0.013285299202656642,0.011450968603242462,0.02521454507873866,-0.0029179005183153084,-0.00019126246703990088,-0.0003816372391280999,0.0001625635444775001,-0.004378040298436692,-0.018642511884079893,-0.004671796095000402,-0.0033320267803573916,0.0,0.0,1.5740275888300034e-05,0.0,0.020167700141344308,-0.0013298232912954955,0.0,0.0,0.0,0.0,0.0,0.0,0.0,0.00010226446709250001,0.0,-0.0005754009835531992,0.0,0.0,0.0,-0.004402800875818999,-0.0004990375289159014,-0.011354826867868206,0.0,0.0,0.0035657751106471965,0.0,0.0,0.0005701200798754885,-0.010620438699819323,0.014888780472218421,0.0,0.0,0.0,-8.045273428319995e-05,0.0,0.0,-0.003939788127711598,0.0,-0.00039777868595080104
4.495497943320001e-05,0.0,0.0,0.07232293781146559,0.0002554606466436994,-0.0033383432089240106,5.174675857459992e-05,-0.00822769734471221,0.014000410778969907,0.004599819368193536,0.0,-0.03924586202875702,-6.64957741462989e-05,-0.002750254645552605,0.0028680193383528035,0.0,0.0,0.0,0.0,0.2695486800733722,0.0,0.0002867422367502999,0.0,0.01295345010777399,0.0,0.0,0.0,-0.0029751813498881674,-0.0027674802882639016,1.3246065955700064e-05,0.0,4.921772641539989e-05,1.7273154878999757e-05,-0.00311454220388091,0.0,-0.004943286196523705,0.0,-0.0017537790781680107,-0.00015896538126249993,0.0020260108473362237,-0.001486328540909701,1.4010981799799998e-05,-0.00019594628541560002,1.6693866968099983e-05,-1.929843789300002e-06,0.0,-0.0016660568821954998,0.0,0.0,0.0,0.0,0.0,0.00015107148008160036,0.0,0.0,0.0,0.0,0.0023743990548638905,0.0,0.0,0.0008919201583104941,0.00028283774094930037,0.0,-0.00027605144122970005,0.0,0.0,0.0,0.0,0.0001831730949956997,0.0,-7.070099435199981e-06,0.0,0.0021600768773470946,0.0,0.0,0.0,-0.00020930939353870008,0.0,0.0,0.0,0.0,0.0,0.0,0.0,-0.00030641653722999866
0.00027669435052110614,0.0007069080520304,-0.09720566292351585,3.869564844519993e-05,3.4787633224300026e-05,0.004640648915254841,0.031525474680647037,0.0025070258138661095,0.0009050537602061023,0.0005845765544087028,0.0002746863069417009,9.224656746399836e-06,-0.0062196924212040705,0.004276886651786604,4.8022969241699916e-05,0.13191662661813197,-0.030311574853344903,7.046051497449995e-05,-0.0019732926144508944,0.0,-0.12652578263316627,0.02919452661121813,-0.801644683937532,0.024361188147123514,-9.777689213569946e-05,0.0010668821608421086,0.03297671453487139,0.16571528000970925,0.009249825691008406,0.1003871298558785,0.000107292745102,9.772205499750108e-05,0.0021056092496191114,-0.06326354613613638,-0.0015508953010484605,0.03562168606693206,-0.00022657199015896357,-0.091719757107104,-0.07026351174723788,-0.004206570175504687,-0.0025711834343034035,-0.00011796796075219836,-0.050956419429253774,-0.00903823609973009,-0.004724295623128899,-0.001977327428929799,-0.0003312226953906001,0.0,0.00016169492020270005,0.0,0.0004270124601729007,0.0,0.0,0.0,0.0,-0.00030656309388119984,0.0,0.0007844572077735923,0.0,0.0,-0.0010157651208881997,0.0005469960613012012,0.0,0.0,-0.00446296279597902,0.0,0.0,0.0,0.0,-0.007212034816341112,0.017965865033632622,-0.005702901851647291,-0.005583722652537482,0.0,0.0,-0.00040674744082129857,-0.005844523589489295,-0.0010221442552143002,-0.006561902401771208,0.0,0.0,-0.0007464763449005008,1.712583997890045e-05,2.4706727398700074e-05,-0.02448937716100197
0.00033796410104810007,0.11664043750186037,-0.0008624759056182069,0.0008203861058524997,0.001052114661162902,0.00046461943476799883,0.0002615467964270004,0.0004306750745506991,0.050041056687649466,-0.00036568762929610043,0.00042796919870149996,0.0024272533719803015,-0.004193587179024183,0.0018122685586060977,0.007367689682575798,0.08539804956827002,0.0027294905982283013,-3.791902981500027e-05,0.0018564837588641997,0.0002867422367502999,0.02919452661121813,0.17023901937960506,0.007245131182378517,0.06885996120407079,-0.01817795164995717,-0.0027281740920215014,0.07412569008790282,0.0048034550278718,0.001583142971883198,0.012160462184132498,-0.00044259592158889943,0.00023478939182680018,0.0012083045078163995,-0.0002287505253048827,0.0012821869718052,0.029810809360855228,0.0008177897755198976,0.00016652895771529508,0.0007953722446990968,0.0010389763237881044,4.902437292669988e-05,0.013688962043725994,0.030050735803650364,0.004462400876261791,0.002622491982196093,0.005611632924630697,0.00036979682370750014,0.00010125691157620003,0.00018020133127419997,0.0004860908425463996,0.0037674594666468053,6.23875811939234e-06,0.0,0.0,0.0,0.0004755608816480999,-0.00010074814082000009,0.022758412092032,-0.00013862691190650006,-8.809642760860019e-05,-0.0002529541759682002,-0.0024035956176599003,0.0004908507862580007,0.00028012338129509984,0.042134435780026847,0.0021084128108301986,5.250281864290006e-05,0.0008051204079834,1.5729402884099913e-05,0.00867580170189769,0.10058087400027516,0.04292375160402073,0.02230534427997055,-0.0116510235823373,2.2096033255498276e-05,0.05249313304233483,0.008266017159183986,0.0017761696410776018,0.004252895582662314,0.0,-3.140781710119997e-05,-1.6446849480899507e-05,0.0015858417516668027,5.038481465490007e-05,0.012717315825475889
0.006485446798424999,0.0005179155964381982,-0.11011768030437352,7.55486374266999e-05,4.653994869780018e-05,0.00930428778208131,0.02065430068457408,0.010674955728175783,0.0015182689921499001,0.0009654402079022004,0.0016975217825686006,0.0,0.0014335708647715273,0.020791312883827295,0.00017312002978329966,0.07586055966697813,0.029723296398690202,0.0011423589935212006,0.00461771427294011,0.0,-0.801644683937532,0.007245131182378517,-0.19779694037177364,-0.025163147644034156,-9.848144850000025e-05,-0.012666263208073958,0.11598743298323022,0.026973244191294654,0.0013577555239978611,0.0640732848096981,0.0,-0.00024376212392769603,0.004330043896522501,-0.016215767125483005,0.005734931118163533,0.20233848882104333,0.03365953683680312,0.009237406846091645,-0.027778786171406722,4.657334026608728e-05,-3.365519553259755e-05,-0.0004897830143277011,-0.04997885612212438,-0.057570578075680556,-0.024187566786009085,-0.030052037903127493,-0.0009824877479443998,0.00021560574996719968,6.212924720040008e-05,0.0,0.0006734849379109037,-0.016703969534053675,0.0,0.0,0.0,0.0,0.0,0.0009033841818011021,0.0,0.0,-0.00021621240637420005,6.663536349070173e-05,0.0,0.0,-0.08452552297232874,-0.0020901305267108025,0.0,0.0,0.0,-0.01644990797122342,0.03162973588911727,-0.23511482330260414,0.0003953844361237052,-3.816209868500012e-06,-0.00016081307664389988,-0.1100078668678135,-8.312886674359966e-05,-1.3541082033600017e-05,-0.0025641166110759034,0.0,0.0,-0.000105495952548,-0.0010742942591781997,-0.0005255562138481006,0.016472358049524516
-1.1441304634200733e-05,0.0065279961399880015,-0.009860443305023198,0.0340787681173742,0.0018030034142254847,0.000663685385379309,-0.004461521164383697,-0.005962176032825783,0.3607699962648159,-0.005075088481367729,-7.860572561780004e-05,0.04443964039540904,-0.0008412864090865946,0.003600532814496904,0.02136473978763309,-0.00687058392884099,-0.013509496700382206,0.0,-0.00010786269081319985,0.01295345010777399,0.024361188147123514,0.06885996120407079,-0.025163147644034156,0.7790243337045482,0.00028366208634544865,-0.0018673743315299994,-0.08838592254673472,0.2000646101318715,0.007099216753874038,-0.030971617453268818,0.0,-0.00029025320133299615,0.0020573878480543983,-0.013454166500068476,0.0014068490978728018,-0.03312757210290451,-0.010786083739519225,-0.014195337877615621,-0.010570966158826717,0.006020451000336435,-0.0017674818389123992,0.0004542805526115013,0.03132898754911517,-0.003008089484191734,0.0009181338554754004,0.00044039694233270754,-0.0016098806047837866,-4.003268460200016e-06,0.00031571746237820004,0.0006186940815239,-0.0028180933644740003,-1.4405757690999998e-05,0.0038213848891273106,-2.0565572077599868e-05,0.00016060837803369941,-0.0008352588876861938,-0.0004731416382179991,0.13573821238600914,0.002408147915605008,0.0,0.01673408895738837,0.001275692311809698,0.00021257441362819993,0.0009941670139975989,0.015010872119949448,0.0,0.0,0.0,9.615401042229951e-05,0.002131893635621218,0.05363669554866024,0.006344658762483801,0.13210719774806812,5.331845132879997e-05,0.0,-0.0006207192786981952,0.010547550500529912,0.0014043722132139058,-0.000291726121428193,0.0,0.0,-0.0005512424844709013,0.0010910835653711037,0.0,-0.0012411909104199648
0.0,-0.01465581124990023,0.00027942052741439976,-2.0562396015800025e-05,0.0,0.0,0.0,-8.550473260999798e-07,-0.07803783217183113,0.0,-0.008287588527068013,6.145679480999992e-07,0.005614765594508686,-0.0003025915574253,-6.977627396009996e-05,-0.001523727640832702,0.00010341734889370013,-0.00020118328218560189,-2.4590729611900092e-05,0.0,-9.777689213569946e-05,-0.01817795164995717,-9.848144850000025e-05,0.00028366208634544865,0.19689537853386696,-0.009733108122410905,-0.00780592027897109,-0.00014233886969410026,-0.0005177601267850017,6.556902221890003e-05,0.0017092903932419967,-0.0006275940932560994,0.0,-0.002748427151068003,0.0,0.0007164129175397937,0.006227672991673594,0.003801180558306805,0.00033225631750409546,0.005082943940759796,6.372513238899966e-05,0.03276495894430387,0.001165487289763803,-0.002079591080547505,0.00415954408906738,0.0002031268889088056,0.0005681539116684023,-1.163935068270003e-05,0.000998140753667602,0.0,0.013645300608432498,8.59469777481003e-05,6.106668286689999e-05,0.0,0.0,0.0,-2.293554363090003e-05,0.0025718740417478014,0.0,-0.0026801554004479006,-1.0126944414400041e-05,-0.04881920651969007,-9.799569703819997e-05,2.75213475965e-05,-2.4215095930699973e-05,2.7599003736899358e-05,-0.0035262724849998983,-0.001969271791811694,0.0,6.966519763899632e-06,-0.00036440404253949843,7.738935119489996e-05,0.00034444080628020027,-0.10023973442404666,-0.006900695898435449,-0.03435258838953681,-0.00011309898656059999,9.846469548950012e-05,-5.364079298300021e-05,-0.011163167765080972,2.7685615799199993e-05,0.0,-0.0007335103017222996,-4.522837826199998e-05,3.916561974430001e-05
0.00042752941429529887,-0.02402497718924068,0.13890542496725367,0.0,6.486033126000307e-07,0.00017694755616009996,0.0007354965563739976,-0.001609300615850101,-0.002966525766148996,0.0,-0.09868081208474466,-4.775211698490004e-05,-0.0037474657001362877,-0.0015141668794979024,-2.1959977637400015e-05,-0.003733113034179999,0.07667172941390943,-0.018440980165026044,0.04441148509445103,0.0,0.0010668821608421086,-0.0027281740920215014,-0.012666263208073958,-0.0018673743315299994,-0.009733108122410905,0.11208280623401379,-0.06967349997834305,-7.922216772849981e-05,-0.006872029609196695,-9.322862864800247e-05,-0.07743495122962862,-0.0036345281633811954,0.00017594386342170004,-0.03645281947931567,-8.797836967380009e-05,-0.02068261240658087,-0.010450084118501568,0.024667760039553066,-0.009359929164914349,8.406388787679867e-05,-0.00040789983619850083,-0.0011614413161495987,-0.012245983040262531,-0.04045842750951234,-0.016986169215642444,-0.00851898010508878,0.000135325295574,0.0,0.00012186069654089972,0.0,0.025647252203314874,-0.004587505133015701,0.0,0.0,0.0,0.0,0.0,0.00010495957008389996,0.0,-0.0003131586439101969,0.0,-0.0004584959877191874,0.0,0.0,3.4500099490099995e-05,-0.01915927356864211,-0.010758418539214776,-0.04980700907792279,0.0,0.0,0.0015559534368996993,-3.501965741099875e-06,0.0,-0.013607347857999108,-0.07445224112552484,-0.04886629585555635,0.0,0.0,0.0,-0.0012343509037824885,-6.7111386475e-05,0.0,-0.008727521549787398,4.784842891139996e-05,-0.0011431614641490007
0.0007801659477681966,0.2602542094123219,0.5947891646333545,4.314256408900004e-05,2.0013566823300034e-05,-0.0001434843406845003,-1.9843018030096804e-05,-0.0011315749762959987,-0.03221493116038299,-7.316959549889996e-05,0.01692354906660909,3.9491609577999845e-06,0.04945551040433571,-0.001025033541476289,0.0007644175743533998,0.023330080473394688,0.12578827841952478,0.004376749014738057,0.06073611020550995,0.0,0.03297671453487139,0.07412569008790282,0.11598743298323022,-0.08838592254673472,-0.00780592027897109,-0.06967349997834305,1.0975903966363347,0.019719282097990787,-0.0020825132862600793,-0.0014171284646382065,-0.04570317431365423,-0.004125799505995301,0.0001907185306991993,-0.008938074757773862,0.0008660176150506044,0.1979503395901414,0.054455808668933514,0.09063152296983912,-0.02817545875808447,-6.954316247280434e-05,0.0006574254392038986,0.004126216170961192,0.025120489314906624,-0.006479390821226616,0.012484278675499283,0.014717772924083272,-8.784955318750023e-05,-3.303170027550001e-05,0.0007722137186429003,0.0,0.13252941147940245,0.006713724720018188,0.0,0.0,0.0,0.0,0.0,0.0013993073389618003,0.0,-0.00017162874003349982,0.0,-0.006526952546183851,0.0,0.0,0.034594460613656564,-0.028618591162284268,0.0037341384443134173,-0.0075948090712669725,0.0,-0.0010395139795383018,0.12792641925412251,-0.004583984525794893,0.0012765945994773972,-0.006818078291796148,0.047177780411251646,0.47687031975900496,0.0002442379466199001,5.88189753843e-05,-0.0002081253519965998,-0.0008152842633855906,0.0,0.0,0.00167003223850698,9.882318988259971e-05,-0.002457598510295922
-0.0007318239989201059,-0.0011690008009190012,-0.015142101869596414,-0.04752420741491381,0.0004843547099104978,-0.023808476991616034,0.22759946836601586,-0.015025204542087445,0.06522782633199675,-0.061582170893498045,-9.471242174690026e-05,-0.006386864173757889,-0.0024752553248497122,-0.0012662296078054247,0.006999823890104201,0.009289251747812005,-0.004173069719989986,0.0,-2.652472231069996e-05,-0.0029751813498881674,0.16571528000970925,0.0048034550278718,0.026973244191294654,0.2000646101318715,-0.00014233886969410026,-7.922216772849981e-05,0.019719282097990787,1.0246973848978769,0.003499125855462637,0.04451048618669162,0.0,0.0001515927690992,-0.013311145206298391,-0.04305282599518767,-0.0003447205286195576,0.0017413917935513723,-0.00024193621747470306,-0.03899705138297582,-0.02258954734119345,0.005431006487504497,-0.00648696807477428,7.649878061959971e-05,-0.007733985656457554,-0.0012680777466897025,-0.0008052997553260992,0.0002465912080825,-0.0042228782654230995,0.0,6.764630966750017e-05,0.0,0.00012791293971910027,0.0,3.241279743240001e-05,0.0,0.0,3.52463023218022e-05,0.0,0.06389477609043404,0.0,0.0,-0.0013403284159643203,0.00294610624999201,0.0,4.2925876561100695e-05,0.0009922280426074986,0.0,0.0,0.0,0.00022804452397570001,-0.00010248825068650061,0.004584857542190901,-0.0007499984256993998,-0.010284621516365888,0.0,0.0,-2.708064756999813e-06,-0.006058906484150917,-0.0001905368656898998,-0.0019177685456110982,0.0,0.0,0.00013549720349279992,9.012175354260014e-05,0.0,0.0006928293714711931
0.018613836281249796,0.001333258502513604,-0.001372424837587205,-0.004239622949379518,-9.111480218219978e-05,0.01218642088073274,0.004015183598845784,0.00308308817651215,0.024071708488504817,0.013483221871183115,0.002834468309061755,0.001055181749655687,-0.0011124221794326927,0.12111031605785705,0.0019845531267774982,-1.6308147144700105e-05,0.02871609857559232,-0.00032873890065140965,-0.004724437759045519,-0.0027674802882639016,0.009249825691008406,0.001583142971883198,0.0013577555239978611,0.007099216753874038,-0.0005177601267850017,-0.006872029609196695,-0.0020825132862600793,0.003499125855462637,0.8677621335200385,-0.023438971936363018,0.0006867103880783994,0.03071584400746319,0.12923310459223192,0.20453724931501505,0.00032985086562110216,0.017605922399307805,0.002301857575648908,0.022955565896095487,-0.0022008613443479097,0.0008136374038368865,0.0007795310358575946,0.0015645883047021997,-0.0019513733676594092,-0.00043910790476779996,-0.00020692628854089914,0.0002200515210844002,0.0,0.00010803531406110007,-0.00029061485748130104,0.0,0.0010440144447276985,0.0,0.0,0.0,0.0,-2.911813409990009e-05,0.0,0.019216983082708805,0.0,2.1025872125600073e-05,-0.00020318989510709987,0.00014941643716639974,0.0,0.0,2.812551465770051e-05,0.0,0.0,0.0,0.0,-0.0005737489164075998,0.0006078038379094004,0.0,0.00044892874550120365,0.00023503291850720002,0.0,0.00026116967486090013,-0.0007406302739109034,-0.00022905946168959995,6.230734987019981e-05,0.0,0.0,-0.0001219539611649,-6.417464527229996e-05,-6.479108738299821e-06,0.0022852515368028126
0.05196773767741325,-0.00015615808603590062,0.0012034405552349137,-0.000703504844641701,7.671682727319971e-05,0.003919996613385102,0.32497708092622446,0.003740632388982812,0.0197492385407102,0.00119359655214199,-0.0003749081085199016,0.00017363300667540098,3.5900871480393226e-05,0.03809289913788394,0.0018925290410075,0.0005825205265444014,-0.023732936437407925,7.025005081070005e-05,-0.002217745431662907,1.3246065955700064e-05,0.1003871298558785,0.012160462184132498,0.0640732848096981,-0.030971617453268818,6.556902221890003e-05,-9.322862864800247e-05,-0.0014171284646382065,0.04451048618669162,-0.023438971936363018,0.13036273832240397,0.0,0.0004993755791998008,-0.005801165496709837,-0.011275436426092966,0.0026303856401652947,0.1395316380745224,0.008862139599358998,0.002542055156837142,-0.002447487775241286,-0.00034538823122229334,-0.0005898785459916012,0.00013575231850659897,-0.02786512228824678,-0.003866252498249498,-0.0010189190360428008,-0.0003106085095390008,-0.0005411633812745995,0.0,0.00036573125007209953,0.0,0.00019993983970500008,0.0,-0.0002097747008913001,0.0,0.0,0.00022062052256099918,0.0,0.034443414356086555,0.0,0.0,-0.0035217725777670003,0.0021724248331576046,0.0,0.0002401765362005006,-0.0004479913208619013,0.0,0.0,0.0,0.0,-0.0009409694962272987,0.007398397349740682,-0.00037942348117030004,0.0007163349752685733,2.2882795253999997e-05,0.0,-5.984862026709977e-05,-0.005791128068589613,-0.0014866789091628023,-0.0019459700282321024,0.0,0.0,-0.0006837921309828,-3.388216949470023e-05,-3.533217044159997e-05,0.010149496284067305
0.0,-0.0006899311722090018,-2.6406235178300043e-05,0.0,0.0,0.0,0.0,-0.00014868000573200037,-0.0005456010691715007,0.0,-0.02247829114285449,0.0,0.008869724835977921,-0.00012171916150100024,0.0,0.0,0.0,-0.0007932272155727962,-4.0597479942198686e-05,0.0,0.000107292745102,-0.00044259592158889943,0.0,0.0,0.0017092903932419967,-0.07743495122962862,-0.04570317431365423,0.0,0.0006867103880783994,0.0,-0.03333620575354035,-0.0002601764831554002,0.00011985924829639998,-0.0011800962581804963,0.0,-0.0010205264952583004,-0.00915597167863047,0.010010071565480894,-0.00044390636180469123,4.9933613594599986e-05,-7.194409347510006e-05,0.00010752227994309527,0.0002349739896858002,0.0018900918571204128,0.0016634921694149984,0.0004235867485269003,0.0,0.0,0.00011115596640689975,0.0,0.0014448855990530016,4.499017363090004e-05,0.0,0.0,0.0,0.0,0.0,5.40348249319e-05,0.0,2.90303345912013e-05,0.0,-0.007663467729156936,0.0,0.0,0.0,0.0,-0.0014958990736416156,0.00020268633194769903,0.0,0.0,0.0,0.0,0.0,-0.010937836599298312,-0.007639498820932622,0.004563371813518735,0.0,0.0,0.0,-0.00030792615371472154,0.0,0.0,-0.00016437736186689957,0.0,6.348687053160012e-05
-0.00014351100815789995,-0.00026197902695630076,-0.00046279477298740053,-8.567151877119988e-05,0.01830359290435668,-0.055406385379976886,-0.00044599114590349997,-0.06453090662219019,0.0044673058601265025,0.00016198933540409986,-0.044688401111186216,0.00030312022864070753,-0.012610895724798898,-0.022081226455616942,0.0011590245477586247,-0.0003480958810880997,-0.000460689902444,-0.0026605738924753985,-0.0036472380185515046,4.921772641539989e-05,9.772205499750108e-05,0.00023478939182680018,-0.00024376212392769603,-0.00029025320133299615,-0.0006275940932560994,-0.0036345281633811954,-0.004125799505995301,0.0001515927690992,0.03071584400746319,0.0004993755791998008,-0.0002601764831554002,0.014548527703935887,0.00011962442001930019,0.028823663703751556,7.631761634100537e-06,-0.012757092922944357,0.0005416325227921015,0.00218436446474074,-0.003441607348604908,0.030045531940931625,0.010843598469439053,-0.0033447457059029018,6.327341629160012e-05,-0.0006904346638352994,-0.0012360225709489997,0.0008371871291380992,-2.2313164287699995e-05,-0.0001688803593217999,-0.0013157573435982998,0.0,5.126461237209973e-05,0.0,0.0,0.0,0.0,0.0,0.0,-0.0006270220158637995,0.0,0.0,0.0,-0.0008675948587599999,0.0,0.0,0.0,0.0,0.0,0.0,0.0,0.0,3.063946767689987e-05,0.0,0.0,-0.00028811011790259985,-1.0915380283300035e-05,0.0003903226520935001,0.0,0.0,0.0,0.0,0.0,0.0,0.0,0.00014444909090020018,-0.002140669194375111
0.0007336530957416012,0.00013332479156410006,-0.001092276305316501,-0.0004934385612529041,-0.00010914848078379997,0.00013402196573079894,-0.003747170726976723,-0.0013131365633131976,0.005095256974197299,0.0006706808330530084,0.0010890162353052006,0.0001240773158155007,0.00034081654785540066,0.001798955451995897,0.0005815291231618998,6.849675027349993e-05,0.0037169289680419326,0.0002950586542897998,8.76687894930013e-05,1.7273154878999757e-05,0.0021056092496191114,0.0012083045078163995,0.004330043896522501,0.0020573878480543983,0.0,0.00017594386342170004,0.0001907185306991993,-0.013311145206298391,0.12923310459223192,-0.005801165496709837,0.00011985924829639998,0.00011962442001930019,0.007740419885436278,0.01667442005643105,0.0004308072530843001,0.0020598357618794028,0.0001194750592776999,0.0025485525350817106,-0.0008687106006678991,0.00012584525198859955,-0.00019023422420249994,0.00012292114349990012,0.00020432294798219952,6.7376001061001615e-06,-0.00036368290484379987,0.0,0.00010972678154039998,0.0,0.0001555051335217,0.0,0.0,0.0,0.0,0.0,0.0,0.0,0.0,0.004046874271427192,0.0,0.0,-0.00033590944661619987,0.00031178084829499957,0.0,-2.2164390116000024e-05,-5.022681273630014e-05,0.0,0.0,0.0,0.0,-2.2832278704299847e-05,-0.0002076989299406003,0.0,0.0015877794783840937,0.0,0.0,0.0,6.217641600001628e-07,0.0,-0.00011430620476950002,0.0,0.0,0.0,0.0,0.0,0.0002570572757746997
0.001196865849900211,0.005097431231677607,0.00852339992406359,-0.005664832659922098,-0.015760943752446188,0.005165774729818828,-0.015042446394164521,0.0020489527717030276,0.010677297916343198,0.008934877808418618,-0.23124400618839225,0.009370111704715134,-0.038427048788769236,0.012352859392220639,0.0002410117259874986,-0.004851589230807307,-0.09359931222200535,-0.028851339934435893,-0.10737664869888519,-0.00311454220388091,-0.06326354613613638,-0.0002287505253048827,-0.016215767125483005,-0.013454166500068476,-0.002748427151068003,-0.03645281947931567,-0.008938074757773862,-0.04305282599518767,0.20453724931501505,-0.011275436426092966,-0.0011800962581804963,0.028823663703751556,0.01667442005643105,-0.032492106698601475,-0.0015770882536660993,0.005938222518489411,0.0034274197377095472,0.0029236343255378827,-0.010391580989583149,-0.0011952934275097915,-0.0014644290801248128,-0.010634598942213025,-0.007644470230268596,-0.017069746050159096,-0.0053219651201203005,-0.0041907977098014915,-9.946921801000028e-05,8.466731099560001e-05,-0.0004739122194694998,0.0,0.01516557283714981,-0.005841156162868066,0.0,0.0,4.1961212180000864e-07,-7.592721826439998e-05,-1.7276574152600018e-05,0.023533922319554867,0.0,-0.00029366679530190044,-0.0002457912554130002,-0.0014235572285057063,0.0,0.0,0.0003742345402176009,-0.007661447310382291,0.0001242987817427002,-0.0038588952513576025,1.2066917265499968e-05,-0.0005785647702511998,0.0071905285148029935,-0.005887257614752894,0.002475736712802698,-0.00244840394029619,-0.008598275794354127,0.026180230615945543,1.2469733457198817e-05,-6.632418097240024e-05,-0.0003501338826558996,-6.618844009909997e-05,8.661698371089993e-05,-0.00010208388938360007,-0.0024026933299921005,0.00010502975818720006,-0.005407029882337655
0.0,0.00036186144773829934,-0.0008724621018549004,0.00048806950040190117,9.27828927025e-05,-0.007637518474900018,0.0034030147075678058,-0.0003907333655198998,0.0028445104726567,0.0023567530417811025,-0.00013328005487460003,-0.01866871895729938,0.005089589993031718,0.0001544721408983001,-0.029835597964831262,0.00032178095053169917,-9.831253065729992e-05,-0.0001844916470446999,-0.00016169630794140005,0.0,-0.0015508953010484605,0.0012821869718052,0.005734931118163533,0.0014068490978728018,0.0,-8.797836967380009e-05,0.0008660176150506044,-0.0003447205286195576,0.00032985086562110216,0.0026303856401652947,0.0,7.631761634100537e-06,0.0004308072530843001,-0.0015770882536660993,1.5037693473695413,0.10114294664070345,0.004061440119798199,0.009281032786726318,0.03847399272679919,0.0037111025686061005,0.0033672671168336055,-0.0001598280969178998,0.021491237720309253,0.0037344745775152455,-7.132208610290125e-05,0.026364998852189236,0.0018323687088787899,0.0010313686687491025,-0.00011614030889560032,0.0,0.00015823711888780009,5.1949211051100126e-05,0.0,0.0,0.001112099465807398,0.0,0.0,0.0022621552730020984,0.0,-2.0414952356500042e-05,0.001427720802243737,0.00022238950311479974,0.0,-0.0009906802275430893,0.0,-7.02250142880004e-06,-0.00017391321543830016,6.278404526399999e-05,0.0,-0.00011849886379449999,0.0005958701006385011,1.3777355275699892e-05,-4.611098007000045e-06,0.0,-1.5977021247999155e-06,-1.8731553791000166e-05,-3.579186961310014e-05,0.0,0.00014599752114809964,0.0,4.1029367113500016e-05,0.0,3.819019681669967e-05,0.4506266118865909,1.025764413128961
0.00017784781229290142,0.03784917658596898,0.02409990442017307,0.0033771276583363097,0.0008618761020652843,0.021248486971754188,0.025478449214002108,-0.011725734211577854,0.0698348541300029,0.10994489393271722,0.002585091008113216,0.02129451407231997,-0.027210078909662094,0.007504630162924686,0.005229626618543398,0.012525301933699273,0.011800751817204413,0.0027294283216668935,0.013285299202656642,-0.004943286196523705,0.03562168606693206,0.029810809360855228,0.20233848882104333,-0.03312757210290451,0.0007164129175397937,-0.02068261240658087,0.1979503395901414,0.0017413917935513723,0.017605922399307805,0.1395316380745224,-0.0010205264952583004,-0.012757092922944357,0.0020598357618794028,0.005938222518489411,0.10114294664070345,0.07852702479635099,-0.016896331161694533,0.015112070045448789,-0.011454996936825168,0.0443806236314952,-0.009097210516158194,-0.010149796207305717,-0.017722104755255152,-0.03614859340892629,-0.01515044114905817,-0.010662396836086496,-0.006264032703929598,-0.0009021918424399963,-0.0025070494626503043,0.0,0.05312157942174478,-0.02006468537973427,-0.0044293198039633,-4.8986489090999954e-05,-0.00033708938216839984,-0.0007969039934694021,-0.00014979760749579945,0.1202785252292915,-0.008732638442780799,-0.00022900023242999976,-0.014676022390659182,0.0019447416505850856,2.7957183385199716e-05,-0.00045334873615320015,0.0037746757793759578,-0.010532807765546909,2.274704007420008e-05,-0.0019276327352956008,-0.0018835619886205992,-0.0036909016141400963,0.045667940014557984,-0.03068373769998789,0.04022272614445921,0.0011253155022422912,-0.00014249732942350768,0.07096203572589621,-0.007026638563961685,-0.002017507042153588,-0.001318268492526975,0.00032336305847939983,-2.9026571959399686e-05,-0.0011400657052604984,-0.0039916472502000006,0.029351741209904247,0.03984431669969446
0.0009910947751336982,0.0010185646905592205,0.004617240267182132,5.000059702310036e-05,8.808389504070006e-05,0.0005423636894031983,-0.00035655411979901297,-0.00011612859180289148,0.00010639393393399588,-4.037341021660007e-05,-0.029095472355687768,-0.00014963270980350007,-0.007593323046338973,0.004313132369178213,0.0003603807305545999,-0.0013719771130270841,0.0031109829545761247,0.006868678906972181,0.011450968603242462,0.0,-0.00022657199015896357,0.0008177897755198976,0.03365953683680312,-0.010786083739519225,0.006227672991673594,-0.010450084118501568,0.054455808668933514,-0.00024193621747470306,0.002301857575648908,0.008862139599358998,-0.00915597167863047,0.0005416325227921015,0.0001194750592776999,0.0034274197377095472,0.004061440119798199,-0.016896331161694533,0.008582501526017694,0.0138277705920542,-0.0460098802158857,0.0008793849150035837,-0.00014419130055490226,0.009114991998285249,-0.008448693171902943,-0.0021398663803906537,-0.0005654353458787176,-0.0024781447684840974,-0.00029075766580720017,-0.0005200429998520996,0.0005163194680377001,0.0,0.015191195715297007,-0.00452966903428903,0.0,0.0,-7.219211242310002e-05,0.0,-1.3704305855599978e-05,0.0023897057410974983,0.0,0.001989527883854904,-0.00025270588519510015,0.002022275741494828,-0.00012058197402290002,0.0,0.00041729381137159405,-0.007611283146179315,-0.0004948135384708063,-0.0015251051217028966,0.0,-0.0008959122962481081,0.005578067045104995,-0.0062959129530631985,0.001670903523808595,-0.002354171490150603,0.01130044495088911,0.024348004672476442,0.00022018852093689395,-0.00010466948977770011,-0.0018459739845567008,0.00467485627341388,0.00042285799972830015,-5.1257931197199944e-05,-3.0015929503024452e-06,-0.00411103674179622,-0.01287324128645162
0.0009533969394210015,0.007048544405481083,0.006202275857121964,-0.002280568905873692,-2.907724588160042e-05,0.011088372011662684,-0.013077384386361413,0.004954615995639178,0.004826204371305709,0.01637630191044659,0.09156261209564587,0.005973215436889112,0.015254592697561797,0.005536170956492281,0.0005875414366628973,-3.79795895872892e-05,0.00441438561826929,0.04541470311186946,0.02521454507873866,-0.0017537790781680107,-0.091719757107104,0.00016652895771529508,0.009237406846091645,-0.014195337877615621,0.003801180558306805,0.024667760039553066,0.09063152296983912,-0.03899705138297582,0.022955565896095487,0.002542055156837142,0.010010071565480894,0.00218436446474074,0.0025485525350817106,0.0029236343255378827,0.009281032786726318,0.015112070045448789,0.0138277705920542,0.05583829170779797,0.027525211647626335,0.003261049726151488,0.003584764011278052,0.021550311281363754,-0.01995148772066141,-0.009172193485540214,-0.014850922789036214,0.0004939651723198102,0.0006533429837989047,-0.0018048984357884983,-0.007540267006384299,0.0,0.024030331414164496,-0.005198069497926894,0.0,-4.4275731416000335e-06,-0.0003583962499191999,-8.844776870949999e-05,-0.0002557849196868009,0.012658382182817562,0.0,0.0005408337146491984,-0.0008952219606288003,0.0003838666914089961,-0.0004546504350458006,-0.00012802247092950003,-0.002364149917911895,-0.006809678051980295,0.002283235038031503,-0.0016361539031793104,0.0,-0.002317207267475002,0.006938818167593189,-0.016181404798401078,-0.00024636437718569826,0.00724860173086006,0.008153394453125573,0.02413984240949052,-0.0010868531369630993,-6.467571908599923e-05,-0.0006797823673332995,0.0024662049938347017,-0.00012064725496780185,-6.913748496449991e-05,-0.0008557673335717053,-0.0016548449693365164,-0.0036555897018186734
9.40371795739997e-06,-0.0019205249093969257,-0.00829653670906999,-0.001594840350072499,9.099788877399862e-06,0.0010808848448225217,-0.017985354464427505,-0.0017586775668436139,0.002892171471005095,-0.0009742745953314758,0.003528819557761853,0.0009017268784459048,-0.010936705377664668,-0.000989414552629686,-0.0005182725028004005,-0.0004887962891982067,-0.0014183536376108918,0.004545123178488875,-0.0029179005183153084,-0.00015896538126249993,-0.07026351174723788,0.0007953722446990968,-0.027778786171406722,-0.010570966158826717,0.00033225631750409546,-0.009359929164914349,-0.02817545875808447,-0.02258954734119345,-0.0022008613443479097,-0.002447487775241286,-0.00044390636180469123,-0.003441607348604908,-0.0008687106006678991,-0.010391580989583149,0.03847399272679919,-0.011454996936825168,-0.0460098802158857,0.027525211647626335,-0.002272063083459841,0.0031212326208718,1.2411448432447791e-05,0.001877580005078372,-0.007867411309440187,-0.010754334338407556,0.0029765167837043083,-0.0026319623116110025,0.00038208029974170013,-0.00023228943064720203,0.0007480983396056934,0.0,0.008097445979458995,-0.006531104231152884,0.0,0.0,-0.00032823902859079913,0.0,9.36294133043001e-05,0.0013917894577397047,0.0,0.0003498851769918,-0.0007795262717647002,0.0023133441033964947,-0.0002425135739962999,0.00017019390406630003,-0.001736671793829303,-0.003952986652886403,-0.0006724123732748995,-0.002128719634021496,0.0,-0.0011418732992857002,0.005595415395391504,-0.009910764541217476,0.0011310957915566001,0.0006150871912925099,-0.004363735859976903,0.00020969627219846743,0.00012169921812220006,3.53062469105e-05,-0.0002960293274312997,8.598537662070013e-05,-0.0003764926485870009,-0.00011018931341560002,-0.0006672507722049019,0.014445591871755203,-0.03038442717172174
0.0,-0.000712975960918405,-0.0005156870168590982,0.01803061260038863,0.004785272761082204,-0.01101104947221554,-0.0033591065552251165,-0.009816002346861752,0.014384336828393574,-0.006076068805918933,-0.0011070359792939022,0.025621857658255864,0.011712733145881726,-0.00023057171058590842,-0.005995367666407958,0.00040520619247870135,0.00010701725751179926,0.00012262399574089998,-0.00019126246703990088,0.0020260108473362237,-0.004206570175504687,0.0010389763237881044,4.657334026608728e-05,0.006020451000336435,0.005082943940759796,8.406388787679867e-05,-6.954316247280434e-05,0.005431006487504497,0.0008136374038368865,-0.00034538823122229334,4.9933613594599986e-05,0.030045531940931625,0.00012584525198859955,-0.0011952934275097915,0.0037111025686061005,0.0443806236314952,0.0008793849150035837,0.003261049726151488,0.0031212326208718,0.0376236974614903,-0.005515605799306433,0.0030495813545672046,-0.02638129300749914,-0.00025499679856250124,-0.006369279664682398,0.0025429813078854946,-0.021509584226687306,-0.0003635851765654008,0.001957031149691299,-0.0003614104040504003,-1.6782138594099863e-05,-0.0004541893052159001,-0.01544968729769508,-0.0003037976740270995,-0.0016061101616789003,-0.0033268389267055026,-1.708028781400011e-05,-0.004826660522444792,-0.026678889592638644,-3.229139176000469e-07,-0.06908632789476099,0.012470721598704215,-0.0002475947005288002,-0.002070497844085299,-6.385117339829938e-05,0.0,0.0,0.0,-0.008647966138787308,-0.005977414047455901,-0.00035736272795210133,0.0005477103890624974,-0.031009857565755472,0.00021283450733339954,-4.092037955310006e-05,9.05687484671e-05,-0.02663338655657188,-0.002372410267946802,-0.017992574639934034,0.0,1.661231943679998e-05,-0.001604286215227603,-0.0018277933201064009,0.0019836909404656045,-6.711164399339498e-05
-9.572415478589997e-05,0.00014102335064100115,-0.0003531614420566997,-0.0010993940599845972,-0.00018357837192239934,-0.0002868190058823994,-0.0025743853766620195,-0.0021820507752907947,-0.0007794901190256165,-0.000710504169403825,9.060714733960529e-05,-0.0027411030096131106,-0.01268588649127489,-0.0011798089962715974,8.559560803399896e-05,-0.00016074712328970064,5.848245590499897e-06,5.7797342188999415e-05,-0.0003816372391280999,-0.001486328540909701,-0.0025711834343034035,4.902437292669988e-05,-3.365519553259755e-05,-0.0017674818389123992,6.372513238899966e-05,-0.00040789983619850083,0.0006574254392038986,-0.00648696807477428,0.0007795310358575946,-0.0005898785459916012,-7.194409347510006e-05,0.010843598469439053,-0.00019023422420249994,-0.0014644290801248128,0.0033672671168336055,-0.009097210516158194,-0.00014419130055490226,0.003584764011278052,1.2411448432447791e-05,-0.005515605799306433,-0.005192181308353,-0.0034250527419300014,-0.00016956158164690288,-1.887373262710046e-05,-0.001923337898644198,0.0005291542626102985,-0.000411261053761899,-0.00017219616778610045,-0.001040045426230797,0.0,0.00024200151272580012,-1.281091688309997e-05,0.0,0.0,-8.110374110190002e-05,0.0,-0.0002931113850805,0.0027816552950545026,0.0,-1.7629117006599956e-05,-0.00031931018909110015,-0.0010280207706156973,8.232924312570004e-05,0.0,1.4250073439100227e-05,0.0,0.0,0.0,0.0,0.0,0.00020744684792259934,0.00030213240190399976,-1.2016043051199868e-05,-0.00018060077111199994,-1.9418613202400094e-05,-1.5277887078900092e-05,0.0,0.00013328946860709993,0.0,-2.366909944190006e-05,-4.8915757337500074e-05,0.0,0.0002811963465155999,0.001093807825181592,0.0001643217378660966
0.0,0.034615688222928986,8.470313468299988e-06,0.0001810782390613999,-7.092912714810006e-05,0.000452976564665402,0.0004069927129049999,-0.0013090053081484948,0.000276667754580906,-1.0866709282998654e-06,-0.040544163121780885,9.857615808889914e-05,-0.02599165641335377,-0.00011778336289310076,-8.678820491359995e-05,2.892545302060005e-05,3.80428103837001e-05,0.0005711126134782009,0.0001625635444775001,1.4010981799799998e-05,-0.00011796796075219836,0.013688962043725994,-0.0004897830143277011,0.0004542805526115013,0.03276495894430387,-0.0011614413161495987,0.004126216170961192,7.649878061959971e-05,0.0015645883047021997,0.00013575231850659897,0.00010752227994309527,-0.0033447457059029018,0.00012292114349990012,-0.010634598942213025,-0.0001598280969178998,-0.010149796207305717,0.009114991998285249,0.021550311281363754,0.001877580005078372,0.0030495813545672046,-0.0034250527419300014,0.015292397160248883,-0.0005197255081300992,0.004528752168211594,-0.005339211922270187,0.0014964112493651982,0.0003647400469818027,-0.0006769617669832011,0.0011157469438189127,0.0,0.0024625022924069997,0.0,0.0,0.0,-7.743081167659992e-05,-3.39329006431e-05,-6.625865681569951e-05,-0.0002559675575437995,0.0,0.003242489879987001,-0.00032100775117520006,0.011191024845294995,0.00024562190837299977,2.0020391064100036e-05,0.0,0.0,0.0005319101971987001,-8.702815494790006e-05,0.0,-2.495188502969997e-05,-0.0001309116427390001,-9.600922778759996e-05,-0.0005385535169133001,-0.007990150916690503,0.0006586295671905003,-0.0008370541351292032,-1.2348098876300076e-05,0.00020792597543580014,-0.00019397090376799958,0.0010244245674028984,-0.0003949362680593996,-7.626016109759997e-05,0.0007845008428562011,-8.340217973289935e-05,-0.00022916244048450107
0.0,0.014489515303530098,-0.032803714222591096,-0.0005916644226216013,4.3592191424999995e-05,-9.369653979860002e-05,-0.0014312907671818892,-0.00031780114487000004,0.035009609009622356,-0.0014554756476059978,0.0005959541947418989,-0.0019992405095834026,-0.0028396812135433325,-0.0001246165882096001,0.0011332774312323001,0.027341275510948893,-0.012833677342780875,0.00012045355812099947,-0.004378040298436692,-0.00019594628541560002,-0.050956419429253774,0.030050735803650364,-0.04997885612212438,0.03132898754911517,0.001165487289763803,-0.012245983040262531,0.025120489314906624,-0.007733985656457554,-0.0019513733676594092,-0.02786512228824678,0.0002349739896858002,6.327341629160012e-05,0.00020432294798219952,-0.007644470230268596,0.021491237720309253,-0.017722104755255152,-0.008448693171902943,-0.01995148772066141,-0.007867411309440187,-0.02638129300749914,-0.00016956158164690288,-0.0005197255081300992,0.08385198376954328,0.2095192041205074,-0.01856658167573544,-0.003871783151967456,-0.007732685831722819,-0.033088324363367505,-0.004093231739638936,-0.00018209150290489362,0.008294953241996694,0.054983638685473846,-0.015580644449679104,-0.0033100573603744854,-0.015655061250290703,0.009421455146367608,-0.038381699505566136,0.07053328070942433,0.011681039511841185,-0.004323710643412082,-0.012009888630416743,-0.009292219119414025,-0.00915297859810138,0.001519295561117101,0.01498865646934422,0.012583644056319065,-0.006666335189110639,0.009280273550594798,-0.0039614679395054,0.00659488374287065,0.03364494748271829,0.27296169134950254,0.005507895852201017,0.0005753435855364863,0.049742993421719284,0.19662644248671235,0.03864070588181079,-0.001037840867403772,-0.007642931256674812,0.004911741780154494,-0.01386086166462952,-0.0005756199458285122,0.004842988999245401,0.07038985063361602,0.05059948848832008
-4.0333666524999996e-05,0.007362129356997094,-0.04876252789518376,0.0,0.0,-0.0003734900970957999,0.00012115164790909997,0.00013841903723449986,-0.0007233940300198013,0.0,0.003699682723848685,-3.517516998379996e-05,0.002888984650707971,-7.648131228000002e-05,-4.214459398440011e-05,0.010676053729919532,-0.018715769951496375,0.0011489897091349066,-0.018642511884079893,1.6693866968099983e-05,-0.00903823609973009,0.004462400876261791,-0.057570578075680556,-0.003008089484191734,-0.002079591080547505,-0.04045842750951234,-0.006479390821226616,-0.0012680777466897025,-0.00043910790476779996,-0.003866252498249498,0.0018900918571204128,-0.0006904346638352994,6.7376001061001615e-06,-0.017069746050159096,0.0037344745775152455,-0.03614859340892629,-0.0021398663803906537,-0.009172193485540214,-0.010754334338407556,-0.00025499679856250124,-1.887373262710046e-05,0.004528752168211594,0.2095192041205074,0.02965737567771054,0.06003200694504596,-0.015601088101063532,0.00168714980928239,-0.0007376488532448988,0.013626637096757377,-0.0002073622673954001,0.0026651927446509904,0.04258503885371834,0.0,-4.2089742539499976e-05,-0.0018357889840225003,-0.005226875676953013,-0.008348096595038601,-0.0014107112604907976,-0.001116477881524901,-0.05467062243499976,0.0007122863978547,0.011454712092741293,-0.0019114202419744097,5.233033846099963e-06,-0.007785265347964088,0.004484148787396336,-0.07091186835701269,-0.00871728639037106,0.0,-0.05706688969075935,0.009193041412367098,0.07820096590522851,-0.007240213107988502,-0.008305493603782022,0.005768094954053282,0.05054129938894647,-0.008126017988310197,2.974142906458921e-05,0.0013791532957860841,-0.0052056518016943,-0.0016440476326813058,-0.00025102423203279996,0.0029462018895090036,0.007225957426369223,-0.002868563174533101
0.0,0.006695842619678399,-0.014805693509460593,-0.00032989741924680004,0.0,-0.00015633451483530042,-8.792460552949988e-05,-0.0001764160951609993,0.007641976249241317,0.0,-0.0006208564788432042,-0.00037113434628749994,0.005744240026385683,-0.00045521977988040004,3.938451048629999e-05,0.005880870196914106,-0.003872696598775302,-0.0001226164132512031,-0.004671796095000402,-1.929843789300002e-06,-0.004724295623128899,0.002622491982196093,-0.024187566786009085,0.0009181338554754004,0.00415954408906738,-0.016986169215642444,0.012484278675499283,-0.0008052997553260992,-0.00020692628854089914,-0.0010189190360428008,0.0016634921694149984,-0.0012360225709489997,-0.00036368290484379987,-0.0053219651201203005,-7.132208610290125e-05,-0.01515044114905817,-0.0005654353458787176,-0.014850922789036214,0.0029765167837043083,-0.006369279664682398,-0.001923337898644198,-0.005339211922270187,-0.01856658167573544,0.06003200694504596,0.03761356556699402,0.01998196140363806,0.00031774356086788913,-0.004671540493562498,0.04893637834763509,-0.0035948070332692816,0.008222289098126612,0.005957788933013797,-0.00989082522556739,0.00012191433192599785,-0.008791102228592695,0.0029423502851509964,-0.05744446659246005,0.0132271077856001,-0.00033934843476890464,0.018887695753448064,-0.013852845585217488,0.07525489430578425,-0.01826409282528485,0.0006338930248699984,-0.004395683435896303,-0.0005863952503434855,-0.05871825033437572,-0.018869041111853946,-0.003307483434153602,0.025353001084182036,-0.0009604557366544031,0.0360212246630649,-0.032499727959166336,0.0031313910683848367,0.008189746268152387,0.03863736170337084,-0.028705378937996073,-0.0226761114048466,-0.020110467494347084,0.03764812050362587,-0.004055674351670424,-0.011211198674477008,-0.010584984766035532,0.004231538255587919,-0.022724901435922096
0.0,0.0060357359548703915,-0.012722894878373692,0.0,0.0,-3.246112507469985e-05,0.0,0.00030952535803060056,0.0004362651864380021,0.0,-0.00018171369462280026,0.0002079105529378001,0.002164518785686409,0.00025220505459330007,1.9801228496900067e-05,0.008057248068113643,-0.004166421593263192,-0.0004483484990492996,-0.0033320267803573916,0.0,-0.001977327428929799,0.005611632924630697,-0.030052037903127493,0.00044039694233270754,0.0002031268889088056,-0.00851898010508878,0.014717772924083272,0.0002465912080825,0.0002200515210844002,-0.0003106085095390008,0.0004235867485269003,0.0008371871291380992,0.0,-0.0041907977098014915,0.026364998852189236,-0.010662396836086496,-0.0024781447684840974,0.0004939651723198102,-0.0026319623116110025,0.0025429813078854946,0.0005291542626102985,0.0014964112493651982,-0.003871783151967456,-0.015601088101063532,0.01998196140363806,-0.004528045766298838,0.0039710092724983825,-0.0016932008650137054,0.004121634158240406,-0.004245769301269908,0.0028743957401212994,0.015873697750026783,-0.0015199179833800015,1.1479631973900298e-05,-0.0069150755752274,-0.004943159583251422,-0.06603243423520488,0.0028825770033572007,-0.00020981950911391767,-0.005211920560725669,0.00035826501562009894,0.002595612714108131,-0.02827585940627686,0.0002835752739907011,-0.00620525720625581,0.006366057163761707,-0.025126169429520617,-0.006798426309590211,-0.00014475167516120064,-0.014686509131363046,0.003103248071081116,0.04999180934662295,-0.012040988426749943,-0.002215047867938802,-0.0003938924882744832,0.03571394154740304,-0.01653843468366567,-0.010672276834546801,-0.007409002391594033,0.0031800049710973832,0.001980333700133091,-0.0022149217267837043,-0.0035611649711810855,-0.0028565452144113657,-0.04838176447361686
0.0,0.00022892864228140014,-7.60403547342e-05,-0.006536066856246386,-0.0002007096197877002,-0.0016184937265779978,5.745527175480061e-05,-2.7213627271600004e-05,0.005374042718459898,-0.009376720431108598,0.0,-0.007470969559499385,0.0013769615270481372,0.0,-0.0004899656951045002,0.00023838002977829946,6.899035604999949e-06,0.0,0.0,-0.0016660568821954998,-0.0003312226953906001,0.00036979682370750014,-0.0009824877479443998,-0.0016098806047837866,0.0005681539116684023,0.000135325295574,-8.784955318750023e-05,-0.0042228782654230995,0.0,-0.0005411633812745995,0.0,-2.2313164287699995e-05,0.00010972678154039998,-9.946921801000028e-05,0.0018323687088787899,-0.006264032703929598,-0.00029075766580720017,0.0006533429837989047,0.00038208029974170013,-0.021509584226687306,-0.000411261053761899,0.0003647400469818027,-0.007732685831722819,0.00168714980928239,0.00031774356086788913,0.0039710092724983825,0.02590642538003607,-0.0081835092840441,0.003937619793158903,0.0004802214232108998,0.00016647376291240024,0.0009800233529337985,-0.012073234767078111,-0.06455485856281662,0.006914867500265931,-0.0002168918546830989,-0.01259745840842541,0.00495277435193997,0.007449817303006534,-0.003029130893267701,-0.03974758849449911,0.004953233421626235,0.0031495891582549174,-0.02242682525114481,-0.0002082171144292995,-6.742910710249954e-05,8.161176791560143e-05,-0.0003595979171733001,-0.0038323556645056267,0.0031954966271615093,0.007401114356112598,0.008549635753512197,0.0032083853432516296,-5.932268160896426e-06,6.472052730850317e-05,-0.0010194038432702057,0.0019437598040019655,0.0002634631204936899,-0.000300633000321,0.00036222097220550004,-0.02142442064889183,-0.0001391937960086003,-0.002654553924952008,0.0047593169401036195,0.0017539651925251032
0.0,4.514110809689998e-05,-0.00014534468308649985,-0.00012081612989060006,0.0,0.0,0.0,0.0,0.0012790156312306004,0.0,-8.950393799980001e-05,-9.871651998899999e-05,-0.000293243949891997,0.0,0.0,0.0002495717274336002,0.0,0.0,0.0,0.0,0.0,0.00010125691157620003,0.00021560574996719968,-4.003268460200016e-06,-1.163935068270003e-05,0.0,-3.303170027550001e-05,0.0,0.00010803531406110007,0.0,0.0,-0.0001688803593217999,0.0,8.466731099560001e-05,0.0010313686687491025,-0.0009021918424399963,-0.0005200429998520996,-0.0018048984357884983,-0.00023228943064720203,-0.0003635851765654008,-0.00017219616778610045,-0.0006769617669832011,-0.033088324363367505,-0.0007376488532448988,-0.004671540493562498,-0.0016932008650137054,-0.0081835092840441,-0.0014717672134192117,2.936925757660025e-05,-3.7930303403600025e-05,5.528979852000189e-06,0.0007976169764118985,-0.003026982730999994,0.028097771014458317,-0.0051851101931497945,-0.000567193124376697,-0.006374097564367298,0.001231705516172299,0.00043780504704210577,-0.0016196420445790949,-0.00630126664864239,-0.005475994300550402,-0.0003558327961179081,-0.0011178795691362022,-0.00022591885165849966,6.424394636739966e-05,-0.0005863645770262001,-4.579896776959981e-05,-0.0008105388837772003,-0.0014085067588932958,0.0001746652839694999,0.002584239437284405,-0.009772101977302161,-5.706601820520008e-05,0.000434750748634697,-0.00024037632765200323,-0.001599470332770636,0.0004425768652182027,-0.00012973423945209991,-8.27749504574999e-05,-0.005270870183835541,-0.00015097320815310022,-0.0018240246796311019,0.002857912437463195,0.001477539061849109
0.0,0.0009825546455333005,0.0,-9.362615140309999e-05,0.0,-0.00020501799046779995,2.0205532573399905e-05,-0.0001884792354883997,-7.798058510380011e-05,0.0,-6.398559806540527e-05,1.1657448512000015e-05,-0.0018684674118081002,-0.0003495464256853,-2.4791651283899993e-05,6.368764913780003e-05,0.0,0.0,1.5740275888300034e-05,0.0,0.00016169492020270005,0.00018020133127419997,6.212924720040008e-05,0.00031571746237820004,0.000998140753667602,0.00012186069654089972,0.0007722137186429003,6.764630966750017e-05,-0.00029061485748130104,0.00036573125007209953,0.00011115596640689975,-0.0013157573435982998,0.0001555051335217,-0.0004739122194694998,-0.00011614030889560032,-0.0025070494626503043,0.0005163194680377001,-0.007540267006384299,0.0007480983396056934,0.001957031149691299,-0.001040045426230797,0.0011157469438189127,-0.004093231739638936,0.013626637096757377,0.04893637834763509,0.004121634158240406,0.003937619793158903,2.936925757660025e-05,0.026840886925425744,0.0,0.004860164855043675,7.919215251430008e-05,0.0,2.7540175069997504e-07,-0.0002361651416005004,0.00026125934853230004,-0.0005523705443477994,-0.0002595886399070005,8.040297598249993e-05,-0.018029400575166443,-0.0006654278129080982,0.024860322216872177,-0.0002993326748605002,4.950591825259986e-05,0.0001647733967375998,-9.830222991660006e-05,1.7175455213700418e-05,0.0,9.668365448509998e-05,4.9497463061200404e-05,-0.0028603654015125976,0.0007546259619718998,-0.0005268801737859999,0.0025998080484652686,-1.0516341029900844e-05,0.0003432883536768003,-0.0006342617913905994,0.0003805171480184971,-0.0012218308683746015,0.0008684157705756007,-0.0013135938732850017,5.309202101700175e-06,-0.0017845600522720662,0.0008517382989533008,-0.0007558640680966969
0.0,0.00013373159929290003,0.0,0.0,0.0,0.0,0.0,0.0,0.00046165800040040214,0.0,0.0,-3.131928795670007e-05,5.710713532890003e-05,0.0,0.0,0.0,0.0,0.0,0.0,0.0,0.0,0.0004860908425463996,0.0,0.0006186940815239,0.0,0.0,0.0,0.0,0.0,0.0,0.0,0.0,0.0,0.0,0.0,0.0,0.0,0.0,0.0,-0.0003614104040504003,0.0,0.0,-0.00018209150290489362,-0.0002073622673954001,-0.0035948070332692816,-0.004245769301269908,0.0004802214232108998,-3.7930303403600025e-05,0.0,0.032715977977554545,-4.909218613699995e-06,-0.0013410168488067996,-0.0005401334788734009,0.0,-0.001569694510677299,-0.03496404162253719,-0.003172455887214806,0.0019939702356977992,0.0008233460952545985,-3.7397111307799994e-05,-0.0012205295986796004,0.00013839780626319982,-0.15434261441904962,-0.00019282932416870018,-0.0001878599606739001,-0.007492738687300049,-3.249197007069993e-05,-0.0008464787120865055,1.3819159116000958e-06,0.0005423891694300992,0.00041962947573580007,-4.3946250775014906e-06,-0.0011225637165629965,0.0,0.0002150742889681992,3.6359612109980455e-06,0.01087488646889534,0.11991890671063654,-0.0006200721060454217,0.0,-0.00027954870010449967,0.0011783649468638004,-0.0005396273119158967,0.0,-4.0238127153999735e-05
0.0,0.08271326339825635,0.012253140366943693,0.0,0.0,0.0,0.00011248889657339972,0.00025550904581880004,0.001037965277465202,0.0,0.0038895839336848814,0.0,0.00954725033961723,8.077071242910006e-05,-5.368797609850006e-05,-0.0014419366972533987,0.011726178545480193,0.0005041608598724996,0.020167700141344308,0.0,0.0004270124601729007,0.0037674594666468053,0.0006734849379109037,-0.0028180933644740003,0.013645300608432498,0.025647252203314874,0.13252941147940245,0.00012791293971910027,0.0010440144447276985,0.00019993983970500008,0.0014448855990530016,5.126461237209973e-05,0.0,0.01516557283714981,0.00015823711888780009,0.05312157942174478,0.015191195715297007,0.024030331414164496,0.008097445979458995,-1.6782138594099863e-05,0.00024200151272580012,0.0024625022924069997,0.008294953241996694,0.0026651927446509904,0.008222289098126612,0.0028743957401212994,0.00016647376291240024,5.528979852000189e-06,0.004860164855043675,-4.909218613699995e-06,0.06931344811323914,0.0007060040904922002,4.3874903840299974e-05,6.220356990660003e-05,0.0,-0.0001380483536314002,0.0,-0.018549561375436507,0.0,-0.0014259626374687057,0.00028963113673460047,0.016195429257001792,-5.9405030309700284e-05,0.00490439808159851,0.0007349383992883152,-7.587484185860027e-05,0.0008805947656237018,-0.00023205023886188614,0.0,-0.00011559037809609918,0.011293659438033066,2.1916728832598736e-05,0.017688096187086888,0.039814512264428004,0.004521551864551304,0.07072348373095494,-0.00037927582291219855,-0.00014564698121589947,-0.0005905517566293008,0.00021054389440409993,1.1602468308000331e-05,-0.00010331880514000006,-0.0010636244228039021,3.692254759510001e-05,0.0009270420648806038
0.0,0.014385174235705123,-0.055888663446233666,0.0,0.0,0.0,0.0,0.0,-2.070809427179998e-05,0.0,-7.600530360230007e-05,0.0,6.250409401960038e-05,0.0,0.0,-0.00022826677676499735,-0.010094762382195088,-5.943784961440001e-05,-0.0013298232912954955,0.0,0.0,6.23875811939234e-06,-0.016703969534053675,-1.4405757690999998e-05,8.59469777481003e-05,-0.004587505133015701,0.006713724720018188,0.0,0.0,0.0,4.499017363090004e-05,0.0,0.0,-0.005841156162868066,5.1949211051100126e-05,-0.02006468537973427,-0.00452966903428903,-0.005198069497926894,-0.006531104231152884,-0.0004541893052159001,-1.281091688309997e-05,0.0,0.054983638685473846,0.04258503885371834,0.005957788933013797,0.015873697750026783,0.0009800233529337985,0.0007976169764118985,7.919215251430008e-05,-0.0013410168488067996,0.0007060040904922002,0.5515657406303305,-8.234812781719985e-05,0.0,-0.019942640757746606,-0.1074185132414831,-0.04978137110633041,0.0007742762846161006,-0.006725531100074095,0.0005762588778896044,-7.985657890919999e-05,0.00012746511501260036,0.007514080148373292,0.0,-0.0008326924151957071,0.26029119900055875,0.0005923196641896,-0.007146841599478426,0.0,-0.05505630254321059,0.004022048713538007,0.2514792144235223,-0.03636193120759301,-0.00026745172470500015,-0.072380024660049,0.24962458678661292,-0.09712610270550748,-0.001656282881219405,-0.0030193865784544915,6.279913871059997e-05,-3.9770015710899765e-05,0.00037529341345220006,0.009895696417279387,0.00024509914577729944,0.0050814985036131965
0.0,0.0,0.0,0.001440788751223998,0.0,0.0,0.0,0.0,0.0046977881116392894,0.0,0.0,-0.0001447791438033974,4.361934532199924e-06,0.0,5.69931118508003e-05,0.0,0.0,0.0,0.0,0.00015107148008160036,0.0,0.0,0.0,0.0038213848891273106,6.106668286689999e-05,0.0,0.0,3.241279743240001e-05,0.0,-0.0002097747008913001,0.0,0.0,0.0,0.0,0.0,-0.0044293198039633,0.0,0.0,0.0,-0.01544968729769508,0.0,0.0,-0.015580644449679104,0.0,-0.00989082522556739,-0.0015199179833800015,-0.012073234767078111,-0.003026982730999994,0.0,-0.0005401334788734009,4.3874903840299974e-05,-8.234812781719985e-05,-0.3354226167526626,-0.000944010618270201,-0.00703859726622269,-0.00033144154321290004,-0.003461916432236395,-0.02880083586009108,0.06395170882850199,0.0,-0.13529088563462466,0.00014577622689979997,-0.008863118670465797,-0.00820995168626909,0.0,0.0,0.0,0.0,-0.2487731490117664,0.0,0.0009778450896121994,1.0336593102900022e-05,-0.1052244661233046,0.0,0.0,0.0,-0.010466014958094405,-0.008498973863236697,3.6475481137700216e-05,0.0,-2.4029854275299978e-05,-8.928739353759874e-05,-0.0026931579683370094,-7.976103953829996e-05,-0.0017407541777013993
0.0,0.0,0.0,0.0,0.0,0.0,0.0,0.0,0.00012268931960539992,0.0,0.0,-0.000109869704319,0.00013266256838320029,0.0,0.0,0.0,0.0,0.0,0.0,0.0,0.0,0.0,0.0,-2.0565572077599868e-05,0.0,0.0,0.0,0.0,0.0,0.0,0.0,0.0,0.0,0.0,0.0,-4.8986489090999954e-05,0.0,-4.4275731416000335e-06,0.0,-0.0003037976740270995,0.0,0.0,-0.0033100573603744854,-4.2089742539499976e-05,0.00012191433192599785,1.1479631973900298e-05,-0.06455485856281662,0.028097771014458317,2.7540175069997504e-07,0.0,6.220356990660003e-05,0.0,-0.000944010618270201,-0.021868074342104027,-0.0022631173621898704,-5.323375634890004e-05,-0.0013646687660407997,-0.0062674294304362055,0.00030400184329380103,-0.00020841096864860015,-0.00447721399963831,-0.0001931000476661001,8.972930962459873e-05,-0.057090477929386374,0.0,0.0,0.0,0.0,-0.00021331030141229917,0.0,0.0003733716528831997,0.0,-0.0032544272225173143,0.0,0.0,0.0,-0.0010511056463749988,4.15956217259001e-05,0.0,0.0,-0.00844007126586832,0.0,0.01026766952999969,-9.776948132499998e-06,0.00032090595982690005
0.0,0.0,0.0,4.0320990891100014e-05,0.0,-3.0554601018000036e-05,0.0,0.0,0.00044372001854219717,0.0,0.0,0.00011824500776000044,5.442611001700223e-06,0.0,-0.00013845966793430016,0.0,0.0,0.0,0.0,0.0,0.0,0.0,0.0,0.00016060837803369941,0.0,0.0,0.0,0.0,0.0,0.0,0.0,0.0,0.0,4.1961212180000864e-07,0.001112099465807398,-0.00033708938216839984,-7.219211242310002e-05,-0.0003583962499191999,-0.00032823902859079913,-0.0016061101616789003,-8.110374110190002e-05,-7.743081167659992e-05,-0.015655061250290703,-0.0018357889840225003,-0.008791102228592695,-0.0069150755752274,0.006914867500265931,-0.0051851101931497945,-0.0002361651416005004,-0.001569694510677299,0.0,-0.019942640757746606,-0.00703859726622269,-0.0022631173621898704,-0.13406933277178723,-0.06292684725216557,-0.15485893201291834,-0.0007867950181251748,0.031836829321507665,-0.0014884010928788993,-0.11014088212207973,-0.003169281356272105,0.00040360578640796785,-0.006570735530224026,0.0,-0.00042596785060279997,-0.0005258958521628995,0.0,-0.0014698646665932125,-0.002653840198066599,0.0006583224906618994,-0.020048944789104406,-0.009408854979779613,0.00012028959035659996,6.25020910977e-05,-0.0005177898272542998,-0.2676295688405297,0.00021902935854567485,-0.0034281216330530988,0.00019819898589619998,-0.07682507946077566,-0.0006628932727139004,0.0025973453559389736,0.01520034278743232,0.0007648399476463952
0.0,8.294700144210023e-05,0.0,0.0,0.0,0.0,-0.00048208931948949974,0.0,0.0005368166689482048,0.0,0.0,2.6396163342900006e-05,-0.0006283563194621998,0.0,0.0,-3.744651194390004e-05,0.0,0.0,0.0,0.0,-0.00030656309388119984,0.0004755608816480999,0.0,-0.0008352588876861938,0.0,0.0,0.0,3.52463023218022e-05,-2.911813409990009e-05,0.00022062052256099918,0.0,0.0,0.0,-7.592721826439998e-05,0.0,-0.0007969039934694021,0.0,-8.844776870949999e-05,0.0,-0.0033268389267055026,0.0,-3.39329006431e-05,0.009421455146367608,-0.005226875676953013,0.0029423502851509964,-0.004943159583251422,-0.0002168918546830989,-0.000567193124376697,0.00026125934853230004,-0.03496404162253719,-0.0001380483536314002,-0.1074185132414831,-0.00033144154321290004,-5.323375634890004e-05,-0.06292684725216557,1.7147803546313298,0.03114450342733166,-0.00018932299491940252,0.3072067050969478,0.0010860505661888023,-0.004092765931557593,0.00024129204920309705,0.17459232596846874,-0.0005621611409619004,-0.0003318192084290992,0.03795359955898969,0.0,0.0024593750447257923,-2.8834420223800027e-05,0.010396583887711586,0.000968499856971998,0.19427477683772665,-0.0171895449818954,1.8112307589700054e-05,0.011713039635841527,0.007070992051669167,0.8782066772563013,0.06266537506457537,0.3947466975747993,0.0,0.00041799450495840114,0.005382930612514575,0.01939088071827555,0.0007905324416329993,0.008228503549359334
0.0,0.0,0.0,-9.434122310689999e-05,0.0,0.0,0.0,0.0,0.001080964232059698,0.0,0.0,-0.0004303982278349998,-0.00013611742254170025,0.0,0.0,0.0,0.0,0.0,0.0,0.0,0.0,-0.00010074814082000009,0.0,-0.0004731416382179991,-2.293554363090003e-05,0.0,0.0,0.0,0.0,0.0,0.0,0.0,0.0,-1.7276574152600018e-05,0.0,-0.00014979760749579945,-1.3704305855599978e-05,-0.0002557849196868009,9.36294133043001e-05,-1.708028781400011e-05,-0.0002931113850805,-6.625865681569951e-05,-0.038381699505566136,-0.008348096595038601,-0.05744446659246005,-0.06603243423520488,-0.01259745840842541,-0.006374097564367298,-0.0005523705443477994,-0.003172455887214806,0.0,-0.04978137110633041,-0.003461916432236395,-0.0013646687660407997,-0.15485893201291834,0.03114450342733166,-0.42965443955430516,0.0029682735443447017,0.311882953701474,-0.0076828970150719655,-0.04773874569341929,-0.008859683072969693,-0.02914552136616244,-0.007563982874050912,-0.0001735680261688,-0.006554524381719301,-0.0007685591302589029,7.864821617369999e-05,-0.0027475091976897903,-0.019495462551611886,-0.0009407148390240989,-0.02381630565477333,-0.00890807201894811,-0.0005907919498757,-0.0004385787328222007,-0.00029477974742589917,0.01063696256164004,0.006007790917773703,-0.0023056429977473814,-0.0005472687161876023,-0.33966021676529934,-5.952054167299999e-06,-0.00799550796001014,0.0001943152918688993,9.040781369860224e-05
0.0005098862977420001,0.00730982218089668,0.0009403440123553,0.025572081359861887,0.0002560940706701001,0.02197634188064762,0.012356639878551512,0.012212709673163125,0.11535449775558493,0.1677285851221635,-7.98596119051001e-05,0.0069320392786800245,0.000977774486617903,0.0135993755853476,0.0017477169491402073,0.0008432902465304003,0.0012356108560619,0.0,0.0,0.0023743990548638905,0.0007844572077735923,0.022758412092032,0.0009033841818011021,0.13573821238600914,0.0025718740417478014,0.00010495957008389996,0.0013993073389618003,0.06389477609043404,0.019216983082708805,0.034443414356086555,5.40348249319e-05,-0.0006270220158637995,0.004046874271427192,0.023533922319554867,0.0022621552730020984,0.1202785252292915,0.0023897057410974983,0.012658382182817562,0.0013917894577397047,-0.004826660522444792,0.0027816552950545026,-0.0002559675575437995,0.07053328070942433,-0.0014107112604907976,0.0132271077856001,0.0028825770033572007,0.00495277435193997,0.001231705516172299,-0.0002595886399070005,0.0019939702356977992,-0.018549561375436507,0.0007742762846161006,-0.02880083586009108,-0.0062674294304362055,-0.0007867950181251748,-0.00018932299491940252,0.0029682735443447017,0.02367124528639497,0.05429833987085475,-0.0004034899603018033,-0.008366635739571748,-0.005436353129938981,0.005211207706542209,-0.0045851408268700045,-0.0016696113387947992,-0.0002366780612659998,-7.358359943970003e-05,-0.0007895061874106995,-0.011954415922214301,-5.669212992703149e-06,0.04421185962762886,0.00042603872542210097,0.20061342860882014,-0.02923318643597589,-0.00025530178633000056,-0.04371851225654211,0.06410413794621883,0.01674601359567296,0.005486825629650305,-1.2813005644400069e-05,-0.0011182978078260047,0.000758004805247299,0.007824370922976998,0.0009245956103269004,0.03513887805617788
0.0,0.0,0.0,0.00022477003292739996,0.0,0.0,0.0,0.0,0.07185893996917869,0.0,0.0,0.001427960652132701,-1.744745199730002e-05,0.0,-5.8222648331399986e-05,0.0,0.0,0.0,0.0,0.0,0.0,-0.00013862691190650006,0.0,0.002408147915605008,0.0,0.0,0.0,0.0,0.0,0.0,0.0,0.0,0.0,0.0,0.0,-0.008732638442780799,0.0,0.0,0.0,-0.026678889592638644,0.0,0.0,0.011681039511841185,-0.001116477881524901,-0.00033934843476890464,-0.00020981950911391767,0.007449817303006534,0.00043780504704210577,8.040297598249993e-05,0.0008233460952545985,0.0,-0.006725531100074095,0.06395170882850199,0.00030400184329380103,0.031836829321507665,0.3072067050969478,0.311882953701474,0.05429833987085475,2.8253813790276894,0.0016551567384245972,-0.10718289250836044,0.0006075915997292985,0.14645301818954604,-0.0012292673880504035,0.0,-0.0002508451851284,0.0,0.0,-0.011376772009580094,-0.0005182647057118996,0.0005271177489273001,0.005322453947497113,0.0070299778495327425,0.0,1.6654380794900447e-05,-0.0004103578218592999,0.5153489735852972,0.10427696416908705,0.0004241647059253992,0.0,0.0018440697066335957,3.7018830908397415e-05,0.08470777775628369,8.274241728400272e-06,0.004609812431603494
0.0,0.0004393542069256011,0.0,0.0,0.0,0.0,0.0,0.0,2.270042922200002e-05,0.0,-0.003106213682971426,0.0,-0.00885237047692744,7.502040971569992e-05,0.0,0.0,-0.00010099140998209996,-6.344666902930026e-05,0.00010226446709250001,0.0,0.0,-8.809642760860019e-05,0.0,0.0,-0.0026801554004479006,-0.0003131586439101969,-0.00017162874003349982,0.0,2.1025872125600073e-05,0.0,2.90303345912013e-05,0.0,0.0,-0.00029366679530190044,-2.0414952356500042e-05,-0.00022900023242999976,0.001989527883854904,0.0005408337146491984,0.0003498851769918,-3.229139176000469e-07,-1.7629117006599956e-05,0.003242489879987001,-0.004323710643412082,-0.05467062243499976,0.018887695753448064,-0.005211920560725669,-0.003029130893267701,-0.0016196420445790949,-0.018029400575166443,-3.7397111307799994e-05,-0.0014259626374687057,0.0005762588778896044,0.0,-0.00020841096864860015,-0.0014884010928788993,0.0010860505661888023,-0.0076828970150719655,-0.0004034899603018033,0.0016551567384245972,-1.247918093730533,-0.009685974164327149,-0.20426846802212584,-0.007198396077564229,-0.00018615155419860266,-0.00039674725274499965,0.0004617850714832006,-0.2992202053780346,-0.00047131633264363426,-0.00021893057157970023,-0.0029403423846360854,-0.0008191818204933976,-0.005926891303019932,-0.0006199353637101994,-0.02255789093288102,-0.13567310499435603,-0.0010588904169298585,-0.0004267826821199999,-0.023977314102135328,-0.0028634126181606018,-0.0952715707939571,-0.06704107935529069,-0.004337622666567897,-0.19029207982970853,-3.7650666903899475e-05,-0.0011305067036355004
0.0,0.0,0.0,0.004179516495849134,-0.000681619633214699,-0.00034833306995007973,-0.0006098101360861863,-8.979132866819995e-05,0.010304605640237385,-0.002788009564536287,0.0,-0.0032832828307945983,-8.56963836149971e-05,0.0,-0.00165688590375411,-0.00015075154193370003,0.0,0.0,0.0,0.0008919201583104941,-0.0010157651208881997,-0.0002529541759682002,-0.00021621240637420005,0.01673408895738837,-1.0126944414400041e-05,0.0,0.0,-0.0013403284159643203,-0.00020318989510709987,-0.0035217725777670003,0.0,0.0,-0.00033590944661619987,-0.0002457912554130002,0.001427720802243737,-0.014676022390659182,-0.00025270588519510015,-0.0008952219606288003,-0.0007795262717647002,-0.06908632789476099,-0.00031931018909110015,-0.00032100775117520006,-0.012009888630416743,0.0007122863978547,-0.013852845585217488,0.00035826501562009894,-0.03974758849449911,-0.00630126664864239,-0.0006654278129080982,-0.0012205295986796004,0.00028963113673460047,-7.985657890919999e-05,-0.13529088563462466,-0.00447721399963831,-0.11014088212207973,-0.004092765931557593,-0.04773874569341929,-0.008366635739571748,-0.10718289250836044,-0.009685974164327149,-0.2533869544826217,-0.0036299043325137836,-0.025546676371001498,-0.06737423445535207,-1.7400426254200003e-05,0.0,-0.0002768914666421013,0.0,-0.06695165755142618,-0.00015667518322420003,0.0014062282922541,-5.620713671500061e-06,0.04082297049759975,0.0002238961867493004,0.0,0.0002819026339764999,0.09766846452074462,-0.007368416070787975,2.7223541734700007e-05,0.0,-0.0032090966094027173,-3.0268755460700035e-05,-0.008149117542625373,0.007109024833132249,-0.001478646262726202
0.0,-0.0005563667167420988,2.6777405205299833e-05,-0.00020822638509599995,6.62027466836e-05,-0.0002553224450379003,0.00012862752499899987,-0.00014341378061000047,0.00044047246679240065,0.0,-0.06127670873422031,0.0002491291103239998,-0.1479185916819743,-0.00019515408691499984,-7.719327945510026e-05,0.0004557668636698004,-1.3413939417600013e-05,-0.0009160986723050005,-0.0005754009835531992,0.00028283774094930037,0.0005469960613012012,-0.0024035956176599003,6.663536349070173e-05,0.001275692311809698,-0.04881920651969007,-0.0004584959877191874,-0.006526952546183851,0.00294610624999201,0.00014941643716639974,0.0021724248331576046,-0.007663467729156936,-0.0008675948587599999,0.00031178084829499957,-0.0014235572285057063,0.00022238950311479974,0.0019447416505850856,0.002022275741494828,0.0003838666914089961,0.0023133441033964947,0.012470721598704215,-0.0010280207706156973,0.011191024845294995,-0.009292219119414025,0.011454712092741293,0.07525489430578425,0.002595612714108131,0.004953233421626235,-0.005475994300550402,0.024860322216872177,0.00013839780626319982,0.016195429257001792,0.00012746511501260036,0.00014577622689979997,-0.0001931000476661001,-0.003169281356272105,0.00024129204920309705,-0.008859683072969693,-0.005436353129938981,0.0006075915997292985,-0.20426846802212584,-0.0036299043325137836,-0.104645379577601,-0.0001069786297340225,-0.00015950702854980112,-4.690257769380049e-05,-4.677718048119988e-05,-0.0036282416498825965,-0.0007867991670344014,-7.368571983950006e-05,0.0015837639634879025,-0.008646749649911509,0.0004992600249175971,-0.005650209527986422,-0.1716015641615316,-0.0028838796464842886,-0.014507436475150293,-0.0007738524949716108,-0.004108763983484198,-0.002064970380731307,0.0038402049720624998,-0.012666120542812409,-0.0006075652040807983,-0.022770169185903466,0.0014149459808743062,-0.0005391850095504969
0.0,0.0,0.0,0.0,0.0,0.0,0.0,0.0,0.002903587867875798,0.0,0.0,4.1474072984500066e-05,-9.235927473699983e-05,0.0,0.0,0.0,0.0,0.0,0.0,0.0,0.0,0.0004908507862580007,0.0,0.00021257441362819993,-9.799569703819997e-05,0.0,0.0,0.0,0.0,0.0,0.0,0.0,0.0,0.0,0.0,2.7957183385199716e-05,-0.00012058197402290002,-0.0004546504350458006,-0.0002425135739962999,-0.0002475947005288002,8.232924312570004e-05,0.00024562190837299977,-0.00915297859810138,-0.0019114202419744097,-0.01826409282528485,-0.02827585940627686,0.0031495891582549174,-0.0003558327961179081,-0.0002993326748605002,-0.15434261441904962,-5.9405030309700284e-05,0.007514080148373292,-0.008863118670465797,8.972930962459873e-05,0.00040360578640796785,0.17459232596846874,-0.02914552136616244,0.005211207706542209,0.14645301818954604,-0.007198396077564229,-0.025546676371001498,-0.0001069786297340225,0.4047456687186397,-0.0002610463234899024,-0.00029181964357079954,-0.006528463536100926,-0.0018249204291898996,0.0004160942471857984,-0.003931328615713797,-0.006844628208003689,-0.00036604655288670004,0.017459588215612887,-0.028274014128705227,0.00022615489599529977,0.005195331990219487,0.0009319832157908062,0.04173596283845171,0.04295259601022572,0.00850145748629716,0.002011985716324098,-0.03340007782886145,0.00017919082860159974,-0.0006766183660406044,0.0,0.0004073388607157974
0.0,-3.8019304665399926e-05,0.0,-0.00010712665996309885,0.0,-0.00016344349956710002,-0.00024061094133069963,2.7449185185000283e-06,0.0004997135579507955,9.07064350358e-05,0.0,-0.00030415114680910037,3.065513338690014e-05,-5.811906865999927e-06,-0.0001754713455505005,0.0,0.0,0.0,0.0,-0.00027605144122970005,0.0,0.00028012338129509984,0.0,0.0009941670139975989,2.75213475965e-05,0.0,0.0,4.2925876561100695e-05,0.0,0.0002401765362005006,0.0,0.0,-2.2164390116000024e-05,0.0,-0.0009906802275430893,-0.00045334873615320015,0.0,-0.00012802247092950003,0.00017019390406630003,-0.002070497844085299,0.0,2.0020391064100036e-05,0.001519295561117101,5.233033846099963e-06,0.0006338930248699984,0.0002835752739907011,-0.02242682525114481,-0.0011178795691362022,4.950591825259986e-05,-0.00019282932416870018,0.00490439808159851,0.0,-0.00820995168626909,-0.057090477929386374,-0.006570735530224026,-0.0005621611409619004,-0.007563982874050912,-0.0045851408268700045,-0.0012292673880504035,-0.00018615155419860266,-0.06737423445535207,-0.00015950702854980112,-0.0002610463234899024,-0.01720578282648111,7.222375858790013e-05,0.0,6.29856536521001e-05,0.0,-0.004889912078274702,0.0,0.0106227014578269,-0.00016800571197499994,0.021938397742774507,-0.0002211817269491003,-2.4469810360200003e-05,0.0003582083186257981,-0.002935893780815657,-6.794242735249506e-05,0.00015772861995679986,2.6406664375899867e-05,-0.014453244993120062,-5.816899863969995e-05,-0.0010428251097494012,0.015945436400947255,0.002560470663868504
0.0,0.003665932961792906,-0.0010075422397980982,0.0,0.0,0.0,1.3898646498599915e-05,0.0,-0.0018533845091687068,0.0,0.0,0.0,-0.0002774756903245997,0.0,0.0004244045128938001,0.05733530928452124,0.0008074748139728014,0.0,0.0,0.0,-0.00446296279597902,0.042134435780026847,-0.08452552297232874,0.015010872119949448,-2.4215095930699973e-05,3.4500099490099995e-05,0.034594460613656564,0.0009922280426074986,2.812551465770051e-05,-0.0004479913208619013,0.0,0.0,-5.022681273630014e-05,0.0003742345402176009,0.0,0.0037746757793759578,0.00041729381137159405,-0.002364149917911895,-0.001736671793829303,-6.385117339829938e-05,1.4250073439100227e-05,0.0,0.01498865646934422,-0.007785265347964088,-0.004395683435896303,-0.00620525720625581,-0.0002082171144292995,-0.00022591885165849966,0.0001647733967375998,-0.0001878599606739001,0.0007349383992883152,-0.0008326924151957071,0.0,0.0,0.0,-0.0003318192084290992,-0.0001735680261688,-0.0016696113387947992,0.0,-0.00039674725274499965,-1.7400426254200003e-05,-4.690257769380049e-05,-0.00029181964357079954,7.222375858790013e-05,-0.15353864921057436,-0.0077102472559187896,-2.558197562199996e-05,-0.0014432237748168014,0.0,-0.03529210034524466,-0.01921152251694469,-0.10164233629761643,-0.3584899699933066,4.510966222401672e-06,-0.0003419554092037036,-0.00712335416504839,0.02221311445121288,-0.0001204428138759997,-0.003831552263949406,0.0,-0.0002427078574131999,-1.5857818786099882e-05,-0.0014423739637006994,0.00019593079138470037,-0.0017571090072314166
0.0,0.0015595216707401938,-0.03101722542813512,0.0,0.0,0.0,0.0,0.0,0.0005260037524227002,0.0,-4.326814728730004e-05,0.0,5.515394319369996e-05,0.0,0.0,0.0005224394671998001,-0.01181278954903861,-0.00012601090792990007,-0.004402800875818999,0.0,0.0,0.0021084128108301986,-0.0020901305267108025,0.0,2.7599003736899358e-05,-0.01915927356864211,-0.028618591162284268,0.0,0.0,0.0,0.0,0.0,0.0,-0.007661447310382291,-7.02250142880004e-06,-0.010532807765546909,-0.007611283146179315,-0.006809678051980295,-0.003952986652886403,0.0,0.0,0.0,0.012583644056319065,0.004484148787396336,-0.0005863952503434855,0.006366057163761707,-6.742910710249954e-05,6.424394636739966e-05,-9.830222991660006e-05,-0.007492738687300049,-7.587484185860027e-05,0.26029119900055875,0.0,0.0,-0.00042596785060279997,0.03795359955898969,-0.006554524381719301,-0.0002366780612659998,-0.0002508451851284,0.0004617850714832006,0.0,-4.677718048119988e-05,-0.006528463536100926,0.0,-0.0077102472559187896,0.11039409516145149,-0.0025215122320806915,0.00851612156367576,0.0,-0.020072819159418276,0.004274691878667192,-0.13724400705226358,-0.011996168673156782,-0.0007243875221635996,0.12647211940747027,0.08509483225510905,-0.001656370966859999,-0.009849846789893979,-0.0650318967566701,-0.00010391962446050008,-0.00048424216001059957,0.0016349283582356988,-0.10147774656877662,-3.254742239200024e-05,0.0014814205812750947
0.0,-0.0004565142110282,0.0,0.0,0.0,0.0,0.0,0.0,0.0,0.0,-0.003034388849183889,0.0,-0.0038386984744138153,0.0,0.0,0.0,0.0,-0.0008525404405300974,-0.0004990375289159014,0.0,0.0,5.250281864290006e-05,0.0,0.0,-0.0035262724849998983,-0.010758418539214776,0.0037341384443134173,0.0,0.0,0.0,-0.0014958990736416156,0.0,0.0,0.0001242987817427002,-0.00017391321543830016,2.274704007420008e-05,-0.0004948135384708063,0.002283235038031503,-0.0006724123732748995,0.0,0.0,0.0005319101971987001,-0.006666335189110639,-0.07091186835701269,-0.05871825033437572,-0.025126169429520617,8.161176791560143e-05,-0.0005863645770262001,1.7175455213700418e-05,-3.249197007069993e-05,0.0008805947656237018,0.0005923196641896,0.0,0.0,-0.0005258958521628995,0.0,-0.0007685591302589029,-7.358359943970003e-05,0.0,-0.2992202053780346,-0.0002768914666421013,-0.0036282416498825965,-0.0018249204291898996,6.29856536521001e-05,-2.558197562199996e-05,-0.0025215122320806915,-0.4050106234436299,0.09832523433210394,0.0,-0.0013289447525577994,-0.000893363907280299,-0.007812570895044502,0.0,-0.0030932724044910043,-0.17227326243594288,-0.009524966532439949,-3.157752180600002e-05,-0.0016266952908575993,-0.002617558742826792,-0.04172155616513751,-0.0003042921811187982,-0.0008136228969602005,0.0024800927530230776,-3.324326604639983e-05,-0.0013302019579726973
0.0,0.0004153173996498116,-0.002065437161661701,0.0,0.0,0.0,0.0,0.0,0.0,0.0,-1.984695234096001e-06,0.0,-0.00018342408971319668,0.0,0.0,0.0,-0.0021927099389533952,-0.0006305446832328976,-0.011354826867868206,0.0,0.0,0.0008051204079834,0.0,0.0,-0.001969271791811694,-0.04980700907792279,-0.0075948090712669725,0.0,0.0,0.0,0.00020268633194769903,0.0,0.0,-0.0038588952513576025,6.278404526399999e-05,-0.0019276327352956008,-0.0015251051217028966,-0.0016361539031793104,-0.002128719634021496,0.0,0.0,-8.702815494790006e-05,0.009280273550594798,-0.00871728639037106,-0.018869041111853946,-0.006798426309590211,-0.0003595979171733001,-4.579896776959981e-05,0.0,-0.0008464787120865055,-0.00023205023886188614,-0.007146841599478426,0.0,0.0,0.0,0.0024593750447257923,7.864821617369999e-05,-0.0007895061874106995,0.0,-0.00047131633264363426,0.0,-0.0007867991670344014,0.0004160942471857984,0.0,-0.0014432237748168014,0.00851612156367576,0.09832523433210394,-0.19220747145076267,0.0,-0.004508971855940999,-0.0011674727146342018,-0.03888195801562133,-0.0006068533799716003,-0.0029859893306397045,0.0540930243177673,-0.03481762659231524,-0.00024087765898459998,-0.0027199498947249046,-0.017869682882161286,-0.0004942773419924999,3.63152903116999e-05,-0.0003905011696542001,0.01125530424337784,0.0,-0.00039692313789419995
0.0,0.0,0.0,0.0003356563917501984,2.3075719545299976e-05,0.00013905404929180024,0.0,0.0,-0.0005188117179679985,-1.7712696072998309e-06,0.0,0.00010913742179390062,0.0001802956116657992,0.0,2.6337849704699805e-05,0.0,0.0,0.0,0.0,0.0001831730949956997,0.0,1.5729402884099913e-05,0.0,9.615401042229951e-05,0.0,0.0,0.0,0.00022804452397570001,0.0,0.0,0.0,0.0,0.0,1.2066917265499968e-05,0.0,-0.0018835619886205992,0.0,0.0,0.0,-0.008647966138787308,0.0,0.0,-0.0039614679395054,0.0,-0.003307483434153602,-0.00014475167516120064,-0.0038323556645056267,-0.0008105388837772003,9.668365448509998e-05,1.3819159116000958e-06,0.0,0.0,-0.2487731490117664,-0.00021331030141229917,-0.0014698646665932125,-2.8834420223800027e-05,-0.0027475091976897903,-0.011954415922214301,-0.011376772009580094,-0.00021893057157970023,-0.06695165755142618,-7.368571983950006e-05,-0.003931328615713797,-0.004889912078274702,0.0,0.0,0.0,0.0,-0.03247916376052373,0.0,-5.323909270499826e-06,8.132091505399933e-06,-0.0054975305171566236,0.0,0.0,0.00010370359503529997,0.019205137574144437,-0.0027338568819621906,-2.8543295536799962e-05,0.0,-0.00013276352994959998,7.53507773630001e-06,-0.0016150498884897058,0.0,-0.0003278279145802008
0.0,-0.0003648405936572995,-0.0003218596939725,0.0,0.0,0.0,-0.00031378099464029997,0.0,-0.00254820364040631,0.0,0.0,-2.9420518068799936e-05,0.0011009543360845017,0.0,-3.426727413470001e-05,-0.008262533019446683,-0.00017862760698500002,0.0,0.0,0.0,-0.007212034816341112,0.00867580170189769,-0.01644990797122342,0.002131893635621218,6.966519763899632e-06,0.0,-0.0010395139795383018,-0.00010248825068650061,-0.0005737489164075998,-0.0009409694962272987,0.0,0.0,-2.2832278704299847e-05,-0.0005785647702511998,-0.00011849886379449999,-0.0036909016141400963,-0.0008959122962481081,-0.002317207267475002,-0.0011418732992857002,-0.005977414047455901,0.0,-2.495188502969997e-05,0.00659488374287065,-0.05706688969075935,0.025353001084182036,-0.014686509131363046,0.0031954966271615093,-0.0014085067588932958,4.9497463061200404e-05,0.0005423891694300992,-0.00011559037809609918,-0.05505630254321059,0.0,0.0,-0.002653840198066599,0.010396583887711586,-0.019495462551611886,-5.669212992703149e-06,-0.0005182647057118996,-0.0029403423846360854,-0.00015667518322420003,0.0015837639634879025,-0.006844628208003689,0.0,-0.03529210034524466,-0.020072819159418276,-0.0013289447525577994,-0.004508971855940999,0.0,-0.344280771181392,-0.00021157223738760278,-0.20737593476162886,-0.02277876263614176,-4.042857640620002e-05,-0.007454762860345077,-0.04197551263179833,0.6080970759506901,-0.0014501895363309147,0.22860667634674758,0.0,-0.00020075180990519748,0.0032681894843464843,0.040390770312529245,0.001943126508733399,-0.00599812872275729
0.00029497270033029994,0.011006720872024589,0.00928543835634102,-0.0001538211769993999,0.00014495265405949998,0.00034675129105540044,0.0029710269037478004,8.405616232119977e-05,-0.0041696832942245965,-0.00012071986088390001,-0.0007979988763771005,-7.265756284199551e-06,-0.002256294366084502,0.0006135908942381998,0.0010058397848616996,0.10223033644625934,0.01130260022353119,0.0002638993997867,0.0035657751106471965,-7.070099435199981e-06,0.017965865033632622,0.10058087400027516,0.03162973588911727,0.05363669554866024,-0.00036440404253949843,0.0015559534368996993,0.12792641925412251,0.004584857542190901,0.0006078038379094004,0.007398397349740682,0.0,3.063946767689987e-05,-0.0002076989299406003,0.0071905285148029935,0.0005958701006385011,0.045667940014557984,0.005578067045104995,0.006938818167593189,0.005595415395391504,-0.00035736272795210133,0.00020744684792259934,-0.0001309116427390001,0.03364494748271829,0.009193041412367098,-0.0009604557366544031,0.003103248071081116,0.007401114356112598,0.0001746652839694999,-0.0028603654015125976,0.00041962947573580007,0.011293659438033066,0.004022048713538007,0.0009778450896121994,0.0003733716528831997,0.0006583224906618994,0.000968499856971998,-0.0009407148390240989,0.04421185962762886,0.0005271177489273001,-0.0008191818204933976,0.0014062282922541,-0.008646749649911509,-0.00036604655288670004,0.0106227014578269,-0.01921152251694469,0.004274691878667192,-0.000893363907280299,-0.0011674727146342018,-5.323909270499826e-06,-0.00021157223738760278,0.0639054383872324,0.03600262966562051,0.024719569790025986,-0.018556316472492007,5.4055440720096604e-05,0.037696076131771505,0.001915448189292901,8.713970338690424e-05,0.0019295952839371855,-0.00041433536708060034,8.017359851399987e-05,-0.00016489362927329942,0.0012631921196341045,0.0006389540935708999,0.024931372949990593
0.0,0.0009000473426575978,-0.030910713307507665,0.0,0.0,0.0,0.0,0.0,0.0020101785514964957,0.0,0.0,0.0,-0.0003594915477178988,0.0,-1.114351307890003e-05,0.07363700112670246,-0.002939383814865401,0.0,0.0,0.0,-0.005702901851647291,0.04292375160402073,-0.23511482330260414,0.006344658762483801,7.738935119489996e-05,-3.501965741099875e-06,-0.004583984525794893,-0.0007499984256993998,0.0,-0.00037942348117030004,0.0,0.0,0.0,-0.005887257614752894,1.3777355275699892e-05,-0.03068373769998789,-0.0062959129530631985,-0.016181404798401078,-0.009910764541217476,0.0005477103890624974,0.00030213240190399976,-9.600922778759996e-05,0.27296169134950254,0.07820096590522851,0.0360212246630649,0.04999180934662295,0.008549635753512197,0.002584239437284405,0.0007546259619718998,-4.3946250775014906e-06,2.1916728832598736e-05,0.2514792144235223,1.0336593102900022e-05,0.0,-0.020048944789104406,0.19427477683772665,-0.02381630565477333,0.00042603872542210097,0.005322453947497113,-0.005926891303019932,-5.620713671500061e-06,0.0004992600249175971,0.017459588215612887,-0.00016800571197499994,-0.10164233629761643,-0.13724400705226358,-0.007812570895044502,-0.03888195801562133,8.132091505399933e-06,-0.20737593476162886,0.03600262966562051,1.1669408527358982,-0.017456533287719123,-0.0001065593895831999,-0.03442096775428405,0.08992472308990251,0.09302322510901462,-0.0018291196406307053,0.01661900138419936,0.0,-0.0007599375389664015,7.499478662298387e-05,-0.014849280064091808,0.0014941802805860036,0.0621827869603262
-6.783861877570014e-05,0.0031490029745705056,-1.7126355015899936e-05,0.013765426631612343,0.0,0.0031699187575289223,0.0008096826060845497,-0.0003034432283973987,0.05796925531528441,0.0200594938922114,0.0,0.003004383678235606,-0.0020445189036646105,0.0004649370981690002,0.003941090227188526,0.005811200707300096,0.0,0.0,0.0,0.0021600768773470946,-0.005583722652537482,0.02230534427997055,0.0003953844361237052,0.13210719774806812,0.00034444080628020027,0.0,0.0012765945994773972,-0.010284621516365888,0.00044892874550120365,0.0007163349752685733,0.0,0.0,0.0015877794783840937,0.002475736712802698,-4.611098007000045e-06,0.04022272614445921,0.001670903523808595,-0.00024636437718569826,0.0011310957915566001,-0.031009857565755472,-1.2016043051199868e-05,-0.0005385535169133001,0.005507895852201017,-0.007240213107988502,-0.032499727959166336,-0.012040988426749943,0.0032083853432516296,-0.009772101977302161,-0.0005268801737859999,-0.0011225637165629965,0.017688096187086888,-0.03636193120759301,-0.1052244661233046,-0.0032544272225173143,-0.009408854979779613,-0.0171895449818954,-0.00890807201894811,0.20061342860882014,0.0070299778495327425,-0.0006199353637101994,0.04082297049759975,-0.005650209527986422,-0.028274014128705227,0.021938397742774507,-0.3584899699933066,-0.011996168673156782,0.0,-0.0006068533799716003,-0.0054975305171566236,-0.02277876263614176,0.024719569790025986,-0.017456533287719123,0.968393268025018,-0.00012014201793780765,-0.0017259950616811959,-0.0892936501789614,0.2483804128818221,-0.019294773275790433,-0.012014322484145246,0.0,-0.0009759879375784014,-0.006916288730668574,-0.011058707051288419,0.0002446934968815054,0.005780734993092729
0.0,0.005857933637515411,0.0004893016692939997,0.0,0.0,0.0,0.0,-1.2004626396800019e-05,-0.0055707351065611005,0.0,-0.03167780711446799,0.0,-0.12886770554105298,-0.00013521688027709998,0.0,-9.493520388e-05,0.00029769158086520066,-0.0017151129442066967,0.0005701200798754885,0.0,0.0,-0.0116510235823373,-3.816209868500012e-06,5.331845132879997e-05,-0.10023973442404666,-0.013607347857999108,-0.006818078291796148,0.0,0.00023503291850720002,2.2882795253999997e-05,-0.010937836599298312,-0.00028811011790259985,0.0,-0.00244840394029619,0.0,0.0011253155022422912,-0.002354171490150603,0.00724860173086006,0.0006150871912925099,0.00021283450733339954,-0.00018060077111199994,-0.007990150916690503,0.0005753435855364863,-0.008305493603782022,0.0031313910683848367,-0.002215047867938802,-5.932268160896426e-06,-5.706601820520008e-05,0.0025998080484652686,0.0,0.039814512264428004,-0.00026745172470500015,0.0,0.0,0.00012028959035659996,1.8112307589700054e-05,-0.0005907919498757,-0.02923318643597589,0.0,-0.02255789093288102,0.0002238961867493004,-0.1716015641615316,0.00022615489599529977,-0.0002211817269491003,4.510966222401672e-06,-0.0007243875221635996,-0.0030932724044910043,-0.0029859893306397045,0.0,-4.042857640620002e-05,-0.018556316472492007,-0.0001065593895831999,-0.00012014201793780765,-0.1848923248026475,-0.012547500931445188,-0.10210176817913652,3.7727292970300024e-05,-9.277405123329918e-05,-0.00017494865448780018,-0.003703011222253305,0.00010341511706640077,1.7061174217199984e-05,-0.0034190067364226195,-5.6063040795900046e-05,-0.0008134327052265987
0.0,0.006620295641815543,-0.0028116753019316876,0.0,0.0,0.0,0.0,0.0,2.196087895219999e-05,0.0,-0.0014162156330183029,0.0,0.0038506369328572543,0.0,0.0,5.737881736749998e-05,-0.004491222892677005,-0.001023051550186893,-0.010620438699819323,0.0,0.0,2.2096033255498276e-05,-0.00016081307664389988,0.0,-0.006900695898435449,-0.07445224112552484,0.047177780411251646,0.0,0.0,0.0,-0.007639498820932622,-1.0915380283300035e-05,0.0,-0.008598275794354127,-1.5977021247999155e-06,-0.00014249732942350768,0.01130044495088911,0.008153394453125573,-0.004363735859976903,-4.092037955310006e-05,-1.9418613202400094e-05,0.0006586295671905003,0.049742993421719284,0.005768094954053282,0.008189746268152387,-0.0003938924882744832,6.472052730850317e-05,0.000434750748634697,-1.0516341029900844e-05,0.0002150742889681992,0.004521551864551304,-0.072380024660049,0.0,0.0,6.25020910977e-05,0.011713039635841527,-0.0004385787328222007,-0.00025530178633000056,1.6654380794900447e-05,-0.13567310499435603,0.0,-0.0028838796464842886,0.005195331990219487,-2.4469810360200003e-05,-0.0003419554092037036,0.12647211940747027,-0.17227326243594288,0.0540930243177673,0.0,-0.007454762860345077,5.4055440720096604e-05,-0.03442096775428405,-0.0017259950616811959,-0.012547500931445188,-1.089247648114494,0.2354788436424915,0.000868221387012702,-0.0001485729066406996,-0.0007090706925614865,-0.1249968671959214,-0.00040263312465269735,-0.00031222877314750035,0.004842090974942592,5.216352368619991e-05,-0.004847270559386316
0.0,0.133011108955853,-0.013284072913767098,0.0,0.0,0.0,0.0,0.0,0.0011702649593339012,0.0,-0.00788491369872013,0.0,-0.007734728525855106,4.4294272750300054e-05,0.0,0.0247449763240013,0.04238743193151251,0.000725599890742723,0.014888780472218421,0.0,-0.00040674744082129857,0.05249313304233483,-0.1100078668678135,-0.0006207192786981952,-0.03435258838953681,-0.04886629585555635,0.47687031975900496,-2.708064756999813e-06,0.00026116967486090013,-5.984862026709977e-05,0.004563371813518735,0.0003903226520935001,0.0,0.026180230615945543,-1.8731553791000166e-05,0.07096203572589621,0.024348004672476442,0.02413984240949052,0.00020969627219846743,9.05687484671e-05,-1.5277887078900092e-05,-0.0008370541351292032,0.19662644248671235,0.05054129938894647,0.03863736170337084,0.03571394154740304,-0.0010194038432702057,-0.00024037632765200323,0.0003432883536768003,3.6359612109980455e-06,0.07072348373095494,0.24962458678661292,0.0,0.0,-0.0005177898272542998,0.007070992051669167,-0.00029477974742589917,-0.04371851225654211,-0.0004103578218592999,-0.0010588904169298585,0.0002819026339764999,-0.014507436475150293,0.0009319832157908062,0.0003582083186257981,-0.00712335416504839,0.08509483225510905,-0.009524966532439949,-0.03481762659231524,0.00010370359503529997,-0.04197551263179833,0.037696076131771505,0.08992472308990251,-0.0892936501789614,-0.10210176817913652,0.2354788436424915,0.20844099361943336,0.007577863079362146,-0.0005346824126803013,-0.0004836473208404968,-0.03746889622622773,-0.0008615402979152004,-0.0001984382635211012,0.03138810225590216,-0.0005522311552954989,-0.0016842097489520036
0.0,0.0005529045662254995,0.0,0.00040923953337929954,0.0,0.0,-0.0009969479851090063,0.0,0.0424750713352795,0.0,0.0,0.0007908693044703027,-0.0010952290555870103,0.0,-7.324235878739937e-05,0.0004956754672642005,0.0,0.0,0.0,-0.00020930939353870008,-0.005844523589489295,0.008266017159183986,-8.312886674359966e-05,0.010547550500529912,-0.00011309898656059999,0.0,0.0002442379466199001,-0.006058906484150917,-0.0007406302739109034,-0.005791128068589613,0.0,0.0,6.217641600001628e-07,1.2469733457198817e-05,-3.579186961310014e-05,-0.007026638563961685,0.00022018852093689395,-0.0010868531369630993,0.00012169921812220006,-0.02663338655657188,0.0,-1.2348098876300076e-05,0.03864070588181079,-0.008126017988310197,-0.028705378937996073,-0.01653843468366567,0.0019437598040019655,-0.001599470332770636,-0.0006342617913905994,0.01087488646889534,-0.00037927582291219855,-0.09712610270550748,-0.010466014958094405,-0.0010511056463749988,-0.2676295688405297,0.8782066772563013,0.01063696256164004,0.06410413794621883,0.5153489735852972,-0.0004267826821199999,0.09766846452074462,-0.0007738524949716108,0.04173596283845171,-0.002935893780815657,0.02221311445121288,-0.001656370966859999,-3.157752180600002e-05,-0.00024087765898459998,0.019205137574144437,0.6080970759506901,0.001915448189292901,0.09302322510901462,0.2483804128818221,3.7727292970300024e-05,0.000868221387012702,0.007577863079362146,2.83553066730893,0.08341596479944968,-0.01258480529316408,0.0,-0.00018469618828260287,-0.01150240845696704,0.07029424945823504,-0.001005993323126092,0.015365594109937541
0.0,-0.00019879946185859991,0.0,0.0,0.0,0.0,-4.5099390096600255e-05,0.0,0.00649170605787891,0.0,-7.050387823200012e-05,-0.00013846524750219988,-0.000989627534752499,0.0,0.0,-0.0006092677305499002,0.0,0.0,0.0,0.0,-0.0010221442552143002,0.0017761696410776018,-1.3541082033600017e-05,0.0014043722132139058,9.846469548950012e-05,0.0,5.88189753843e-05,-0.0001905368656898998,-0.00022905946168959995,-0.0014866789091628023,0.0,0.0,0.0,-6.632418097240024e-05,0.0,-0.002017507042153588,-0.00010466948977770011,-6.467571908599923e-05,3.53062469105e-05,-0.002372410267946802,0.00013328946860709993,0.00020792597543580014,-0.001037840867403772,2.974142906458921e-05,-0.0226761114048466,-0.010672276834546801,0.0002634631204936899,0.0004425768652182027,0.0003805171480184971,0.11991890671063654,-0.00014564698121589947,-0.001656282881219405,-0.008498973863236697,4.15956217259001e-05,0.00021902935854567485,0.06266537506457537,0.006007790917773703,0.01674601359567296,0.10427696416908705,-0.023977314102135328,-0.007368416070787975,-0.004108763983484198,0.04295259601022572,-6.794242735249506e-05,-0.0001204428138759997,-0.009849846789893979,-0.0016266952908575993,-0.0027199498947249046,-0.0027338568819621906,-0.0014501895363309147,8.713970338690424e-05,-0.0018291196406307053,-0.019294773275790433,-9.277405123329918e-05,-0.0001485729066406996,-0.0005346824126803013,0.08341596479944968,0.11982334506434711,-0.0637332864267961,0.003292342875978599,0.006773971878807572,0.026693388271595175,-0.004805688571834388,-0.0004442722956216026,-0.004163822415919727
0.0,-0.00029400374397890033,0.0,-0.00022992472391699997,0.0,-0.00018801455762550005,-0.0001064941515581,0.0,-0.0024718409726315893,0.0,0.0,-0.0003929397269734,-0.0023339371727295888,0.0,0.0,-0.0010619314531331997,0.0,0.0,0.0,0.0,-0.006561902401771208,0.004252895582662314,-0.0025641166110759034,-0.000291726121428193,-5.364079298300021e-05,0.0,-0.0002081253519965998,-0.0019177685456110982,6.230734987019981e-05,-0.0019459700282321024,0.0,0.0,-0.00011430620476950002,-0.0003501338826558996,0.00014599752114809964,-0.001318268492526975,-0.0018459739845567008,-0.0006797823673332995,-0.0002960293274312997,-0.017992574639934034,0.0,-0.00019397090376799958,-0.007642931256674812,0.0013791532957860841,-0.020110467494347084,-0.007409002391594033,-0.000300633000321,-0.00012973423945209991,-0.0012218308683746015,-0.0006200721060454217,-0.0005905517566293008,-0.0030193865784544915,3.6475481137700216e-05,0.0,-0.0034281216330530988,0.3947466975747993,-0.0023056429977473814,0.005486825629650305,0.0004241647059253992,-0.0028634126181606018,2.7223541734700007e-05,-0.002064970380731307,0.00850145748629716,0.00015772861995679986,-0.003831552263949406,-0.0650318967566701,-0.002617558742826792,-0.017869682882161286,-2.8543295536799962e-05,0.22860667634674758,0.0019295952839371855,0.01661900138419936,-0.012014322484145246,-0.00017494865448780018,-0.0007090706925614865,-0.0004836473208404968,-0.01258480529316408,-0.0637332864267961,0.6891677902594289,-3.825121439940003e-05,-0.0009568298043590995,0.007329121148135664,0.0036141000775775645,0.00044381248199749923,-0.002128049670978807
0.0,-0.0009139433853579022,0.0,0.0,0.0,0.0,0.0,0.0,0.0,0.0,-0.0046188363669699695,0.0,-0.01231851408997997,0.0,0.0,0.0,0.0,-0.0007888879569769996,-8.045273428319995e-05,0.0,0.0,0.0,0.0,0.0,-0.011163167765080972,-0.0012343509037824885,-0.0008152842633855906,0.0,0.0,0.0,-0.00030792615371472154,0.0,0.0,-6.618844009909997e-05,0.0,0.00032336305847939983,0.00467485627341388,0.0024662049938347017,8.598537662070013e-05,0.0,-2.366909944190006e-05,0.0010244245674028984,0.004911741780154494,-0.0052056518016943,0.03764812050362587,0.0031800049710973832,0.00036222097220550004,-8.27749504574999e-05,0.0008684157705756007,0.0,0.00021054389440409993,6.279913871059997e-05,0.0,0.0,0.00019819898589619998,0.0,-0.0005472687161876023,-1.2813005644400069e-05,0.0,-0.0952715707939571,0.0,0.0038402049720624998,0.002011985716324098,2.6406664375899867e-05,0.0,-0.00010391962446050008,-0.04172155616513751,-0.0004942773419924999,0.0,0.0,-0.00041433536708060034,0.0,0.0,-0.003703011222253305,-0.1249968671959214,-0.03746889622622773,0.0,0.003292342875978599,-3.825121439940003e-05,-0.07641923473681955,-0.00036260121260699163,-4.262200470730006e-05,0.0008991845840821966,0.0,-0.00017282425545649995
0.0,0.0,-0.00011722074215310001,0.0,0.0,0.0,0.0,0.0,0.0,0.0,-0.00012102251667790004,0.0,-0.0001301236217610014,0.0,0.0,0.0,0.0,0.0,0.0,0.0,0.0,-3.140781710119997e-05,0.0,0.0,2.7685615799199993e-05,-6.7111386475e-05,0.0,0.0,0.0,0.0,0.0,0.0,0.0,8.661698371089993e-05,4.1029367113500016e-05,-2.9026571959399686e-05,0.00042285799972830015,-0.00012064725496780185,-0.0003764926485870009,1.661231943679998e-05,-4.8915757337500074e-05,-0.0003949362680593996,-0.01386086166462952,-0.0016440476326813058,-0.004055674351670424,0.001980333700133091,-0.02142442064889183,-0.005270870183835541,-0.0013135938732850017,-0.00027954870010449967,1.1602468308000331e-05,-3.9770015710899765e-05,-2.4029854275299978e-05,-0.00844007126586832,-0.07682507946077566,0.00041799450495840114,-0.33966021676529934,-0.0011182978078260047,0.0018440697066335957,-0.06704107935529069,-0.0032090966094027173,-0.012666120542812409,-0.03340007782886145,-0.014453244993120062,-0.0002427078574131999,-0.00048424216001059957,-0.0003042921811187982,3.63152903116999e-05,-0.00013276352994959998,-0.00020075180990519748,8.017359851399987e-05,-0.0007599375389664015,-0.0009759879375784014,0.00010341511706640077,-0.00040263312465269735,-0.0008615402979152004,-0.00018469618828260287,0.006773971878807572,-0.0009568298043590995,-0.00036260121260699163,-0.13431556873307038,-0.0013447235846912008,0.045318149876206526,-0.0006165965073385016,0.00140203849454619
0.0,-4.103094083779998e-05,0.0,0.0,0.0,0.0,-1.013341099060012e-05,0.0,-0.00040642731668769777,0.0,0.0,0.0,-0.0003827452554803004,0.0,2.271977172419999e-05,-2.8235417839499915e-05,0.0,0.0,0.0,0.0,-0.0007464763449005008,-1.6446849480899507e-05,-0.000105495952548,-0.0005512424844709013,0.0,0.0,0.0,0.00013549720349279992,-0.0001219539611649,-0.0006837921309828,0.0,0.0,0.0,-0.00010208388938360007,0.0,-0.0011400657052604984,-5.1257931197199944e-05,-6.913748496449991e-05,-0.00011018931341560002,-0.001604286215227603,0.0,-7.626016109759997e-05,-0.0005756199458285122,-0.00025102423203279996,-0.011211198674477008,-0.0022149217267837043,-0.0001391937960086003,-0.00015097320815310022,5.309202101700175e-06,0.0011783649468638004,-0.00010331880514000006,0.00037529341345220006,-8.928739353759874e-05,0.0,-0.0006628932727139004,0.005382930612514575,-5.952054167299999e-06,0.000758004805247299,3.7018830908397415e-05,-0.004337622666567897,-3.0268755460700035e-05,-0.0006075652040807983,0.00017919082860159974,-5.816899863969995e-05,-1.5857818786099882e-05,0.0016349283582356988,-0.0008136228969602005,-0.0003905011696542001,7.53507773630001e-06,0.0032681894843464843,-0.00016489362927329942,7.499478662298387e-05,-0.006916288730668574,1.7061174217199984e-05,-0.00031222877314750035,-0.0001984382635211012,-0.01150240845696704,0.026693388271595175,0.007329121148135664,-4.262200470730006e-05,-0.0013447235846912008,-0.028496078071186037,-0.018240798715729145,-0.00016076446287,-0.0036431056045539006
0.0,0.003252595779415904,-0.004361981929950104,0.0,0.0,0.0,0.0,0.0,0.0024264639060373044,0.0,-0.00037255845231659937,8.664739950950016e-05,-0.0010600531416610007,0.0,0.0,0.0002850648326435997,-0.002084736157511702,-9.084354934109991e-05,-0.003939788127711598,0.0,1.712583997890045e-05,0.0015858417516668027,-0.0010742942591781997,0.0010910835653711037,-0.0007335103017222996,-0.008727521549787398,0.00167003223850698,9.012175354260014e-05,-6.417464527229996e-05,-3.388216949470023e-05,-0.00016437736186689957,0.0,0.0,-0.0024026933299921005,3.819019681669967e-05,-0.0039916472502000006,-3.0015929503024452e-06,-0.0008557673335717053,-0.0006672507722049019,-0.0018277933201064009,0.0002811963465155999,0.0007845008428562011,0.004842988999245401,0.0029462018895090036,-0.010584984766035532,-0.0035611649711810855,-0.002654553924952008,-0.0018240246796311019,-0.0017845600522720662,-0.0005396273119158967,-0.0010636244228039021,0.009895696417279387,-0.0026931579683370094,0.01026766952999969,0.0025973453559389736,0.01939088071827555,-0.00799550796001014,0.007824370922976998,0.08470777775628369,-0.19029207982970853,-0.008149117542625373,-0.022770169185903466,-0.0006766183660406044,-0.0010428251097494012,-0.0014423739637006994,-0.10147774656877662,0.0024800927530230776,0.01125530424337784,-0.0016150498884897058,0.040390770312529245,0.0012631921196341045,-0.014849280064091808,-0.011058707051288419,-0.0034190067364226195,0.004842090974942592,0.03138810225590216,0.07029424945823504,-0.004805688571834388,0.0036141000775775645,0.0008991845840821966,0.045318149876206526,-0.018240798715729145,0.09852739302290381,4.6409243742301376e-05,-0.0033143470180421186
0.0,4.5636974313799936e-05,4.1445545655000113e-05,0.0,0.0001176366345628999,-0.00014990373373902077,8.94665692013001e-05,0.0,0.0010527420907304984,0.0,0.0,0.004632358764605882,0.000998995715153994,0.0,0.001381493481029561,0.0,-2.6261566996399997e-05,0.0,0.0,0.0,2.4706727398700074e-05,5.038481465490007e-05,-0.0005255562138481006,0.0,-4.522837826199998e-05,4.784842891139996e-05,9.882318988259971e-05,0.0,-6.479108738299821e-06,-3.533217044159997e-05,0.0,0.00014444909090020018,0.0,0.00010502975818720006,0.4506266118865909,0.029351741209904247,-0.00411103674179622,-0.0016548449693365164,0.014445591871755203,0.0019836909404656045,0.001093807825181592,-8.340217973289935e-05,0.07038985063361602,0.007225957426369223,0.004231538255587919,-0.0028565452144113657,0.0047593169401036195,0.002857912437463195,0.0008517382989533008,0.0,3.692254759510001e-05,0.00024509914577729944,-7.976103953829996e-05,-9.776948132499998e-06,0.01520034278743232,0.0007905324416329993,0.0001943152918688993,0.0009245956103269004,8.274241728400272e-06,-3.7650666903899475e-05,0.007109024833132249,0.0014149459808743062,0.0,0.015945436400947255,0.00019593079138470037,-3.254742239200024e-05,-3.324326604639983e-05,0.0,0.0,0.001943126508733399,0.0006389540935708999,0.0014941802805860036,0.0002446934968815054,-5.6063040795900046e-05,5.216352368619991e-05,-0.0005522311552954989,-0.001005993323126092,-0.0004442722956216026,0.00044381248199749923,0.0,-0.0006165965073385016,-0.00016076446287,4.6409243742301376e-05,0.892947691069196,0.4300233529321176
9.016736293380003e-05,0.0037176994777610994,-0.0011738132784084032,-0.0011183181374824075,9.143601361630109e-05,0.0023265792105082034,0.006045240934830498,0.0004007223658467965,0.031662681020249384,0.010362720202322928,-0.00019722356296859866,0.0007987959105031084,0.0006780151607957974,0.0005898018770055004,0.0037310111537124935,0.0015819894605925977,-0.00020334137322329526,4.827851345310004e-05,-0.00039777868595080104,-0.00030641653722999866,-0.02448937716100197,0.012717315825475889,0.016472358049524516,-0.0012411909104199648,3.916561974430001e-05,-0.0011431614641490007,-0.002457598510295922,0.0006928293714711931,0.0022852515368028126,0.010149496284067305,6.348687053160012e-05,-0.002140669194375111,0.0002570572757746997,-0.005407029882337655,1.025764413128961,0.03984431669969446,-0.01287324128645162,-0.0036555897018186734,-0.03038442717172174,-6.711164399339498e-05,0.0001643217378660966,-0.00022916244048450107,0.05059948848832008,-0.002868563174533101,-0.022724901435922096,-0.04838176447361686,0.0017539651925251032,0.001477539061849109,-0.0007558640680966969,-4.0238127153999735e-05,0.0009270420648806038,0.0050814985036131965,-0.0017407541777013993,0.00032090595982690005,0.0007648399476463952,0.008228503549359334,9.040781369860224e-05,0.03513887805617788,0.004609812431603494,-0.0011305067036355004,-0.001478646262726202,-0.0005391850095504969,0.0004073388607157974,0.002560470663868504,-0.0017571090072314166,0.0014814205812750947,-0.0013302019579726973,-0.00039692313789419995,-0.0003278279145802008,-0.00599812872275729,0.024931372949990593,0.0621827869603262,0.005780734993092729,-0.0008134327052265987,-0.004847270559386316,-0.0016842097489520036,0.015365594109937541,-0.004163822415919727,-0.002128049670978807,-0.00017282425545649995,0.00140203849454619,-0.0036431056045539006,-0.0033143470180421186,0.4300233529321176,0.07640205632011554
