0.09148153955188842,0.0,0.00010527391884499956,0.00015863456639390004,0.0,0.00014831110565730055,0.06967598249312301,0.0019742185410638047,0.0013920439248536996,0.0045209788330790035,-0.00023271888723049722,0.00036164947635169975,0.0002916789476261998,0.08604825360228574,-2.2966140510699996e-05,2.47598724684e-05,-0.0011673934144001974,8.113691889209945e-05,5.804918458220034e-05,0.0008955927398540987,-0.0002488086697251049,0.00010947476643860012,-0.00044749722184511675,0.0013722808977769951,0.0,6.297665106499983e-05,-0.0006029882231733015,0.005061674705438696,0.05233352918067746,0.045776818578632916,0.0,-0.0008901145002485015,0.0021606522597783923,0.0006689280856827934,-3.652261371870063e-05,-0.0003575470261614061,1.914647607199893e-05,0.0012273100205675014,8.718285907530036e-05,-0.0004274973549657996,-9.733538931569995e-05,8.794046782390017e-05,-0.00022371432231229997,0.0,0.0,1.032580008989998e-05,9.553597982649977e-05,0.0,0.0,0.0,0.0,0.0,0.0,0.0,0.0,0.0,0.0,0.002000523109508698,0.0,-3.133059004009999e-05,-8.533166839630002e-05,-3.6017050568799966e-05,0.0,0.0,-6.582519477309982e-05,0.0,0.0,0.0,0.0,0.0,3.8491034908699935e-05,0.0,0.0016077751385008,0.0,0.0,0.0,0.0003920727390354997,3.230757229630006e-05,0.0,0.0,0.0,0.0,0.0,0.0,-0.0004287715402240006
0.0,-0.041010907515582895,-0.0029693825793822015,0.0,-6.415255720190001e-05,-2.34830850085e-05,-0.0005632317032977993,-3.14116262879003e-05,-0.0230781632796917,-0.00012815140049620007,-0.0025052984756200047,-7.99345964629e-05,0.010069066309027486,-8.70097732199003e-05,-0.0006167899867687999,-0.0002496017893300062,0.00426999949324719,0.00041884758319500094,-0.0005800036569701961,0.0,-0.0015007462315934986,-0.06205953293716249,-0.0012581803494274846,-0.0021166833795381867,0.009609472856673018,-0.0020180536444698305,-0.28847951993519416,-0.0006022111110528007,-0.00023033262863729996,-0.00024031679115620042,0.0012734978562174981,-0.0008622796399349007,7.266230948120003e-05,-0.0016259090031779944,-2.4486667551100114e-05,-0.029681578385891805,-0.023655468821256076,-0.0018418591960600028,-0.0011030819388866964,-0.0008722151491631002,-5.93699991959999e-05,0.0032729953564640812,-0.0049977660323841655,-0.000542141040684091,-0.004825229859323904,-0.002884456539068103,0.0,0.00012057594384770002,-0.0008225205704271987,0.0,0.01640403532067053,-0.012788131795829494,0.0,0.0,0.0,0.0002109897126049004,0.0,0.0002756207989699985,0.0,0.00017585539989860288,0.0,0.008131968612138107,2.4167253835900013e-05,-1.8127595736199952e-05,0.00047062091385429924,-0.011391844744171986,-0.0010794500946681995,-0.004183203113727302,0.0,0.00017400322353689998,0.0035032355543630905,0.00014021739026770508,0.0006270969011810991,0.0011560929976918155,-0.018798759809816212,0.02291091838197401,2.2628997652100052e-05,-7.6063413682997925e-06,0.0001247201212660001,0.0011924018365798011,0.00041452196133339933,0.0,-0.0010727101814016066,-8.599830521680008e-05,-0.000667338127163894
0.00010527391884499956,-0.0029693825793822015,-0.3832745836785474,-0.00010090613605510002,0.0,-0.0005213188254265984,-0.08556564433102198,-0.003976846043384719,6.471439625399533e-06,-0.0010582816945579054,-0.00038058012737310007,0.0,5.8843986418800204e-05,0.0010240428153048264,0.0,-0.0019652503281179998,0.02421754632971318,-0.0004050926460917991,-0.0010298746783810042,0.0,-0.04153962022179125,-0.0002731239599371993,-0.2098547047893824,-0.0033135635267766,0.00044879039792030014,-0.1402327172108393,-0.5691079936888102,-0.02099460897971428,-0.0015120132402344014,-0.0206408327675649,6.808746764419994e-05,6.697227955220018e-05,-0.0005659161505753001,-0.00037048989226967644,-0.0004295214737911005,-0.06049413081942734,-0.01635114220206557,-0.004598988089249301,-0.0038439327579313787,-0.0009693441891230996,-0.0003318054533027002,5.353510021739998e-05,-0.025695950528701106,-0.002952307653179609,-0.013898498927568115,-0.010027110731391994,-5.927973695999994e-06,0.0,0.0,0.0,0.0002762727031220824,-0.023540313237734645,0.0,0.0,0.0,0.0,0.0,-0.0005602622360549002,0.0,-5.905416022289984e-05,0.0,3.31361764732e-05,0.0,0.0,-0.0008110331894535007,-0.02247551704893691,1.1981431352000064e-06,-0.006657257108535,0.0,-1.6392137330599964e-05,0.00038831575086420433,-0.007063718854543183,-0.00011307605619460034,-4.606960631400002e-05,-0.012479401933227274,0.022988706858396046,0.0,3.100147720860001e-05,6.359148041100004e-05,0.0,0.0,-8.148939897100003e-05,-0.0012655620603143,0.0,0.0018460605299232824
0.00015863456639390004,0.0,-0.00010090613605510002,0.4428620866608668,0.0007170730663142999,0.0019553221523677944,0.010300156217855905,0.005211794341434484,0.020159278176622775,0.08760350010130491,-0.0004066433613029996,0.07354863945987411,0.0006693121996002027,0.000759122020946898,0.0044002807171650005,9.385721788099984e-06,0.0,0.0,0.0,-0.09238457720458904,2.808611736630014e-05,1.0978111657500007e-05,-0.00011384799019610006,0.054072437461949896,0.0,0.0,0.0,0.2913570922307809,0.004078090281695479,-4.385235942169991e-05,0.0,-0.00043624234367070115,0.0006952328118368014,0.004101796130959998,-0.0003851138728192,0.009899128999718676,1.0626183561002894e-06,0.002754539649704707,5.9214944760100155e-05,0.018779549776936133,2.8802012029399693e-05,0.00014105619297330018,-5.0380153803902816e-05,9.93760938926e-05,-0.00016673522098860014,-0.0001897288817561001,-0.0012746571503179926,-3.764006230920014e-05,0.0,-4.019718568639991e-05,0.0,0.0,-0.0013711724780386021,3.957029158600193e-06,-0.0004070480825571002,-0.0025878232618240238,-0.0004887898294028007,0.006804960048058417,-0.000821962779244699,0.00033419736314250006,-0.017722598898381403,0.0,-3.824821529869928e-05,-0.00013591482023520007,0.0,0.0,0.0,0.0,-0.00077881275149419,0.0,0.0001491737487381,0.0,-0.024179430537582203,0.0,0.0,0.0,-0.00476029930946148,0.00012032713128789976,2.523084473219999e-05,0.0,-3.7183415298600074e-05,4.875054456159999e-05,-4.074448920650007e-05,0.0,-0.0006412687425745023
0.0,-6.415255720190001e-05,0.0,0.0007170730663142999,-0.08398444457395948,-0.030258964162011792,-0.00021597216703140437,-0.0007400532429446029,-0.014846460876037415,0.0002629060460880017,-0.00034000437387619875,-0.0024581092916410863,-0.0012468483251657017,6.32528787421014e-05,-0.06549194639878775,0.0,5.361345540880007e-05,-8.555635144739997e-05,-1.8852032981999702e-06,0.00251489558031609,-7.90545265146993e-05,-0.00019695164804660022,0.00015858838388090003,-0.007064845713115886,0.0,1.617775794769997e-05,-3.706744646130001e-05,-0.00038465369049370257,3.67971197369997e-05,-0.0007935746224609994,0.0,-0.07445186470768173,-0.0002219392000411,-0.0202631946791752,0.0008879780398978014,-0.0034682139380280974,-0.0002598294154383999,-0.0012114073469050024,3.223902136080016e-05,-0.014104496289492285,-0.02480696907711366,-0.0003618204857024996,-8.83468581669997e-05,0.0,-8.903220981360004e-05,0.00011418262284969998,-0.0050494657785551955,0.0,-9.920030069579999e-05,0.0,0.0,0.0,0.0,-0.00011479048670570008,-0.00011201015223000037,0.0,0.0,-0.0022854895064155986,-3.7795616157699976e-05,-0.00048184294908619994,-0.0013410297800353008,0.0,0.0,-0.0002445197152544003,0.0,0.0,0.0,0.0,-0.00010922561217550008,0.0,2.5322053223900045e-05,0.0,-0.0033714835869452023,0.0,0.0,0.0,-0.00011266288435549999,2.4800088316299972e-05,0.0,0.0,-5.139740447790002e-05,0.0,0.0,0.0003724634127239999,-0.00026886546962839875
0.00014831110565730055,-2.34830850085e-05,-0.0005213188254265984,0.0019553221523677944,-0.030258964162011792,-0.9749637181867179,0.0053249929902550175,-0.29184431680943224,-0.00011260325713280395,-0.14317030960925958,0.0012968110489817997,-0.1695721310535303,-0.0012779940274450924,-0.004249596087930629,-0.04570132084159595,0.0,-0.00015105261738309998,4.21831388833999e-05,0.0,0.004790725818326014,-0.0007664660787604013,-0.00014028302358290012,-0.0011787545228681001,0.00047321703083291755,-3.841806811529999e-05,-0.00039624469955929983,0.00018085432179479994,0.0028947242627408443,0.0035903194640533043,-0.00012862782687009244,-5.284739607520005e-05,-0.20097606142121727,0.0005701497096869991,0.0038265622058185067,-0.06038211040295938,-0.0281549462906594,0.0003031702844727008,-0.0012757552532458027,8.839344809540017e-05,0.0119392234784923,-0.0055186359516935235,-0.0011933704865330005,-0.000143141450401299,2.050587687179987e-05,-0.00023670490859839868,0.00040483052024630276,-0.0012869036908468023,-0.0004871071772968999,-5.5907992955299586e-05,0.0,0.0,0.0,0.0,0.00015567854386099988,-8.618064334580018e-05,-0.00020182762247319963,0.0,-0.0006140610260673973,0.0,0.00046690418095830105,-0.0005091364988294989,-4.00802443089e-05,0.0,-0.00033894728848479945,0.0,0.0,0.0,0.0,-0.0001707102289968997,0.0,-0.0001588983876133999,0.0,-0.0047471519470771995,0.0,0.0,0.0,0.00035205105741229967,0.0,0.0,0.0,0.0,0.0,0.0,-0.0015585655155780087,-0.0008036049149234004
0.06967598249312301,-0.0005632317032977993,-0.08556564433102198,0.010300156217855905,-0.00021597216703140437,0.0053249929902550175,-0.10054312330093751,0.03730623522101828,0.012081484070398774,0.2300870545834286,0.0021678089327683975,0.011738467056385371,-0.000161859548837906,0.3073857363592847,0.0008247832638564878,-0.0020975586410509964,-0.007146055427950215,0.0,-0.0007860728948670005,0.00266936449455471,-0.067958820563637,-0.0002983465643633977,-0.07077499803151754,0.019612366103847423,0.0,-0.013864503209628398,-0.017771385742345602,0.49613000724126977,0.060308466406227446,-0.22832253579880124,0.0,-0.0017199621353221964,0.00812412211907379,0.014374994706544353,-0.0013727869997667008,-0.02184550013549269,-0.008175843813109374,-0.002249020855529471,-0.0050986553066965645,0.002356440592139797,-0.00044330245919829703,3.108183004990085e-05,-0.004115148305031624,-0.00020973403189379993,-0.0009655629531612059,7.091654740750005e-05,-0.004661223914455115,0.0,-0.00014595850483760007,0.0,-0.000305145526585799,0.0,0.0,0.0,5.39402814567e-05,-0.0005297642849186879,0.0,0.01770344958354697,0.0,-0.00022789992468250087,-6.506522038639967e-05,0.0,0.0,-3.0190983305799883e-05,0.0001231009734011003,0.0,0.0,0.0,-1.4384236269000014e-05,-0.00017826523601810018,-0.00022304082514130324,0.0,0.02741654301458718,0.0,0.0,8.674463775700002e-05,0.007086027097951586,0.00014900247653869964,0.00011470548144270004,0.0,0.0,-0.00017220084385760007,0.00029602249576780003,0.0,-0.003531941468915084
0.0019742185410638047,-3.14116262879003e-05,-0.003976846043384719,0.005211794341434484,-0.0007400532429446029,-0.29184431680943224,0.03730623522101828,-0.9465221499993106,0.006755571096626223,0.016158845012687273,-0.0027630398474343676,-0.007909657744068266,-0.005067134164506215,-0.15708545128719642,0.0006335832574689976,-1.5674902139200067e-05,-0.0002602149618813887,8.589070810999938e-05,-0.00045322855844399934,0.031129357493838716,-0.003929514474275808,1.2185454496299597e-05,-0.0033115126762410796,-8.636720019561395e-05,-0.00020857379153830027,-0.0014479487373400025,-0.0006368724407031998,0.01947308783248336,-0.024178281547148517,-0.011440683973880983,3.715221516040028e-05,-0.13380371467553598,7.972314784279733e-05,-0.003959122130648418,-0.001461243202984297,-0.021767741768382365,-0.0013849245369491892,0.0005745404654513009,0.0008190447120610955,-0.007043735862547196,-0.004073764975252608,-0.0007670138422658998,-6.246580465680066e-05,-0.00010450734695649977,-0.0020179714516875974,-0.00036977423417039815,-0.000885591768162497,-0.00016068150048439978,2.2282497380499838e-05,0.0,4.8257703286999935e-06,0.0,0.0,0.0,-6.246856456790001e-05,-0.0002893541299117987,0.0,0.007967356695927241,0.0,-0.0002879596650981024,-0.0005188824021629991,-0.0001132650969646997,0.0,-0.00013868253797429987,-3.6397708026000212e-06,0.0,0.0,0.0,0.0,0.0,0.00018764212609070213,0.0,0.007050641396770585,-6.552520557530014e-05,0.0,0.0,0.0015296162951460024,-9.453273898700005e-06,0.0,0.0,-0.00013883330797679998,0.0,0.0,-0.0003233693249386001,-0.002396287847379497
0.0013920439248536996,-0.0230781632796917,6.471439625399533e-06,0.020159278176622775,-0.014846460876037415,-0.00011260325713280395,0.012081484070398774,0.006755571096626223,0.023188144476650407,0.018813012621744896,-0.0028068365486483005,0.0271273704605397,-0.005710841538273614,0.007441919859664303,-0.029170821766658528,-0.0004961979565819008,0.004824902612717799,-2.9120479488999387e-06,-0.00037019508119089974,0.014389589208613773,0.00019569494222580058,0.004972646293785576,0.0006628095072667012,0.032671054051437665,-0.02024677055315649,-0.00022820226637580016,-0.08041095737420445,0.016653913942231702,0.008091606370623172,0.0027468631934510768,-0.0005540904439240019,-0.002716228784423201,0.0005526529113539999,0.004483965060317896,-0.00025631859819789937,0.008520286623504125,-0.0001751284524485891,0.0015732973692255958,0.0006504324886530966,-0.001710566753843512,-0.00022604309589920046,-0.0068934587144819925,-0.001858625459056129,0.0003742085702459,0.002175603329224285,0.0004681817569641006,-4.557600277871332e-05,-0.0006611419952450986,-0.0005470989187590998,-0.00025162288539570116,0.000596126085270994,0.0002537861825967001,-0.005368103078147002,-0.00015486565803510006,-0.0006948444397707025,-0.0022980320408402255,-0.0015566197388019037,-0.030614449600272042,-0.0033344470252034963,-0.0004804219234133024,-0.004814870427745893,-0.000903741351190401,0.0012773571582367083,-0.0010592533672705,0.0022860211178699005,0.0001409214041704996,0.0,0.0,-0.005916615938807185,0.0008071575382459992,0.0006142520513451877,0.00039555064762140067,-0.023972326832426782,-0.0005164788875539998,-0.00016937343318339996,0.003151109755928902,-0.010299939827680626,0.0013100948298274129,0.0027205165955020982,0.0,0.0001423561899717,0.0008610122361727007,-0.000407894599871797,0.00038710581896589727,-0.0021626821087047943
0.0045209788330790035,-0.00012815140049620007,-0.0010582816945579054,0.08760350010130491,0.0002629060460880017,-0.14317030960925958,0.2300870545834286,0.016158845012687273,0.018813012621744896,0.997599147167648,0.00350904690210041,-0.09012636241481253,0.002917365811418396,0.08295457779417825,-4.4821561357183404e-05,-6.37912191223998e-05,0.0013757837901298992,0.0,8.391218038820004e-05,0.004748778704448675,0.005742906685232918,-7.306720158699982e-06,0.005266268153140907,0.0166150706375206,-2.865902234780004e-05,-0.0003845675681238992,0.0003315077246036982,0.18320376464534327,0.06596501306703129,0.005010161424120391,0.0,-0.001890736197120907,0.004172631392413209,0.04740920049339281,-0.0011855436676923986,0.05764519227328302,0.001708415468828904,0.021383403562015513,0.0015988812328767005,0.017748310664197908,0.002725814849474706,0.0004520112010704021,0.0003110458223157999,-2.2101052937200045e-05,0.0,0.0,0.0008583514321338914,0.0,0.0,0.0,-5.8613100138900105e-05,0.0,0.0,0.0,-0.00018488034873160013,-5.93170614720999e-05,0.0,0.01364467459248786,0.0,0.0002530980184691986,-0.0012049722855369954,0.0,0.0,-0.00047821179972020074,0.0,0.0,0.0,0.0,0.0,0.0,-0.00017079781017690027,0.0,-0.012505467703647577,0.0,0.0,0.0,1.815623309969934e-05,0.0,0.0,0.0,0.0,0.0,0.0,0.0,-0.00010914159259511891
-0.00023271888723049722,-0.0025052984756200047,-0.00038058012737310007,-0.0004066433613029996,-0.00034000437387619875,0.0012968110489817997,0.0021678089327683975,-0.0027630398474343676,-0.0028068365486483005,0.00350904690210041,-0.31708426450393645,0.0005079673741885948,-0.14817932319944305,-0.004826274761680849,-0.0004032358698783014,-9.054006754800046e-06,0.012406683229562399,0.06636802806517039,0.03833879357127401,0.001394216526897904,0.00036252477559640256,-0.007771019312098101,0.002303343568673899,0.0005118687977090988,-0.008316821282903702,0.006373397081146148,-0.002464638873394709,0.0003769328390982006,-0.0026097671969607106,0.0009196686406316018,0.0001501549234301791,-0.023580932610968497,0.0012409421153403016,0.08046734910072573,0.00011052689713230042,-0.003963279161369515,-0.014319729667741976,0.02275659226028015,-0.0007499768582698851,-0.0006109495679680055,-0.0010036493456701961,-0.011722786213867131,0.00020235368782000034,0.0030485134765808886,0.002056384683387008,-0.0003007903868173997,0.00021462387158819977,0.00027671536658300014,0.0015262644093594069,0.0,-0.0046502401909783025,-2.1646797849500066e-05,0.0,2.2679845729099983e-05,0.0,0.0,7.050784399590011e-05,4.688656629430084e-05,0.0,0.004112249084098463,0.0,0.04019694535072671,2.9928318620500022e-05,0.0,0.0,6.291485534059985e-05,-0.002572325243703405,-0.0005756068556861012,0.0,0.0,-0.0016583278918900005,0.0,0.0,0.0003393407335305354,-0.01669508354974769,0.002838323822785205,0.0,0.0008630047737289981,0.0,0.0068369273364563,0.0005289279398485031,0.0,0.0046352886746895,0.0,-0.0013562086604314988
0.00036164947635169975,-7.99345964629e-05,0.0,0.07354863945987411,-0.0024581092916410863,-0.1695721310535303,0.011738467056385371,-0.007909657744068266,0.0271273704605397,-0.09012636241481253,0.0005079673741885948,-0.6835874685979277,0.00804717910856978,0.006486045876813562,-0.019668907640977507,0.0,0.0,-8.510593394999897e-06,-4.7139807854999554e-06,0.10050789245705527,-4.8681993626000127e-05,0.0001427184743064999,-0.000137950372978,0.08051584612773821,-8.4662639653e-06,0.0,0.0,0.03883257399026796,0.025039243868358096,0.00037234598507659977,0.0,-0.012941214800975487,0.0008187668284373,0.027739063509140127,-0.06165526166690549,0.04987682840310992,-1.660049747879977e-05,-0.00048466113377010345,0.000934593740628098,0.04840803731630494,0.0034221761232617887,-0.0006614838168102002,0.0009462639197159034,7.907218994589985e-05,-0.0010244416618906994,0.0004390293676453001,-0.005785352843646563,0.00011896838760959991,-7.983209862030003e-05,0.0,0.0,0.0,-0.0010029205188525903,-0.00027561690880949924,-0.0012097953090969976,0.00045426660044860234,-4.61281295724e-05,0.0011529243437178316,-0.0015275527490186125,0.0008492445533673024,-0.0024063934854153812,-7.859622355729996e-05,2.1215147748199952e-05,-0.0007253347682948941,0.0,0.0,0.0,0.0,-0.0004525923463576942,-1.2789323052300001e-05,-2.3138437820100074e-05,0.0,-0.02433139102116122,0.0,0.0,0.0,0.003923588406232914,2.771697268099966e-05,0.00012919433148620004,0.0,0.0,0.0,7.129407696560008e-05,-0.01559538347454037,-0.0008298647070955623
0.0002916789476261998,0.010069066309027486,5.8843986418800204e-05,0.0006693121996002027,-0.0012468483251657017,-0.0012779940274450924,-0.000161859548837906,-0.005067134164506215,-0.005710841538273614,0.002917365811418396,-0.14817932319944305,0.00804717910856978,-0.01643001525783916,-0.004271610952788399,-0.0005821884814777023,-2.3733382663300093e-05,0.0009316878170533994,1.3611684573200389e-05,0.00024284045389650483,0.0019912799962713,0.0006254407310793964,-0.01693533754635529,0.0008718366733498073,-0.0024523762465255006,0.024122269505546967,0.00032037911893470494,-0.05605602925263087,0.005552151786799131,-0.010478407128620915,0.000517645869978399,-0.044845385107104896,-0.034883892734857924,-0.00023352148253049862,-0.02653175297432142,0.0005550474759657004,-0.015761166749607813,-0.01474619615647188,0.0035217443989674635,-0.0017919182229719222,0.016216990321064717,-0.000571042632936003,-0.006848950416184163,-0.007821403579484021,0.0020980329514931895,0.0058418584887870995,0.003905073489824898,-0.04603754256012427,0.0002396423740146994,0.000932692516703304,-0.00011682943019639992,-0.006849084363868274,2.04613765904995e-05,0.0007770080850315018,-0.0006395752479608011,-0.0006379498968671002,-0.00015892678841319952,-0.0008014148071568,0.00029460441400010196,0.0021244878693823036,0.011192160705248977,0.0004025338667680012,0.10834011013063982,5.3720855379198185e-05,-0.0013430682766832,-0.0009763309961541983,-6.278293158840011e-05,-0.0011881093467941972,-5.490242590500127e-05,0.002857504784604989,-0.0005355275576322989,-0.001983966665468802,-0.0031366190790875006,0.0009321157347034759,0.010546348925526972,-0.011818487906643527,0.027540130652318195,0.006100357995047712,0.0005413266303361947,-0.0006345217849634995,0.021881888564957874,0.0011568381211285034,-0.00022348493426989965,0.003127347315344281,8.331748525110087e-05,0.0017347440879280085
0.08604825360228574,-8.70097732199003e-05,0.0010240428153048264,0.000759122020946898,6.32528787421014e-05,-0.004249596087930629,0.3073857363592847,-0.15708545128719642,0.007441919859664303,0.08295457779417825,-0.004826274761680849,0.006486045876813562,-0.004271610952788399,0.11682888976634587,0.0006907950455861019,5.063829749190002e-05,-0.005408551586597921,-0.0005337629230233037,-0.0016437967363517048,0.0162519605242,0.00113047321576909,1.797343498560061e-05,0.022493212797435103,0.006258507684483439,-8.910999988019988e-05,-0.0007441145178894992,-0.00032075804159089477,0.017161010932444154,-0.06287529597029717,0.04841358126808171,0.00019480128300070065,-0.07541225834729126,-0.001125054669098402,-0.006284351847177683,-0.0008339644499444979,-0.00448585186699213,-0.0008501264369715905,0.000499066371650092,0.0017152321996222047,-0.003057088678181108,-0.0025079080635935017,-0.0025753823184112984,-0.0002611231303535008,-1.1694492590599956e-05,-0.0003620654081018977,-0.00048114504641500085,-1.944607099669919e-05,0.00012471418088589995,9.75602826458e-05,0.0,-0.00027266973113460003,0.0,0.0,0.0,0.0,-9.322506680719991e-05,0.0,0.008558113452938998,0.0,-0.0003571891445418992,-2.4331691969699904e-05,-0.00019791785350700003,0.0,0.0,0.00018652883050930026,0.0,0.0,0.0,0.0,0.0,-0.0001571141444930979,0.0,0.004625234857270594,-6.411649436320003e-05,0.0,0.0,0.0002217692946548007,0.0,0.0,0.0,-5.056977284119998e-05,0.0,-0.00012598166350259997,-0.00017754513577610003,-0.0016877788115965964
-2.2966140510699996e-05,-0.0006167899867687999,0.0,0.0044002807171650005,-0.06549194639878775,-0.04570132084159595,0.0008247832638564878,0.0006335832574689976,-0.029170821766658528,-4.4821561357183404e-05,-0.0004032358698783014,-0.019668907640977507,-0.0005821884814777023,0.0006907950455861019,-0.03366469875867639,0.0,0.0,0.0,0.0,0.002575297260578896,-9.382806796259975e-05,-0.001318542208115097,-7.094057177679997e-05,0.0009049822072350056,-3.185544628300004e-05,0.0,-0.00018910942627340006,0.0034029260585252685,-8.056626126669991e-05,-9.713187872570014e-05,0.0,-0.0371252199044092,-0.00047161787261019994,-0.0013101993647471055,-0.019976579130224215,-0.001998620991897987,0.00020488820621080003,-0.0006822749502112951,9.747674933549989e-05,0.006004315558387541,-0.0016871483296118026,-0.00010781722952409988,-0.0006371613376866016,3.2450561978e-05,-0.0005654860249963995,1.7854574812899843e-05,-0.0076754054896349955,-3.33393322175e-05,0.0,0.0,1.8981144252600045e-05,0.0,-0.0003430109290677996,-0.0007059119594063998,-0.0006393496580818,-0.0006127292900909992,2.650342661330001e-05,-0.005924608694018688,-0.0008521662215780004,-0.0005141372212393008,-0.005186110634712596,0.0,0.0,-0.0008739246775464008,2.3258270532999933e-05,0.0,0.0,0.0,-0.0006248717425434008,-4.94988747518e-05,-7.918374292540005e-05,0.0,-0.0062151444470262,0.0,0.0,0.0,-0.0012610992971544,-0.00014300271886840007,-7.727556665270015e-05,0.0,0.0,0.0,7.04023365361e-05,-0.004051751648062318,0.0014290428072373934
2.47598724684e-05,-0.0002496017893300062,-0.0019652503281179998,9.385721788099984e-06,0.0,0.0,-0.0020975586410509964,-1.5674902139200067e-05,-0.0004961979565819008,-6.37912191223998e-05,-9.054006754800046e-06,0.0,-2.3733382663300093e-05,5.063829749190002e-05,0.0,-0.34139818632584706,0.000251231858557896,0.0,-0.00015861207968939986,-1.3486187471100004e-05,-0.164112637303218,-0.1065846000507964,-0.1297955768254644,-0.06433878882943356,-0.0014775790249854995,-6.974747533630005e-05,-0.10672762912024014,-0.02552019109486059,9.00661119513993e-05,-0.000973079925978601,0.0,-4.376003382299985e-05,-9.3948400088e-05,0.0005863320412018008,-7.856993868800288e-06,-0.030298625872370977,-0.012458004053077287,0.003907380854387799,0.0043170304554635,0.00035419677003659805,-3.0482088218200185e-05,0.0,-0.04544630034788266,-0.015102457773736422,-0.0065329656803223835,-0.010139747015460887,-0.00015324693072809974,0.0,0.0,-0.00023684358756169985,-0.0005155396635105058,-0.004935070037996397,0.0,0.0,0.0,4.345464308489963e-05,-9.261525787099994e-06,-0.00022404306715559895,0.0,6.845920138889996e-05,0.0,-1.639826170489998e-05,-1.7993726903699995e-05,0.0,0.04047249729647362,-0.0005834129357657983,0.0,0.0,0.0,-0.010165791744842556,0.02463195504269655,-0.13898416875409758,0.004321421316367424,0.0,-0.0006412184859071,-0.035210768881737575,-0.0024633632161836228,-0.00028126061165879845,0.0006169142879090955,0.0,0.0,-0.00029299826400250046,0.00013695439990450003,-4.663640006379987e-05,-0.0015785472327549122
-0.0011673934144001974,0.00426999949324719,0.02421754632971318,0.0,5.361345540880007e-05,-0.00015105261738309998,-0.007146055427950215,-0.0002602149618813887,0.004824902612717799,0.0013757837901298992,0.012406683229562399,0.0,0.0009316878170533994,-0.005408551586597921,0.0,0.000251231858557896,0.3007279734773647,0.012418509093923003,0.3065403892341507,0.0,-0.03248037795503955,0.0051905547881865854,0.29893390494188665,-1.7101316209897077e-05,0.0015689862697534987,0.11769188016225973,0.06984781692593955,-0.007216322397416403,-0.0006927515465915413,-0.015618973473245923,0.0019495331336262973,0.0003125927393635014,0.004570716558425725,0.20155596127925168,0.00046156283294489925,0.024495654597163963,0.02656693095933549,0.07950072207039982,0.014120801673616068,0.0006423161157073018,-0.000546761946752199,-0.00011902256072239981,-0.001923980930098712,0.004734147692659896,-0.006040157407167207,-0.0035138681908589986,0.0,-3.25524158412e-05,-3.2258629872199986e-05,0.0,0.01060677719293357,-6.77947199275164e-05,0.0,0.0,0.0,0.0,0.0,0.00015668351950160007,0.0,2.2965549101199983e-05,0.0,0.00014308919608389987,0.0,0.0,-0.00011204755559699993,-0.003394961638401195,-0.00018777811085489947,-0.0040414786279869,0.0,0.0,0.002712037885652094,-0.0004252007014875006,0.0,0.0013689454531753999,0.006642348331439729,0.0819698327226619,0.0,0.0,0.0,5.031770095769995e-05,0.0,0.0,-0.0008194499458700003,0.00010559183432270005,0.010179592877602589
8.113691889209945e-05,0.00041884758319500094,-0.0004050926460917991,0.0,-8.555635144739997e-05,4.21831388833999e-05,0.0,8.589070810999938e-05,-2.9120479488999387e-06,0.0,0.06636802806517039,-8.510593394999897e-06,1.3611684573200389e-05,-0.0005337629230233037,0.0,0.0,0.012418509093923003,0.014918275524812508,-0.009751817560159193,0.0,-7.884039683799969e-05,-0.00046408683738860014,0.0006167851634956006,0.0,-0.0004178085949353011,0.059313256421944516,0.0076291836807935165,0.0,0.0019382305878437867,-0.00014258933675029978,0.008618059563870795,-0.0005368243347344016,0.0004920389282131992,0.01719674756290024,-2.529529522829997e-05,-0.008930266914500051,0.0031562788854853085,0.006987652089538887,-0.001300902078397198,0.0003546897427347019,-0.00027923545458129976,0.0009784700455642004,8.062891124940006e-05,0.0021519030260669925,9.927240008859861e-05,-0.00014061546145019985,0.0,0.0,0.00021641117689570003,0.0,-0.00036273590879820107,0.0,0.0,0.0,0.0,0.0,0.0,0.0,0.0,-9.568684182609949e-05,0.0,0.005030804205727296,0.0,0.0,0.0,-0.00014407620601729993,-0.0012559263957171996,-0.0005486226788382993,0.0,0.0,7.012872420320004e-05,0.0,0.0,0.0012494912292093999,-0.011293083453340513,0.004505476215106552,0.0,0.0,0.0,-0.0011745997000782993,0.0,0.0,-0.00010127953888910003,0.0,-0.00023643142769000022
5.804918458220034e-05,-0.0005800036569701961,-0.0010298746783810042,0.0,-1.8852032981999702e-06,0.0,-0.0007860728948670005,-0.00045322855844399934,-0.00037019508119089974,8.391218038820004e-05,0.03833879357127401,-4.7139807854999554e-06,0.00024284045389650483,-0.0016437967363517048,0.0,-0.00015861207968939986,0.3065403892341507,-0.009751817560159193,0.0925394301144582,0.0,-0.0027760429058904107,4.688728912819948e-05,0.0020139567535287783,-0.0001894887694875,0.001545114352693902,0.18872754358628985,0.03512879892967069,-0.0002226323057237002,0.0017178579922167009,-0.0028989477810343056,0.006648204192602092,-0.00032120650086520097,0.0009692382348205006,0.11118557201673296,8.1270866579e-05,-0.03178448346107965,8.76268499212518e-05,0.022241779110518944,-0.006700056272724519,8.494259978100022e-05,0.00020072996638809994,1.36811029092989e-05,0.0002574698622711015,0.00508891535688559,-0.00015534364835829984,3.496547185719706e-05,0.0,0.0,-5.775906535240025e-05,0.0,0.002487121714038504,3.8566406767500186e-05,0.0,0.0,0.0,0.0,0.0,0.0,0.0,-0.0002654607118299998,0.0,0.0017191857066082006,0.0,0.0,0.0,-0.0006659356454652016,-0.0006233213558930958,-0.00021286064321970194,0.0,0.0,0.00018764752763100008,0.0,0.0,0.0014428564384505044,-0.0005321365336781181,0.025174830193453124,0.0,0.0,0.0,0.0008520110357175953,0.0,0.0,2.0484244425599853e-05,-1.5123051336899925e-05,-0.0021138289480188976
0.0008955927398540987,0.0,0.0,-0.09238457720458904,0.00251489558031609,0.004790725818326014,0.00266936449455471,0.031129357493838716,0.014389589208613773,0.004748778704448675,0.001394216526897904,0.10050789245705527,0.0019912799962713,0.0162519605242,0.002575297260578896,-1.3486187471100004e-05,0.0,0.0,0.0,-0.05311853216314599,4.538129761969998e-05,0.0,8.85417604627e-05,0.027509513433589983,0.0,0.0,0.0,-0.044424949891614496,0.018715750567212086,0.0002548064034607004,0.0,0.0010000189717081984,0.0006401488889187009,0.03377999986837088,7.348536755089931e-05,0.048143423069217484,0.00042866027637789884,0.018486056818574792,0.0006419342491459992,0.03195071327662724,0.0021332383253400977,0.0001763368203971001,0.00023255041436939967,0.0,-4.6788878582699946e-05,0.0,0.0029910218991869852,0.0,-9.154995845849997e-05,0.0,0.0,0.0,-2.0725565798099997e-05,-6.583584014459992e-05,3.2693644436599875e-05,-0.00011413562550590534,0.0,0.005830361658404004,-4.910864960240005e-05,0.00028876768822330007,-0.0015357809509354003,0.0,0.0,-0.0005965459597513014,0.0,0.0,0.0,0.0,-0.0002434490405862997,0.0,0.0,0.0,-0.024097540977781717,0.0,0.0,0.0,-0.0006707649773933927,0.0,0.0,0.0,0.0,0.0,0.0,0.0,0.0025882824190393977
-0.0002488086697251049,-0.0015007462315934986,-0.04153962022179125,2.808611736630014e-05,-7.90545265146993e-05,-0.0007664660787604013,-0.067958820563637,-0.003929514474275808,0.00019569494222580058,0.005742906685232918,0.00036252477559640256,-4.8681993626000127e-05,0.0006254407310793964,0.00113047321576909,-9.382806796259975e-05,-0.164112637303218,-0.03248037795503955,-7.884039683799969e-05,-0.0027760429058904107,4.538129761969998e-05,0.04010770112716244,-0.005775085908518912,-0.2925569495730542,-0.015406326552290017,3.458317159550005e-05,-0.006111957507267798,-0.023735728771812625,0.07392220945239636,-0.005288093122967796,0.04462367279803736,3.35535013214e-05,-0.0018916484134627043,0.0003481092340498204,0.01637536542952489,-0.000654726726382171,-0.05148878834228299,-0.014873811411375781,0.056483603871976484,0.0042770873655979535,-0.0024832181351587823,-0.0007179080839988111,-0.00012314568396150014,-0.022540511011044373,-0.004686269437725793,-0.0027466901338806943,-0.0018376199199892015,-0.0005131822919871021,7.018706346759987e-05,0.0,0.0,-0.0010936230137413988,-0.00022349554021410022,0.0,0.0,0.0,-9.995819857799978e-06,0.0,-0.0006556780020378974,0.0,0.00010385060638869962,-0.00016455328781640006,0.0,0.0,0.0,0.006865742044078749,-1.853650942660001e-05,0.0,0.0,0.0,-0.0013505868660196874,-0.00033787405104218626,-0.013693259292672677,0.007103490199083906,0.0,0.0,0.0008430544012558994,0.0036006393763324818,0.001158143979652304,0.0014494920796454952,0.0,0.0,-0.0005141455798273013,-0.00011112201282729994,-5.11878877955999e-05,-0.00946509299472087
0.00010947476643860012,-0.06205953293716249,-0.0002731239599371993,1.0978111657500007e-05,-0.00019695164804660022,-0.00014028302358290012,-0.0002983465643633977,1.2185454496299597e-05,0.004972646293785576,-7.306720158699982e-06,-0.007771019312098101,0.0001427184743064999,-0.01693533754635529,1.797343498560061e-05,-0.001318542208115097,-0.1065846000507964,0.0051905547881865854,-0.00046408683738860014,4.688728912819948e-05,0.0,-0.005775085908518912,0.0537483137612913,-0.002230340935864883,-0.01253404905419142,-0.04621135446925151,-0.0011239199513495973,-0.20938286720156007,-0.010829240789232808,2.7258459444800404e-05,5.179669790669923e-05,-0.0016501737475890996,-0.00019750307829110008,6.0351844152899646e-05,-0.0010737354621025985,-6.664354785140044e-05,-0.005834358837698117,-0.007729119905221599,0.000396772118576999,-0.0013314472897257984,0.0002492408849510998,2.5008317040200057e-05,-0.010550735410000622,-0.01165898428365969,-0.003135765149440098,-0.005979154749684093,-0.0037573312675649034,-0.00032131167976429814,5.642133642599998e-05,-0.0016415925136114978,0.00010039231945669974,-0.0020018920780005833,-0.008601320269146812,-3.576750203259998e-05,0.0,0.0,0.0004223025713762027,-4.3644183267600115e-05,0.0013373023491983077,0.0,-0.0012664227320299988,0.0,-0.004649644102743197,0.00023603632669770037,0.0,0.02530749446921654,-0.008777019510644801,3.981106097700085e-06,-0.0017202643718762997,-8.573598223489995e-05,0.00584082771454858,0.041116311702233954,-0.006313405444824116,0.01242893270000639,-0.001507547533169,-0.0052183950500406945,-0.01052976058480004,0.009567486538881675,0.001051380825901796,0.0020095796658953016,0.00019196285896689994,0.0,0.0004697311973594978,-0.0007643077756844981,-6.291845636750013e-05,0.0014098274516686077
-0.00044749722184511675,-0.0012581803494274846,-0.2098547047893824,-0.00011384799019610006,0.00015858838388090003,-0.0011787545228681001,-0.07077499803151754,-0.0033115126762410796,0.0006628095072667012,0.005266268153140907,0.002303343568673899,-0.000137950372978,0.0008718366733498073,0.022493212797435103,-7.094057177679997e-05,-0.1297955768254644,0.29893390494188665,0.0006167851634956006,0.0020139567535287783,8.85417604627e-05,-0.2925569495730542,-0.002230340935864883,-0.027191825846017537,-0.015998578090319127,6.139026728810022e-05,-0.06767510376249541,-0.07319374800704814,-0.06650879262752873,-0.008615087165864566,-0.08010557950250163,5.305456026180003e-05,-0.0007851916946695903,-0.00035540967212510655,0.08101006120644705,0.00010869116195538764,-0.17743336041348456,-0.09585059011352204,0.12667729567360553,0.045812909857700035,-1.664765253150957e-05,0.0005810937692981993,-1.0290092096800277e-05,-0.05800669872052622,-0.020184667742531193,-0.019617495779819083,-0.016349221685049015,7.571266840520133e-05,-0.0001813607523452,-3.440941547610003e-05,0.0,0.0008889844743489028,-0.04093722727202076,0.0,0.0,0.0,-5.747507049679994e-05,0.0,0.0002561283614664067,0.0,-4.1886119875699955e-05,0.0,0.0,0.0,0.0,0.010129466464773529,-0.013239373888521394,0.0,-0.0005718050123877001,0.0,-0.002485152307165922,0.013784511956132839,-0.14395460270312377,0.00020526961278660716,5.082599773400002e-06,-0.0020409411406557,-0.04824892199965625,0.0007534386805166937,0.00018399029053359998,-0.00023421828123709916,0.0,0.0,-6.35843572117001e-05,-0.0006746084427802987,0.00032454772813790035,0.048946476304173814
0.0013722808977769951,-0.0021166833795381867,-0.0033135635267766,0.054072437461949896,-0.007064845713115886,0.00047321703083291755,0.019612366103847423,-8.636720019561395e-05,0.032671054051437665,0.0166150706375206,0.0005118687977090988,0.08051584612773821,-0.0024523762465255006,0.006258507684483439,0.0009049822072350056,-0.06433878882943356,-1.7101316209897077e-05,0.0,-0.0001894887694875,0.027509513433589983,-0.015406326552290017,-0.01253404905419142,-0.015998578090319127,-0.33030955773323,-0.004436788847921425,-0.0010696996309100988,-0.09693324846028739,-0.06661657593644854,0.008382858754267142,-0.005177967753478563,0.0,-0.002179492582851203,-0.00023485524244182265,0.009334614148023723,-0.007149257897404809,-0.0036083557592987425,-0.004043816404141504,-0.00407020365163846,-0.0029439635087109006,0.002361360987994221,-0.0024968463529135843,0.00047320032679940005,-0.0711537322514677,-0.0024013289959157955,-0.018023149094072988,-0.001200247317676706,-0.016811458816853975,-0.0005601687802069995,6.941544488499996e-06,-0.0010198281155857011,0.0013243110269354,-0.0001025515556455003,-0.004892619726575176,-0.0002680424772709012,-0.002458435973122494,-0.03768949511696151,-0.0020276399460846944,-0.026874491539585543,-0.006404608272173928,-0.0012214718096954028,-0.008142124204564893,0.0,-0.00019842879191269563,-0.0010739356082297008,0.00627179504006814,3.427283930199955e-06,0.0,0.0,-0.006866936336479279,-0.003296496630601109,-0.009580553929549707,-0.0031011423271212063,-0.052342558413918105,6.737417518299998e-05,2.6006800318500024e-05,-0.0007504587518966932,-0.052053004900159294,-0.0032433850058912195,0.0003439177832963991,0.0,2.3443867985399998e-05,0.00015343988794379315,-0.0010242287544606071,0.00031473776858120025,-0.01833181421704677
0.0,0.009609472856673018,0.00044879039792030014,0.0,0.0,-3.841806811529999e-05,0.0,-0.00020857379153830027,-0.02024677055315649,-2.865902234780004e-05,-0.008316821282903702,-8.4662639653e-06,0.024122269505546967,-8.910999988019988e-05,-3.185544628300004e-05,-0.0014775790249854995,0.0015689862697534987,-0.0004178085949353011,0.001545114352693902,0.0,3.458317159550005e-05,-0.04621135446925151,6.139026728810022e-05,-0.004436788847921425,-0.005738950418334721,0.004987592776525718,-0.08404739039287001,-0.00013877301048980002,-0.0008587188814453001,-1.32776958985e-05,0.0011226777547759803,-0.002216410823259199,0.0,-0.00023208995605308869,-5.947897625799986e-06,-0.002672045511656798,-0.0026040145170513063,0.0008781917761499086,0.0001519952716018992,-5.207003424839967e-05,-9.104089942119998e-05,0.01650012659462019,8.901128705869968e-05,0.0031696489332695005,0.0020507158784891996,0.0004431616380185001,-0.0003106358046607999,0.0,0.0017709434897682994,0.0,-0.005347191297201903,-0.00010997002592019994,0.0,-4.664888537599999e-05,0.0,0.0,-0.00011816031191460002,-0.0026531129024128033,0.0,0.005215914823044593,0.0,0.047388394075338236,0.00013113820260949975,0.0,0.0,0.00010196144721789967,-0.00031602246778639903,-0.0003602195269662989,0.0,0.0,-0.0012662616057896002,0.0,-0.00022057730217870004,0.016895600069863903,-0.003813312253598211,0.03450383540036572,0.0,0.0009526521414493991,9.501785250980003e-05,0.004600931040403114,0.0007220334677367005,0.0,0.001371537995412099,-7.701103574179991e-05,-2.2622781280799958e-05
6.297665106499983e-05,-0.0020180536444698305,-0.1402327172108393,0.0,1.617775794769997e-05,-0.00039624469955929983,-0.013864503209628398,-0.0014479487373400025,-0.00022820226637580016,-0.0003845675681238992,0.006373397081146148,0.0,0.00032037911893470494,-0.0007441145178894992,0.0,-6.974747533630005e-05,0.11769188016225973,0.059313256421944516,0.18872754358628985,0.0,-0.006111957507267798,-0.0011239199513495973,-0.06767510376249541,-0.0010696996309100988,0.004987592776525718,1.1680083332853428,-0.038952428335633726,-0.003802095120493898,0.0017782972335555064,-0.002972606865277602,0.015058046492882005,-0.00048813191915830084,-0.00010934049019069997,0.03402277852654367,-0.0002903423883765001,-0.0068804411599248105,0.04366330452333633,0.06665503251187843,0.010920525809364201,0.0001796681777017986,0.00036131508026179815,0.0006761748631999021,-0.0021223922425741004,0.03505450770749852,0.00722715381322564,-0.0009736804169293012,-9.06370324254e-05,0.0,-0.00017448432861719848,0.0,0.00795791722158018,-0.0012701754094833206,0.0,0.0,0.0,0.0,0.0,-4.16496874889997e-06,0.0,0.0021850944533329253,0.0,0.029017498951519616,2.0061189476099995e-05,0.0,0.0,-0.0059484496606465875,-0.006658980620467936,-0.009801065664127417,0.0,0.0,0.00019079912272389893,-0.00047147427837669967,0.0,0.014636766140021018,-0.022591341122323527,0.17326345407851296,0.0,0.0002062845372502,-1.6751609184500007e-05,0.00810917880366413,0.0002861246921825999,0.0,-0.0011769929767314058,0.0,0.00019350196940930153
-0.0006029882231733015,-0.28847951993519416,-0.5691079936888102,0.0,-3.706744646130001e-05,0.00018085432179479994,-0.017771385742345602,-0.0006368724407031998,-0.08041095737420445,0.0003315077246036982,-0.002464638873394709,0.0,-0.05605602925263087,-0.00032075804159089477,-0.00018910942627340006,-0.10672762912024014,0.06984781692593955,0.0076291836807935165,0.03512879892967069,0.0,-0.023735728771812625,-0.20938286720156007,-0.07319374800704814,-0.09693324846028739,-0.08404739039287001,-0.038952428335633726,-1.4246375335381174,-0.06078403619559003,-0.0015433977011109073,-0.012636399070629412,0.018176612467553088,-0.0002578909327130008,-0.0010416436622872997,0.00935072765261058,-0.0004112283885264051,-0.4097300542862641,-0.1234320231644892,0.01686829169542836,-0.021146600702861118,-0.002122275629757392,1.0921283772898083e-05,-0.0015357971292711964,-0.1528882929193971,-0.02546794503084593,-0.06371231853322068,-0.048779393242402436,-0.0005498192711661989,-4.8606529770099996e-05,-0.0015686509668359008,0.0,-0.010492968722039642,-0.1012178404053885,0.0,0.0,0.0,-5.815080188100027e-06,0.0,-0.0008774100116075018,0.0,0.0018287089160588799,0.0,0.03603020297783477,0.0,0.0,-0.005219371927156158,-0.13113096743676111,-0.009448961143293522,-0.04847856800184924,0.0,0.00021775078518999902,-0.0004633817983754618,-0.07385032388704982,-0.0007582176243533037,0.014109844931558757,-0.21933498539108953,-0.2029139536045328,3.166982254569975e-05,-0.00014470850165790002,-0.00030096700798750006,0.008596587586674698,9.706738880220023e-05,5.2598281239299915e-05,-0.009433447722240793,0.0002651726296774002,0.0056754173429018895
0.005061674705438696,-0.0006022111110528007,-0.02099460897971428,0.2913570922307809,-0.00038465369049370257,0.0028947242627408443,0.49613000724126977,0.01947308783248336,0.016653913942231702,0.18320376464534327,0.0003769328390982006,0.03883257399026796,0.005552151786799131,0.017161010932444154,0.0034029260585252685,-0.02552019109486059,-0.007216322397416403,0.0,-0.0002226323057237002,-0.044424949891614496,0.07392220945239636,-0.010829240789232808,-0.06650879262752873,-0.06661657593644854,-0.00013877301048980002,-0.003802095120493898,-0.06078403619559003,-0.9449361728884469,0.05180698760456037,-0.10261694105501862,0.0,-0.00025934637842039976,0.009174546136358819,0.0368572582005382,-0.0013912659190475907,-0.006809139959755406,-0.007733908850450666,0.007251477120325145,-0.0033912401085169908,0.020480677174719464,-0.00014805310653590031,-0.00012336269183119836,-0.0363496627966573,-0.0031935421673576977,-0.004443192709151167,-0.0007260531468780002,-0.008971372557791568,-0.00021199978750990021,9.190243853759994e-05,-0.0006694483289313999,-0.0002731855322405004,-4.664883280629999e-05,0.00016505135977890007,4.046728898940031e-05,-8.69383572337009e-05,-0.001914366700811465,-9.852856461079959e-05,0.009963758587843596,3.618017445919993e-05,-0.0008293132374237039,-0.0030894674561844915,0.0,1.4368833336400166e-05,-0.00030020849241109426,0.003406161660053586,0.0,0.0,0.0,0.00027682418593620237,-0.002805913213807243,-0.0014911170725009915,-0.0016648737571190036,-0.01110049368714705,0.0,0.0,-0.0006758500348020974,0.01425393928727603,-0.00011601939627869928,-0.0025948424255273217,0.0,0.0,-0.00047675530261809956,-0.0005240900653379968,0.0,-0.006241658387584614
0.05233352918067746,-0.00023033262863729996,-0.0015120132402344014,0.004078090281695479,3.67971197369997e-05,0.0035903194640533043,0.060308466406227446,-0.024178281547148517,0.008091606370623172,0.06596501306703129,-0.0026097671969607106,0.025039243868358096,-0.010478407128620915,-0.06287529597029717,-8.056626126669991e-05,9.00661119513993e-05,-0.0006927515465915413,0.0019382305878437867,0.0017178579922167009,0.018715750567212086,-0.005288093122967796,2.7258459444800404e-05,-0.008615087165864566,0.008382858754267142,-0.0008587188814453001,0.0017782972335555064,-0.0015433977011109073,0.05180698760456037,0.27259985987070934,0.028536596015047877,0.0018923234745833947,0.006274824660235101,0.07913787032416941,0.010689763304855937,-0.0005710241415311998,-0.007704458653575719,0.00013757520905818832,0.001731723023489562,-0.0004278925216704005,-0.000360058427010701,-0.0012753436059285,-0.0007302729327191976,-0.0025812600222973048,-0.0003237469596362001,-0.00044693815584650326,0.0004148977560902989,-0.00020201411361120067,-0.00016485527466409983,-0.0002343649245152013,0.0,-0.00012307135035490003,0.0,0.0,0.0,0.0,0.0001051680696817995,0.0,0.009338067637966352,0.0,-0.0002787609601454001,0.0,-0.000299340382077698,8.710074514789998e-05,0.0,0.0002527636223793005,0.0,0.0,0.0,0.0,-0.00031654217219530094,-0.0001535638999506997,-0.0002520822397478,0.006751783131738187,-8.787677958879865e-05,2.55307550750002e-06,-0.00018102512086659995,0.0009048080831283029,2.856744586800068e-06,0.00014093128728089998,2.4512453006500013e-05,0.0,-3.2843179050400005e-05,2.5127348064599934e-05,-7.535093605260008e-05,-0.004900831513589166
0.045776818578632916,-0.00024031679115620042,-0.0206408327675649,-4.385235942169991e-05,-0.0007935746224609994,-0.00012862782687009244,-0.22832253579880124,-0.011440683973880983,0.0027468631934510768,0.005010161424120391,0.0009196686406316018,0.00037234598507659977,0.000517645869978399,0.04841358126808171,-9.713187872570014e-05,-0.000973079925978601,-0.015618973473245923,-0.00014258933675029978,-0.0028989477810343056,0.0002548064034607004,0.04462367279803736,5.179669790669923e-05,-0.08010557950250163,-0.005177967753478563,-1.32776958985e-05,-0.002972606865277602,-0.012636399070629412,-0.10261694105501862,0.028536596015047877,-0.17631336033768719,0.00012229931121390006,-0.0010544425267466975,0.020007237721333837,0.06318965200375759,-0.001001801821730694,-0.03076592757252783,-0.006035335645280804,0.010112759355869416,0.0008678941797228834,-0.002846746769289407,-0.0009395689535734997,-0.0003411867855178004,-0.006536505187496794,-0.0002720440461382997,6.225975757689906e-05,9.641683832080014e-05,-0.0002245536770000972,0.0,0.0,0.0,-0.0003608614034413,-4.34993799302e-05,0.0,0.0,0.0,4.5277288397400396e-05,0.0,0.0061965539353383,0.0,-2.4438750236899405e-05,0.0,0.0,0.0,0.0,9.135824977420104e-05,0.0,0.0,0.0,0.0,-0.0009186485643343026,0.0008483998497089001,-0.0006125636165684005,0.007372752018235895,0.0,0.0,-4.2764008179900156e-05,0.001573619923982389,-0.0001792935789063999,-0.0002096517602572,0.0,0.0,-6.751058050519991e-05,3.5519294024600155e-05,-0.00023799791382200005,-0.003812790709248892
0.0,0.0012734978562174981,6.808746764419994e-05,0.0,0.0,-5.284739607520005e-05,0.0,3.715221516040028e-05,-0.0005540904439240019,0.0,0.0001501549234301791,0.0,-0.044845385107104896,0.00019480128300070065,0.0,0.0,0.0019495331336262973,0.008618059563870795,0.006648204192602092,0.0,3.35535013214e-05,-0.0016501737475890996,5.305456026180003e-05,0.0,0.0011226777547759803,0.015058046492882005,0.018176612467553088,0.0,0.0018923234745833947,0.00012229931121390006,-0.0034595447154561754,-0.001977256756379102,5.123835474210017e-05,0.002315980097788606,-2.1142838076600016e-05,0.005383661117763283,0.010829285644358033,0.015110127514204819,0.002671488456450405,0.00014926516750880022,-1.0484954965200074e-05,-0.0004924514035033051,0.0002752085865284997,0.012585153566404994,0.0038247117379735934,-0.00016359036796440019,0.0,0.0,0.0005996449456813005,0.0,0.000520630372165598,0.0,0.0,0.0,0.0,0.0,0.0,0.0,0.0,0.011563244477824697,0.0,0.07561684260843182,0.0,0.0,0.0,1.515685367710004e-05,-0.0008596843246447827,-0.0003978962040964984,0.0,0.0,-0.00012098126965369958,0.0,0.0,0.007596082647188501,-0.00902190348160059,0.032491551179271605,0.0,1.8353067333299992e-05,0.0,0.017118168595353866,0.0001269981256305998,0.0,0.0007620021984935006,0.0,0.0002533566089999006
-0.0008901145002485015,-0.0008622796399349007,6.697227955220018e-05,-0.00043624234367070115,-0.07445186470768173,-0.20097606142121727,-0.0017199621353221964,-0.13380371467553598,-0.002716228784423201,-0.001890736197120907,-0.023580932610968497,-0.012941214800975487,-0.034883892734857924,-0.07541225834729126,-0.0371252199044092,-4.376003382299985e-05,0.0003125927393635014,-0.0005368243347344016,-0.00032120650086520097,0.0010000189717081984,-0.0018916484134627043,-0.00019750307829110008,-0.0007851916946695903,-0.002179492582851203,-0.002216410823259199,-0.00048813191915830084,-0.0002578909327130008,-0.00025934637842039976,0.006274824660235101,-0.0010544425267466975,-0.001977256756379102,-0.11228207501088061,-0.0004523018197126992,-0.14076889534520864,-0.0011425786197000985,-0.07657754301873543,-0.005106124598763501,-0.017474686122096128,-0.0012078274793164007,-0.07328554789518571,-0.041189061343191335,-0.006137890815095803,-0.0006876469200958009,-0.0005777167814626002,-0.006651433420052505,-0.002607371528386998,-0.0018999069744015003,-0.0007838647425389995,-0.0020004796474796978,0.0,-0.0002491395699277001,0.0,0.0,0.0,-0.00019429687638510007,0.0,0.0,-0.0009808354076875983,0.0,-0.002373442275557802,-8.784402870002728e-08,-0.0013820719190863959,0.0,0.0,0.0,0.0,0.00010909715802580002,0.0,0.0,0.0,1.865279368299961e-06,0.0,-0.00016623973808560033,-0.001057949519539001,-5.4109871424600116e-05,0.00012056792696299987,0.0,-3.4131321573300014e-05,0.0,-2.4905806055199996e-05,-8.879969387179994e-05,0.0,-0.00014978447764460012,0.0,-0.005063334634276495
0.0021606522597783923,7.266230948120003e-05,-0.0005659161505753001,0.0006952328118368014,-0.0002219392000411,0.0005701497096869991,0.00812412211907379,7.972314784279733e-05,0.0005526529113539999,0.004172631392413209,0.0012409421153403016,0.0008187668284373,-0.00023352148253049862,-0.001125054669098402,-0.00047161787261019994,-9.3948400088e-05,0.004570716558425725,0.0004920389282131992,0.0009692382348205006,0.0006401488889187009,0.0003481092340498204,6.0351844152899646e-05,-0.00035540967212510655,-0.00023485524244182265,0.0,-0.00010934049019069997,-0.0010416436622872997,0.009174546136358819,0.07913787032416941,0.020007237721333837,5.123835474210017e-05,-0.0004523018197126992,0.0427038473215795,0.022848381200757828,7.72840829499008e-05,-0.0014079750256007217,-0.00042101784588600283,0.0022980037057551694,0.00038046534135480203,-0.0003801067237590994,-0.0008240929049423001,-6.955291474400067e-06,-0.0038505700287879974,-0.0004500521110085004,-0.0004720917624942006,-8.642769481940018e-05,-0.0004636259322291997,0.0,7.314077293219998e-05,0.0,5.115545226859995e-05,0.0,0.0,0.0,0.0,8.318135592009991e-05,0.0,0.0009564911515511018,0.0,1.9091961255799945e-05,3.2244856601500085e-05,-5.130942902489995e-05,0.0,3.387746231879997e-05,-0.0006261626186927008,0.0,0.0,0.0,0.0,0.00013108820879070143,0.00024281696836690042,-0.0005508061365329,0.001198658765397903,0.0,0.0,0.0,-8.551547847770319e-05,-0.00037528196539780064,-0.0004508233878883,0.0,0.0,2.55247095555999e-05,5.335712537660013e-05,-1.506033564209995e-05,-0.0024143561181686896
0.0006689280856827934,-0.0016259090031779944,-0.00037048989226967644,0.004101796130959998,-0.0202631946791752,0.0038265622058185067,0.014374994706544353,-0.003959122130648418,0.004483965060317896,0.04740920049339281,0.08046734910072573,0.027739063509140127,-0.02653175297432142,-0.006284351847177683,-0.0013101993647471055,0.0005863320412018008,0.20155596127925168,0.01719674756290024,0.11118557201673296,0.03377999986837088,0.01637536542952489,-0.0010737354621025985,0.08101006120644705,0.009334614148023723,-0.00023208995605308869,0.03402277852654367,0.00935072765261058,0.0368572582005382,0.010689763304855937,0.06318965200375759,0.002315980097788606,-0.14076889534520864,0.022848381200757828,0.08712889936931312,0.0002554087474941902,0.011712308881514089,0.0024262555538752117,0.016462474980108333,0.003963475154486806,-0.005788828215743114,-0.007025606952569485,0.005120417179694359,-0.002452470346353125,6.304926301250319e-05,-0.0018247651344732996,-0.0012004632872942012,-0.0016735549261645,0.0001859964567940001,0.00023844919871959802,0.0,-0.0007058263495915013,-0.0022859923096547885,0.0,0.0,-6.985361363300024e-05,0.0001013953500171999,-0.00022807009291750044,0.004938411804108589,0.0,-0.00032719791308989665,-4.867050713869975e-05,0.000859079838394089,-0.0004750863186435998,1.3014794649499842e-05,0.0013686503529631022,-0.002024805609347903,3.5869723883899876e-05,-0.0009464169502170008,0.0,-0.00046969878811729815,0.0021160467600357113,-0.00022377341069549847,0.004871760843924489,9.627842220599758e-05,-0.004568229747070024,0.009883623214421267,0.0007285977718006001,0.00011499274876449958,-3.274695014880008e-05,-0.00026973284398550124,0.000161705374945198,0.0,0.00022112392229229998,0.00019673061859210028,0.004224049469940094
-3.652261371870063e-05,-2.4486667551100114e-05,-0.0004295214737911005,-0.0003851138728192,0.0008879780398978014,-0.06038211040295938,-0.0013727869997667008,-0.001461243202984297,-0.00025631859819789937,-0.0011855436676923986,0.00011052689713230042,-0.06165526166690549,0.0005550474759657004,-0.0008339644499444979,-0.019976579130224215,-7.856993868800288e-06,0.00046156283294489925,-2.529529522829997e-05,8.1270866579e-05,7.348536755089931e-05,-0.000654726726382171,-6.664354785140044e-05,0.00010869116195538764,-0.007149257897404809,-5.947897625799986e-06,-0.0002903423883765001,-0.0004112283885264051,-0.0013912659190475907,-0.0005710241415311998,-0.001001801821730694,-2.1142838076600016e-05,-0.0011425786197000985,7.72840829499008e-05,0.0002554087474941902,-2.2050365422612686,0.06845377376086947,0.00554235725646024,0.005943443194995013,0.005605172754999943,-5.232962360390836e-05,0.0013180367763893086,3.6783569887007678e-06,0.004497343755819783,-0.0039593562631112245,0.0031722895373877957,0.016608208972749727,0.0028241307826467055,0.001615561780920996,-4.9584024581500116e-05,0.0,-4.1008021292500245e-05,2.6435164811199952e-05,0.0,0.0,-0.012600149136132166,0.0,-2.606113114050001e-05,7.714143497170034e-05,-0.0009344664561553029,-0.00020298622002450084,-0.0033044121083011246,0.0,-2.6278454428600023e-05,-0.001571430197346596,4.746153463800178e-06,-0.0001328285036119002,-0.00021170155939829972,-0.0001602641230666,0.0,-0.00012770871075030044,-0.00025828362864000094,-0.0002660664466116007,6.90295830232e-05,-5.992213913199999e-06,-0.00015264858199449992,-0.00036833424396539964,-1.582320136420004e-05,-5.366573601109999e-05,-6.499270043569994e-05,0.0,0.0,-6.0637981225299955e-05,-0.00011398003223009974,-1.3950776772872757,-0.03691339350503853
-0.0003575470261614061,-0.029681578385891805,-0.06049413081942734,0.009899128999718676,-0.0034682139380280974,-0.0281549462906594,-0.02184550013549269,-0.021767741768382365,0.008520286623504125,0.05764519227328302,-0.003963279161369515,0.04987682840310992,-0.015761166749607813,-0.00448585186699213,-0.001998620991897987,-0.030298625872370977,0.024495654597163963,-0.008930266914500051,-0.03178448346107965,0.048143423069217484,-0.05148878834228299,-0.005834358837698117,-0.17743336041348456,-0.0036083557592987425,-0.002672045511656798,-0.0068804411599248105,-0.4097300542862641,-0.006809139959755406,-0.007704458653575719,-0.03076592757252783,0.005383661117763283,-0.07657754301873543,-0.0014079750256007217,0.011712308881514089,0.06845377376086947,-0.03139943796835887,-0.14338241462824186,0.03558042441343634,0.003456948269914939,0.06856643730234069,-0.004412134706334614,-0.010056133194609074,-0.05064470503302365,-0.01136034031915778,-0.01576562923678032,-0.003299511281531886,-0.006463504775759021,0.0005785996507493008,-3.8338162116798025e-05,-0.0003110455331822,-0.005567840081078412,-0.026412700330565753,0.0007706252779807049,-0.0004100692521352995,-0.00040419747548689836,-0.0013532573428901018,-0.0005489389515118022,0.016923429607490714,0.0008949411248356104,-0.001056903815495308,-0.0021001304182422104,5.5160135892698414e-05,0.0003566788632582002,-0.0004231876354492004,-0.0022571392524123324,-0.014951405563768921,-0.0003349011536240001,-0.0055721222671962015,-0.0003237935627068006,-0.01091449979311132,8.489131800437644e-05,-0.029787065172741822,0.029452901257096542,-0.0021350345937875964,-0.023259062890314985,-0.03792500892677175,0.0040112896291908395,-0.0017906549985037962,-0.0034955204856385036,9.85986926384996e-05,-0.0004567820097404005,-0.0006004724458934033,-0.000888976155188001,0.010245428165763348,0.029801463379411253
1.914647607199893e-05,-0.023655468821256076,-0.01635114220206557,1.0626183561002894e-06,-0.0002598294154383999,0.0003031702844727008,-0.008175843813109374,-0.0013849245369491892,-0.0001751284524485891,0.001708415468828904,-0.014319729667741976,-1.660049747879977e-05,-0.01474619615647188,-0.0008501264369715905,0.00020488820621080003,-0.012458004053077287,0.02656693095933549,0.0031562788854853085,8.76268499212518e-05,0.00042866027637789884,-0.014873811411375781,-0.007729119905221599,-0.09585059011352204,-0.004043816404141504,-0.0026040145170513063,0.04366330452333633,-0.1234320231644892,-0.007733908850450666,0.00013757520905818832,-0.006035335645280804,0.010829285644358033,-0.005106124598763501,-0.00042101784588600283,0.0024262555538752117,0.00554235725646024,-0.14338241462824186,-0.015146412775567608,0.21345818131489125,0.040972111103064535,0.003948750056050276,-0.0002952233043582997,-0.0016579464984564085,-0.023074321351970906,-0.00291532188694571,-0.0069758909648084955,-0.003377715991981306,0.0002361858875961978,0.00014887938450209963,-6.552786034700123e-05,-8.847486549997969e-08,-0.002454872678143094,-0.014226646736357706,0.0,-2.4020321424099932e-05,6.72430005494995e-05,-2.9407667956398917e-05,-0.0004555415085404999,0.00036797920111159704,0.0,-8.794943096190888e-06,0.0,0.01038175007289227,-0.00031713862841859994,4.298501134949984e-05,-0.0013599664371484743,-0.01394653939956439,-0.004026426204090203,-0.006284331594690398,0.0,-0.0015013974523387097,0.00044481740070470566,-0.013130984568846676,0.0007688218863339952,0.0009623704982412995,-0.04642568953585435,-0.0362348135369821,-0.00030291571552659713,0.0007844549692486002,-0.0005603091414016978,-0.0008952097036160067,0.0002820445184177015,-4.4148064180012797e-07,-0.0002275082144381005,-6.87556027023084e-05,0.06174261596904085
0.0012273100205675014,-0.0018418591960600028,-0.004598988089249301,0.002754539649704707,-0.0012114073469050024,-0.0012757552532458027,-0.002249020855529471,0.0005745404654513009,0.0015732973692255958,0.021383403562015513,0.02275659226028015,-0.00048466113377010345,0.0035217443989674635,0.000499066371650092,-0.0006822749502112951,0.003907380854387799,0.07950072207039982,0.006987652089538887,0.022241779110518944,0.018486056818574792,0.056483603871976484,0.000396772118576999,0.12667729567360553,-0.00407020365163846,0.0008781917761499086,0.06665503251187843,0.01686829169542836,0.007251477120325145,0.001731723023489562,0.010112759355869416,0.015110127514204819,-0.017474686122096128,0.0022980037057551694,0.016462474980108333,0.005943443194995013,0.03558042441343634,0.21345818131489125,0.02286977910719079,0.004125522206429366,0.009760168472980502,-0.001745010195082608,-0.0003658673171103022,-0.010774009868189993,0.0014415641297760295,0.008136599348746998,0.01630860324492661,-0.002816940097037285,0.0007932773931743006,0.002171308749791795,0.0,0.004850632869940891,-0.006910949664431898,0.0,0.00041597233406119984,-0.0009981170380917032,7.5121889713996096e-06,-0.0035684817592080004,0.0004440620787394267,0.0,0.0010550794353818005,0.00017180664969320032,0.007365822880204986,-0.0001666796416354005,0.00019584731560509834,0.001637645656696593,-0.0052911670199904115,-0.0008326527824647004,-0.0026166335404442104,0.0,-0.0006400124178842989,0.00802466236044641,-0.006304355998493216,0.0025845434754298013,0.0016338589929094094,-0.009883937029457779,0.03752661628037357,0.00038720119360929894,-0.0004150871911333051,-0.00010034461242139879,0.0005247187468092954,-0.00023709815650760357,-5.7251018282499996e-05,-0.00031555634508100006,0.004615179699323402,0.041746951264772125
8.718285907530036e-05,-0.0011030819388866964,-0.0038439327579313787,5.9214944760100155e-05,3.223902136080016e-05,8.839344809540017e-05,-0.0050986553066965645,0.0008190447120610955,0.0006504324886530966,0.0015988812328767005,-0.0007499768582698851,0.000934593740628098,-0.0017919182229719222,0.0017152321996222047,9.747674933549989e-05,0.0043170304554635,0.014120801673616068,-0.001300902078397198,-0.006700056272724519,0.0006419342491459992,0.0042770873655979535,-0.0013314472897257984,0.045812909857700035,-0.0029439635087109006,0.0001519952716018992,0.010920525809364201,-0.021146600702861118,-0.0033912401085169908,-0.0004278925216704005,0.0008678941797228834,0.002671488456450405,-0.0012078274793164007,0.00038046534135480203,0.003963475154486806,0.005605172754999943,0.003456948269914939,0.040972111103064535,0.004125522206429366,-0.0034444798325325987,0.0026121650077557956,-0.0030306769463294136,-0.003873401183359576,-0.003111810053915809,-1.2913926468696713e-05,0.002494730079341409,0.00423203816413989,-3.937661153669697e-05,0.0010818687887883,0.0005409625586301984,0.0,0.002989485075528403,-0.0035178167037202973,0.0,0.0,0.0008426515987974992,0.00020618959630710012,-0.0006216127343377006,0.00035130228037929916,0.0,0.0010748755682495996,0.00017123529551880002,8.764016320760015e-05,-0.00012738648455440024,2.9358883249985465e-07,0.00038671132252540014,-0.0016030240829091047,-0.0006058844739166005,-0.0013271021119223014,0.0,-2.556810587270005e-05,0.003102844062040991,-0.002052674955408798,0.0001262410425793975,-0.001187733170906799,-0.006150986645992895,0.0069809352543848124,6.409399451609999e-05,-6.363952914950014e-05,5.257625452000005e-05,0.00034411712773490047,0.0005420274637697974,-2.3266839399899934e-05,-0.0003621821917703001,-0.0011677606928630624,0.02990955769089343
-0.0004274973549657996,-0.0008722151491631002,-0.0009693441891230996,0.018779549776936133,-0.014104496289492285,0.0119392234784923,0.002356440592139797,-0.007043735862547196,-0.001710566753843512,0.017748310664197908,-0.0006109495679680055,0.04840803731630494,0.016216990321064717,-0.003057088678181108,0.006004315558387541,0.00035419677003659805,0.0006423161157073018,0.0003546897427347019,8.494259978100022e-05,0.03195071327662724,-0.0024832181351587823,0.0002492408849510998,-1.664765253150957e-05,0.002361360987994221,-5.207003424839967e-05,0.0001796681777017986,-0.002122275629757392,0.020480677174719464,-0.000360058427010701,-0.002846746769289407,0.00014926516750880022,-0.07328554789518571,-0.0003801067237590994,-0.005788828215743114,-5.232962360390836e-05,0.06856643730234069,0.003948750056050276,0.009760168472980502,0.0026121650077557956,0.05501478289929018,-0.024235036648830866,0.002497852761079916,-0.024427433668102072,-0.0007525099704204993,-0.0030619058402160115,-0.0004996663500453982,-0.03793432889696158,-0.0011191134478292994,-0.0004904532672701002,-0.00013389401330350008,4.9890571853699944e-05,-7.557766932399988e-06,0.008182676827379054,-0.0023923358517728005,-0.003679755133446899,-0.0009290106243995955,0.0007804541889272973,-0.004078638925744227,0.003087009663323703,0.0010633185849457938,-0.015288196638826912,0.00037833190376389964,2.3776844692400753e-05,-0.004148196532337292,-0.0016993576244831998,-7.91240237055001e-05,0.0,0.0,0.0007880160300139383,-0.0009625554648568999,0.00011579196645879891,-0.001514746919069502,-0.016376800925020252,-1.5971053746299986e-05,4.726381986130002e-05,0.00024151906101559963,-0.0031011156742637436,-0.0009810378537404019,-0.00042455182009520226,0.0,-1.4395525619799801e-05,0.00011503908898660015,-2.869406007680042e-05,-0.0013259171637906991,-0.0005226138808701875
-9.733538931569995e-05,-5.93699991959999e-05,-0.0003318054533027002,2.8802012029399693e-05,-0.02480696907711366,-0.0055186359516935235,-0.00044330245919829703,-0.004073764975252608,-0.00022604309589920046,0.002725814849474706,-0.0010036493456701961,0.0034221761232617887,-0.000571042632936003,-0.0025079080635935017,-0.0016871483296118026,-3.0482088218200185e-05,-0.000546761946752199,-0.00027923545458129976,0.00020072996638809994,0.0021332383253400977,-0.0007179080839988111,2.5008317040200057e-05,0.0005810937692981993,-0.0024968463529135843,-9.104089942119998e-05,0.00036131508026179815,1.0921283772898083e-05,-0.00014805310653590031,-0.0012753436059285,-0.0009395689535734997,-1.0484954965200074e-05,-0.041189061343191335,-0.0008240929049423001,-0.007025606952569485,0.0013180367763893086,-0.004412134706334614,-0.0002952233043582997,-0.001745010195082608,-0.0030306769463294136,-0.024235036648830866,-0.012428216253358715,0.0002584959052333996,-0.0005342108171731003,-0.0001665181079795004,2.0273912912302516e-05,0.0007008061238097038,-0.001818123184909596,-8.691604138089983e-05,-0.00013971403504679965,0.0,3.975841238589993e-05,0.0,0.0,0.0,-9.695407473659951e-05,0.0,-0.0005462925515806009,-1.549967406690167e-05,0.0,-4.24302954966007e-05,0.00011957167789840002,4.672461208050005e-05,-0.0002022511505502,-1.1735536411900001e-05,-0.00019751898063609993,0.0,0.0,0.0,0.0,6.59265755087e-05,-4.080302560750034e-05,-2.0357051949599985e-05,-0.00038915067655189914,-7.288959473429997e-05,0.0,3.550191972700003e-06,6.391622995429998e-05,0.0001563856330933002,0.0,0.0,-0.0007135066040083998,0.0,-8.433649701130008e-05,0.0012162746210402017,-0.0008202302910294834
8.794046782390017e-05,0.0032729953564640812,5.353510021739998e-05,0.00014105619297330018,-0.0003618204857024996,-0.0011933704865330005,3.108183004990085e-05,-0.0007670138422658998,-0.0068934587144819925,0.0004520112010704021,-0.011722786213867131,-0.0006614838168102002,-0.006848950416184163,-0.0025753823184112984,-0.00010781722952409988,0.0,-0.00011902256072239981,0.0009784700455642004,1.36811029092989e-05,0.0001763368203971001,-0.00012314568396150014,-0.010550735410000622,-1.0290092096800277e-05,0.00047320032679940005,0.01650012659462019,0.0006761748631999021,-0.0015357971292711964,-0.00012336269183119836,-0.0007302729327191976,-0.0003411867855178004,-0.0004924514035033051,-0.006137890815095803,-6.955291474400067e-06,0.005120417179694359,3.6783569887007678e-06,-0.010056133194609074,-0.0016579464984564085,-0.0003658673171103022,-0.003873401183359576,0.002497852761079916,0.0002584959052333996,0.002697976112141398,0.0006219978207955001,0.0001222472014633033,0.0047740460456831,0.0030477632275951044,-0.0006637359700068027,0.0006023080496457001,0.0011988318906805961,-5.434922143299995e-06,-0.0008281789402326961,0.0,0.0,0.0001776065897974,7.582971492210017e-05,-2.574111287330003e-05,-0.0010064202701635001,-0.00045083626747370077,0.0,6.0654159561496224e-05,0.00010166461220430007,0.0067164195361288925,-0.00021345305157320117,-0.0003277307730751998,4.617796568199997e-05,0.0,-0.0006114426326631981,9.000906064549996e-05,0.0,0.0,-0.0006105919360548002,1.139338628599999e-05,-2.550943804729977e-05,0.0013981744234572019,0.00014385985526929948,0.002469731619126808,0.00040436793285549954,0.0006628327956599012,6.085722330869997e-05,0.0006106948018854003,0.0008150504766719011,0.0,0.00024913236787399776,0.00012121398273199995,0.0002400843146417031
-0.00022371432231229997,-0.0049977660323841655,-0.025695950528701106,-5.0380153803902816e-05,-8.83468581669997e-05,-0.000143141450401299,-0.004115148305031624,-6.246580465680066e-05,-0.001858625459056129,0.0003110458223157999,0.00020235368782000034,0.0009462639197159034,-0.007821403579484021,-0.0002611231303535008,-0.0006371613376866016,-0.04544630034788266,-0.001923980930098712,8.062891124940006e-05,0.0002574698622711015,0.00023255041436939967,-0.022540511011044373,-0.01165898428365969,-0.05800669872052622,-0.0711537322514677,8.901128705869968e-05,-0.0021223922425741004,-0.1528882929193971,-0.0363496627966573,-0.0025812600222973048,-0.006536505187496794,0.0002752085865284997,-0.0006876469200958009,-0.0038505700287879974,-0.002452470346353125,0.004497343755819783,-0.05064470503302365,-0.023074321351970906,-0.010774009868189993,-0.003111810053915809,-0.024427433668102072,-0.0005342108171731003,0.0006219978207955001,-0.18844954563641814,-0.09635393434737693,-0.052806180692574145,-0.04683331911854616,-0.14329743032747544,0.010657958167809345,-0.002521219180699308,-0.010215099817739201,0.010506971341449178,-0.021600725365018336,-0.013975252884160017,3.409699353570245e-05,0.001579159486183479,-0.10969789799908214,-0.03324270512649774,-0.01450277404472955,-0.05012389562148134,-0.009847180611840534,0.016810164260818605,0.0002879265855917079,-0.021980429917159983,-0.0034341314668822898,0.024786047018784174,-0.09559354615808457,-0.042562912117845464,-0.09713842702229236,-0.0022008387080961755,-0.10928126654567283,0.020209145906930015,-0.35603703430627043,-0.05640401950822893,-0.00015556007796140026,-0.10073646250134516,-0.17454931686228115,-0.16760901993253174,-0.026047941656615947,-0.05321925898382429,-0.0021412536329682985,-0.0022599515098593592,-0.007488123545089806,-0.016059662217749904,0.037176760482545035,-0.0012649263213591055
0.0,-0.000542141040684091,-0.002952307653179609,9.93760938926e-05,0.0,2.050587687179987e-05,-0.00020973403189379993,-0.00010450734695649977,0.0003742085702459,-2.2101052937200045e-05,0.0030485134765808886,7.907218994589985e-05,0.0020980329514931895,-1.1694492590599956e-05,3.2450561978e-05,-0.015102457773736422,0.004734147692659896,0.0021519030260669925,0.00508891535688559,0.0,-0.004686269437725793,-0.003135765149440098,-0.020184667742531193,-0.0024013289959157955,0.0031696489332695005,0.03505450770749852,-0.02546794503084593,-0.0031935421673576977,-0.0003237469596362001,-0.0002720440461382997,0.012585153566404994,-0.0005777167814626002,-0.0004500521110085004,6.304926301250319e-05,-0.0039593562631112245,-0.01136034031915778,-0.00291532188694571,0.0014415641297760295,-1.2913926468696713e-05,-0.0007525099704204993,-0.0001665181079795004,0.0001222472014633033,-0.09635393434737693,0.0290469317609503,-0.05319139594614164,-0.04627689385554401,-0.01894138615566132,0.003382035160908098,-0.00020441363292050818,-2.2186531327700147e-05,0.0030671112428919123,0.015934890840990423,-0.00024871303223330003,2.8649612365099983e-05,0.00045741743328019807,-0.004204615200848721,3.90977028031092e-05,-0.0009999877321425973,-0.0013474010480288984,0.012993233803156645,-0.000286262950587899,0.014695040309931962,0.0007311576025191974,-0.0003626990574133,0.043760227897341686,-0.011340379169888393,0.03203307296757707,0.0006781021091426531,-0.00048240696978229993,0.018536318427623932,0.006127853084015894,0.06407555564188439,-0.002083325634769803,0.002995999753761483,0.011270498587991007,0.06516482794485245,0.0014759103432867016,0.002652748370722005,0.0023990497955903023,0.008527380344233393,0.0013350671760258975,6.484350752530062e-05,-0.0004875189166109739,0.0036411939442262398,-0.06326647267133367
0.0,-0.004825229859323904,-0.013898498927568115,-0.00016673522098860014,-8.903220981360004e-05,-0.00023670490859839868,-0.0009655629531612059,-0.0020179714516875974,0.002175603329224285,0.0,0.002056384683387008,-0.0010244416618906994,0.0058418584887870995,-0.0003620654081018977,-0.0005654860249963995,-0.0065329656803223835,-0.006040157407167207,9.927240008859861e-05,-0.00015534364835829984,-4.6788878582699946e-05,-0.0027466901338806943,-0.005979154749684093,-0.019617495779819083,-0.018023149094072988,0.0020507158784891996,0.00722715381322564,-0.06371231853322068,-0.004443192709151167,-0.00044693815584650326,6.225975757689906e-05,0.0038247117379735934,-0.006651433420052505,-0.0004720917624942006,-0.0018247651344732996,0.0031722895373877957,-0.01576562923678032,-0.0069758909648084955,0.008136599348746998,0.002494730079341409,-0.0030619058402160115,2.0273912912302516e-05,0.0047740460456831,-0.052806180692574145,-0.05319139594614164,-0.02756164410703077,-0.0068910505211690065,-0.005133541187973711,0.001663956678076589,0.02705566032040152,-0.005108969331165503,0.0015277620422795846,-0.01318934043212383,-0.011399173740756108,0.0008128447162667994,-0.0014935048293319708,-0.08519034144286275,-0.01411604603131722,-0.007195895913988004,-0.034973817355365755,-0.008404920866169618,-0.002030824423548294,0.007613123941902722,-0.02612152226738451,-0.0017529280909904937,0.005071522738626988,-0.13108307798447472,-0.018924595395167998,-0.08054344467394481,-0.0017310052757444905,-0.11025109433693991,-0.0003367886962753197,-0.18191140903918512,-0.02144526347418607,0.0008657891429322967,-0.042034376505937665,-0.062122041967278996,-0.09526460566338502,0.008181983051430919,-0.052064553327745955,0.007924669846973598,0.002576937948893243,-0.004123379910838998,-0.059489363604608325,0.006449590039800723,0.0032332769496454805
1.032580008989998e-05,-0.002884456539068103,-0.010027110731391994,-0.0001897288817561001,0.00011418262284969998,0.00040483052024630276,7.091654740750005e-05,-0.00036977423417039815,0.0004681817569641006,0.0,-0.0003007903868173997,0.0004390293676453001,0.003905073489824898,-0.00048114504641500085,1.7854574812899843e-05,-0.010139747015460887,-0.0035138681908589986,-0.00014061546145019985,3.496547185719706e-05,0.0,-0.0018376199199892015,-0.0037573312675649034,-0.016349221685049015,-0.001200247317676706,0.0004431616380185001,-0.0009736804169293012,-0.048779393242402436,-0.0007260531468780002,0.0004148977560902989,9.641683832080014e-05,-0.00016359036796440019,-0.002607371528386998,-8.642769481940018e-05,-0.0012004632872942012,0.016608208972749727,-0.003299511281531886,-0.003377715991981306,0.01630860324492661,0.00423203816413989,-0.0004996663500453982,0.0007008061238097038,0.0030477632275951044,-0.04683331911854616,-0.04627689385554401,-0.0068910505211690065,0.002802048194829654,-0.0005095139232485502,0.0021052303003160078,0.003584464417723393,-0.0006594902015743011,-0.002327695407994698,-0.013022311609162618,-0.0013063510103749967,0.00019914351689890013,0.0008169841624088015,-0.03548593546504675,-0.009779384419958487,-0.0017048741874262918,-0.0020297843576080055,-0.0005806510401235032,-0.002380189482875092,0.0005886956028115994,-0.008840350061171398,-0.0005544258125538964,-0.0003877092275370586,-0.04847637304452879,-0.02498943765778827,-0.0439914121819861,-6.944810383290034e-05,-0.06696804099899811,0.0018566701408747888,-0.196113391763987,-0.006545110682406818,-7.98881773862014e-05,-0.05283777994025196,-0.10797417983498514,-0.03121443458014439,-0.003776074822896297,-0.019386850453250115,0.00043542045527800166,0.0005465403653155954,2.0541624292033656e-06,-0.009753378145337693,0.010570246772610314,0.06526395353077952
9.553597982649977e-05,0.0,-5.927973695999994e-06,-0.0012746571503179926,-0.0050494657785551955,-0.0012869036908468023,-0.004661223914455115,-0.000885591768162497,-4.557600277871332e-05,0.0008583514321338914,0.00021462387158819977,-0.005785352843646563,-0.04603754256012427,-1.944607099669919e-05,-0.0076754054896349955,-0.00015324693072809974,0.0,0.0,0.0,0.0029910218991869852,-0.0005131822919871021,-0.00032131167976429814,7.571266840520133e-05,-0.016811458816853975,-0.0003106358046607999,-9.06370324254e-05,-0.0005498192711661989,-0.008971372557791568,-0.00020201411361120067,-0.0002245536770000972,0.0,-0.0018999069744015003,-0.0004636259322291997,-0.0016735549261645,0.0028241307826467055,-0.006463504775759021,0.0002361858875961978,-0.002816940097037285,-3.937661153669697e-05,-0.03793432889696158,-0.001818123184909596,-0.0006637359700068027,-0.14329743032747544,-0.01894138615566132,-0.005133541187973711,-0.0005095139232485502,-0.05651628336202741,0.017673406294910765,-0.005888407531092488,-0.0012390818300969993,-0.0010847108795613014,-0.00046733906409830023,-0.018145326206936985,0.08000257492718221,-0.009606824813938708,-0.027816161298092612,-0.036213563982345987,-0.013277463829487524,-0.03198523868722791,-0.10367054778867724,-0.07511837776598607,-0.0008017474027331994,-0.010070129834213737,-0.07535211562554656,0.0006166995668231007,-0.0007560988142913984,-0.0018396271770715067,-0.0009482468501530034,-0.016926609905660472,-0.0015088531814141104,-0.0010480790127890965,-0.0023693113588555137,-0.0732079345679848,-0.0011226952342132009,-0.0004964859730222995,-0.0025348170788615093,-0.03114626393403719,-0.005181578137798015,-0.0020849637603091026,0.00014793047448479965,-0.00211438839514666,-0.0005886635746999991,-0.0013544077132777166,0.00312884822073059,0.0043354135926859105
0.0,0.00012057594384770002,0.0,-3.764006230920014e-05,0.0,-0.0004871071772968999,0.0,-0.00016068150048439978,-0.0006611419952450986,0.0,0.00027671536658300014,0.00011896838760959991,0.0002396423740146994,0.00012471418088589995,-3.33393322175e-05,0.0,-3.25524158412e-05,0.0,0.0,0.0,7.018706346759987e-05,5.642133642599998e-05,-0.0001813607523452,-0.0005601687802069995,0.0,0.0,-4.8606529770099996e-05,-0.00021199978750990021,-0.00016485527466409983,0.0,0.0,-0.0007838647425389995,0.0,0.0001859964567940001,0.001615561780920996,0.0005785996507493008,0.00014887938450209963,0.0007932773931743006,0.0010818687887883,-0.0011191134478292994,-8.691604138089983e-05,0.0006023080496457001,0.010657958167809345,0.003382035160908098,0.001663956678076589,0.0021052303003160078,0.017673406294910765,0.0031794565534729036,0.002007990088507307,0.0,0.0002856843680749,0.00024371713309680014,-0.0016041095953851989,0.012485880522338455,-0.0023491687125735683,-0.004256367398474306,-0.007263408216151804,-0.000584355537414899,-0.005551729020983498,0.015513305163100788,-0.0020595694105558088,0.0014841995918091003,-0.0015339532589282029,0.0006930048670031053,5.0578972544900044e-05,-0.00024174366521210067,-0.00024331783966790102,0.00010248519949640055,-0.0013123616236958013,8.674045846309916e-05,-0.00014379155403999996,-0.0014452753954191933,-0.0050889968662612,-5.015236913829993e-05,-0.00021088604508569947,-0.0001248833765808005,-0.004829363233661593,2.861270841059832e-05,-1.8552346059500305e-05,2.711415551980012e-05,0.021685199910155273,1.606452273599998e-06,-0.0018824635737776096,0.0013133823702571046,0.0026861028824508026
0.0,-0.0008225205704271987,0.0,0.0,-9.920030069579999e-05,-5.5907992955299586e-05,-0.00014595850483760007,2.2282497380499838e-05,-0.0005470989187590998,0.0,0.0015262644093594069,-7.983209862030003e-05,0.000932692516703304,9.75602826458e-05,0.0,0.0,-3.2258629872199986e-05,0.00021641117689570003,-5.775906535240025e-05,-9.154995845849997e-05,0.0,-0.0016415925136114978,-3.440941547610003e-05,6.941544488499996e-06,0.0017709434897682994,-0.00017448432861719848,-0.0015686509668359008,9.190243853759994e-05,-0.0002343649245152013,0.0,0.0005996449456813005,-0.0020004796474796978,7.314077293219998e-05,0.00023844919871959802,-4.9584024581500116e-05,-3.8338162116798025e-05,-6.552786034700123e-05,0.002171308749791795,0.0005409625586301984,-0.0004904532672701002,-0.00013971403504679965,0.0011988318906805961,-0.002521219180699308,-0.00020441363292050818,0.02705566032040152,0.003584464417723393,-0.005888407531092488,0.002007990088507307,0.0005743550782780771,-7.111993971549999e-05,-0.0035169770993261074,5.658127984749998e-05,1.2286493528700028e-05,0.0001635606660636002,0.000326440383196,7.102694385279981e-05,-0.00021318802124979663,-0.0009602715726818988,-9.8652340054e-05,-0.00786118739619468,-0.0001429498862839003,0.0239037952950798,-0.000243930145666503,-4.3416372317199754e-05,0.00017312391584969975,-0.000226329272399,-0.0006483362704352014,0.0004992407191790997,0.0002522989059142002,3.182306332570042e-05,-0.0014856990252429987,-0.00037326730912499995,0.0002176627177401004,-0.0002887025017504763,-0.0031754613849707958,0.0028233858826317015,0.0002863678140684993,0.0013246847057607064,0.0,0.0006663591735424079,0.0044331622721223984,0.0,0.02288023549050544,2.549423225130243e-05,0.00046732184750990224
0.0,0.0,0.0,-4.019718568639991e-05,0.0,0.0,0.0,0.0,-0.00025162288539570116,0.0,0.0,0.0,-0.00011682943019639992,0.0,0.0,-0.00023684358756169985,0.0,0.0,0.0,0.0,0.0,0.00010039231945669974,0.0,-0.0010198281155857011,0.0,0.0,0.0,-0.0006694483289313999,0.0,0.0,0.0,0.0,0.0,0.0,0.0,-0.0003110455331822,-8.847486549997969e-08,0.0,0.0,-0.00013389401330350008,0.0,-5.434922143299995e-06,-0.010215099817739201,-2.2186531327700147e-05,-0.005108969331165503,-0.0006594902015743011,-0.0012390818300969993,0.0,-7.111993971549999e-05,-0.10176275544589242,-0.0001248774624855,-9.521819577319995e-05,-0.00019693803248499973,-4.374969072750009e-05,-0.0003939981318967006,-0.13777316861237043,-0.008716170028229386,-0.0017369743064026,-0.0026858834695158984,-2.9631404752299834e-05,-0.00016792298160100104,0.0,0.03595980219209238,0.0,-0.00019398829203549992,-0.002686546965294398,0.0,-5.175742831399835e-05,-0.0001273388826585004,-0.002681288782603,-0.0007893379485924001,-0.002024613243542306,-0.007786461488016705,0.0,-0.000909459400788501,-6.609156562470062e-05,-0.010470869837601093,-0.1425193635931179,-0.1035833152512029,0.0,7.695475983959983e-05,-0.0014580176422731017,-0.0027745322882452017,-8.579131188190007e-05,-0.0011072907245104017
0.0,0.01640403532067053,0.0002762727031220824,0.0,0.0,0.0,-0.000305145526585799,4.8257703286999935e-06,0.000596126085270994,-5.8613100138900105e-05,-0.0046502401909783025,0.0,-0.006849084363868274,-0.00027266973113460003,1.8981144252600045e-05,-0.0005155396635105058,0.01060677719293357,-0.00036273590879820107,0.002487121714038504,0.0,-0.0010936230137413988,-0.0020018920780005833,0.0008889844743489028,0.0013243110269354,-0.005347191297201903,0.00795791722158018,-0.010492968722039642,-0.0002731855322405004,-0.00012307135035490003,-0.0003608614034413,0.000520630372165598,-0.0002491395699277001,5.115545226859995e-05,-0.0007058263495915013,-4.1008021292500245e-05,-0.005567840081078412,-0.002454872678143094,0.004850632869940891,0.002989485075528403,4.9890571853699944e-05,3.975841238589993e-05,-0.0008281789402326961,0.010506971341449178,0.0030671112428919123,0.0015277620422795846,-0.002327695407994698,-0.0010847108795613014,0.0002856843680749,-0.0035169770993261074,-0.0001248774624855,0.02147722530846896,0.0041425768932844,0.0,-0.00014668959215429975,0.0,0.0008399996396167009,0.00016622009014679966,-0.027137751130296373,8.728226844579993e-05,-0.0024094413998467998,-4.028184924609999e-05,-0.005343086520800899,9.256744569629931e-05,-0.0012379343116175005,0.0016114771781556014,0.0008905186695203904,-0.0009696402881604997,-0.0016671598309383057,-7.022441426499999e-05,0.0009354633886261999,-0.008586578085547414,0.003572233871536004,-0.008960171340178125,0.014791379213618727,0.004178398134729311,0.30086625292368474,0.0007997442855176007,-0.0002676448923585005,0.00030466121475159966,-0.0007575595958271009,-8.941465464209998e-05,-5.207765686009993e-05,-0.001443933999753802,0.00044676124554290063,0.0028610327790063866
0.0,-0.012788131795829494,-0.023540313237734645,0.0,0.0,0.0,0.0,0.0,0.0002537861825967001,0.0,-2.1646797849500066e-05,0.0,2.04613765904995e-05,0.0,0.0,-0.004935070037996397,-6.77947199275164e-05,0.0,3.8566406767500186e-05,0.0,-0.00022349554021410022,-0.008601320269146812,-0.04093722727202076,-0.0001025515556455003,-0.00010997002592019994,-0.0012701754094833206,-0.1012178404053885,-4.664883280629999e-05,0.0,-4.34993799302e-05,0.0,0.0,0.0,-0.0022859923096547885,2.6435164811199952e-05,-0.026412700330565753,-0.014226646736357706,-0.006910949664431898,-0.0035178167037202973,-7.557766932399988e-06,0.0,0.0,-0.021600725365018336,0.015934890840990423,-0.01318934043212383,-0.013022311609162618,-0.00046733906409830023,0.00024371713309680014,5.658127984749998e-05,-9.521819577319995e-05,0.0041425768932844,0.3384656210266819,-8.347550987719999e-05,0.0,-0.0001113399932371,-0.011760524647292492,-0.0009186323202860086,-0.0009425827765311007,-0.0005720475428642006,-0.00032669357218649987,0.0,-0.0002818690406393,-0.0026916733030877965,0.0,0.0021807326634930013,-0.07560821787299687,-0.00045986698583540264,-0.006247104533367964,0.0,0.019792759126210868,0.0013476256653681962,0.20034927172440575,0.0016392939150529917,0.00013205543936100055,-0.006792896897053424,-0.011208936562223215,0.01265355708330096,-7.52210625201994e-05,0.003921791362381799,0.0,0.0,0.00017917952886449973,-0.0038131685936524107,0.00025553112983940033,-0.004139618912528398
0.0,0.0,0.0,-0.0013711724780386021,0.0,0.0,0.0,0.0,-0.005368103078147002,0.0,0.0,-0.0010029205188525903,0.0007770080850315018,0.0,-0.0003430109290677996,0.0,0.0,0.0,0.0,-2.0725565798099997e-05,0.0,-3.576750203259998e-05,0.0,-0.004892619726575176,0.0,0.0,0.0,0.00016505135977890007,0.0,0.0,0.0,0.0,0.0,0.0,0.0,0.0007706252779807049,0.0,0.0,0.0,0.008182676827379054,0.0,0.0,-0.013975252884160017,-0.00024871303223330003,-0.011399173740756108,-0.0013063510103749967,-0.018145326206936985,-0.0016041095953851989,1.2286493528700028e-05,-0.00019693803248499973,0.0,-8.347550987719999e-05,0.18540249257343433,-0.003129331441742697,-0.01244416865799336,-0.0023489177577969422,-0.0065106435059338885,-0.05991991855998058,0.10157596211075859,-0.00041386738926719666,-0.014376144209527375,0.0,0.0010082238195194826,-0.011722194699197802,0.0,0.0,0.0,0.0,0.10166891059502703,0.0,-4.1743051339500044e-05,-0.00014994329081669997,0.0522874137204119,0.0,0.0,-3.483023621169996e-05,-0.17023848109307238,-0.0028152548164444013,-3.07788575196e-05,0.0,-5.4416642118299994e-05,-0.0002902434915609004,-0.001222923890939795,-0.0003400177397315015,-0.0030967670268596953
0.0,0.0,0.0,3.957029158600193e-06,-0.00011479048670570008,0.00015567854386099988,0.0,0.0,-0.00015486565803510006,0.0,2.2679845729099983e-05,-0.00027561690880949924,-0.0006395752479608011,0.0,-0.0007059119594063998,0.0,0.0,0.0,0.0,-6.583584014459992e-05,0.0,0.0,0.0,-0.0002680424772709012,-4.664888537599999e-05,0.0,0.0,4.046728898940031e-05,0.0,0.0,0.0,0.0,0.0,0.0,0.0,-0.0004100692521352995,-2.4020321424099932e-05,0.00041597233406119984,0.0,-0.0023923358517728005,0.0,0.0001776065897974,3.409699353570245e-05,2.8649612365099983e-05,0.0008128447162667994,0.00019914351689890013,0.08000257492718221,0.012485880522338455,0.0001635606660636002,-4.374969072750009e-05,-0.00014668959215429975,0.0,-0.003129331441742697,-0.029585811730068468,0.0026303504170598346,-0.0005291333429488995,-0.0007752839159769001,0.00150660427439811,-0.002182462680930898,-0.001693416705489996,-0.005937434855313201,8.653669816680032e-05,-0.0002661680113413001,-0.011985022087817265,0.0,-0.00027024513606159993,3.5359376888100154e-05,-5.9805224039399894e-05,-0.0005611852554773984,0.0,-6.0079795769798355e-05,-1.1199877088200068e-05,-0.015677468278338935,0.0,5.540564970170001e-05,-2.3392481068600004e-05,-0.0017387971751367942,0.0004154198392796,-6.22434083890999e-05,0.0,0.016123902040712457,0.0002474089742227001,-0.018646203540278905,5.494092009420001e-05,0.00046811112952419975
0.0,0.0,0.0,-0.0004070480825571002,-0.00011201015223000037,-8.618064334580018e-05,5.39402814567e-05,-6.246856456790001e-05,-0.0006948444397707025,-0.00018488034873160013,0.0,-0.0012097953090969976,-0.0006379498968671002,0.0,-0.0006393496580818,0.0,0.0,0.0,0.0,3.2693644436599875e-05,0.0,0.0,0.0,-0.002458435973122494,0.0,0.0,0.0,-8.69383572337009e-05,0.0,0.0,0.0,-0.00019429687638510007,0.0,-6.985361363300024e-05,-0.012600149136132166,-0.00040419747548689836,6.72430005494995e-05,-0.0009981170380917032,0.0008426515987974992,-0.003679755133446899,-9.695407473659951e-05,7.582971492210017e-05,0.001579159486183479,0.00045741743328019807,-0.0014935048293319708,0.0008169841624088015,-0.009606824813938708,-0.0023491687125735683,0.000326440383196,-0.0003939981318967006,0.0,-0.0001113399932371,-0.01244416865799336,0.0026303504170598346,-0.36649919389061125,-0.043441806238809,-0.13699050523287593,-0.006463500833028615,-0.351342928442552,0.006929913276677607,-0.4060219195911685,-0.00019890324692119904,-0.007408297583986034,-0.07243242603466271,0.0,0.0,0.0006214208285169991,0.00010900318962290016,-0.018368238683070914,-0.0005616798184100002,-0.00010332040117509993,-0.00038490322588750035,-0.014983069774495206,0.0,0.00013848088046749998,-3.300651321970006e-05,-0.047363607339730995,-0.004522896839892293,-0.0007723081666505,3.383275175839959e-05,-0.004752167546723918,-0.00010159443160690038,-0.0008129050006113886,-0.03768037629172216,0.004618430822068809
0.0,0.0002109897126049004,0.0,-0.0025878232618240238,0.0,-0.00020182762247319963,-0.0005297642849186879,-0.0002893541299117987,-0.0022980320408402255,-5.93170614720999e-05,0.0,0.00045426660044860234,-0.00015892678841319952,-9.322506680719991e-05,-0.0006127292900909992,4.345464308489963e-05,0.0,0.0,0.0,-0.00011413562550590534,-9.995819857799978e-06,0.0004223025713762027,-5.747507049679994e-05,-0.03768949511696151,0.0,0.0,-5.815080188100027e-06,-0.001914366700811465,0.0001051680696817995,4.5277288397400396e-05,0.0,0.0,8.318135592009991e-05,0.0001013953500171999,0.0,-0.0013532573428901018,-2.9407667956398917e-05,7.5121889713996096e-06,0.00020618959630710012,-0.0009290106243995955,0.0,-2.574111287330003e-05,-0.10969789799908214,-0.004204615200848721,-0.08519034144286275,-0.03548593546504675,-0.027816161298092612,-0.004256367398474306,7.102694385279981e-05,-0.13777316861237043,0.0008399996396167009,-0.011760524647292492,-0.0023489177577969422,-0.0005291333429488995,-0.043441806238809,-0.6192597719827901,-0.17275494494686328,-0.0132816517712121,-0.05386794276651585,-0.006095772310702713,-0.0042111459391366984,0.0,-0.2331300583968563,-0.0017098518185797995,-0.0004989899746813999,-0.07827272002182939,-5.099282779059966e-05,-0.008885786057601264,-0.0010082706985813095,-0.04429567734949291,0.0009663704768740032,-0.03456503568062885,-0.030552514684232257,0.0,-0.03537676545851132,0.012097566769121881,-0.06699436980210294,-0.05673804099931612,-0.22407473650501508,0.0,-0.0015654194920293948,-0.0013812197242405039,-0.01780124173815356,-0.003679195094908605,-0.013191032770205391
0.0,0.0,0.0,-0.0004887898294028007,0.0,0.0,0.0,0.0,-0.0015566197388019037,0.0,7.050784399590011e-05,-4.61281295724e-05,-0.0008014148071568,0.0,2.650342661330001e-05,-9.261525787099994e-06,0.0,0.0,0.0,0.0,0.0,-4.3644183267600115e-05,0.0,-0.0020276399460846944,-0.00011816031191460002,0.0,0.0,-9.852856461079959e-05,0.0,0.0,0.0,0.0,0.0,-0.00022807009291750044,-2.606113114050001e-05,-0.0005489389515118022,-0.0004555415085404999,-0.0035684817592080004,-0.0006216127343377006,0.0007804541889272973,-0.0005462925515806009,-0.0010064202701635001,-0.03324270512649774,3.90977028031092e-05,-0.01411604603131722,-0.009779384419958487,-0.036213563982345987,-0.007263408216151804,-0.00021318802124979663,-0.008716170028229386,0.00016622009014679966,-0.0009186323202860086,-0.0065106435059338885,-0.0007752839159769001,-0.13699050523287593,-0.17275494494686328,-0.4020620873222427,-0.007763296213346399,-0.17572188775166264,-0.0022812760420859446,-0.03670265210557133,-0.00038614111174299637,0.0877642915382566,-0.010125021207333218,1.0086029524000728e-06,0.0012377260566093229,5.058275756569808e-05,-0.000442882650430099,0.004983724537648837,-0.0049611632498181985,-4.219672815999973e-05,-0.0007620288513494056,-0.01862243316166151,0.00018677598712229983,-0.002528405043037807,5.371738577650102e-05,-0.05337481705099001,-0.027063125052041115,-0.0072739324538493855,-0.001245023051366501,-0.03581137863978445,-0.0008658896299822,-0.004933781369776319,0.0004662187504568954,-0.00044878536436790406
0.002000523109508698,0.0002756207989699985,-0.0005602622360549002,0.006804960048058417,-0.0022854895064155986,-0.0006140610260673973,0.01770344958354697,0.007967356695927241,-0.030614449600272042,0.01364467459248786,4.688656629430084e-05,0.0011529243437178316,0.00029460441400010196,0.008558113452938998,-0.005924608694018688,-0.00022404306715559895,0.00015668351950160007,0.0,0.0,0.005830361658404004,-0.0006556780020378974,0.0013373023491983077,0.0002561283614664067,-0.026874491539585543,-0.0026531129024128033,-4.16496874889997e-06,-0.0008774100116075018,0.009963758587843596,0.009338067637966352,0.0061965539353383,0.0,-0.0009808354076875983,0.0009564911515511018,0.004938411804108589,7.714143497170034e-05,0.016923429607490714,0.00036797920111159704,0.0004440620787394267,0.00035130228037929916,-0.004078638925744227,-1.549967406690167e-05,-0.00045083626747370077,-0.01450277404472955,-0.0009999877321425973,-0.007195895913988004,-0.0017048741874262918,-0.013277463829487524,-0.000584355537414899,-0.0009602715726818988,-0.0017369743064026,-0.027137751130296373,-0.0009425827765311007,-0.05991991855998058,0.00150660427439811,-0.006463500833028615,-0.0132816517712121,-0.007763296213346399,-0.028037767035156147,-0.028622980773503226,-0.000857787739998804,-0.0366411018291492,-0.005254239356457399,-0.007197496149890237,-0.010976736682853205,0.0011220035216285978,-0.0019647464209149035,-2.39250519204e-05,-0.0007343842277675004,-0.033057860393760685,-0.0001698540519936998,-0.00038544822948161084,-4.675537851839967e-05,-0.33329633845067974,-0.018477548170259817,-0.0017724996722316977,-0.05649618601769135,-0.07087739913257551,-0.008693524247686213,-0.0014733488829065944,-6.123949728559989e-05,0.0003665230982826048,0.0005010735630203017,-0.001840192222877693,-0.00013646293858630282,0.00042509200041590534
0.0,0.0,0.0,-0.000821962779244699,-3.7795616157699976e-05,0.0,0.0,0.0,-0.0033344470252034963,0.0,0.0,-0.0015275527490186125,0.0021244878693823036,0.0,-0.0008521662215780004,0.0,0.0,0.0,0.0,-4.910864960240005e-05,0.0,0.0,0.0,-0.006404608272173928,0.0,0.0,0.0,3.618017445919993e-05,0.0,0.0,0.0,0.0,0.0,0.0,-0.0009344664561553029,0.0008949411248356104,0.0,0.0,0.0,0.003087009663323703,0.0,0.0,-0.05012389562148134,-0.0013474010480288984,-0.034973817355365755,-0.0020297843576080055,-0.03198523868722791,-0.005551729020983498,-9.8652340054e-05,-0.0026858834695158984,8.728226844579993e-05,-0.0005720475428642006,0.10157596211075859,-0.002182462680930898,-0.351342928442552,-0.05386794276651585,-0.17572188775166264,-0.028622980773503226,0.19465145157791142,-0.005208550565309694,-0.4264811253537868,1.7437092255400018e-05,-0.028522835899798427,-0.01962071540015009,0.0,-0.0006801584137903997,0.0,-0.00014481692673819994,-0.02499164967396794,-5.8359056890399524e-05,-6.124839471339984e-05,0.00022548266308770187,-0.00522853744746421,0.0,-0.00042948162593119815,-0.00010629285175050001,-0.11773933743874565,-0.012133780811633299,-0.0013662969504548012,0.0,-0.000895918001952406,0.0004461954506181018,0.0025805292109726263,-0.007803420642518488,-0.010740698305936103
-3.133059004009999e-05,0.00017585539989860288,-5.905416022289984e-05,0.00033419736314250006,-0.00048184294908619994,0.00046690418095830105,-0.00022789992468250087,-0.0002879596650981024,-0.0004804219234133024,0.0002530980184691986,0.004112249084098463,0.0008492445533673024,0.011192160705248977,-0.0003571891445418992,-0.0005141372212393008,6.845920138889996e-05,2.2965549101199983e-05,-9.568684182609949e-05,-0.0002654607118299998,0.00028876768822330007,0.00010385060638869962,-0.0012664227320299988,-4.1886119875699955e-05,-0.0012214718096954028,0.005215914823044593,0.0021850944533329253,0.0018287089160588799,-0.0008293132374237039,-0.0002787609601454001,-2.4438750236899405e-05,0.011563244477824697,-0.002373442275557802,1.9091961255799945e-05,-0.00032719791308989665,-0.00020298622002450084,-0.001056903815495308,-8.794943096190888e-06,0.0010550794353818005,0.0010748755682495996,0.0010633185849457938,-4.24302954966007e-05,6.0654159561496224e-05,-0.009847180611840534,0.012993233803156645,-0.008404920866169618,-0.0005806510401235032,-0.10367054778867724,0.015513305163100788,-0.00786118739619468,-2.9631404752299834e-05,-0.0024094413998467998,-0.00032669357218649987,-0.00041386738926719666,-0.001693416705489996,0.006929913276677607,-0.006095772310702713,-0.0022812760420859446,-0.000857787739998804,-0.005208550565309694,-0.08259994130458281,-0.002768982264665598,0.06391979039737539,-0.003375431705531895,-0.0031098270971941094,-8.163634452519955e-05,-0.0064417783741880785,-0.0016108126572857984,-0.02537585180359403,-0.0004639506423453066,-0.0007230483396300086,-0.0007823258160910979,-0.0034076008879999065,-0.0021659102716176937,0.00777411124054031,-0.07067047039264018,0.0011171546469005977,-0.005423370469442801,0.03794207139394601,-0.0019114639577055004,-0.003426734497627537,0.0005425260088585127,0.00038322625131310267,-0.0335474172550132,0.0016424351801923864,0.0031579521407531785
-8.533166839630002e-05,0.0,0.0,-0.017722598898381403,-0.0013410297800353008,-0.0005091364988294989,-6.506522038639967e-05,-0.0005188824021629991,-0.004814870427745893,-0.0012049722855369954,0.0,-0.0024063934854153812,0.0004025338667680012,-2.4331691969699904e-05,-0.005186110634712596,0.0,0.0,0.0,0.0,-0.0015357809509354003,-0.00016455328781640006,0.0,0.0,-0.008142124204564893,0.0,0.0,0.0,-0.0030894674561844915,0.0,0.0,0.0,-8.784402870002728e-08,3.2244856601500085e-05,-4.867050713869975e-05,-0.0033044121083011246,-0.0021001304182422104,0.0,0.00017180664969320032,0.00017123529551880002,-0.015288196638826912,0.00011957167789840002,0.00010166461220430007,0.016810164260818605,-0.000286262950587899,-0.002030824423548294,-0.002380189482875092,-0.07511837776598607,-0.0020595694105558088,-0.0001429498862839003,-0.00016792298160100104,-4.028184924609999e-05,0.0,-0.014376144209527375,-0.005937434855313201,-0.4060219195911685,-0.0042111459391366984,-0.03670265210557133,-0.0366411018291492,-0.4264811253537868,-0.002768982264665598,-1.4204933033400096,9.588506915750045e-05,0.01090626107724657,-0.10114853858998407,0.0,2.766892394239997e-05,3.2833953061699346e-05,-0.0002784408630236001,0.04345366004402251,0.0,-0.00021771792910510012,0.0,-0.03937125331384528,0.0,-9.446255838999051e-07,0.0,-0.0322820016540073,0.008682910641439445,4.135003999399987e-06,0.0,-0.004885277193281495,-0.0002412567117488001,0.003409767037108935,-0.010921266083245396,0.0005100628038605948
-3.6017050568799966e-05,0.008131968612138107,3.31361764732e-05,0.0,0.0,-4.00802443089e-05,0.0,-0.0001132650969646997,-0.000903741351190401,0.0,0.04019694535072671,-7.859622355729996e-05,0.10834011013063982,-0.00019791785350700003,0.0,-1.639826170489998e-05,0.00014308919608389987,0.005030804205727296,0.0017191857066082006,0.0,0.0,-0.004649644102743197,0.0,0.0,0.047388394075338236,0.029017498951519616,0.03603020297783477,0.0,-0.000299340382077698,0.0,0.07561684260843182,-0.0013820719190863959,-5.130942902489995e-05,0.000859079838394089,0.0,5.5160135892698414e-05,0.01038175007289227,0.007365822880204986,8.764016320760015e-05,0.00037833190376389964,4.672461208050005e-05,0.0067164195361288925,0.0002879265855917079,0.014695040309931962,0.007613123941902722,0.0005886956028115994,-0.0008017474027331994,0.0014841995918091003,0.0239037952950798,0.0,-0.005343086520800899,-0.0002818690406393,0.0,8.653669816680032e-05,-0.00019890324692119904,0.0,-0.00038614111174299637,-0.005254239356457399,1.7437092255400018e-05,0.06391979039737539,9.588506915750045e-05,0.15566843701380328,0.0025491118677249125,0.00017195981161859976,-0.00021491901122770024,-0.00016018989459949977,0.00437834864964376,-0.0010798199884722009,2.2116350730999666e-06,0.0,-0.002902419998946096,-4.602672255189994e-05,-0.0005244923683841995,0.05348700148503682,-0.0022742955959927924,0.025683941682256517,0.0,0.02695586289321561,0.0,-0.031781170490036814,0.027501970938169307,3.907860684650003e-05,0.061833428978645966,0.0,0.00019886865603490006
0.0,2.4167253835900013e-05,0.0,-3.824821529869928e-05,0.0,0.0,0.0,0.0,0.0012773571582367083,0.0,2.9928318620500022e-05,2.1215147748199952e-05,5.3720855379198185e-05,0.0,0.0,-1.7993726903699995e-05,0.0,0.0,0.0,0.0,0.0,0.00023603632669770037,0.0,-0.00019842879191269563,0.00013113820260949975,2.0061189476099995e-05,0.0,1.4368833336400166e-05,8.710074514789998e-05,0.0,0.0,0.0,0.0,-0.0004750863186435998,-2.6278454428600023e-05,0.0003566788632582002,-0.00031713862841859994,-0.0001666796416354005,-0.00012738648455440024,2.3776844692400753e-05,-0.0002022511505502,-0.00021345305157320117,-0.021980429917159983,0.0007311576025191974,-0.02612152226738451,-0.008840350061171398,-0.010070129834213737,-0.0015339532589282029,-0.000243930145666503,0.03595980219209238,9.256744569629931e-05,-0.0026916733030877965,0.0010082238195194826,-0.0002661680113413001,-0.007408297583986034,-0.2331300583968563,0.0877642915382566,-0.007197496149890237,-0.028522835899798427,-0.003375431705531895,0.01090626107724657,0.0025491118677249125,0.4045410428403642,-0.0034904144660482944,0.00036160300470520004,-0.0019592694955519185,-0.0016669087315946962,-0.0034333561815600017,0.016350750478679177,-0.006448056186332707,-5.282459395219985e-05,-0.002975681590273782,-0.014526331805051917,-0.00014248461783649986,-0.007077246453823238,0.00029682683901159634,-0.017675477726502464,-0.09667212147919813,0.0034377847349640334,0.0005894358504048014,-0.05397634516289074,-0.0011452603727785948,-0.010636535317035789,0.0005580416509842999,0.001882577413540809
0.0,-1.8127595736199952e-05,0.0,-0.00013591482023520007,-0.0002445197152544003,-0.00033894728848479945,-3.0190983305799883e-05,-0.00013868253797429987,-0.0010592533672705,-0.00047821179972020074,0.0,-0.0007253347682948941,-0.0013430682766832,0.0,-0.0008739246775464008,0.0,0.0,0.0,0.0,-0.0005965459597513014,0.0,0.0,0.0,-0.0010739356082297008,0.0,0.0,0.0,-0.00030020849241109426,0.0,0.0,0.0,0.0,3.387746231879997e-05,1.3014794649499842e-05,-0.001571430197346596,-0.0004231876354492004,4.298501134949984e-05,0.00019584731560509834,2.9358883249985465e-07,-0.004148196532337292,-1.1735536411900001e-05,-0.0003277307730751998,-0.0034341314668822898,-0.0003626990574133,-0.0017529280909904937,-0.0005544258125538964,-0.07535211562554656,0.0006930048670031053,-4.3416372317199754e-05,0.0,-0.0012379343116175005,0.0,-0.011722194699197802,-0.011985022087817265,-0.07243242603466271,-0.0017098518185797995,-0.010125021207333218,-0.010976736682853205,-0.01962071540015009,-0.0031098270971941094,-0.10114853858998407,0.00017195981161859976,-0.0034904144660482944,-0.10133678158816029,3.329906379979995e-05,0.0,-0.00013356032690500005,0.00010713157560149995,-0.00942811193347709,0.0,-0.0010760128093456993,0.0,-0.06740838221811729,-9.206962344010007e-05,-0.0001575330201484997,-0.0003242876393696999,-0.012683399305836784,-0.0018564493479842,-9.571235129039995e-05,-6.659690535319989e-05,-0.002968720857834173,7.274626334900433e-06,-0.0009332200277173963,-0.012321989902325359,-0.00016432095586869921
-6.582519477309982e-05,0.00047062091385429924,-0.0008110331894535007,0.0,0.0,0.0,0.0001231009734011003,-3.6397708026000212e-06,0.0022860211178699005,0.0,0.0,0.0,-0.0009763309961541983,0.00018652883050930026,2.3258270532999933e-05,0.04047249729647362,-0.00011204755559699993,0.0,0.0,0.0,0.006865742044078749,0.02530749446921654,0.010129466464773529,0.00627179504006814,0.0,0.0,-0.005219371927156158,0.003406161660053586,0.0002527636223793005,9.135824977420104e-05,0.0,0.0,-0.0006261626186927008,0.0013686503529631022,4.746153463800178e-06,-0.0022571392524123324,-0.0013599664371484743,0.001637645656696593,0.00038671132252540014,-0.0016993576244831998,-0.00019751898063609993,4.617796568199997e-05,0.024786047018784174,0.043760227897341686,0.005071522738626988,-0.0003877092275370586,0.0006166995668231007,5.0578972544900044e-05,0.00017312391584969975,-0.00019398829203549992,0.0016114771781556014,0.0021807326634930013,0.0,0.0,0.0,-0.0004989899746813999,1.0086029524000728e-06,0.0011220035216285978,0.0,-8.163634452519955e-05,0.0,-0.00021491901122770024,0.00036160300470520004,3.329906379979995e-05,0.3003636956456006,-0.00048250662885870876,0.0,6.962563183090034e-05,8.59262846780002e-06,0.0811208252062281,0.12972751034627272,0.021597899294841127,0.050237086253412944,0.00010741754182220023,0.00029490937103800186,0.07265875326999272,-0.012421490809910729,0.00010410595073819667,0.002583307179809091,0.0,-2.36515184422e-05,4.169781508179919e-05,-0.00016669348061829764,0.0006885297499552023,0.007349339100683472
0.0,-0.011391844744171986,-0.02247551704893691,0.0,0.0,0.0,0.0,0.0,0.0001409214041704996,0.0,6.291485534059985e-05,0.0,-6.278293158840011e-05,0.0,0.0,-0.0005834129357657983,-0.003394961638401195,-0.00014407620601729993,-0.0006659356454652016,0.0,-1.853650942660001e-05,-0.008777019510644801,-0.013239373888521394,3.427283930199955e-06,0.00010196144721789967,-0.0059484496606465875,-0.13113096743676111,0.0,0.0,0.0,1.515685367710004e-05,0.0,0.0,-0.002024805609347903,-0.0001328285036119002,-0.014951405563768921,-0.01394653939956439,-0.0052911670199904115,-0.0016030240829091047,-7.91240237055001e-05,0.0,0.0,-0.09559354615808457,-0.011340379169888393,-0.13108307798447472,-0.04847637304452879,-0.0007560988142913984,-0.00024174366521210067,-0.000226329272399,-0.002686546965294398,0.0008905186695203904,-0.07560821787299687,0.0,-0.00027024513606159993,0.0,-0.07827272002182939,0.0012377260566093229,-0.0019647464209149035,-0.0006801584137903997,-0.0064417783741880785,2.766892394239997e-05,-0.00016018989459949977,-0.0019592694955519185,0.0,-0.00048250662885870876,-0.1859122178927315,-0.014368430441905777,-0.21477435391593058,0.0,-0.03419827998755476,-0.005106972088617712,-0.114658044445072,-0.0005014161599889988,-0.0005085051100168995,-0.07126181273708454,-0.05384799107977667,0.006101141678388267,-0.0005792574164267816,-0.04122499919745071,-0.00022012060259830012,-0.0007592833048966005,-0.003085086386394209,-0.22149813830116116,-0.0009021001371789031,-0.016507839718260475
0.0,-0.0010794500946681995,1.1981431352000064e-06,0.0,0.0,0.0,0.0,0.0,0.0,0.0,-0.002572325243703405,0.0,-0.0011881093467941972,0.0,0.0,0.0,-0.00018777811085489947,-0.0012559263957171996,-0.0006233213558930958,0.0,0.0,3.981106097700085e-06,0.0,0.0,-0.00031602246778639903,-0.006658980620467936,-0.009448961143293522,0.0,0.0,0.0,-0.0008596843246447827,0.00010909715802580002,0.0,3.5869723883899876e-05,-0.00021170155939829972,-0.0003349011536240001,-0.004026426204090203,-0.0008326527824647004,-0.0006058844739166005,0.0,0.0,-0.0006114426326631981,-0.042562912117845464,0.03203307296757707,-0.018924595395167998,-0.02498943765778827,-0.0018396271770715067,-0.00024331783966790102,-0.0006483362704352014,0.0,-0.0009696402881604997,-0.00045986698583540264,0.0,3.5359376888100154e-05,0.0006214208285169991,-5.099282779059966e-05,5.058275756569808e-05,-2.39250519204e-05,0.0,-0.0016108126572857984,3.2833953061699346e-05,0.00437834864964376,-0.0016669087315946962,-0.00013356032690500005,0.0,-0.014368430441905777,-0.20158051250242615,-0.08212938821883276,6.0061133513499986e-05,-0.00028636961458199973,-0.00010225598230560046,-0.0008977586261146031,-0.0001366275869991,0.0004426308808224977,-0.18356648701746003,-0.01648313734394269,2.6732762084999938e-06,0.005341453586522438,0.0004547263622159993,-0.0007917527656947088,-0.0009305611556167936,0.0005831059547931998,-0.02113620164684371,-0.0001586867155718998,-0.003832343864797208
0.0,-0.004183203113727302,-0.006657257108535,0.0,0.0,0.0,0.0,0.0,0.0,0.0,-0.0005756068556861012,0.0,-5.490242590500127e-05,0.0,0.0,0.0,-0.0040414786279869,-0.0005486226788382993,-0.00021286064321970194,0.0,0.0,-0.0017202643718762997,-0.0005718050123877001,0.0,-0.0003602195269662989,-0.009801065664127417,-0.04847856800184924,0.0,0.0,0.0,-0.0003978962040964984,0.0,0.0,-0.0009464169502170008,-0.0001602641230666,-0.0055721222671962015,-0.006284331594690398,-0.0026166335404442104,-0.0013271021119223014,0.0,0.0,9.000906064549996e-05,-0.09713842702229236,0.0006781021091426531,-0.08054344467394481,-0.0439914121819861,-0.0009482468501530034,0.00010248519949640055,0.0004992407191790997,-5.175742831399835e-05,-0.0016671598309383057,-0.006247104533367964,0.0,-5.9805224039399894e-05,0.00010900318962290016,-0.008885786057601264,-0.000442882650430099,-0.0007343842277675004,-0.00014481692673819994,-0.02537585180359403,-0.0002784408630236001,-0.0010798199884722009,-0.0034333561815600017,0.00010713157560149995,6.962563183090034e-05,-0.21477435391593058,-0.08212938821883276,-0.29233532853817756,0.0,-0.0018847660230700003,-0.0008118140734525991,-0.016834762586493968,-0.00011642661459520002,-0.0011233393186171024,-0.2248511838287115,-0.05768532778152746,-0.001081451805643098,0.0007755453321306172,-0.008100600303312389,0.0003597736436091008,0.0007586048136005996,-0.00019827520942899968,-0.12518246231504015,-0.0003827243943295999,-0.012079648676926596
0.0,0.0,0.0,-0.00077881275149419,-0.00010922561217550008,-0.0001707102289968997,-1.4384236269000014e-05,0.0,-0.005916615938807185,0.0,0.0,-0.0004525923463576942,0.002857504784604989,0.0,-0.0006248717425434008,0.0,0.0,0.0,0.0,-0.0002434490405862997,0.0,-8.573598223489995e-05,0.0,-0.006866936336479279,0.0,0.0,0.0,0.00027682418593620237,0.0,0.0,0.0,0.0,0.0,0.0,0.0,-0.0003237935627068006,0.0,0.0,0.0,0.0007880160300139383,0.0,0.0,-0.0022008387080961755,-0.00048240696978229993,-0.0017310052757444905,-6.944810383290034e-05,-0.016926609905660472,-0.0013123616236958013,0.0002522989059142002,-0.0001273388826585004,-7.022441426499999e-05,0.0,0.10166891059502703,-0.0005611852554773984,-0.018368238683070914,-0.0010082706985813095,0.004983724537648837,-0.033057860393760685,-0.02499164967396794,-0.0004639506423453066,0.04345366004402251,2.2116350730999666e-06,0.016350750478679177,-0.00942811193347709,8.59262846780002e-06,0.0,6.0061133513499986e-05,0.0,-0.07607575232569541,0.0,7.72708090920001e-06,5.1591781076299967e-05,-0.010928338197812026,0.0,0.0,0.0,-0.007750560550852326,0.004535314166351279,-1.663621861430005e-05,0.0,-5.93723385491976e-05,-2.1324177380499694e-05,0.002913405890924786,-0.0012728557563209987,-0.0035524291960861987
0.0,0.00017400322353689998,-1.6392137330599964e-05,0.0,0.0,0.0,-0.00017826523601810018,0.0,0.0008071575382459992,0.0,0.0,-1.2789323052300001e-05,-0.0005355275576322989,0.0,-4.94988747518e-05,-0.010165791744842556,0.0,0.0,0.0,0.0,-0.0013505868660196874,0.00584082771454858,-0.002485152307165922,-0.003296496630601109,0.0,0.0,0.00021775078518999902,-0.002805913213807243,-0.00031654217219530094,-0.0009186485643343026,0.0,0.0,0.00013108820879070143,-0.00046969878811729815,-0.00012770871075030044,-0.01091449979311132,-0.0015013974523387097,-0.0006400124178842989,-2.556810587270005e-05,-0.0009625554648568999,6.59265755087e-05,0.0,-0.10928126654567283,0.018536318427623932,-0.11025109433693991,-0.06696804099899811,-0.0015088531814141104,8.674045846309916e-05,3.182306332570042e-05,-0.002681288782603,0.0009354633886261999,0.019792759126210868,0.0,0.0,-0.0005616798184100002,-0.04429567734949291,-0.0049611632498181985,-0.0001698540519936998,-5.8359056890399524e-05,-0.0007230483396300086,0.0,0.0,-0.006448056186332707,0.0,0.0811208252062281,-0.03419827998755476,-0.00028636961458199973,-0.0018847660230700003,0.0,-0.4218411332254668,0.00504231526936702,0.043336223748774216,0.00019051648153878276,0.0,0.006108501599116717,0.011978922408221182,-0.05438606072583951,-0.012356930863545057,-0.21981945355449106,0.0,-0.0003430109027828983,-0.009494151533917777,-0.16022889588937783,0.0012934477555628932,0.00032164737695561385
3.8491034908699935e-05,0.0035032355543630905,0.00038831575086420433,0.0001491737487381,2.5322053223900045e-05,-0.0001588983876133999,-0.00022304082514130324,0.00018764212609070213,0.0006142520513451877,-0.00017079781017690027,-0.0016583278918900005,-2.3138437820100074e-05,-0.001983966665468802,-0.0001571141444930979,-7.918374292540005e-05,0.02463195504269655,0.002712037885652094,7.012872420320004e-05,0.00018764752763100008,0.0,-0.00033787405104218626,0.041116311702233954,0.013784511956132839,-0.009580553929549707,-0.0012662616057896002,0.00019079912272389893,-0.0004633817983754618,-0.0014911170725009915,-0.0001535638999506997,0.0008483998497089001,-0.00012098126965369958,1.865279368299961e-06,0.00024281696836690042,0.0021160467600357113,-0.00025828362864000094,8.489131800437644e-05,0.00044481740070470566,0.00802466236044641,0.003102844062040991,0.00011579196645879891,-4.080302560750034e-05,-0.0006105919360548002,0.020209145906930015,0.006127853084015894,-0.0003367886962753197,0.0018566701408747888,-0.0010480790127890965,-0.00014379155403999996,-0.0014856990252429987,-0.0007893379485924001,-0.008586578085547414,0.0013476256653681962,-4.1743051339500044e-05,-6.0079795769798355e-05,-0.00010332040117509993,0.0009663704768740032,-4.219672815999973e-05,-0.00038544822948161084,-6.124839471339984e-05,-0.0007823258160910979,-0.00021771792910510012,-0.002902419998946096,-5.282459395219985e-05,-0.0010760128093456993,0.12972751034627272,-0.005106972088617712,-0.00010225598230560046,-0.0008118140734525991,7.72708090920001e-06,0.00504231526936702,-0.12387965082495533,0.024734642372826687,-0.0726165292055585,-0.009023773518528233,-0.0032162375737283116,0.14580440710505016,0.006234842721328904,-0.0015216765565123913,0.002204100226506703,-0.0002743453388958008,-8.173714699380007e-05,0.00027039928366949864,-0.0006671851360899039,0.0005142862564405,0.013640658093813263
0.0,0.00014021739026770508,-0.007063718854543183,0.0,0.0,0.0,0.0,0.0,0.00039555064762140067,0.0,0.0,0.0,-0.0031366190790875006,0.0,0.0,-0.13898416875409758,-0.0004252007014875006,0.0,0.0,0.0,-0.013693259292672677,-0.006313405444824116,-0.14395460270312377,-0.0031011423271212063,0.0,-0.00047147427837669967,-0.07385032388704982,-0.0016648737571190036,-0.0002520822397478,-0.0006125636165684005,0.0,0.0,-0.0005508061365329,-0.00022377341069549847,-0.0002660664466116007,-0.029787065172741822,-0.013130984568846676,-0.006304355998493216,-0.002052674955408798,-0.001514746919069502,-2.0357051949599985e-05,1.139338628599999e-05,-0.35603703430627043,0.06407555564188439,-0.18191140903918512,-0.196113391763987,-0.0023693113588555137,-0.0014452753954191933,-0.00037326730912499995,-0.002024613243542306,0.003572233871536004,0.20034927172440575,-0.00014994329081669997,-1.1199877088200068e-05,-0.00038490322588750035,-0.03456503568062885,-0.0007620288513494056,-4.675537851839967e-05,0.00022548266308770187,-0.0034076008879999065,0.0,-4.602672255189994e-05,-0.002975681590273782,0.0,0.021597899294841127,-0.114658044445072,-0.0008977586261146031,-0.016834762586493968,5.1591781076299967e-05,0.043336223748774216,0.024734642372826687,-0.41110701699209073,-0.0004740425071104726,-3.658380489200176e-06,0.023095995196947605,0.10478924483163787,0.06873145530663027,0.002996432599823906,-0.07202753936994233,2.9343927151700066e-05,-0.0005913510578795973,-0.004392918036522309,-0.15547294008863188,-0.0013796766579262099,-0.0542714571245444
0.0016077751385008,0.0006270969011810991,-0.00011307605619460034,-0.024179430537582203,-0.0033714835869452023,-0.0047471519470771995,0.02741654301458718,0.007050641396770585,-0.023972326832426782,-0.012505467703647577,0.0,-0.02433139102116122,0.0009321157347034759,0.004625234857270594,-0.0062151444470262,0.004321421316367424,0.0,0.0,0.0,-0.024097540977781717,0.007103490199083906,0.01242893270000639,0.00020526961278660716,-0.052342558413918105,-0.00022057730217870004,0.0,-0.0007582176243533037,-0.01110049368714705,0.006751783131738187,0.007372752018235895,0.0,-0.00016623973808560033,0.001198658765397903,0.004871760843924489,6.90295830232e-05,0.029452901257096542,0.0007688218863339952,0.0025845434754298013,0.0001262410425793975,-0.016376800925020252,-0.00038915067655189914,-2.550943804729977e-05,-0.05640401950822893,-0.002083325634769803,-0.02144526347418607,-0.006545110682406818,-0.0732079345679848,-0.0050889968662612,0.0002176627177401004,-0.007786461488016705,-0.008960171340178125,0.0016392939150529917,0.0522874137204119,-0.015677468278338935,-0.014983069774495206,-0.030552514684232257,-0.01862243316166151,-0.33329633845067974,-0.00522853744746421,-0.0021659102716176937,-0.03937125331384528,-0.0005244923683841995,-0.014526331805051917,-0.06740838221811729,0.050237086253412944,-0.0005014161599889988,-0.0001366275869991,-0.00011642661459520002,-0.010928338197812026,0.00019051648153878276,-0.0726165292055585,-0.0004740425071104726,-0.3566491511326042,-0.0028672164518974974,-0.00023363751708019992,-0.05006753736873648,-0.12056472601804558,-0.037734698268889755,-0.0049081397714138,0.0,-0.0026959220942805034,0.0002526075034061104,-0.005029740917107006,-0.0016278095042690094,-0.01607329648102518
0.0,0.0011560929976918155,-4.606960631400002e-05,0.0,0.0,0.0,0.0,-6.552520557530014e-05,-0.0005164788875539998,0.0,0.0003393407335305354,0.0,0.010546348925526972,-6.411649436320003e-05,0.0,0.0,0.0013689454531753999,0.0012494912292093999,0.0014428564384505044,0.0,0.0,-0.001507547533169,5.082599773400002e-06,6.737417518299998e-05,0.016895600069863903,0.014636766140021018,0.014109844931558757,0.0,-8.787677958879865e-05,0.0,0.007596082647188501,-0.001057949519539001,0.0,9.627842220599758e-05,-5.992213913199999e-06,-0.0021350345937875964,0.0009623704982412995,0.0016338589929094094,-0.001187733170906799,-1.5971053746299986e-05,-7.288959473429997e-05,0.0013981744234572019,-0.00015556007796140026,0.002995999753761483,0.0008657891429322967,-7.98881773862014e-05,-0.0011226952342132009,-5.015236913829993e-05,-0.0002887025017504763,0.0,0.014791379213618727,0.00013205543936100055,0.0,0.0,0.0,0.0,0.00018677598712229983,-0.018477548170259817,0.0,0.00777411124054031,0.0,0.05348700148503682,-0.00014248461783649986,-9.206962344010007e-05,0.00010741754182220023,-0.0005085051100168995,0.0004426308808224977,-0.0011233393186171024,0.0,0.0,-0.009023773518528233,-3.658380489200176e-06,-0.0028672164518974974,0.0068408446097512066,-0.006245345090020893,0.04486293463288238,-0.00021724966418290017,1.2152151568699948e-05,5.963878825599963e-06,0.005239141012896201,7.614594816799519e-06,-7.9813475791e-06,0.001149548591273298,0.0,-0.00016676841877690017
0.0,-0.018798759809816212,-0.012479401933227274,0.0,0.0,0.0,0.0,0.0,-0.00016937343318339996,0.0,-0.01669508354974769,0.0,-0.011818487906643527,0.0,0.0,-0.0006412184859071,0.006642348331439729,-0.011293083453340513,-0.0005321365336781181,0.0,0.0,-0.0052183950500406945,-0.0020409411406557,2.6006800318500024e-05,-0.003813312253598211,-0.022591341122323527,-0.21933498539108953,0.0,2.55307550750002e-06,0.0,-0.00902190348160059,-5.4109871424600116e-05,0.0,-0.004568229747070024,-0.00015264858199449992,-0.023259062890314985,-0.04642568953585435,-0.009883937029457779,-0.006150986645992895,4.726381986130002e-05,0.0,0.00014385985526929948,-0.10073646250134516,0.011270498587991007,-0.042034376505937665,-0.05283777994025196,-0.0004964859730222995,-0.00021088604508569947,-0.0031754613849707958,-0.000909459400788501,0.004178398134729311,-0.006792896897053424,0.0,5.540564970170001e-05,0.00013848088046749998,-0.03537676545851132,-0.002528405043037807,-0.0017724996722316977,-0.00042948162593119815,-0.07067047039264018,-9.446255838999051e-07,-0.0022742955959927924,-0.007077246453823238,-0.0001575330201484997,0.00029490937103800186,-0.07126181273708454,-0.18356648701746003,-0.2248511838287115,0.0,0.006108501599116717,-0.0032162375737283116,0.023095995196947605,-0.00023363751708019992,-0.006245345090020893,-0.6922047213218576,-0.01617724495910622,0.00744345196518903,-0.00023748206014609363,0.0044426210789866305,-0.025799730520796982,-0.0010015375536683024,9.570821142359902e-05,-0.014876206554252591,-0.00022131067627900042,-0.012045107955392709
0.0,0.02291091838197401,0.022988706858396046,0.0,0.0,0.0,8.674463775700002e-05,0.0,0.003151109755928902,0.0,0.002838323822785205,0.0,0.027540130652318195,0.0,0.0,-0.035210768881737575,0.0819698327226619,0.004505476215106552,0.025174830193453124,0.0,0.0008430544012558994,-0.01052976058480004,-0.04824892199965625,-0.0007504587518966932,0.03450383540036572,0.17326345407851296,-0.2029139536045328,-0.0006758500348020974,-0.00018102512086659995,-4.2764008179900156e-05,0.032491551179271605,0.00012056792696299987,0.0,0.009883623214421267,-0.00036833424396539964,-0.03792500892677175,-0.0362348135369821,0.03752661628037357,0.0069809352543848124,0.00024151906101559963,3.550191972700003e-06,0.002469731619126808,-0.17454931686228115,0.06516482794485245,-0.062122041967278996,-0.10797417983498514,-0.0025348170788615093,-0.0001248833765808005,0.0028233858826317015,-6.609156562470062e-05,0.30086625292368474,-0.011208936562223215,-3.483023621169996e-05,-2.3392481068600004e-05,-3.300651321970006e-05,0.012097566769121881,5.371738577650102e-05,-0.05649618601769135,-0.00010629285175050001,0.0011171546469005977,0.0,0.025683941682256517,0.00029682683901159634,-0.0003242876393696999,0.07265875326999272,-0.05384799107977667,-0.01648313734394269,-0.05768532778152746,0.0,0.011978922408221182,0.14580440710505016,0.10478924483163787,-0.05006753736873648,0.04486293463288238,-0.01617724495910622,-0.1835762083834993,-0.023563811620532338,0.0003262943313273037,0.0032150730883666045,-0.0064351313647856845,0.0007194182153740999,-0.0005234147545109986,-0.03056977472161948,0.0001725595008803954,-0.01506014455104232
0.0003920727390354997,2.2628997652100052e-05,0.0,-0.00476029930946148,-0.00011266288435549999,0.00035205105741229967,0.007086027097951586,0.0015296162951460024,-0.010299939827680626,1.815623309969934e-05,0.0,0.003923588406232914,0.006100357995047712,0.0002217692946548007,-0.0012610992971544,-0.0024633632161836228,0.0,0.0,0.0,-0.0006707649773933927,0.0036006393763324818,0.009567486538881675,0.0007534386805166937,-0.052053004900159294,0.0,0.0,3.166982254569975e-05,0.01425393928727603,0.0009048080831283029,0.001573619923982389,0.0,0.0,-8.551547847770319e-05,0.0007285977718006001,-1.582320136420004e-05,0.0040112896291908395,-0.00030291571552659713,0.00038720119360929894,6.409399451609999e-05,-0.0031011156742637436,6.391622995429998e-05,0.00040436793285549954,-0.16760901993253174,0.0014759103432867016,-0.09526460566338502,-0.03121443458014439,-0.03114626393403719,-0.004829363233661593,0.0002863678140684993,-0.010470869837601093,0.0007997442855176007,0.01265355708330096,-0.17023848109307238,-0.0017387971751367942,-0.047363607339730995,-0.06699436980210294,-0.05337481705099001,-0.07087739913257551,-0.11773933743874565,-0.005423370469442801,-0.0322820016540073,0.0,-0.017675477726502464,-0.012683399305836784,-0.012421490809910729,0.006101141678388267,2.6732762084999938e-06,-0.001081451805643098,-0.007750560550852326,-0.05438606072583951,0.006234842721328904,0.06873145530663027,-0.12056472601804558,-0.00021724966418290017,0.00744345196518903,-0.023563811620532338,-0.3143011553449142,-0.042176342168481984,0.0833017929747415,0.0,-6.488631243289911e-05,-0.005006336450136484,-0.038799992674217076,-0.0052044704441143175,-0.03434976576641646
3.230757229630006e-05,-7.6063413682997925e-06,3.100147720860001e-05,0.00012032713128789976,2.4800088316299972e-05,0.0,0.00014900247653869964,-9.453273898700005e-06,0.0013100948298274129,0.0,0.0008630047737289981,2.771697268099966e-05,0.0005413266303361947,0.0,-0.00014300271886840007,-0.00028126061165879845,0.0,0.0,0.0,0.0,0.001158143979652304,0.001051380825901796,0.00018399029053359998,-0.0032433850058912195,0.0009526521414493991,0.0002062845372502,-0.00014470850165790002,-0.00011601939627869928,2.856744586800068e-06,-0.0001792935789063999,1.8353067333299992e-05,-3.4131321573300014e-05,-0.00037528196539780064,0.00011499274876449958,-5.366573601109999e-05,-0.0017906549985037962,0.0007844549692486002,-0.0004150871911333051,-6.363952914950014e-05,-0.0009810378537404019,0.0001563856330933002,0.0006628327956599012,-0.026047941656615947,0.002652748370722005,0.008181983051430919,-0.003776074822896297,-0.005181578137798015,2.861270841059832e-05,0.0013246847057607064,-0.1425193635931179,-0.0002676448923585005,-7.52210625201994e-05,-0.0028152548164444013,0.0004154198392796,-0.004522896839892293,-0.05673804099931612,-0.027063125052041115,-0.008693524247686213,-0.012133780811633299,0.03794207139394601,0.008682910641439445,0.02695586289321561,-0.09667212147919813,-0.0018564493479842,0.00010410595073819667,-0.0005792574164267816,0.005341453586522438,0.0007755453321306172,0.004535314166351279,-0.012356930863545057,-0.0015216765565123913,0.002996432599823906,-0.037734698268889755,1.2152151568699948e-05,-0.00023748206014609363,0.0003262943313273037,-0.042176342168481984,-0.46055303844682527,-0.04305006650273846,0.0021424686641310087,-0.023712525660071204,-0.033189191277567254,0.008387504078981589,-6.971385699020005e-05,-0.0001864385288454229
0.0,0.0001247201212660001,6.359148041100004e-05,2.523084473219999e-05,0.0,0.0,0.00011470548144270004,0.0,0.0027205165955020982,0.0,0.0,0.00012919433148620004,-0.0006345217849634995,0.0,-7.727556665270015e-05,0.0006169142879090955,0.0,0.0,0.0,0.0,0.0014494920796454952,0.0020095796658953016,-0.00023421828123709916,0.0003439177832963991,9.501785250980003e-05,-1.6751609184500007e-05,-0.00030096700798750006,-0.0025948424255273217,0.00014093128728089998,-0.0002096517602572,0.0,0.0,-0.0004508233878883,-3.274695014880008e-05,-6.499270043569994e-05,-0.0034955204856385036,-0.0005603091414016978,-0.00010034461242139879,5.257625452000005e-05,-0.00042455182009520226,0.0,6.085722330869997e-05,-0.05321925898382429,0.0023990497955903023,-0.052064553327745955,-0.019386850453250115,-0.0020849637603091026,-1.8552346059500305e-05,0.0,-0.1035833152512029,0.00030466121475159966,0.003921791362381799,-3.07788575196e-05,-6.22434083890999e-05,-0.0007723081666505,-0.22407473650501508,-0.0072739324538493855,-0.0014733488829065944,-0.0013662969504548012,-0.0019114639577055004,4.135003999399987e-06,0.0,0.0034377847349640334,-9.571235129039995e-05,0.002583307179809091,-0.04122499919745071,0.0004547263622159993,-0.008100600303312389,-1.663621861430005e-05,-0.21981945355449106,0.002204100226506703,-0.07202753936994233,-0.0049081397714138,5.963878825599963e-06,0.0044426210789866305,0.0032150730883666045,0.0833017929747415,-0.04305006650273846,-0.28694184322761984,0.0,0.00047440349034429986,-0.03884523282209318,-0.16569265091618846,-0.0014679513115605988,-0.012373084518267685
0.0,0.0011924018365798011,0.0,0.0,0.0,0.0,0.0,0.0,0.0,0.0,0.0068369273364563,0.0,0.021881888564957874,0.0,0.0,0.0,5.031770095769995e-05,-0.0011745997000782993,0.0008520110357175953,0.0,0.0,0.00019196285896689994,0.0,0.0,0.004600931040403114,0.00810917880366413,0.008596587586674698,0.0,2.4512453006500013e-05,0.0,0.017118168595353866,-2.4905806055199996e-05,0.0,-0.00026973284398550124,0.0,9.85986926384996e-05,-0.0008952097036160067,0.0005247187468092954,0.00034411712773490047,0.0,0.0,0.0006106948018854003,-0.0021412536329682985,0.008527380344233393,0.007924669846973598,0.00043542045527800166,0.00014793047448479965,2.711415551980012e-05,0.0006663591735424079,0.0,-0.0007575595958271009,0.0,0.0,0.0,3.383275175839959e-05,0.0,-0.001245023051366501,-6.123949728559989e-05,0.0,-0.003426734497627537,0.0,-0.031781170490036814,0.0005894358504048014,-6.659690535319989e-05,0.0,-0.00022012060259830012,-0.0007917527656947088,0.0003597736436091008,0.0,0.0,-0.0002743453388958008,2.9343927151700066e-05,0.0,0.005239141012896201,-0.025799730520796982,-0.0064351313647856845,0.0,0.0021424686641310087,0.0,-0.029093974354218677,0.0011030589527694992,0.0,0.0022245488812213943,0.0,-4.19927838697003e-05
0.0,0.00041452196133339933,0.0,-3.7183415298600074e-05,-5.139740447790002e-05,0.0,0.0,-0.00013883330797679998,0.0001423561899717,0.0,0.0005289279398485031,0.0,0.0011568381211285034,-5.056977284119998e-05,0.0,0.0,0.0,0.0,0.0,0.0,0.0,0.0,0.0,2.3443867985399998e-05,0.0007220334677367005,0.0002861246921825999,9.706738880220023e-05,0.0,0.0,0.0,0.0001269981256305998,-8.879969387179994e-05,0.0,0.000161705374945198,0.0,-0.0004567820097404005,0.0002820445184177015,-0.00023709815650760357,0.0005420274637697974,-1.4395525619799801e-05,-0.0007135066040083998,0.0008150504766719011,-0.0022599515098593592,0.0013350671760258975,0.002576937948893243,0.0005465403653155954,-0.00211438839514666,0.021685199910155273,0.0044331622721223984,7.695475983959983e-05,-8.941465464209998e-05,0.0,-5.4416642118299994e-05,0.016123902040712457,-0.004752167546723918,-0.0015654194920293948,-0.03581137863978445,0.0003665230982826048,-0.000895918001952406,0.0005425260088585127,-0.004885277193281495,0.027501970938169307,-0.05397634516289074,-0.002968720857834173,-2.36515184422e-05,-0.0007592833048966005,-0.0009305611556167936,0.0007586048136005996,-5.93723385491976e-05,-0.0003430109027828983,-8.173714699380007e-05,-0.0005913510578795973,-0.0026959220942805034,7.614594816799519e-06,-0.0010015375536683024,0.0007194182153740999,-6.488631243289911e-05,-0.023712525660071204,0.00047440349034429986,0.0011030589527694992,-0.027888184872139732,0.0002456553135463009,0.018508505922591123,0.0015605547938108977,0.0036907629995752006
0.0,0.0,-8.148939897100003e-05,4.875054456159999e-05,0.0,0.0,-0.00017220084385760007,0.0,0.0008610122361727007,0.0,0.0,0.0,-0.00022348493426989965,0.0,0.0,-0.00029299826400250046,0.0,0.0,0.0,0.0,-0.0005141455798273013,0.0004697311973594978,-6.35843572117001e-05,0.00015343988794379315,0.0,0.0,5.2598281239299915e-05,-0.00047675530261809956,-3.2843179050400005e-05,-6.751058050519991e-05,0.0,0.0,2.55247095555999e-05,0.0,-6.0637981225299955e-05,-0.0006004724458934033,-4.4148064180012797e-07,-5.7251018282499996e-05,-2.3266839399899934e-05,0.00011503908898660015,0.0,0.0,-0.007488123545089806,6.484350752530062e-05,-0.004123379910838998,2.0541624292033656e-06,-0.0005886635746999991,1.606452273599998e-06,0.0,-0.0014580176422731017,-5.207765686009993e-05,0.00017917952886449973,-0.0002902434915609004,0.0002474089742227001,-0.00010159443160690038,-0.0013812197242405039,-0.0008658896299822,0.0005010735630203017,0.0004461954506181018,0.00038322625131310267,-0.0002412567117488001,3.907860684650003e-05,-0.0011452603727785948,7.274626334900433e-06,4.169781508179919e-05,-0.003085086386394209,0.0005831059547931998,-0.00019827520942899968,-2.1324177380499694e-05,-0.009494151533917777,0.00027039928366949864,-0.004392918036522309,0.0002526075034061104,-7.9813475791e-06,9.570821142359902e-05,-0.0005234147545109986,-0.005006336450136484,-0.033189191277567254,-0.03884523282209318,0.0,0.0002456553135463009,0.03201214102614092,-0.03636467041799052,-0.00046049953118229917,-0.0012306493684720032
0.0,-0.0010727101814016066,-0.0012655620603143,-4.074448920650007e-05,0.0,0.0,0.00029602249576780003,0.0,-0.000407894599871797,0.0,0.0046352886746895,7.129407696560008e-05,0.003127347315344281,-0.00012598166350259997,7.04023365361e-05,0.00013695439990450003,-0.0008194499458700003,-0.00010127953888910003,2.0484244425599853e-05,0.0,-0.00011112201282729994,-0.0007643077756844981,-0.0006746084427802987,-0.0010242287544606071,0.001371537995412099,-0.0011769929767314058,-0.009433447722240793,-0.0005240900653379968,2.5127348064599934e-05,3.5519294024600155e-05,0.0007620021984935006,-0.00014978447764460012,5.335712537660013e-05,0.00022112392229229998,-0.00011398003223009974,-0.000888976155188001,-0.0002275082144381005,-0.00031555634508100006,-0.0003621821917703001,-2.869406007680042e-05,-8.433649701130008e-05,0.00024913236787399776,-0.016059662217749904,-0.0004875189166109739,-0.059489363604608325,-0.009753378145337693,-0.0013544077132777166,-0.0018824635737776096,0.02288023549050544,-0.0027745322882452017,-0.001443933999753802,-0.0038131685936524107,-0.001222923890939795,-0.018646203540278905,-0.0008129050006113886,-0.01780124173815356,-0.004933781369776319,-0.001840192222877693,0.0025805292109726263,-0.0335474172550132,0.003409767037108935,0.061833428978645966,-0.010636535317035789,-0.0009332200277173963,-0.00016669348061829764,-0.22149813830116116,-0.02113620164684371,-0.12518246231504015,0.002913405890924786,-0.16022889588937783,-0.0006671851360899039,-0.15547294008863188,-0.005029740917107006,0.001149548591273298,-0.014876206554252591,-0.03056977472161948,-0.038799992674217076,0.008387504078981589,-0.16569265091618846,0.0022245488812213943,0.018508505922591123,-0.03636467041799052,-0.1784416608928776,-0.00043348931917279454,-0.004153664244852501
0.0,-8.599830521680008e-05,0.0,0.0,0.0003724634127239999,-0.0015585655155780087,0.0,-0.0003233693249386001,0.00038710581896589727,0.0,0.0,-0.01559538347454037,8.331748525110087e-05,-0.00017754513577610003,-0.004051751648062318,-4.663640006379987e-05,0.00010559183432270005,0.0,-1.5123051336899925e-05,0.0,-5.11878877955999e-05,-6.291845636750013e-05,0.00032454772813790035,0.00031473776858120025,-7.701103574179991e-05,0.0,0.0002651726296774002,0.0,-7.535093605260008e-05,-0.00023799791382200005,0.0,0.0,-1.506033564209995e-05,0.00019673061859210028,-1.3950776772872757,0.010245428165763348,-6.87556027023084e-05,0.004615179699323402,-0.0011677606928630624,-0.0013259171637906991,0.0012162746210402017,0.00012121398273199995,0.037176760482545035,0.0036411939442262398,0.006449590039800723,0.010570246772610314,0.00312884822073059,0.0013133823702571046,2.549423225130243e-05,-8.579131188190007e-05,0.00044676124554290063,0.00025553112983940033,-0.0003400177397315015,5.494092009420001e-05,-0.03768037629172216,-0.003679195094908605,0.0004662187504568954,-0.00013646293858630282,-0.007803420642518488,0.0016424351801923864,-0.010921266083245396,0.0,0.0005580416509842999,-0.012321989902325359,0.0006885297499552023,-0.0009021001371789031,-0.0001586867155718998,-0.0003827243943295999,-0.0012728557563209987,0.0012934477555628932,0.0005142862564405,-0.0013796766579262099,-0.0016278095042690094,0.0,-0.00022131067627900042,0.0001725595008803954,-0.0052044704441143175,-6.971385699020005e-05,-0.0014679513115605988,0.0,0.0015605547938108977,-0.00046049953118229917,-0.00043348931917279454,-1.6438051492970374,-0.1875293753622529
-0.0004287715402240006,-0.000667338127163894,0.0018460605299232824,-0.0006412687425745023,-0.00026886546962839875,-0.0008036049149234004,-0.003531941468915084,-0.002396287847379497,-0.0021626821087047943,-0.00010914159259511891,-0.0013562086604314988,-0.0008298647070955623,0.0017347440879280085,-0.0016877788115965964,0.0014290428072373934,-0.0015785472327549122,0.010179592877602589,-0.00023643142769000022,-0.0021138289480188976,0.0025882824190393977,-0.00946509299472087,0.0014098274516686077,0.048946476304173814,-0.01833181421704677,-2.2622781280799958e-05,0.00019350196940930153,0.0056754173429018895,-0.006241658387584614,-0.004900831513589166,-0.003812790709248892,0.0002533566089999006,-0.005063334634276495,-0.0024143561181686896,0.004224049469940094,-0.03691339350503853,0.029801463379411253,0.06174261596904085,0.041746951264772125,0.02990955769089343,-0.0005226138808701875,-0.0008202302910294834,0.0002400843146417031,-0.0012649263213591055,-0.06326647267133367,0.0032332769496454805,0.06526395353077952,0.0043354135926859105,0.0026861028824508026,0.00046732184750990224,-0.0011072907245104017,0.0028610327790063866,-0.004139618912528398,-0.0030967670268596953,0.00046811112952419975,0.004618430822068809,-0.013191032770205391,-0.00044878536436790406,0.00042509200041590534,-0.010740698305936103,0.0031579521407531785,0.0005100628038605948,0.00019886865603490006,0.001882577413540809,-0.00016432095586869921,0.007349339100683472,-0.016507839718260475,-0.003832343864797208,-0.012079648676926596,-0.0035524291960861987,0.00032164737695561385,0.013640658093813263,-0.0542714571245444,-0.01607329648102518,-0.00016676841877690017,-0.012045107955392709,-0.01506014455104232,-0.03434976576641646,-0.0001864385288454229,-0.012373084518267685,-4.19927838697003e-05,0.0036907629995752006,-0.0012306493684720032,-0.004153664244852501,-0.1875293753622529,-0.006357429037016971
