4.739242314179392,0.0,0.05052152259848373,0.0,0.0,0.0015330494489954611,1.9006237799583394,0.21990621306263303,0.006315103028638048,0.019036450963536452,0.007649988712362052,0.0036108906842835377,0.00015015801760438904,4.258070261331913,0.0,0.0,0.16592095295113796,0.0015857651212039415,0.012576114969721885,0.024876764726804307,0.10173618411341302,0.001000935514437229,0.4956336859204356,0.034180872350189684,0.000251565980753545,0.030130177218095154,0.029375818474167103,0.06837916743309069,3.7452021737888765,2.5918782591604566,0.0,0.00222912786967241,0.04447487806292427,0.11971274076163763,0.0,0.022538870649829394,0.0036239045663656825,0.09125765975113512,0.021209563263010704,0.007443482363514829,0.0012588174861910926,0.0010804473022179664,0.0009812282364833273,0.0,0.0006242438124153844,0.0005808740101168276,0.0,0.0,0.0,0.0,0.0004115881627525845,0.0,0.0,0.0,0.0,0.0,0.0,0.0032181185549870622,0.0,0.0,0.0,0.0,0.0,0.0,0.00021662410330612134,0.0,0.0,0.0,0.0,0.0,0.00015316342003316068,0.0,0.007311466383914083,0.0,0.0,0.0,0.0044121904374961555,0.0,0.0,0.0,0.0,0.0,0.0,0.0,0.0010593704326299477
0.0,2.7219341684715856,0.1252420831886102,0.0,0.0003071043865934285,0.0,0.004186214136580909,0.005280740386702309,0.8416740006321634,0.0,0.1335072608480309,0.0006634830479428675,0.9382361104573922,0.026585585308176132,0.016157205138915234,0.21876380358555447,0.2502116795381928,0.011030042350242537,0.225790173486364,0.0,0.026130372639060265,2.014408453810081,0.11432943047562569,0.5339511112033603,2.8888344433885798,0.6721338142851981,12.79275337458674,0.024773661356203347,0.0363597791823403,0.0038363807125816577,0.09278908400935845,0.0021600271099253216,0.002323974159869837,0.31655180280519946,0.0014399335214253899,0.3958451106914564,0.45863244328561087,0.34206332298132125,0.2631629281441417,0.010805064983642707,0.0040391365484149944,0.05178865116187795,0.08996401764637561,0.10235119211451882,0.06793939611567092,0.08776764891720862,0.0005605786176691573,0.0007200454572749515,0.07710967967876367,0.0,2.852422686624251,0.06679895259862512,0.0,0.0,0.00037118575911318226,0.0,0.00044731050381065945,0.017753002475097524,0.0,0.0484274138886803,0.00017205787069372424,0.16383855838019198,0.0007526667111204795,0.0,0.06182102340225454,0.08011679354906273,0.0019928097618286443,0.04737504723248628,0.0,0.002501120264621922,0.15779787042468083,0.03464467007100301,0.009436025627478596,0.08300957981395275,0.3005385133412785,2.3780478272737264,0.0022788054005151224,0.0010909403274834439,0.0032961411271835825,0.055955269925521335,0.0011759865768466693,0.0,0.03344906421072341,0.00023648152219073092,0.054473438028416164
0.05052152259848373,0.1252420831886102,23.70736362664597,0.0,0.0,0.0005908612821023415,0.3293441381113352,0.0814270210003011,0.008170798938105833,0.0008736279411254251,0.0071594561168115195,0.0,0.0006286286006646822,0.29279952255345043,0.0,0.023238447880070665,3.567240692726198,0.009313049042188201,0.40434901484775787,0.0,0.4696497118563012,0.02311768473759613,10.784029360677353,0.021217082796267966,0.0005179873505956008,7.6080199222673945,12.714905740409339,0.27708653374381326,0.0841287244900419,0.5622384638451927,0.00022244656807624637,0.00029002134417849826,0.004994128227734921,0.5142921426169617,0.007346012008823804,1.25942019858497,0.32136377011709316,0.9120433975601242,0.8453231153320827,0.02522645906291535,0.011179759187223649,0.0015111567247577452,0.14023992365484447,0.05156341673186529,0.09972060252455975,0.1587976827896947,0.0,0.0005916337354956859,0.0,0.0,0.1439086373937408,0.5224268114271621,0.0,0.0,0.0,0.0,0.0,0.0,0.0,0.0003135242274260335,0.0,0.0002037443430270132,0.0,0.0,0.02245022424661088,0.20136779759601472,0.0004368881518207596,0.038007120222317524,0.0,0.0006061247139345861,0.022235445913111,0.04242163079344669,0.0,0.0,0.23419089599577875,2.0227851043076046,0.0,0.0,0.0006490108345064338,0.0003630185420689583,0.0,0.0,0.02737985733639288,0.0022474294485882672,0.215526132333975
0.0,0.0,0.0,15.298143395450357,0.0040841696411670625,0.04723236197862009,0.08952659130141201,0.06154796799981785,0.5082795887907717,2.0216403284163107,0.0,0.7958443185254246,0.0001421803953071718,0.03838510840505592,0.13828326009338543,0.0,0.0,0.0,0.0,11.196206025638835,0.0,0.0003965996941433554,0.0,1.6801436123423001,0.0,0.0,0.0,3.285262670481523,0.022127959273575054,0.0,0.0,0.0008255290108872886,0.001448193532308588,0.03673659596109871,0.0009600574124962158,0.1714896268806996,0.000493440594450737,0.04806732471189058,0.006205869985374188,0.1990492974616262,0.017283877159571706,0.00028129873377048375,0.005281284590887749,0.0,0.0,0.0,0.09455204975383717,0.0,0.0,0.0,0.0,0.0,0.046030905302575205,0.0005586408044304266,0.0024135307539465624,0.010584387271738075,0.0007281826013704389,0.16519782094654492,0.0031897981879516913,0.0,0.1863348229002455,0.0,0.0024648700846810583,0.00867370527939061,0.0007878382174112663,0.0,0.0,0.0,0.16087930951490015,0.0,0.00036010294843489025,0.0,0.49828084274687096,0.0,0.0,0.0,0.06969423154548415,0.0006246927910420469,0.0,0.0,0.0,0.0,0.0,0.0,0.006328945922550421
0.0,0.0003071043865934285,0.0,0.0040841696411670625,1.8473634473442162,1.452096244995826,0.00565846675077827,0.0326861260979872,0.041754983672981374,0.005574049756654131,0.0007434890330659865,0.0662304403837527,0.0010406368450118228,0.0027062580312805402,1.5279011935609939,0.0,0.0,0.0004360040873084942,0.0,0.01200989381477946,0.0002862135777945795,0.00016072472406111673,0.0,0.03336429563782527,0.0007071397830476001,0.0,0.0,0.008409261104926239,0.002078484113222363,0.00022293530242167104,0.0,0.7512463632098699,0.0018113333542169147,0.42066737077680005,0.000956738499388994,0.20591491890681707,0.002896092618393142,0.0035350013898538895,0.0021346251562407463,1.7215436753557587,1.3109133177394903,0.002511330305664853,0.0005508513993685445,0.0,0.0,0.0005000237802401192,0.0012167714876398423,0.0,0.0,0.0,0.0,0.0,0.0,0.0,0.0,0.0,0.0,0.0018780335580908516,0.0,0.0,0.0009050414786020368,0.0,0.0,0.00034771378619346876,0.0,0.0,0.0,0.0,0.0,0.0,0.0004595976001480549,0.0,0.0007126299015622107,0.0004409381302381596,0.0,0.0,0.0,0.0,0.0,0.0,0.0,0.0,0.0,0.0,0.004557136192060687
0.0015330494489954611,0.0,0.0005908612821023415,0.04723236197862009,1.452096244995826,20.495188983355533,2.6445390375654783,6.8473239369003345,0.0825892686886746,4.308662043740731,0.017704337208960787,5.616180955818815,0.011024558642090893,0.3791029160892519,1.2171948020606354,0.0,0.0,0.006048001634034378,0.002465412891914119,0.3901462981381312,0.0008178447593682592,0.00023031472916602432,0.0036664343049401813,0.13509026789498269,0.0026377881548893954,0.01317241193837026,0.0009683932489276584,0.28169122972709115,0.1185860017486326,0.012306395000250459,0.0007725927807955528,0.1943913726633582,0.0058047336763470715,0.220802323091401,4.240491433175118,0.7618089821122657,0.02634615122833184,0.11118497625947171,0.05035565116273122,2.2032431346029906,0.06090238828056897,0.016304127727285143,0.0027574600695826667,0.0032718887631882263,0.0012326159175301327,0.019534229844762024,0.007212887199143638,0.0,0.0005102422428588012,0.0,0.0,0.0,0.0020391672161757263,0.00011668598954766873,0.0008481799775381048,0.0,0.0005615227209100559,0.023975456081185852,0.0001745285247901461,0.0,0.009999852120752375,0.0004224473048740258,0.0,0.00010641180958778016,0.0,0.0,0.0,0.0,0.003519092980104962,0.0,0.00018508829206449604,0.0,0.03999973438728033,0.00020535596895117033,0.0,0.0,0.007809234365774576,0.0,0.0,0.0,0.0,0.0,0.0008174436551534397,0.26204976735269947,0.08095954731097856
1.9006237799583394,0.004186214136580909,0.3293441381113352,0.08952659130141201,0.00565846675077827,2.6445390375654783,29.65177246903687,6.635721844894238,0.12470671493594188,10.3342384468172,0.009320963216121352,0.22846108394865078,0.007520818618211103,9.715278888958629,0.009867725673520957,0.004917095978282087,0.0626562684355662,0.0006333549516897191,0.0026867603907704605,0.0809561247157047,0.6083665605959718,0.0057045083578170066,0.7590277534460695,1.0801756537484417,0.0007565467458966752,0.01221806699873858,0.20644853474955185,16.51582591855609,1.9782047449219322,4.586052128192976,0.0,0.02529057228888139,0.44081865136636816,1.4128016122650013,0.08309613014095979,1.2541498981925323,0.04317068378371716,1.3033050423201542,0.36803085097534727,0.29951362880782506,0.1012110466573984,0.014127330642408332,0.007978682640013165,0.0002186123179195205,0.0033099409607051295,0.0010270769131857467,0.0019517427060298917,0.0,0.0,0.0,0.0027491699011265576,0.0,0.0019040578065944087,0.0,0.0,0.02755013963325841,0.002140848866374894,0.06335167169483934,0.0003057893360571576,0.0,0.011350055688188556,0.0008424882942032238,0.000991505660261024,0.0,0.00030482474853807954,0.0,0.0,0.0,0.01655553450104891,0.0,0.001955101703673074,0.00013921438984293468,0.3247134761018363,0.0,0.0,0.0009600038725121681,0.14020067397570776,0.0012014943473446621,0.0006435687759887349,0.0,0.0,0.0,0.0,0.0,0.26518587248708175
0.21990621306263303,0.005280740386702309,0.0814270210003011,0.06154796799981785,0.0326861260979872,6.8473239369003345,6.635721844894238,20.866008228185834,0.21413685228019985,5.265305603093747,0.20294563944358046,2.555785907481486,0.066507023552517,6.906014882646349,0.04817642828677356,0.0016083713767207266,0.05900594542527795,0.04864203357512107,0.028601957586687498,1.6054744467537727,0.09676714509047545,0.001323316015380237,0.40807335495687375,0.3380984958901831,0.019862934481537194,0.18775851433787377,0.04556600890977437,1.056049049884467,0.7259654130070756,0.8386373153910809,0.021372449923028038,0.12328447549806743,0.15230286288247655,0.6310888300626708,0.028998094447670618,1.9569284916410372,0.12426810462585253,0.572923083067819,0.21176360413354936,0.9945058294562837,0.03949360023218571,0.07716680932453515,0.01821731170178664,0.019911843257863524,0.0289116472432467,0.08954495380280142,0.002233742586707126,0.0,0.003309990788497795,0.0,0.00021740061996681787,0.0,0.0006185822708068021,0.0,0.0004397069301704868,0.006904274652014623,0.00019349753294326406,0.17133483254723042,0.0,0.00019081619470979008,0.01182931492496346,0.002159281257275651,0.0003424873334110989,0.0005759883748293291,0.0014424097528757602,0.0,0.0,0.0,0.0040849716757740745,0.0,0.0009999290792832385,0.0,0.44535415221757313,0.0029103459576080033,0.000573751312862939,0.0,0.04778043063724418,0.0006523208277681454,0.003471903236711447,0.0,0.00014689326789019778,0.0,0.010673371807533045,0.0,0.07493402220984885
0.006315103028638048,0.8416740006321634,0.008170798938105833,0.5082795887907717,0.041754983672981374,0.0825892686886746,0.12470671493594188,0.21413685228019985,1.9572521904518374,0.1487057972474265,0.006704986580486734,0.4294118984700877,0.07576724813359614,0.17672676490028702,0.7369413894873365,0.027982261721239656,0.020480230580506978,0.0,0.010076280792226019,0.23861985628847318,0.004148655017341533,1.8593494648143654,0.006731146850099614,9.747984057566992,0.5139941161807804,0.05074961186278439,2.112511378007533,1.2334215654689313,0.19560192745427113,0.00623623176034196,0.0031974756577742604,0.01537444249787679,0.04702780042307665,0.19583534524038737,0.03025319847238121,0.4224671175917418,0.03208278123640468,0.17338963791545192,0.0668819524395104,0.8662248085878398,0.04083808827735126,0.006258885154791749,0.24942953361483378,0.005359543802828186,0.07987169846598617,0.051887074982339486,0.06256941891192501,0.005500865434617823,0.0023781157051603555,0.0004677415955344026,0.020206881611889566,0.0004892075808034894,0.31211683558003583,0.0027433485603223203,0.02912918149074931,0.11015370967495275,0.04795046885593376,2.2287832257455213,0.17262159727010715,0.0,0.07139526021284276,0.011895637341686867,0.0283488757274653,0.004116380869645329,0.02052998217967511,0.0,0.0,0.0,0.1845698238373098,0.0015737820759344746,0.12010648144935662,0.0019299308581621007,1.5184758254555821,0.0023333709165590318,0.00028400021843890576,0.030771735864882428,0.8946628499333948,0.07018974742049061,0.025678405921574256,0.0,0.0009052530360997867,0.01685734637458215,0.06329996347940103,0.0023401130820536794,0.11426122134811811
0.019036450963536452,0.0,0.0008736279411254251,2.0216403284163107,0.005574049756654131,4.308662043740731,10.3342384468172,5.265305603093747,0.1487057972474265,45.2781569518995,0.005994607310736848,2.798394713793269,0.0009335844697473326,1.5541611761094913,0.025206629270229933,0.0,0.0,0.0,0.0,10.238206960467595,0.0006308869630914549,0.0,0.001497293151915247,0.08204407671919017,0.0,0.0,0.00027382739863702224,3.333883562163029,0.4315204909616592,0.0066945331942142,0.0,0.009659091952975941,0.020919826919628022,0.6465885353654875,0.06096599504440524,1.566942471093194,0.03307347013469538,0.6367801315839626,0.1241894693318267,0.43154768429065243,0.1536945046791623,0.0045157168472902695,0.006423782346169393,0.0,0.0,0.0,0.030507133900801495,0.0,0.0,0.0,0.0,0.0,0.004082581117152666,0.0,0.0,0.0004702220980551212,0.0,0.0675826280751802,0.0,0.0,0.08409477635198023,0.0,0.0,0.0019254150246396386,0.0,0.0,0.0,0.0,0.03755168106909378,0.0,0.0016238247649948089,0.0,0.2981957719487836,0.0,0.0,0.0,0.01384891434674873,0.0007680557801202901,0.0005908790682089411,0.0,0.0,0.0,0.0,0.0012165715589414158,0.04548698656794818
0.007649988712362052,0.1335072608480309,0.0071594561168115195,0.0,0.0007434890330659865,0.017704337208960787,0.009320963216121352,0.20294563944358046,0.006704986580486734,0.005994607310736848,26.170078914397813,0.0299271214667716,5.14020182788694,0.5554216613329518,0.0,0.0017637418184449694,0.041966071673151036,2.6508505969148106,0.47514360236796177,0.09757269723720069,0.01128603078629489,0.016818551345237236,0.02997907411211541,0.00237249547125831,0.5299094748018565,3.7722992428515223,0.46441264353575523,0.0032229081046695365,1.0887143764863294,0.0031431591306001205,0.5547792928587025,0.28169181521762066,0.004850277970694649,4.105450632660134,0.0019702214105328988,0.4503864141507627,1.2684601107432123,1.6601847894746973,0.5214438781581121,0.1071784096897099,0.007267688305910263,0.15446077897536725,0.023411249304528984,0.4117585162157772,0.044538496783993964,0.016165289643996432,0.004009334365673115,0.0,0.22469419080501268,0.0,0.04521998688046393,0.00041957966014721527,0.0,0.0,0.0006970808151082473,0.0,0.0020911095186339785,0.0,0.0,0.40425846029258256,0.0,1.0459477546741753,0.0022330215821985216,0.0,0.0,0.0,0.008733379887555032,0.0,0.0,0.0,0.008590722597608739,0.0,0.0,0.2183498272675457,0.13648105057872673,0.2234014937554073,0.0,0.0008385371176145113,0.0,0.3266902537980265,0.003002052716058741,0.0,0.07806804803613457,0.00038945480509800217,0.019370123096664405
0.0036108906842835377,0.0006634830479428675,0.0,0.7958443185254246,0.0662304403837527,5.616180955818815,0.22846108394865078,2.555785907481486,0.4294118984700877,2.798394713793269,0.0299271214667716,25.984664294583972,0.0041492489465616905,0.748313268830638,0.7420392891005756,0.0,0.0010010152480540513,0.001210384094093056,0.0018602776443526958,7.876677805601284,0.0,0.0021211577781039574,0.0,0.9507409718329178,0.0024209162484730017,0.0039645228036555855,0.002462733676963285,0.3737960501864487,0.22482020886559254,0.001696223187052346,0.0,0.05227435002675485,0.0011659984367282043,0.18336599659945196,5.770683149738146,0.35880260521308405,0.02380019501686052,0.22587394640112113,0.08593087301556608,1.7312238313153445,0.01232936136659387,0.017315975099559,0.007692977106375421,0.0019265301111901837,0.00247872662195457,0.012069225753968462,0.05789575222777503,0.0004804683265518759,0.0005393301243723257,0.0,0.0,0.0,0.03805549956954515,0.0018492539934878574,0.006435472114943923,0.0013140131595465606,0.00418422038414842,0.0306568656629325,0.011188309079526419,0.0,0.09685231828319787,0.0012530355756782798,0.0,0.005737865790404823,0.0,0.0,0.0,0.0,0.05302711121064205,0.0,0.0004699982203883404,0.0,0.05860116164413661,0.00017883509367258422,0.0,0.0,0.044765324122427244,0.0,0.0,0.0,0.0,0.0,0.00012564113019934424,1.0196022293902947,0.1024239334954314
0.00015015801760438904,0.9382361104573922,0.0006286286006646822,0.0001421803953071718,0.0010406368450118228,0.011024558642090893,0.007520818618211103,0.066507023552517,0.07576724813359614,0.0009335844697473326,5.14020182788694,0.0041492489465616905,10.636551644611565,0.09219766480223261,0.0014585508792089824,0.08477218482486949,0.0017569855426450651,0.008806190702986461,0.0026203387009041956,0.015356149396857494,0.012761499881936861,0.21578846992131945,0.014437969601918826,0.0529019689813905,4.007035562915711,0.11702258419234454,0.9431463282947071,0.029219056013564386,0.24603325244907054,0.001533129485331585,1.1348984984710762,0.11629331650499575,0.002237125723682218,1.9337658938718492,0.003348220850184663,0.3507141594237101,1.1047957179535235,0.8316806271713519,0.24572035955002838,0.12858321952909849,0.009644684817797053,0.45838884776295463,0.1374563981884393,1.0040468776903995,0.15985913394981638,0.03929721844938572,0.044809268852428565,0.00014248680670345232,0.29332877058221407,0.0,0.31337237159790304,0.0002295360848117766,0.0,0.0,0.0007754105724077932,0.007847049944458577,0.0026538497070521185,0.005591374720104831,0.00037246720829736023,1.8152554593715866,0.005463329904203949,6.397247889315475,0.002863424525638348,0.0,0.0,0.0,0.02872279496637332,0.00034818433581648955,0.0021860846902251995,0.0,0.07729177667777527,0.0,0.030931111619255033,1.6300014431865426,0.5751833850533264,1.3070195625041032,0.057656619371394234,0.004301154736502159,0.0007806007658548008,1.7609649053371208,0.012180044911254765,0.0028876010651473455,0.23814370462609616,0.0,0.015499705417580105
4.258070261331913,0.026585585308176132,0.29279952255345043,0.03838510840505592,0.0027062580312805402,0.3791029160892519,9.715278888958629,6.906014882646349,0.17672676490028702,1.5541611761094913,0.5554216613329518,0.748313268830638,0.09219766480223261,17.26855014724055,0.00886797356266568,0.0028040358429174857,0.5172514696398475,0.17804391353925622,0.15990118531738745,1.1437198628735616,0.36848927128417097,0.003182089238916098,1.871656394470301,0.3708842345635321,0.015746096430233832,0.8643100758359029,0.2908242715049299,0.9850796240380598,6.556534939961953,3.962750575729013,0.0605867694968178,0.14897215200347755,0.29770111444593045,1.2641662911186355,0.021793394068340768,1.2749436171170876,0.11715306155433382,1.085664366234372,0.29438231354413985,0.3848562655302223,0.027054246342700487,0.0505214726443779,0.009797792608707251,0.016287113543953777,0.019256146696428673,0.057972911477280654,0.0008619162365761444,0.0,0.0053700030315995,0.0,0.004821550303909271,0.0,0.0,0.0,0.00017151220094174105,0.001353864120692935,0.0,0.12432363952677283,0.0,0.00032930079285272107,0.004923890013209321,0.0032527242197690123,0.0,0.0,0.005536709458051915,0.0,0.0,0.0,0.001873657072812764,0.0,0.0015356877283900958,0.0,0.2254779630000149,0.0009878414060229897,0.0,0.00023082891480396845,0.032802675373381156,0.0011228501958772063,0.0006135390881762143,0.0,0.0005145991482591576,0.0,0.00573605501814745,0.000636753288669678,0.056959716527093814
0.0,0.016157205138915234,0.0,0.13828326009338543,1.5279011935609939,1.2171948020606354,0.009867725673520957,0.04817642828677356,0.7369413894873365,0.025206629270229933,0.0,0.7420392891005756,0.0014585508792089824,0.00886797356266568,2.30123967082248,0.001607719156310163,0.0,0.0,0.0,0.07883906361321676,0.0009875986052143562,0.037363402009265204,0.00043477084368134073,0.5512049577843847,0.0,0.0,0.011771305601577247,0.17137401079504513,0.005073816736034011,0.00020191158073657904,0.0,0.11715382491596843,0.0007848477062234795,0.01506888318703253,0.9469329199570411,0.0770850431066357,0.0031194136382961314,0.00993612379040843,0.0032941831544405368,3.1047201527148163,0.48193119864276707,0.00020880700204224824,0.0025250412011385216,0.00460775949118211,0.0,0.0502953578633408,0.012988083579323626,0.0,0.0,0.0,0.0,0.0,0.012849448228195013,0.00017411914831713668,0.0009181675589445752,0.0014450943427686657,0.0,0.013630372658812477,0.0032717108748399307,0.0,0.019466357558240104,0.007581935952860391,0.0,0.0014046394780217668,0.0,0.0,0.0003715537723348347,0.00029693592477320866,0.0099333555451073,0.0,0.003780082871309524,0.0,0.021637705874814932,0.0,0.00040733827850815614,0.00039918253637141385,0.010941973782110549,0.0,0.0008792698829254888,0.0,0.0,0.000576562534502523,0.0,0.532408703418486,0.03149964596423741
0.0,0.21876380358555447,0.023238447880070665,0.0,0.0,0.0,0.004917095978282087,0.0016083713767207266,0.027982261721239656,0.0,0.0017637418184449694,0.0,0.08477218482486949,0.0028040358429174857,0.001607719156310163,11.052314111003621,0.034687314068004516,0.0,0.002337853457779176,0.00025257697499413715,4.513292617898899,1.6003966168620192,3.2271701182799477,1.1471505939049724,0.08386740281794683,0.029634920701493386,7.000113256768094,1.4876060961639295,0.00530304028669438,0.08649550149951142,0.0,0.0,0.001479650954771635,0.19849982943083608,0.14335427116100388,3.1077609729379825,1.1035180034352685,0.684131026063128,1.4321788191586697,0.15571484370829108,0.01742887852251156,0.014251188509415237,0.36159151034757786,0.17297634159802153,0.07700584031463768,0.11423057550930588,0.005248195242337107,0.0016036078573855922,0.005484040521422968,0.0016531587911154633,0.0508458562905364,0.04502532156749304,0.0,0.0,0.0,0.006500982454882592,0.0007288074692217817,0.037647976788606874,0.0,0.0016689497177793111,0.0,0.09196685263479601,0.003612879924515807,0.000781414059724674,6.414630209193204,0.005745567745203311,0.0,0.0,0.0,0.42386693551731397,1.758442937144131,1.2674493194580139,0.5383243198028721,0.008548729864584749,0.001364796717252042,1.3300928128586436,0.3120587402298244,0.015473892848670812,0.03246717221545389,0.0,0.0,0.0059674709705290485,0.05052009139599837,0.0032352016865442907,1.4960568484511403
0.16592095295113796,0.2502116795381928,3.567240692726198,0.0,0.0,0.0,0.0626562684355662,0.05900594542527795,0.020480230580506978,0.0,0.041966071673151036,0.0010010152480540513,0.0017569855426450651,0.5172514696398475,0.0,0.034687314068004516,3.014214778857266,0.05308913893248631,2.0862675208587724,0.011405638274728838,0.64555034527558,0.023196137847802695,4.132007728976048,0.017115843378138085,0.0013965544725470568,5.68097712758375,5.521866931104852,0.1182524306726981,0.8514261942998451,0.7534594583987836,0.0003992291940248466,0.0007742944586047091,0.07972430351475233,2.901663122596911,0.002886776518549292,0.4453292143740052,0.19819322581354606,0.86004843763648,0.38235214046745725,0.015793468428554502,0.003389227871175609,0.00034556140198684256,0.05871180811150858,0.027881093929403022,0.0493715915156163,0.08624308600882435,0.0,0.0,0.0,0.0,0.15152279325626586,0.2577299803184894,0.0,0.0,0.0,0.0,0.0,0.00010839696596843339,0.0,0.00041887314303603923,0.0,0.0,0.0,0.0,0.0024300467055841848,0.10767362115783485,0.0014521897459487641,0.030105839828051505,0.0,0.0,0.0099322542013268,0.005137584139385439,0.0,0.0,0.20023013372021758,1.1418001955431707,0.0,0.0,0.0,0.00032909536260269343,0.0,0.0,0.011519205959801722,0.0014270854948853014,0.06254710359865256
0.0015857651212039415,0.011030042350242537,0.009313049042188201,0.0,0.0004360040873084942,0.006048001634034378,0.0006333549516897191,0.04864203357512107,0.0,0.0,2.6508505969148106,0.001210384094093056,0.008806190702986461,0.17804391353925622,0.0,0.0,0.05308913893248631,1.051692757397371,0.9655374728663152,0.0005340953264700205,0.0037182095500205474,0.0006694441820035626,0.014276957595445871,0.0,0.004303626259385003,1.010256935184943,0.2606178474620592,0.00027160041772972786,0.24263310946360225,0.0005874775083221648,0.02037233272138493,0.03388210323013164,0.0018854929066509669,0.6060800254110025,0.0017386942822424302,0.2219207197583917,0.3486175046846382,0.6134585720070704,0.2385625629820683,0.029334304136309355,0.00196889621555108,0.0,0.0,0.001509320019438171,0.0,0.00017102251776000298,0.0,0.0,0.0,0.0,0.007634653058533777,0.0,0.0,0.0,0.0,0.0,0.0,0.0,0.0,0.0007314774508255773,0.0,0.016357011147725628,0.0,0.0,0.0,0.0,0.0014049116809936879,0.0,0.0,0.0,0.0,0.0,0.0,0.0033977810128506575,0.09286379928305219,0.12744587598628576,0.0,0.0,0.0,0.02960196869279245,0.0,0.0,0.0,0.0005495520869684828,0.011945403800775434
0.012576114969721885,0.225790173486364,0.40434901484775787,0.0,0.0,0.002465412891914119,0.0026867603907704605,0.028601957586687498,0.010076280792226019,0.0,0.47514360236796177,0.0018602776443526958,0.0026203387009041956,0.15990118531738745,0.0,0.002337853457779176,2.0862675208587724,0.9655374728663152,4.188314942544088,0.011978510275102702,0.10209994646327294,0.023035578673445065,0.3979398691214158,0.0023380289831852466,0.0050019665756297,5.6867649972168115,1.943666137680682,0.0068408025104159526,0.2860953065977261,0.0547823496403214,0.004599689294284621,0.0038431250804388485,0.016263508004515898,2.369131644639388,0.0005796690925536464,0.3504382706706472,0.3052209885308653,0.6722128634267576,0.2785627088755165,0.019017782750544273,0.002290855727231735,0.0,0.009758496466199109,0.018804494174782884,0.013630213042097914,0.02415222434181311,0.0,0.0,0.0,0.0,0.0959514222018764,0.03195346075998895,0.0,0.0,0.0,0.0,0.0,0.0,0.0,0.0,0.0,0.004221787653774098,0.0,0.0,0.0,0.03004641209923787,0.0019682006940282145,0.0245111878131886,0.0,0.0008029545286443689,0.00136016705800579,0.0,0.0,0.0010034394647159368,0.2543669933736802,0.41125202412447265,0.0,0.0,0.0,0.0060611490066485385,0.0,0.0,0.009136816213176342,0.0,0.02239261511143994
0.024876764726804307,0.0,0.0,11.196206025638835,0.01200989381477946,0.3901462981381312,0.0809561247157047,1.6054744467537727,0.23861985628847318,10.238206960467595,0.09757269723720069,7.876677805601284,0.015356149396857494,1.1437198628735616,0.07883906361321676,0.00025257697499413715,0.011405638274728838,0.0005340953264700205,0.011978510275102702,8.257759199069117,0.0009615369796175072,0.0008665644157741609,0.003611140916254681,0.8048756993045275,0.0045885487088194584,0.002204249325987625,0.0,1.7956334011658293,0.4985566765416299,0.015409205201148964,0.0,0.08989487900944794,0.006911534558301972,0.48036425552674633,0.0077618020355221225,0.9337991868294296,0.08230015114379902,0.4648150637410251,0.1380334578677439,0.5072820187728153,0.05780837215999603,0.0294511266218542,0.2155902074495848,0.013601801945775713,0.11235479477003844,0.07383129008240258,0.1026824124503446,0.0,0.0009169363464610002,0.0004439609345340328,0.00011658582883116063,0.0,0.18538744903268992,0.0018661327787921518,0.03224190084772381,0.14976479861249156,0.18303080026553528,0.1079568765312267,0.11059024829052778,0.0,0.2230075228929397,0.0162610240964031,0.01555314768886597,0.00795177902331232,0.0013927658046387615,0.0,0.0,0.0,0.25316163686712745,0.00011800799658323515,0.0016865681541535075,0.0,0.9285797725227034,0.0007695174738969314,0.0,0.0,0.9167277104314753,0.024615823593664397,0.005648208714513516,0.0,0.0,0.009959503617127566,0.0384545693274886,0.0,0.022248131010933342
0.10173618411341302,0.026130372639060265,0.4696497118563012,0.0,0.0002862135777945795,0.0008178447593682592,0.6083665605959718,0.09676714509047545,0.004148655017341533,0.0006308869630914549,0.01128603078629489,0.0,0.012761499881936861,0.36848927128417097,0.0009875986052143562,4.513292617898899,0.64555034527558,0.0037182095500205474,0.10209994646327294,0.0009615369796175072,33.552677208409165,0.04746128323898375,15.886538523582537,0.23879879796253725,0.0024745852138137606,0.16549144085237694,1.1006747320328933,5.453569719369874,0.6527499897153528,9.406642265415762,0.0,0.0009522742023160486,0.12285985351049125,3.3300835067536014,0.23834280357100543,2.64947866188101,0.4936338014461076,4.530387170602059,2.5646732269242714,0.2456607394496812,0.016647750512021928,0.0017157453086175337,0.036021626726803646,0.018306233961182715,0.004485839902315968,0.008531663117224605,0.0,0.0,0.0007890879524604801,0.0,0.0066068878551079945,0.006363387139524901,0.0,0.0,0.0,0.0,0.0,0.008709902390702446,0.0,0.0,0.0,0.014471452701529561,0.00040897170414265504,0.0,0.4509096136050614,0.00013546690527794272,0.0,0.0,0.0,0.022651717975979743,0.12405446355037594,0.026490060882394657,0.05384370697650519,0.0013372635419393619,0.000218281189729354,0.08419510878342756,0.01804892088054262,0.001944906878849201,0.003956652541337709,0.0,0.0,0.0012600563338010377,0.0033349926885815734,0.001473448188304048,1.8171685545545424
0.001000935514437229,2.014408453810081,0.02311768473759613,0.0003965996941433554,0.00016072472406111673,0.00023031472916602432,0.0057045083578170066,0.001323316015380237,1.8593494648143654,0.0,0.016818551345237236,0.0021211577781039574,0.21578846992131945,0.003182089238916098,0.037363402009265204,1.6003966168620192,0.023196137847802695,0.0006694441820035626,0.023035578673445065,0.0008665644157741609,0.04746128323898375,4.462765992129685,0.05263750640288343,3.7190475869373847,0.865003326525655,0.05549305984318066,3.7616533172775397,0.10772450151363042,0.005407940472935109,0.0016468014298798416,0.019148274658467468,0.0006263761482073418,0.001207957487043267,0.03846396229906853,0.0017358748213448176,0.09143019881073144,0.0662739588377681,0.06429848813614618,0.04221724272047476,0.014649039316609555,0.0014316008461479838,0.003736216442072579,0.11904828837309059,0.029117876430480246,0.023859481412103017,0.03100872372814805,0.004704107686015802,0.000494243626250729,0.007431391618298985,0.0006422263621110074,0.023198737292399525,0.008758316189363275,0.0003782007072471931,0.0001839427303553311,0.000689276771044231,0.01225009613731093,0.0032567218845994395,0.1788298602450081,0.0,0.003196062949632704,0.0011286978531663118,0.01117496264947122,0.010840878299119963,0.0011634810972059348,0.6817501005377359,0.007292409754778911,0.00030340075695532205,0.0017840544369767022,0.0009137687243891098,0.08578097474293377,1.4974768512604195,0.08585762011377339,0.27643252387842837,0.012205329586042752,0.003817806168637261,0.2970405887648408,0.10285228238369158,0.011158188107550624,0.01126904610055365,0.0035631172630596333,0.0,0.005870221913774394,0.013543129886302002,0.001383303751249731,0.026424193945329646
0.4956336859204356,0.11432943047562569,10.784029360677353,0.0,0.0,0.0036664343049401813,0.7590277534460695,0.40807335495687375,0.006731146850099614,0.001497293151915247,0.02997907411211541,0.0,0.014437969601918826,1.871656394470301,0.00043477084368134073,3.2271701182799477,4.132007728976048,0.014276957595445871,0.3979398691214158,0.003611140916254681,15.886538523582537,0.05263750640288343,40.331679592817665,0.17337822829937338,0.0011041585923055467,2.739406794147539,11.082189876889196,1.7281783208058263,1.5840430891820014,5.06664203155013,0.0,0.0013744463198273535,0.16989194334040597,3.6688623279290464,0.3237984701916712,5.938645189096485,1.2293751357960154,7.3997326908207475,7.276407540739606,0.5132563434686314,0.033005749509500804,0.006085056194697673,0.2920057881109585,0.07673398998546326,0.2956199349488958,0.3549052261445835,0.00251560892324752,0.0005218516498494644,0.0005351598443579494,0.0,0.08201144039611541,0.5371826843357547,0.0,0.0,0.0,0.0,0.0,0.0007750140908293912,0.0,0.0002179255525482965,0.0,0.007504158638759258,0.0,0.0019444863836090617,0.8035256642017978,0.10282418984693487,0.0,0.0031752526736427106,0.0,0.009105913762875778,0.18658047178021578,0.6383574684976857,0.004515226336163911,0.00035537181402017266,0.018241574539248965,2.6339469082270113,0.009614348810400589,0.0006661171560844743,0.0009842086110671883,0.0,0.0,0.0,0.02527361100893319,0.01412094353393717,3.81780127757363
0.034180872350189684,0.5339511112033603,0.021217082796267966,1.6801436123423001,0.03336429563782527,0.13509026789498269,1.0801756537484417,0.3380984958901831,9.747984057566992,0.08204407671919017,0.00237249547125831,0.9507409718329178,0.0529019689813905,0.3708842345635321,0.5512049577843847,1.1471505939049724,0.017115843378138085,0.0,0.0023380289831852466,0.8048756993045275,0.23879879796253725,3.7190475869373847,0.17337822829937338,21.55456658127291,0.18439129686345557,0.007686893883481318,1.129930827658382,7.173551148956172,0.664935500694926,0.29944693180556103,0.0,0.02365845902034577,0.2850598615491706,0.9922759823412488,0.2503354613033518,2.930884437543872,0.4476955220196648,1.0565513784665095,0.6134392082838915,0.8287869531664186,0.13394318128383417,0.019590225742044883,2.8780691664790146,0.0993450777986866,0.6097173940561644,0.3727623203563993,0.18599666061859915,0.009107835964751171,0.002211495558854271,0.013594865135570046,0.014576777402862996,0.0052350294601869775,0.40237958139539276,0.002814539275812961,0.04679291144422181,0.9265303573388456,0.17319907225683132,1.8099187128125334,0.20043439645725317,0.0,0.2231047005409558,0.06823337099416259,0.0697670098278211,0.014428688305482433,1.536521886010506,0.0,0.0,0.0,0.3936276526576219,0.14046185155345484,0.8390133289658853,0.05673027425920769,9.942074300944462,0.003021377434254658,0.0,0.1310675983241384,5.603484653627666,0.3193686213744907,0.3778033516727109,0.0,0.0,0.13953779262793098,0.3755483012938784,0.002782163088351482,1.0556621521777392
0.000251565980753545,2.8888344433885798,0.0005179873505956008,0.0,0.0007071397830476001,0.0026377881548893954,0.0007565467458966752,0.019862934481537194,0.5139941161807804,0.0,0.5299094748018565,0.0024209162484730017,4.007035562915711,0.015746096430233832,0.0,0.08386740281794683,0.0013965544725470568,0.004303626259385003,0.0050019665756297,0.0045885487088194584,0.0024745852138137606,0.865003326525655,0.0011041585923055467,0.18439129686345557,4.9824911120610915,0.04957921280966073,4.436393515301196,0.0029269453411676248,0.020125300698246626,0.0005432520830758799,0.09332106133866784,0.021999037569798437,0.0005353162513984427,0.9008556336376942,0.0004678337437464618,0.08485233800060493,0.26835515647175096,0.23330272009889885,0.026293910931591086,0.02738920443090285,0.004174427358584823,0.2508858865717812,0.022830008557295212,0.2494609133152553,0.08220672490054215,0.017633121310916523,0.012717844373249618,0.0008435107921039183,0.34474374393589663,0.0,0.2619203056417719,0.0,0.0,0.00016624648352221255,0.0013109489629199794,0.0008292291287854855,0.002428636391013637,0.0021550873966449647,0.0,0.39352095101654916,0.0008399743223310551,1.2201316590506288,0.0034182754485468894,0.0,0.0015788610526308272,0.00038553157343774005,0.005251858251064105,0.0003620510322385888,0.0008940909074106595,0.0,0.026577565016262284,0.0,0.003406727713302725,2.3366055128168663,0.08741048601487383,0.4896011852971199,0.001413652002359416,0.00202749796164703,0.0,0.1775513771342723,0.006803574527044984,0.0009937239140960273,0.16772961468467848,0.00012306885847831426,0.004561331261730679
0.030130177218095154,0.6721338142851981,7.6080199222673945,0.0,0.0,0.01317241193837026,0.01221806699873858,0.18775851433787377,0.05074961186278439,0.0,3.7722992428515223,0.0039645228036555855,0.11702258419234454,0.8643100758359029,0.0,0.029634920701493386,5.68097712758375,1.010256935184943,5.6867649972168115,0.002204249325987625,0.16549144085237694,0.05549305984318066,2.739406794147539,0.007686893883481318,0.04957921280966073,30.245475481941664,11.571103608285112,0.02087899832592908,1.0692316490916602,0.09130735658056299,0.33420483461073713,0.14102732677492552,0.04301877933066872,3.4507152451850756,0.013498156355164834,3.2336868662856615,3.260620375478283,4.311407814831211,2.4926861730625975,0.16000497034964803,0.031192188594688735,0.007483326304979662,0.23590303645255137,0.2237385057587613,0.21129868271916252,0.32517310608788874,0.0016048912545594774,0.0006426193816131055,0.0019937690489010658,0.0,0.6175981681839875,0.2627045292783322,0.0,0.0,0.0,0.0,0.0,0.0,0.0,0.1218085252431027,0.0,0.8031125992037553,0.0,0.00029517280654541163,0.001345400920303321,0.3154969501632509,0.04395592763165157,0.3117056744203806,0.0,0.0005339959025392851,0.02775336574183812,0.0026866522092177814,0.0,0.11918787476578464,3.7865253100467173,5.978483831617139,0.0,0.0,0.0013835920511120845,0.6535214657034405,0.0,0.0,0.0771966867206887,0.0024618417187144783,0.2278245489373742
0.029375818474167103,12.79275337458674,12.714905740409339,0.0,0.0,0.0009683932489276584,0.20644853474955185,0.04556600890977437,2.112511378007533,0.00027382739863702224,0.46441264353575523,0.002462733676963285,0.9431463282947071,0.2908242715049299,0.011771305601577247,7.000113256768094,5.521866931104852,0.2606178474620592,1.943666137680682,0.0,1.1006747320328933,3.7616533172775397,11.082189876889196,1.129930827658382,4.436393515301196,11.571103608285112,53.61362054319102,0.8691075776895052,0.4161425984940057,0.30046125913649124,0.27257078826182257,0.02363419706857839,0.0231124589213942,3.1974892132793578,0.07800119166959703,8.520564816603178,3.760821949331444,6.372866182951343,5.64659713403484,0.24044003702471342,0.06421961612474392,0.004825479607599174,1.113964155301901,0.5065599008219074,0.9943463558721664,1.285271042820986,0.005820748742146776,0.0005226437373584213,0.0023965946529170253,0.0,3.1725170814855708,2.0448035015056263,0.0,0.0,0.0,0.0009491257373277437,0.0,0.007408710360604329,0.0,0.15162417415982418,0.0,1.290686815784481,0.0,0.0016253895816608348,1.540138852392036,0.8563809430022765,0.06456852126829338,0.30928840619921777,0.0,0.02647402997394457,1.2991532315051022,1.298791574427781,0.04037890196023046,0.45649541064813676,5.6436822719490705,26.084748226416774,0.015110121056198246,0.0,0.0009914383608434956,1.1468668246919784,0.0,0.0,0.16872680776472393,0.013058346344090336,1.6132086644303114
0.06837916743309069,0.024773661356203347,0.27708653374381326,3.285262670481523,0.008409261104926239,0.28169122972709115,16.51582591855609,1.056049049884467,1.2334215654689313,3.333883562163029,0.0032229081046695365,0.3737960501864487,0.029219056013564386,0.9850796240380598,0.17137401079504513,1.4876060961639295,0.1182524306726981,0.00027160041772972786,0.0068408025104159526,1.7956334011658293,5.453569719369874,0.10772450151363042,1.7281783208058263,7.173551148956172,0.0029269453411676248,0.02087899832592908,0.8691075776895052,40.015392558731335,1.2629108918078558,8.847529151851445,0.0,0.017370341816465688,0.8716993226036507,3.499749089957049,0.36086180047587474,5.290284667287405,0.4476028522739972,3.8025830331174117,1.6828701418430092,0.954207378046605,0.23453724380604835,0.014889268573480365,0.23314584484389134,0.030129060259244948,0.03737684705168405,0.01253868867096422,0.13449734928810825,0.0,0.0014123679667467763,0.002238643599416202,0.005705081137568863,0.0015774041340755047,0.07645381204208432,0.0,0.005903208860479472,0.15955035661466777,0.010560351818291343,0.6540461926580954,0.016357882396167922,0.0,0.3809215014284842,0.027917042803681045,0.0035885531891847425,0.0075843807099170634,0.6457397507079995,0.0,0.0,0.0,0.3441787029572128,0.03141860764586889,0.19598961647900612,0.013109854458886117,3.8054973562324252,0.0011679592242869665,0.0,0.05278238055024326,1.2604444670151913,0.02420570132279498,0.05625543210489196,0.0,0.0,0.01422280561132223,0.035772571268047365,0.0014347224039158737,1.3649127530608702
3.7452021737888765,0.0363597791823403,0.0841287244900419,0.022127959273575054,0.002078484113222363,0.1185860017486326,1.9782047449219322,0.7259654130070756,0.19560192745427113,0.4315204909616592,1.0887143764863294,0.22482020886559254,0.24603325244907054,6.556534939961953,0.005073816736034011,0.00530304028669438,0.8514261942998451,0.24263310946360225,0.2860953065977261,0.4985566765416299,0.6527499897153528,0.005407940472935109,1.5840430891820014,0.664935500694926,0.020125300698246626,1.0692316490916602,0.4161425984940057,1.2629108918078558,21.735996890831842,4.310150462324816,0.1251352481331492,0.8933017929764528,2.026690584271397,3.2785593486334705,0.012890959540330073,0.85575267372265,0.13778189600624133,0.9292578929720742,0.20023569475525121,0.18580295225241034,0.023353328025238658,0.048445417537138234,0.009416367307530331,0.01658248770447377,0.01059704920900188,0.031512872704056324,0.0,0.0,0.006575229454067621,0.0,0.009610511040335598,0.0025899551807907124,0.0,0.0,0.00016573655849911971,0.0018533460160708303,0.00036135720025862254,0.07823977439640006,0.0,0.001174046973104155,0.0003102607180359644,0.012185102611914113,0.00024294332554618286,0.0,0.012955069836184045,0.0,0.0,0.0,0.0,0.0,0.004398023343140278,0.0,0.1257772190629866,0.0033327581392017156,0.0019227732421635522,0.010991175467784607,0.021966314286765654,0.0,0.0006385969821817759,0.0,0.0,0.0010174350774107134,0.004690236576230574,0.00021491765648359325,0.045042563753726
2.5918782591604566,0.0038363807125816577,0.5622384638451927,0.0,0.00022293530242167104,0.012306395000250459,4.586052128192976,0.8386373153910809,0.00623623176034196,0.0066945331942142,0.0031431591306001205,0.001696223187052346,0.001533129485331585,3.962750575729013,0.00020191158073657904,0.08649550149951142,0.7534594583987836,0.0005874775083221648,0.0547823496403214,0.015409205201148964,9.406642265415762,0.0016468014298798416,5.06664203155013,0.29944693180556103,0.0005432520830758799,0.09130735658056299,0.30046125913649124,8.847529151851445,4.310150462324816,21.070215687042744,0.0,0.0011950237933920536,0.6537694647626139,1.690793640994461,0.009610054143467304,0.16105543435080336,0.04240659146700483,0.7144264811674509,0.24945950109654252,0.03496276451149327,0.001747296752786933,0.0003156005165694851,0.006353495722960136,0.0003658037412845232,0.0011423815591211563,0.0023354208754130987,0.0,0.0,0.0,0.0,0.0012273479281638719,0.0001670061694473098,0.0,0.0,0.0,0.0008317365947249165,0.0,0.004067941702845846,0.0,0.0,0.0,0.001594027675713412,0.0,0.0,0.11590008100481095,0.0,0.0,0.0,0.0,0.003965268783404871,0.017352025151779422,0.007335676308232035,0.024272788478593127,0.0,0.0,0.0032591177858162144,0.005121677404782708,0.0004175634561695054,0.001088403015022127,0.0,0.0,0.00026360788328053136,0.0011409823715703342,0.0006771803898256467,0.08405817512199322
0.0,0.09278908400935845,0.00022244656807624637,0.0,0.0,0.0007725927807955528,0.0,0.021372449923028038,0.0031974756577742604,0.0,0.5547792928587025,0.0,1.1348984984710762,0.0605867694968178,0.0,0.0,0.0003992291940248466,0.02037233272138493,0.004599689294284621,0.0,0.0,0.019148274658467468,0.0,0.0,0.09332106133866784,0.33420483461073713,0.27257078826182257,0.0,0.1251352481331492,0.0,0.13833257164301543,0.04206232758654681,0.0005924258282323956,0.14998197229032786,0.00022127674667443622,0.12750704392920653,0.47541612450283727,0.44984473305166867,0.1847073365529682,0.019064859747151792,0.001133626942804479,0.005205837744156835,0.01348452453493845,0.04403325298722809,0.006456573834306661,0.0017741773698458168,0.0,0.0,0.002816543793159384,0.0,0.049717306316401304,0.0,0.0,0.0,0.0,0.0,0.0,0.0,0.0,0.22520998587923924,0.0,1.2348822851723058,0.0,0.0,0.0,0.0,0.015482843902857002,0.0,0.0,0.0,0.005634373672679038,0.0,0.0,0.16197388450400033,0.3120627714119903,0.5865110762998746,0.0,0.0,0.0,0.6851720816171601,0.0,0.0,0.004508343605053832,0.0,0.0029881793866042747
0.00222912786967241,0.0021600271099253216,0.00029002134417849826,0.0008255290108872886,0.7512463632098699,0.1943913726633582,0.02529057228888139,0.12328447549806743,0.01537444249787679,0.009659091952975941,0.28169181521762066,0.05227435002675485,0.11629331650499575,0.14897215200347755,0.11715382491596843,0.0,0.0007742944586047091,0.03388210323013164,0.0038431250804388485,0.08989487900944794,0.0009522742023160486,0.0006263761482073418,0.0013744463198273535,0.02365845902034577,0.021999037569798437,0.14102732677492552,0.02363419706857839,0.017370341816465688,0.8933017929764528,0.0011950237933920536,0.04206232758654681,1.017393004198289,0.005172503972071819,3.493289347824198,0.02638926933064221,1.2878472484389298,0.08535057220755607,0.15193247777250776,0.09702443665483189,0.6113903950587083,0.719826503403151,0.05992754697609988,0.007982558321126718,0.016832536095324542,0.010990712399722831,0.056532559522890165,0.00015634720891661874,0.0,0.004593374500765406,0.0,0.0,0.0,0.0,0.0,0.0,0.0,0.0,0.00341302176189153,0.0,0.0017174032512734432,0.0,0.0032445197466865407,0.0002779602388251278,0.0,0.0,0.0,0.0,0.0,0.0,0.0,0.0,0.0,0.0,0.0013734312962997712,0.0,0.0,0.0,0.0,0.0,0.0,0.0,0.0,0.00783910694194415,0.0005198553714343364,0.06795837947464657
0.04447487806292427,0.002323974159869837,0.004994128227734921,0.001448193532308588,0.0018113333542169147,0.0058047336763470715,0.44081865136636816,0.15230286288247655,0.04702780042307665,0.020919826919628022,0.004850277970694649,0.0011659984367282043,0.002237125723682218,0.29770111444593045,0.0007848477062234795,0.001479650954771635,0.07972430351475233,0.0018854929066509669,0.016263508004515898,0.006911534558301972,0.12285985351049125,0.001207957487043267,0.16989194334040597,0.2850598615491706,0.0005353162513984427,0.04301877933066872,0.0231124589213942,0.8716993226036507,2.026690584271397,0.6537694647626139,0.0005924258282323956,0.005172503972071819,1.0150920561394787,0.7789757472232379,0.015975385663753082,0.16907753288341493,0.014463291640812405,0.2919282153518598,0.05505421278858818,0.01440327158083593,0.010644349460418548,0.0004564974199498353,0.019352580273828773,0.00041826998452238357,0.003841306336110386,0.003502650694199964,0.0,0.0,0.0,0.0,0.00015463698243208164,0.0,0.0,0.0,0.0,0.004466889654468512,0.0,0.02654592154760335,0.0,0.0,0.00034197356958709296,0.0011730378262191144,0.0,0.0,0.008505709376505695,0.0,0.0,0.0,0.0,0.000530909740548092,0.0018739772933061365,0.00022945275711800758,0.12722818579907472,0.0,0.0,0.0,0.04615538632417943,0.0007659525106087849,0.0035755648048730764,0.0,0.0,0.0005768734371880478,0.001154620267747174,0.0,0.04156645937225167
0.11971274076163763,0.31655180280519946,0.5142921426169617,0.03673659596109871,0.42066737077680005,0.220802323091401,1.4128016122650013,0.6310888300626708,0.19583534524038737,0.6465885353654875,4.105450632660134,0.18336599659945196,1.9337658938718492,1.2641662911186355,0.01506888318703253,0.19849982943083608,2.901663122596911,0.6060800254110025,2.369131644639388,0.48036425552674633,3.3300835067536014,0.03846396229906853,3.6688623279290464,0.9922759823412488,0.9008556336376942,3.4507152451850756,3.1974892132793578,3.499749089957049,3.2785593486334705,1.690793640994461,0.14998197229032786,3.493289347824198,0.7789757472232379,8.20899854658836,0.25565699987296187,3.2261384376374247,1.1345583050164958,2.1690923255168717,1.62669400596607,0.6409157135138038,0.14890736180541797,0.7650011207183747,0.44368569284796844,0.18593458890225265,0.10628549281951268,0.29639871253840006,0.08265866559219372,0.002395316089694947,0.1143178336362543,0.0,0.12530281458447678,0.14572551007159126,0.00019727651795900796,0.0009408848560824535,0.003632580787695815,0.018237509657338013,0.017131796203469492,0.12362331937691419,0.00043421548642168717,0.06752588851562323,0.013027769970872363,0.2526093249102439,0.007590491424150782,0.0005435308762779787,0.02181376468165364,0.05840532732324068,0.0036509054806106254,0.020711415641988147,0.0054455645371449205,0.0015999008427804726,0.015823480126868315,0.014714820133873117,0.2498268799028747,0.11907206906086272,0.17792821674736561,0.7935054594519182,0.08020915588936638,0.0024318352162923337,0.005236662177461564,0.040168947518146494,0.010284318992589851,0.002405685203848316,0.07700475309570708,0.060165413114942994,0.3694632720808697
0.0,0.0014399335214253899,0.007346012008823804,0.0009600574124962158,0.000956738499388994,4.240491433175118,0.08309613014095979,0.028998094447670618,0.03025319847238121,0.06096599504440524,0.0019702214105328988,5.770683149738146,0.003348220850184663,0.021793394068340768,0.9469329199570411,0.14335427116100388,0.002886776518549292,0.0017386942822424302,0.0005796690925536464,0.0077618020355221225,0.23834280357100543,0.0017358748213448176,0.3237984701916712,0.2503354613033518,0.0004678337437464618,0.013498156355164834,0.07800119166959703,0.36086180047587474,0.012890959540330073,0.009610054143467304,0.00022127674667443622,0.02638926933064221,0.015975385663753082,0.25565699987296187,261.58329353291634,2.9258941583440716,0.43826970554063094,0.06718366077264894,1.4381771549195776,0.18615747332713384,0.1759992521063173,0.005468118486426235,0.48470131114678616,0.06966669252519145,0.028001078128296008,0.9441950868560623,0.07693374576182034,0.012766485947088214,0.0009861120623164488,0.0,0.0,0.003771520461653595,0.0,0.0,0.1657482486451498,0.0,0.0,0.01848218358223054,0.008865369059099236,0.0,0.2973362611699116,0.013559776481166245,0.0,0.04521211035493577,0.007405501107358964,0.0004081217742128088,0.000717288975387648,0.00020486417375912536,0.0,0.0006473134369161842,0.0015366534973802874,0.01719952721589359,0.001073581062611633,0.0009727577629889118,0.0002499259577007092,0.01153826648381359,0.0003253438134634113,0.0002526763963109985,0.0010905410114852754,0.0,0.0,0.0,0.005970922241727718,102.12248150685059,25.515571883792266
0.022538870649829394,0.3958451106914564,1.25942019858497,0.1714896268806996,0.20591491890681707,0.7618089821122657,1.2541498981925323,1.9569284916410372,0.4224671175917418,1.566942471093194,0.4503864141507627,0.35880260521308405,0.3507141594237101,1.2749436171170876,0.0770850431066357,3.1077609729379825,0.4453292143740052,0.2219207197583917,0.3504382706706472,0.9337991868294296,2.64947866188101,0.09143019881073144,5.938645189096485,2.930884437543872,0.08485233800060493,3.2336868662856615,8.520564816603178,5.290284667287405,0.85575267372265,0.16105543435080336,0.12750704392920653,1.2878472484389298,0.16907753288341493,3.2261384376374247,2.9258941583440716,6.981461063276334,17.390918487226923,1.8527787478075162,3.6040332473419445,4.53414300789978,0.8339689903208932,0.2031272426173811,1.0125607168247068,0.21643446266923055,0.23955978712902393,0.34723632504494345,0.025879822973374024,0.0013087564984657794,0.016669993602155066,0.0021382367709743763,0.20898008436904295,0.3779339783993271,0.009249561338154673,0.0005108018419460878,0.0014046493104360861,0.12258546670218795,0.004731983787893042,0.3489982946017913,0.0034431289023072516,0.012404070513838683,0.009346622975314012,0.33173824211603786,0.004089370409450343,0.0013460553174175793,0.6369800440270026,0.07817077742889847,0.00176799052056482,0.010119219304055703,0.008738640222109184,0.03891603944188818,0.1439569958706742,0.08348379239879271,2.3259490523895416,0.022983170704392108,0.1929079573485081,1.466876164861701,0.9724765178790696,0.03964603869825427,0.08877995144877805,0.025640555129676355,0.0008869416218290001,0.027755386335899156,0.11438491700901077,0.7137187763333318,1.556003213948598
0.0036239045663656825,0.45863244328561087,0.32136377011709316,0.000493440594450737,0.002896092618393142,0.02634615122833184,0.04317068378371716,0.12426810462585253,0.03208278123640468,0.03307347013469538,1.2684601107432123,0.02380019501686052,1.1047957179535235,0.11715306155433382,0.0031194136382961314,1.1035180034352685,0.19819322581354606,0.3486175046846382,0.3052209885308653,0.08230015114379902,0.4936338014461076,0.0662739588377681,1.2293751357960154,0.4476955220196648,0.26835515647175096,3.260620375478283,3.760821949331444,0.4476028522739972,0.13778189600624133,0.04240659146700483,0.47541612450283727,0.08535057220755607,0.014463291640812405,1.1345583050164958,0.43826970554063094,17.390918487226923,3.1286069900521705,2.7056312939213494,8.045590199169652,0.28399940910380445,0.15994735497181034,0.10208929950224961,0.25097182304396215,0.4327941217107356,0.1361025440152732,0.28023393461616924,0.010961045815622858,0.0007248519901962303,0.22251479030967272,0.0,0.20771953602164814,0.13137990696863944,0.0,0.0,0.0004678382624813849,0.00131091168613411,0.00853363829996003,0.010199087171885399,0.0,0.14537781350306828,0.0018380714775606266,0.4341586786531772,0.005501912795934422,0.0013480969158360433,0.17031675455055376,0.08317826668031532,0.009213137587495496,0.07142198370845666,0.0,0.015531703050780252,0.046672282521325575,0.040843757369993,0.09341745434098132,0.12448943300960044,0.98082221646394,1.8254657563236627,0.04239843937363222,0.0036767299632927924,0.005047930025585298,0.1922557908438589,0.007475247018294,0.0011747350669769133,0.11169510663031128,0.2506180102933384,3.5730535463977673
0.09125765975113512,0.34206332298132125,0.9120433975601242,0.04806732471189058,0.0035350013898538895,0.11118497625947171,1.3033050423201542,0.572923083067819,0.17338963791545192,0.6367801315839626,1.6601847894746973,0.22587394640112113,0.8316806271713519,1.085664366234372,0.00993612379040843,0.684131026063128,0.86004843763648,0.6134585720070704,0.6722128634267576,0.4648150637410251,4.530387170602059,0.06429848813614618,7.3997326908207475,1.0565513784665095,0.23330272009889885,4.311407814831211,6.372866182951343,3.8025830331174117,0.9292578929720742,0.7144264811674509,0.44984473305166867,0.15193247777250776,0.2919282153518598,2.1690923255168717,0.06718366077264894,1.8527787478075162,2.7056312939213494,2.543002425601552,2.3851308588564746,0.2274744177080265,0.0742225050958532,0.4352604856786986,0.22277011418429088,0.13390792950522099,0.1822770809697712,0.3762418533055242,0.008449749176983719,0.00023654056437984912,0.03226535395888686,0.0,0.1686514820502455,0.3092009968594281,0.0,0.0,0.0016382899314265585,0.0166824753100808,0.015966414558538367,0.11239904715501224,0.0,0.03334326530883062,0.0055834030071644355,0.10338457871109977,0.007891269968133925,0.0004601835679976843,0.07552045884293822,0.12163032276705082,0.0045927594300410645,0.030229547470442868,0.0008265468273393938,0.0038017508819308556,0.043127122556242514,0.05576324796310615,0.5167573812311494,0.0418239607532299,0.3395345940052118,1.5590575621758485,0.1255710392107895,0.005147767758408346,0.012163974494709668,0.04470453723658034,0.009094478806907223,0.0030378121051887006,0.07245357916665061,0.028196127300222144,0.32602234328752594
0.021209563263010704,0.2631629281441417,0.8453231153320827,0.006205869985374188,0.0021346251562407463,0.05035565116273122,0.36803085097534727,0.21176360413354936,0.0668819524395104,0.1241894693318267,0.5214438781581121,0.08593087301556608,0.24572035955002838,0.29438231354413985,0.0032941831544405368,1.4321788191586697,0.38235214046745725,0.2385625629820683,0.2785627088755165,0.1380334578677439,2.5646732269242714,0.04221724272047476,7.276407540739606,0.6134392082838915,0.026293910931591086,2.4926861730625975,5.64659713403484,1.6828701418430092,0.20023569475525121,0.24945950109654252,0.1847073365529682,0.09702443665483189,0.05505421278858818,1.62669400596607,1.4381771549195776,3.6040332473419445,8.045590199169652,2.3851308588564746,1.4878967888075458,2.8071886388490794,1.1202760385351034,0.06683317300971839,0.23723065309939387,0.17081092399140074,0.2066391069558787,0.6867831808634826,0.027859043184057533,0.0022086154250368106,0.00738758306129742,0.0,0.12657394281723636,0.2504088049040884,0.0,0.00015274679855449894,0.008725698860413153,0.0030338457446050958,0.03034523167152879,0.03539224251442666,0.0,0.01529096078073701,0.011934341282582334,0.046086649760785116,0.020313565770029785,0.007477498865639476,0.07969783117501565,0.08585926674850333,0.0013780626669801178,0.013836773201077134,0.0017861761891922595,0.0013556638573370549,0.0405776264291771,0.05200348088142732,0.17490386369556374,0.01190760886863403,0.2599857455047485,1.2349273095932136,0.048824916325754086,0.0034884672806109857,0.009734568130458273,0.020063342902722683,0.015463570018060134,0.0022502280411315643,0.06698743280150063,2.4878422001623877,9.066326697173274
0.007443482363514829,0.010805064983642707,0.02522645906291535,0.1990492974616262,1.7215436753557587,2.2032431346029906,0.29951362880782506,0.9945058294562837,0.8662248085878398,0.43154768429065243,0.1071784096897099,1.7312238313153445,0.12858321952909849,0.3848562655302223,3.1047201527148163,0.15571484370829108,0.015793468428554502,0.029334304136309355,0.019017782750544273,0.5072820187728153,0.2456607394496812,0.014649039316609555,0.5132563434686314,0.8287869531664186,0.02738920443090285,0.16000497034964803,0.24044003702471342,0.954207378046605,0.18580295225241034,0.03496276451149327,0.019064859747151792,0.6113903950587083,0.01440327158083593,0.6409157135138038,0.18615747332713384,4.53414300789978,0.28399940910380445,0.2274744177080265,2.8071886388490794,4.639866989060334,1.5185264844217325,0.056986625106643075,0.1631617401474938,0.06522521192136176,0.04170759651410895,0.1493521711493318,0.0737044125601135,0.0020851945299890694,0.009294202995739109,0.0005913913666297533,0.0005647684625314838,0.00350934376399093,0.07671629057686329,0.002280240870926175,0.0085567312430771,0.011781183141921468,0.03596134516746548,0.09010464961049781,0.0461829510395592,0.0022530641114839964,0.10643696231887786,0.19662316300568355,0.0063480888533146655,0.0042129655292567035,0.02815934137712477,0.0,0.000711860171825724,0.0,0.07574633243971508,0.001699983374392198,0.009409576837718099,0.00226382483038008,0.28498623105684506,0.013407648190335521,0.0031872740468021714,0.022912501899966933,0.17551721137670448,0.0010591673555201166,0.0038666366500802575,0.00019158068101474907,0.002084125336533768,0.0009428753058441367,0.03134541498721796,0.4580100284081327,0.1323469730180399
0.0012588174861910926,0.0040391365484149944,0.011179759187223649,0.017283877159571706,1.3109133177394903,0.06090238828056897,0.1012110466573984,0.03949360023218571,0.04083808827735126,0.1536945046791623,0.007267688305910263,0.01232936136659387,0.009644684817797053,0.027054246342700487,0.48193119864276707,0.01742887852251156,0.003389227871175609,0.00196889621555108,0.002290855727231735,0.05780837215999603,0.016647750512021928,0.0014316008461479838,0.033005749509500804,0.13394318128383417,0.004174427358584823,0.031192188594688735,0.06421961612474392,0.23453724380604835,0.023353328025238658,0.001747296752786933,0.001133626942804479,0.719826503403151,0.010644349460418548,0.14890736180541797,0.1759992521063173,0.8339689903208932,0.15994735497181034,0.0742225050958532,1.1202760385351034,1.5185264844217325,0.07014496678976281,0.004494864535956516,0.005564922472459428,0.0039719676236088805,0.0022401711383161515,0.010192186278025797,0.0026334414896064607,0.0,0.0,0.0,0.0016676942772963128,0.0013268936758887642,0.0,0.0,0.0006828643163256419,0.0,0.0002072307440406867,0.024034046495810667,0.0,0.0005823679829519836,0.0008734184384594856,0.0017939545715468872,0.0,0.0,0.004084470504288744,0.0,0.0,0.0,0.0,0.0,0.0,0.0,0.012465447007492764,0.0014586070592059151,0.0010181412939263672,0.008680993198526261,0.0003208217680690494,0.0,0.0,0.0006181283179776457,0.0,0.0,0.0008992394079314351,0.03733361456737976,0.1008679679608563
0.0010804473022179664,0.05178865116187795,0.0015111567247577452,0.00028129873377048375,0.002511330305664853,0.016304127727285143,0.014127330642408332,0.07716680932453515,0.006258885154791749,0.0045157168472902695,0.15446077897536725,0.017315975099559,0.45838884776295463,0.0505214726443779,0.00020880700204224824,0.014251188509415237,0.00034556140198684256,0.0,0.0,0.0294511266218542,0.0017157453086175337,0.003736216442072579,0.006085056194697673,0.019590225742044883,0.2508858865717812,0.007483326304979662,0.004825479607599174,0.014889268573480365,0.048445417537138234,0.0003156005165694851,0.005205837744156835,0.05992754697609988,0.0004564974199498353,0.7650011207183747,0.005468118486426235,0.2031272426173811,0.10208929950224961,0.4352604856786986,0.06683317300971839,0.056986625106643075,0.004494864535956516,0.09999522951082979,0.015303739584436175,0.0443133058728619,0.01428536855809169,0.036899556078861605,0.01027303707478645,0.00013140389931181728,0.04058464025214026,0.0,0.0016615725160953223,0.0,0.0,0.0,0.001306403346588811,0.0021961172773130463,0.0047159249953279535,0.0029226850210306854,0.0,0.01830002698616335,0.0004154276478457469,0.03137318229224062,0.0012216801276336594,0.0,0.001194066514265076,0.0,0.00031238542392930413,0.0,0.0,0.0,0.0006158003872905871,0.0,0.0037395038035543077,0.06669453831380064,0.0009910742873836442,0.001160025701640599,0.007335878563441802,0.00016998270719066697,0.0,0.002857541608126429,0.002310409292722647,0.0,0.019129796208408743,0.0001308547138991133,0.0051417621727223315
0.0009812282364833273,0.08996401764637561,0.14023992365484447,0.005281284590887749,0.0005508513993685445,0.0027574600695826667,0.007978682640013165,0.01821731170178664,0.24942953361483378,0.006423782346169393,0.023411249304528984,0.007692977106375421,0.1374563981884393,0.009797792608707251,0.0025250412011385216,0.36159151034757786,0.05871180811150858,0.0,0.009758496466199109,0.2155902074495848,0.036021626726803646,0.11904828837309059,0.2920057881109585,2.8780691664790146,0.022830008557295212,0.23590303645255137,1.113964155301901,0.23314584484389134,0.009416367307530331,0.006353495722960136,0.01348452453493845,0.007982558321126718,0.019352580273828773,0.44368569284796844,0.48470131114678616,1.0125607168247068,0.25097182304396215,0.22277011418429088,0.23723065309939387,0.1631617401474938,0.005564922472459428,0.015303739584436175,7.2230758443477185,12.461358998064961,1.8757710634605986,3.6990341472748622,4.995106409321187,0.5747733998156566,0.17888016117851072,0.05795482454631929,0.1891422611458348,1.5107202422780912,0.43529107239825415,0.21638645353900096,1.3812732330310895,2.106803835364045,2.746862266113864,0.38852459887784524,1.5924961136527125,0.38640682481848965,1.0267009103995213,2.1017237488721885,1.4691007917394376,0.049205799544047225,4.177191365193097,0.6052982231049773,0.5746489562009097,0.5355685534190743,0.8110025416408846,2.2089472677529334,0.2617560542974242,7.323879931705411,3.2129200537321077,0.08076018084715605,3.483326896402576,9.297442720912027,6.136295901910769,0.4410666731195295,0.5049517253916873,0.25585995400475126,0.5275589447998434,0.054144940229094454,1.585947884148766,2.5809971626444024,1.452853166942515
0.0,0.10235119211451882,0.05156341673186529,0.0,0.0,0.0032718887631882263,0.0002186123179195205,0.019911843257863524,0.005359543802828186,0.0,0.4117585162157772,0.0019265301111901837,1.0040468776903995,0.016287113543953777,0.00460775949118211,0.17297634159802153,0.027881093929403022,0.001509320019438171,0.018804494174782884,0.013601801945775713,0.018306233961182715,0.029117876430480246,0.07673398998546326,0.0993450777986866,0.2494609133152553,0.2237385057587613,0.5065599008219074,0.030129060259244948,0.01658248770447377,0.0003658037412845232,0.04403325298722809,0.016832536095324542,0.00041826998452238357,0.18593458890225265,0.06966669252519145,0.21643446266923055,0.4327941217107356,0.13390792950522099,0.17081092399140074,0.06522521192136176,0.0039719676236088805,0.0443133058728619,12.461358998064961,2.5905154856034613,2.7934876029082853,8.01380121560219,0.20395356826961442,0.0738237488076957,0.14292102411505397,0.0028954736057832447,0.11425895535306646,0.283370135969375,0.0024129158554111996,0.002455509361267952,0.04689039600932157,0.07446966480596755,0.18303528968831512,0.01838171239089543,0.02904600951975781,1.2843175282378994,0.06747601839308372,1.0908559046794661,0.15031378192693992,0.0011113272349321638,0.821812296867456,0.15671147327954194,0.22811835625968233,0.15172976824986534,0.040230872204859894,0.33741464906146085,0.05543295863758461,0.9390689600363108,0.27357667544564557,0.18171694934532767,1.6836724639211027,2.590502561218135,0.31062492392921903,0.04484235083848728,0.037405530563518925,0.5346996850668375,0.07740892945109379,0.002498653911982133,0.5971051604797244,0.27832906182114886,2.5830856492507888
0.0006242438124153844,0.06793939611567092,0.09972060252455975,0.0,0.0,0.0012326159175301327,0.0033099409607051295,0.0289116472432467,0.07987169846598617,0.0,0.044538496783993964,0.00247872662195457,0.15985913394981638,0.019256146696428673,0.0,0.07700584031463768,0.0493715915156163,0.0,0.013630213042097914,0.11235479477003844,0.004485839902315968,0.023859481412103017,0.2956199349488958,0.6097173940561644,0.08220672490054215,0.21129868271916252,0.9943463558721664,0.03737684705168405,0.01059704920900188,0.0011423815591211563,0.006456573834306661,0.010990712399722831,0.003841306336110386,0.10628549281951268,0.028001078128296008,0.23955978712902393,0.1361025440152732,0.1822770809697712,0.2066391069558787,0.04170759651410895,0.0022401711383161515,0.01428536855809169,1.8757710634605986,2.7934876029082853,1.585285980429881,2.5071213826583127,0.2887129253992083,0.0798634166450188,0.9254899361337926,0.08715352014306922,0.13367189063087925,0.9557845398777232,0.18354569352817884,0.005965761138739497,0.2965973241739405,1.72404615233523,0.7413851203979934,0.1303436003090567,0.9665408561385012,2.99995035117234,0.4265875783724088,0.8024819522286688,0.8069895961853926,0.00726136561987974,0.8317122586694191,1.0499904275754548,2.0550966566520827,1.4724151493150497,0.36141412998271916,2.162834011934313,0.07328605172605326,7.6636821377603725,0.850540924192104,0.22309612095338655,3.325070684876601,5.497498790610418,2.9007528704882812,0.5259159380151345,1.2275280931262447,0.6760973700332995,0.2787916244465683,0.12814702965151648,2.291345734555538,0.0854686800206725,0.7373469169020348
0.0005808740101168276,0.08776764891720862,0.1587976827896947,0.0,0.0005000237802401192,0.019534229844762024,0.0010270769131857467,0.08954495380280142,0.051887074982339486,0.0,0.016165289643996432,0.012069225753968462,0.03929721844938572,0.057972911477280654,0.0502953578633408,0.11423057550930588,0.08624308600882435,0.00017102251776000298,0.02415222434181311,0.07383129008240258,0.008531663117224605,0.03100872372814805,0.3549052261445835,0.3727623203563993,0.017633121310916523,0.32517310608788874,1.285271042820986,0.01253868867096422,0.031512872704056324,0.0023354208754130987,0.0017741773698458168,0.056532559522890165,0.003502650694199964,0.29639871253840006,0.9441950868560623,0.34723632504494345,0.28023393461616924,0.3762418533055242,0.6867831808634826,0.1493521711493318,0.010192186278025797,0.036899556078861605,3.6990341472748622,8.01380121560219,2.5071213826583127,2.4542445398575814,4.40594710100287,2.415031078214692,0.24386385003979097,0.04254233074781137,0.15027472385709623,1.417205711987731,0.07550138862630319,0.008867629802928715,0.20057373803814774,0.918926715206226,0.5204949001521685,0.07463549928380654,0.43097434308537247,0.8281737600959033,0.2613542671845427,2.0544153199176947,0.4236057674727627,0.004065862468560539,1.3777787301130553,0.9343556629363928,1.0833421311736033,0.9111933858677409,0.1732024444207169,1.4252524930117936,0.07709217401276135,6.91147728418449,0.6927924977064026,0.08840305529578031,3.124637016716579,7.403516859325205,1.9007364411657128,0.24334761392695675,0.5364724542818377,0.4481697751054202,0.19663897737425476,0.04867015639814863,1.1390839787625808,1.2365836917299915,14.015558795204093
0.0,0.0005605786176691573,0.0,0.09455204975383717,0.0012167714876398423,0.007212887199143638,0.0019517427060298917,0.002233742586707126,0.06256941891192501,0.030507133900801495,0.004009334365673115,0.05789575222777503,0.044809268852428565,0.0008619162365761444,0.012988083579323626,0.005248195242337107,0.0,0.0,0.0,0.1026824124503446,0.0,0.004704107686015802,0.00251560892324752,0.18599666061859915,0.012717844373249618,0.0016048912545594774,0.005820748742146776,0.13449734928810825,0.0,0.0,0.0,0.00015634720891661874,0.0,0.08265866559219372,0.07693374576182034,0.025879822973374024,0.010961045815622858,0.008449749176983719,0.027859043184057533,0.0737044125601135,0.0026334414896064607,0.01027303707478645,4.995106409321187,0.20395356826961442,0.2887129253992083,4.40594710100287,3.7824588114705455,0.981452957420309,0.0388938326969909,0.007974660186588996,0.04427803234877875,0.006253633225885054,0.3081278627964339,2.7233358781809986,3.3461587474995103,0.2083292233128837,0.9436942324912191,0.6910537888358209,0.49574815446124776,0.08141480602050614,1.0333087726532089,0.2991277186727343,0.3158004912104689,1.1647400078335737,0.050223882805883614,0.005174291009208442,0.04761826829915021,0.008575111435564739,0.37427968489233543,0.03128446673499968,0.1265213309621051,0.10415143506800006,0.9682619943780086,0.015125174526139557,0.038406974351786576,0.09923905127756283,0.6468226278755056,0.07848871013401293,0.02780089717075735,0.007837730902536012,0.20054078503559278,0.00465550806442832,0.23678358208670894,0.25061972399697996,0.10408660399388034
0.0,0.0007200454572749515,0.0005916337354956859,0.0,0.0,0.0,0.0,0.0,0.005500865434617823,0.0,0.0,0.0004804683265518759,0.00014248680670345232,0.0,0.0,0.0016036078573855922,0.0,0.0,0.0,0.0,0.0,0.000494243626250729,0.0005218516498494644,0.009107835964751171,0.0008435107921039183,0.0006426193816131055,0.0005226437373584213,0.0,0.0,0.0,0.0,0.0,0.0,0.002395316089694947,0.012766485947088214,0.0013087564984657794,0.0007248519901962303,0.00023654056437984912,0.0022086154250368106,0.0020851945299890694,0.0,0.00013140389931181728,0.5747733998156566,0.0738237488076957,0.0798634166450188,2.415031078214692,0.981452957420309,0.03198975496723072,0.002827162894294448,0.0015393411651099926,0.002059486889604819,0.005915259914238535,0.012963142542727443,0.7752480307871854,0.21447794099998937,0.09153882861870903,0.02907959274853479,0.012050979452772857,0.062432141125117746,0.005057514300584375,0.02399067706125153,0.11111216103110616,0.01983572626893905,0.07947211418483745,0.011378590005579543,0.0007402264267285923,0.006816036773860888,0.004775727844691247,0.022896208976037745,0.01033895437173087,0.0007179764870199406,0.02457188419525145,0.04975908998883083,0.0016077817981307067,0.011799041865231235,0.030865799910359024,0.12952422306256142,0.006822520845300229,0.007340110491024352,0.0014592458011744684,0.642638096031664,0.0014035488076695841,0.08331096255888486,0.09147533689623209,0.11146727961231802
0.0,0.07710967967876367,0.0,0.0,0.0,0.0005102422428588012,0.0,0.003309990788497795,0.0023781157051603555,0.0,0.22469419080501268,0.0005393301243723257,0.29332877058221407,0.0053700030315995,0.0,0.005484040521422968,0.0,0.0,0.0,0.0009169363464610002,0.0007890879524604801,0.007431391618298985,0.0005351598443579494,0.002211495558854271,0.34474374393589663,0.0019937690489010658,0.0023965946529170253,0.0014123679667467763,0.006575229454067621,0.0,0.002816543793159384,0.004593374500765406,0.0,0.1143178336362543,0.0009861120623164488,0.016669993602155066,0.22251479030967272,0.03226535395888686,0.00738758306129742,0.009294202995739109,0.0,0.04058464025214026,0.17888016117851072,0.14292102411505397,0.9254899361337926,0.24386385003979097,0.0388938326969909,0.002827162894294448,0.15773110617980157,0.0009519111495740495,0.05995473663646478,0.0,0.0,0.0032805701985438385,0.025187636978666137,0.009881071944170705,0.10899020648919318,0.0021959990099636203,0.005658608035413304,0.4916475659629662,0.034337907867194255,0.5923240266947853,0.06927888470394443,0.0011127882453440866,0.0024837388863748694,0.0009712725583945612,0.0026065639956983394,0.0003041870312081902,0.011523553794078618,0.0022381280401873953,0.020457319988514768,0.005677550437758338,0.01091085417200397,0.5745126017247121,0.00535783366848268,0.011657379280004829,0.015070077420344314,0.019370127704761177,0.005019174157385061,0.009938351535792232,0.08676786008995764,0.0,1.0321327608571829,0.006128365767291418,0.03233934651592554
0.0,0.0,0.0,0.0,0.0,0.0,0.0,0.0,0.0004677415955344026,0.0,0.0,0.0,0.0,0.0,0.0,0.0016531587911154633,0.0,0.0,0.0,0.0004439609345340328,0.0,0.0006422263621110074,0.0,0.013594865135570046,0.0,0.0,0.0,0.002238643599416202,0.0,0.0,0.0,0.0,0.0,0.0,0.0,0.0021382367709743763,0.0,0.0,0.0,0.0005913913666297533,0.0,0.0,0.05795482454631929,0.0028954736057832447,0.08715352014306922,0.04254233074781137,0.007974660186588996,0.0015393411651099926,0.0009519111495740495,3.5971564291698406,0.0006283303223377928,0.01505198654994805,0.0020266787228471546,0.0,0.009529937073267438,1.9905516965862418,0.5414753988222973,0.006039935025005883,0.03251835308023192,0.02059383575804607,0.02120773664985919,0.002719126865565732,3.656167646769663,0.00012481015347090175,0.014967156592257903,0.10497219899655755,0.006557688773015944,0.02345364431137754,0.012572606172544463,0.012000813619364066,0.0025505830768128472,0.06224612948068521,0.04680630354699014,0.0009877221767678817,0.008619538133694203,0.014726194210180716,0.06743789758780576,2.1901499831094435,0.9902586132452786,0.0005202989458762107,0.0014103861561250242,0.02326557574225937,0.14258724103457257,0.0013927036452005218,0.006070152838894866
0.0004115881627525845,2.852422686624251,0.1439086373937408,0.0,0.0,0.0,0.0027491699011265576,0.00021740061996681787,0.020206881611889566,0.0,0.04521998688046393,0.0,0.31337237159790304,0.004821550303909271,0.0,0.0508458562905364,0.15152279325626586,0.007634653058533777,0.0959514222018764,0.00011658582883116063,0.0066068878551079945,0.023198737292399525,0.08201144039611541,0.014576777402862996,0.2619203056417719,0.6175981681839875,3.1725170814855708,0.005705081137568863,0.009610511040335598,0.0012273479281638719,0.049717306316401304,0.0,0.00015463698243208164,0.12530281458447678,0.0,0.20898008436904295,0.20771953602164814,0.1686514820502455,0.12657394281723636,0.0005647684625314838,0.0016676942772963128,0.0016615725160953223,0.1891422611458348,0.11425895535306646,0.13367189063087925,0.15027472385709623,0.04427803234877875,0.002059486889604819,0.05995473663646478,0.0006283303223377928,1.2945797024846641,0.04668646259393439,0.0,0.0,0.0,0.002800775903385185,0.001079826274147738,0.7086008675969815,0.0,0.20898211843219294,0.0007467278021781463,0.5692829138884006,0.0009599168105724524,0.023477898498795165,0.4211920522006109,0.1125689424072735,0.005214035830727949,0.11143924867269223,0.0,0.013920563787022491,3.779851708688095,0.029221670176416855,0.6730743022103581,0.5579084612436064,0.3189893049770362,9.530400227715973,0.03295458745531746,0.004683820278953643,0.014017063018692252,0.12368403384614898,0.0013743351223540175,0.0,0.07192239001751179,0.0015135127781166987,0.026074451443359754
0.0,0.06679895259862512,0.5224268114271621,0.0,0.0,0.0,0.0,0.0,0.0004892075808034894,0.0,0.00041957966014721527,0.0,0.0002295360848117766,0.0,0.0,0.04502532156749304,0.2577299803184894,0.0,0.03195346075998895,0.0,0.006363387139524901,0.008758316189363275,0.5371826843357547,0.0052350294601869775,0.0,0.2627045292783322,2.0448035015056263,0.0015774041340755047,0.0025899551807907124,0.0001670061694473098,0.0,0.0,0.0,0.14572551007159126,0.003771520461653595,0.3779339783993271,0.13137990696863944,0.3092009968594281,0.2504088049040884,0.00350934376399093,0.0013268936758887642,0.0,1.5107202422780912,0.283370135969375,0.9557845398777232,1.417205711987731,0.006253633225885054,0.005915259914238535,0.0,0.01505198654994805,0.04668646259393439,19.61248365555082,0.0,0.0,0.0,0.6871191268308317,0.06669719192782998,0.003391216076477066,0.0023759284299814803,0.011579776401732673,0.0,0.01801557941043492,0.18855026298722238,0.0,0.2209215425265101,10.077726857912532,0.05303192389594936,0.8186347069503944,0.0,0.26315107193701287,0.02321076917392526,8.588411212203725,0.0906206659344153,0.0007205579386669558,8.001986086301011,13.750609843389329,0.45664362692631244,0.012276537049441842,0.26629259818491896,0.00034553021585445376,0.0,0.005211502763851688,0.3347439255399834,0.0031602293326850783,0.15366345196250056
0.0,0.0,0.0,0.046030905302575205,0.0,0.0020391672161757263,0.0019040578065944087,0.0006185822708068021,0.31211683558003583,0.004082581117152666,0.0,0.03805549956954515,0.0,0.0,0.012849448228195013,0.0,0.0,0.0,0.0,0.18538744903268992,0.0,0.0003782007072471931,0.0,0.40237958139539276,0.0,0.0,0.0,0.07645381204208432,0.0,0.0,0.0,0.0,0.0,0.00019727651795900796,0.0,0.009249561338154673,0.0,0.0,0.0,0.07671629057686329,0.0,0.0,0.43529107239825415,0.0024129158554111996,0.18354569352817884,0.07550138862630319,0.3081278627964339,0.012963142542727443,0.0,0.0020266787228471546,0.0,0.0,14.83479589298407,0.007732871204552266,0.1479474635041146,0.07651674692468356,0.25673970427282317,0.5413078865157538,3.412910751494348,0.0,1.649270058404053,0.0011672423235607595,0.10208847861452916,0.03500739111964237,0.0,0.0,0.0,0.0,13.61341606490734,0.0,0.001206871674229019,0.0,2.720838172741555,0.0,0.0,0.0,3.709307158634677,0.05630697398223232,0.001199615500656066,0.0,0.0,0.003943905284546824,0.12648587829311506,0.0005047851637133454,0.005492801664991796
0.0,0.0,0.0,0.0005586408044304266,0.0,0.00011668598954766873,0.0,0.0,0.0027433485603223203,0.0,0.0,0.0018492539934878574,0.0,0.0,0.00017411914831713668,0.0,0.0,0.0,0.0,0.0018661327787921518,0.0,0.0001839427303553311,0.0,0.002814539275812961,0.00016624648352221255,0.0,0.0,0.0,0.0,0.0,0.0,0.0,0.0,0.0009408848560824535,0.0,0.0005108018419460878,0.0,0.0,0.00015274679855449894,0.002280240870926175,0.0,0.0,0.21638645353900096,0.002455509361267952,0.005965761138739497,0.008867629802928715,2.7233358781809986,0.7752480307871854,0.0032805701985438385,0.0,0.0,0.0,0.007732871204552266,0.8092992537560171,0.6372378947388693,0.0072063816259755695,0.01394267641260159,0.09039395282807614,0.01560436101387661,0.0014470425572660726,0.017713374662796315,0.0012957338273135235,0.003777356893006746,1.239402503949156,0.0005393142529285344,0.0,0.0005763880270370613,0.0,0.0039598559264356,0.0,0.022456264508747742,0.0,0.09157614262181916,0.0006733901275766518,0.00020029034359720225,0.000616754352025152,0.017620005252820925,0.0014902511902496578,0.0,0.00023333274484446776,0.027034951815629024,0.00018393501877314383,0.4021559786657248,0.000179728036045004,0.0017663344973348934
0.0,0.00037118575911318226,0.0,0.0024135307539465624,0.0,0.0008481799775381048,0.0,0.0004397069301704868,0.02912918149074931,0.0,0.0006970808151082473,0.006435472114943923,0.0007754105724077932,0.00017151220094174105,0.0009181675589445752,0.0,0.0,0.0,0.0,0.03224190084772381,0.0,0.000689276771044231,0.0,0.04679291144422181,0.0013109489629199794,0.0,0.0,0.005903208860479472,0.00016573655849911971,0.0,0.0,0.0,0.0,0.003632580787695815,0.1657482486451498,0.0014046493104360861,0.0004678382624813849,0.0016382899314265585,0.008725698860413153,0.0085567312430771,0.0006828643163256419,0.001306403346588811,1.3812732330310895,0.04689039600932157,0.2965973241739405,0.20057373803814774,3.3461587474995103,0.21447794099998937,0.025187636978666137,0.009529937073267438,0.0,0.0,0.1479474635041146,0.6372378947388693,16.146434680002432,0.7674203052465162,4.8046326533739965,0.09939242677818017,7.420987749489081,0.04364859280256481,2.1319393128377517,0.016043405285763198,0.47743059990567827,1.014045217431598,0.0035174872568599787,0.0011456854499669515,0.019134137597372335,0.004670810052374461,0.3002799378183451,0.002942965569940572,0.004104602147650183,0.0011729606398226402,0.1079181217446134,0.005266153142832012,0.011810476261238517,0.001201526088925303,0.621401897448642,0.1280224339817934,0.00692328010811045,0.003369100241581263,0.04180383799485569,0.00503621776334148,0.7060420046481077,1.7052513842865775,0.07303531411800966
0.0,0.0,0.0,0.010584387271738075,0.0,0.0,0.02755013963325841,0.006904274652014623,0.11015370967495275,0.0004702220980551212,0.0,0.0013140131595465606,0.007847049944458577,0.001353864120692935,0.0014450943427686657,0.006500982454882592,0.0,0.0,0.0,0.14976479861249156,0.0,0.01225009613731093,0.0,0.9265303573388456,0.0008292291287854855,0.0,0.0009491257373277437,0.15955035661466777,0.0018533460160708303,0.0008317365947249165,0.0,0.0,0.004466889654468512,0.018237509657338013,0.0,0.12258546670218795,0.00131091168613411,0.0166824753100808,0.0030338457446050958,0.011781183141921468,0.0,0.0021961172773130463,2.106803835364045,0.07446966480596755,1.72404615233523,0.918926715206226,0.2083292233128837,0.09153882861870903,0.009881071944170705,1.9905516965862418,0.002800775903385185,0.6871191268308317,0.07651674692468356,0.0072063816259755695,0.7674203052465162,33.39214851903479,4.492295028660556,0.2293555137391491,8.585149800812317,0.018655300116847053,0.0996115807364216,0.15816869223976424,10.713267711056583,0.013058262023941246,0.06308463312770243,0.8634164818223574,0.0017937814592367506,0.0873208188406165,0.0496191705260524,0.9888984360360984,0.02006479889948914,2.6162400941861117,0.8820846498184917,0.0006181849403727741,0.052664869698962384,0.21179366554027562,13.648180952520883,1.9837688059622176,4.352271292696482,0.0,0.012511745085125873,0.3169261337611518,1.882526194550208,0.02323716078352982,0.25899131281597476
0.0,0.00044731050381065945,0.0,0.0007281826013704389,0.0,0.0005615227209100559,0.002140848866374894,0.00019349753294326406,0.04795046885593376,0.0,0.0020911095186339785,0.00418422038414842,0.0026538497070521185,0.0,0.0,0.0007288074692217817,0.0,0.0,0.0,0.18303080026553528,0.0,0.0032567218845994395,0.0,0.17319907225683132,0.002428636391013637,0.0,0.0,0.010560351818291343,0.00036135720025862254,0.0,0.0,0.0,0.0,0.017131796203469492,0.0,0.004731983787893042,0.00853363829996003,0.015966414558538367,0.03034523167152879,0.03596134516746548,0.0002072307440406867,0.0047159249953279535,2.746862266113864,0.18303528968831512,0.7413851203979934,0.5204949001521685,0.9436942324912191,0.02907959274853479,0.10899020648919318,0.5414753988222973,0.001079826274147738,0.06669719192782998,0.25673970427282317,0.01394267641260159,4.8046326533739965,4.492295028660556,16.199656192823337,0.10334127686048239,5.034928581001551,0.35642192743242695,2.5930626786562607,0.07048364426735501,8.031753456460015,0.061035285211782545,0.03307283477654515,0.04446773138527909,0.13378773809274672,0.02030568653211739,0.945461238430641,0.0552918376453855,0.008078009098727303,0.19556908729091665,0.2904600390597913,0.015303892546268032,0.08910818851142738,0.012465657673986155,0.9149426841300319,0.8530227353376008,0.54447640775128,0.03676532015245241,0.2386185924873709,0.05032534006036832,0.8776512895340359,0.007783506191285193,0.068739428193453
0.0032181185549870622,0.017753002475097524,0.0,0.16519782094654492,0.0018780335580908516,0.023975456081185852,0.06335167169483934,0.17133483254723042,2.2287832257455213,0.0675826280751802,0.0,0.0306568656629325,0.005591374720104831,0.12432363952677283,0.013630372658812477,0.037647976788606874,0.00010839696596843339,0.0,0.0,0.1079568765312267,0.008709902390702446,0.1788298602450081,0.0007750140908293912,1.8099187128125334,0.0021550873966449647,0.0,0.007408710360604329,0.6540461926580954,0.07823977439640006,0.004067941702845846,0.0,0.00341302176189153,0.02654592154760335,0.12362331937691419,0.01848218358223054,0.3489982946017913,0.010199087171885399,0.11239904715501224,0.03539224251442666,0.09010464961049781,0.024034046495810667,0.0029226850210306854,0.38852459887784524,0.01838171239089543,0.1303436003090567,0.07463549928380654,0.6910537888358209,0.012050979452772857,0.0021959990099636203,0.006039935025005883,0.7086008675969815,0.003391216076477066,0.5413078865157538,0.09039395282807614,0.09939242677818017,0.2293555137391491,0.10334127686048239,2.8449142431724423,0.26236307080915044,0.0078040391913045,0.4772292520821545,0.042029869328828295,0.06023853739151182,0.17910093996949009,0.03945625688084983,0.003930413776675936,0.00031358532154719335,0.0019850794602185528,0.3516751154813627,0.0022607820456302698,2.600051849223712,0.007206029471291733,10.568273201685795,0.10919620582312707,0.01718426386110938,1.2486182286283423,1.3735718615126713,0.13128186988132293,0.036353821937775165,0.0009694949485217857,0.0029734333417523293,0.021910193172005384,0.10719563609601528,0.0052162252391548475,0.1297552470916345
0.0,0.0,0.0,0.0031897981879516913,0.0,0.0001745285247901461,0.0003057893360571576,0.0,0.17262159727010715,0.0,0.0,0.011188309079526419,0.00037246720829736023,0.0,0.0032717108748399307,0.0,0.0,0.0,0.0,0.11059024829052778,0.0,0.0,0.0,0.20043439645725317,0.0,0.0,0.0,0.016357882396167922,0.0,0.0,0.0,0.0,0.0,0.00043421548642168717,0.008865369059099236,0.0034431289023072516,0.0,0.0,0.0,0.0461829510395592,0.0,0.0,1.5924961136527125,0.02904600951975781,0.9665408561385012,0.43097434308537247,0.49574815446124776,0.062432141125117746,0.005658608035413304,0.03251835308023192,0.0,0.0023759284299814803,3.412910751494348,0.01560436101387661,7.420987749489081,8.585149800812317,5.034928581001551,0.26236307080915044,35.79783081065947,0.011869216583015665,5.632566405350714,0.029372705224189763,1.8747135273712108,0.035371351875907606,0.0003374158526523157,0.0,0.0,0.0008147180967041706,5.5686966868679875,0.0008891371447609966,0.00044409244899760536,0.0038917317976735564,0.22983622404265686,0.0002097252807784086,0.0,0.0003379290933747592,6.509407980035511,0.5731841027803728,0.01550673625380092,0.0,0.012281415706012126,0.021235981298474323,0.9663691472701078,0.17044755546529128,0.03603647976789803
0.0,0.0484274138886803,0.0003135242274260335,0.0,0.0,0.0,0.0,0.00019081619470979008,0.0,0.0,0.40425846029258256,0.0,1.8152554593715866,0.00032930079285272107,0.0,0.0016689497177793111,0.00041887314303603923,0.0007314774508255773,0.0,0.0,0.0,0.003196062949632704,0.0002179255525482965,0.0,0.39352095101654916,0.1218085252431027,0.15162417415982418,0.0,0.001174046973104155,0.0,0.22520998587923924,0.0017174032512734432,0.0,0.06752588851562323,0.0,0.012404070513838683,0.14537781350306828,0.03334326530883062,0.01529096078073701,0.0022530641114839964,0.0005823679829519836,0.01830002698616335,0.38640682481848965,1.2843175282378994,2.99995035117234,0.8281737600959033,0.08141480602050614,0.005057514300584375,0.4916475659629662,0.02059383575804607,0.20898211843219294,0.011579776401732673,0.0,0.0014470425572660726,0.04364859280256481,0.018655300116847053,0.35642192743242695,0.0078040391913045,0.011869216583015665,26.180018106296913,0.16421469540859948,3.070758713075921,1.061448124896511,0.0013867565103962616,0.0006625249970695513,0.10215088029310336,2.9228776735045834,0.3199245666340315,0.02456276588089258,0.02694329827950134,0.06662656193690877,0.0716206613235547,0.018117792785969915,0.6916858850433252,1.457066536841227,0.16228667535924993,0.013213473726314092,0.8643119084232589,0.0542984984980353,0.8383185491883308,0.6601256082875637,0.00982131044850181,7.383321259641819,0.0023864982462949683,0.035526687317805936
0.0,0.00017205787069372424,0.0,0.1863348229002455,0.0009050414786020368,0.009999852120752375,0.011350055688188556,0.01182931492496346,0.07139526021284276,0.08409477635198023,0.0,0.09685231828319787,0.005463329904203949,0.004923890013209321,0.019466357558240104,0.0,0.0,0.0,0.0,0.2230075228929397,0.0,0.0011286978531663118,0.0,0.2231047005409558,0.0008399743223310551,0.0,0.0,0.3809215014284842,0.0003102607180359644,0.0,0.0,0.0,0.00034197356958709296,0.013027769970872363,0.2973362611699116,0.009346622975314012,0.0018380714775606266,0.0055834030071644355,0.011934341282582334,0.10643696231887786,0.0008734184384594856,0.0004154276478457469,1.0267009103995213,0.06747601839308372,0.4265875783724088,0.2613542671845427,1.0333087726532089,0.02399067706125153,0.034337907867194255,0.02120773664985919,0.0007467278021781463,0.0,1.649270058404053,0.017713374662796315,2.1319393128377517,0.0996115807364216,2.5930626786562607,0.4772292520821545,5.632566405350714,0.16421469540859948,24.566974505350693,0.04375254253989527,1.4019334140888686,0.3417628873803849,0.0015000307389232133,0.005259691556142204,0.03248325302157693,0.020764543048169676,11.28490821991533,0.0,0.005935659467446989,0.0007607269998013086,0.6788911898316012,0.002817028269503834,0.006040301934192456,0.0005840449583435618,0.40433795219364294,0.3973244246740699,0.011898757104703422,0.0015259596076494374,0.06523713138123297,0.0026293817915593225,0.5631525204966448,1.4418384256482675,0.05944787250929432
0.0,0.16383855838019198,0.0002037443430270132,0.0,0.0,0.0004224473048740258,0.0008424882942032238,0.002159281257275651,0.011895637341686867,0.0,1.0459477546741753,0.0012530355756782798,6.397247889315475,0.0032527242197690123,0.007581935952860391,0.09196685263479601,0.0,0.016357011147725628,0.004221787653774098,0.0162610240964031,0.014471452701529561,0.01117496264947122,0.007504158638759258,0.06823337099416259,1.2201316590506288,0.8031125992037553,1.290686815784481,0.027917042803681045,0.012185102611914113,0.001594027675713412,1.2348822851723058,0.0032445197466865407,0.0011730378262191144,0.2526093249102439,0.013559776481166245,0.33173824211603786,0.4341586786531772,0.10338457871109977,0.046086649760785116,0.19662316300568355,0.0017939545715468872,0.03137318229224062,2.1017237488721885,1.0908559046794661,0.8024819522286688,2.0544153199176947,0.2991277186727343,0.11111216103110616,0.5923240266947853,0.002719126865565732,0.5692829138884006,0.01801557941043492,0.0011672423235607595,0.0012957338273135235,0.016043405285763198,0.15816869223976424,0.07048364426735501,0.042029869328828295,0.029372705224189763,3.070758713075921,0.04375254253989527,12.292096913868852,0.08346551298850338,0.0006762179499309076,0.05313893727882801,0.010647829182983778,0.020500030725891617,0.017296980123056367,0.03601743768184807,0.028485564150530992,0.22884565593483164,0.06224151641704836,0.1996381084145313,4.314598665619931,0.08875841552575289,0.9527329478311224,0.3544594555347114,0.06665763981941433,0.026800213335642364,0.9276667869132007,0.07795701650320301,0.004252387820925031,1.7205087015688223,0.14859991712291495,0.3609460684390967
0.0,0.0007526667111204795,0.0,0.0024648700846810583,0.0,0.0,0.000991505660261024,0.0003424873334110989,0.0283488757274653,0.0,0.0022330215821985216,0.0,0.002863424525638348,0.0,0.0,0.003612879924515807,0.0,0.0,0.0,0.01555314768886597,0.00040897170414265504,0.010840878299119963,0.0,0.0697670098278211,0.0034182754485468894,0.0,0.0,0.0035885531891847425,0.00024294332554618286,0.0,0.0,0.0002779602388251278,0.0,0.007590491424150782,0.0,0.004089370409450343,0.005501912795934422,0.007891269968133925,0.020313565770029785,0.0063480888533146655,0.0,0.0012216801276336594,1.4691007917394376,0.15031378192693992,0.8069895961853926,0.4236057674727627,0.3158004912104689,0.01983572626893905,0.06927888470394443,3.656167646769663,0.0009599168105724524,0.18855026298722238,0.10208847861452916,0.003777356893006746,0.47743059990567827,10.713267711056583,8.031753456460015,0.06023853739151182,1.8747135273712108,1.061448124896511,1.4019334140888686,0.08346551298850338,17.494490314166473,0.01904306175298033,0.06923639904014306,0.3384851948036285,0.4769725478424657,0.12828947937336985,0.7034839671375682,0.11672296604951415,0.015815183234057624,0.4616565306553897,0.31787528631843626,0.012695001356586723,0.29617897603684906,0.08016162304317591,0.7157618075651114,5.176603570363246,1.622900197405892,0.09198764835223713,0.22377330472557577,0.10115672850642633,1.3539971383578377,0.007286727740327839,0.03956751231300745
0.0,0.0,0.0,0.00867370527939061,0.00034771378619346876,0.00010641180958778016,0.0,0.0005759883748293291,0.004116380869645329,0.0019254150246396386,0.0,0.005737865790404823,0.0,0.0,0.0014046394780217668,0.000781414059724674,0.0,0.0,0.0,0.00795177902331232,0.0,0.0011634810972059348,0.0019444863836090617,0.014428688305482433,0.0,0.00029517280654541163,0.0016253895816608348,0.0075843807099170634,0.0,0.0,0.0,0.0,0.0,0.0005435308762779787,0.04521211035493577,0.0013460553174175793,0.0013480969158360433,0.0004601835679976843,0.007477498865639476,0.0042129655292567035,0.0,0.0,0.049205799544047225,0.0011113272349321638,0.00726136561987974,0.004065862468560539,1.1647400078335737,0.07947211418483745,0.0011127882453440866,0.00012481015347090175,0.023477898498795165,0.0,0.03500739111964237,1.239402503949156,1.014045217431598,0.013058262023941246,0.061035285211782545,0.17910093996949009,0.035371351875907606,0.0013867565103962616,0.3417628873803849,0.0006762179499309076,0.01904306175298033,1.1916403422587503,0.0010070122660324336,0.0,0.0010038718622319837,0.0,0.022812573911254158,0.0,0.06969179053856112,0.0,0.20385518493113067,0.0009687224248805771,0.0,0.017386317497512575,0.047897633044923685,0.004218507835892341,0.0020791650091392,0.0,0.011913956004557389,0.0005950291501643562,0.00567430173576109,0.3225741204252139,0.023049468557396615
0.00021662410330612134,0.06182102340225454,0.02245022424661088,0.0007878382174112663,0.0,0.0,0.00030482474853807954,0.0014424097528757602,0.02052998217967511,0.0,0.0,0.0,0.0,0.005536709458051915,0.0,6.414630209193204,0.0024300467055841848,0.0,0.0,0.0013927658046387615,0.4509096136050614,0.6817501005377359,0.8035256642017978,1.536521886010506,0.0015788610526308272,0.001345400920303321,1.540138852392036,0.6457397507079995,0.012955069836184045,0.11590008100481095,0.0,0.0,0.008505709376505695,0.02181376468165364,0.007405501107358964,0.6369800440270026,0.17031675455055376,0.07552045884293822,0.07969783117501565,0.02815934137712477,0.004084470504288744,0.001194066514265076,4.177191365193097,0.821812296867456,0.8317122586694191,1.3777787301130553,0.050223882805883614,0.011378590005579543,0.0024837388863748694,0.014967156592257903,0.4211920522006109,0.2209215425265101,0.0,0.0005393142529285344,0.0035174872568599787,0.06308463312770243,0.03307283477654515,0.03945625688084983,0.0003374158526523157,0.0006625249970695513,0.0015000307389232133,0.05313893727882801,0.06923639904014306,0.0010070122660324336,15.021441204391072,0.1722957218655446,0.0013491872620678357,0.023639491874823036,0.0004579799623133716,4.711905680091102,3.7393004455971997,4.017297214518843,2.0787941276740285,0.03544920581657658,0.02909513415601873,3.16286073407622,0.8907153659383956,0.13923064820834372,0.36831688706192345,0.00044487448354661605,0.0015907075500953226,0.03203425068780963,0.19348932402809152,0.0635068109490342,1.1018302781693576
0.0,0.08011679354906273,0.20136779759601472,0.0,0.0,0.0,0.0,0.0,0.0,0.0,0.0,0.0,0.0,0.0,0.0,0.005745567745203311,0.10767362115783485,0.0,0.03004641209923787,0.0,0.00013546690527794272,0.007292409754778911,0.10282418984693487,0.0,0.00038553157343774005,0.3154969501632509,0.8563809430022765,0.0,0.0,0.0,0.0,0.0,0.0,0.05840532732324068,0.0004081217742128088,0.07817077742889847,0.08317826668031532,0.12163032276705082,0.08585926674850333,0.0,0.0,0.0,0.6052982231049773,0.15671147327954194,1.0499904275754548,0.9343556629363928,0.005174291009208442,0.0007402264267285923,0.0009712725583945612,0.10497219899655755,0.1125689424072735,10.077726857912532,0.0,0.0,0.0011456854499669515,0.8634164818223574,0.04446773138527909,0.003930413776675936,0.0,0.10215088029310336,0.005259691556142204,0.010647829182983778,0.3384851948036285,0.0,0.1722957218655446,7.359047685020254,0.2975110933579973,4.044857849289427,0.0005748112806494532,0.6394300170616032,0.027112348840448608,4.000164528780224,0.04125412083697704,0.004106210843748152,4.046916564577161,5.566833680961896,0.5191878337453312,0.17260215172169902,2.7753231463474286,0.0014914274471321308,0.0003310876973352089,0.02036361791147165,3.458517940797407,0.002533012327305028,0.07706201917665759
0.0,0.0019928097618286443,0.0004368881518207596,0.0,0.0,0.0,0.0,0.0,0.0,0.0,0.008733379887555032,0.0,0.02872279496637332,0.0,0.0003715537723348347,0.0,0.0014521897459487641,0.0014049116809936879,0.0019682006940282145,0.0,0.0,0.00030340075695532205,0.0,0.0,0.005251858251064105,0.04395592763165157,0.06456852126829338,0.0,0.0,0.0,0.015482843902857002,0.0,0.0,0.0036509054806106254,0.000717288975387648,0.00176799052056482,0.009213137587495496,0.0045927594300410645,0.0013780626669801178,0.000711860171825724,0.0,0.00031238542392930413,0.5746489562009097,0.22811835625968233,2.0550966566520827,1.0833421311736033,0.04761826829915021,0.006816036773860888,0.0026065639956983394,0.006557688773015944,0.005214035830727949,0.05303192389594936,0.0,0.0005763880270370613,0.019134137597372335,0.0017937814592367506,0.13378773809274672,0.00031358532154719335,0.0,2.9228776735045834,0.03248325302157693,0.020500030725891617,0.4769725478424657,0.0010038718622319837,0.0013491872620678357,0.2975110933579973,2.3116745551660203,2.0991248734284564,0.0,0.016848497126546215,0.0009438927691373363,0.04652849387993582,0.00214932392656496,0.002369110355580492,2.2598883417616906,0.24124381732007344,0.0014540066394092821,0.311757569806666,0.03435740553769244,0.12875299489315287,0.16310955711675348,0.008355509966243893,1.588248652891516,0.0012814388057912909,0.032588233524736845
0.0,0.04737504723248628,0.038007120222317524,0.0,0.0,0.0,0.0,0.0,0.0,0.0,0.0,0.0,0.00034818433581648955,0.0,0.00029693592477320866,0.0,0.030105839828051505,0.0,0.0245111878131886,0.0,0.0,0.0017840544369767022,0.0031752526736427106,0.0,0.0003620510322385888,0.3117056744203806,0.30928840619921777,0.0,0.0,0.0,0.0,0.0,0.0,0.020711415641988147,0.00020486417375912536,0.010119219304055703,0.07142198370845666,0.030229547470442868,0.013836773201077134,0.0,0.0,0.0,0.5355685534190743,0.15172976824986534,1.4724151493150497,0.9111933858677409,0.008575111435564739,0.004775727844691247,0.0003041870312081902,0.02345364431137754,0.11143924867269223,0.8186347069503944,0.0,0.0,0.004670810052374461,0.0873208188406165,0.02030568653211739,0.0019850794602185528,0.0008147180967041706,0.3199245666340315,0.020764543048169676,0.017296980123056367,0.12828947937336985,0.0,0.023639491874823036,4.044857849289427,2.0991248734284564,4.7901799463845505,0.002208382895773353,0.1194949120863747,0.01337976907123069,0.48448829160917456,0.004897299308773156,0.004917852769504956,4.133899575345154,2.1415797260124374,0.04354654320051909,0.07643520095298342,0.4395329670646746,0.005757797672845909,0.005284343530850038,0.0076249604962835005,2.219902945425733,0.0020351888703767653,0.035850999832050943
0.0,0.0,0.0,0.16087930951490015,0.0,0.003519092980104962,0.01655553450104891,0.0040849716757740745,0.1845698238373098,0.03755168106909378,0.0,0.05302711121064205,0.0021860846902251995,0.001873657072812764,0.0099333555451073,0.0,0.0,0.0,0.0,0.25316163686712745,0.0,0.0009137687243891098,0.0,0.3936276526576219,0.0008940909074106595,0.0,0.0,0.3441787029572128,0.0,0.0,0.0,0.0,0.0,0.0054455645371449205,0.0,0.008738640222109184,0.0,0.0008265468273393938,0.0017861761891922595,0.07574633243971508,0.0,0.0,0.8110025416408846,0.040230872204859894,0.36141412998271916,0.1732024444207169,0.37427968489233543,0.022896208976037745,0.011523553794078618,0.012572606172544463,0.0,0.0,13.61341606490734,0.0039598559264356,0.3002799378183451,0.0496191705260524,0.945461238430641,0.3516751154813627,5.5686966868679875,0.02456276588089258,11.28490821991533,0.03601743768184807,0.7034839671375682,0.022812573911254158,0.0004579799623133716,0.0005748112806494532,0.0,0.002208382895773353,6.858795725893547,0.0006558637498893272,0.0006032899275661454,0.0,0.6394095076323567,0.0013408913097617203,0.0,0.0,0.8645630206495639,0.2388263322649247,0.0059713591981057435,0.0,0.01982573740073409,0.0006950894930069095,0.36341629338145076,0.0028939068806623754,0.019555500596504086
0.0,0.002501120264621922,0.0006061247139345861,0.0,0.0,0.0,0.0,0.0,0.0015737820759344746,0.0,0.0,0.0,0.0,0.0,0.0,0.42386693551731397,0.0,0.0,0.0008029545286443689,0.00011800799658323515,0.022651717975979743,0.08578097474293377,0.009105913762875778,0.14046185155345484,0.0,0.0005339959025392851,0.02647402997394457,0.03141860764586889,0.0,0.003965268783404871,0.0,0.0,0.000530909740548092,0.0015999008427804726,0.0006473134369161842,0.03891603944188818,0.015531703050780252,0.0038017508819308556,0.0013556638573370549,0.001699983374392198,0.0,0.0,2.2089472677529334,0.33741464906146085,2.162834011934313,1.4252524930117936,0.03128446673499968,0.01033895437173087,0.0022381280401873953,0.012000813619364066,0.013920563787022491,0.26315107193701287,0.0,0.0,0.002942965569940572,0.9888984360360984,0.0552918376453855,0.0022607820456302698,0.0008891371447609966,0.02694329827950134,0.0,0.028485564150530992,0.11672296604951415,0.0,4.711905680091102,0.6394300170616032,0.016848497126546215,0.1194949120863747,0.0006558637498893272,36.984645321028324,0.1260078258604864,13.200621588792089,0.6238991941714062,0.000806565289948091,0.07690971222832571,0.3932952754952149,10.425885162039426,0.07552559932241978,7.183876476500688,0.0,0.0006756910010722641,0.0392097024567182,3.7489355020234174,0.045347812542203464,0.6310693279863044
0.00015316342003316068,0.15779787042468083,0.022235445913111,0.00036010294843489025,0.0004595976001480549,0.00018508829206449604,0.001955101703673074,0.0009999290792832385,0.12010648144935662,0.0016238247649948089,0.008590722597608739,0.0004699982203883404,0.07729177667777527,0.0015356877283900958,0.003780082871309524,1.758442937144131,0.0099322542013268,0.0,0.00136016705800579,0.0016865681541535075,0.12405446355037594,1.4974768512604195,0.18658047178021578,0.8390133289658853,0.026577565016262284,0.02775336574183812,1.2991532315051022,0.19598961647900612,0.004398023343140278,0.017352025151779422,0.005634373672679038,0.0,0.0018739772933061365,0.015823480126868315,0.0015366534973802874,0.1439569958706742,0.046672282521325575,0.043127122556242514,0.0405776264291771,0.009409576837718099,0.0,0.0006158003872905871,0.2617560542974242,0.05543295863758461,0.07328605172605326,0.07709217401276135,0.1265213309621051,0.0007179764870199406,0.020457319988514768,0.0025505830768128472,3.779851708688095,0.02321076917392526,0.001206871674229019,0.022456264508747742,0.004104602147650183,0.02006479889948914,0.008078009098727303,2.600051849223712,0.00044409244899760536,0.06662656193690877,0.005935659467446989,0.22884565593483164,0.015815183234057624,0.06969179053856112,3.7393004455971997,0.027112348840448608,0.0009438927691373363,0.01337976907123069,0.0006032899275661454,0.1260078258604864,5.534547810503356,0.09540915297747585,4.706036227622127,0.288563527211083,0.04251882204889802,3.998136515875027,0.20605876997987502,0.028337547207430747,0.03881783902456312,0.053057093222003034,0.0,0.007182575771476039,0.03202836071423124,0.0029339871435910933,0.07033797126880104
0.0,0.03464467007100301,0.04242163079344669,0.0,0.0,0.0,0.00013921438984293468,0.0,0.0019299308581621007,0.0,0.0,0.0,0.0,0.0,0.0,1.2674493194580139,0.005137584139385439,0.0,0.0,0.0,0.026490060882394657,0.08585762011377339,0.6383574684976857,0.05673027425920769,0.0,0.0026866522092177814,1.298791574427781,0.013109854458886117,0.0,0.007335676308232035,0.0,0.0,0.00022945275711800758,0.014714820133873117,0.01719952721589359,0.08348379239879271,0.040843757369993,0.05576324796310615,0.05200348088142732,0.00226382483038008,0.0,0.0,7.323879931705411,0.9390689600363108,7.6636821377603725,6.91147728418449,0.10415143506800006,0.02457188419525145,0.005677550437758338,0.06224612948068521,0.029221670176416855,8.588411212203725,0.0,0.0,0.0011729606398226402,2.6162400941861117,0.19556908729091665,0.007206029471291733,0.0038917317976735564,0.0716206613235547,0.0007607269998013086,0.06224151641704836,0.4616565306553897,0.0,4.017297214518843,4.000164528780224,0.04652849387993582,0.48448829160917456,0.0,13.200621588792089,0.09540915297747585,41.94840552590963,0.43207254968677977,0.0002758799923170672,0.5590795155387595,12.028447299909311,4.149855230083919,0.13335905935589237,4.893289851262437,0.0,0.001718616836254381,0.02943004149301611,4.024000161238675,0.1261451562953647,2.7150422795535296
0.007311466383914083,0.009436025627478596,0.0,0.49828084274687096,0.0007126299015622107,0.03999973438728033,0.3247134761018363,0.44535415221757313,1.5184758254555821,0.2981957719487836,0.0,0.05860116164413661,0.030931111619255033,0.2254779630000149,0.021637705874814932,0.5383243198028721,0.0,0.0,0.0,0.9285797725227034,0.05384370697650519,0.27643252387842837,0.004515226336163911,9.942074300944462,0.003406727713302725,0.0,0.04037890196023046,3.8054973562324252,0.1257772190629866,0.024272788478593127,0.0,0.0,0.12722818579907472,0.2498268799028747,0.001073581062611633,2.3259490523895416,0.09341745434098132,0.5167573812311494,0.17490386369556374,0.28498623105684506,0.012465447007492764,0.0037395038035543077,3.2129200537321077,0.27357667544564557,0.850540924192104,0.6927924977064026,0.9682619943780086,0.04975908998883083,0.01091085417200397,0.04680630354699014,0.6730743022103581,0.0906206659344153,2.720838172741555,0.09157614262181916,0.1079181217446134,0.8820846498184917,0.2904600390597913,10.568273201685795,0.22983622404265686,0.018117792785969915,0.6788911898316012,0.1996381084145313,0.31787528631843626,0.20385518493113067,2.0787941276740285,0.04125412083697704,0.00214932392656496,0.004897299308773156,0.6394095076323567,0.6238991941714062,4.706036227622127,0.43207254968677977,21.74449716276327,0.055540480141218956,0.006282076300915294,0.8618244571823634,9.063933379334395,0.6354856897342964,0.6191038392932621,0.0,0.01417054243062388,0.16552898242074335,0.793935645377488,0.042411309401641,0.5113210763072467
0.0,0.08300957981395275,0.0,0.0,0.0004409381302381596,0.00020535596895117033,0.0,0.0029103459576080033,0.0023333709165590318,0.0,0.2183498272675457,0.00017883509367258422,1.6300014431865426,0.0009878414060229897,0.0,0.008548729864584749,0.0,0.0033977810128506575,0.0010034394647159368,0.0007695174738969314,0.0013372635419393619,0.012205329586042752,0.00035537181402017266,0.003021377434254658,2.3366055128168663,0.11918787476578464,0.45649541064813676,0.0011679592242869665,0.0033327581392017156,0.0,0.16197388450400033,0.0013734312962997712,0.0,0.11907206906086272,0.0009727577629889118,0.022983170704392108,0.12448943300960044,0.0418239607532299,0.01190760886863403,0.013407648190335521,0.0014586070592059151,0.06669453831380064,0.08076018084715605,0.18171694934532767,0.22309612095338655,0.08840305529578031,0.015125174526139557,0.0016077817981307067,0.5745126017247121,0.0009877221767678817,0.5579084612436064,0.0007205579386669558,0.0,0.0006733901275766518,0.005266153142832012,0.0006181849403727741,0.015303892546268032,0.10919620582312707,0.0002097252807784086,0.6916858850433252,0.002817028269503834,4.314598665619931,0.012695001356586723,0.0009687224248805771,0.03544920581657658,0.004106210843748152,0.002369110355580492,0.004917852769504956,0.0013408913097617203,0.000806565289948091,0.288563527211083,0.0002758799923170672,0.055540480141218956,1.9433530068801943,0.03333815801922914,3.67634756044103,0.0010934263269814864,0.008898494507538903,0.0008008506553279426,0.2652532510871231,0.01774358677647926,0.0007693021119053716,0.9291092909243457,0.0009818775306617896,0.017752115628565518
0.0,0.3005385133412785,0.23419089599577875,0.0,0.0,0.0,0.0,0.000573751312862939,0.00028400021843890576,0.0,0.13648105057872673,0.0,0.5751833850533264,0.0,0.00040733827850815614,0.001364796717252042,0.20023013372021758,0.09286379928305219,0.2543669933736802,0.0,0.000218281189729354,0.003817806168637261,0.018241574539248965,0.0,0.08741048601487383,3.7865253100467173,5.6436822719490705,0.0,0.0019227732421635522,0.0,0.3120627714119903,0.0,0.0,0.17792821674736561,0.0002499259577007092,0.1929079573485081,0.98082221646394,0.3395345940052118,0.2599857455047485,0.0031872740468021714,0.0010181412939263672,0.0009910742873836442,3.483326896402576,1.6836724639211027,3.325070684876601,3.124637016716579,0.038406974351786576,0.011799041865231235,0.00535783366848268,0.008619538133694203,0.3189893049770362,8.001986086301011,0.0,0.00020029034359720225,0.011810476261238517,0.052664869698962384,0.08910818851142738,0.01718426386110938,0.0,1.457066536841227,0.006040301934192456,0.08875841552575289,0.29617897603684906,0.0,0.02909513415601873,4.046916564577161,2.2598883417616906,4.133899575345154,0.0,0.07690971222832571,0.04251882204889802,0.5590795155387595,0.006282076300915294,0.03333815801922914,30.75838579265505,9.288370470522391,0.029266703824535494,0.22607510234504838,0.2648152276416132,0.45119805424698783,0.13319377403549212,0.01345942278616937,1.2509897624939639,0.005058584682698948,0.1652254721167972
0.0,2.3780478272737264,2.0227851043076046,0.0,0.0,0.0,0.0009600038725121681,0.0,0.030771735864882428,0.0,0.2234014937554073,0.0,1.3070195625041032,0.00023082891480396845,0.00039918253637141385,1.3300928128586436,1.1418001955431707,0.12744587598628576,0.41125202412447265,0.0,0.08419510878342756,0.2970405887648408,2.6339469082270113,0.1310675983241384,0.4896011852971199,5.978483831617139,26.084748226416774,0.05278238055024326,0.010991175467784607,0.0032591177858162144,0.5865110762998746,0.0,0.0,0.7935054594519182,0.01153826648381359,1.466876164861701,1.8254657563236627,1.5590575621758485,1.2349273095932136,0.022912501899966933,0.008680993198526261,0.001160025701640599,9.297442720912027,2.590502561218135,5.497498790610418,7.403516859325205,0.09923905127756283,0.030865799910359024,0.011657379280004829,0.014726194210180716,9.530400227715973,13.750609843389329,0.0,0.000616754352025152,0.001201526088925303,0.21179366554027562,0.012465657673986155,1.2486182286283423,0.0003379290933747592,0.16228667535924993,0.0005840449583435618,0.9527329478311224,0.08016162304317591,0.017386317497512575,3.16286073407622,5.566833680961896,0.24124381732007344,2.1415797260124374,0.0,0.3932952754952149,3.998136515875027,12.028447299909311,0.8618244571823634,3.67634756044103,9.288370470522391,46.39431991290288,0.30374137207083945,0.0473040705515476,0.27843232952758934,0.3500929617639437,0.009927758019890326,0.005874454746900966,1.1915615632460141,0.04519232514939668,1.3471617289685782
0.0044121904374961555,0.0022788054005151224,0.0,0.06969423154548415,0.0,0.007809234365774576,0.14020067397570776,0.04778043063724418,0.8946628499333948,0.01384891434674873,0.0,0.044765324122427244,0.057656619371394234,0.032802675373381156,0.010941973782110549,0.3120587402298244,0.0,0.0,0.0,0.9167277104314753,0.01804892088054262,0.10285228238369158,0.009614348810400589,5.603484653627666,0.001413652002359416,0.0,0.015110121056198246,1.2604444670151913,0.021966314286765654,0.005121677404782708,0.0,0.0,0.04615538632417943,0.08020915588936638,0.0003253438134634113,0.9724765178790696,0.04239843937363222,0.1255710392107895,0.048824916325754086,0.17551721137670448,0.0003208217680690494,0.007335878563441802,6.136295901910769,0.31062492392921903,2.9007528704882812,1.9007364411657128,0.6468226278755056,0.12952422306256142,0.015070077420344314,0.06743789758780576,0.03295458745531746,0.45664362692631244,3.709307158634677,0.017620005252820925,0.621401897448642,13.648180952520883,0.9149426841300319,1.3735718615126713,6.509407980035511,0.013213473726314092,0.40433795219364294,0.3544594555347114,0.7157618075651114,0.047897633044923685,0.8907153659383956,0.5191878337453312,0.0014540066394092821,0.04354654320051909,0.8645630206495639,10.425885162039426,0.20605876997987502,4.149855230083919,9.063933379334395,0.0010934263269814864,0.029266703824535494,0.30374137207083945,44.85306238238489,1.4944902906491022,9.721946018129819,0.0,0.00936591928519059,0.5287353440647413,3.1793873775210084,0.08504121446616766,1.1267720097146716
0.0,0.0010909403274834439,0.0,0.0006246927910420469,0.0,0.0,0.0012014943473446621,0.0006523208277681454,0.07018974742049061,0.0007680557801202901,0.0008385371176145113,0.0,0.004301154736502159,0.0011228501958772063,0.0,0.015473892848670812,0.0,0.0,0.0,0.024615823593664397,0.001944906878849201,0.011158188107550624,0.0006661171560844743,0.3193686213744907,0.00202749796164703,0.0,0.0,0.02420570132279498,0.0,0.0004175634561695054,0.0,0.0,0.0007659525106087849,0.0024318352162923337,0.0002526763963109985,0.03964603869825427,0.0036767299632927924,0.005147767758408346,0.0034884672806109857,0.0010591673555201166,0.0,0.00016998270719066697,0.4410666731195295,0.04484235083848728,0.5259159380151345,0.24334761392695675,0.07848871013401293,0.006822520845300229,0.019370127704761177,2.1901499831094435,0.004683820278953643,0.012276537049441842,0.05630697398223232,0.0014902511902496578,0.1280224339817934,1.9837688059622176,0.8530227353376008,0.13128186988132293,0.5731841027803728,0.8643119084232589,0.3973244246740699,0.06665763981941433,5.176603570363246,0.004218507835892341,0.13923064820834372,0.17260215172169902,0.311757569806666,0.07643520095298342,0.2388263322649247,0.07552559932241978,0.028337547207430747,0.13335905935589237,0.6354856897342964,0.008898494507538903,0.22607510234504838,0.0473040705515476,1.4944902906491022,20.343674603193044,3.785252183925472,0.10137017464286112,0.36670456293761733,1.4563960992871425,2.098659060050838,0.007093580921333697,0.06471945291365566
0.0,0.0032961411271835825,0.0006490108345064338,0.0,0.0,0.0,0.0006435687759887349,0.003471903236711447,0.025678405921574256,0.0005908790682089411,0.0,0.0,0.0007806007658548008,0.0006135390881762143,0.0008792698829254888,0.03246717221545389,0.0,0.0,0.0,0.005648208714513516,0.003956652541337709,0.01126904610055365,0.0009842086110671883,0.3778033516727109,0.0,0.0013835920511120845,0.0009914383608434956,0.05625543210489196,0.0006385969821817759,0.001088403015022127,0.0,0.0,0.0035755648048730764,0.005236662177461564,0.0010905410114852754,0.08877995144877805,0.005047930025585298,0.012163974494709668,0.009734568130458273,0.0038666366500802575,0.0,0.0,0.5049517253916873,0.037405530563518925,1.2275280931262447,0.5364724542818377,0.02780089717075735,0.007340110491024352,0.005019174157385061,0.9902586132452786,0.014017063018692252,0.26629259818491896,0.001199615500656066,0.0,0.00692328010811045,4.352271292696482,0.54447640775128,0.036353821937775165,0.01550673625380092,0.0542984984980353,0.011898757104703422,0.026800213335642364,1.622900197405892,0.0020791650091392,0.36831688706192345,2.7753231463474286,0.03435740553769244,0.4395329670646746,0.0059713591981057435,7.183876476500688,0.03881783902456312,4.893289851262437,0.6191038392932621,0.0008008506553279426,0.2648152276416132,0.27843232952758934,9.721946018129819,3.785252183925472,22.23982614276779,0.0,0.006766140299855674,0.6381528047945808,4.890312387422894,0.011669725002598635,0.22866009216078403
0.0,0.055955269925521335,0.0003630185420689583,0.0,0.0,0.0,0.0,0.0,0.0,0.0,0.3266902537980265,0.0,1.7609649053371208,0.0,0.0,0.0,0.00032909536260269343,0.02960196869279245,0.0060611490066485385,0.0,0.0,0.0035631172630596333,0.0,0.0,0.1775513771342723,0.6535214657034405,1.1468668246919784,0.0,0.0,0.0,0.6851720816171601,0.0,0.0,0.040168947518146494,0.0,0.025640555129676355,0.1922557908438589,0.04470453723658034,0.020063342902722683,0.00019158068101474907,0.0006181283179776457,0.002857541608126429,0.25585995400475126,0.5346996850668375,0.6760973700332995,0.4481697751054202,0.007837730902536012,0.0014592458011744684,0.009938351535792232,0.0005202989458762107,0.12368403384614898,0.00034553021585445376,0.0,0.00023333274484446776,0.003369100241581263,0.0,0.03676532015245241,0.0009694949485217857,0.0,0.8383185491883308,0.0015259596076494374,0.9276667869132007,0.09198764835223713,0.0,0.00044487448354661605,0.0014914274471321308,0.12875299489315287,0.005757797672845909,0.0,0.0,0.053057093222003034,0.0,0.0,0.2652532510871231,0.45119805424698783,0.3500929617639437,0.0,0.10137017464286112,0.0,0.4424788765585573,0.09621672861888375,0.0,0.20408806970856014,0.00040245743314502153,0.01828586855810719
0.0,0.0011759865768466693,0.0,0.0,0.0,0.0,0.0,0.00014689326789019778,0.0009052530360997867,0.0,0.003002052716058741,0.0,0.012180044911254765,0.0005145991482591576,0.0,0.0,0.0,0.0,0.0,0.0,0.0,0.0,0.0,0.0,0.006803574527044984,0.0,0.0,0.0,0.0,0.0,0.0,0.0,0.0,0.010284318992589851,0.0,0.0008869416218290001,0.007475247018294,0.009094478806907223,0.015463570018060134,0.002084125336533768,0.0,0.002310409292722647,0.5275589447998434,0.07740892945109379,0.2787916244465683,0.19663897737425476,0.20054078503559278,0.642638096031664,0.08676786008995764,0.0014103861561250242,0.0013743351223540175,0.0,0.0,0.027034951815629024,0.04180383799485569,0.012511745085125873,0.2386185924873709,0.0029734333417523293,0.012281415706012126,0.6601256082875637,0.06523713138123297,0.07795701650320301,0.22377330472557577,0.011913956004557389,0.0015907075500953226,0.0003310876973352089,0.16310955711675348,0.005284343530850038,0.01982573740073409,0.0006756910010722641,0.0,0.001718616836254381,0.01417054243062388,0.01774358677647926,0.13319377403549212,0.009927758019890326,0.00936591928519059,0.36670456293761733,0.006766140299855674,0.09621672861888375,1.8178470852294832,0.0001996381258005109,3.4124980818954533,0.002116237373409782,0.02113881614324048
0.0,0.0,0.0,0.0,0.0,0.0,0.0,0.0,0.01685734637458215,0.0,0.0,0.0,0.0028876010651473455,0.0,0.000576562534502523,0.0059674709705290485,0.0,0.0,0.0,0.009959503617127566,0.0012600563338010377,0.005870221913774394,0.0,0.13953779262793098,0.0009937239140960273,0.0,0.0,0.01422280561132223,0.0010174350774107134,0.00026360788328053136,0.0,0.0,0.0005768734371880478,0.002405685203848316,0.0,0.027755386335899156,0.0011747350669769133,0.0030378121051887006,0.0022502280411315643,0.0009428753058441367,0.0,0.0,0.054144940229094454,0.002498653911982133,0.12814702965151648,0.04867015639814863,0.00465550806442832,0.0014035488076695841,0.0,0.02326557574225937,0.0,0.005211502763851688,0.003943905284546824,0.00018393501877314383,0.00503621776334148,0.3169261337611518,0.05032534006036832,0.021910193172005384,0.021235981298474323,0.00982131044850181,0.0026293817915593225,0.004252387820925031,0.10115672850642633,0.0005950291501643562,0.03203425068780963,0.02036361791147165,0.008355509966243893,0.0076249604962835005,0.0006950894930069095,0.0392097024567182,0.007182575771476039,0.02943004149301611,0.16552898242074335,0.0007693021119053716,0.01345942278616937,0.005874454746900966,0.5287353440647413,1.4563960992871425,0.6381528047945808,0.0,0.0001996381258005109,1.1066820274667393,0.46325894524732314,0.002926800426024801,0.022407328185373478
0.0,0.03344906421072341,0.02737985733639288,0.0,0.0,0.0008174436551534397,0.0,0.010673371807533045,0.06329996347940103,0.0,0.07806804803613457,0.00012564113019934424,0.23814370462609616,0.00573605501814745,0.0,0.05052009139599837,0.011519205959801722,0.0,0.009136816213176342,0.0384545693274886,0.0033349926885815734,0.013543129886302002,0.02527361100893319,0.3755483012938784,0.16772961468467848,0.0771966867206887,0.16872680776472393,0.035772571268047365,0.004690236576230574,0.0011409823715703342,0.004508343605053832,0.00783910694194415,0.001154620267747174,0.07700475309570708,0.005970922241727718,0.11438491700901077,0.11169510663031128,0.07245357916665061,0.06698743280150063,0.03134541498721796,0.0008992394079314351,0.019129796208408743,1.585947884148766,0.5971051604797244,2.291345734555538,1.1390839787625808,0.23678358208670894,0.08331096255888486,1.0321327608571829,0.14258724103457257,0.07192239001751179,0.3347439255399834,0.12648587829311506,0.4021559786657248,0.7060420046481077,1.882526194550208,0.8776512895340359,0.10719563609601528,0.9663691472701078,7.383321259641819,0.5631525204966448,1.7205087015688223,1.3539971383578377,0.00567430173576109,0.19348932402809152,3.458517940797407,1.588248652891516,2.219902945425733,0.36341629338145076,3.7489355020234174,0.03202836071423124,4.024000161238675,0.793935645377488,0.9291092909243457,1.2509897624939639,1.1915615632460141,3.1793873775210084,2.098659060050838,4.890312387422894,0.20408806970856014,3.4124980818954533,0.46325894524732314,7.880742547050739,0.0602857831625624,0.24811105527218663
0.0,0.00023648152219073092,0.0022474294485882672,0.0,0.0,0.26204976735269947,0.0,0.0,0.0023401130820536794,0.0012165715589414158,0.00038945480509800217,1.0196022293902947,0.0,0.000636753288669678,0.532408703418486,0.0032352016865442907,0.0014270854948853014,0.0005495520869684828,0.0,0.0,0.001473448188304048,0.001383303751249731,0.01412094353393717,0.002782163088351482,0.00012306885847831426,0.0024618417187144783,0.013058346344090336,0.0014347224039158737,0.00021491765648359325,0.0006771803898256467,0.0,0.0005198553714343364,0.0,0.060165413114942994,102.12248150685059,0.7137187763333318,0.2506180102933384,0.028196127300222144,2.4878422001623877,0.4580100284081327,0.03733361456737976,0.0001308547138991133,2.5809971626444024,0.27832906182114886,0.0854686800206725,1.2365836917299915,0.25061972399697996,0.09147533689623209,0.006128365767291418,0.0013927036452005218,0.0015135127781166987,0.0031602293326850783,0.0005047851637133454,0.000179728036045004,1.7052513842865775,0.02323716078352982,0.007783506191285193,0.0052162252391548475,0.17044755546529128,0.0023864982462949683,1.4418384256482675,0.14859991712291495,0.007286727740327839,0.3225741204252139,0.0635068109490342,0.002533012327305028,0.0012814388057912909,0.0020351888703767653,0.0028939068806623754,0.045347812542203464,0.0029339871435910933,0.1261451562953647,0.042411309401641,0.0009818775306617896,0.005058584682698948,0.04519232514939668,0.08504121446616766,0.007093580921333697,0.011669725002598635,0.00040245743314502153,0.002116237373409782,0.002926800426024801,0.0602857831625624,196.91875090157322,24.38135369943394
0.0010593704326299477,0.054473438028416164,0.215526132333975,0.006328945922550421,0.004557136192060687,0.08095954731097856,0.26518587248708175,0.07493402220984885,0.11426122134811811,0.04548698656794818,0.019370123096664405,0.1024239334954314,0.015499705417580105,0.056959716527093814,0.03149964596423741,1.4960568484511403,0.06254710359865256,0.011945403800775434,0.02239261511143994,0.022248131010933342,1.8171685545545424,0.026424193945329646,3.81780127757363,1.0556621521777392,0.004561331261730679,0.2278245489373742,1.6132086644303114,1.3649127530608702,0.045042563753726,0.08405817512199322,0.0029881793866042747,0.06795837947464657,0.04156645937225167,0.3694632720808697,25.515571883792266,1.556003213948598,3.5730535463977673,0.32602234328752594,9.066326697173274,0.1323469730180399,0.1008679679608563,0.0051417621727223315,1.452853166942515,2.5830856492507888,0.7373469169020348,14.015558795204093,0.10408660399388034,0.11146727961231802,0.03233934651592554,0.006070152838894866,0.026074451443359754,0.15366345196250056,0.005492801664991796,0.0017663344973348934,0.07303531411800966,0.25899131281597476,0.068739428193453,0.1297552470916345,0.03603647976789803,0.035526687317805936,0.05944787250929432,0.3609460684390967,0.03956751231300745,0.023049468557396615,1.1018302781693576,0.07706201917665759,0.032588233524736845,0.035850999832050943,0.019555500596504086,0.6310693279863044,0.07033797126880104,2.7150422795535296,0.5113210763072467,0.017752115628565518,0.1652254721167972,1.3471617289685782,1.1267720097146716,0.06471945291365566,0.22866009216078403,0.01828586855810719,0.02113881614324048,0.022407328185373478,0.24811105527218663,24.38135369943394,2.551948156095568
