7.104849199240849,0.0,0.20190428313481487,0.003923644826173672,0.00041848316913233036,0.0063153280229874065,3.395808737334621,0.43421680116469547,0.030180187592435678,0.05619978734614037,0.004387763435760559,0.004675297450980793,0.007770255010507711,5.48746329658624,0.0057648857112842945,0.0,0.3411859562416548,0.0,0.006236195017657043,0.000919321555241805,0.09704141983785024,0.0006074297979223002,0.29712077763193073,0.11914370084806597,0.0,0.014241703838447818,0.04995273275161649,0.09047289685486246,4.276361293465346,5.7087208646046195,0.0,0.0010902359196261605,0.02273539964301525,0.11015427667171405,0.0034381991174478816,0.14212864786086185,0.024765486553927553,0.11238592708732582,0.03158939448671156,0.008051560036741224,0.004584440628059865,0.00034820380600116354,0.000965500877272867,0.0007452424463079719,0.0026189173065279594,0.0005596681118810597,0.0010140504877636147,0.0,0.0,0.0,0.0,0.0,0.0,0.0,0.0,0.0,0.0,0.010353708792017607,0.0,0.0,0.0,0.0004125872133850917,0.0,0.0,0.0008253471506334739,0.0,0.0,0.0,0.0,0.0,0.0028675541408865928,0.0,0.007350478445381477,0.0,0.0,0.0,0.0012839486398120291,0.0,0.0016094260572063939,0.0,0.0,0.0,0.0,0.0,0.021261989140089154
0.0,3.3979234109145424,0.01683930313431958,0.0,0.00014038709088744314,0.0,0.0014857663189005274,0.004277182813518827,0.6212894600297142,0.0,0.2792409766373735,0.00021324389579572753,1.300720281503877,0.008651373309125524,0.006705796641225853,0.22382633324299447,0.06976068211208214,0.004642027993280525,0.022609150345715857,0.0,0.01860144353155011,1.7390543223629176,0.036215854137625916,1.986444408639836,2.018300721358361,0.4663754072301208,7.6761670037008285,0.04251174684083765,0.02623160882804856,0.0028437378162061706,0.17923895458751976,0.0018293711865474838,0.0018607515930010566,0.1458009171968185,0.0016686173387916118,0.08721439267028398,0.14957817521619418,0.13818691121296098,0.044341878191831205,0.0017906991085158413,0.0004306888676590409,0.07271604042871146,0.08878097732100135,0.10007319796837325,0.06289567916820794,0.04820056853825605,0.0,0.0,0.007726530144449426,0.0,1.9866355177023547,0.20442746666474731,0.0,0.0,0.0,0.0015408301173484916,0.0,0.014769925588312638,0.0,0.1055546924116624,0.0,0.256140769903344,0.0,0.0,0.021032897464069274,0.09114883521564057,0.006899333567846843,0.08484512511605957,0.0,0.0027634351320745976,0.13079360097877768,0.04818947792205007,0.021939812305852905,0.21775879054950542,0.48669538244130905,2.5714977921332034,0.0013225476369105444,0.003160249543820398,0.0024526469995287026,0.0948004711798309,0.002502688616588031,0.0,0.02669163337963064,0.0,0.017596566788684626
0.20190428313481487,0.01683930313431958,17.30494583206283,0.002687741823678098,0.0,0.010304718165045489,2.533610990803969,0.8279473408131975,0.035452453786307646,0.07222252369659013,0.015155357905773542,0.0,0.15871608491177489,1.0407647431997624,0.0,0.03551306394183679,5.777165368168398,0.01058605424506532,0.36893186053539256,0.00032771649016873804,1.3387516640580392,0.014945862850288495,17.00747012906871,0.09621893910826618,0.0,7.567276381982696,10.801623717626628,0.45849189119963585,0.24548892381605564,1.1884857776283877,0.0,0.0019577703319569773,0.023724236066666876,1.657801177489629,0.07530105335527482,2.813017661610247,1.2573821696204082,2.5516178194005996,1.1988323018572122,0.019942268576700554,0.02144194895173578,0.0005268221323496121,0.23154421629874122,0.08456037323458424,0.1501012764913482,0.13490912617755532,0.002750118002464786,0.00027593701190352154,0.0,0.0,0.03860818857612023,0.9855931866605815,0.0,0.0,0.0,0.0,0.0,0.015284987692528453,0.0,0.0004332852615464823,0.0,0.005383839826016361,0.0,0.0,0.07274864781714097,0.08306354395040026,0.0,0.007500546436501811,0.0,0.009892896657976652,0.14436469246444442,0.7522224980205579,0.0038872484493523976,0.0,0.08952597053827151,3.291133589313652,0.0026532502447807506,0.0,0.002286484212448844,0.0,0.0,0.0,0.010586462787833857,0.012922335637536687,1.407980381559841
0.003923644826173672,0.0,0.002687741823678098,11.221008349250782,0.07300234209795038,0.22484591735963125,0.21627546229298306,0.22411852950786113,1.2838131810785984,3.7571335410118207,0.0,2.4152694239941295,0.005253408929888918,0.10763600634832984,0.2742250275815984,0.0,0.0,0.0,0.0,9.794158468625634,0.000950599968688933,0.000384488609008796,0.0036660593035058734,1.998331222124674,0.0,0.0,0.0,2.6895570325791534,0.06883578685809984,0.00038149791176793975,0.0,0.00036225838777384695,0.0005993640456946759,0.04035299009630309,0.012645939669830568,0.5915282040213767,0.0021636715572376816,0.06626579944089046,0.013167453532620096,0.16508576044909978,0.016908450903727175,0.0,0.1047346569906261,0.0,0.0002539789399468788,0.0,0.06947864956398761,0.0,0.0,0.0,0.0,0.0,0.09527332085204374,0.0,0.0010878730936600479,0.0027564443984881585,0.00016327286506481926,0.30080476043516496,0.001628217443607726,0.0,0.06926579091510682,0.0,0.0,0.000646455621199052,0.0,0.0,0.0,0.0,0.025678826443326076,0.0,0.0004508223572232302,0.0,0.12164889270215265,0.0,0.0,0.0,0.011431661757414092,0.0,0.0,0.0,0.0,0.0,0.0,0.0,0.024849206958154464
0.00041848316913233036,0.00014038709088744314,0.0,0.07300234209795038,2.2324653229031757,0.926593069765394,0.01259283359114843,0.09116522231179354,0.05230594573693191,0.08255465500839931,0.008839730317111006,0.37994843116755617,0.019241474497577328,0.010492588463106375,1.5602938854300883,0.0,0.001208000274923981,0.001175821888635172,0.004344541330064812,0.12073786410924145,0.0,0.004042041589787807,0.0010106947114707076,0.21839659927061017,0.0,0.001853305740092538,0.002319698257327769,0.05052622903562552,0.00873011934557138,0.0025189825908925045,0.0005132097798700369,0.7948322640676007,0.0005224998108016795,0.9916622185118826,0.005229779810662689,0.14966624596205283,0.0046358781108529375,0.015417847122564709,0.011603127996828598,4.790500745745024,1.8700539374004426,0.0019836801445437544,0.007602693717927174,0.0,0.0007626129627976885,0.0007448536637831705,0.0024113012504593735,0.0,0.0,0.0,0.0,0.0,0.0,0.0,0.0,0.0,0.0,0.0013024295438698501,0.0,0.0,0.0035518125304219435,0.0008786068035810551,0.00022226896751632362,0.0,0.0,0.0,0.0,0.0,0.0009342478914990089,0.0,0.0,0.0,0.0,0.0,0.0,0.0,0.0,0.00032870637495158265,0.0,0.0,0.000544891004707262,0.0,0.0007912137685885151,0.0021128085897598077,0.008043220219073858
0.0063153280229874065,0.0,0.010304718165045489,0.22484591735963125,0.926593069765394,30.236641053513505,1.6974894279166373,8.383239887308962,0.3468147774145195,10.363031805422624,0.01695630598727578,5.290588140984088,0.10681803033344049,0.43954547353008694,2.400993429206827,0.0004606762296112127,0.0009812549109038155,0.0024098023305849452,0.0028514749017222465,0.3476876779188045,0.008777795055833777,0.0010804968400732673,0.027098721519773553,0.36628871337921726,0.003165883375658977,0.006667483624580577,0.0011480181686872393,0.34884474570238566,0.10413388668722116,0.08556272246805617,0.00016226437355934482,0.6238997490625059,0.0010881161210060124,0.1062196346618775,9.377303611163569,1.364057350727127,0.0510140108780651,0.16835258031592923,0.08192162949873036,3.287918859172667,0.11879247121798216,0.005573571066332768,0.11732299723625195,0.0017304127438096686,0.010511665269187644,0.02940680681963139,0.09862149745862328,0.0,0.0,0.0,0.0,0.0,0.0006363464101582587,0.0,0.019140186441839842,0.015966454816910253,0.0022037748934814606,0.1368142307059852,0.004277571695319774,0.0,0.1256576375018327,0.003575842379737718,0.001511177395712768,0.000842715762319183,0.0,0.0,0.0,0.0,0.004381600611130774,0.0,0.0034046995567057537,0.0,0.10605387478637639,0.0017095462162204918,0.0,0.0,0.021960826650857215,0.00191350637310327,0.00393250976942581,0.0,0.002129907320104905,0.0,0.008187328765627814,0.9061469721691867,0.22802891341573403
3.395808737334621,0.0014857663189005274,2.533610990803969,0.21627546229298306,0.01259283359114843,1.6974894279166373,47.638264333353014,6.5794074804835105,0.40280779089140817,9.703981153824518,0.017544282761463716,0.07484212278140329,0.26723082282733657,9.45042282671193,0.0943769145761491,0.05524111148165943,0.0692925917723749,0.0,0.0003673137019170301,0.04132049693382919,1.2659629355395954,0.015199231536825907,3.9830807695197263,2.9094512078064385,0.0006396313785260179,0.13566878410652114,0.2522561027382319,27.866809625978497,2.060702959775406,7.4674592037693355,0.0,0.04301900182016583,0.03808060722737891,0.7011211904917667,0.27927530905743686,4.145980918155251,0.15964905277329464,1.383996589111907,0.3297168127277939,0.3976008951320803,0.18887144663550015,0.004791221150885446,0.20606254213719288,0.0043124558313649775,0.01564782595480553,0.004510511274701698,0.12306476725472315,0.0,0.0,0.0027361859933697956,0.00030520590904161484,0.0,0.0,0.0,0.0034316704341593087,0.1414707703524195,0.010255747952250599,0.33100900783766535,0.00876189720382146,0.0,0.028029341156335767,0.004977985904157869,0.002644218512330463,0.003594133030644807,0.010111384105780786,0.0,0.0,0.0,0.0012458439279962293,0.0011489610336914095,0.022416170926804098,0.0020805782448308245,0.9051041407208088,0.0,0.0,0.0006787307063073611,0.3728403225258069,0.00682429478094505,0.007517390417411704,0.0,0.0,0.00438096244500085,0.04360758367288005,0.0007058077191887779,0.6576470135000044
0.43421680116469547,0.004277182813518827,0.8279473408131975,0.22411852950786113,0.09116522231179354,8.383239887308962,6.5794074804835105,29.18908244153487,1.3632316358742498,5.82473198937206,0.2370171108000896,1.9580392016208965,0.32306977546426374,14.321654690931972,0.9077974117195401,0.0005254936759555046,0.1670307150334276,0.054137146145586484,0.06799603139784448,0.44244133301776656,0.22903054326722216,0.0022532296801413684,0.8060666511437913,1.305178550437192,0.04985286603865802,0.1514239026416963,0.08156426942631402,1.0192103206826915,1.0135976264862034,3.0041632661886974,0.007562733035217865,0.33798540741006255,0.01661059984432517,0.4272870921467309,0.7998143689358475,2.4928138263132777,0.25125066973456656,0.7991333195714381,0.26537145504815546,1.7572508807468903,0.14042859885188383,0.02727658922790395,0.27372203569370646,0.02825987069076148,0.0527757684949722,0.14750264088701528,0.1268881071650712,0.001953716955369747,0.004586667106149277,0.0,0.001762505933115114,0.0,0.0,0.00021768993996159263,0.0015174877745085717,0.005458592717468179,0.0,0.2625725399924739,0.0,0.004439169938058287,0.03299972669759891,0.010236235953263173,0.0020875795251641357,0.0,0.0,0.0,0.0,0.0,0.0029033135749358765,0.0,0.0013962064436055452,0.0,0.12226376766936974,0.004154682651018477,0.0,0.0,0.019155231986920658,0.0030339768735800224,0.0,0.0,0.007248299591150243,0.0,0.01339101381411995,0.030528366633297468,0.23554758600649842
0.030180187592435678,0.6212894600297142,0.035452453786307646,1.2838131810785984,0.05230594573693191,0.3468147774145195,0.40280779089140817,1.3632316358742498,3.6816213418062635,2.9615304274987224,0.034039875701456675,1.1647586920737667,0.2455755753529862,0.5992321316227875,0.25632204907608236,0.04146764593160361,0.03312274312242328,0.0006415056983689583,0.0019708989980232283,1.1123998196955704,0.05421468450401886,2.141034146286061,0.09577402359098988,13.795372243787277,0.31566454033578023,0.03680179000591996,0.6981323374574824,1.777683226718313,0.4305022538614563,0.35739100665218854,0.018901625736597018,0.02090675757169069,0.02455925280268603,0.19216853428482422,0.1650577172041482,1.7124069434969136,0.05314448316570445,0.3608213937638127,0.11328712687001803,0.42643832332133114,0.057972896597909884,0.006612316172760543,0.8093888735638466,0.021642413938780497,0.282199370490566,0.05974501493543243,0.18835682829352396,0.01590239257830302,0.00123867069894453,0.026804851287391348,0.022368156918472253,0.004534142282557739,0.36204880366618925,0.0033865618001898195,0.1935111144988206,0.4904307611608903,0.4845908679068035,3.6259674966242397,1.5627962066727974,0.0011078223880986253,0.46361050840193757,0.010633026533258056,0.2761312216238228,0.014216545799894542,0.08223438431398422,0.0,0.0,0.0,0.23190802296134727,0.05920110331246695,1.0401979964138635,0.031903724293327766,3.288814644450097,0.019451445025027436,0.0,0.03202068031030308,2.0742962990755833,0.25929968855027186,0.1934500794161308,0.0,0.012375778168335317,0.017120850425176314,0.29048790937104924,0.16747223892910562,0.44766172891323674
0.05619978734614037,0.0,0.07222252369659013,3.7571335410118207,0.08255465500839931,10.363031805422624,9.703981153824518,5.82473198937206,2.9615304274987224,70.09082176448061,0.011848742518448746,2.787038357075004,0.1286808053464308,2.001970942032259,0.42557016492508815,0.0,0.0006679480099491791,0.0,0.0,3.4186642434166092,0.014548050418743897,0.0001710555080898815,0.07102577620066457,1.9147875168001485,0.0,0.0038675739202047596,0.0044131514990134735,6.570592607734148,0.7230165913653008,0.03323064463944988,0.0,0.021510880272729183,0.001220516525865514,0.4382341335246252,8.174610883218634,5.580016528601638,0.02391540957866188,1.0344321782532382,0.26146467575849114,0.5869892140138822,0.23853430405589443,0.0023403306838553316,0.8523185633139155,0.00022571636423303402,0.0006847638728428197,0.0010717684943079033,0.5449198093644241,0.0,0.0001430940463572009,0.0,0.0,0.0,0.0027668526921518413,0.0,0.005390844240798748,0.0031229155150573487,0.0,1.550651838549164,0.002049159583293003,0.0,0.3761896823244813,0.0,0.0,0.0012587813450574122,0.0,0.0,0.0,0.0,0.01437418075722784,0.0,0.0022200337626404987,0.0,0.5795703544487865,0.0,0.0,0.0,0.007159214098856576,0.0,0.0,0.0,0.0,0.0,0.0,0.2601491034211997,0.2505738404659037
0.004387763435760559,0.2792409766373735,0.015155357905773542,0.0,0.008839730317111006,0.01695630598727578,0.017544282761463716,0.2370171108000896,0.034039875701456675,0.011848742518448746,25.856032665520466,0.01164022070743817,5.1171623956447885,0.5744780369947469,0.008903834983037196,0.005028045797484122,0.24962054636951084,4.350337276792268,3.207292864463429,0.0,0.00613488866263354,0.11569170990863223,0.021161270203744708,0.004944394887674763,0.8125207047863781,6.535743885180379,0.16232745031752133,0.003521813336862421,0.8382343005650836,0.003784564107909585,0.6227649583389885,0.1282779233346901,0.0012943138255219625,5.330311804889841,0.009128799961309848,0.40353901874079917,1.5024130125948894,1.4853072891595078,0.4322628002277931,0.04182631408771131,0.009842681151725475,0.2532834174456533,0.004121123111867768,0.6320019602208798,0.03002749398377296,0.005174981315748684,0.0,0.0007948496094803038,0.070799666792486,0.0,0.2302084204860798,0.00019776843407226923,0.0,0.00027675849108190517,0.0,0.0,0.0008384969491839519,0.0,0.0,0.9081453743102404,0.0,2.1428127384707714,0.005747875328596571,0.0,0.0007441977881679161,0.0,0.03807511525216572,0.0003044133616092471,0.0,0.0003484251916036548,0.07426934082804507,0.0009128039130020269,0.0,0.4854080553024663,0.41179399019291857,0.46880002346394195,0.0002271597643538572,0.03359417225459711,0.0,0.7648846732973777,0.035395502357509157,0.0,0.10613563395618052,0.0006886568200909728,0.05896497968855326
0.004675297450980793,0.00021324389579572753,0.0,2.4152694239941295,0.37994843116755617,5.290588140984088,0.07484212278140329,1.9580392016208965,1.1647586920737667,2.787038357075004,0.01164022070743817,15.68369157400036,0.024898768607929306,0.4674074636189397,1.1234831562346599,0.0,0.0,0.0010294755241005544,0.0015434897056237728,5.2905797844977736,0.0,0.0014208989710313823,0.0,0.7580337421257729,0.0015944989677079162,0.0023220683981408116,0.0,0.7176180306668699,0.09567193722309802,0.004766652784859886,0.0,0.018131875211426923,0.00024022115957524724,0.05258962290714579,3.1520374581874098,1.241713316580744,0.009946136427047942,0.19733173928930042,0.05956125464004831,0.8629893731804154,0.029389565008326964,0.0012117701663978539,0.2997617080074384,0.002725867316759606,0.02514016103081996,0.009699899661153416,0.19089678870240298,0.00034158664505315987,0.0008329412375316048,0.0,0.0,0.0,0.0844481127828319,0.0,0.12438062989328749,0.10701122387616856,0.055494622884450576,0.23617779564013805,0.20931849400445873,0.0,0.48890289014733157,0.0008696369451154425,0.013874694160550339,0.005867570934297238,0.00023694947697207427,0.0,0.0,0.0,0.14111164470075058,0.0016699466575394932,0.0020030982098413184,0.0,0.35247332744474774,0.0,0.0,0.0002920704098053424,0.19269021041608397,0.007077881135756125,0.008143178003281196,0.0,0.0,0.0,0.00785263869824074,1.7705139396485166,0.12656674047755867
0.007770255010507711,1.300720281503877,0.15871608491177489,0.005253408929888918,0.019241474497577328,0.10681803033344049,0.26723082282733657,0.32306977546426374,0.2455755753529862,0.1286808053464308,5.1171623956447885,0.024898768607929306,11.084955000023148,0.3634236768601107,0.03338556412348472,0.2625446278657256,0.030819455763959617,0.07118092658669119,0.07087330484415377,0.009110746097903246,0.3955057392431441,0.656825503108312,0.9397987692213685,0.32752981951134724,6.422143676799851,0.6392582744657789,3.0391984262002874,0.2507951479757319,0.3675840177939572,0.3527720471149589,2.641488889843033,0.13566371038599453,0.016321533963898977,1.4915528389239552,0.29619637270735333,1.895291112908908,1.2629121958248153,1.2477123763232196,1.6204991505139132,0.17744842642501465,0.40536124603240503,0.26250656527973687,0.269989368048223,0.5970994366359169,0.13084170873922435,0.11712911950947785,0.05243494014969212,0.0018147002619551757,0.06288279302892384,0.002967440550919548,0.41344426195366246,0.0034774290914203255,0.0002747714957541619,0.0023258584299965896,0.01247979328151708,0.0338296655495178,0.052594955094651695,0.03875516002991589,0.0021261750004439124,1.1531931854266002,0.005774871385887927,3.4004608534723437,0.08055344337473318,0.0023013456881217356,0.06819268014997426,0.0024256167111326625,0.03533144937176322,0.007552126353742459,0.002036576119054326,0.04723369021558854,0.14662780831314415,0.07433793401557105,0.08323781822105147,0.9688540474724132,0.5456437243624553,0.9210568620108917,0.1402620080730567,0.05284082445697223,0.061533960011149975,0.8896962479017404,0.15327155164241069,0.0034858146819823172,0.11384190331236431,0.05051842316284449,0.23051991030442734
5.48746329658624,0.008651373309125524,1.0407647431997624,0.10763600634832984,0.010492588463106375,0.43954547353008694,9.45042282671193,14.321654690931972,0.5992321316227875,2.001970942032259,0.5744780369947469,0.4674074636189397,0.3634236768601107,24.62017599965619,0.1360466616351696,0.0009240121886543895,0.5460058696782323,0.1770354081468807,0.4028255563769226,0.12890019414320242,0.4186413360685032,0.0071356521977442204,1.3968470646064461,0.764515353144666,0.04968896492325144,0.47733279387858396,0.20454905671924223,0.9171292424563104,7.9251103582875215,9.301154920228926,0.02415722281082567,0.3516393681599979,0.06580282675961797,1.0235284205201562,0.1227584156140374,1.6418739118471144,0.30060548002696935,1.6943871363206615,0.3239646788239883,0.36702791950148356,0.09278814900753601,0.04820455994921315,0.06187657532000801,0.0242931499406338,0.05093289787597918,0.1541807706103282,0.009531242303743689,0.001950571840726054,0.005772078185103042,0.0,0.0031121287819424635,0.0,0.0,0.0005311082918262241,0.0,0.0,0.0,0.0999989631008392,0.0,0.004544680534679294,0.00378746046771396,0.013520009058533405,0.0,0.0,0.0,0.0,0.0,0.0,0.0,0.0,0.0027098460552700764,0.0,0.0119872591051856,0.008509213778537047,0.0,0.00019618432507341032,0.001898245719405255,0.001358938369086909,0.0,0.0,0.0016714807118909441,0.0,0.011164846299448163,0.0011176743122809764,0.20099638143020992
0.0057648857112842945,0.006705796641225853,0.0,0.2742250275815984,1.5602938854300883,2.400993429206827,0.0943769145761491,0.9077974117195401,0.25632204907608236,0.42557016492508815,0.008903834983037196,1.1234831562346599,0.03338556412348472,0.1360466616351696,2.348618702683521,0.0,0.0,0.0,0.001192219794695643,0.364985782160386,0.00043945305424258007,0.0212118871616311,0.0007435045401033207,1.201033538748844,0.0013548219160466285,0.004819694845689478,0.0036131026799910613,0.2930246813056485,0.04414699778926809,0.011007939342515595,0.0,0.10614161157799777,0.001885153365440015,0.02615058902937006,2.000840451891462,0.4512008555012053,0.01595340165440918,0.08267339633283363,0.026928331359804904,1.833420411001457,0.01881084911130951,0.0,0.019512589486617986,0.002522806869724505,0.0038100410731032566,0.013380851011807793,0.014151752291529965,0.0,0.000838494828284471,0.0,0.0004395944186068337,0.0,0.002910806696472567,0.0,0.0036035287181667526,0.010399065767649002,0.0033625879888613025,0.02005616565224789,0.007736756184855274,0.0,0.04673058196335364,0.003017848837299919,0.002533227030029608,0.0,0.0010673533825204184,0.0,0.0,0.0,0.0034454822815976967,0.0,0.003052493792163927,0.0,0.04719535670237397,0.0003153536144840231,0.0,0.0,0.029608393138247778,0.0,0.0,0.0,0.0002346919402542465,0.0025573781795847892,0.0028986657152439707,0.3226365883894177,0.055720621683969386
0.0,0.22382633324299447,0.03551306394183679,0.0,0.0,0.0004606762296112127,0.05524111148165943,0.0005254936759555046,0.04146764593160361,0.0,0.005028045797484122,0.0,0.2625446278657256,0.0009240121886543895,0.0,14.534460619316539,0.011652119696824741,0.0,0.0,0.0,6.188990471448187,3.1033935928873264,6.037455781950395,2.301880093575135,0.06533823065302666,0.004191920981024711,4.161688327224375,1.2317340278553524,0.0022322884530832456,0.07787052228380324,0.00012679959516724188,0.0,0.0023881843912783697,0.07251467195977077,0.03302728533303488,1.037046600732672,0.460048592751765,0.19659348127064263,0.1702196502513157,0.007748984943537167,0.013119353328256301,0.00994429532029818,0.2801402934702903,0.09644305464705519,0.05238177845986111,0.04981974092562207,0.0053267599355076205,0.0033173951918406006,0.000518557603115289,0.0020465558557478786,0.011677191999873552,0.0020215232835526587,0.0,0.0,0.0,0.008088887356505477,0.0,0.07919662940542181,0.0,0.002830013852291429,0.0,0.0671829571800005,0.0,0.00027509358935051285,3.107030367088898,0.0,0.0,0.0,0.0,0.49082423477883863,1.7544758823479794,1.3299682371831598,0.5901792506804575,0.0012594141667031978,0.0,1.144063179219363,0.2877072989175455,0.011144527872722427,0.18767309440505384,0.0,0.0,0.005422796300189849,0.11468431837341074,0.0039350817042668965,0.47188571878151303
0.3411859562416548,0.06976068211208214,5.777165368168398,0.0,0.001208000274923981,0.0009812549109038155,0.0692925917723749,0.1670307150334276,0.03312274312242328,0.0006679480099491791,0.24962054636951084,0.0,0.030819455763959617,0.5460058696782323,0.0,0.011652119696824741,7.429656611504709,0.12787614134837305,4.449383795354231,0.0,0.5957311615444081,0.010114974658902676,6.617139283890651,0.04630244546319722,0.010031453739798172,5.273352309232626,5.279803066543855,0.08386017426705877,0.9573341704209524,1.2941308575555328,0.001786892749435375,0.003769281057198706,0.13693265559547474,3.560638801354198,0.013220132254873786,1.0248740574100836,0.5774060425329147,1.097680870715822,0.42643873424428336,0.014184376456158006,0.008486757292363244,0.0009985910813962605,0.0628108129216461,0.03441440113175788,0.06683847574609414,0.05396562988645872,0.0012185674461158537,0.0,0.0,0.0,0.09736280347869129,0.3078191049304806,0.0,0.0,0.0,0.0,0.0,0.010482886023701808,0.0,0.000693453322640132,0.0,0.0011025361606823096,0.0,0.0,0.002347685139838133,0.12378963185631525,0.00861622936000394,0.10503803518405595,0.0,0.0,0.02507287916853993,0.03482476270684462,0.0,0.005681392579968514,0.5150164829097548,1.13467749637855,0.0,0.0,0.0,0.00992986287029243,0.0,0.0,0.007252759149040625,0.0036131932442748627,0.12461088948492055
0.0,0.004642027993280525,0.01058605424506532,0.0,0.001175821888635172,0.0024098023305849452,0.0,0.054137146145586484,0.0006415056983689583,0.0,4.350337276792268,0.0010294755241005544,0.07118092658669119,0.1770354081468807,0.0,0.0,0.12787614134837305,2.827778639847058,1.719388599157551,0.0,0.00033934857660049034,0.0023991302702408377,0.007294486772120343,0.0,0.06732942800632447,2.5668577083156454,0.12147904262030039,0.0,0.27544879873431793,0.0006875695177252792,0.08942331770327738,0.0222661589684486,0.0009059191076209669,0.8561066563016707,0.0022069430392783456,0.4082881997676803,0.8905631670330423,0.7970012467142723,0.45801579053191516,0.004929203373170275,0.0015324971952663307,0.004186248031139653,0.0,0.03649800779470878,0.0056366200952317445,0.0007410225999504178,0.0,0.0,0.002598655384166789,0.0,0.013094090721810241,0.0,0.0,0.0,0.0,0.0,0.0,0.0,0.0,0.10514019447542317,0.0,0.23452866994388205,0.0,0.0,0.0,0.00015425685008696097,0.01716792165099753,0.0038396658331409602,0.0,0.0,0.0026825944632073227,0.0,0.0,0.08380964467318838,0.32864051624576024,0.34678757916239394,0.0,0.0,0.0,0.3269135432136385,0.0,0.0,0.0044601778326989585,0.0011808361148254506,0.04409563104625555
0.006236195017657043,0.022609150345715857,0.36893186053539256,0.0,0.004344541330064812,0.0028514749017222465,0.0003673137019170301,0.06799603139784448,0.0019708989980232283,0.0,3.207292864463429,0.0015434897056237728,0.07087330484415377,0.4028255563769226,0.001192219794695643,0.0,4.449383795354231,1.719388599157551,7.3507744858679,0.0,0.064864978323028,0.0025218666126189306,0.45496447091368253,0.0,0.016187268525065357,3.0808157554719746,0.9578622855484231,0.0007125520249930913,0.8121878837911554,0.07132045879981094,0.009085107526912686,0.030100959102922827,0.012546824020983395,4.788957943203615,0.007457297191658687,0.9057251486166198,0.8646144359902632,1.8809995842039042,0.8597244404617932,0.014751816241607768,0.0036193901979951846,0.00027958404149074534,0.003562719368000623,0.02247914380471349,0.011273045533974558,0.002420378479017513,0.0,0.0,0.0,0.0,0.03261169580912796,0.024426432867991836,0.0,0.0,0.0,0.0,0.0,0.0,0.0,0.014712274500177803,0.0,0.02343076767147054,0.0,0.0,0.0,0.0165469533271646,0.01908133412306359,0.02211292414154046,0.0,0.0,0.00021169806784096667,0.0,0.0,0.014859341794850336,0.30191676888476476,0.24376378507325736,0.0,0.0,0.0,0.06996623531933215,0.0,0.0,0.0005358157537116974,0.000705522634603863,0.16606103055381663
0.000919321555241805,0.0,0.00032771649016873804,9.794158468625634,0.12073786410924145,0.3476876779188045,0.04132049693382919,0.44244133301776656,1.1123998196955704,3.4186642434166092,0.0,5.2905797844977736,0.009110746097903246,0.12890019414320242,0.364985782160386,0.0,0.0,0.0,0.0,3.538070643636005,0.0,0.0,0.0006663580551165562,0.8188268845455787,0.0,0.0,0.0,1.421617359348663,0.04289061688310965,0.0007421330015125073,0.0,0.0018079467619020392,0.0002442796511656193,0.02589398757133229,0.0017850714063454834,0.5209990207926705,0.0017592209590686406,0.07433377902505545,0.022922553665939937,0.21164970064386024,0.013049155178184136,0.0006384213931532687,0.18547572980892535,0.0,0.0,0.0,0.13973586098233529,0.0,0.0,0.0,0.0,0.0,0.003920153330972715,0.0,0.006268875431753882,0.003109126765395676,0.002545987412675497,0.3035447777041471,0.02441905339365976,0.0,0.1830204659937457,0.00023974949667949,0.0,0.0011193453713643359,0.0,0.0,0.0,0.0,0.027883124539740886,0.0,0.0011312366214705797,0.0,0.15884139191625155,0.0,0.0,0.0,0.005860881910348846,0.0,0.0,0.0,0.0,0.0,0.0,0.0,0.005572993802011356
0.09704141983785024,0.01860144353155011,1.3387516640580392,0.000950599968688933,0.0,0.008777795055833777,1.2659629355395954,0.22903054326722216,0.05421468450401886,0.014548050418743897,0.00613488866263354,0.0,0.3955057392431441,0.4186413360685032,0.00043945305424258007,6.188990471448187,0.5957311615444081,0.00033934857660049034,0.064864978323028,0.0,42.368813214347085,0.23621495001377066,20.209577386419387,0.8841668030862508,0.004020626440110091,0.17218475881058418,0.8084021942100476,10.645217301637494,0.41182781135023455,7.728420349489509,0.0,0.0009986133105320478,0.11152271086949386,3.3362613654441287,0.30057148610265927,4.74919088750748,1.2976458410406968,2.425243262725261,1.2126913910206698,0.08484544398290235,0.029084706610059467,0.004148124988221819,0.20708228082054975,0.05557515172800856,0.01379251459684333,0.01047582286137278,0.005553253815912726,0.0025240948735213205,0.0005258727278969265,0.0010530556315859524,0.002528644571312801,0.004473103797815604,0.0,0.0,0.0,0.004250067167512825,0.0,0.07611150844851802,0.0,0.000354077999281485,0.0,0.051026699744948924,0.0013025212641782312,0.0,0.4887323993150048,0.0,0.0,0.0,0.0,0.15443895144139075,0.5262513448151692,0.19223513028892694,0.2772851061664249,0.00022897393603513405,0.0005595672319031902,0.05865139962887753,0.1579942336249939,0.00624637198350124,0.10888034114350681,0.0,0.0,0.004205951684399866,0.10365403801587178,0.01294444428392567,3.1357231593181973
0.0006074297979223002,1.7390543223629176,0.014945862850288495,0.000384488609008796,0.004042041589787807,0.0010804968400732673,0.015199231536825907,0.0022532296801413684,2.141034146286061,0.0001710555080898815,0.11569170990863223,0.0014208989710313823,0.656825503108312,0.0071356521977442204,0.0212118871616311,3.1033935928873264,0.010114974658902676,0.0023991302702408377,0.0025218666126189306,0.0,0.23621495001377066,5.541297431116578,0.3976914316943659,7.564405511328806,0.809135516999803,0.09264623361708119,4.2736930160872255,0.2709247476466267,0.011912142550279474,0.055315432961748956,0.1354097641824205,0.0,0.0023491464997134437,0.04460439075301123,0.003959883699716353,0.16026729347191285,0.07575416562986997,0.053304860986735265,0.024756970227734643,0.005282431066482231,0.0010168475999678074,0.019827686367760076,0.11950082722460068,0.05318018490868319,0.03592587450728302,0.02758044002718793,0.004459944774898814,0.0,0.0015488320643205539,0.0012174411066254265,0.06118184725172649,0.04070676067370208,0.0,0.0,0.0,0.018289856693459346,0.0015478841760853661,0.08781958751177298,0.00044049674162620556,0.02269897332632356,0.0,0.09814855379901873,0.00869584077089553,0.00109829838712149,0.8945728202382571,0.004192083491106612,0.0,0.0007523160693411688,0.0,0.15189645367174168,3.1180488234044605,0.3016006051846311,0.47906285771036367,0.08894915129944687,0.0061598667543944965,0.9574325844468347,0.220590080649836,0.015816235907541668,0.09556847890980116,0.007548224438430799,0.0008505222718773023,0.0019068072747555893,0.023987079933336743,0.0030330091033445635,0.0734092375929353
0.29712077763193073,0.036215854137625916,17.00747012906871,0.0036660593035058734,0.0010106947114707076,0.027098721519773553,3.9830807695197263,0.8060666511437913,0.09577402359098988,0.07102577620066457,0.021161270203744708,0.0,0.9397987692213685,1.3968470646064461,0.0007435045401033207,6.037455781950395,6.617139283890651,0.007294486772120343,0.45496447091368253,0.0006663580551165562,20.209577386419387,0.3976914316943659,46.07028705817792,1.3797610061302048,0.017860616854208058,1.7054360368811665,11.832660245095255,4.522796926782066,0.7674997921532127,3.9467018454831546,0.0,0.004458874922419934,0.14934296410055645,5.757553107732273,0.48412232724672444,10.660763965202634,4.433919882727162,6.900157925516753,3.754657035492021,0.24326522327234942,0.08129526923146675,0.02288882070649717,0.30136447093822016,0.10115883638968154,0.08050491286830921,0.08141097660852287,0.008444175956083667,0.0062529074879495855,0.001860761254882101,0.00025106490214365774,0.024220490740685517,0.2025441307878316,0.0,0.0,0.0,0.003441013932647421,0.0,0.09371139972599431,0.0,0.004017231252302732,0.0,0.12448791516730263,0.0,0.0,1.813956701538766,0.0057119374102337665,0.0,0.00020911220067277957,0.0,0.17336600800365465,1.053540825257305,1.4361603287909093,0.17905183732202548,0.0003228808158281187,0.0030804318016056896,2.1053286761372196,0.07013835970982915,0.001455486293709677,0.055739008191598084,0.0,0.0,0.003479026444810257,0.1493768066068955,0.03699962927369349,7.764478575226893
0.11914370084806597,1.986444408639836,0.09621893910826618,1.998331222124674,0.21839659927061017,0.36628871337921726,2.9094512078064385,1.305178550437192,13.795372243787277,1.9147875168001485,0.004944394887674763,0.7580337421257729,0.32752981951134724,0.764515353144666,1.201033538748844,2.301880093575135,0.04630244546319722,0.0,0.0,0.8188268845455787,0.8841668030862508,7.564405511328806,1.3797610061302048,36.286690084410345,0.5825027911476772,0.014500453498756408,2.059391304166538,11.668895789589508,1.1424455124950885,1.1879946892592173,0.0,0.009809065358086391,0.10854905894436329,0.5591992956112454,0.24697285325030696,3.037043302488025,0.2166168367103476,0.7127885626178264,0.2537989498991561,0.49858383766472614,0.07468957057802211,0.006511000958431123,1.2123106103395396,0.10786010382372775,0.2713617115556794,0.04217892651026454,0.36805712624011866,0.004789111865801847,0.00029385305973851633,0.016837707363669224,0.01746195068732546,0.0036657478723095597,0.2601413059835442,0.0,0.3064842616807954,1.2103807345510902,0.6121807401114437,2.570988015373605,1.080358140629778,0.0,0.23913847882459657,0.029651678872550408,0.13546016599511357,0.013219480642758316,0.47959450178759505,0.0,0.0,0.0,0.21412672756500437,0.22206180436779283,0.8827972569598521,0.15208603252101302,9.737933851893295,0.006965500541072582,0.0,0.07546979233866725,4.46215782259388,0.11194586107761823,0.4232031662302854,0.0,0.0,0.03000574942885893,0.33589850025880974,0.0006286354917655594,0.6869442181904902
0.0,2.018300721358361,0.0,0.0,0.0,0.003165883375658977,0.0006396313785260179,0.04985286603865802,0.31566454033578023,0.0,0.8125207047863781,0.0015944989677079162,6.422143676799851,0.04968896492325144,0.0013548219160466285,0.06533823065302666,0.010031453739798172,0.06732942800632447,0.016187268525065357,0.0,0.004020626440110091,0.809135516999803,0.017860616854208058,0.5825027911476772,3.9943840684571867,0.7796025728024227,6.057762609882872,0.002626136311516446,0.06148618151909742,0.0010694592500303311,1.1924998681319237,0.017023001270769198,0.0,0.3531201521491533,0.0023135584087879218,0.10023565175392346,0.4173471051676822,0.25836351939848184,0.036280687769226945,0.0031226604351917947,0.0005084815955341433,0.1725391040425538,0.0504781923595276,0.1554664599324808,0.04105949805480526,0.03304512938599141,0.0014415469712381395,0.0006183886148279186,0.05696344005158413,0.0,0.8479787442036578,0.023423656831848483,0.0,0.0,0.0,0.00021033412757661836,0.0008394304541410418,0.00491036923049002,0.0,0.2941235903606306,0.0,0.8160170555839079,0.004098797867846149,0.0,0.006479032776401293,0.020987627124060233,0.018306732673281687,0.06502385971290102,0.0,0.0013471936501663557,0.06128979216241721,0.002961673065603468,0.002122309340040489,1.8622300855852763,0.5896506671054367,1.5605248742997027,0.0012762712574895586,0.020146221024978213,0.0012150407420567905,0.2165844607924213,0.025417341565991756,0.0,0.08254401698156444,0.0,0.002949692443034201
0.014241703838447818,0.4663754072301208,7.567276381982696,0.0,0.001853305740092538,0.006667483624580577,0.13566878410652114,0.1514239026416963,0.03680179000591996,0.0038675739202047596,6.535743885180379,0.0023220683981408116,0.6392582744657789,0.47733279387858396,0.004819694845689478,0.004191920981024711,5.273352309232626,2.5668577083156454,3.0808157554719746,0.0,0.17218475881058418,0.09264623361708119,1.7054360368811665,0.014500453498756408,0.7796025728024227,63.00989864713819,19.097981159097326,0.0251345043580652,0.8575367613226421,0.1661558547122664,0.9229228067971713,0.05693170434812527,0.01560513909568972,2.804260139338135,0.036740895436116396,3.224191528696839,4.563015123227133,3.515865903384155,1.7426895133535496,0.017308317685661774,0.010610067981705414,0.03756216330244131,0.25493442731622845,0.7545609291341946,0.32263823248711165,0.23782305286436053,0.0019238465708348977,0.001606155323760245,0.011574376209487052,0.0,0.7145078039739478,0.7773683508138626,0.0,0.0,0.0,0.0,0.0,0.0012966469849059086,0.0,0.661577983663376,0.0,1.7357038932108448,0.0,0.0,0.0007051760738487007,0.4464425940595317,0.35556749158728873,0.8733222119958496,0.0,0.0016815057349347344,0.050206332706562586,0.05494020577875625,0.0,0.9743174550421624,8.238526268797647,10.45296741607557,0.0002363040631764507,0.0010874578781769216,0.0002533607393754708,2.32838741968688,0.0007025462534091467,0.0,0.041967843153017735,0.004318621747650663,0.5102132372542239
0.04995273275161649,7.6761670037008285,10.801623717626628,0.0,0.002319698257327769,0.0011480181686872393,0.2522561027382319,0.08156426942631402,0.6981323374574824,0.0044131514990134735,0.16232745031752133,0.0,3.0391984262002874,0.20454905671924223,0.0036131026799910613,4.161688327224375,5.279803066543855,0.12147904262030039,0.9578622855484231,0.0,0.8084021942100476,4.2736930160872255,11.832660245095255,2.059391304166538,6.057762609882872,19.097981159097326,66.32434345828474,0.42037030457294583,0.46063998963304853,0.3590553168817626,1.3796574026065727,0.006376413447194947,0.03165924587641146,4.009794309188659,0.13756369051304593,8.662095552638151,4.661331492824869,7.347878294983489,3.7101985917996387,0.06271899768295933,0.044923727551113006,0.01650609362041571,1.358983948750865,0.9930173733470042,0.9936029954671151,0.845669854399692,0.008779422246522284,0.0024042517982269308,0.0031439894277773073,0.0,3.3660564268278312,4.6569288903628285,0.0,0.0,0.0,0.004711694300758088,0.0,0.044769588923571746,0.0,0.12513671516844802,0.0,0.3582771645470783,0.0,0.0009413074001819365,2.433788912469812,0.8669955716071551,0.17846661713944706,0.9403498556515287,0.0,0.08246216236089618,3.5521396333173474,3.487337625325199,0.11761857669407183,0.6435030025391226,8.469345125509834,39.35431354601492,0.02774403773515946,0.0005962585353376011,0.011926745436918417,0.703673869845903,0.0,0.0010716151884125602,0.12103401724299136,0.011756558247714452,2.9836419806950243
0.09047289685486246,0.04251174684083765,0.45849189119963585,2.6895570325791534,0.05052622903562552,0.34884474570238566,27.866809625978497,1.0192103206826915,1.777683226718313,6.570592607734148,0.003521813336862421,0.7176180306668699,0.2507951479757319,0.9171292424563104,0.2930246813056485,1.2317340278553524,0.08386017426705877,0.0,0.0007125520249930913,1.421617359348663,10.645217301637494,0.2709247476466267,4.522796926782066,11.668895789589508,0.002626136311516446,0.0251345043580652,0.42037030457294583,64.21036740155397,1.09018644937722,12.234885742941767,0.0,0.007511811001475363,0.12134058395952152,0.745684360219699,0.24954164100357212,4.080730465176982,0.30750761454961045,0.9283880274870784,0.3455394392369894,0.2986095050217766,0.10203936864683598,0.0038126507247673224,0.7514568849783873,0.06037457376081197,0.058967510905141324,0.009747574509873251,0.21729563456137618,0.00017850993910639953,0.0,0.005809700499422243,0.0018389658027790098,0.00012639497682960217,0.0004964977628671523,0.0,0.0014608262413853762,0.1835143400626724,0.0018287771343154758,1.2164748699429588,0.005909407265466488,0.0,0.04943402397861511,0.027221579736670352,0.0005564471953874399,0.002818290860041596,0.19343344564521575,0.0,0.0,0.0,0.011870123960680663,0.09960447456024964,0.27940584116848516,0.06637543459220538,2.45910202338341,0.0,0.0,0.0076727603577305846,1.0189650339290965,0.022910163224418172,0.1916752978129388,0.0,0.0,0.009211947665991451,0.13003832499568482,0.0010612646359456858,0.8349490821183133
4.276361293465346,0.02623160882804856,0.24548892381605564,0.06883578685809984,0.00873011934557138,0.10413388668722116,2.060702959775406,1.0135976264862034,0.4305022538614563,0.7230165913653008,0.8382343005650836,0.09567193722309802,0.3675840177939572,7.9251103582875215,0.04414699778926809,0.0022322884530832456,0.9573341704209524,0.27544879873431793,0.8121878837911554,0.04289061688310965,0.41182781135023455,0.011912142550279474,0.7674997921532127,1.1424455124950885,0.06148618151909742,0.8575367613226421,0.46063998963304853,1.09018644937722,33.522758096360754,6.825823188180345,0.04258656452931784,0.4723535577306362,3.1900765048642166,3.2989655835970755,0.15947267401713408,1.3329001117570018,0.2460097943315979,1.7100183036342027,0.22776433566470944,0.14272161394164698,0.08625824568147923,0.04411996994997095,0.05583862801506193,0.03828348323063061,0.033015465955917464,0.08233668869025176,0.008258832481413054,0.0008504832169051735,0.005884370319011166,0.0,0.009735353003825881,0.00022482809928378909,0.0,0.0,0.0006835275868968407,0.00444669362290743,0.0,0.12787278033113736,0.0,0.012888144191419273,0.0010854124756199664,0.03267842670951051,0.0015608170635583135,0.0,0.017313138810723227,0.0002663601733019098,0.0,0.0,0.0,0.00793558739217556,0.02198706286921483,0.0019287169599851973,0.1794947817848115,0.01680252222022023,0.002098042411987159,0.005001592186676309,0.08081530647187429,0.0019880308304730094,0.01896520149260578,0.0007958282698729221,0.005059871381156852,0.0,0.025484087390727665,0.004479586803125257,0.4090808841918239
5.7087208646046195,0.0028437378162061706,1.1884857776283877,0.00038149791176793975,0.0025189825908925045,0.08556272246805617,7.4674592037693355,3.0041632661886974,0.35739100665218854,0.03323064463944988,0.003784564107909585,0.004766652784859886,0.3527720471149589,9.301154920228926,0.011007939342515595,0.07787052228380324,1.2941308575555328,0.0006875695177252792,0.07132045879981094,0.0007421330015125073,7.728420349489509,0.055315432961748956,3.9467018454831546,1.1879946892592173,0.0010694592500303311,0.1661558547122664,0.3590553168817626,12.234885742941767,6.825823188180345,28.233137124051648,0.0,0.01736716046518177,1.0705082466667926,6.683164598084552,0.43536033982980893,4.036546875692667,0.47131733129188386,1.876956432443751,0.5850992806541915,0.10639574270098112,0.07748634331412758,0.003551131483486943,0.20833978869040126,0.03708754681894133,0.0073143977054550315,0.0025222515696150284,0.016381616343555592,0.0,0.0014927700195842457,0.0,0.0004203507467154281,0.0,0.0,0.0,0.0,0.015590491430818974,0.0,0.2891509467956238,0.0,0.0,0.0,0.031428757920292115,0.0,0.0,0.14206171749500407,0.0,0.0,0.0,0.0,0.03138439532875581,0.2016166153585765,0.03013576608857491,0.4997979750993754,0.0,0.0,0.0012579954158657629,0.17469196438222814,0.0037870748089906554,0.04874909751334865,0.0,0.0,0.0047824475706895716,0.08845270248589289,0.004699886953698934,2.0266334908031163
0.0,0.17923895458751976,0.0,0.0,0.0005132097798700369,0.00016226437355934482,0.0,0.007562733035217865,0.018901625736597018,0.0,0.6227649583389885,0.0,2.641488889843033,0.02415722281082567,0.0,0.00012679959516724188,0.001786892749435375,0.08942331770327738,0.009085107526912686,0.0,0.0,0.1354097641824205,0.0,0.0,1.1924998681319237,0.9229228067971713,1.3796574026065727,0.0,0.04258656452931784,0.0,1.081704548430275,0.004859803739977743,0.0,0.13374113487518707,0.0,0.033431072400982025,0.27770259735773584,0.16829179213142956,0.046879719246640084,0.002686818636240374,0.0,0.018071311359144047,0.0,0.14056774402224528,0.009713773182300258,0.00591676303607234,0.0,0.0,0.003471421432262987,0.0,0.09737592748102224,0.0,0.0,0.0,0.0,0.0,0.0,0.0,0.0,0.3180726392494946,0.0,0.8374781578896029,0.0,0.0,0.0,0.0005005470971203656,0.027750978586031805,0.002384351896206067,0.0,0.0,0.005960578271614179,0.0,0.0,0.5000514439095403,0.5610695552704269,0.9837204080139934,0.0,0.0,0.0,0.6202311704392545,0.000539056847498882,0.0,0.006422616231454664,0.0,0.0008120932176931316
0.0010902359196261605,0.0018293711865474838,0.0019577703319569773,0.00036225838777384695,0.7948322640676007,0.6238997490625059,0.04301900182016583,0.33798540741006255,0.02090675757169069,0.021510880272729183,0.1282779233346901,0.018131875211426923,0.13566371038599453,0.3516393681599979,0.10614161157799777,0.0,0.003769281057198706,0.0222661589684486,0.030100959102922827,0.0018079467619020392,0.0009986133105320478,0.0,0.004458874922419934,0.009809065358086391,0.017023001270769198,0.05693170434812527,0.006376413447194947,0.007511811001475363,0.4723535577306362,0.01736716046518177,0.004859803739977743,1.8230870227940688,0.0,3.2799477240157984,0.034499321630832115,0.4327001371420879,0.07523562600362131,0.14457122297241456,0.06901063598054778,0.5615369002921535,1.1299754649915674,0.015482049251338698,0.0039005945869779587,0.0073486540090131475,0.014859240796278546,0.04895346038041904,0.0006528456334578252,0.0004762038901034554,0.0012855248959562024,0.0,0.001092351245039624,0.0,0.0,0.0,0.0,0.0,0.0,0.0007238896309966473,0.0,0.0030643727819196654,0.0,0.007686153545391728,0.0011747376690016884,0.0,0.0,0.0,0.0,0.0,0.0,0.0,0.0,0.0,0.0,0.0024684883622985336,0.0,0.0,0.0,0.0007797095782262392,0.0,0.00023838850610312002,0.0030479525698579152,0.0,0.007727461714485019,0.0022092319330614756,0.09435431792516384
0.02273539964301525,0.0018607515930010566,0.023724236066666876,0.0005993640456946759,0.0005224998108016795,0.0010881161210060124,0.03808060722737891,0.01661059984432517,0.02455925280268603,0.001220516525865514,0.0012943138255219625,0.00024022115957524724,0.016321533963898977,0.06580282675961797,0.001885153365440015,0.0023881843912783697,0.13693265559547474,0.0009059191076209669,0.012546824020983395,0.0002442796511656193,0.11152271086949386,0.0023491464997134437,0.14934296410055645,0.10854905894436329,0.0,0.01560513909568972,0.03165924587641146,0.12134058395952152,3.1900765048642166,1.0705082466667926,0.0,0.0,3.166735757557983,0.7242589345001207,0.018131547614190235,0.06737121556839752,0.015336372093512228,0.0907068092939287,0.01484099014301065,0.004261479141794446,0.0035406343231716947,0.00016517833835048729,0.007168180364722291,0.0,0.0,0.0,0.0,0.0,0.0,0.0007963440012368804,0.0,0.0,0.0,0.0,0.0,0.0038776245374299223,0.0,0.018228653389628282,0.0,0.0,0.0,0.0007156004131335388,0.0,0.0,0.004734856716687541,0.0,0.0,0.0,0.0,0.003964980012575455,0.003139369440852056,0.0014502256623000324,0.034113390898120974,0.0,0.0,0.000626521044119533,0.021673386398965284,0.0006941868766171402,0.003083682471332617,0.0,0.0,0.0006039930374429618,0.0021518135019716056,0.000289813947176317,0.04623677457389893
0.11015427667171405,0.1458009171968185,1.657801177489629,0.04035299009630309,0.9916622185118826,0.1062196346618775,0.7011211904917667,0.4272870921467309,0.19216853428482422,0.4382341335246252,5.330311804889841,0.05258962290714579,1.4915528389239552,1.0235284205201562,0.02615058902937006,0.07251467195977077,3.560638801354198,0.8561066563016707,4.788957943203615,0.02589398757133229,3.3362613654441287,0.04460439075301123,5.757553107732273,0.5591992956112454,0.3531201521491533,2.804260139338135,4.009794309188659,0.745684360219699,3.2989655835970755,6.683164598084552,0.13374113487518707,3.2799477240157984,0.7242589345001207,14.073250203855793,0.10152834944917412,1.4970765037988445,0.8965480652390343,2.5187636945115597,0.501764302416702,0.08295294924275966,0.5078699213138775,0.17144435471487718,0.06091327747144901,0.09554689817095989,0.07937940185293343,0.1421962286710472,0.009264375218125669,0.0010625849579829815,0.017826979617155958,0.0,0.08424747638820435,0.12566202729384449,0.0,0.0005246718974275991,0.004747296686637381,0.0013067615396196177,0.017191436370234202,0.04119812107487445,0.0,0.10045725880475961,0.0,0.22118724698646,0.024401211046498585,0.0003393792222036486,0.021859546082483024,0.03626660558138452,0.004426413434229766,0.029653288480307897,0.0,0.008275722281281083,0.04055908572763878,0.029631856651933495,0.049097581879670296,0.059914206564203695,0.19942776004156146,0.5558496360383596,0.023124431567495086,0.01257077951033641,0.002312171876963937,0.03792034549846244,0.04762624889619913,0.0,0.04479035083519553,0.0051675714196664545,0.37158096017985115
0.0034381991174478816,0.0016686173387916118,0.07530105335527482,0.012645939669830568,0.005229779810662689,9.377303611163569,0.27927530905743686,0.7998143689358475,0.1650577172041482,8.174610883218634,0.009128799961309848,3.1520374581874098,0.29619637270735333,0.1227584156140374,2.000840451891462,0.03302728533303488,0.013220132254873786,0.0022069430392783456,0.007457297191658687,0.0017850714063454834,0.30057148610265927,0.003959883699716353,0.48412232724672444,0.24697285325030696,0.0023135584087879218,0.036740895436116396,0.13756369051304593,0.24954164100357212,0.15947267401713408,0.43536033982980893,0.0,0.034499321630832115,0.018131547614190235,0.10152834944917412,288.4255407925283,3.9948578229612943,1.0617058867849614,0.4022086849291451,1.030657688845969,0.1376094224417508,0.1380071538946359,0.0024286519485808744,0.5311138383996974,0.18595085379876325,0.09583028875132343,1.1115462871791477,0.07351595663199129,0.017841012661582292,0.00035110149639997043,0.0,0.0010900072522856909,0.001065272655097308,0.0,0.0017958528988156058,0.44567013779959386,0.00039784582787781537,0.00031081000143805715,0.046526677761761774,0.0840270295668092,0.0,3.362059780658857,0.0020724169757681352,0.0,0.05011615315908427,0.0010849648044932633,0.0008691169247988914,0.00037318304881781754,0.0005414540190059431,0.0,0.0021465858367323543,0.0034047668460571432,0.010557693199456689,0.0017240900535549157,0.0,0.0019585761461910723,0.003864054973273436,0.0005910997922837593,0.0013771680411171253,0.0003430393177079757,0.0,0.0014713273431360004,0.0,0.04459048216801655,86.37607291080944,24.538888772453756
0.14212864786086185,0.08721439267028398,2.813017661610247,0.5915282040213767,0.14966624596205283,1.364057350727127,4.145980918155251,2.4928138263132777,1.7124069434969136,5.580016528601638,0.40353901874079917,1.241713316580744,1.895291112908908,1.6418739118471144,0.4512008555012053,1.037046600732672,1.0248740574100836,0.4082881997676803,0.9057251486166198,0.5209990207926705,4.74919088750748,0.16026729347191285,10.660763965202634,3.037043302488025,0.10023565175392346,3.224191528696839,8.662095552638151,4.080730465176982,1.3329001117570018,4.036546875692667,0.033431072400982025,0.4327001371420879,0.06737121556839752,1.4970765037988445,3.9948578229612943,7.944379989650385,15.427689416026675,2.539849214494945,2.2287879623995916,4.6912241807711474,0.8144653802349008,0.0388498865779342,0.7879082196515729,0.10766012386438906,0.13005315428573225,0.13644940023481103,0.18890477676948633,0.007738082023918437,0.0025097232428813046,0.005166675915163997,0.1050605323625863,0.2694409451749481,0.04952104714481101,0.00024846641848827314,0.05762519726197061,0.16396702782554676,0.12357521935063553,0.7648126869115761,0.2786255477628964,0.00295658077652115,0.14216467055141618,0.0629006883142787,0.04159973855303137,0.001179383094146396,0.27263495539814087,0.02136088287049777,0.0012324601941824044,0.0062535016539524285,0.0387736795668828,0.1133421315148406,0.26857107998694496,0.28347487629707857,1.6455451969614392,0.006606116834333901,0.08267242194121391,1.048106092417903,0.8704395078338764,0.029567876065978826,0.1604633058361878,0.0005304777157074776,0.013479941830108883,0.005926905237620899,0.18659856419948748,0.5633195469168336,2.4788251147469578
0.024765486553927553,0.14957817521619418,1.2573821696204082,0.0021636715572376816,0.0046358781108529375,0.0510140108780651,0.15964905277329464,0.25125066973456656,0.05314448316570445,0.02391540957866188,1.5024130125948894,0.009946136427047942,1.2629121958248153,0.30060548002696935,0.01595340165440918,0.460048592751765,0.5774060425329147,0.8905631670330423,0.8646144359902632,0.0017592209590686406,1.2976458410406968,0.07575416562986997,4.433919882727162,0.2166168367103476,0.4173471051676822,4.563015123227133,4.661331492824869,0.30750761454961045,0.2460097943315979,0.47131733129188386,0.27770259735773584,0.07523562600362131,0.015336372093512228,0.8965480652390343,1.0617058867849614,15.427689416026675,3.964789069505236,5.68934157727557,6.6126010395174735,0.08851118596795424,0.11679921564519652,0.13560598128522064,0.14865673273797167,0.45864846429828243,0.07467357163683201,0.09589476005581928,0.007283085261889279,0.0021686780503333662,0.04791967272049094,0.0,0.15205877941778403,0.15325560418386236,0.0,0.001186793446148524,0.0005376779770756873,0.0016065988906954743,0.0031219810608418275,0.02502359462566498,0.0,0.13677135398116433,0.0021435475932146163,0.2216575298009089,0.006701729866465858,0.0,0.08680518816253724,0.04360846161883975,0.015978798453810845,0.07335945547847356,0.0,0.012403476125622601,0.11158227163396689,0.12631524898163976,0.06450911874250248,0.12889222194724523,0.6415087211745907,1.433319761391852,0.03882283749657434,0.010469612795063402,0.008589704036022574,0.16434628902222176,0.024759134939633585,0.000566408677844454,0.06540413113456088,0.3436230932311709,6.498379049778539
0.11238592708732582,0.13818691121296098,2.5516178194005996,0.06626579944089046,0.015417847122564709,0.16835258031592923,1.383996589111907,0.7991333195714381,0.3608213937638127,1.0344321782532382,1.4853072891595078,0.19733173928930042,1.2477123763232196,1.6943871363206615,0.08267339633283363,0.19659348127064263,1.097680870715822,0.7970012467142723,1.8809995842039042,0.07433377902505545,2.425243262725261,0.053304860986735265,6.900157925516753,0.7127885626178264,0.25836351939848184,3.515865903384155,7.347878294983489,0.9283880274870784,1.7100183036342027,1.876956432443751,0.16829179213142956,0.14457122297241456,0.0907068092939287,2.5187636945115597,0.4022086849291451,2.539849214494945,5.68934157727557,2.4450574965342984,2.004036626875937,0.14945202490230802,0.10546035655342241,0.19624783040769714,0.16282202294332754,0.18860467990020885,0.311480617987122,0.40574276924515973,0.027013380762642054,0.002817317710641241,0.027375593811537518,0.0,0.134816718614868,0.30985420999723684,0.0,0.0022958410738712475,0.01252504368922548,0.002780029373445469,0.0728194452982818,0.11081183710454298,0.0,0.06660666558875719,0.001547056761024989,0.11381520131432234,0.10600145636105607,0.0007252130738946902,0.08302197511654977,0.07252901321608017,0.008076858513514466,0.06481773528685639,0.0,0.005920216294036468,0.12827854344706213,0.1599478320847006,0.08104972617259917,0.06194979377420054,0.4312100904871907,1.5166596908657026,0.02330262823894861,0.02981632382729515,0.0042153344179565524,0.05082884144494822,0.13714078315206016,0.0,0.060038826290950364,0.07535635223892627,1.2819961940271418
0.03158939448671156,0.044341878191831205,1.1988323018572122,0.013167453532620096,0.011603127996828598,0.08192162949873036,0.3297168127277939,0.26537145504815546,0.11328712687001803,0.26146467575849114,0.4322628002277931,0.05956125464004831,1.6204991505139132,0.3239646788239883,0.026928331359804904,0.1702196502513157,0.42643873424428336,0.45801579053191516,0.8597244404617932,0.022922553665939937,1.2126913910206698,0.024756970227734643,3.754657035492021,0.2537989498991561,0.036280687769226945,1.7426895133535496,3.7101985917996387,0.3455394392369894,0.22776433566470944,0.5850992806541915,0.046879719246640084,0.06901063598054778,0.01484099014301065,0.501764302416702,1.030657688845969,2.2287879623995916,6.6126010395174735,2.004036626875937,0.6146973530757878,0.15384080387982824,0.17751039219593584,0.014170850268274655,0.08485391371072065,0.0977301975566394,0.14377277665582233,0.31173236267104737,0.011681879660528353,0.003599044647282198,0.007130970764462002,0.000537905333443723,0.0544364823603117,0.13551676664222212,0.0,0.0,0.008315605326393742,0.0,0.026469043974675262,0.039952648403183126,0.0,0.004668229643866659,0.006671876908393104,0.01784561816068022,0.032444391286744,0.0004968213004801704,0.041476745600449415,0.022875534071700288,0.0033929990869582954,0.016961991302212678,0.0,0.002996178427964406,0.06410346786038965,0.06885648559445548,0.02445014391498422,0.007275112215531681,0.13035926657665792,0.5826779011875107,0.0063347808911148025,0.009494407734893021,0.0024624564066481184,0.0066211567238433165,0.04119440272468056,0.0,0.03852997463758305,0.7293559974290432,4.817983469801697
0.008051560036741224,0.0017906991085158413,0.019942268576700554,0.16508576044909978,4.790500745745024,3.287918859172667,0.3976008951320803,1.7572508807468903,0.42643832332133114,0.5869892140138822,0.04182631408771131,0.8629893731804154,0.17744842642501465,0.36702791950148356,1.833420411001457,0.007748984943537167,0.014184376456158006,0.004929203373170275,0.014751816241607768,0.21164970064386024,0.08484544398290235,0.005282431066482231,0.24326522327234942,0.49858383766472614,0.0031226604351917947,0.017308317685661774,0.06271899768295933,0.2986095050217766,0.14272161394164698,0.10639574270098112,0.002686818636240374,0.5615369002921535,0.004261479141794446,0.08295294924275966,0.1376094224417508,4.6912241807711474,0.08851118596795424,0.14945202490230802,0.15384080387982824,4.0559805147509165,0.3395486748696366,0.00582623942231072,0.20938750297549627,0.018351118142487355,0.03199150212874607,0.04669539025368497,0.06986519459623208,0.004167876599770121,0.002110970978361918,0.0,0.000979606765444484,0.00036700313124918586,0.008548306651847856,0.0,0.006799971112568817,0.0654905581513543,0.031061663303925974,0.09294755392904887,0.03832931147797909,0.0002947986748643202,0.016676052008956093,0.026650633506498645,0.011764142035853286,0.0,0.026885439134950714,0.0002431510937304883,0.0,0.0,0.00581828595730462,0.020451735085300588,0.010416597002636054,0.020129626091108063,0.1751790273705571,0.0012046649939328052,0.0,0.005686688881023553,0.21687202695338,0.008582433796734549,0.04778655623247827,0.0,0.001108136858828342,0.0,0.07594990031799168,0.04837835435966422,0.13806167359652713
0.004584440628059865,0.0004306888676590409,0.02144194895173578,0.016908450903727175,1.8700539374004426,0.11879247121798216,0.18887144663550015,0.14042859885188383,0.057972896597909884,0.23853430405589443,0.009842681151725475,0.029389565008326964,0.40536124603240503,0.09278814900753601,0.01881084911130951,0.013119353328256301,0.008486757292363244,0.0015324971952663307,0.0036193901979951846,0.013049155178184136,0.029084706610059467,0.0010168475999678074,0.08129526923146675,0.07468957057802211,0.0005084815955341433,0.010610067981705414,0.044923727551113006,0.10203936864683598,0.08625824568147923,0.07748634331412758,0.0,1.1299754649915674,0.0035406343231716947,0.5078699213138775,0.1380071538946359,0.8144653802349008,0.11679921564519652,0.10546035655342241,0.17751039219593584,0.3395486748696366,0.5804608227842196,0.013214237195197707,0.01077398108096734,0.0015546462140898576,0.012190101212592485,0.03554669231732034,0.004434096537454243,0.000278302895301132,0.0017317117482466996,0.0,0.0,0.00044859217620457756,0.0,0.0010468277004631354,0.000410602738596553,0.0,0.005893929222360441,0.019057702457189317,0.0,0.0,0.0,0.0025673359051647353,0.008176385831485826,0.0002617663441707167,0.002212194304049542,0.0,0.0,0.0,0.0,0.0,0.002236950808917757,0.0009627211127385652,0.0021956536334153966,0.0,0.0,0.0025665920167336105,0.0005435736991842777,0.0006524764811430277,0.0,0.0,0.011842151441268671,0.0,0.0019038489076687946,0.020309597458234355,0.13566874574546797
0.00034820380600116354,0.07271604042871146,0.0005268221323496121,0.0,0.0019836801445437544,0.005573571066332768,0.004791221150885446,0.02727658922790395,0.006612316172760543,0.0023403306838553316,0.2532834174456533,0.0012117701663978539,0.26250656527973687,0.04820455994921315,0.0,0.00994429532029818,0.0009985910813962605,0.004186248031139653,0.00027958404149074534,0.0006384213931532687,0.004148124988221819,0.019827686367760076,0.02288882070649717,0.006511000958431123,0.1725391040425538,0.03756216330244131,0.01650609362041571,0.0038126507247673224,0.04411996994997095,0.003551131483486943,0.018071311359144047,0.015482049251338698,0.00016517833835048729,0.17144435471487718,0.0024286519485808744,0.0388498865779342,0.13560598128522064,0.19624783040769714,0.014170850268274655,0.00582623942231072,0.013214237195197707,0.035310753677914974,0.006351630653212333,0.06379351920376446,0.009535037226191872,0.0034159038278484084,0.0,0.0,0.02248576482617516,0.0,0.017229201840958563,0.0,0.0,0.0,0.0007387780658725605,0.0026366969150690305,0.0013637495961442256,0.0008096757536956661,0.0,0.0739763960109512,0.0,0.1230116955347646,0.0031019322115439073,0.0,0.004942335450814628,0.0,0.0003548095494825567,0.0,0.0,0.0013683062179145,0.010501537723597031,0.005999606223598647,0.002315773200989908,0.03814953504479394,0.0014515041419262856,0.009858173270343449,0.005474456264172228,0.00977390759741187,0.002847055790495337,0.009434873610388542,0.010812624105768956,0.0,0.026981181899710167,0.0,0.0078634798587167
0.000965500877272867,0.08878097732100135,0.23154421629874122,0.1047346569906261,0.007602693717927174,0.11732299723625195,0.20606254213719288,0.27372203569370646,0.8093888735638466,0.8523185633139155,0.004121123111867768,0.2997617080074384,0.269989368048223,0.06187657532000801,0.019512589486617986,0.2801402934702903,0.0628108129216461,0.0,0.003562719368000623,0.18547572980892535,0.20708228082054975,0.11950082722460068,0.30136447093822016,1.2123106103395396,0.0504781923595276,0.25493442731622845,1.358983948750865,0.7514568849783873,0.05583862801506193,0.20833978869040126,0.0,0.0039005945869779587,0.007168180364722291,0.06091327747144901,0.5311138383996974,0.7879082196515729,0.14865673273797167,0.16282202294332754,0.08485391371072065,0.20938750297549627,0.01077398108096734,0.006351630653212333,7.7144142414239685,14.225029111162494,1.8146151906760937,1.8185672633107697,7.406997504363124,0.6929975245153193,0.06121639779964017,0.27900525794798164,0.13176980572245864,2.047018418674248,0.4017610324658885,0.06919105225768903,1.0772782536354157,3.822400985826204,1.9357992246317886,0.871471059911494,2.5233580187205265,0.3385529551967791,1.347230574583695,0.3017877048167704,2.5326275528891653,0.06419991926540203,1.498419084513846,0.7553312250130734,0.8099463095644334,1.6448811271115875,0.2939599995268431,2.7436232466846504,0.23841402099350031,8.019756819602298,2.5243877284913245,0.056808980875875124,3.1027784207052145,11.05308608515006,5.337603368408538,1.4138838809911038,2.641926539348119,0.07405398515608486,1.4538944210672362,0.06400310771678282,2.529351146370474,4.1283159924089015,2.2624699192529367
0.0007452424463079719,0.10007319796837325,0.08456037323458424,0.0,0.0,0.0017304127438096686,0.0043124558313649775,0.02825987069076148,0.021642413938780497,0.00022571636423303402,0.6320019602208798,0.002725867316759606,0.5970994366359169,0.0242931499406338,0.002522806869724505,0.09644305464705519,0.03441440113175788,0.03649800779470878,0.02247914380471349,0.0,0.05557515172800856,0.05318018490868319,0.10115883638968154,0.10786010382372775,0.1554664599324808,0.7545609291341946,0.9930173733470042,0.06037457376081197,0.03828348323063061,0.03708754681894133,0.14056774402224528,0.0073486540090131475,0.0,0.09554689817095989,0.18595085379876325,0.10766012386438906,0.45864846429828243,0.18860467990020885,0.0977301975566394,0.018351118142487355,0.0015546462140898576,0.06379351920376446,14.225029111162494,3.161829066073911,2.7396067751646376,5.886047003472507,0.3104252623903933,0.149416366232279,0.2836303568826485,0.027178483608024277,0.0902367085282022,0.7723293805059166,0.00245426806724179,0.013610007681842031,0.05422178468016664,0.34104291685733656,0.23384658424566723,0.023871675737390973,0.013522775206923446,0.6974171678307131,0.016207461761275497,0.37983806730919806,0.5195443115774554,0.004863881013418351,0.48441356901891575,0.4147844067650896,0.9594631055113778,0.8260625629983603,0.0016677015174613801,0.8618110979816503,0.06967762006547554,2.5734878906188117,0.19986563070260208,0.1975877364878278,3.006965812885604,3.6970724103546853,0.4484131707055246,0.22448023783606455,0.5279681205244761,0.48388332763754394,0.5705925959360963,0.009146754034646695,1.4093145558985058,0.8040636972781475,5.44209713776677
0.0026189173065279594,0.06289567916820794,0.1501012764913482,0.0002539789399468788,0.0007626129627976885,0.010511665269187644,0.01564782595480553,0.0527757684949722,0.282199370490566,0.0006847638728428197,0.03002749398377296,0.02514016103081996,0.13084170873922435,0.05093289787597918,0.0038100410731032566,0.05238177845986111,0.06683847574609414,0.0056366200952317445,0.011273045533974558,0.0,0.01379251459684333,0.03592587450728302,0.08050491286830921,0.2713617115556794,0.04105949805480526,0.32263823248711165,0.9936029954671151,0.058967510905141324,0.033015465955917464,0.0073143977054550315,0.009713773182300258,0.014859240796278546,0.0,0.07937940185293343,0.09583028875132343,0.13005315428573225,0.07467357163683201,0.311480617987122,0.14377277665582233,0.03199150212874607,0.012190101212592485,0.009535037226191872,1.8146151906760937,2.7396067751646376,1.585573130964389,1.269209375693595,0.5923729475277529,0.29287725294146566,0.2996310251716873,0.2220989801120606,0.07298541644365074,1.0533689700318567,0.11087122896984138,0.015498286215961492,0.21788044870608353,2.0527489403988244,0.5419839839937151,0.2577332291998162,1.252466967863312,1.1965392478653794,0.33921748738675334,0.2835847117678657,1.247482741143719,0.016948112709667108,0.4279513186929467,1.34420048156909,1.7862089369207363,2.637704682383261,0.062400838344420534,2.200070523836414,0.05139362080002459,6.453238910099611,0.7787337466631912,0.06987880618203418,2.382508063928938,6.290935036569178,2.2635282357885194,1.206368063207332,2.471191369584531,0.2620330869539428,0.7723971294622315,0.0645876525219777,2.540759153555997,0.5263986928350477,1.6149355765969349
0.0005596681118810597,0.04820056853825605,0.13490912617755532,0.0,0.0007448536637831705,0.02940680681963139,0.004510511274701698,0.14750264088701528,0.05974501493543243,0.0010717684943079033,0.005174981315748684,0.009699899661153416,0.11712911950947785,0.1541807706103282,0.013380851011807793,0.04981974092562207,0.05396562988645872,0.0007410225999504178,0.002420378479017513,0.0,0.01047582286137278,0.02758044002718793,0.08141097660852287,0.04217892651026454,0.03304512938599141,0.23782305286436053,0.845669854399692,0.009747574509873251,0.08233668869025176,0.0025222515696150284,0.00591676303607234,0.04895346038041904,0.0,0.1421962286710472,1.1115462871791477,0.13644940023481103,0.09589476005581928,0.40574276924515973,0.31173236267104737,0.04669539025368497,0.03554669231732034,0.0034159038278484084,1.8185672633107697,5.886047003472507,1.269209375693595,0.9934767140080238,3.4357921724337674,1.1855822472559805,0.06350842431558025,0.059029760587586244,0.07421958637886758,0.8430427937129925,0.021419175054689054,0.012705532665140247,0.09162713441347625,0.5986183542898116,0.22619059893333282,0.05502652325801251,0.16126953952264286,0.2631324912957723,0.1083884802547896,0.29889302322185096,0.48385909496311286,0.008516703115310142,0.5047835537515896,0.5531025276852938,0.8780279402369903,1.297960095742417,0.012929014997677332,1.1787042097453038,0.047030112875687355,4.9305554293492895,0.23386709702139444,0.046761270281164134,1.6728678211826096,5.126096894721744,0.6868047402568018,0.29800882822527686,0.7065671854400215,0.08429021611526495,0.45903668740083853,0.012719520473107922,3.0902953405971516,1.472758393142165,10.795847939251543
0.0010140504877636147,0.0,0.002750118002464786,0.06947864956398761,0.0024113012504593735,0.09862149745862328,0.12306476725472315,0.1268881071650712,0.18835682829352396,0.5449198093644241,0.0,0.19089678870240298,0.05243494014969212,0.009531242303743689,0.014151752291529965,0.0053267599355076205,0.0012185674461158537,0.0,0.0,0.13973586098233529,0.005553253815912726,0.004459944774898814,0.008444175956083667,0.36805712624011866,0.0014415469712381395,0.0019238465708348977,0.008779422246522284,0.21729563456137618,0.008258832481413054,0.016381616343555592,0.0,0.0006528456334578252,0.0,0.009264375218125669,0.07351595663199129,0.18890477676948633,0.007283085261889279,0.027013380762642054,0.011681879660528353,0.06986519459623208,0.004434096537454243,0.0,7.406997504363124,0.3104252623903933,0.5923729475277529,3.4357921724337674,4.503445378877125,0.41695987471534857,0.012387839466006526,0.03105534296315172,0.0021504748964929375,0.03238762800114861,0.5731861000556328,3.481003797567104,3.9636832829519477,0.5695893310664959,1.5955174557826066,0.43364764642832965,1.01454737679336,0.04766424011819227,1.5577041189816327,0.043612693670826555,0.7703221587259473,3.20231603479942,0.06577234575325432,0.017679385650817243,0.03816150896642616,0.046199843998423654,0.2760550527447191,0.16767101264439538,0.022760076448151915,0.3948458672226826,1.1237284084694705,0.001631295783736587,0.0630476923828743,0.179089818362579,1.253774710103246,0.24385614271792833,0.20962150230195292,0.005559907715321858,1.390629273820107,0.007373018426038925,0.3001076341392807,0.3422283342392864,0.23925824181765748
0.0,0.0,0.00027593701190352154,0.0,0.0,0.0,0.0,0.001953716955369747,0.01590239257830302,0.0,0.0007948496094803038,0.00034158664505315987,0.0018147002619551757,0.001950571840726054,0.0,0.0033173951918406006,0.0,0.0,0.0,0.0,0.0025240948735213205,0.0,0.0062529074879495855,0.004789111865801847,0.0006183886148279186,0.001606155323760245,0.0024042517982269308,0.00017850993910639953,0.0008504832169051735,0.0,0.0,0.0004762038901034554,0.0,0.0010625849579829815,0.017841012661582292,0.007738082023918437,0.0021686780503333662,0.002817317710641241,0.003599044647282198,0.004167876599770121,0.000278302895301132,0.0,0.6929975245153193,0.149416366232279,0.29287725294146566,1.1855822472559805,0.41695987471534857,0.9238082311666939,0.01767574137196006,0.0043496178777429634,0.002495732105360014,0.0070317073054502474,0.01424895047698702,0.3713873567980933,0.10066453163629396,0.10358419598033718,0.042303031018937266,0.03257876119364285,0.12369891016450449,0.010675905460533895,0.031257114784063435,0.05558392652277499,0.058409254191299276,0.044790872443296936,0.022529164120219967,0.004140540292907934,0.010847397556719743,0.009301933381801611,0.009483344921914848,0.02130004721275246,0.003062377785279343,0.05117039695246809,0.06168879586983749,0.002306246359031664,0.010265056770001323,0.03785831682847248,0.1262649833145153,0.04574875271692677,0.04816842141814782,0.0013059787057344773,1.287745784229781,0.0030379884200262895,0.3656654117248082,0.18642315469647452,0.19052543756099072
0.0,0.007726530144449426,0.0,0.0,0.0,0.0,0.0,0.004586667106149277,0.00123867069894453,0.0001430940463572009,0.070799666792486,0.0008329412375316048,0.06288279302892384,0.005772078185103042,0.000838494828284471,0.000518557603115289,0.0,0.002598655384166789,0.0,0.0,0.0005258727278969265,0.0015488320643205539,0.001860761254882101,0.00029385305973851633,0.05696344005158413,0.011574376209487052,0.0031439894277773073,0.0,0.005884370319011166,0.0014927700195842457,0.003471421432262987,0.0012855248959562024,0.0,0.017826979617155958,0.00035110149639997043,0.0025097232428813046,0.04791967272049094,0.027375593811537518,0.007130970764462002,0.002110970978361918,0.0017317117482466996,0.02248576482617516,0.06121639779964017,0.2836303568826485,0.2996310251716873,0.06350842431558025,0.012387839466006526,0.01767574137196006,0.08316441611476709,0.0009273023108636537,0.06504053756077077,0.0,0.0007153824615324835,0.0027722377767058237,0.010337912888798859,0.002660420134341098,0.055532801811624954,0.0031907791681034317,0.005747935833097712,0.6113222924752086,0.007799818968114414,0.35449514704391444,0.10127445649489328,0.0005705026176102744,0.0037453827772205048,0.0,0.013778218194806995,0.0007077158395679201,0.0007066968700179084,0.002121628555948972,0.03366772344645699,0.0038507536475843834,0.0027354050237264017,0.05415808273542561,0.06794592729869625,0.04827152903883939,0.0009464907921135421,0.07230145029745198,0.0044478057802072,0.13258340263123897,0.20499400827241604,0.0,0.3226288657487328,0.0033999191884063027,0.0026526616299204914
0.0,0.0,0.0,0.0,0.0,0.0,0.0027361859933697956,0.0,0.026804851287391348,0.0,0.0,0.0,0.002967440550919548,0.0,0.0,0.0020465558557478786,0.0,0.0,0.0,0.0,0.0010530556315859524,0.0012174411066254265,0.00025106490214365774,0.016837707363669224,0.0,0.0,0.0,0.005809700499422243,0.0,0.0,0.0,0.0,0.0007963440012368804,0.0,0.0,0.005166675915163997,0.0,0.0,0.000537905333443723,0.0,0.0,0.0,0.27900525794798164,0.027178483608024277,0.2220989801120606,0.059029760587586244,0.03105534296315172,0.0043496178777429634,0.0009273023108636537,5.046327184428754,0.0,0.030192814199308828,0.008642900871709987,0.0,0.01575975006236934,2.965493453656678,0.3764046834821483,0.04392994478525261,0.12989360577621276,0.01648285773907357,0.016462824735881166,0.002331362486921541,3.83015247063084,0.002100932378519284,0.0044283021439421606,0.0649747891717749,0.0008916301862805478,0.005734403939928863,0.005356583236885263,0.018785496203397787,0.0064010530029380355,0.04609859740500353,0.12880448875189032,0.000521767833885571,0.009406122570178529,0.09815049219058097,0.2984894957484283,4.4479578939322995,1.4049466604713534,0.0,0.007588324321125609,0.0522830095609194,0.3782214342357909,0.009852974036007626,0.08026459828290916
0.0,1.9866355177023547,0.03860818857612023,0.0,0.0,0.0,0.00030520590904161484,0.001762505933115114,0.022368156918472253,0.0,0.2302084204860798,0.0,0.41344426195366246,0.0031121287819424635,0.0004395944186068337,0.011677191999873552,0.09736280347869129,0.013094090721810241,0.03261169580912796,0.0,0.002528644571312801,0.06118184725172649,0.024220490740685517,0.01746195068732546,0.8479787442036578,0.7145078039739478,3.3660564268278312,0.0018389658027790098,0.009735353003825881,0.0004203507467154281,0.09737592748102224,0.001092351245039624,0.0,0.08424747638820435,0.0010900072522856909,0.1050605323625863,0.15205877941778403,0.134816718614868,0.0544364823603117,0.000979606765444484,0.0,0.017229201840958563,0.13176980572245864,0.0902367085282022,0.07298541644365074,0.07421958637886758,0.0021504748964929375,0.002495732105360014,0.06504053756077077,0.0,1.0417776086266297,0.03763132418917235,0.0,0.0002279964820657132,0.0,0.0014960036434245388,0.0003613126996359655,0.8603585541348222,0.0,0.13828841414625306,0.0010177690549911548,0.4720010229238955,0.0013060318439253452,0.0038479444680046705,0.1453258520378108,0.07168045033533708,0.010882152514522276,0.12345532165698214,0.00013231264150156906,0.0066608194730587555,1.913020135718443,0.021676731032803757,1.719400078651,1.2324125922161908,0.3232998229886511,6.809118991696474,0.03270370010641923,0.008033443032488997,0.007226436436350405,0.05276970467887852,0.007594816674949076,0.0,0.07390393157059634,0.0,0.02657556768867466
0.0,0.20442746666474731,0.9855931866605815,0.0,0.0,0.0,0.0,0.0,0.004534142282557739,0.0,0.00019776843407226923,0.0,0.0034774290914203255,0.0,0.0,0.0020215232835526587,0.3078191049304806,0.0,0.024426432867991836,0.0,0.004473103797815604,0.04070676067370208,0.2025441307878316,0.0036657478723095597,0.023423656831848483,0.7773683508138626,4.6569288903628285,0.00012639497682960217,0.00022482809928378909,0.0,0.0,0.0,0.0,0.12566202729384449,0.001065272655097308,0.2694409451749481,0.15325560418386236,0.30985420999723684,0.13551676664222212,0.00036700313124918586,0.00044859217620457756,0.0,2.047018418674248,0.7723293805059166,1.0533689700318567,0.8430427937129925,0.03238762800114861,0.0070317073054502474,0.0,0.030192814199308828,0.03763132418917235,16.53655962236667,0.00037311729576224565,0.0,0.004777994334428344,2.9782287026865553,0.2773621535499219,0.011592418492239938,0.053498011048510666,0.007962988224983343,0.0,0.004898078722425636,1.0618020443424585,0.0,0.037789558620942895,4.085552283226011,0.011800181452565672,0.5251725578105473,0.0,0.5617362846643211,0.021357171114485915,10.593456986529356,0.02046411743726152,0.00025445679670064476,6.5788752477604335,13.62684203095619,0.8496151887530674,0.04241849292591161,0.4913310466782085,0.0012785780911516666,0.0008152541263705287,0.0051074598443555585,0.2533303532067777,0.02194587271765678,0.3616710139613936
0.0,0.0,0.0,0.09527332085204374,0.0,0.0006363464101582587,0.0,0.0,0.36204880366618925,0.0027668526921518413,0.0,0.0844481127828319,0.0002747714957541619,0.0,0.002910806696472567,0.0,0.0,0.0,0.0,0.003920153330972715,0.0,0.0,0.0,0.2601413059835442,0.0,0.0,0.0,0.0004964977628671523,0.0,0.0,0.0,0.0,0.0,0.0,0.0,0.04952104714481101,0.0,0.0,0.0,0.008548306651847856,0.0,0.0,0.4017610324658885,0.00245426806724179,0.11087122896984138,0.021419175054689054,0.5731861000556328,0.01424895047698702,0.0007153824615324835,0.008642900871709987,0.0,0.00037311729576224565,16.96728908262885,0.061646444064716074,0.26602137248600777,0.10203380080856203,0.23788091854286636,0.9106672337926928,3.7095376405763436,0.001960244821632876,5.562603891813785,0.0011835985113073186,0.1758192244623501,0.2737625350517749,0.0,0.0,0.0,0.0,13.053516084328818,0.00021024941409545966,0.0018170306063178645,0.002222465570266441,1.9289955231880878,0.0,0.0,0.0002522102345094883,3.8522264454003405,0.09250827914723261,0.0009043982335722111,0.0,0.007351667586616993,0.001937807042471897,0.1255832458671682,0.0025534213337878677,0.0185098311351219
0.0,0.0,0.0,0.0,0.0,0.0,0.0,0.00021768993996159263,0.0033865618001898195,0.0,0.00027675849108190517,0.0,0.0023258584299965896,0.0005311082918262241,0.0,0.0,0.0,0.0,0.0,0.0,0.0,0.0,0.0,0.0,0.0,0.0,0.0,0.0,0.0,0.0,0.0,0.0,0.0,0.0005246718974275991,0.0017958528988156058,0.00024846641848827314,0.001186793446148524,0.0022958410738712475,0.0,0.0,0.0010468277004631354,0.0,0.06919105225768903,0.013610007681842031,0.015498286215961492,0.012705532665140247,3.481003797567104,0.3713873567980933,0.0027722377767058237,0.0,0.0002279964820657132,0.0,0.061646444064716074,0.5224570542265996,0.4070586466625284,0.006195445350796339,0.01269257225454737,0.09855505104578743,0.03960757763258568,0.006343975287580777,0.16501876404347135,0.007623184200658552,0.011995950447009797,1.763315586198193,0.0,0.0,0.0009947992680457642,0.0,0.025802009919583663,0.0,0.005258240014203551,0.0,0.19646506273386505,0.0003430618614041367,0.005123391820590939,0.0,0.055170099397795054,0.003415413643410784,0.001213178486242986,0.0009508979553193961,0.24505038067365176,0.0,0.13067962749587425,0.012753660635541278,0.007638912014840771
0.0,0.0,0.0,0.0010878730936600479,0.0,0.019140186441839842,0.0034316704341593087,0.0015174877745085717,0.1935111144988206,0.005390844240798748,0.0,0.12438062989328749,0.01247979328151708,0.0,0.0036035287181667526,0.0,0.0,0.0,0.0,0.006268875431753882,0.0,0.0,0.0,0.3064842616807954,0.0,0.0,0.0,0.0014608262413853762,0.0006835275868968407,0.0,0.0,0.0,0.0,0.004747296686637381,0.44567013779959386,0.05762519726197061,0.0005376779770756873,0.01252504368922548,0.008315605326393742,0.006799971112568817,0.000410602738596553,0.0007387780658725605,1.0772782536354157,0.05422178468016664,0.21788044870608353,0.09162713441347625,3.9636832829519477,0.10066453163629396,0.010337912888798859,0.01575975006236934,0.0,0.004777994334428344,0.26602137248600777,0.4070586466625284,26.84865487200004,1.1352443170312023,6.819935845402367,0.23619891260424006,7.514847602954728,0.026791375178695544,5.401617585255454,0.02759037765647207,0.8576264493889838,1.7641737964883646,0.0007956682533562984,0.0,0.008088951494371615,0.0028061986125502165,0.21605548446952708,0.0028482032953761355,0.0017663293582619402,0.014255859662926449,0.29369022884535584,0.0003512106478351091,0.003730217635946397,0.0014912391599168628,0.5353457109849044,0.23906471161157644,0.010759380438410399,0.000557035766846074,0.3678316047950976,0.0018087632498936003,0.22733161170843844,5.715877173687629,0.1848240784397234
0.0,0.0015408301173484916,0.0,0.0027564443984881585,0.0,0.015966454816910253,0.1414707703524195,0.005458592717468179,0.4904307611608903,0.0031229155150573487,0.0,0.10701122387616856,0.0338296655495178,0.0,0.010399065767649002,0.008088887356505477,0.0,0.0,0.0,0.003109126765395676,0.004250067167512825,0.018289856693459346,0.003441013932647421,1.2103807345510902,0.00021033412757661836,0.0,0.004711694300758088,0.1835143400626724,0.00444669362290743,0.015590491430818974,0.0,0.0,0.0038776245374299223,0.0013067615396196177,0.00039784582787781537,0.16396702782554676,0.0016065988906954743,0.002780029373445469,0.0,0.0654905581513543,0.0,0.0026366969150690305,3.822400985826204,0.34104291685733656,2.0527489403988244,0.5986183542898116,0.5695893310664959,0.10358419598033718,0.002660420134341098,2.965493453656678,0.0014960036434245388,2.9782287026865553,0.10203380080856203,0.006195445350796339,1.1352443170312023,69.42405305246216,6.980895223821293,0.4403120780227982,6.147669582872354,0.04642991008685483,0.09763903558186515,0.04752934088381279,15.131280242884747,0.03403831241756879,0.04517033750171218,1.5358466235298094,0.0,0.09441315086510238,0.024065903441986673,0.7653588806222044,0.04365739616816226,3.6726370228865877,1.9158496384049102,0.0,0.3775083385880801,1.5041632883611469,24.560951960172787,2.196343107746118,4.888116799737409,0.0,0.10855945027756181,0.09013676412219061,1.8564322274882359,0.09651958045646247,0.6324411467204102
0.0,0.0,0.0,0.00016327286506481926,0.0,0.0022037748934814606,0.010255747952250599,0.0,0.4845908679068035,0.0,0.0008384969491839519,0.055494622884450576,0.052594955094651695,0.0,0.0033625879888613025,0.0,0.0,0.0,0.0,0.002545987412675497,0.0,0.0015478841760853661,0.0,0.6121807401114437,0.0008394304541410418,0.0,0.0,0.0018287771343154758,0.0,0.0,0.0,0.0,0.0,0.017191436370234202,0.00031081000143805715,0.12357521935063553,0.0031219810608418275,0.0728194452982818,0.026469043974675262,0.031061663303925974,0.005893929222360441,0.0013637495961442256,1.9357992246317886,0.23384658424566723,0.5419839839937151,0.22619059893333282,1.5955174557826066,0.042303031018937266,0.055532801811624954,0.3764046834821483,0.0003613126996359655,0.2773621535499219,0.23788091854286636,0.01269257225454737,6.819935845402367,6.980895223821293,22.10411244267626,0.4373420825802249,8.056970166732157,0.1546623298076178,3.1251253440211357,0.08654166419395708,10.281348962248508,0.2613119225575585,0.003532939923356179,0.009646111814491279,0.07553890268188052,0.021744417195920313,0.27820152981569185,0.01982687754797616,0.01238551643664291,0.23470558766049684,0.8834519982545296,0.003061639500119639,0.061846878421881635,0.03135533554652634,1.7873109997134893,0.8322215880486935,0.32417941073550316,0.010551841663041255,0.21269158153920353,0.021266424766445465,0.43599565159734727,0.031544497559528754,0.1218704133569722
0.010353708792017607,0.014769925588312638,0.015284987692528453,0.30080476043516496,0.0013024295438698501,0.1368142307059852,0.33100900783766535,0.2625725399924739,3.6259674966242397,1.550651838549164,0.0,0.23617779564013805,0.03875516002991589,0.0999989631008392,0.02005616565224789,0.07919662940542181,0.010482886023701808,0.0,0.0,0.3035447777041471,0.07611150844851802,0.08781958751177298,0.09371139972599431,2.570988015373605,0.00491036923049002,0.0012966469849059086,0.044769588923571746,1.2164748699429588,0.12787278033113736,0.2891509467956238,0.0,0.0007238896309966473,0.018228653389628282,0.04119812107487445,0.046526677761761774,0.7648126869115761,0.02502359462566498,0.11081183710454298,0.039952648403183126,0.09294755392904887,0.019057702457189317,0.0008096757536956661,0.871471059911494,0.023871675737390973,0.2577332291998162,0.05502652325801251,0.43364764642832965,0.03257876119364285,0.0031907791681034317,0.04392994478525261,0.8603585541348222,0.011592418492239938,0.9106672337926928,0.09855505104578743,0.23619891260424006,0.4403120780227982,0.4373420825802249,4.35675447472062,2.1402756641367793,0.022624547964394795,0.7826341670612686,0.041553816493927004,0.4394779067569246,0.4702632549564316,0.025207368062025493,0.008231589552715104,0.0010102624604950228,0.0003800578239617526,0.36271897371681433,0.01093734020605111,3.0655173842970473,0.01838031664056791,11.294910674961372,0.24009669514962834,0.0012343407557468256,1.0416978169995885,2.0613726167290802,0.390862618485711,0.1648719582100373,0.0005477844698362302,0.052720843469061036,0.018916226910950636,0.27898027750890786,0.04433112880774086,0.321015101224137
0.0,0.0,0.0,0.001628217443607726,0.0,0.004277571695319774,0.00876189720382146,0.0,1.5627962066727974,0.002049159583293003,0.0,0.20931849400445873,0.0021261750004439124,0.0,0.007736756184855274,0.0,0.0,0.0,0.0,0.02441905339365976,0.0,0.00044049674162620556,0.0,1.080358140629778,0.0,0.0,0.0,0.005909407265466488,0.0,0.0,0.0,0.0,0.0,0.0,0.0840270295668092,0.2786255477628964,0.0,0.0,0.0,0.03832931147797909,0.0,0.0,2.5233580187205265,0.013522775206923446,1.252466967863312,0.16126953952264286,1.01454737679336,0.12369891016450449,0.005747935833097712,0.12989360577621276,0.0,0.053498011048510666,3.7095376405763436,0.03960757763258568,7.514847602954728,6.147669582872354,8.056970166732157,2.1402756641367793,75.12802302578434,0.04435489971089729,5.01742620405368,0.015662169884637523,3.8148233699311143,0.3022806797490656,0.002022000869895545,0.0012467762370763145,0.0,0.0,4.012264529545582,0.005643270204097136,0.004886025599597442,0.05264830994561507,1.3939276393546363,0.0,0.0,0.011366868196160104,7.27998108897675,1.2005898264283048,0.010695896920411271,0.0,0.09592354289116717,0.012749447996388538,1.6758411528476784,4.0477399166160515,0.2240445542238088
0.0,0.1055546924116624,0.0004332852615464823,0.0,0.0,0.0,0.0,0.004439169938058287,0.0011078223880986253,0.0,0.9081453743102404,0.0,1.1531931854266002,0.004544680534679294,0.0,0.002830013852291429,0.000693453322640132,0.10514019447542317,0.014712274500177803,0.0,0.000354077999281485,0.02269897332632356,0.004017231252302732,0.0,0.2941235903606306,0.661577983663376,0.12513671516844802,0.0,0.012888144191419273,0.0,0.3180726392494946,0.0030643727819196654,0.0,0.10045725880475961,0.0,0.00295658077652115,0.13677135398116433,0.06660666558875719,0.004668229643866659,0.0002947986748643202,0.0,0.0739763960109512,0.3385529551967791,0.6974171678307131,1.1965392478653794,0.2631324912957723,0.04766424011819227,0.010675905460533895,0.6113222924752086,0.01648285773907357,0.13828841414625306,0.007962988224983343,0.001960244821632876,0.006343975287580777,0.026791375178695544,0.04642991008685483,0.1546623298076178,0.022624547964394795,0.04435489971089729,23.483244128707938,0.03918185881221794,4.351989355987411,0.8690590545189514,0.0022836687207721178,0.010678974039928636,0.15263600893743864,6.516800996605796,1.2220892439174016,0.006363017342295612,0.06313091266883766,0.0549659150142845,0.11460228238429326,0.011155021653795272,0.2612749218547945,4.523678888328889,0.27729994094216975,0.028256854884058324,2.2701825921246708,0.11022523300549134,0.70083784486068,0.9222066470820582,0.011441259420074628,5.725452815812861,0.0016336183920639122,0.03238230062595003
0.0,0.0,0.0,0.06926579091510682,0.0035518125304219435,0.1256576375018327,0.028029341156335767,0.03299972669759891,0.46361050840193757,0.3761896823244813,0.0,0.48890289014733157,0.005774871385887927,0.00378746046771396,0.04673058196335364,0.0,0.0,0.0,0.0,0.1830204659937457,0.0,0.0,0.0,0.23913847882459657,0.0,0.0,0.0,0.04943402397861511,0.0010854124756199664,0.0,0.0,0.0,0.0,0.0,3.362059780658857,0.14216467055141618,0.0021435475932146163,0.001547056761024989,0.006671876908393104,0.016676052008956093,0.0,0.0,1.347230574583695,0.016207461761275497,0.33921748738675334,0.1083884802547896,1.5577041189816327,0.031257114784063435,0.007799818968114414,0.016462824735881166,0.0010177690549911548,0.0,5.562603891813785,0.16501876404347135,5.401617585255454,0.09763903558186515,3.1251253440211357,0.7826341670612686,5.01742620405368,0.03918185881221794,28.940648301099724,0.015276542623487849,1.779733476223687,0.8356918426307761,0.0005040834387738172,0.0005282930628915729,0.0008506880336332737,0.0,11.739621775525467,0.0,0.0008746644831315672,0.0007504202734009089,0.48107399003357926,0.0,0.000644200036337462,0.0017740850744323864,1.0355863235063694,0.6231657295339303,0.0024852793976376302,0.0,0.10322379725875536,0.0005237291253110157,0.4106109016399489,9.845949266828574,0.32499696407638706
0.0004125872133850917,0.256140769903344,0.005383839826016361,0.0,0.0008786068035810551,0.003575842379737718,0.004977985904157869,0.010236235953263173,0.010633026533258056,0.0,2.1428127384707714,0.0008696369451154425,3.4004608534723437,0.013520009058533405,0.003017848837299919,0.0671829571800005,0.0011025361606823096,0.23452866994388205,0.02343076767147054,0.00023974949667949,0.051026699744948924,0.09814855379901873,0.12448791516730263,0.029651678872550408,0.8160170555839079,1.7357038932108448,0.3582771645470783,0.027221579736670352,0.03267842670951051,0.031428757920292115,0.8374781578896029,0.007686153545391728,0.0007156004131335388,0.22118724698646,0.0020724169757681352,0.0629006883142787,0.2216575298009089,0.11381520131432234,0.01784561816068022,0.026650633506498645,0.0025673359051647353,0.1230116955347646,0.3017877048167704,0.37983806730919806,0.2835847117678657,0.29889302322185096,0.043612693670826555,0.05558392652277499,0.35449514704391444,0.002331362486921541,0.4720010229238955,0.004898078722425636,0.0011835985113073186,0.007623184200658552,0.02759037765647207,0.04752934088381279,0.08654166419395708,0.041553816493927004,0.015662169884637523,4.351989355987411,0.015276542623487849,14.319605611896948,0.22045026065142292,0.0030177391616988966,0.06470277770582769,0.004222930505841964,0.008204197844389036,0.01615469531683457,0.0017322191506563792,0.048209815970316046,0.22245936142529402,0.11450852904709535,0.07293374353951934,3.2653307135122733,0.05987726909273777,1.8462742849210314,0.09937269456749798,0.3373008768618308,0.06761821582768926,1.5685706315194374,0.45996975142165497,0.0005697832571813591,1.0709191208899838,0.03894660405574397,0.054941027894128594
0.0,0.0,0.0,0.0,0.00022226896751632362,0.001511177395712768,0.002644218512330463,0.0020875795251641357,0.2761312216238228,0.0,0.005747875328596571,0.013874694160550339,0.08055344337473318,0.0,0.002533227030029608,0.0,0.0,0.0,0.0,0.0,0.0013025212641782312,0.00869584077089553,0.0,0.13546016599511357,0.004098797867846149,0.0,0.0,0.0005564471953874399,0.0015608170635583135,0.0,0.0,0.0011747376690016884,0.0,0.024401211046498585,0.0,0.04159973855303137,0.006701729866465858,0.10600145636105607,0.032444391286744,0.011764142035853286,0.008176385831485826,0.0031019322115439073,2.5326275528891653,0.5195443115774554,1.247482741143719,0.48385909496311286,0.7703221587259473,0.058409254191299276,0.10127445649489328,3.83015247063084,0.0013060318439253452,1.0618020443424585,0.1758192244623501,0.011995950447009797,0.8576264493889838,15.131280242884747,10.281348962248508,0.4394779067569246,3.8148233699311143,0.8690590545189514,1.779733476223687,0.22045026065142292,26.55277802784837,0.08149074086915231,0.010946663249901123,0.19081638214931096,0.4299086817533775,0.1366243213507824,0.20594012654361693,0.11917861893024198,0.029524156350517014,0.767040962767526,0.7411299004897516,0.005078347644929469,0.4030897752707345,0.30354093070337784,1.6546380098677913,7.321216869752396,1.6987669268708268,0.06308389810999764,0.3565196162830104,0.10159129095106458,1.3399233943547442,0.032676701391741704,0.17322246939247948
0.0,0.0,0.0,0.000646455621199052,0.0,0.000842715762319183,0.003594133030644807,0.0,0.014216545799894542,0.0012587813450574122,0.0,0.005867570934297238,0.0023013456881217356,0.0,0.0,0.00027509358935051285,0.0,0.0,0.0,0.0011193453713643359,0.0,0.00109829838712149,0.0,0.013219480642758316,0.0,0.0,0.0009413074001819365,0.002818290860041596,0.0,0.0,0.0,0.0,0.0,0.0003393792222036486,0.05011615315908427,0.001179383094146396,0.0,0.0007252130738946902,0.0004968213004801704,0.0,0.0002617663441707167,0.0,0.06419991926540203,0.004863881013418351,0.016948112709667108,0.008516703115310142,3.20231603479942,0.044790872443296936,0.0005705026176102744,0.002100932378519284,0.0038479444680046705,0.0,0.2737625350517749,1.763315586198193,1.7641737964883646,0.03403831241756879,0.2613119225575585,0.4702632549564316,0.3022806797490656,0.0022836687207721178,0.8356918426307761,0.0030177391616988966,0.08149074086915231,2.295631730641777,0.0,0.0,0.0008893921259403322,0.0,0.11183499999864212,0.0002719199360091596,0.01225031953987765,0.0,0.885637875240775,0.0,0.0,0.002246626267976214,0.2771224349527168,0.01722403540329355,0.0019614259964393773,0.0,0.1128847780772761,0.0010569731027800853,0.024503044044186302,0.8125829173794573,0.0529393849799261
0.0008253471506334739,0.021032897464069274,0.07274864781714097,0.0,0.0,0.0,0.010111384105780786,0.0,0.08223438431398422,0.0,0.0007441977881679161,0.00023694947697207427,0.06819268014997426,0.0,0.0010673533825204184,3.107030367088898,0.002347685139838133,0.0,0.0,0.0,0.4887323993150048,0.8945728202382571,1.813956701538766,0.47959450178759505,0.006479032776401293,0.0007051760738487007,2.433788912469812,0.19343344564521575,0.017313138810723227,0.14206171749500407,0.0,0.0,0.004734856716687541,0.021859546082483024,0.0010849648044932633,0.27263495539814087,0.08680518816253724,0.08302197511654977,0.041476745600449415,0.026885439134950714,0.002212194304049542,0.004942335450814628,1.498419084513846,0.48441356901891575,0.4279513186929467,0.5047835537515896,0.06577234575325432,0.022529164120219967,0.0037453827772205048,0.0044283021439421606,0.1453258520378108,0.037789558620942895,0.0,0.0,0.0007956682533562984,0.04517033750171218,0.003532939923356179,0.025207368062025493,0.002022000869895545,0.010678974039928636,0.0005040834387738172,0.06470277770582769,0.010946663249901123,0.0,16.03012413480274,0.025765128342413176,0.0,0.0014688947137185494,0.0,4.800767583122553,5.607823386932735,4.359698703496075,4.157368918954154,0.02463274022383802,0.007058992399105301,3.4633100149296525,2.436854406995121,0.03711336694767358,0.25956324932783453,0.0,0.003718540153037875,0.0066204230112678775,0.29118433597396853,0.06642540925323388,0.8558621073322711
0.0,0.09114883521564057,0.08306354395040026,0.0,0.0,0.0,0.0,0.0,0.0,0.0,0.0,0.0,0.0024256167111326625,0.0,0.0,0.0,0.12378963185631525,0.00015425685008696097,0.0165469533271646,0.0,0.0,0.004192083491106612,0.0057119374102337665,0.0,0.020987627124060233,0.4464425940595317,0.8669955716071551,0.0,0.0002663601733019098,0.0,0.0005005470971203656,0.0,0.0,0.03626660558138452,0.0008691169247988914,0.02136088287049777,0.04360846161883975,0.07252901321608017,0.022875534071700288,0.0002431510937304883,0.0,0.0,0.7553312250130734,0.4147844067650896,1.34420048156909,0.5531025276852938,0.017679385650817243,0.004140540292907934,0.0,0.0649747891717749,0.07168045033533708,4.085552283226011,0.0,0.0,0.0,1.5358466235298094,0.009646111814491279,0.008231589552715104,0.0012467762370763145,0.15263600893743864,0.0005282930628915729,0.004222930505841964,0.19081638214931096,0.0,0.025765128342413176,8.158234351755814,0.21918101763476935,3.7984292204212857,0.0009528015716645279,0.7351295124619789,0.013220276241182912,9.538232387832469,0.02160686880385229,0.010361898736168556,2.5529886619856788,6.997847299429987,0.33491474778053165,0.17774304506655159,3.531409268320287,0.004641821891134237,0.0045202930817342755,0.018707921098163764,4.929992671168181,0.004871917601782373,0.11772403698004681
0.0,0.006899333567846843,0.0,0.0,0.0,0.0,0.0,0.0,0.0,0.0,0.03807511525216572,0.0,0.03533144937176322,0.0,0.0,0.0,0.00861622936000394,0.01716792165099753,0.01908133412306359,0.0,0.0,0.0,0.0,0.0,0.018306732673281687,0.35556749158728873,0.17846661713944706,0.0,0.0,0.0,0.027750978586031805,0.0,0.0,0.004426413434229766,0.00037318304881781754,0.0012324601941824044,0.015978798453810845,0.008076858513514466,0.0033929990869582954,0.0,0.0,0.0003548095494825567,0.8099463095644334,0.9594631055113778,1.7862089369207363,0.8780279402369903,0.03816150896642616,0.010847397556719743,0.013778218194806995,0.0008916301862805478,0.010882152514522276,0.011800181452565672,0.0,0.0009947992680457642,0.008088951494371615,0.0,0.07553890268188052,0.0010102624604950228,0.0,6.516800996605796,0.0008506880336332737,0.008204197844389036,0.4299086817533775,0.0008893921259403322,0.0,0.21918101763476935,3.590765912450618,3.0265757915502394,0.0,0.008588357557103866,0.002020896289627054,0.04592458902152684,0.0,0.018152675156741075,2.823404231144265,0.20142620547403084,0.0,0.6679866310899327,0.031914987843179934,0.05141723176753531,0.27917596863679883,0.0030534138441384944,1.6055535962832517,0.0030595048013567195,0.11375854625964271
0.0,0.08484512511605957,0.007500546436501811,0.0,0.0,0.0,0.0,0.0,0.0,0.0,0.0003044133616092471,0.0,0.007552126353742459,0.0,0.0,0.0,0.10503803518405595,0.0038396658331409602,0.02211292414154046,0.0,0.0,0.0007523160693411688,0.00020911220067277957,0.0,0.06502385971290102,0.8733222119958496,0.9403498556515287,0.0,0.0,0.0,0.002384351896206067,0.0,0.0,0.029653288480307897,0.0005414540190059431,0.0062535016539524285,0.07335945547847356,0.06481773528685639,0.016961991302212678,0.0,0.0,0.0,1.6448811271115875,0.8260625629983603,2.637704682383261,1.297960095742417,0.046199843998423654,0.009301933381801611,0.0007077158395679201,0.005734403939928863,0.12345532165698214,0.5251725578105473,0.0,0.0,0.0028061986125502165,0.09441315086510238,0.021744417195920313,0.0003800578239617526,0.0,1.2220892439174016,0.0,0.01615469531683457,0.1366243213507824,0.0,0.0014688947137185494,3.7984292204212857,3.0265757915502394,10.00634379755942,0.0,0.1329619626870917,0.006107257080424181,0.982356545838428,0.0,0.03823074650661826,4.502851130694166,3.5057920049499938,0.024763737965700843,0.3036649677361223,0.4877293253567967,0.028266182432322654,0.05059867902863987,0.016544716823198555,3.973664784684373,0.004508916099099818,0.17062260778383553
0.0,0.0,0.0,0.025678826443326076,0.0009342478914990089,0.004381600611130774,0.0012458439279962293,0.0029033135749358765,0.23190802296134727,0.01437418075722784,0.0,0.14111164470075058,0.002036576119054326,0.0,0.0034454822815976967,0.0,0.0,0.0,0.0,0.027883124539740886,0.0,0.0,0.0,0.21412672756500437,0.0,0.0,0.0,0.011870123960680663,0.0,0.0,0.0,0.0,0.0,0.0,0.0,0.0387736795668828,0.0,0.0,0.0,0.00581828595730462,0.0,0.0,0.2939599995268431,0.0016677015174613801,0.062400838344420534,0.012929014997677332,0.2760550527447191,0.009483344921914848,0.0007066968700179084,0.005356583236885263,0.00013231264150156906,0.0,13.053516084328818,0.025802009919583663,0.21605548446952708,0.024065903441986673,0.27820152981569185,0.36271897371681433,4.012264529545582,0.006363017342295612,11.739621775525467,0.0017322191506563792,0.20594012654361693,0.11183499999864212,0.0,0.0009528015716645279,0.0,0.0,5.871717611301128,0.0,0.0017121783681790952,0.0,0.92749600281216,0.0,0.0,0.0,0.7118793235678327,0.09830276814207704,0.0,0.0,0.01171981700310559,0.0006013769724790322,0.09923574958960422,0.0009461019573648232,0.008603630626100232
0.0,0.0027634351320745976,0.009892896657976652,0.0,0.0,0.0,0.0011489610336914095,0.0,0.05920110331246695,0.0,0.0003484251916036548,0.0016699466575394932,0.04723369021558854,0.0,0.0,0.49082423477883863,0.0,0.0,0.0,0.0,0.15443895144139075,0.15189645367174168,0.17336600800365465,0.22206180436779283,0.0013471936501663557,0.0016815057349347344,0.08246216236089618,0.09960447456024964,0.00793558739217556,0.03138439532875581,0.0,0.0,0.003964980012575455,0.008275722281281083,0.0021465858367323543,0.1133421315148406,0.012403476125622601,0.005920216294036468,0.002996178427964406,0.020451735085300588,0.0,0.0013683062179145,2.7436232466846504,0.8618110979816503,2.200070523836414,1.1787042097453038,0.16767101264439538,0.02130004721275246,0.002121628555948972,0.018785496203397787,0.0066608194730587555,0.5617362846643211,0.00021024941409545966,0.0,0.0028482032953761355,0.7653588806222044,0.01982687754797616,0.01093734020605111,0.005643270204097136,0.06313091266883766,0.0,0.048209815970316046,0.11917861893024198,0.0002719199360091596,4.800767583122553,0.7351295124619789,0.008588357557103866,0.1329619626870917,0.0,36.83987403968896,0.23409745963349562,16.724166056296664,1.3299256236611214,0.0,0.11809302767730318,1.291352294094319,13.470392063653119,0.14742264350916878,6.998226182945439,0.00019547077965094206,0.017078499320318182,0.02306141054240426,2.793779129099698,0.1635151471630092,2.173323745330636
0.0028675541408865928,0.13079360097877768,0.14436469246444442,0.0004508223572232302,0.0,0.0034046995567057537,0.022416170926804098,0.0013962064436055452,1.0401979964138635,0.0022200337626404987,0.07426934082804507,0.0020030982098413184,0.14662780831314415,0.0027098460552700764,0.003052493792163927,1.7544758823479794,0.02507287916853993,0.0026825944632073227,0.00021169806784096667,0.0011312366214705797,0.5262513448151692,3.1180488234044605,1.053540825257305,0.8827972569598521,0.06128979216241721,0.050206332706562586,3.5521396333173474,0.27940584116848516,0.02198706286921483,0.2016166153585765,0.005960578271614179,0.0,0.003139369440852056,0.04055908572763878,0.0034047668460571432,0.26857107998694496,0.11158227163396689,0.12827854344706213,0.06410346786038965,0.010416597002636054,0.002236950808917757,0.010501537723597031,0.23841402099350031,0.06967762006547554,0.05139362080002459,0.047030112875687355,0.022760076448151915,0.003062377785279343,0.03366772344645699,0.0064010530029380355,1.913020135718443,0.021357171114485915,0.0018170306063178645,0.005258240014203551,0.0017663293582619402,0.04365739616816226,0.01238551643664291,3.0655173842970473,0.004886025599597442,0.0549659150142845,0.0008746644831315672,0.22245936142529402,0.029524156350517014,0.01225031953987765,5.607823386932735,0.013220276241182912,0.002020896289627054,0.006107257080424181,0.0017121783681790952,0.23409745963349562,6.836721747163414,0.3104988136345877,8.399656751874518,0.5049494130017385,0.01567920529933895,3.077586339942362,0.5456037937810776,0.03752987999489905,0.15113459823139222,0.026588723450790885,0.0019714533333576264,0.004354330796064456,0.07866263928856924,0.018502571594841383,0.15723064143139664
0.0,0.04818947792205007,0.7522224980205579,0.0,0.0,0.0,0.0020805782448308245,0.0,0.031903724293327766,0.0,0.0009128039130020269,0.0,0.07433793401557105,0.0,0.0,1.3299682371831598,0.03482476270684462,0.0,0.0,0.0,0.19223513028892694,0.3016006051846311,1.4361603287909093,0.15208603252101302,0.002961673065603468,0.05494020577875625,3.487337625325199,0.06637543459220538,0.0019287169599851973,0.03013576608857491,0.0,0.0,0.0014502256623000324,0.029631856651933495,0.010557693199456689,0.28347487629707857,0.12631524898163976,0.1599478320847006,0.06885648559445548,0.020129626091108063,0.0009627211127385652,0.005999606223598647,8.019756819602298,2.5734878906188117,6.453238910099611,4.9305554293492895,0.3948458672226826,0.05117039695246809,0.0038507536475843834,0.04609859740500353,0.021676731032803757,10.593456986529356,0.002222465570266441,0.0,0.014255859662926449,3.6726370228865877,0.23470558766049684,0.01838031664056791,0.05264830994561507,0.11460228238429326,0.0007504202734009089,0.11450852904709535,0.767040962767526,0.0,4.359698703496075,9.538232387832469,0.04592458902152684,0.982356545838428,0.0,16.724166056296664,0.3104988136345877,45.544451563347025,0.8664834446200241,0.0027165713544078144,1.6151925442045336,15.717255723095727,5.307824552777012,0.18377315902133057,4.871034712809131,0.0002400214553151456,0.01893628523001653,0.01935379766624554,4.29921482006226,0.36905592084981415,5.8658927246516965
0.007350478445381477,0.021939812305852905,0.0038872484493523976,0.12164889270215265,0.0,0.10605387478637639,0.9051041407208088,0.12226376766936974,3.288814644450097,0.5795703544487865,0.0,0.35247332744474774,0.08323781822105147,0.0119872591051856,0.04719535670237397,0.5901792506804575,0.0,0.0,0.0,0.15884139191625155,0.2772851061664249,0.47906285771036367,0.17905183732202548,9.737933851893295,0.002122309340040489,0.0,0.11761857669407183,2.45910202338341,0.1794947817848115,0.4997979750993754,0.0,0.0,0.034113390898120974,0.049097581879670296,0.0017240900535549157,1.6455451969614392,0.06450911874250248,0.08104972617259917,0.02445014391498422,0.1751790273705571,0.0021956536334153966,0.002315773200989908,2.5243877284913245,0.19986563070260208,0.7787337466631912,0.23386709702139444,1.1237284084694705,0.06168879586983749,0.0027354050237264017,0.12880448875189032,1.719400078651,0.02046411743726152,1.9289955231880878,0.19646506273386505,0.29369022884535584,1.9158496384049102,0.8834519982545296,11.294910674961372,1.3939276393546363,0.011155021653795272,0.48107399003357926,0.07293374353951934,0.7411299004897516,0.885637875240775,4.157368918954154,0.02160686880385229,0.0,0.0,0.92749600281216,1.3299256236611214,8.399656751874518,0.8664834446200241,39.989630769428956,0.19561011238431344,0.0022247742981863676,2.61779350887691,11.455643802751007,0.9634931180700471,0.8749750121606329,0.0,0.044201395035199736,0.05825113020734674,0.8854777587466337,0.06279683782056891,0.4692230054029742
0.0,0.21775879054950542,0.0,0.0,0.0,0.0017095462162204918,0.0,0.004154682651018477,0.019451445025027436,0.0,0.4854080553024663,0.0,0.9688540474724132,0.008509213778537047,0.0003153536144840231,0.0012594141667031978,0.005681392579968514,0.08380964467318838,0.014859341794850336,0.0,0.00022897393603513405,0.08894915129944687,0.0003228808158281187,0.006965500541072582,1.8622300855852763,0.9743174550421624,0.6435030025391226,0.0,0.01680252222022023,0.0,0.5000514439095403,0.0024684883622985336,0.0,0.059914206564203695,0.0,0.006606116834333901,0.12889222194724523,0.06194979377420054,0.007275112215531681,0.0012046649939328052,0.0,0.03814953504479394,0.056808980875875124,0.1975877364878278,0.06987880618203418,0.046761270281164134,0.001631295783736587,0.002306246359031664,0.05415808273542561,0.000521767833885571,1.2324125922161908,0.00025445679670064476,0.0,0.0003430618614041367,0.0003512106478351091,0.0,0.003061639500119639,0.24009669514962834,0.0,0.2612749218547945,0.0,3.2653307135122733,0.005078347644929469,0.0,0.02463274022383802,0.010361898736168556,0.018152675156741075,0.03823074650661826,0.0,0.0,0.5049494130017385,0.0027165713544078144,0.19561011238431344,1.8569404296771868,0.25169988738263926,6.76614962452811,0.0028200368516241216,0.015035121693905681,0.0,0.46015480259329916,0.0207129469897398,0.0,0.09801531601319866,0.0009592279131111639,0.005218387010316299
0.0,0.48669538244130905,0.08952597053827151,0.0,0.0,0.0,0.0,0.0,0.0,0.0,0.41179399019291857,0.0,0.5456437243624553,0.0,0.0,0.0,0.5150164829097548,0.32864051624576024,0.30191676888476476,0.0,0.0005595672319031902,0.0061598667543944965,0.0030804318016056896,0.0,0.5896506671054367,8.238526268797647,8.469345125509834,0.0,0.002098042411987159,0.0,0.5610695552704269,0.0,0.0,0.19942776004156146,0.0019585761461910723,0.08267242194121391,0.6415087211745907,0.4312100904871907,0.13035926657665792,0.0,0.0,0.0014515041419262856,3.1027784207052145,3.006965812885604,2.382508063928938,1.6728678211826096,0.0630476923828743,0.010265056770001323,0.06794592729869625,0.009406122570178529,0.3232998229886511,6.5788752477604335,0.0,0.005123391820590939,0.003730217635946397,0.3775083385880801,0.061846878421881635,0.0012343407557468256,0.0,4.523678888328889,0.000644200036337462,0.05987726909273777,0.4030897752707345,0.0,0.007058992399105301,2.5529886619856788,2.823404231144265,4.502851130694166,0.0,0.11809302767730318,0.01567920529933895,1.6151925442045336,0.0022247742981863676,0.25169988738263926,58.909157800259855,12.18105702352407,0.08117265153429991,0.6913036974479567,0.35131891124654296,0.4770956267475798,0.3773514896421847,0.007796481341407396,1.1535369226058736,0.004810718849443188,0.24719518300283796
0.0,2.5714977921332034,3.291133589313652,0.0,0.0,0.0,0.0006787307063073611,0.0,0.03202068031030308,0.0,0.46880002346394195,0.0002920704098053424,0.9210568620108917,0.00019618432507341032,0.0,1.144063179219363,1.13467749637855,0.34678757916239394,0.24376378507325736,0.0,0.05865139962887753,0.9574325844468347,2.1053286761372196,0.07546979233866725,1.5605248742997027,10.45296741607557,39.35431354601492,0.0076727603577305846,0.005001592186676309,0.0012579954158657629,0.9837204080139934,0.0,0.000626521044119533,0.5558496360383596,0.003864054973273436,1.048106092417903,1.433319761391852,1.5166596908657026,0.5826779011875107,0.005686688881023553,0.0025665920167336105,0.009858173270343449,11.05308608515006,3.6970724103546853,6.290935036569178,5.126096894721744,0.179089818362579,0.03785831682847248,0.04827152903883939,0.09815049219058097,6.809118991696474,13.62684203095619,0.0002522102345094883,0.0,0.0014912391599168628,1.5041632883611469,0.03135533554652634,1.0416978169995885,0.011366868196160104,0.27729994094216975,0.0017740850744323864,1.8462742849210314,0.30354093070337784,0.002246626267976214,3.4633100149296525,6.997847299429987,0.20142620547403084,3.5057920049499938,0.0,1.291352294094319,3.077586339942362,15.717255723095727,2.61779350887691,6.76614962452811,12.18105702352407,65.24711821632252,1.2338244362878301,0.16666444924036128,1.762359615084053,1.1551025585578776,0.025398161203786435,0.013761300760146035,1.7328909796501644,0.08997797479421131,1.97724577874388
0.0012839486398120291,0.0013225476369105444,0.0026532502447807506,0.011431661757414092,0.0,0.021960826650857215,0.3728403225258069,0.019155231986920658,2.0742962990755833,0.007159214098856576,0.0002271597643538572,0.19269021041608397,0.1402620080730567,0.001898245719405255,0.029608393138247778,0.2877072989175455,0.0,0.0,0.0,0.005860881910348846,0.1579942336249939,0.220590080649836,0.07013835970982915,4.46215782259388,0.0012762712574895586,0.0002363040631764507,0.02774403773515946,1.0189650339290965,0.08081530647187429,0.17469196438222814,0.0,0.0,0.021673386398965284,0.023124431567495086,0.0005910997922837593,0.8704395078338764,0.03882283749657434,0.02330262823894861,0.0063347808911148025,0.21687202695338,0.0005435736991842777,0.005474456264172228,5.337603368408538,0.4484131707055246,2.2635282357885194,0.6868047402568018,1.253774710103246,0.1262649833145153,0.0009464907921135421,0.2984894957484283,0.03270370010641923,0.8496151887530674,3.8522264454003405,0.055170099397795054,0.5353457109849044,24.560951960172787,1.7873109997134893,2.0613726167290802,7.27998108897675,0.028256854884058324,1.0355863235063694,0.09937269456749798,1.6546380098677913,0.2771224349527168,2.436854406995121,0.33491474778053165,0.0,0.024763737965700843,0.7118793235678327,13.470392063653119,0.5456037937810776,5.307824552777012,11.455643802751007,0.0028200368516241216,0.08117265153429991,1.2338244362878301,64.80218214930149,2.0617292449262896,5.876829138321148,0.0,0.06920460368399757,0.19112801058069698,2.879203831956417,0.16551434814019889,1.3888127182801715
0.0,0.003160249543820398,0.0,0.0,0.00032870637495158265,0.00191350637310327,0.00682429478094505,0.0030339768735800224,0.25929968855027186,0.0,0.03359417225459711,0.007077881135756125,0.05284082445697223,0.001358938369086909,0.0,0.011144527872722427,0.0,0.0,0.0,0.0,0.00624637198350124,0.015816235907541668,0.001455486293709677,0.11194586107761823,0.020146221024978213,0.0010874578781769216,0.0005962585353376011,0.022910163224418172,0.0019880308304730094,0.0037870748089906554,0.0,0.0007797095782262392,0.0006941868766171402,0.01257077951033641,0.0013771680411171253,0.029567876065978826,0.010469612795063402,0.02981632382729515,0.009494407734893021,0.008582433796734549,0.0006524764811430277,0.00977390759741187,1.4138838809911038,0.22448023783606455,1.206368063207332,0.29800882822527686,0.24385614271792833,0.04574875271692677,0.07230145029745198,4.4479578939322995,0.008033443032488997,0.04241849292591161,0.09250827914723261,0.003415413643410784,0.23906471161157644,2.196343107746118,0.8322215880486935,0.390862618485711,1.2005898264283048,2.2701825921246708,0.6231657295339303,0.3373008768618308,7.321216869752396,0.01722403540329355,0.03711336694767358,0.17774304506655159,0.6679866310899327,0.3036649677361223,0.09830276814207704,0.14742264350916878,0.03752987999489905,0.18377315902133057,0.9634931180700471,0.015035121693905681,0.6913036974479567,0.16666444924036128,2.0617292449262896,33.78506893633003,3.3588929019093867,0.1453492652363268,0.26250224080628454,2.967221188896067,4.068850466735901,0.057466841519262256,0.38029294106695755
0.0016094260572063939,0.0024526469995287026,0.002286484212448844,0.0,0.0,0.00393250976942581,0.007517390417411704,0.0,0.1934500794161308,0.0,0.0,0.008143178003281196,0.061533960011149975,0.0,0.0,0.18767309440505384,0.0,0.0,0.0,0.0,0.10888034114350681,0.09556847890980116,0.055739008191598084,0.4232031662302854,0.0012150407420567905,0.0002533607393754708,0.011926745436918417,0.1916752978129388,0.01896520149260578,0.04874909751334865,0.0,0.0,0.003083682471332617,0.002312171876963937,0.0003430393177079757,0.1604633058361878,0.008589704036022574,0.0042153344179565524,0.0024624564066481184,0.04778655623247827,0.0,0.002847055790495337,2.641926539348119,0.5279681205244761,2.471191369584531,0.7065671854400215,0.20962150230195292,0.04816842141814782,0.0044478057802072,1.4049466604713534,0.007226436436350405,0.4913310466782085,0.0009043982335722111,0.001213178486242986,0.010759380438410399,4.888116799737409,0.32417941073550316,0.1648719582100373,0.010695896920411271,0.11022523300549134,0.0024852793976376302,0.06761821582768926,1.6987669268708268,0.0019614259964393773,0.25956324932783453,3.531409268320287,0.031914987843179934,0.4877293253567967,0.0,6.998226182945439,0.15113459823139222,4.871034712809131,0.8749750121606329,0.0,0.35131891124654296,1.762359615084053,5.876829138321148,3.3588929019093867,31.244301557238856,0.0,0.04119150725430514,0.3040887921344189,9.370255815206225,0.160028533700391,1.4214309426006835
0.0,0.0948004711798309,0.0,0.0,0.0,0.0,0.0,0.0,0.0,0.0,0.7648846732973777,0.0,0.8896962479017404,0.0,0.0,0.0,0.00992986287029243,0.3269135432136385,0.06996623531933215,0.0,0.0,0.007548224438430799,0.0,0.0,0.2165844607924213,2.32838741968688,0.703673869845903,0.0,0.0007958282698729221,0.0,0.6202311704392545,0.00023838850610312002,0.0,0.03792034549846244,0.0,0.0005304777157074776,0.16434628902222176,0.05082884144494822,0.0066211567238433165,0.0,0.0,0.009434873610388542,0.07405398515608486,0.48388332763754394,0.2620330869539428,0.08429021611526495,0.005559907715321858,0.0013059787057344773,0.13258340263123897,0.0,0.05276970467887852,0.0012785780911516666,0.0,0.0009508979553193961,0.000557035766846074,0.0,0.010551841663041255,0.0005477844698362302,0.0,0.70083784486068,0.0,1.5685706315194374,0.06308389810999764,0.0,0.0,0.004641821891134237,0.05141723176753531,0.028266182432322654,0.0,0.00019547077965094206,0.026588723450790885,0.0002400214553151456,0.0,0.46015480259329916,0.4770956267475798,1.1551025585578776,0.0,0.1453492652363268,0.0,0.9520456826277159,0.10413488651242114,0.0,0.14338672273576009,0.0003063260830676209,0.0033880176776692654
0.0,0.002502688616588031,0.0,0.0,0.000544891004707262,0.002129907320104905,0.0,0.007248299591150243,0.012375778168335317,0.0,0.035395502357509157,0.0,0.15327155164241069,0.0016714807118909441,0.0002346919402542465,0.0,0.0,0.0,0.0,0.0,0.0,0.0008505222718773023,0.0,0.0,0.025417341565991756,0.0007025462534091467,0.0,0.0,0.005059871381156852,0.0,0.000539056847498882,0.0030479525698579152,0.0,0.04762624889619913,0.0014713273431360004,0.013479941830108883,0.024759134939633585,0.13714078315206016,0.04119440272468056,0.001108136858828342,0.011842151441268671,0.010812624105768956,1.4538944210672362,0.5705925959360963,0.7723971294622315,0.45903668740083853,1.390629273820107,1.287745784229781,0.20499400827241604,0.007588324321125609,0.007594816674949076,0.0008152541263705287,0.007351667586616993,0.24505038067365176,0.3678316047950976,0.10855945027756181,0.21269158153920353,0.052720843469061036,0.09592354289116717,0.9222066470820582,0.10322379725875536,0.45996975142165497,0.3565196162830104,0.1128847780772761,0.003718540153037875,0.0045202930817342755,0.27917596863679883,0.05059867902863987,0.01171981700310559,0.017078499320318182,0.0019714533333576264,0.01893628523001653,0.044201395035199736,0.0207129469897398,0.3773514896421847,0.025398161203786435,0.06920460368399757,0.26250224080628454,0.04119150725430514,0.10413488651242114,1.867590340392354,0.003811716946116337,2.2962428171640137,0.05667881115842901,0.2191470328933568
0.0,0.0,0.0,0.0,0.0,0.0,0.00438096244500085,0.0,0.017120850425176314,0.0,0.0,0.0,0.0034858146819823172,0.0,0.0025573781795847892,0.005422796300189849,0.0,0.0,0.0,0.0,0.004205951684399866,0.0019068072747555893,0.003479026444810257,0.03000574942885893,0.0,0.0,0.0010716151884125602,0.009211947665991451,0.0,0.0047824475706895716,0.0,0.0,0.0006039930374429618,0.0,0.0,0.005926905237620899,0.000566408677844454,0.0,0.0,0.0,0.0,0.0,0.06400310771678282,0.009146754034646695,0.0645876525219777,0.012719520473107922,0.007373018426038925,0.0030379884200262895,0.0,0.0522830095609194,0.0,0.0051074598443555585,0.001937807042471897,0.0,0.0018087632498936003,0.09013676412219061,0.021266424766445465,0.018916226910950636,0.012749447996388538,0.011441259420074628,0.0005237291253110157,0.0005697832571813591,0.10159129095106458,0.0010569731027800853,0.0066204230112678775,0.018707921098163764,0.0030534138441384944,0.016544716823198555,0.0006013769724790322,0.02306141054240426,0.004354330796064456,0.01935379766624554,0.05825113020734674,0.0,0.007796481341407396,0.013761300760146035,0.19112801058069698,2.967221188896067,0.3040887921344189,0.0,0.003811716946116337,1.8288178342514112,0.5839008414491356,0.005079778222506813,0.04482546360633431
0.0,0.02669163337963064,0.010586462787833857,0.0,0.0007912137685885151,0.008187328765627814,0.04360758367288005,0.01339101381411995,0.29048790937104924,0.0,0.10613563395618052,0.00785263869824074,0.11384190331236431,0.011164846299448163,0.0028986657152439707,0.11468431837341074,0.007252759149040625,0.0044601778326989585,0.0005358157537116974,0.0,0.10365403801587178,0.023987079933336743,0.1493768066068955,0.33589850025880974,0.08254401698156444,0.041967843153017735,0.12103401724299136,0.13003832499568482,0.025484087390727665,0.08845270248589289,0.006422616231454664,0.007727461714485019,0.0021518135019716056,0.04479035083519553,0.04459048216801655,0.18659856419948748,0.06540413113456088,0.060038826290950364,0.03852997463758305,0.07594990031799168,0.0019038489076687946,0.026981181899710167,2.529351146370474,1.4093145558985058,2.540759153555997,3.0902953405971516,0.3001076341392807,0.3656654117248082,0.3226288657487328,0.3782214342357909,0.07390393157059634,0.2533303532067777,0.1255832458671682,0.13067962749587425,0.22733161170843844,1.8564322274882359,0.43599565159734727,0.27898027750890786,1.6758411528476784,5.725452815812861,0.4106109016399489,1.0709191208899838,1.3399233943547442,0.024503044044186302,0.29118433597396853,4.929992671168181,1.6055535962832517,3.973664784684373,0.09923574958960422,2.793779129099698,0.07866263928856924,4.29921482006226,0.8854777587466337,0.09801531601319866,1.1535369226058736,1.7328909796501644,2.879203831956417,4.068850466735901,9.370255815206225,0.14338672273576009,2.2962428171640137,0.5839008414491356,11.914761490984588,0.40707646746591714,0.5929993175572854
0.0,0.0,0.012922335637536687,0.0,0.0021128085897598077,0.9061469721691867,0.0007058077191887779,0.030528366633297468,0.16747223892910562,0.2601491034211997,0.0006886568200909728,1.7705139396485166,0.05051842316284449,0.0011176743122809764,0.3226365883894177,0.0039350817042668965,0.0036131932442748627,0.0011808361148254506,0.000705522634603863,0.0,0.01294444428392567,0.0030330091033445635,0.03699962927369349,0.0006286354917655594,0.0,0.004318621747650663,0.011756558247714452,0.0010612646359456858,0.004479586803125257,0.004699886953698934,0.0,0.0022092319330614756,0.000289813947176317,0.0051675714196664545,86.37607291080944,0.5633195469168336,0.3436230932311709,0.07535635223892627,0.7293559974290432,0.04837835435966422,0.020309597458234355,0.0,4.1283159924089015,0.8040636972781475,0.5263986928350477,1.472758393142165,0.3422283342392864,0.18642315469647452,0.0033999191884063027,0.009852974036007626,0.0,0.02194587271765678,0.0025534213337878677,0.012753660635541278,5.715877173687629,0.09651958045646247,0.031544497559528754,0.04433112880774086,4.0477399166160515,0.0016336183920639122,9.845949266828574,0.03894660405574397,0.032676701391741704,0.8125829173794573,0.06642540925323388,0.004871917601782373,0.0030595048013567195,0.004508916099099818,0.0009461019573648232,0.1635151471630092,0.018502571594841383,0.36905592084981415,0.06279683782056891,0.0009592279131111639,0.004810718849443188,0.08997797479421131,0.16551434814019889,0.057466841519262256,0.160028533700391,0.0003063260830676209,0.05667881115842901,0.005079778222506813,0.40707646746591714,289.54434429917944,33.205206495002024
0.021261989140089154,0.017596566788684626,1.407980381559841,0.024849206958154464,0.008043220219073858,0.22802891341573403,0.6576470135000044,0.23554758600649842,0.44766172891323674,0.2505738404659037,0.05896497968855326,0.12656674047755867,0.23051991030442734,0.20099638143020992,0.055720621683969386,0.47188571878151303,0.12461088948492055,0.04409563104625555,0.16606103055381663,0.005572993802011356,3.1357231593181973,0.0734092375929353,7.764478575226893,0.6869442181904902,0.002949692443034201,0.5102132372542239,2.9836419806950243,0.8349490821183133,0.4090808841918239,2.0266334908031163,0.0008120932176931316,0.09435431792516384,0.04623677457389893,0.37158096017985115,24.538888772453756,2.4788251147469578,6.498379049778539,1.2819961940271418,4.817983469801697,0.13806167359652713,0.13566874574546797,0.0078634798587167,2.2624699192529367,5.44209713776677,1.6149355765969349,10.795847939251543,0.23925824181765748,0.19052543756099072,0.0026526616299204914,0.08026459828290916,0.02657556768867466,0.3616710139613936,0.0185098311351219,0.007638912014840771,0.1848240784397234,0.6324411467204102,0.1218704133569722,0.321015101224137,0.2240445542238088,0.03238230062595003,0.32499696407638706,0.054941027894128594,0.17322246939247948,0.0529393849799261,0.8558621073322711,0.11772403698004681,0.11375854625964271,0.17062260778383553,0.008603630626100232,2.173323745330636,0.15723064143139664,5.8658927246516965,0.4692230054029742,0.005218387010316299,0.24719518300283796,1.97724577874388,1.3888127182801715,0.38029294106695755,1.4214309426006835,0.0033880176776692654,0.2191470328933568,0.04482546360633431,0.5929993175572854,33.205206495002024,3.4871583100722954
