5.2496795944606305,0.0,0.1115380903249462,0.0020034456044207335,0.0,0.034013461780021514,2.3518564620294526,0.5678073702365092,0.0021707746914908133,0.035040141190962555,0.004403169140902971,0.005796562181235786,0.0032520566179108376,9.53613190236245,0.0012591324519727666,0.00045533455635367683,0.08301241849907802,0.0012923479323870078,0.0013079641778082948,0.002873754238098896,0.03770736518899128,0.0,0.5184422365930526,0.002036376275802401,0.0,0.011950302874992621,0.01208323510542233,0.06560760696748744,2.619477585670896,2.8893272291873244,0.0,0.011547283919702878,0.021497965039381204,0.0816922125461888,0.0,0.027619344702782975,0.0007005995770909403,0.06769521023160671,0.011006966881264617,0.014085708414530503,0.0003409518805553496,0.0,0.0,0.0,0.0,0.0,0.0,0.0,0.0,0.0,0.0,0.0,0.0,0.0,0.0,0.0,0.0,0.0023147544991067607,0.0,0.0,0.0,0.0,0.0,0.0,0.0,0.0,0.0,0.0,0.0,0.0,0.0,0.0,0.0,0.0,0.0,0.0,0.0,0.0,0.0,0.0,0.0,0.0,0.0,0.0,0.00413943002596306
0.0,3.077255395524921,0.006471507861948023,0.0013401419296142263,0.0,0.0,0.0,0.0,0.42395091314132954,0.0,0.051735287546979154,0.0003890820178079677,0.6244842995598464,0.0008010360230810025,0.007755451614776486,0.33992796847294066,0.06852220515773502,0.02426760201510404,0.044280470427594795,0.00026491296760836996,0.025570681842131293,2.848895648467542,0.01648032219803354,1.1462239420775682,2.6433384638614736,0.3431984442928174,10.535285703166496,0.016561889234623737,0.009684148284777818,0.0,0.22977385510923376,0.0025268616404406103,0.0,0.06339608565403339,0.0011558063622687448,0.23962852653661362,0.3418130395967431,0.1958975149423379,0.11505123806037769,0.00705695754387626,0.00018109760626478877,0.014223406835233687,0.01370149710534267,0.04093153649595839,0.028577319497381962,0.009786598542701723,0.0007618946448660709,0.0,0.002753144011707975,0.0,2.0836746609043604,0.020145230059215976,0.0,0.0,0.0,0.0,0.0,0.010212182631341096,0.0,0.03374796476275314,0.0,0.13472580653346317,0.0,0.0,0.02447050513102256,0.0063877893617210225,0.004341162165440032,0.005855534273833725,0.0,0.0004961499169725274,0.10622690282478917,0.0053998245641628745,0.025886420529393786,0.831640813061685,0.10826707096683251,1.4403332112606217,0.0013586936713699395,0.0,0.0,0.03319275882922961,0.0,0.0,0.008471810001412363,0.0012431286999991427,0.019936692655621854
0.1115380903249462,0.006471507861948023,14.793660596979723,0.0021716458638394117,0.0,0.06743882380478823,1.2160061304670176,0.7526029022586911,0.0006283634092692543,0.10065980019390322,0.031143907015885704,0.0,0.04624116237988313,1.2238044272935749,0.0,0.03106594247681755,1.7461613600978134,0.04649048337726991,0.25311064721471127,0.0,2.2843826445510818,0.00328509022133738,12.750820248625654,0.09141069442569226,0.0,8.788451091792364,14.67843247176816,1.2107877965301979,0.09424759939676491,1.4572909236644178,0.0003025661969325655,0.0,0.008261610505324235,0.45909593210970023,0.011046122252268349,1.3594584141834978,0.30766683318314425,0.8990000220119292,0.5390095324516153,0.03627777167783293,0.009486810615345492,0.0,0.04579868253556597,0.014203051192459749,0.10436334231279706,0.06065385197212975,0.0,0.0018479942643006007,0.0006456388004199877,0.0,0.06682979602946451,0.4422801567839015,0.0,0.0,0.0,0.0,0.0,0.0009828707431529704,0.0,0.0017502610078489016,0.0,0.0013182302500304602,0.0,0.0,0.020531496056427925,0.0986412211324673,0.00021038184567947747,0.017454588738284444,0.0,0.0,0.005969844159542185,0.0696911217106282,0.0,0.0,0.1351905122084519,1.213327542232666,0.0,0.0,0.0,0.0,0.0,0.0,0.006297382861635312,0.0015012027368973596,0.2050082615700892
0.0020034456044207335,0.0013401419296142263,0.0021716458638394117,7.961780209562652,0.001418423817827382,0.12476203285100541,0.026133901274684783,0.07123869743817554,3.06464608699266,3.2210464123901503,0.0,4.9428009893756935,0.0030496765329297306,0.05581643595368549,0.2114332724158608,0.0004591424166137847,0.0,0.0,0.0,4.170274086978251,0.0016506665537955308,0.019118475354042194,0.0029399103584458624,3.110040793075858,0.0,0.0,0.00254641101905269,2.5033444321190483,0.06774480835026853,0.0012457946187988931,0.0,0.003134034232409077,0.004834088847060979,0.04214641385024227,0.0028198097053250284,0.769945048956945,0.0029535492981240833,0.053269658143823825,0.011320840517695661,0.21694037634455635,0.002453679864605779,0.0,0.2059454368494884,0.0,0.0,0.0,0.08768709683935637,0.0,0.0,0.0,0.0,0.0,0.0034354235965460157,0.0,0.006322967632453007,0.0022120186400388445,0.0,0.506561281645231,0.0,0.0,0.1441805569112462,0.0005531256718086326,0.0,0.007254808167155457,0.0005993943564036541,0.0,0.0,0.0,0.0,0.0,0.0,0.0,1.383735444910963,0.0,0.0,0.0,0.018786734142262743,0.0,0.0,0.0,0.0,0.0,0.0,0.0,0.036860332400054076
0.0,0.0,0.0,0.001418423817827382,1.0150777477080637,0.5322625295681281,0.003707223712279879,0.013761812520566932,0.017028750426518705,0.009547857906316293,0.000898626161373086,0.051834505766577776,0.011810325441318163,0.005114228160513546,1.7168301483997321,0.0,0.0,0.0,0.0,0.0032197011572680525,0.0010357380081219558,0.00585254278285223,0.0009478744796126527,0.0062001025987276515,0.000496501009750489,0.0,0.0,0.003865136214984522,0.02801827738339873,0.0013339767492772858,0.000734675960496629,0.8004172105411793,0.0007905625017504649,0.008319409723231336,0.0077562084184769585,0.10372556193566539,0.0010547015301738648,0.0038398335808370702,0.0037636923642066873,2.316336480663274,0.4047078968080963,0.0,0.0016261909740329084,0.0,0.0004993846705077525,0.0009244662013247325,0.0007556720714175138,0.0,0.0,0.0,0.0,0.0,0.0,0.0,0.0,0.0,0.0,0.0,0.0,0.0014237799457533266,0.0003439347999203933,0.0003244086726569273,0.0,0.0,0.0,0.0,0.0,0.0,0.0,0.0,0.0,0.0,0.0,0.0,0.0,0.0,0.0,0.0,0.0,0.0,0.001817150100058608,0.0,0.0005929773063624244,0.0013019603981268425,0.005777218944866529
0.034013461780021514,0.0,0.06743882380478823,0.12476203285100541,0.5322625295681281,29.86846876330227,1.2457940975215824,13.952501517468505,0.33501401043473167,10.918096731521905,0.09543087732449686,2.5008395809841,0.08728030521435928,2.0549977637167727,1.9436870958494143,0.0,0.0027032364591730515,0.01039938542067465,0.0016637084431267437,0.0626140615337071,0.014559437567391215,0.0007166845710900413,0.09270978258424209,0.10591047711689783,0.012165270898314056,0.008145213610013944,0.00169186817806259,1.1457964249375807,0.9105688101480651,0.3447771438869267,0.0006685971726829853,1.4976068726121994,0.023837439283308986,0.5237932030097825,5.106628014653592,1.8557851865828345,0.019015547796753976,0.39252371889968246,0.10597387474036053,2.440073400452186,0.05608439458209811,0.0032335912761537575,0.013765653286003075,0.003784184402093215,0.01032959166981374,0.020511037100598366,0.0007901473149178029,0.0010374788809174508,0.0013695714166686481,0.0,0.0,0.0,0.0,0.0,0.0,0.0,0.0,0.08760453997800943,0.0,0.011051958323200531,0.005261056352623306,0.0008356940404103852,0.0,0.0,0.0,0.0,0.0,0.0,0.0,0.0,0.0,0.0,0.024781103706160965,0.0003365862406155211,0.0,0.0,0.0,0.0,0.0,0.0,0.0,0.0,0.0012140466243891173,0.29732745584281906,0.18606928875799056
2.3518564620294526,0.0,1.2160061304670176,0.026133901274684783,0.003707223712279879,1.2457940975215824,44.85467662947356,3.091178426111069,0.2654213032677249,8.242450212461465,0.0016348036227014566,0.01714950546199924,0.0387943952954916,11.28061621429723,0.03156250793463129,0.025186315583628625,0.04172008778868847,0.0,0.00372034593110094,0.004691191473390955,0.4074151649434193,0.011367405303347079,0.9896914089903314,0.30217447804010006,0.0,0.032878041264425784,0.24230403712020962,14.858174602227969,1.5596271057730293,7.702813068233414,0.0,0.013069122966755333,0.1743120620578029,0.6908574766717669,0.04636184172110074,2.744201454594006,0.11854711834739541,1.5373954513231356,0.3191216644473249,0.33306647538002415,0.03794320281845387,0.0004284434680308271,0.008706492827646867,0.0,0.0,0.0,0.016642126794995653,0.0,0.0,0.0,0.0,0.0,0.0,0.0,0.001591709657161364,0.0,0.0,0.16753243621558409,0.0,0.0,0.007547041987589668,0.0,0.0,0.0,0.0018025034805487442,0.0,0.0,0.0,0.0,0.0,0.0,0.0,0.15337092103409264,0.0,0.0,0.0,0.0013267759202618122,0.0,0.0,0.0,0.0,0.0,0.0,0.0,0.3507833031618256
0.5678073702365092,0.0,0.7526029022586911,0.07123869743817554,0.013761812520566932,13.952501517468505,3.091178426111069,24.379486212496545,0.12051248027385875,4.30645644380888,0.08941537556289174,0.9623571024862768,0.07212524907240873,11.206486735465186,0.21245700058888545,0.0,0.06983886226049911,0.011095933531455342,0.0021383581465322567,0.1471875192088694,0.12747146285322342,0.0,1.286300852847216,0.062447041061563166,0.003936406279114516,0.005262760884291942,0.02454739937613823,0.7909824301178608,1.039734588021601,3.1076890206471486,0.00027053524837064255,1.5129887768911705,0.03242963830375257,0.42501798466068286,0.019850404665824214,0.9693882473551465,0.029555454908296603,0.599778959624183,0.12087523318850975,1.119840610227354,0.01187335503451007,0.0029399299961237703,0.0048417986670313395,0.005832352015617907,0.020575509428511937,0.017326048411115336,0.0018614708194727217,0.0,0.0023391842929987505,0.0,0.0,0.0,0.0,0.0,0.0,0.0,0.0,0.03573716764314835,0.0,0.007228565152259524,0.0,0.0,0.0,0.0,0.0,0.0,0.0,0.0,0.0,0.0,0.0,0.0,0.007826284701670563,0.0,0.0,0.0,0.0,0.0,0.0,0.0,0.0,0.0,0.001929071462055047,0.0008708888022147308,0.08253760730884697
0.0021707746914908133,0.42395091314132954,0.0006283634092692543,3.06464608699266,0.017028750426518705,0.33501401043473167,0.2654213032677249,0.12051248027385875,3.535310491442976,2.603778865660242,0.002139795957608476,1.0855775220392554,0.11510328079077417,0.15489238362284072,0.6321443866943932,0.008653521528088607,0.0003448113142298671,0.0,0.0,0.6771919455142681,0.0021381336029516838,2.7557229064459445,0.006122938980731535,8.926241110879893,0.4202898989198609,0.009432682803565946,0.49356329599496074,3.8479322675496577,0.27263010374900254,0.008471023937989828,0.0029113287023963654,0.025681075323687373,0.03746720564717097,0.1353499603062244,0.06714561232625331,1.6339389351447853,0.0443443817589062,0.1390166472807014,0.031156858305432206,0.3214880577165524,0.014658996169898755,0.0008876745303988624,1.1963226944504688,0.025501479975426948,0.20418785832823783,0.03128690489797703,0.1817295544633549,0.03773331777947852,0.001549396658663116,0.005868024289253949,0.09266653163447977,0.0016977707187019909,0.8067276411680963,0.008806976187740161,0.26824404857340806,0.2358572928940414,0.07209994081257026,2.4955183885736396,1.5901930742425958,0.05307912863246567,0.17908065859218772,0.013011263372845664,0.10143937034851412,0.02760456144342552,0.27199736514220607,0.004131916588792838,0.0,0.0,0.1266149164083137,0.047283359703035266,0.18769407949617478,0.032443354225842096,2.6634942754651325,0.01465130024455418,0.0,0.05880321061290827,1.9487463201366504,0.16700802451721994,0.09080734722798085,0.0,0.0010117011456807687,0.019164569220129882,0.10278663202060204,0.016808897315502933,0.2746170111790253
0.035040141190962555,0.0,0.10065980019390322,3.2210464123901503,0.009547857906316293,10.918096731521905,8.242450212461465,4.30645644380888,2.603778865660242,59.66907572668508,0.0020758711798946187,6.1989276119096255,0.025673701091976708,2.948243435909172,0.28937737275649944,0.002124906229131189,0.0017347685727349365,0.0,0.0,3.7060446900821646,0.03474469916909024,0.004380009180833332,0.08023536347589953,0.38239163079262123,0.0,0.0008768814068141051,0.008982469183170019,9.792566016552236,1.6133576541566252,0.1476013558282247,0.0,0.01068096752866465,0.028519045217226383,1.83293437599335,0.20674923757449323,5.179676707977832,0.01688942469756085,0.9767927234835901,0.18683297154909384,1.449691775159078,0.06236774939451974,0.0,0.5319008908434686,0.0,0.0,0.0,0.0836205314001348,0.0,0.0,0.0,0.0,0.0,0.0,0.0,0.0,0.0,0.0,0.6684360795643851,0.0,0.0,0.027763306500355883,0.0,0.0,0.0024790756599055237,0.0,0.0,0.0,0.0,0.0,0.0,0.0,0.0,0.10191593457918455,0.0,0.0,0.0,0.0,0.0,0.0,0.0,0.0,0.0,0.0,0.002982506511617199,0.2738016647392554
0.004403169140902971,0.051735287546979154,0.031143907015885704,0.0,0.000898626161373086,0.09543087732449686,0.0016348036227014566,0.08941537556289174,0.002139795957608476,0.0020758711798946187,19.347551931217616,0.03093166855364198,3.219715593500355,0.4897760604237358,0.024971686433744464,0.00443176337151082,0.19884036220468862,5.7039524874131295,0.5753529772365851,0.047285118781922625,0.04613643935131297,0.03118281504780853,0.12765552809674355,0.01348936912594433,0.3219736384642839,2.7958639887738004,0.384450089780803,0.007520336471012065,2.3783434918081796,0.018622655139819963,0.41880376054855983,0.44058655835159233,0.0161518512831508,7.76497182065161,0.009821099523775296,0.5768937021707794,0.7181823229944837,3.287199848727395,0.6593099088095437,0.1475970233741313,0.00853074000741307,0.11696476759225471,0.010722759816664422,0.05801351846814044,0.00694928432883507,0.007074381506635733,0.001466414267343667,0.0,0.002777368848246872,0.0,0.050774165281619654,0.0,0.0,0.0,0.0,0.0,0.0,0.0,0.0,0.15323246806690066,0.0,0.5575070705525852,0.0,0.0,0.0,0.0,0.002268766622823274,0.0,0.0,0.0,0.000584407196166554,0.0,0.0,0.15200150898636122,0.0699207273368029,0.20682186460492077,0.00023669827009387674,0.0,0.0,0.36133049667736783,0.0008030113276122103,0.0,0.005252612414173663,0.0021912669358699686,0.0752781084589787
0.005796562181235786,0.0003890820178079677,0.0,4.9428009893756935,0.051834505766577776,2.5008395809841,0.01714950546199924,0.9623571024862768,1.0855775220392554,6.1989276119096255,0.03093166855364198,25.27575061403221,0.02652621487263472,0.9828057913237175,1.11591363066289,0.0,0.0,0.0,0.0,8.379033980857354,0.0,0.006106439252281064,0.0,0.6897570062781501,0.002011788283297534,0.0,0.0007142496883471816,0.4837495435902985,0.6532079711475528,0.0015276081449361446,0.0,0.07467950783797209,0.0005485790179651066,0.6145365652909396,4.027620015282565,1.8047588514420017,0.004952417454053838,0.10338897482900478,0.04287799308500366,0.9484556983333311,0.011328708284677658,0.0009644641890238294,0.19484977357919814,0.00030340965978390826,0.0017040038307772761,0.00703527593574641,0.06084708028219521,0.0008031239194068805,0.0008206932528429467,0.0,0.0,0.0,0.03540012003577105,0.0,0.015396843605186257,0.00655022622969751,0.0012611664922126328,0.06600067666989048,0.01790319091699712,0.0013818249873459362,0.1660489236505698,0.0,0.00019102871503534621,0.007173651465388247,0.00043220055873700945,0.0,0.0,0.0,0.0036056893912687718,0.0,0.0,0.0,0.29916615351025777,0.0,0.0,0.0,0.05857749456117247,0.0013512847788021477,0.00024938185243359964,0.0,0.0,0.0,0.0015815978882488917,0.47092181928811183,0.10686951082884683
0.0032520566179108376,0.6244842995598464,0.04624116237988313,0.0030496765329297306,0.011810325441318163,0.08728030521435928,0.0387943952954916,0.07212524907240873,0.11510328079077417,0.025673701091976708,3.219715593500355,0.02652621487263472,7.899141532291501,0.21457271769339792,0.013365400326852015,0.11869952611574677,0.007826175002352253,0.0620321619954592,0.03522095713738043,0.021596992854472537,0.24537121816742138,0.5720022100585628,0.31654816229571126,0.22053757994295764,4.460503178194234,0.2559086210255455,2.257809540126267,0.2622411301308934,1.0775362206822803,0.08241215340147307,1.179979260673033,0.7418222886779989,0.023285650374086156,1.9950972607562671,0.5071522918064222,1.5789673732229899,1.0156615919416732,1.5049533455710966,1.2109730256036397,0.20428372115202015,0.16334845640056672,0.49008031143769293,0.635857216585031,0.25655634841583264,0.24501174381448051,0.14244219748677178,0.1650456487083889,0.009684982572623803,0.05272570808597434,0.0,0.25867785975165086,0.0006680382890769872,0.0009872818272684356,0.004123524336677066,0.029327211357928942,0.00420544140952245,0.05050785666474613,0.015290623400195635,0.0008370021756825535,0.7410701657697182,0.0439769685265972,2.988306779139616,0.01505933772133019,0.004840796260115828,0.02853105208504374,0.0,0.01412326816773199,0.0,0.0013210506600758493,0.017684322649473182,0.0076988451221960295,0.013737857156983847,0.09247918754711638,1.308580927934923,0.17672019468745187,1.1079711696922665,0.2221189020256474,0.044309061438319045,0.05552866940157861,1.3585079555207225,0.1190307279899004,0.0024050330910375655,0.05716925264651843,0.10482154822434775,0.49690826201357685
9.53613190236245,0.0008010360230810025,1.2238044272935749,0.05581643595368549,0.005114228160513546,2.0549977637167727,11.28061621429723,11.206486735465186,0.15489238362284072,2.948243435909172,0.4897760604237358,0.9828057913237175,0.21457271769339792,25.551280770538103,0.16591974746949337,0.0009099075520262469,0.28081731365313656,0.07621529402790812,0.008306464373753838,0.24491628782974245,0.3347658509705971,0.003405765902739331,2.6514223805923245,0.12222821101356734,0.031933141991500075,0.06836292096559977,0.04631762731401205,1.1881645765933724,8.987654626845698,7.437430330526478,0.008273927864857701,0.6994466344204261,0.09786734041629945,0.995014490209868,0.01616986628615649,1.3359259228297904,0.04644123644261509,0.8111517192966584,0.18042976160474206,0.9470471986825308,0.01662455928406448,0.004325522611618132,0.017558206063265726,0.013105078602297385,0.051937923482644435,0.03362732562390891,0.002175396067245861,0.0010964693865004199,0.007017135393106825,0.0,0.0,0.0,0.0,0.0,0.0,0.0,0.0,0.041008241722976915,0.0,0.025610379104305966,0.0,0.0017205685426345586,0.0,0.0,0.0,0.0,0.0,0.0,0.0,0.0,0.0,0.0,0.002832669843222391,0.001389821808013678,0.0,0.0,0.0,0.0,0.0,0.0,0.0005111148300943842,0.0,0.005283437085588572,0.0006032926493888115,0.12278188444927386
0.0012591324519727666,0.007755451614776486,0.0,0.2114332724158608,1.7168301483997321,1.9436870958494143,0.03156250793463129,0.21245700058888545,0.6321443866943932,0.28937737275649944,0.024971686433744464,1.11591363066289,0.013365400326852015,0.16591974746949337,1.6529470120193022,0.0,0.0,0.00205949560493937,0.0,0.12515607660510789,0.0013567679631748643,0.053105133370786296,0.0,0.22201146451614062,0.0037170443083958966,0.0006509880955318192,0.0018260853295292542,0.21927725875479373,0.09956193530011992,0.003384437240343111,0.0,0.6039172521836009,0.0009299452377813032,0.0381488457367131,0.9885898655702153,0.6130748090949513,0.0021511549547530624,0.015569989407365169,0.006835749679454614,2.556837662848979,0.11132130719933682,0.0006415321291095382,0.02778671159819308,0.0015633746458957557,0.0017570600629729328,0.004017151666674597,0.018438120900389474,0.0,0.000979221153388276,0.0,0.0,0.0,0.016458727881462954,0.0,0.00561926366541328,0.011642171524495822,0.0014865455523076002,0.007389611821903058,0.0012913971975917575,0.00023072578885457252,0.026899237546196407,0.00016586798930855168,0.0,0.0026376909554045097,0.03713526579220879,0.0,0.0,0.0,0.0025907931023175577,0.0010320217382091624,0.00044399386954001535,0.00021868309731411662,0.1662369632827257,0.0,0.0,0.001114493525720045,0.03160545104383054,0.0,0.0030977940524154935,0.0,0.0,0.0013108225477565737,0.0,0.09425235526494784,0.026506690223886274
0.00045533455635367683,0.33992796847294066,0.03106594247681755,0.0004591424166137847,0.0,0.0,0.025186315583628625,0.0,0.008653521528088607,0.002124906229131189,0.00443176337151082,0.0,0.11869952611574677,0.0009099075520262469,0.0,12.800611499075401,0.02360463118640983,0.0006725452228948182,0.003191368918847324,0.0,7.41771070963657,1.9614515663503942,4.338947712900244,2.396011207592229,0.07520538620859732,0.04524781674221619,5.616322358149777,1.1457412283946855,0.0009799755977720648,0.00226318495043939,0.0,0.001118344229059101,0.0011857116170717425,0.07635108689112079,0.0152507279596873,1.4910554200189867,0.6774079477894168,0.4363139109899836,0.4321864211902653,0.13816830161291066,0.010175343449635098,0.004940785976435387,0.3644929149283946,0.1403724030283869,0.1625986155611457,0.18701443323850578,0.013129788472794418,0.0007445096915981823,0.001340531189182548,0.00030683468435144554,0.06576375463580703,0.06485030078429917,0.0,0.0,0.0007987992637173341,0.0012170751569142188,0.0,0.017143158114874196,0.0,0.008760129052633315,0.0,0.021587550032560916,0.0004423694585983498,0.0,5.888643674235265,0.00695511399819903,0.0,0.0,0.0,0.26503596179419653,0.15046546629898333,2.539960404849296,0.7845396619611814,0.00023849205712411355,0.00201713728071251,1.1427271781451787,0.9054718476532542,0.00498364155410908,0.1511723829244747,0.0,0.0,0.0026094777455846602,0.012549243066114992,0.0007964148398023686,0.4895802357361453
0.08301241849907802,0.06852220515773502,1.7461613600978134,0.0,0.0,0.0027032364591730515,0.04172008778868847,0.06983886226049911,0.0003448113142298671,0.0017347685727349365,0.19884036220468862,0.0,0.007826175002352253,0.28081731365313656,0.0,0.02360463118640983,4.011105082463927,0.1972277051461444,4.963246116761557,0.0,0.6839522156204416,0.004000558931336723,3.4191306889738198,0.039937891547283354,0.0021564000986053,4.374688302315938,4.846706896335215,0.1278480658906293,0.6068373623993958,0.7070468540597086,0.0016622568654462225,0.0,0.06768545546501628,2.7777828130732045,0.0005096996692481198,0.3392636823107248,0.14118490254719354,0.6536350202960246,0.22480865676058237,0.013751272401211573,0.0017082919416110667,0.0,0.0038464259705772237,0.002347873708961543,0.02263114250100518,0.011510571513172063,0.0,0.0002500951941200747,0.0,0.0,0.14325150187459973,0.19674632310559795,0.0,0.0,0.0,0.0,0.0,0.0,0.0,0.0002054268107719886,0.0,0.0,0.0,0.0,0.002073856460338804,0.013175778634834039,0.00038106695077069503,0.021021675024791617,0.0,0.0,0.00248702208037665,0.003683290208687684,0.0,0.0022409293764982566,0.23258621777442975,1.5842286041859608,0.0,0.0,0.0,0.0,0.0,0.0,0.0006459958566108823,0.0,0.03377422779550183
0.0012923479323870078,0.02426760201510404,0.04649048337726991,0.0,0.0,0.01039938542067465,0.0,0.011095933531455342,0.0,0.0,5.7039524874131295,0.0,0.0620321619954592,0.07621529402790812,0.00205949560493937,0.0006725452228948182,0.1972277051461444,4.7810274544843905,1.183391152275832,0.0,0.016494648188748316,0.0028286634392935602,0.07521381870156017,0.0,0.03448102301878794,3.703764357390798,0.5153724541152174,0.0,0.34905042388170526,0.005130644029172922,0.06700090793899348,0.022684593454262828,0.01567146948556075,1.6845251269575703,0.003930853758320433,0.8036025479745403,1.0619155660624189,3.073726912180978,1.0655758052597357,0.027504999725613138,0.002176080542602455,0.0030877647179939323,0.0037048426949013833,0.001258742328530802,0.0,0.00021462602688027263,0.0004199348053882773,0.0,0.0,0.0,0.012379850372157155,0.0,0.0,0.0,0.0,0.0,0.0,0.0,0.0,0.005800131361262775,0.0,0.010431389750636419,0.0,0.0,0.0,0.0,0.0033319451606719907,0.0,0.0,0.0,0.0,0.0,0.0,0.016395490486585364,0.0781548961314711,0.0934957366496373,0.0,0.0,0.0,0.039476465265195326,0.0,0.0,0.0,0.0008531698220163887,0.09182987248702276
0.0013079641778082948,0.044280470427594795,0.25311064721471127,0.0,0.0,0.0016637084431267437,0.00372034593110094,0.0021383581465322567,0.0,0.0,0.5753529772365851,0.0,0.03522095713738043,0.008306464373753838,0.0,0.003191368918847324,4.963246116761557,1.183391152275832,5.799734791905089,0.000735373281828019,0.327847990218725,0.0010034090277430709,0.8915409288435867,0.0,0.014335177069542277,2.2663187177025974,1.4927441148589833,0.014235957024618651,0.08905140410747094,0.08267463722470204,0.025735559609910162,0.00017883518515553044,0.01521057973802478,2.298553212265712,0.004010596160746106,0.9267979704339524,0.6157703620283889,1.729933328129997,0.7134673217353926,0.013311573410173576,0.0,0.0005822853144277462,0.002525656124710579,0.00036362673485836386,0.0008726405610815611,0.0027310664770708974,0.0005662099020034037,0.0,0.0,0.0,0.05915109954496858,0.0029819291115824494,0.0,0.0,0.0,0.0,0.0,0.0,0.0,0.00031167000297435893,0.0,0.0,0.0,0.0,0.0,0.0,0.00044575557795702733,0.0016139033891205796,0.0,0.0,0.001131400243592988,0.0,0.0,0.004994900677313572,0.0484095887658929,0.30072170360117,0.0,0.0,0.0,0.0051896207571952,0.0,0.0,0.0,0.00180102647456198,0.10938010461657206
0.002873754238098896,0.00026491296760836996,0.0,4.170274086978251,0.0032197011572680525,0.0626140615337071,0.004691191473390955,0.1471875192088694,0.6771919455142681,3.7060446900821646,0.047285118781922625,8.379033980857354,0.021596992854472537,0.24491628782974245,0.12515607660510789,0.0,0.0,0.0,0.000735373281828019,6.105632775536487,0.0,0.001643824385533328,0.0,0.591505285487027,0.0017460765602729553,0.0,0.0,0.28609902240230134,0.21807683294180208,0.0012181438404683025,0.0,0.05534688495886369,0.0,0.17928328618238398,0.005185078949019522,0.6445986508379916,0.006965794391208692,0.06045459479194704,0.02098979073109415,0.20505622179320773,0.007957955628610654,0.0004833281874974575,0.11569082298950971,0.0004432312047352132,0.0,0.0021293687737415634,0.04960306547832489,0.0,0.0,0.0,0.0,0.0,0.010918891742491915,0.0020959070482774724,0.013437448636481362,0.007112557057930187,0.0,0.06646787224851107,0.002701069796167129,0.0,0.11941260482281597,0.001433620363584317,0.0,0.007869605946325285,0.0004140720443929079,0.0,0.0,0.0,0.002231467184500287,0.0,0.0,0.0,0.7881828120427659,0.0,0.0,0.0,0.037009563754891894,0.0,0.0,0.0,0.0,0.0,0.0,0.0,0.031197173222973853
0.03770736518899128,0.025570681842131293,2.2843826445510818,0.0016506665537955308,0.0010357380081219558,0.014559437567391215,0.4074151649434193,0.12747146285322342,0.0021381336029516838,0.03474469916909024,0.04613643935131297,0.0,0.24537121816742138,0.3347658509705971,0.0013567679631748643,7.41771070963657,0.6839522156204416,0.016494648188748316,0.327847990218725,0.0,44.77341678855053,0.11326747620270425,20.118316671211506,1.1316358990902309,0.0022674986091122174,0.42178379583672154,1.8229636619200147,5.8822065743245995,0.4230810661862499,12.699025721441664,0.0,0.0015063446265288084,0.09256178074874505,4.543126583584699,0.12222585152107308,6.2258275877352265,1.3005486993997732,5.419810710107091,1.9112868408625718,0.8950127063528189,0.06868235991034126,0.004461121850757652,0.1364944529106108,0.0327616015776844,0.009630324536088468,0.004392915109413234,0.007333392137530986,0.002469890857418418,0.002126980345330061,0.0,0.016996194085938287,0.0034419369108542055,0.0,0.0,0.001176404075828075,0.0,0.0,0.003893980125211167,0.0,0.008132881217813182,0.0016007919429578293,0.03336327206314566,0.0,0.0,0.9025196943945851,0.0,0.0,0.0,0.0,0.045104276397903514,0.01997220840061543,0.05212297538322893,0.1992030391778679,0.0,0.0,0.07380067305569912,0.35745907831694096,0.002450972267850998,0.07917872270266946,0.0,0.0,0.005556968301448668,0.005431178437148752,0.004556907057141414,2.2581175417594626
0.0,2.848895648467542,0.00328509022133738,0.019118475354042194,0.00585254278285223,0.0007166845710900413,0.011367405303347079,0.0,2.7557229064459445,0.004380009180833332,0.03118281504780853,0.006106439252281064,0.5720022100585628,0.003405765902739331,0.053105133370786296,1.9614515663503942,0.004000558931336723,0.0028286634392935602,0.0010034090277430709,0.001643824385533328,0.11326747620270425,7.3798806488662665,0.05782743630144663,6.29375475777803,1.2551232907891738,0.10658822686625968,6.464203101185372,0.1756193318025921,0.005991287503977592,0.002167438445436898,0.23821725057797713,0.0,0.0013505648983463054,0.011710400858870169,0.001589829337471821,0.11864402288483714,0.07617476012525809,0.04525974326287535,0.010861061511365535,0.035541834294610004,0.0008774089224890354,0.016161988662876648,0.16728071456214177,0.03750731942394478,0.045152734396684366,0.022903291556347495,0.008001765757245365,0.0019291095546186078,0.003331274109706498,0.003557408891044192,0.2692699495757027,0.013659180086258826,0.0,0.001511509952878469,0.0,0.01656755390414661,0.0009240532981507293,1.173405945374709,0.0008079953012996749,0.011494796666590758,0.00041297399110908615,0.032488748854791784,0.0029480177446251274,0.00016602011161367274,1.2248334434458292,0.002065639695388509,0.0,0.0,0.0,0.09408342548385538,1.9845017094591644,0.1924958114802111,1.7330319361319806,0.15600635144808023,0.0013644497609478228,0.33304358338501194,1.020301867761195,0.018336245029186328,0.0647527151031093,0.0,0.0,0.006264078856282791,0.016595824423128742,0.0034934861865481143,0.017356671592528773
0.5184422365930526,0.01648032219803354,12.750820248625654,0.0029399103584458624,0.0009478744796126527,0.09270978258424209,0.9896914089903314,1.286300852847216,0.006122938980731535,0.08023536347589953,0.12765552809674355,0.0,0.31654816229571126,2.6514223805923245,0.0,4.338947712900244,3.4191306889738198,0.07521381870156017,0.8915409288435867,0.0,20.118316671211506,0.05782743630144663,46.739315733614674,1.0890413530562146,0.0033306605177881358,3.117416150144728,15.847033849830353,3.666607217478713,1.9046030228101811,5.652862720245877,0.00023993134957780358,0.0007715300293157884,0.20827276796507763,6.299507884904654,0.14502739515311464,9.541691097596864,2.5885435150310117,7.463540198805524,4.607785609069281,1.4874965614690008,0.09891860037001975,0.005362641403706015,0.15295137576535836,0.08212952436125687,0.1923264543451236,0.1476628494931922,0.0030623935007481995,0.001912370476400842,0.0013587916724651218,0.0,0.062193313952868104,0.31594061454733136,0.0,0.0,0.0,0.0002814734190248329,0.0,0.005502338066996635,0.0,0.012422930337357458,0.0004730816479795221,0.010326784812970571,0.0,0.0,1.8760487359871802,0.05011426008061589,0.0,0.002528269277334369,0.0,0.05340428927781296,0.04965846684605064,1.112378149395051,0.05787900158142227,0.0,0.03192191712638344,1.6300294536193662,0.03339946439342789,0.0,0.011258836503482358,0.0,0.0,0.0,0.005547327345250811,0.01476888155978434,3.624820774372092
0.002036376275802401,1.1462239420775682,0.09141069442569226,3.110040793075858,0.0062001025987276515,0.10591047711689783,0.30217447804010006,0.062447041061563166,8.926241110879893,0.38239163079262123,0.01348936912594433,0.6897570062781501,0.22053757994295764,0.12222821101356734,0.22201146451614062,2.396011207592229,0.039937891547283354,0.0,0.0,0.591505285487027,1.1316358990902309,6.29375475777803,1.0890413530562146,25.95953694694889,0.2915634472742086,0.008633110777434875,3.2960815283734908,9.285802572117701,0.19920175344961466,0.019491141525325557,0.0,0.020052870468993293,0.056638055810944034,0.19477548667492428,0.04708706793206448,3.6381555445301834,0.6068157078799918,0.633249339840023,0.26942900547636994,0.31940761217726554,0.032556321725001246,0.005943153657358938,2.161367105100544,0.17182663765290318,0.1709271523359201,0.042537865497931746,0.1765439743964064,0.000569587591092413,0.002095462594763984,0.009729280849485088,0.08048851655868414,0.0024067394041494628,0.20160254645186,0.00046026299496853916,0.03582731560170489,0.206533308676107,0.003422565747045192,2.1752494699869627,0.0663994523071591,0.016274914121139305,0.09339455641800319,0.06957618830718976,0.01337781675209739,0.017319495498991623,2.1613820217006503,0.0,0.0,0.0,0.012150830739274733,0.22556793230799768,0.08560205789967539,0.1966271239467835,10.571575834346167,0.0,0.0,0.2760935688194774,4.833013103349107,0.08696857341737399,0.5748137879934857,0.0,0.0,0.11049048431890363,0.10354060689250083,0.0,0.4919726705750943
0.0,2.6433384638614736,0.0,0.0,0.000496501009750489,0.012165270898314056,0.0,0.003936406279114516,0.4202898989198609,0.0,0.3219736384642839,0.002011788283297534,4.460503178194234,0.031933141991500075,0.0037170443083958966,0.07520538620859732,0.0021564000986053,0.03448102301878794,0.014335177069542277,0.0017460765602729553,0.0022674986091122174,1.2551232907891738,0.0033306605177881358,0.2915634472742086,4.882957544547473,0.2476567205602307,4.766479111041338,0.001125839594766569,0.22722574981398297,0.0,0.550787369901342,0.11455136636420986,0.0014490140817882387,0.45792806710774764,0.0014644215813036324,0.0767785463067226,0.2610357289652709,0.4418685636429717,0.08129338242036425,0.018254076902366526,0.004078098158029485,0.15996168165601204,0.0032597637197933982,0.05299174320999739,0.021804675724045826,0.003332528119030849,0.0,0.0,0.016678137888718445,0.0,0.1932800041238419,0.0039491281387951565,0.0,0.0,0.0,0.0,0.0003361080111429249,0.001099673115008718,0.0,0.1004960764835802,0.0,0.52434008699997,0.0,0.0,0.0,0.0005812485144441197,0.007474534291410787,0.0,0.0,0.0,0.001339135678303073,0.0,0.0,3.7378883792668796,0.07692339672720996,0.8552103849665342,0.0,0.0017678275254043333,0.0,0.15784546311749298,0.001638347788295844,0.0,0.006690197127859861,0.0,0.01157257499958045
0.011950302874992621,0.3431984442928174,8.788451091792364,0.0,0.0,0.008145213610013944,0.032878041264425784,0.005262760884291942,0.009432682803565946,0.0008768814068141051,2.7958639887738004,0.0,0.2559086210255455,0.06836292096559977,0.0006509880955318192,0.04524781674221619,4.374688302315938,3.703764357390798,2.2663187177025974,0.0,0.42178379583672154,0.10658822686625968,3.117416150144728,0.008633110777434875,0.2476567205602307,53.034016373015916,16.559588929833527,0.07518016927639129,0.35497009371940114,0.19510133332734542,0.6949884003818206,0.029631778022204902,0.015684948896490667,1.4194476074387088,0.006663386527844571,2.5848850597876787,4.16366490070498,3.965639784600922,2.0209447601960995,0.04209388446696348,0.009531160518132669,0.0166687194574184,0.01015948658362098,0.03271075938421741,0.014232842026245005,0.008015433980976663,0.0,0.0021836928636930274,0.0010992328807757047,0.0,0.473383187430771,0.09968855971851905,0.0,0.0,0.0,0.0,0.0,0.0,0.0,0.06980438226468386,0.0,0.3784022889958327,0.0,0.0,0.0,0.007647979346250045,0.028163918105380336,0.015040847940990433,0.0,0.0,0.0018263619064935205,0.00023361672067994123,0.0,0.3765495216747425,3.3337204187894147,8.076056905124972,0.0,0.0,0.0,1.3544084419477815,0.0,0.0,0.0024645264847898223,0.000878944495002623,0.2288407676453533
0.01208323510542233,10.535285703166496,14.67843247176816,0.00254641101905269,0.0,0.00169186817806259,0.24230403712020962,0.02454739937613823,0.49356329599496074,0.008982469183170019,0.384450089780803,0.0007142496883471816,2.257809540126267,0.04631762731401205,0.0018260853295292542,5.616322358149777,4.846706896335215,0.5153724541152174,1.4927441148589833,0.0,1.8229636619200147,6.464203101185372,15.847033849830353,3.2960815283734908,4.766479111041338,16.559588929833527,72.66915137284946,1.5348903606531017,0.08009162168137614,0.3065090435999805,1.2498288114235077,0.0020594079351886146,0.009221102169157891,3.4981549784565,0.056891354226440226,11.92637626968077,4.89415260169505,8.261581817892532,5.464353218562684,0.528954343331546,0.0666084734216085,0.008994791096991653,1.2056814383897347,0.31869019198135845,1.514212897417929,0.9611848609917903,0.027212029811792885,0.011941336143943191,0.000275192558584435,0.0,5.466609924723942,3.975181485973989,0.0,0.0,0.0,0.0,0.0,0.00669723747694806,0.0,0.046312873991243834,0.0,0.24767155124513413,0.0,0.0,2.147244586163746,0.9477328082901456,0.024833227942275677,0.13536364182185884,0.0,0.02072905325429502,0.4347221103792447,3.2571831570567844,0.09645331501063097,1.0160226403592314,4.3344241817054465,34.2746986692652,0.06561678559584647,0.0,0.0033977162349568255,0.5731410003785609,0.0,0.0,0.10235580889291943,0.007524899679801586,2.0806685111291263
0.06560760696748744,0.016561889234623737,1.2107877965301979,2.5033444321190483,0.003865136214984522,1.1457964249375807,14.858174602227969,0.7909824301178608,3.8479322675496577,9.792566016552236,0.007520336471012065,0.4837495435902985,0.2622411301308934,1.1881645765933724,0.21927725875479373,1.1457412283946855,0.1278480658906293,0.0,0.014235957024618651,0.28609902240230134,5.8822065743245995,0.1756193318025921,3.666607217478713,9.285802572117701,0.001125839594766569,0.07518016927639129,1.5348903606531017,46.02115224086746,1.5747892311541571,17.508890375481485,0.0,0.033244098193597624,0.5904952034084067,1.688895162052809,0.16487550713962387,9.222462601698073,0.7763201718376752,3.823451034584289,0.9965144367607613,1.142478854237685,0.12172527207916514,0.00565392038969597,0.4659277781067692,0.04825456896857315,0.006070722511891797,0.0003813407339644409,0.14728838219951243,0.0,0.0011250255644218914,0.0,0.013777340094570451,0.0,0.0,0.0,0.004365083453590436,0.0,0.0,1.6263065208959455,0.0,0.008476898516050154,0.09984334452259017,0.037771785660864726,0.0,0.0021195603707598112,0.2803741299295914,0.0,0.0,0.0,0.0,0.014729764676179938,0.016652227471936384,0.003451473615902104,3.11496897620025,0.0,0.0,0.01724601010436635,0.41198391049266747,0.012067156289817504,0.05903559555659167,0.0,0.0,0.018112418304524185,0.008887540098466089,0.0,1.8968158133125985
2.619477585670896,0.009684148284777818,0.09424759939676491,0.06774480835026853,0.02801827738339873,0.9105688101480651,1.5596271057730293,1.039734588021601,0.27263010374900254,1.6133576541566252,2.3783434918081796,0.6532079711475528,1.0775362206822803,8.987654626845698,0.09956193530011992,0.0009799755977720648,0.6068373623993958,0.34905042388170526,0.08905140410747094,0.21807683294180208,0.4230810661862499,0.005991287503977592,1.9046030228101811,0.19920175344961466,0.22722574981398297,0.35497009371940114,0.08009162168137614,1.5747892311541571,40.28847523104431,8.516727099288325,0.06118378006947325,2.103400421309614,2.4837246813147207,3.2780994588458343,0.1167224234243695,2.1448074814601545,0.10663336190924867,1.4021301214376818,0.2176494263219237,0.6410403961126576,0.1487806339599931,0.014984191117011336,0.05294515425203483,0.034576371656578044,0.1391518264188753,0.1305600946123557,0.011361563384882636,0.0027648522199021004,0.018217405169591316,0.0,0.0,0.0,0.0,0.0019221471847351433,0.0010612916984400452,0.0,0.00744967401283324,0.08603473965246626,0.0,0.07484478532797932,0.0038932282850826596,0.013440972164906983,0.0003974605028259007,0.0,0.0010430199875638756,0.0,0.0,0.0,0.0,0.0,0.0,0.0,0.02404551968535843,0.015454559142527406,0.00017335048920135,0.0,0.0,0.002722866149409221,0.0,0.0003359012085579034,0.020588324862996457,0.0,0.01606413370220444,0.0047654204096720726,0.44160601039234215
2.8893272291873244,0.0,1.4572909236644178,0.0012457946187988931,0.0013339767492772858,0.3447771438869267,7.702813068233414,3.1076890206471486,0.008471023937989828,0.1476013558282247,0.018622655139819963,0.0015276081449361446,0.08241215340147307,7.437430330526478,0.003384437240343111,0.00226318495043939,0.7070468540597086,0.005130644029172922,0.08267463722470204,0.0012181438404683025,12.699025721441664,0.002167438445436898,5.652862720245877,0.019491141525325557,0.0,0.19510133332734542,0.3065090435999805,17.508890375481485,8.516727099288325,37.852385405400646,0.0,0.019885553498708502,1.0878841289529173,4.63541583429337,0.057345069067869577,0.8969934407821317,0.07024850805764495,2.5229048148084727,0.2955268006920585,0.20174077825411496,0.03733271226233511,0.002071875710205579,0.005940588613968902,0.0008556637983753329,0.0,0.0005988753491734217,0.0,0.0,0.0,0.0,0.00037660777661979684,0.0,0.0,0.0,0.0,0.0,0.0,0.005272997725367395,0.0,0.001985876890660023,0.0,0.0021446167981552856,0.0,0.0006440052358921552,0.010354133276094267,0.0,0.0,0.0,0.0,0.0015862995655600298,0.0,0.0,0.012012527434286283,0.0,0.0,0.0,0.007828892318475198,0.0,0.0,0.0,0.0,0.0,0.0013548598001429215,0.0016487357156597608,0.5278112566230826
0.0,0.22977385510923376,0.0003025661969325655,0.0,0.000734675960496629,0.0006685971726829853,0.0,0.00027053524837064255,0.0029113287023963654,0.0,0.41880376054855983,0.0,1.179979260673033,0.008273927864857701,0.0,0.0,0.0016622568654462225,0.06700090793899348,0.025735559609910162,0.0,0.0,0.23821725057797713,0.00023993134957780358,0.0,0.550787369901342,0.6949884003818206,1.2498288114235077,0.0,0.06118378006947325,0.0,0.9968096670403369,0.008930693611076951,0.0008481608599546727,0.08091862038516898,0.00035971949714862727,0.10764285139449067,0.7361677150045962,0.5345698165557651,0.2632401290291644,0.00436479404131161,0.00038894631028653056,0.016276278509741924,0.0008837825269507864,0.058918382919278714,0.00015125074781972194,0.0011207065460211343,0.0,0.0,0.001323081673315601,0.0,0.039777945522495424,0.0,0.0,0.0,0.0,0.0,0.0,0.0,0.0,0.15094257678717957,0.0,0.795369351574326,0.0,0.0,0.0,0.0,0.009014400907078966,0.0,0.0,0.0,0.00028683984631450887,0.0,0.0,0.3933645781590195,0.49017943392854835,1.229855442997697,0.0,0.0,0.0,1.193665101765927,0.0,0.0,0.0008277678607592943,0.0,0.008141637157142154
0.011547283919702878,0.0025268616404406103,0.0,0.003134034232409077,0.8004172105411793,1.4976068726121994,0.013069122966755333,1.5129887768911705,0.025681075323687373,0.01068096752866465,0.44058655835159233,0.07467950783797209,0.7418222886779989,0.6994466344204261,0.6039172521836009,0.001118344229059101,0.0,0.022684593454262828,0.00017883518515553044,0.05534688495886369,0.0015063446265288084,0.0,0.0007715300293157884,0.020052870468993293,0.11455136636420986,0.029631778022204902,0.0020594079351886146,0.033244098193597624,2.103400421309614,0.019885553498708502,0.008930693611076951,1.955928185467574,0.019615149930364274,0.5685748605732786,0.10564112821734468,2.358765177401093,0.07377725962154803,0.2916356448231114,0.18225958179307503,2.0327993806326554,2.3400836266290272,0.012971547642830207,0.05589766656860585,0.030507241829373144,0.12027126114636333,0.10507713285097678,0.005118222829895486,0.0009380823281550997,0.020111260791502827,0.0,0.0,0.0,0.0,0.0,0.0011537396827663968,0.0,0.002715648514340053,0.0009104148843279508,0.0,0.08108751818795785,0.0,0.008595348630049189,0.0,0.0003614683015518062,0.0,0.0,0.0,0.0,0.0,0.0,0.0,0.0,0.0,0.00331551995917662,0.0,0.0,0.0,0.002425359299731696,0.0,0.0,0.003785963326390612,0.0,0.019050208564028483,0.004403714024070505,0.39709709304612895
0.021497965039381204,0.0,0.008261610505324235,0.004834088847060979,0.0007905625017504649,0.023837439283308986,0.1743120620578029,0.03242963830375257,0.03746720564717097,0.028519045217226383,0.0161518512831508,0.0005485790179651066,0.023285650374086156,0.09786734041629945,0.0009299452377813032,0.0011857116170717425,0.06768545546501628,0.01567146948556075,0.01521057973802478,0.0,0.09256178074874505,0.0013505648983463054,0.20827276796507763,0.056638055810944034,0.0014490140817882387,0.015684948896490667,0.009221102169157891,0.5904952034084067,2.4837246813147207,1.0878841289529173,0.0008481608599546727,0.019615149930364274,2.3531733665512435,0.6122003937475288,0.017685472630722836,0.08075552263595909,0.005094980904138399,0.3346769294485363,0.028556938605249355,0.017966131617472736,0.0019079692699776928,0.00028061765584466697,0.001955400246021789,0.0,0.004433496959419409,0.004849225877530398,0.0,0.0,0.0006610070525133171,0.0,0.0,0.0,0.0,0.0,0.0,0.0,0.0,0.020070364571738504,0.0,0.0,0.0,0.0009866124310078947,0.0,0.0,0.0014108957331031042,0.0,0.0,0.0,0.0,0.0,0.0,0.0,0.03289387905415155,0.0009885602686608335,0.0,0.0,0.0,0.0,0.0,0.0,0.0,0.0,0.0,0.0005180116561315487,0.08295609743036879
0.0816922125461888,0.06339608565403339,0.45909593210970023,0.04214641385024227,0.008319409723231336,0.5237932030097825,0.6908574766717669,0.42501798466068286,0.1353499603062244,1.83293437599335,7.76497182065161,0.6145365652909396,1.9950972607562671,0.995014490209868,0.0381488457367131,0.07635108689112079,2.7777828130732045,1.6845251269575703,2.298553212265712,0.17928328618238398,4.543126583584699,0.011710400858870169,6.299507884904654,0.19477548667492428,0.45792806710774764,1.4194476074387088,3.4981549784565,1.688895162052809,3.2780994588458343,4.63541583429337,0.08091862038516898,0.5685748605732786,0.6122003937475288,9.96311020652384,0.08020784980156234,1.3727696857907192,0.24866750947000257,3.279218138757083,0.3420987441762834,0.2309184135706603,0.7062895454880884,0.028915636651742377,0.050986492833325,0.019391738737240337,0.06908996110862017,0.04147952215043762,0.02071961534911942,0.0010554290728691095,0.00807290837770554,0.0,0.06193535178439845,0.11300718598776664,0.0,0.0005180134249404692,0.0006863906797500809,0.0,0.005040164539068604,0.04940263717814532,0.0,0.040554129165490616,0.0014852990272560004,0.01601244405286723,0.0017886195007724003,0.0006020041589507267,0.020575753790352806,0.007947911903566363,0.00015793121891404376,0.003086473291945015,0.0,0.0012027999245009288,0.00544254544289159,0.027320321810631015,0.027036088139818244,0.027086213401947494,0.051669175159877886,0.4621727298350794,0.0009947312134197075,0.005249125630241015,0.0,0.007715115592393083,0.01803979333266172,0.0002378128123881856,0.008777174033966457,0.00804244623236516,0.3240782589068785
0.0,0.0011558063622687448,0.011046122252268349,0.0028198097053250284,0.0077562084184769585,5.106628014653592,0.04636184172110074,0.019850404665824214,0.06714561232625331,0.20674923757449323,0.009821099523775296,4.027620015282565,0.5071522918064222,0.01616986628615649,0.9885898655702153,0.0152507279596873,0.0005096996692481198,0.003930853758320433,0.004010596160746106,0.005185078949019522,0.12222585152107308,0.001589829337471821,0.14502739515311464,0.04708706793206448,0.0014644215813036324,0.006663386527844571,0.056891354226440226,0.16487550713962387,0.1167224234243695,0.057345069067869577,0.00035971949714862727,0.10564112821734468,0.017685472630722836,0.08020784980156234,345.2307634552654,4.332733623574476,0.6447492493619529,0.35740697414325046,2.221625426371816,0.39781146305440857,0.31910328302665525,0.005595646092020109,0.904182434938079,0.24510246963090662,0.20780491929286293,2.047980588317687,0.18497162087393998,0.14520462671348458,0.0066921899807128125,0.0,0.0004252233324379001,0.0034463249649195836,0.0,0.004598867105612331,0.36587400654149255,0.0,0.024899447325722142,0.0029364666082425167,0.003995563093205496,0.054020354850037165,0.5729889920000052,0.03149779259245854,0.00041340037987182,0.028902695847299324,0.0017762556448588614,0.0006256858271882652,0.0004758938204290784,0.0,0.0,0.0010789731009245706,0.0,0.006952320223435103,0.00032828522508528737,0.0,0.0028310790933462194,0.007778195577095528,0.0,0.005704119701142716,0.0015774951533279393,0.0,0.001100970748804577,0.0,0.0038473051294139623,95.42871700049001,34.30925778637488
0.027619344702782975,0.23962852653661362,1.3594584141834978,0.769945048956945,0.10372556193566539,1.8557851865828345,2.744201454594006,0.9693882473551465,1.6339389351447853,5.179676707977832,0.5768937021707794,1.8047588514420017,1.5789673732229899,1.3359259228297904,0.6130748090949513,1.4910554200189867,0.3392636823107248,0.8036025479745403,0.9267979704339524,0.6445986508379916,6.2258275877352265,0.11864402288483714,9.541691097596864,3.6381555445301834,0.0767785463067226,2.5848850597876787,11.92637626968077,9.222462601698073,2.1448074814601545,0.8969934407821317,0.10764285139449067,2.358765177401093,0.08075552263595909,1.3727696857907192,4.332733623574476,6.243798922774025,15.45905829386798,3.7183747415139288,3.0082323935052475,7.6736708749627915,0.38467887120712013,0.09976281794511468,0.6067750572251829,0.19801837789335247,0.22878684474125333,0.21437145265352792,0.13050085558040853,0.01290526009519312,0.03271473671705418,0.002412244881140823,0.32011799331156665,0.2028453583222379,0.06908777757934993,0.0031271922045066035,0.03863985320617485,0.014837551927662356,0.010140645661594592,1.2243393797326858,0.22836138555709723,0.15012694571331175,0.07854287949345795,0.22551702701665755,0.004275094024434713,0.013040498709431567,0.2519026711393439,0.015550382825489859,0.013022792052461775,0.003971089285805206,0.01530004450647369,0.006007515082927296,0.03183827120415213,0.1955406396770725,2.016663061923039,0.03118949021773215,0.07513840830633761,1.2764163062752223,0.34581645261444294,0.017207482548251832,0.04351964970489874,0.016399718305859477,0.02763364953204819,0.011438128928113045,0.032614315836163116,0.6725970946112465,1.8857761412870946
0.0007005995770909403,0.3418130395967431,0.30766683318314425,0.0029535492981240833,0.0010547015301738648,0.019015547796753976,0.11854711834739541,0.029555454908296603,0.0443443817589062,0.01688942469756085,0.7181823229944837,0.004952417454053838,1.0156615919416732,0.04644123644261509,0.0021511549547530624,0.6774079477894168,0.14118490254719354,1.0619155660624189,0.6157703620283889,0.006965794391208692,1.3005486993997732,0.07617476012525809,2.5885435150310117,0.6068157078799918,0.2610357289652709,4.16366490070498,4.89415260169505,0.7763201718376752,0.10663336190924867,0.07024850805764495,0.7361677150045962,0.07377725962154803,0.005094980904138399,0.24866750947000257,0.6447492493619529,15.45905829386798,4.21590738441307,3.5938632297454056,4.9845640061674725,0.5656161216030693,0.05519514728227917,0.03785634365127301,0.12397770568465509,0.15949396956425152,0.06907440551520312,0.08206963151565641,0.007100010398773216,0.007180200868136303,0.004095373943658179,0.0,0.36495398744745866,0.09698120349313674,0.0,0.00047015510939884923,0.0,0.0,0.0014795466231573313,0.029846025004807875,0.0,0.1639414862922777,0.0,0.5761383129491996,0.0006212725920748078,0.00045955058190674813,0.05630191872826795,0.022701867106117695,0.00586014943806018,0.010591164888445461,0.0,0.001772996278870635,0.01525368926592479,0.04566741328183727,0.05494172640560572,0.235725448144351,0.5685492926364989,2.724888387114947,0.04045168208394898,0.0013494989406531179,0.0071462478552046455,0.2342549166046169,0.005873141253682889,0.0,0.0066695128682172375,0.18897800587949337,3.1976699952320953
0.06769521023160671,0.1958975149423379,0.8990000220119292,0.053269658143823825,0.0038398335808370702,0.39252371889968246,1.5373954513231356,0.599778959624183,0.1390166472807014,0.9767927234835901,3.287199848727395,0.10338897482900478,1.5049533455710966,0.8111517192966584,0.015569989407365169,0.4363139109899836,0.6536350202960246,3.073726912180978,1.729933328129997,0.06045459479194704,5.419810710107091,0.04525974326287535,7.463540198805524,0.633249339840023,0.4418685636429717,3.965639784600922,8.261581817892532,3.823451034584289,1.4021301214376818,2.5229048148084727,0.5345698165557651,0.2916356448231114,0.3346769294485363,3.279218138757083,0.35740697414325046,3.7183747415139288,3.5938632297454056,3.1872946287373063,2.8059512334213776,0.33674909353496896,0.0836471966200471,0.041540347206705755,0.2283072275367115,0.10055659475224253,0.3916161110121749,0.30104388921197933,0.06293925425438264,0.007319022984127754,0.02874909419449373,0.0,0.19433468201455747,0.27381734017058895,0.0,0.001398362441087836,0.012636052172980528,0.0,0.03244005583816287,0.10896532913906831,0.0,0.15615094830882814,0.0028431955386911713,0.040284616353674495,0.005377652288882436,0.0011909723325622503,0.1348314102261871,0.05694864704203977,0.0032557033262542085,0.011371732402870198,0.0,0.0,0.02039641127990365,0.26274154735890887,0.07686541964836006,0.10885346470884397,0.2437696452138181,1.9332726133721991,0.013333201633488518,0.027584103717224154,0.0,0.034867794543711805,0.10244381266783997,0.0003020050802053009,0.04850453041175584,0.10887924144448644,1.3375289695525858
0.011006966881264617,0.11505123806037769,0.5390095324516153,0.011320840517695661,0.0037636923642066873,0.10597387474036053,0.3191216644473249,0.12087523318850975,0.031156858305432206,0.18683297154909384,0.6593099088095437,0.04287799308500366,1.2109730256036397,0.18042976160474206,0.006835749679454614,0.4321864211902653,0.22480865676058237,1.0655758052597357,0.7134673217353926,0.02098979073109415,1.9112868408625718,0.010861061511365535,4.607785609069281,0.26942900547636994,0.08129338242036425,2.0209447601960995,5.464353218562684,0.9965144367607613,0.2176494263219237,0.2955268006920585,0.2632401290291644,0.18225958179307503,0.028556938605249355,0.3420987441762834,2.221625426371816,3.0082323935052475,4.9845640061674725,2.8059512334213776,1.4272727994813772,1.5738765460464352,0.5225926555569286,0.01177779445718619,0.14338243784280194,0.08705342641056939,0.2098102153301233,0.41121216246582626,0.04187638460342081,0.015906864965896727,0.014043796351318721,0.0,0.13039449415665494,0.1567228683457395,0.0,0.0,0.00892583262330554,0.0,0.01876183816429444,0.006387401059204665,0.0,0.09280283780481681,0.002693317954745351,0.0216413133494573,0.006317290963580158,0.0015502420300908717,0.05684494404777959,0.019449699316789453,0.0020754878233312482,0.00508741785780029,0.0,0.0008343022278418852,0.00880145168815643,0.1174469814749816,0.007789434018857072,0.030903731111743875,0.085318481697039,1.023007841504607,0.0026389738346121495,0.016966789869334805,0.0009627800239264978,0.00561851220056446,0.05082640469026764,0.0016291929877494838,0.01990241843824253,0.9094737375251248,5.955292533770406
0.014085708414530503,0.00705695754387626,0.03627777167783293,0.21694037634455635,2.316336480663274,2.440073400452186,0.33306647538002415,1.119840610227354,0.3214880577165524,1.449691775159078,0.1475970233741313,0.9484556983333311,0.20428372115202015,0.9470471986825308,2.556837662848979,0.13816830161291066,0.013751272401211573,0.027504999725613138,0.013311573410173576,0.20505622179320773,0.8950127063528189,0.035541834294610004,1.4874965614690008,0.31940761217726554,0.018254076902366526,0.04209388446696348,0.528954343331546,1.142478854237685,0.6410403961126576,0.20174077825411496,0.00436479404131161,2.0327993806326554,0.017966131617472736,0.2309184135706603,0.39781146305440857,7.6736708749627915,0.5656161216030693,0.33674909353496896,1.5738765460464352,5.079942687027233,0.7342794846817117,0.012616466062168987,0.07797074171884583,0.016294643557886283,0.04509148390964308,0.0709974558381763,0.015710593727847003,0.0006991552135252442,0.00443247131556632,0.0,0.006846970060413613,0.0,0.022054059331888986,0.0,0.006259834955406612,0.007818275212698577,0.004279991722887758,0.08484707616027716,0.039108827289451066,0.01220629244144778,0.024262768015240705,0.010144298524001226,0.0,0.00346695446966069,0.033414766757709706,0.0,0.0006424127898545683,0.00048724140401823837,0.0005000122754989379,0.0014507002482454867,0.0018313937623912393,0.007697522447946225,0.1303241089276114,0.0007217994196602844,0.0011992866498909164,0.022185975591836833,0.0618037909809156,0.003958485124762757,0.0006588345966581771,0.0,0.006292165792886807,0.0,0.00482762631849445,0.20512542188205923,0.3997045075843624
0.0003409518805553496,0.00018109760626478877,0.009486810615345492,0.002453679864605779,0.4047078968080963,0.05608439458209811,0.03794320281845387,0.01187335503451007,0.014658996169898755,0.06236774939451974,0.00853074000741307,0.011328708284677658,0.16334845640056672,0.01662455928406448,0.11132130719933682,0.010175343449635098,0.0017082919416110667,0.002176080542602455,0.0,0.007957955628610654,0.06868235991034126,0.0008774089224890354,0.09891860037001975,0.032556321725001246,0.004078098158029485,0.009531160518132669,0.0666084734216085,0.12172527207916514,0.1487806339599931,0.03733271226233511,0.00038894631028653056,2.3400836266290272,0.0019079692699776928,0.7062895454880884,0.31910328302665525,0.38467887120712013,0.05519514728227917,0.0836471966200471,0.5225926555569286,0.7342794846817117,0.5236718840183467,0.00367530068040851,0.014534696568966417,0.003660957614370494,0.011154631108462112,0.017077938237773038,0.007629592652707485,0.0003538622368331448,0.001587891278805345,0.0,0.0,0.00034475110918585206,0.0,0.0002252915309013509,0.0003168669128286753,0.0,0.0010764851701018333,0.011472711681240942,0.0,0.00461478291066914,0.0003768824921396964,0.0006849686355523163,0.0,0.0,0.0007728245068562173,0.0,0.0,0.0,0.0,0.0,0.0006130894502869547,0.0004495866538342301,0.000736463602100335,0.0003701949448226303,0.00023267510946427917,0.0036031183990742335,0.0,0.0002747672812496288,0.0,0.0,0.002491024708411704,0.0,0.0011754815677487642,0.035680484586508965,0.3013196043759434
0.0,0.014223406835233687,0.0,0.0,0.0,0.0032335912761537575,0.0004284434680308271,0.0029399299961237703,0.0008876745303988624,0.0,0.11696476759225471,0.0009644641890238294,0.49008031143769293,0.004325522611618132,0.0006415321291095382,0.004940785976435387,0.0,0.0030877647179939323,0.0005822853144277462,0.0004833281874974575,0.004461121850757652,0.016161988662876648,0.005362641403706015,0.005943153657358938,0.15996168165601204,0.0166687194574184,0.008994791096991653,0.00565392038969597,0.014984191117011336,0.002071875710205579,0.016276278509741924,0.012971547642830207,0.00028061765584466697,0.028915636651742377,0.005595646092020109,0.09976281794511468,0.03785634365127301,0.041540347206705755,0.01177779445718619,0.012616466062168987,0.00367530068040851,0.010063795964393009,0.020771766540371914,0.0029554538832661918,0.014086562485003947,0.011988768583893805,0.010233884129144884,0.0006736535232282704,0.001763834327924076,0.0,0.00030144680107395535,0.0,0.0,0.0008410731983864128,0.0011480341045279224,0.0,0.001173076684084178,0.0,0.0,0.012463509937166266,0.0029289838500364948,0.00815488354684304,0.0004000648777354169,0.0,0.000914743492989577,0.0,0.0,0.0,0.0,0.0013324727689544699,0.0,0.0,0.005423146132910597,0.008347801603480481,0.0011866131339691064,0.002350531591327993,0.004808126843391138,0.0005857688130347209,0.0010934982897278607,0.0024457987898783033,0.007094779000500936,0.0003467486582659528,0.0009343669450157088,0.0011029277674468982,0.01793620521878983
0.0,0.01370149710534267,0.04579868253556597,0.2059454368494884,0.0016261909740329084,0.013765653286003075,0.008706492827646867,0.0048417986670313395,1.1963226944504688,0.5319008908434686,0.010722759816664422,0.19484977357919814,0.635857216585031,0.017558206063265726,0.02778671159819308,0.3644929149283946,0.0038464259705772237,0.0037048426949013833,0.002525656124710579,0.11569082298950971,0.1364944529106108,0.16728071456214177,0.15295137576535836,2.161367105100544,0.0032597637197933982,0.01015948658362098,1.2056814383897347,0.4659277781067692,0.05294515425203483,0.005940588613968902,0.0008837825269507864,0.05589766656860585,0.001955400246021789,0.050986492833325,0.904182434938079,0.6067750572251829,0.12397770568465509,0.2283072275367115,0.14338243784280194,0.07797074171884583,0.014534696568966417,0.020771766540371914,4.741109173661311,12.754857293061956,3.098687080809341,2.421697170590303,9.133340529711937,0.43981855612420334,0.3313315322585282,0.045147297575081034,0.10522414403166856,1.2800599584517895,0.4536273319576036,0.34871385434022517,1.2592261959368631,2.3981114596693427,1.351085450287664,1.4496155905847186,2.2935877691706903,2.208685630205516,1.955555630715548,1.570764530770806,0.7875191720331963,0.316852873162126,2.094892599977388,0.4645570711500318,0.8778992511207557,0.7093667696816868,0.25243073068740585,3.1761326641839793,0.06120033765675419,7.749524287580565,4.481051027954387,0.03706225510608871,2.8331612146820393,9.438814739903544,10.038374765067184,0.9174795389043304,2.842076045459566,0.1548532007835583,1.6272238571372768,0.038252980239707725,0.7805490348224293,3.101724354506348,1.6929596854158766
0.0,0.04093153649595839,0.014203051192459749,0.0,0.0,0.003784184402093215,0.0,0.005832352015617907,0.025501479975426948,0.0,0.05801351846814044,0.00030340965978390826,0.25655634841583264,0.013105078602297385,0.0015633746458957557,0.1403724030283869,0.002347873708961543,0.001258742328530802,0.00036362673485836386,0.0004432312047352132,0.0327616015776844,0.03750731942394478,0.08212952436125687,0.17182663765290318,0.05299174320999739,0.03271075938421741,0.31869019198135845,0.04825456896857315,0.034576371656578044,0.0008556637983753329,0.058918382919278714,0.030507241829373144,0.0,0.019391738737240337,0.24510246963090662,0.19801837789335247,0.15949396956425152,0.10055659475224253,0.08705342641056939,0.016294643557886283,0.003660957614370494,0.0029554538832661918,12.754857293061956,2.750060752196067,1.608418554994448,4.603231131856754,0.38922330147377254,0.11033753274661,0.08289317519096048,0.0018601360699434628,0.1151372279147172,0.21440184538985474,0.000825333294269995,0.0024378505926030804,0.012875136744769543,0.13172256352956954,0.06287409209042216,0.035225941233191685,0.016066582315918777,1.132021512038491,0.010370178628637546,0.8192994233169073,0.048608819342491255,0.0023306158726471207,1.2827095859044058,0.1287199766726868,0.7139446433992708,0.1380370029950353,0.0,0.7833983317807816,0.02439363771525018,2.497360636036459,0.3078047319244621,0.18303124297524145,2.8176242439034573,2.82761423713727,1.1890477328108653,0.049054338113849856,0.28869144564668153,1.1747862056195266,0.07797144549503396,0.0013854826615149747,0.18274383210110803,0.7833561786223011,3.724656695295283
0.0,0.028577319497381962,0.10436334231279706,0.0,0.0004993846705077525,0.01032959166981374,0.0,0.020575509428511937,0.20418785832823783,0.0,0.00694928432883507,0.0017040038307772761,0.24501174381448051,0.051937923482644435,0.0017570600629729328,0.1625986155611457,0.02263114250100518,0.0,0.0008726405610815611,0.0,0.009630324536088468,0.045152734396684366,0.1923264543451236,0.1709271523359201,0.021804675724045826,0.014232842026245005,1.514212897417929,0.006070722511891797,0.1391518264188753,0.0,0.00015125074781972194,0.12027126114636333,0.004433496959419409,0.06908996110862017,0.20780491929286293,0.22878684474125333,0.06907440551520312,0.3916161110121749,0.2098102153301233,0.04509148390964308,0.011154631108462112,0.014086562485003947,3.098687080809341,1.608418554994448,2.4503901890063435,3.23677808624427,0.6665265246598118,0.34374115146597506,0.10654683845920061,0.13724017613132453,0.10486879413915952,0.8180753254108124,0.044351013189181054,0.018516405755799336,0.284590513472583,1.6523521828336363,0.8670398294702959,0.2794309545049002,1.003647373510305,4.45760206221129,0.24271192719333545,0.612595038951048,1.6518453001440312,0.009421660838747715,0.6610487858278435,0.7062813532093878,4.379585369239171,1.2100821958747274,0.04126064237560461,3.26508933781139,0.03652991055633482,6.291478942615736,0.8404813589706167,0.11570925741367036,4.442011227667814,7.88178713685891,4.307131498167022,1.2896214008042775,2.5288732205930295,1.2187690607114625,0.34904809634909206,0.2458656011022171,2.5749012218756406,0.6393778352198328,1.7075672116820984
0.0,0.009786598542701723,0.06065385197212975,0.0,0.0009244662013247325,0.020511037100598366,0.0,0.017326048411115336,0.03128690489797703,0.0,0.007074381506635733,0.00703527593574641,0.14244219748677178,0.03362732562390891,0.004017151666674597,0.18701443323850578,0.011510571513172063,0.00021462602688027263,0.0027310664770708974,0.0021293687737415634,0.004392915109413234,0.022903291556347495,0.1476628494931922,0.042537865497931746,0.003332528119030849,0.008015433980976663,0.9611848609917903,0.0003813407339644409,0.1305600946123557,0.0005988753491734217,0.0011207065460211343,0.10507713285097678,0.004849225877530398,0.04147952215043762,2.047980588317687,0.21437145265352792,0.08206963151565641,0.30104388921197933,0.41121216246582626,0.0709974558381763,0.017077938237773038,0.011988768583893805,2.421697170590303,4.603231131856754,3.23677808624427,1.379904683293298,3.9814556069985922,1.7764491932885456,0.02957725516099368,0.01831415171602351,0.05866164464482923,0.5185271657744878,0.0015000716246537605,0.012713106957703496,0.06631281238850764,0.41246506551683537,0.26955654656117006,0.03973679080951848,0.06790730486890742,0.9626678075296593,0.03247815264516805,0.2863752462572899,0.4243492266881542,0.003316121993527719,0.8411914381765708,0.3194734451076966,1.2511829845620785,0.5002589109605337,0.003339847227272356,1.5634090854299723,0.019431638308564023,5.359489270074611,0.240170785912756,0.026933792986377825,1.9871551233042675,5.145533604356411,1.5336336662784755,0.17400820842105746,0.532105985391455,0.32785625645770555,0.18618535933980743,0.02286032833579327,0.2235928614729973,2.7829919839361126,9.114065874358054
0.0,0.0007618946448660709,0.0,0.08768709683935637,0.0007556720714175138,0.0007901473149178029,0.016642126794995653,0.0018614708194727217,0.1817295544633549,0.0836205314001348,0.001466414267343667,0.06084708028219521,0.1650456487083889,0.002175396067245861,0.018438120900389474,0.013129788472794418,0.0,0.0004199348053882773,0.0005662099020034037,0.04960306547832489,0.007333392137530986,0.008001765757245365,0.0030623935007481995,0.1765439743964064,0.0,0.0,0.027212029811792885,0.14728838219951243,0.011361563384882636,0.0,0.0,0.005118222829895486,0.0,0.02071961534911942,0.18497162087393998,0.13050085558040853,0.007100010398773216,0.06293925425438264,0.04187638460342081,0.015710593727847003,0.007629592652707485,0.010233884129144884,9.133340529711937,0.38922330147377254,0.6665265246598118,3.9814556069985922,5.557540377164571,0.5554934620656098,0.026599640980822035,0.01423639171147083,0.0014601325572432676,0.021454730089862477,0.4363039422664133,4.141217696094927,4.137540576512263,0.5969674235625859,2.4805603881806233,0.6456966585063412,1.6452079580613597,0.6956680775813281,1.4644695844032514,0.19435378371731987,0.48355941042540507,1.8295400550332215,0.11586831575244749,0.012548800006426882,0.047603668534105865,0.008451022246311862,0.16415925103161863,0.2615927987564173,0.004407605459762506,0.5025747171035474,1.5149019115718931,0.003391460417376305,0.049925629068443715,0.26772838274329086,1.662050706332969,0.49565848428237325,0.3503523901701828,0.016941969600558656,1.787167282126624,0.02580559719579413,0.28878399452576997,0.6038921448124474,0.3130789133752302
0.0,0.0,0.0018479942643006007,0.0,0.0,0.0010374788809174508,0.0,0.0,0.03773331777947852,0.0,0.0,0.0008031239194068805,0.009684982572623803,0.0010964693865004199,0.0,0.0007445096915981823,0.0002500951941200747,0.0,0.0,0.0,0.002469890857418418,0.0019291095546186078,0.001912370476400842,0.000569587591092413,0.0,0.0021836928636930274,0.011941336143943191,0.0,0.0027648522199021004,0.0,0.0,0.0009380823281550997,0.0,0.0010554290728691095,0.14520462671348458,0.01290526009519312,0.007180200868136303,0.007319022984127754,0.015906864965896727,0.0006991552135252442,0.0003538622368331448,0.0006736535232282704,0.43981855612420334,0.11033753274661,0.34374115146597506,1.7764491932885456,0.5554934620656098,0.40986675887589213,0.016180807110122774,0.003518747514861604,0.0006220040956386006,0.0061266352931101135,0.005094997097623566,1.2278044252186047,0.03868888965604134,0.2168771808657725,0.02352207942356573,0.0821925487133532,0.07167369457166556,0.3875173920781943,0.028448988695438476,0.08954233986655534,0.031421904144570086,0.011512789846718984,0.009624250591942208,0.002427028509510114,0.016867227824781346,0.0037213014433582774,0.007576726229323118,0.03184345011153908,0.0,0.04997209829404502,0.1682442426541523,0.002351664925045561,0.03094217868457934,0.07939288878399167,0.32557108119451156,0.07216314218250065,0.08091709449713132,0.0017885658853312603,0.6312969019085501,0.006301293708425909,0.12117082895711406,0.7110705165333706,0.7358152086038711
0.0,0.002753144011707975,0.0006456388004199877,0.0,0.0,0.0013695714166686481,0.0,0.0023391842929987505,0.001549396658663116,0.0,0.002777368848246872,0.0008206932528429467,0.05272570808597434,0.007017135393106825,0.000979221153388276,0.001340531189182548,0.0,0.0,0.0,0.0,0.002126980345330061,0.003331274109706498,0.0013587916724651218,0.002095462594763984,0.016678137888718445,0.0010992328807757047,0.000275192558584435,0.0011250255644218914,0.018217405169591316,0.0,0.001323081673315601,0.020111260791502827,0.0006610070525133171,0.00807290837770554,0.0066921899807128125,0.03271473671705418,0.004095373943658179,0.02874909419449373,0.014043796351318721,0.00443247131556632,0.001587891278805345,0.001763834327924076,0.3313315322585282,0.08289317519096048,0.10654683845920061,0.02957725516099368,0.026599640980822035,0.016180807110122774,0.19989295631777865,0.0,0.02179743386431426,0.0011886364744942918,0.0,0.0015411963341600283,0.0016553817735499726,0.004815392975213205,0.0020657850598959724,0.0024540909160579404,0.0,0.33657756588024035,0.0024917797272635666,1.2468288480016128,0.00447344038271927,0.0007837154297813888,0.004540233552381705,0.0006037528460913477,0.004002604497656682,0.002351501583043314,0.0,0.0013953456314623042,0.005084647183833852,0.007054303215463457,0.009138119053534871,0.20638864668053192,0.009188344302807487,0.05154361696066259,0.015505975291475507,0.027345852757738237,0.005325046883587968,0.025417773967480822,0.027637352767013828,0.0002997813138881497,0.13314753524591122,0.010227057312928218,0.04274431643919852
0.0,0.0,0.0,0.0,0.0,0.0,0.0,0.0,0.005868024289253949,0.0,0.0,0.0,0.0,0.0,0.0,0.00030683468435144554,0.0,0.0,0.0,0.0,0.0,0.003557408891044192,0.0,0.009729280849485088,0.0,0.0,0.0,0.0,0.0,0.0,0.0,0.0,0.0,0.0,0.0,0.002412244881140823,0.0,0.0,0.0,0.0,0.0,0.0,0.045147297575081034,0.0018601360699434628,0.13724017613132453,0.01831415171602351,0.01423639171147083,0.003518747514861604,0.0,2.3334453267876887,0.0,0.005761067534856228,0.0,0.000357181432042845,0.0049580058114891455,1.0336740654297147,0.07367441974670666,0.011507794476650878,0.013581976006857368,0.008077336436069471,0.0028843735904207648,0.003534808222482498,2.830572415860291,0.0,0.0016852578430057675,0.08756302902523748,0.0,0.016606283877246285,0.0,0.01828506652535541,0.0005152606781534977,0.05953600013367491,0.030873585493748266,0.0,0.004317410663994539,0.0024583467323101,0.06794692853895126,1.8025062553850086,0.5817291370467815,0.0,0.0048827775044846195,0.023712142480665024,0.24618771891761232,0.001631941039197638,0.018733153489807766
0.0,2.0836746609043604,0.06682979602946451,0.0,0.0,0.0,0.0,0.0,0.09266653163447977,0.0,0.050774165281619654,0.0,0.25867785975165086,0.0,0.0,0.06576375463580703,0.14325150187459973,0.012379850372157155,0.05915109954496858,0.0,0.016996194085938287,0.2692699495757027,0.062193313952868104,0.08048851655868414,0.1932800041238419,0.473383187430771,5.466609924723942,0.013777340094570451,0.0,0.00037660777661979684,0.039777945522495424,0.0,0.0,0.06193535178439845,0.0004252233324379001,0.32011799331156665,0.36495398744745866,0.19433468201455747,0.13039449415665494,0.006846970060413613,0.0,0.00030144680107395535,0.10522414403166856,0.1151372279147172,0.10486879413915952,0.05866164464482923,0.0014601325572432676,0.0006220040956386006,0.02179743386431426,0.0,1.450893152146923,0.036529241220692,0.0,0.0,0.0,0.0009547504968762932,0.0002685762158944523,0.6524790416935429,0.0,0.11502727827603705,0.0,0.7529042551622036,0.000918833421812899,0.002028966644421285,0.6203196903717735,0.03717839378265033,0.01214240134611984,0.018080688529537245,0.0,0.006006295983100078,1.4932099856413807,0.024218133996286667,1.8228374670658978,0.9042296956730324,0.10222147679924967,7.886264088713098,0.09022245170093257,0.01305745166527261,0.005830420258876093,0.16750920535031194,0.006395781487457137,0.0013813804295990614,0.031119916670552816,0.0019395389068557409,0.01971704695354119
0.0,0.020145230059215976,0.4422801567839015,0.0,0.0,0.0,0.0,0.0,0.0016977707187019909,0.0,0.0,0.0,0.0006680382890769872,0.0,0.0,0.06485030078429917,0.19674632310559795,0.0,0.0029819291115824494,0.0,0.0034419369108542055,0.013659180086258826,0.31594061454733136,0.0024067394041494628,0.0039491281387951565,0.09968855971851905,3.975181485973989,0.0,0.0,0.0,0.0,0.0,0.0,0.11300718598776664,0.0034463249649195836,0.2028453583222379,0.09698120349313674,0.27381734017058895,0.1567228683457395,0.0,0.00034475110918585206,0.0,1.2800599584517895,0.21440184538985474,0.8180753254108124,0.5185271657744878,0.021454730089862477,0.0061266352931101135,0.0011886364744942918,0.005761067534856228,0.036529241220692,15.128680955370694,0.0,0.0,0.0020465536825291482,1.8731224149935262,0.3077480431962339,0.002695696768219522,0.0920540768863316,0.06290222811976505,0.0,0.007461184295504048,0.8085956133075609,0.0,0.04463560625547323,2.9011927011290597,0.07750306448347552,0.7029580939591039,0.0,0.4866841521003909,0.004006791266202114,12.341934862947026,0.021971273398929042,0.0005186067213557527,10.92526333200669,16.45083815045244,1.4229976444320163,0.016783521861110963,0.2763999880045429,0.0005579342673018954,0.0,0.00046960988668317833,0.1881417514875482,0.006059828322444394,0.10522408831370647
0.0,0.0,0.0,0.0034354235965460157,0.0,0.0,0.0,0.0,0.8067276411680963,0.0,0.0,0.03540012003577105,0.0009872818272684356,0.0,0.016458727881462954,0.0,0.0,0.0,0.0,0.010918891742491915,0.0,0.0,0.0,0.20160254645186,0.0,0.0,0.0,0.0,0.0,0.0,0.0,0.0,0.0,0.0,0.0,0.06908777757934993,0.0,0.0,0.0,0.022054059331888986,0.0,0.0,0.4536273319576036,0.000825333294269995,0.044351013189181054,0.0015000716246537605,0.4363039422664133,0.005094997097623566,0.0,0.0,0.0,0.0,8.284978896468795,0.01746377619763705,0.27222075624839237,0.09775302607397222,0.10894644443357944,0.6130871884756333,3.3356777038223644,0.005372566559329029,6.936621027802243,0.0,0.04004796783518104,0.14953217319841072,0.0,0.0,0.0,0.0,7.45236023793797,0.0,0.0,0.0,2.78760641876571,0.0,0.0,0.0,1.6690146407477755,0.03497207402774163,0.00017963843366225726,0.0,0.0,0.0007317206471851122,0.03253024094067961,0.0,0.002942501708476225
0.0,0.0,0.0,0.0,0.0,0.0,0.0,0.0,0.008806976187740161,0.0,0.0,0.0,0.004123524336677066,0.0,0.0,0.0,0.0,0.0,0.0,0.0020959070482774724,0.0,0.001511509952878469,0.0,0.00046026299496853916,0.0,0.0,0.0,0.0,0.0019221471847351433,0.0,0.0,0.0,0.0,0.0005180134249404692,0.004598867105612331,0.0031271922045066035,0.00047015510939884923,0.001398362441087836,0.0,0.0,0.0002252915309013509,0.0008410731983864128,0.34871385434022517,0.0024378505926030804,0.018516405755799336,0.012713106957703496,4.141217696094927,1.2278044252186047,0.0015411963341600283,0.000357181432042845,0.0,0.0,0.01746377619763705,2.859426508717957,0.8846876671851648,0.014359625656848599,0.05841504429271646,0.08444354206435563,0.032410332812095106,0.12286083569799153,0.08636379651246678,0.013972890965593827,0.006443944376583276,1.5826698275971147,0.0009873845287364331,0.0,0.0014573238371296943,0.0,0.004401735736080812,0.0009265364705616141,0.0,0.0012433019406193524,0.13840354306329034,0.000618368090958145,0.00028421699327411476,0.0,0.017917536619468523,0.011660609895840423,0.004071144348164527,0.0023668054510841423,0.18181633171746886,0.00035363897287527576,0.5191134233580704,0.045040521196157396,0.06444154227525863
0.0,0.0,0.0,0.006322967632453007,0.0,0.0,0.001591709657161364,0.0,0.26824404857340806,0.0,0.0,0.015396843605186257,0.029327211357928942,0.0,0.00561926366541328,0.0007987992637173341,0.0,0.0,0.0,0.013437448636481362,0.001176404075828075,0.0,0.0,0.03582731560170489,0.0,0.0,0.0,0.004365083453590436,0.0010612916984400452,0.0,0.0,0.0011537396827663968,0.0,0.0006863906797500809,0.36587400654149255,0.03863985320617485,0.0,0.012636052172980528,0.00892583262330554,0.006259834955406612,0.0003168669128286753,0.0011480341045279224,1.2592261959368631,0.012875136744769543,0.284590513472583,0.06631281238850764,4.137540576512263,0.03868888965604134,0.0016553817735499726,0.0049580058114891455,0.0,0.0020465536825291482,0.27222075624839237,0.8846876671851648,23.98502346502495,1.758706009234089,7.404626549064543,0.23348218123535636,10.661102704531867,0.3170001476955499,2.7092660126257817,0.028220296400111325,1.0612933503773736,1.1357853414718486,0.0,0.0014159838351504098,0.006927344172562823,0.0,0.0649043184074225,0.0017154283591338108,0.0,0.01069456783689468,0.5896915832115227,0.00025980172851383236,0.002622041086080484,0.0,1.0788149666396185,0.6603062607860752,0.026232515247216922,0.001885589043675758,0.8229839572788081,0.004673415970370507,0.45679217736613015,4.28800943922364,0.11737353603657275
0.0,0.0,0.0,0.0022120186400388445,0.0,0.0,0.0,0.0,0.2358572928940414,0.0,0.0,0.00655022622969751,0.00420544140952245,0.0,0.011642171524495822,0.0012170751569142188,0.0,0.0,0.0,0.007112557057930187,0.0,0.01656755390414661,0.0002814734190248329,0.206533308676107,0.0,0.0,0.0,0.0,0.0,0.0,0.0,0.0,0.0,0.0,0.0,0.014837551927662356,0.0,0.0,0.0,0.007818275212698577,0.0,0.0,2.3981114596693427,0.13172256352956954,1.6523521828336363,0.41246506551683537,0.5969674235625859,0.2168771808657725,0.004815392975213205,1.0336740654297147,0.0009547504968762932,1.8731224149935262,0.09775302607397222,0.014359625656848599,1.758706009234089,67.51645778864881,7.641758116615555,0.2814656507079612,10.832074265777827,0.22648245741337172,0.0880533104232335,0.028550232538937195,17.305279454732712,0.036020130972075036,0.02901199774423516,1.5940491006427766,0.002626449635380239,0.16599678845393473,0.004137515457710778,0.5437520214207968,0.005000449793545299,3.713691064014651,0.7896030939183302,0.0,0.27401763504315524,0.22767140383029652,22.49864555419007,1.6009758998869557,6.611000899402437,0.0,0.016626128466217836,0.08029210719141418,1.0678707430547436,0.05241082372781928,0.2686877124420936
0.0,0.0,0.0,0.0,0.0,0.0,0.0,0.0,0.07209994081257026,0.0,0.0,0.0012611664922126328,0.05050785666474613,0.0,0.0014865455523076002,0.0,0.0,0.0,0.0,0.0,0.0,0.0009240532981507293,0.0,0.003422565747045192,0.0003361080111429249,0.0,0.0,0.0,0.00744967401283324,0.0,0.0,0.002715648514340053,0.0,0.005040164539068604,0.024899447325722142,0.010140645661594592,0.0014795466231573313,0.03244005583816287,0.01876183816429444,0.004279991722887758,0.0010764851701018333,0.001173076684084178,1.351085450287664,0.06287409209042216,0.8670398294702959,0.26955654656117006,2.4805603881806233,0.02352207942356573,0.0020657850598959724,0.07367441974670666,0.0002685762158944523,0.3077480431962339,0.10894644443357944,0.05841504429271646,7.404626549064543,7.641758116615555,27.49750028159411,0.13964068118994544,8.749124858985956,0.35875003908889413,1.4104108155436401,0.030062793820622522,8.80596088208342,0.13836314096842897,0.000808732752483468,0.12324773256075727,0.016602273666232643,0.0034918472899299917,0.1777849355574282,0.07378495200775712,0.0003477932323227176,0.7293299494677555,0.6087085236035423,0.0015129067155455974,0.022072545287450885,0.008597386723447604,0.869136485447989,0.6515394876862024,0.8291819725148046,0.01591645556710524,1.1357484069326673,0.01712924104830302,0.40247484874014133,0.5440663163151155,0.07565128880867837
0.0023147544991067607,0.010212182631341096,0.0009828707431529704,0.506561281645231,0.0,0.08760453997800943,0.16753243621558409,0.03573716764314835,2.4955183885736396,0.6684360795643851,0.0,0.06600067666989048,0.015290623400195635,0.041008241722976915,0.007389611821903058,0.017143158114874196,0.0,0.0,0.0,0.06646787224851107,0.003893980125211167,1.173405945374709,0.005502338066996635,2.1752494699869627,0.001099673115008718,0.0,0.00669723747694806,1.6263065208959455,0.08603473965246626,0.005272997725367395,0.0,0.0009104148843279508,0.020070364571738504,0.04940263717814532,0.0029364666082425167,1.2243393797326858,0.029846025004807875,0.10896532913906831,0.006387401059204665,0.08484707616027716,0.011472711681240942,0.0,1.4496155905847186,0.035225941233191685,0.2794309545049002,0.03973679080951848,0.6456966585063412,0.0821925487133532,0.0024540909160579404,0.011507794476650878,0.6524790416935429,0.002695696768219522,0.6130871884756333,0.08444354206435563,0.23348218123535636,0.2814656507079612,0.13964068118994544,2.1235632677537795,0.945597434434058,0.09200869821440573,0.19866290786701132,0.04794811122105495,0.18316434821012564,0.41110751686250774,0.08042878996149158,0.014244212112400184,0.0,0.0003692422112338159,0.08058455440499217,0.004806344732276489,0.8202013801578253,0.01769646048941091,8.958106329462662,0.2147345193373645,0.002970469837185661,0.9876018824808173,1.6013700751699518,0.28556786701759057,0.11456860958426304,0.0002326222007570645,0.014047036145761966,0.02166010006501351,0.14389158288689866,0.04946432996477797,0.2516358102445995
0.0,0.0,0.0,0.0,0.0,0.0,0.0,0.0,1.5901930742425958,0.0,0.0,0.01790319091699712,0.0008370021756825535,0.0,0.0012913971975917575,0.0,0.0,0.0,0.0,0.002701069796167129,0.0,0.0008079953012996749,0.0,0.0663994523071591,0.0,0.0,0.0,0.0,0.0,0.0,0.0,0.0,0.0,0.0,0.003995563093205496,0.22836138555709723,0.0,0.0,0.0,0.039108827289451066,0.0,0.0,2.2935877691706903,0.016066582315918777,1.003647373510305,0.06790730486890742,1.6452079580613597,0.07167369457166556,0.0,0.013581976006857368,0.0,0.0920540768863316,3.3356777038223644,0.032410332812095106,10.661102704531867,10.832074265777827,8.749124858985956,0.945597434434058,62.32289094797423,0.18781930513673373,7.483227186963382,0.0037646424147729524,3.190217336190937,0.24904093902487184,0.0026506418782094093,0.006229907284849443,0.0,0.0006912768659418336,2.8088217315756454,0.032736888977254866,0.0,0.1287426575291693,2.2262758430882124,0.0,0.004420871623799532,0.0065705989412862854,8.365543033884071,1.2887060447631071,0.13677364061705688,0.0,0.0516869864691258,0.02489638308734102,1.1320622493173769,0.15381502811192552,0.08636636215626627
0.0,0.03374796476275314,0.0017502610078489016,0.0,0.0014237799457533266,0.011051958323200531,0.0,0.007228565152259524,0.05307912863246567,0.0,0.15323246806690066,0.0013818249873459362,0.7410701657697182,0.025610379104305966,0.00023072578885457252,0.008760129052633315,0.0002054268107719886,0.005800131361262775,0.00031167000297435893,0.0,0.008132881217813182,0.011494796666590758,0.012422930337357458,0.016274914121139305,0.1004960764835802,0.06980438226468386,0.046312873991243834,0.008476898516050154,0.07484478532797932,0.001985876890660023,0.15094257678717957,0.08108751818795785,0.0,0.040554129165490616,0.054020354850037165,0.15012694571331175,0.1639414862922777,0.15615094830882814,0.09280283780481681,0.01220629244144778,0.00461478291066914,0.012463509937166266,2.208685630205516,1.132021512038491,4.45760206221129,0.9626678075296593,0.6956680775813281,0.3875173920781943,0.33657756588024035,0.008077336436069471,0.11502727827603705,0.06290222811976505,0.005372566559329029,0.12286083569799153,0.3170001476955499,0.22648245741337172,0.35875003908889413,0.09200869821440573,0.18781930513673373,24.292655923672385,0.2752082680551609,4.111503779169503,0.5121837957922739,0.02505837132112987,0.05685325449462319,0.2404288958792887,5.5300572913338355,0.496068220805009,0.02187705645165079,0.1970009397337161,0.021346245849625762,0.41395274100734025,0.3258466289099331,0.2874253985338037,1.598932329079286,0.7844747892159055,0.5119940564653688,2.456681272075875,0.30611564680259923,1.1856822508215747,1.7872934119350834,0.03701379584936334,10.163109537445456,0.3262682607219829,0.6694007409438575
0.0,0.0,0.0,0.1441805569112462,0.0003439347999203933,0.005261056352623306,0.007547041987589668,0.0,0.17908065859218772,0.027763306500355883,0.0,0.1660489236505698,0.0439769685265972,0.0,0.026899237546196407,0.0,0.0,0.0,0.0,0.11941260482281597,0.0016007919429578293,0.00041297399110908615,0.0004730816479795221,0.09339455641800319,0.0,0.0,0.0,0.09984334452259017,0.0038932282850826596,0.0,0.0,0.0,0.0,0.0014852990272560004,0.5729889920000052,0.07854287949345795,0.0,0.0028431955386911713,0.002693317954745351,0.024262768015240705,0.0003768824921396964,0.0029289838500364948,1.955555630715548,0.010370178628637546,0.24271192719333545,0.03247815264516805,1.4644695844032514,0.028448988695438476,0.0024917797272635666,0.0028843735904207648,0.0,0.0,6.936621027802243,0.08636379651246678,2.7092660126257817,0.0880533104232335,1.4104108155436401,0.19866290786701132,7.483227186963382,0.2752082680551609,25.767740039880845,0.027742093257380942,1.043784018950083,0.7436920569655578,0.00035353754984551196,0.0,0.001298477387521618,0.0,7.506629077748906,0.0009324954125161978,0.0,0.0018156542590205917,1.2082678422113047,0.0006936764352831876,0.0,0.0,0.46431139205856153,0.5997234424309583,0.0019933937081109535,0.0003068106023930629,0.13465257667387934,0.0008155292365173939,0.6423311312241711,1.4618111983912134,0.08300237633467197
0.0,0.13472580653346317,0.0013182302500304602,0.0005531256718086326,0.0003244086726569273,0.0008356940404103852,0.0,0.0,0.013011263372845664,0.0,0.5575070705525852,0.0,2.988306779139616,0.0017205685426345586,0.00016586798930855168,0.021587550032560916,0.0,0.010431389750636419,0.0,0.001433620363584317,0.03336327206314566,0.032488748854791784,0.010326784812970571,0.06957618830718976,0.52434008699997,0.3784022889958327,0.24767155124513413,0.037771785660864726,0.013440972164906983,0.0021446167981552856,0.795369351574326,0.008595348630049189,0.0009866124310078947,0.01601244405286723,0.03149779259245854,0.22551702701665755,0.5761383129491996,0.040284616353674495,0.0216413133494573,0.010144298524001226,0.0006849686355523163,0.00815488354684304,1.570764530770806,0.8192994233169073,0.612595038951048,0.2863752462572899,0.19435378371731987,0.08954233986655534,1.2468288480016128,0.003534808222482498,0.7529042551622036,0.007461184295504048,0.0,0.013972890965593827,0.028220296400111325,0.028550232538937195,0.030062793820622522,0.04794811122105495,0.0037646424147729524,4.111503779169503,0.027742093257380942,7.845240854610459,0.032647686087283946,0.004152231398342599,0.024560251726563155,0.001262400146415567,0.03730787775906424,0.007240259323888854,0.0,0.01338369093607455,0.09711861074642274,0.023550962173361823,0.10621152236537876,2.5044142562527343,0.05725444024982289,2.1820730158213824,0.13511381012101373,0.2516334342487089,0.05690213073618854,0.9984222402473499,0.24974289240923384,0.00441224100785227,0.7708320476234075,0.12172305453482082,0.2202329617275776
0.0,0.0,0.0,0.0,0.0,0.0,0.0,0.0,0.10143937034851412,0.0,0.0,0.00019102871503534621,0.01505933772133019,0.0,0.0,0.0004423694585983498,0.0,0.0,0.0,0.0,0.0,0.0029480177446251274,0.0,0.01337781675209739,0.0,0.0,0.0,0.0,0.0003974605028259007,0.0,0.0,0.0,0.0,0.0017886195007724003,0.00041340037987182,0.004275094024434713,0.0006212725920748078,0.005377652288882436,0.006317290963580158,0.0,0.0,0.0004000648777354169,0.7875191720331963,0.048608819342491255,1.6518453001440312,0.4243492266881542,0.48355941042540507,0.031421904144570086,0.00447344038271927,2.830572415860291,0.000918833421812899,0.8085956133075609,0.04004796783518104,0.006443944376583276,1.0612933503773736,17.305279454732712,8.80596088208342,0.18316434821012564,3.190217336190937,0.5121837957922739,1.043784018950083,0.032647686087283946,26.4662249869766,0.055836198947610126,0.002278966205991869,0.7547413321990983,0.04094314307959009,0.03459176759645332,0.14944656594563954,0.15920685226572293,0.0007280358802329944,2.109185714411133,0.5679431731856532,0.0,0.07512390716341562,0.02152441534453078,0.8595089294219559,6.017253297024981,2.96261166777498,0.021489397853654765,0.7982296062485913,0.08539961708261064,1.6602802939567178,0.00907507857624575,0.0564813964742272
0.0,0.0,0.0,0.007254808167155457,0.0,0.0,0.0,0.0,0.02760456144342552,0.0024790756599055237,0.0,0.007173651465388247,0.004840796260115828,0.0,0.0026376909554045097,0.0,0.0,0.0,0.0,0.007869605946325285,0.0,0.00016602011161367274,0.0,0.017319495498991623,0.0,0.0,0.0,0.0021195603707598112,0.0,0.0006440052358921552,0.0,0.0003614683015518062,0.0,0.0006020041589507267,0.028902695847299324,0.013040498709431567,0.00045955058190674813,0.0011909723325622503,0.0015502420300908717,0.00346695446966069,0.0,0.0,0.316852873162126,0.0023306158726471207,0.009421660838747715,0.003316121993527719,1.8295400550332215,0.011512789846718984,0.0007837154297813888,0.0,0.002028966644421285,0.0,0.14953217319841072,1.5826698275971147,1.1357853414718486,0.036020130972075036,0.13836314096842897,0.41110751686250774,0.24904093902487184,0.02505837132112987,0.7436920569655578,0.004152231398342599,0.055836198947610126,0.9357114171155142,0.0,0.0,0.0,0.0,0.036947313185865104,0.0,0.0009079918863622689,0.0,0.4603707595965553,0.0,0.0,0.0005710843445673516,0.1372467487529715,0.04826805928363737,0.0,0.0,0.11252278234522854,0.0,0.01693925374853967,0.2548973066947607,0.008655982897560612
0.0,0.02447050513102256,0.020531496056427925,0.0005993943564036541,0.0,0.0,0.0018025034805487442,0.0,0.27199736514220607,0.0,0.0,0.00043220055873700945,0.02853105208504374,0.0,0.03713526579220879,5.888643674235265,0.002073856460338804,0.0,0.0,0.0004140720443929079,0.9025196943945851,1.2248334434458292,1.8760487359871802,2.1613820217006503,0.0,0.0,2.147244586163746,0.2803741299295914,0.0010430199875638756,0.010354133276094267,0.0,0.0,0.0014108957331031042,0.020575753790352806,0.0017762556448588614,0.2519026711393439,0.05630191872826795,0.1348314102261871,0.05684494404777959,0.033414766757709706,0.0007728245068562173,0.000914743492989577,2.094892599977388,1.2827095859044058,0.6610487858278435,0.8411914381765708,0.11586831575244749,0.009624250591942208,0.004540233552381705,0.0016852578430057675,0.6203196903717735,0.04463560625547323,0.0,0.0009873845287364331,0.0,0.02901199774423516,0.000808732752483468,0.08042878996149158,0.0026506418782094093,0.05685325449462319,0.00035353754984551196,0.024560251726563155,0.002278966205991869,0.0,13.452527965770722,0.09733034820882669,0.003148885261874034,0.013758855581569985,0.0,2.5595532375153924,3.5571229053666324,3.5438865533522557,3.9999882465101484,0.0870374415396648,0.01361783062845606,7.226574636519403,2.836678674189908,0.010780296049008665,0.0501067587809101,0.0,0.0004562601614278943,0.0034968095980771143,0.08732578626195586,0.0810617012919382,0.6291675249571441
0.0,0.0063877893617210225,0.0986412211324673,0.0,0.0,0.0,0.0,0.0,0.004131916588792838,0.0,0.0,0.0,0.0,0.0,0.0,0.00695511399819903,0.013175778634834039,0.0,0.0,0.0,0.0,0.002065639695388509,0.05011426008061589,0.0,0.0005812485144441197,0.007647979346250045,0.9477328082901456,0.0,0.0,0.0,0.0,0.0,0.0,0.007947911903566363,0.0006256858271882652,0.015550382825489859,0.022701867106117695,0.05694864704203977,0.019449699316789453,0.0,0.0,0.0,0.4645570711500318,0.1287199766726868,0.7062813532093878,0.3194734451076966,0.012548800006426882,0.002427028509510114,0.0006037528460913477,0.08756302902523748,0.03717839378265033,2.9011927011290597,0.0,0.0,0.0014159838351504098,1.5940491006427766,0.12324773256075727,0.014244212112400184,0.006229907284849443,0.2404288958792887,0.0,0.001262400146415567,0.7547413321990983,0.0,0.09733034820882669,4.440496803272219,0.4619709294433288,5.106083674464707,0.0,0.7305721088709729,0.010395110335509659,5.263080591458638,0.025681939792378518,0.0,3.2431510851197096,8.124275362612558,0.9713303481834066,0.14122486338667234,3.302434337010083,0.002041304747582431,0.00038534322321906336,0.012235931492284796,2.859044958373627,0.002101433802302932,0.034981072229129474
0.0,0.004341162165440032,0.00021038184567947747,0.0,0.0,0.0,0.0,0.0,0.0,0.0,0.002268766622823274,0.0,0.01412326816773199,0.0,0.0,0.0,0.00038106695077069503,0.0033319451606719907,0.00044575557795702733,0.0,0.0,0.0,0.0,0.0,0.007474534291410787,0.028163918105380336,0.024833227942275677,0.0,0.0,0.0,0.009014400907078966,0.0,0.0,0.00015793121891404376,0.0004758938204290784,0.013022792052461775,0.00586014943806018,0.0032557033262542085,0.0020754878233312482,0.0006424127898545683,0.0,0.0,0.8778992511207557,0.7139446433992708,4.379585369239171,1.2511829845620785,0.047603668534105865,0.016867227824781346,0.004002604497656682,0.0,0.01214240134611984,0.07750306448347552,0.0,0.0014573238371296943,0.006927344172562823,0.002626449635380239,0.016602273666232643,0.0,0.0,5.5300572913338355,0.001298477387521618,0.03730787775906424,0.04094314307959009,0.0,0.003148885261874034,0.4619709294433288,5.931703731000222,2.676953175298088,0.0,0.07293201131965542,0.0008666852341302066,0.26495130038972897,0.0,0.01140583920102918,3.382882677026722,1.035738625031868,0.004150195781967639,0.1848397203901648,0.06038083938190296,0.21887089721008438,0.10369241531803233,0.005302525939597276,2.0998587126275705,0.002689094618641839,0.08382641305133612
0.0,0.005855534273833725,0.017454588738284444,0.0,0.0,0.0,0.0,0.0,0.0,0.0,0.0,0.0,0.0,0.0,0.0,0.0,0.021021675024791617,0.0,0.0016139033891205796,0.0,0.0,0.0,0.002528269277334369,0.0,0.0,0.015040847940990433,0.13536364182185884,0.0,0.0,0.0,0.0,0.0,0.0,0.003086473291945015,0.0,0.003971089285805206,0.010591164888445461,0.011371732402870198,0.00508741785780029,0.00048724140401823837,0.0,0.0,0.7093667696816868,0.1380370029950353,1.2100821958747274,0.5002589109605337,0.008451022246311862,0.0037213014433582774,0.002351501583043314,0.016606283877246285,0.018080688529537245,0.7029580939591039,0.0,0.0,0.0,0.16599678845393473,0.0034918472899299917,0.0003692422112338159,0.0006912768659418336,0.496068220805009,0.0,0.007240259323888854,0.03459176759645332,0.0,0.013758855581569985,5.106083674464707,2.676953175298088,9.652607757437988,0.0,0.1688054697706649,0.00228509763761252,0.8912178775320064,0.0012669071978907813,0.002578201313264388,6.8664929419786995,3.927214903317698,0.07424958586305141,0.02759294553280615,0.47660274056333624,0.0075461149921447895,0.0015499436186018328,0.0025345456677320684,1.8110972245057133,0.002107745611766753,0.04730084165915582
0.0,0.0,0.0,0.0,0.0,0.0,0.0,0.0,0.1266149164083137,0.0,0.0,0.0036056893912687718,0.0013210506600758493,0.0,0.0025907931023175577,0.0,0.0,0.0,0.0,0.002231467184500287,0.0,0.0,0.0,0.012150830739274733,0.0,0.0,0.0,0.0,0.0,0.0,0.0,0.0,0.0,0.0,0.0,0.01530004450647369,0.0,0.0,0.0,0.0005000122754989379,0.0,0.0,0.25243073068740585,0.0,0.04126064237560461,0.003339847227272356,0.16415925103161863,0.007576726229323118,0.0,0.0,0.0,0.0,7.45236023793797,0.004401735736080812,0.0649043184074225,0.004137515457710778,0.1777849355574282,0.08058455440499217,2.8088217315756454,0.02187705645165079,7.506629077748906,0.0,0.14944656594563954,0.036947313185865104,0.0,0.0,0.0,0.0,8.590555718996713,0.0,0.0,0.0,0.6052410612194437,0.0,0.0,0.0,0.13777548521890856,0.07779665817942319,0.0,0.0,0.002113441997726366,0.0002264282401617495,0.10351669952321631,0.0,0.006838324895272677
0.0,0.0004961499169725274,0.0,0.0,0.0,0.0,0.0,0.0,0.047283359703035266,0.0,0.0,0.0,0.017684322649473182,0.0,0.0010320217382091624,0.26503596179419653,0.0,0.0,0.0,0.0,0.045104276397903514,0.09408342548385538,0.05340428927781296,0.22556793230799768,0.0,0.0,0.02072905325429502,0.014729764676179938,0.0,0.0015862995655600298,0.0,0.0,0.0,0.0012027999245009288,0.0010789731009245706,0.006007515082927296,0.001772996278870635,0.0,0.0008343022278418852,0.0014507002482454867,0.0,0.0013324727689544699,3.1761326641839793,0.7833983317807816,3.26508933781139,1.5634090854299723,0.2615927987564173,0.03184345011153908,0.0013953456314623042,0.01828506652535541,0.006006295983100078,0.4866841521003909,0.0,0.0009265364705616141,0.0017154283591338108,0.5437520214207968,0.07378495200775712,0.004806344732276489,0.032736888977254866,0.1970009397337161,0.0009324954125161978,0.01338369093607455,0.15920685226572293,0.0,2.5595532375153924,0.7305721088709729,0.07293201131965542,0.1688054697706649,0.0,33.523738714700556,0.012562147814469017,16.173267183847443,0.24577913718205976,0.0003151862087534415,0.17230664327010775,1.0718596959131184,12.882608215140891,0.07875824605432777,11.148861542020363,0.0,0.00694700535574099,0.0127801288943726,3.82651121568758,0.18243023407655717,1.2537892300973594
0.0,0.10622690282478917,0.005969844159542185,0.0,0.0,0.0,0.0,0.0,0.18769407949617478,0.0,0.000584407196166554,0.0,0.0076988451221960295,0.0,0.00044399386954001535,0.15046546629898333,0.00248702208037665,0.0,0.001131400243592988,0.0,0.01997220840061543,1.9845017094591644,0.04965846684605064,0.08560205789967539,0.001339135678303073,0.0018263619064935205,0.4347221103792447,0.016652227471936384,0.0,0.0,0.00028683984631450887,0.0,0.0,0.00544254544289159,0.0,0.03183827120415213,0.01525368926592479,0.02039641127990365,0.00880145168815643,0.0018313937623912393,0.0006130894502869547,0.0,0.06120033765675419,0.02439363771525018,0.03652991055633482,0.019431638308564023,0.004407605459762506,0.0,0.005084647183833852,0.0005152606781534977,1.4932099856413807,0.004006791266202114,0.0,0.0,0.0,0.005000449793545299,0.0003477932323227176,0.8202013801578253,0.0,0.021346245849625762,0.0,0.09711861074642274,0.0007280358802329944,0.0009079918863622689,3.5571229053666324,0.010395110335509659,0.0008666852341302066,0.00228509763761252,0.0,0.012562147814469017,4.090197630404686,0.04246065870144175,3.870591311587549,0.265227770810719,0.009008198121982811,3.3533490186902735,0.36126527123075375,0.003135485814926185,0.008372852962428979,0.02086789505667569,0.0,0.0009788937405397506,0.004156536456182043,0.001854129479119262,0.016630678396602223
0.0,0.0053998245641628745,0.0696911217106282,0.0,0.0,0.0,0.0,0.0,0.032443354225842096,0.0,0.0,0.0,0.013737857156983847,0.0,0.00021868309731411662,2.539960404849296,0.003683290208687684,0.0,0.0,0.0,0.05212297538322893,0.1924958114802111,1.112378149395051,0.1966271239467835,0.0,0.00023361672067994123,3.2571831570567844,0.003451473615902104,0.0,0.0,0.0,0.0,0.0,0.027320321810631015,0.006952320223435103,0.1955406396770725,0.04566741328183727,0.26274154735890887,0.1174469814749816,0.007697522447946225,0.0004495866538342301,0.0,7.749524287580565,2.497360636036459,6.291478942615736,5.359489270074611,0.5025747171035474,0.04997209829404502,0.007054303215463457,0.05953600013367491,0.024218133996286667,12.341934862947026,0.0,0.0012433019406193524,0.01069456783689468,3.713691064014651,0.7293299494677555,0.01769646048941091,0.1287426575291693,0.41395274100734025,0.0018156542590205917,0.023550962173361823,2.109185714411133,0.0,3.5438865533522557,5.263080591458638,0.26495130038972897,0.8912178775320064,0.0,16.173267183847443,0.04246065870144175,48.336186397339794,0.2640093489591396,0.0014482363712499632,2.8802387479972564,12.732764586931006,8.284389646959943,0.14148353965360638,4.664786899611584,0.0001782563779701111,0.009304573145970827,0.010790357518207084,4.366453984073871,0.3242347016026587,2.5923018910852127
0.0,0.025886420529393786,0.0,1.383735444910963,0.0,0.024781103706160965,0.15337092103409264,0.007826284701670563,2.6634942754651325,0.10191593457918455,0.0,0.29916615351025777,0.09247918754711638,0.002832669843222391,0.1662369632827257,0.7845396619611814,0.0,0.0,0.0,0.7881828120427659,0.1992030391778679,1.7330319361319806,0.05787900158142227,10.571575834346167,0.0,0.0,0.09645331501063097,3.11496897620025,0.02404551968535843,0.012012527434286283,0.0,0.0,0.03289387905415155,0.027036088139818244,0.00032828522508528737,2.016663061923039,0.05494172640560572,0.07686541964836006,0.007789434018857072,0.1303241089276114,0.000736463602100335,0.005423146132910597,4.481051027954387,0.3078047319244621,0.8404813589706167,0.240170785912756,1.5149019115718931,0.1682442426541523,0.009138119053534871,0.030873585493748266,1.8228374670658978,0.021971273398929042,2.78760641876571,0.13840354306329034,0.5896915832115227,0.7896030939183302,0.6087085236035423,8.958106329462662,2.2262758430882124,0.3258466289099331,1.2082678422113047,0.10621152236537876,0.5679431731856532,0.4603707595965553,3.9999882465101484,0.025681939792378518,0.0,0.0012669071978907813,0.6052410612194437,0.24577913718205976,3.870591311587549,0.2640093489591396,32.04074235556749,0.31016934307003957,0.0005347073361486412,3.3026146964527823,10.208966187744554,0.7247696503030406,0.5631133425635089,0.0,0.08010317014498307,0.07146730343025519,0.5041704386028872,0.08119733982153568,0.33302065181335655
0.0,0.831640813061685,0.0,0.0,0.0,0.0003365862406155211,0.0,0.0,0.01465130024455418,0.0,0.15200150898636122,0.0,1.308580927934923,0.001389821808013678,0.0,0.00023849205712411355,0.0022409293764982566,0.016395490486585364,0.004994900677313572,0.0,0.0,0.15600635144808023,0.0,0.0,3.7378883792668796,0.3765495216747425,1.0160226403592314,0.0,0.015454559142527406,0.0,0.3933645781590195,0.00331551995917662,0.0009885602686608335,0.027086213401947494,0.0,0.03118949021773215,0.235725448144351,0.10885346470884397,0.030903731111743875,0.0007217994196602844,0.0003701949448226303,0.008347801603480481,0.03706225510608871,0.18303124297524145,0.11570925741367036,0.026933792986377825,0.003391460417376305,0.002351664925045561,0.20638864668053192,0.0,0.9042296956730324,0.0005186067213557527,0.0,0.000618368090958145,0.00025980172851383236,0.0,0.0015129067155455974,0.2147345193373645,0.0,0.2874253985338037,0.0006936764352831876,2.5044142562527343,0.0,0.0,0.0870374415396648,0.0,0.01140583920102918,0.002578201313264388,0.0,0.0003151862087534415,0.265227770810719,0.0014482363712499632,0.31016934307003957,2.210919839489817,0.07773432069731083,6.502380084098006,0.002048264984629782,0.010520013833816769,0.0,0.24287688781346406,0.0106071043486072,0.0,0.07234491991548445,0.0,0.003225312781943632
0.0,0.10826707096683251,0.1351905122084519,0.0,0.0,0.0,0.0,0.0,0.0,0.0,0.0699207273368029,0.0,0.17672019468745187,0.0,0.0,0.00201713728071251,0.23258621777442975,0.0781548961314711,0.0484095887658929,0.0,0.0,0.0013644497609478228,0.03192191712638344,0.0,0.07692339672720996,3.3337204187894147,4.3344241817054465,0.0,0.00017335048920135,0.0,0.49017943392854835,0.0,0.0,0.051669175159877886,0.0028310790933462194,0.07513840830633761,0.5685492926364989,0.2437696452138181,0.085318481697039,0.0011992866498909164,0.00023267510946427917,0.0011866131339691064,2.8331612146820393,2.8176242439034573,4.442011227667814,1.9871551233042675,0.049925629068443715,0.03094217868457934,0.009188344302807487,0.004317410663994539,0.10222147679924967,10.92526333200669,0.0,0.00028421699327411476,0.002622041086080484,0.27401763504315524,0.022072545287450885,0.002970469837185661,0.004420871623799532,1.598932329079286,0.0,0.05725444024982289,0.07512390716341562,0.0,0.01361783062845606,3.2431510851197096,3.382882677026722,6.8664929419786995,0.0,0.17230664327010775,0.009008198121982811,2.8802387479972564,0.0005347073361486412,0.07773432069731083,54.09159100947936,9.207436274808929,0.20338067547749583,0.13762800278245443,0.15428059354658333,0.9708070342522088,0.08561084447856661,0.005857709702635195,0.8253087089652035,0.0024635266197474874,0.15803958767533982
0.0,1.4403332112606217,1.213327542232666,0.0,0.0,0.0,0.0,0.0,0.05880321061290827,0.0,0.20682186460492077,0.0,1.1079711696922665,0.0,0.001114493525720045,1.1427271781451787,1.5842286041859608,0.0934957366496373,0.30072170360117,0.0,0.07380067305569912,0.33304358338501194,1.6300294536193662,0.2760935688194774,0.8552103849665342,8.076056905124972,34.2746986692652,0.01724601010436635,0.0,0.0,1.229855442997697,0.0,0.0,0.4621727298350794,0.007778195577095528,1.2764163062752223,2.724888387114947,1.9332726133721991,1.023007841504607,0.022185975591836833,0.0036031183990742335,0.002350531591327993,9.438814739903544,2.82761423713727,7.88178713685891,5.145533604356411,0.26772838274329086,0.07939288878399167,0.05154361696066259,0.0024583467323101,7.886264088713098,16.45083815045244,0.0,0.0,0.0,0.22767140383029652,0.008597386723447604,0.9876018824808173,0.0065705989412862854,0.7844747892159055,0.0,2.1820730158213824,0.02152441534453078,0.0005710843445673516,7.226574636519403,8.124275362612558,1.035738625031868,3.927214903317698,0.0,1.0718596959131184,3.3533490186902735,12.732764586931006,3.3026146964527823,6.502380084098006,9.207436274808929,65.23015013383213,2.7715297120824793,0.021301633555065418,0.20379573295550557,1.4013010100267471,0.008552663936492122,0.0037024285755273435,2.014214664419466,0.07421106876795007,1.1239189899092097
0.0,0.0013586936713699395,0.0,0.018786734142262743,0.0,0.0,0.0013267759202618122,0.0,1.9487463201366504,0.0,0.00023669827009387674,0.05857749456117247,0.2221189020256474,0.0,0.03160545104383054,0.9054718476532542,0.0,0.0,0.0,0.037009563754891894,0.35745907831694096,1.020301867761195,0.03339946439342789,4.833013103349107,0.0,0.0,0.06561678559584647,0.41198391049266747,0.0,0.007828892318475198,0.0,0.0,0.0,0.0009947312134197075,0.0,0.34581645261444294,0.04045168208394898,0.013333201633488518,0.0026389738346121495,0.0618037909809156,0.0,0.004808126843391138,10.038374765067184,1.1890477328108653,4.307131498167022,1.5336336662784755,1.662050706332969,0.32557108119451156,0.015505975291475507,0.06794692853895126,0.09022245170093257,1.4229976444320163,1.6690146407477755,0.017917536619468523,1.0788149666396185,22.49864555419007,0.869136485447989,1.6013700751699518,8.365543033884071,0.5119940564653688,0.46431139205856153,0.13511381012101373,0.8595089294219559,0.1372467487529715,2.836678674189908,0.9713303481834066,0.004150195781967639,0.07424958586305141,0.13777548521890856,12.882608215140891,0.36126527123075375,8.284389646959943,10.208966187744554,0.002048264984629782,0.20338067547749583,2.7715297120824793,66.56663314293617,1.3697023921594738,9.844004178942313,0.0,0.008702586404852655,0.20325779083321172,2.1812623836768616,0.18636940378820643,1.2019040669459524
0.0,0.0,0.0,0.0,0.0,0.0,0.0,0.0,0.16700802451721994,0.0,0.0,0.0013512847788021477,0.044309061438319045,0.0,0.0,0.00498364155410908,0.0,0.0,0.0,0.0,0.002450972267850998,0.018336245029186328,0.0,0.08696857341737399,0.0017678275254043333,0.0,0.0,0.012067156289817504,0.002722866149409221,0.0,0.0,0.002425359299731696,0.0,0.005249125630241015,0.005704119701142716,0.017207482548251832,0.0013494989406531179,0.027584103717224154,0.016966789869334805,0.003958485124762757,0.0002747672812496288,0.0005857688130347209,0.9174795389043304,0.049054338113849856,1.2896214008042775,0.17400820842105746,0.49565848428237325,0.07216314218250065,0.027345852757738237,1.8025062553850086,0.01305745166527261,0.016783521861110963,0.03497207402774163,0.011660609895840423,0.6603062607860752,1.6009758998869557,0.6515394876862024,0.28556786701759057,1.2887060447631071,2.456681272075875,0.5997234424309583,0.2516334342487089,6.017253297024981,0.04826805928363737,0.010780296049008665,0.14122486338667234,0.1848397203901648,0.02759294553280615,0.07779665817942319,0.07875824605432777,0.003135485814926185,0.14148353965360638,0.7247696503030406,0.010520013833816769,0.13762800278245443,0.021301633555065418,1.3697023921594738,26.860445410544187,2.6841697146675734,0.13447965598638384,0.43965158264046433,2.3014349024959593,2.749428269566925,0.05333870311665853,0.2522344803383405
0.0,0.0,0.0,0.0,0.0,0.0,0.0,0.0,0.09080734722798085,0.0,0.0,0.00024938185243359964,0.05552866940157861,0.0,0.0030977940524154935,0.1511723829244747,0.0,0.0,0.0,0.0,0.07917872270266946,0.0647527151031093,0.011258836503482358,0.5748137879934857,0.0,0.0,0.0033977162349568255,0.05903559555659167,0.0,0.0,0.0,0.0,0.0,0.0,0.0015774951533279393,0.04351964970489874,0.0071462478552046455,0.0,0.0009627800239264978,0.0006588345966581771,0.0,0.0010934982897278607,2.842076045459566,0.28869144564668153,2.5288732205930295,0.532105985391455,0.3503523901701828,0.08091709449713132,0.005325046883587968,0.5817291370467815,0.005830420258876093,0.2763999880045429,0.00017963843366225726,0.004071144348164527,0.026232515247216922,6.611000899402437,0.8291819725148046,0.11456860958426304,0.13677364061705688,0.30611564680259923,0.0019933937081109535,0.05690213073618854,2.96261166777498,0.0,0.0501067587809101,3.302434337010083,0.06038083938190296,0.47660274056333624,0.0,11.148861542020363,0.008372852962428979,4.664786899611584,0.5631133425635089,0.0,0.15428059354658333,0.20379573295550557,9.844004178942313,2.6841697146675734,30.931516919900698,0.0,0.016129379375982095,0.4525613709806528,6.009499232582876,0.15139671813869054,0.8997520895958149
0.0,0.03319275882922961,0.0,0.0,0.0,0.0,0.0,0.0,0.0,0.0,0.36133049667736783,0.0,1.3585079555207225,0.0,0.0,0.0,0.0,0.039476465265195326,0.0051896207571952,0.0,0.0,0.0,0.0,0.0,0.15784546311749298,1.3544084419477815,0.5731410003785609,0.0,0.0003359012085579034,0.0,1.193665101765927,0.0,0.0,0.007715115592393083,0.0,0.016399718305859477,0.2342549166046169,0.034867794543711805,0.00561851220056446,0.0,0.0,0.0024457987898783033,0.1548532007835583,1.1747862056195266,1.2187690607114625,0.32785625645770555,0.016941969600558656,0.0017885658853312603,0.025417773967480822,0.0,0.16750920535031194,0.0005579342673018954,0.0,0.0023668054510841423,0.001885589043675758,0.0,0.01591645556710524,0.0002326222007570645,0.0,1.1856822508215747,0.0003068106023930629,0.9984222402473499,0.021489397853654765,0.0,0.0,0.002041304747582431,0.21887089721008438,0.0075461149921447895,0.0,0.0,0.02086789505667569,0.0001782563779701111,0.0,0.24287688781346406,0.9708070342522088,1.4013010100267471,0.0,0.13447965598638384,0.0,0.6332135636686379,0.11582059322059153,0.0,0.1785442633832599,0.0,0.005671176825966553
0.0,0.0,0.0,0.0,0.001817150100058608,0.0,0.0,0.0,0.0010117011456807687,0.0,0.0008030113276122103,0.0,0.1190307279899004,0.0005111148300943842,0.0,0.0,0.0,0.0,0.0,0.0,0.0,0.0,0.0,0.0,0.001638347788295844,0.0,0.0,0.0,0.020588324862996457,0.0,0.0,0.003785963326390612,0.0,0.01803979333266172,0.001100970748804577,0.02763364953204819,0.005873141253682889,0.10244381266783997,0.05082640469026764,0.006292165792886807,0.002491024708411704,0.007094779000500936,1.6272238571372768,0.07797144549503396,0.34904809634909206,0.18618535933980743,1.787167282126624,0.6312969019085501,0.027637352767013828,0.0048827775044846195,0.006395781487457137,0.0,0.0,0.18181633171746886,0.8229839572788081,0.016626128466217836,1.1357484069326673,0.014047036145761966,0.0516869864691258,1.7872934119350834,0.13465257667387934,0.24974289240923384,0.7982296062485913,0.11252278234522854,0.0004562601614278943,0.00038534322321906336,0.10369241531803233,0.0015499436186018328,0.002113441997726366,0.00694700535574099,0.0,0.009304573145970827,0.08010317014498307,0.0106071043486072,0.08561084447856661,0.008552663936492122,0.008702586404852655,0.43965158264046433,0.016129379375982095,0.11582059322059153,2.044969417175387,0.005207347445728611,2.342319480988629,0.04371242326776237,0.19876855676255514
0.0,0.0,0.0,0.0,0.0,0.0,0.0,0.0,0.019164569220129882,0.0,0.0,0.0,0.0024050330910375655,0.0,0.0013108225477565737,0.0026094777455846602,0.0,0.0,0.0,0.0,0.005556968301448668,0.006264078856282791,0.0,0.11049048431890363,0.0,0.0,0.0,0.018112418304524185,0.0,0.0,0.0,0.0,0.0,0.0002378128123881856,0.0,0.011438128928113045,0.0,0.0003020050802053009,0.0016291929877494838,0.0,0.0,0.0003467486582659528,0.038252980239707725,0.0013854826615149747,0.2458656011022171,0.02286032833579327,0.02580559719579413,0.006301293708425909,0.0002997813138881497,0.023712142480665024,0.0013813804295990614,0.00046960988668317833,0.0007317206471851122,0.00035363897287527576,0.004673415970370507,0.08029210719141418,0.01712924104830302,0.02166010006501351,0.02489638308734102,0.03701379584936334,0.0008155292365173939,0.00441224100785227,0.08539961708261064,0.0,0.0034968095980771143,0.012235931492284796,0.005302525939597276,0.0025345456677320684,0.0002264282401617495,0.0127801288943726,0.0009788937405397506,0.010790357518207084,0.07146730343025519,0.0,0.005857709702635195,0.0037024285755273435,0.20325779083321172,2.3014349024959593,0.4525613709806528,0.0,0.005207347445728611,1.6031898531679063,0.4673915418128114,0.009935397086699327,0.08334794087594655
0.0,0.008471810001412363,0.006297382861635312,0.0,0.0005929773063624244,0.0012140466243891173,0.0,0.001929071462055047,0.10278663202060204,0.0,0.005252612414173663,0.0015815978882488917,0.05716925264651843,0.005283437085588572,0.0,0.012549243066114992,0.0006459958566108823,0.0,0.0,0.0,0.005431178437148752,0.016595824423128742,0.005547327345250811,0.10354060689250083,0.006690197127859861,0.0024645264847898223,0.10235580889291943,0.008887540098466089,0.01606413370220444,0.0013548598001429215,0.0008277678607592943,0.019050208564028483,0.0,0.008777174033966457,0.0038473051294139623,0.032614315836163116,0.0066695128682172375,0.04850453041175584,0.01990241843824253,0.00482762631849445,0.0011754815677487642,0.0009343669450157088,0.7805490348224293,0.18274383210110803,2.5749012218756406,0.2235928614729973,0.28878399452576997,0.12117082895711406,0.13314753524591122,0.24618771891761232,0.031119916670552816,0.1881417514875482,0.03253024094067961,0.5191134233580704,0.45679217736613015,1.0678707430547436,0.40247484874014133,0.14389158288689866,1.1320622493173769,10.163109537445456,0.6423311312241711,0.7708320476234075,1.6602802939567178,0.01693925374853967,0.08732578626195586,2.859044958373627,2.0998587126275705,1.8110972245057133,0.10351669952321631,3.82651121568758,0.004156536456182043,4.366453984073871,0.5041704386028872,0.07234491991548445,0.8253087089652035,2.014214664419466,2.1812623836768616,2.749428269566925,6.009499232582876,0.1785442633832599,2.342319480988629,0.4673915418128114,9.52898265041955,0.0944741868596129,0.2517269098148912
0.0,0.0012431286999991427,0.0015012027368973596,0.0,0.0013019603981268425,0.29732745584281906,0.0,0.0008708888022147308,0.016808897315502933,0.002982506511617199,0.0021912669358699686,0.47092181928811183,0.10482154822434775,0.0006032926493888115,0.09425235526494784,0.0007964148398023686,0.0,0.0008531698220163887,0.00180102647456198,0.0,0.004556907057141414,0.0034934861865481143,0.01476888155978434,0.0,0.0,0.000878944495002623,0.007524899679801586,0.0,0.0047654204096720726,0.0016487357156597608,0.0,0.004403714024070505,0.0005180116561315487,0.00804244623236516,95.42871700049001,0.6725970946112465,0.18897800587949337,0.10887924144448644,0.9094737375251248,0.20512542188205923,0.035680484586508965,0.0011029277674468982,3.101724354506348,0.7833561786223011,0.6393778352198328,2.7829919839361126,0.6038921448124474,0.7110705165333706,0.010227057312928218,0.001631941039197638,0.0019395389068557409,0.006059828322444394,0.0,0.045040521196157396,4.28800943922364,0.05241082372781928,0.5440663163151155,0.04946432996477797,0.15381502811192552,0.3262682607219829,1.4618111983912134,0.12172305453482082,0.00907507857624575,0.2548973066947607,0.0810617012919382,0.002101433802302932,0.002689094618641839,0.002107745611766753,0.0,0.18243023407655717,0.001854129479119262,0.3242347016026587,0.08119733982153568,0.0,0.0024635266197474874,0.07421106876795007,0.18636940378820643,0.05333870311665853,0.15139671813869054,0.0,0.04371242326776237,0.009935397086699327,0.0944741868596129,267.70833022192835,32.559668140788844
0.00413943002596306,0.019936692655621854,0.2050082615700892,0.036860332400054076,0.005777218944866529,0.18606928875799056,0.3507833031618256,0.08253760730884697,0.2746170111790253,0.2738016647392554,0.0752781084589787,0.10686951082884683,0.49690826201357685,0.12278188444927386,0.026506690223886274,0.4895802357361453,0.03377422779550183,0.09182987248702276,0.10938010461657206,0.031197173222973853,2.2581175417594626,0.017356671592528773,3.624820774372092,0.4919726705750943,0.01157257499958045,0.2288407676453533,2.0806685111291263,1.8968158133125985,0.44160601039234215,0.5278112566230826,0.008141637157142154,0.39709709304612895,0.08295609743036879,0.3240782589068785,34.30925778637488,1.8857761412870946,3.1976699952320953,1.3375289695525858,5.955292533770406,0.3997045075843624,0.3013196043759434,0.01793620521878983,1.6929596854158766,3.724656695295283,1.7075672116820984,9.114065874358054,0.3130789133752302,0.7358152086038711,0.04274431643919852,0.018733153489807766,0.01971704695354119,0.10522408831370647,0.002942501708476225,0.06444154227525863,0.11737353603657275,0.2686877124420936,0.07565128880867837,0.2516358102445995,0.08636636215626627,0.6694007409438575,0.08300237633467197,0.2202329617275776,0.0564813964742272,0.008655982897560612,0.6291675249571441,0.034981072229129474,0.08382641305133612,0.04730084165915582,0.006838324895272677,1.2537892300973594,0.016630678396602223,2.5923018910852127,0.33302065181335655,0.003225312781943632,0.15803958767533982,1.1239189899092097,1.2019040669459524,0.2522344803383405,0.8997520895958149,0.005671176825966553,0.19876855676255514,0.08334794087594655,0.2517269098148912,32.559668140788844,3.6086722252388097
