6.121119143586277,0.0009075252152337371,0.006510231692700799,0.03735573171136311,0.0,0.015743242130330834,4.689158424573856,0.23921389872587992,0.0471683970286086,0.15649661893501704,0.03626106306983784,0.019982231896683664,0.0,5.053051604814676,0.0003114421763782796,0.0022827263581700966,0.005880639104809517,0.0038529437899517804,0.0030163915123178945,0.037114044603479925,0.04531738772782981,0.006440774086218191,0.027906222732898812,0.09268389843917302,0.0,0.0025248188822911497,0.0005826910805533595,0.5262632528393559,8.009480877313662,1.9497611292165442,0.0,0.002407780810229027,0.21296711045214312,0.19610056350057284,0.0014566941953344016,0.12433340269981664,0.009840917932171126,0.24585938125585244,0.0380622851963281,0.002808564660567272,0.0,0.007587477294045927,0.01340305382255337,0.006289316282999845,0.0,0.0,0.005427913813872521,0.0,0.0009938390560288626,0.0,0.0,0.0,0.0,0.0,0.0,0.0,0.0,0.017835717139782565,0.0,0.0,0.0030782847296367717,0.0,0.0,0.0,0.0,0.0,0.0,0.0,0.002249591410082848,0.0,0.00955276522142505,0.0,0.06246661178074038,0.0006563456260292272,0.0,0.0,0.009764236044381473,0.00319616835484942,0.0,0.0,0.0,0.0,0.00700470624700403,0.0,0.04585827317943538,0.042442080521905616
0.0009075252152337371,2.6611571231746014,0.1724287615348943,0.0037498079957678948,0.0,0.0,0.019908549398063496,0.00019740655742084843,0.7217378786065416,0.0,0.010152103755027599,0.002286127230881857,0.32832507853087245,0.0038642355906373512,0.01198793641395954,0.2679224254239398,0.1671766634885876,0.02314250068420237,0.08036939796099395,0.0003344166655110865,0.014856544417307235,2.9131073365757496,0.11333656944689838,1.1512757858137317,3.1127128213894117,0.15962729223795383,10.013712084305192,0.09168363499284889,0.008911597503985003,0.019880696674205812,0.015542274616955688,0.0,0.0,0.058076215603059596,0.0,0.37506236131886866,0.1660404246735665,0.16033570000734118,0.09629398918318685,0.01688257311598334,0.0,0.2142508433666509,0.20868787026932248,0.12568220878895206,0.11195691374534225,0.0495359011091435,0.0006731237028652223,0.0,0.0016258304662192765,0.0,1.3951558546412883,0.10553880534996139,0.0,0.0,0.0,0.001313738086442964,0.0010090925712224925,0.008238075812160512,0.0,0.03931786793213105,0.0,0.13777853532528161,0.0,0.0,0.03690643538594233,0.11973607684036963,0.06753305659572435,0.12873847275265696,0.0,0.017344139014505527,0.1154306058019051,0.04767719791389374,0.03617245015863372,0.8786093432062703,0.34314714991026424,2.315745032981292,0.015655417474151452,0.00641268493975681,0.005713206433927456,0.023586624320274308,0.0012533635679846992,0.0,0.07125933791721513,0.0004836610387270655,0.049203176021121404,0.005633707442422933
0.006510231692700799,0.1724287615348943,21.89874585965199,0.0036879852434975133,0.0,0.0,1.1737041957197332,0.036530539502133905,0.012054443697447011,0.0024737422033366675,0.027340623083954473,0.0,0.0,0.10890850251422893,0.0002148718296690907,0.13402433871828986,7.750729816814147,0.035888228967892295,1.0385108125501414,0.0,0.5503148187569766,0.04531030148364495,14.394014755684688,0.10115168620870627,0.0020288329472873995,9.032614150948216,18.228393762455028,1.3760153472069623,0.019700947893208802,0.9702442160166938,0.0025316491155273754,0.0,0.0056873288293789,0.2252468188435708,0.0026244320221994856,1.9777826201354554,0.24467436160617737,0.5684442219032582,0.5968980601201803,0.0060911076638500705,0.0009855565925010303,0.0005943380884715593,0.4545940303791012,0.1732942758983278,0.1809651166173482,0.10742116413749518,0.002252460742041064,0.00045438826044940565,0.0,0.0,0.1212293856966682,1.7003407654282376,0.0,0.0,0.0,0.0,0.0,0.00036477871045372933,0.0,0.00308022076250021,0.0,0.0,0.0,0.0,0.035023336588954526,0.6382492742771683,0.00028802087741612033,0.06030535468684697,0.0,0.011156064297220157,0.0570665612956246,0.5504139499518486,0.0032106207634345824,0.0012423282365089546,0.25988305775266474,4.1048408954565465,0.0028712995976887127,0.0,0.00028133267128779566,0.0,0.0,0.0,0.19377693745426602,0.00043696231066566,0.23183836036139668,0.034859055131829866
0.03735573171136311,0.0037498079957678948,0.0036879852434975133,26.215500332414987,0.0026934817726934567,0.6972289657854531,0.31480324831670564,1.0169380460560709,2.4344533681327323,8.186849502413466,0.0016111859671134516,4.930525071669395,0.0,0.5057069496637182,0.11503991969090498,0.0,0.0,0.0,0.0,24.29027834338752,0.0003108456005254135,0.018121181638435707,0.0009806375100804643,4.316064399163741,0.0,0.0,0.0031097016891934027,13.479970021242739,0.3429312377600923,0.021339946528716004,0.0,0.001516960794281237,0.009928151932417884,0.155232388309793,0.004134407628691904,0.8875480670685025,0.010483807527566167,0.3708816422658711,0.15523949189998523,0.4645074726661584,0.03779311244873358,0.003491120692494034,0.45040636751449525,0.0,0.0,0.0,0.22975517561978032,0.0,0.0,0.0,0.0007676054242882217,0.0,0.824718554302454,0.0005312084410430951,0.008402645414715703,0.03849758282793066,0.06384347069968363,0.7379263833672105,0.02675843483155064,0.0,0.8592251908136801,0.0,0.002846382926702283,0.052472457262654815,0.0008941792056431132,0.0,0.0,0.0,0.9310034142612814,0.0,0.00398783521905046,0.0,1.2402705436945234,0.00030798094500410667,0.0,0.0,0.9928543615848711,0.0,0.0011266249939356713,0.0,0.0,0.00023809298106423118,0.0038988914104873523,0.0,0.08216641249410724,0.8136348950924109
0.0,0.0,0.0,0.0026934817726934567,2.4457982441029515,1.0667548486224117,0.00041916310819589735,0.10603574243401225,0.015681697544490707,0.008190245046510102,0.0,0.00601901320955181,0.0,0.004147973270113224,0.29630751584582365,0.0,0.0,0.0,0.0,0.0,0.0,0.0,0.0,0.0,0.0,0.0,0.0,0.0010928011181347984,0.007728578024196982,0.0,0.0,2.446409315833324,0.0,0.0004059292345324336,1.8595029168081911,0.013859929627364953,0.0,0.006420406162398751,0.008190634996629656,0.06341259426138171,1.4452235475440882,0.00026835531999755164,0.00068406636325707,0.00020693684647466056,0.0004023051396400059,0.0,0.00029467058596224755,0.0003434940088541473,0.0,0.0,0.0,0.0,0.0,0.0,0.0,0.0,0.0,0.0,0.0,0.0,0.00022025733520709663,0.0,0.0,0.0,0.0,0.0,0.0,0.0,0.0006056402169359809,0.0,0.0,0.0,0.0,0.0,0.0,0.0,0.0,0.0,0.0,0.0,0.0,0.0,0.0003254282844373962,0.05304900835511825,0.08212066038621338,1.9007582702485422
0.015743242130330834,0.0,0.0,0.6972289657854531,1.0667548486224117,42.884828642246966,0.8863502580105773,9.163604698333922,0.36267534257682427,12.437071965639769,0.07107841899807293,5.833845546166747,0.006793458484067793,0.31959727291215473,1.67036857502571,0.0003234458364082918,0.002084266365364305,0.006431036361842332,0.0016336284830242567,0.7040649063070075,0.0010389920794376818,0.0031264627498582198,0.001956910706286119,0.06551171641952537,0.0,0.010769120540456962,0.0030730598717472082,1.4312504729332043,0.2099702354658162,0.0071572906452389284,0.0036773055278114626,0.15177147536423582,0.0032004405307308388,0.044386777264322406,1.4982124373365469,0.296586705271153,0.015593143913751557,0.11578561849807635,0.03675802026399781,0.4966904238738566,0.008683247561208791,0.0025621077434332023,0.13580462957888403,0.0010119038866208282,0.003921243422875782,0.0003513981582492484,0.03894437003722782,0.0,0.0,0.0,0.0,0.0,0.01014186575687911,0.0,0.0015802368104950344,0.0,0.002304642879799043,0.06785084110979216,0.0023680540281437136,0.0,0.058997528158879486,0.0,0.0,0.001031079724915529,0.0,0.0,0.0,0.0,0.019080793075130793,0.0,0.0,0.0,0.015891250545960297,0.0003076134174576266,0.0,0.0,0.006376730092446036,0.0003150233327241835,0.0,0.0,0.0,0.0,0.0032516086078821257,0.543458320009195,0.07640315920471882,4.4289332729288375
4.689158424573856,0.019908549398063496,1.1737041957197332,0.31480324831670564,0.00041916310819589735,0.8863502580105773,53.100796853977684,6.135784775804856,1.0462632070921916,7.63369599105492,0.060111005639449044,0.106460106025894,0.0017039988996954587,13.897702184232749,0.04344223278171841,0.041296300120972636,0.8756938045249776,0.0009543417427020082,0.09614570408824592,0.11101832697207957,0.5918974082699229,0.07489000015898432,1.0763847779235132,1.4479967667700957,0.0,0.32361066489619605,0.22898494286252843,29.62233479842432,3.597315288581122,6.939436425520558,0.0,0.016058466191899427,0.27328254834060767,1.1578095849590808,0.030627172897779005,2.4164805846874113,0.12180808997198735,1.8416820862259622,0.7195503733324119,0.06400239569723758,0.05341581867952266,0.06100272932697324,0.22322627916321558,0.01406263307361653,0.0,0.0023486609724619133,0.2692135280207621,0.0,0.007351453528530071,0.0,0.0016325581091498175,0.0,0.14361673975249853,0.0,0.006337916641016495,0.020531717759762036,0.007037352393824997,0.4866202891240954,0.0007130186347068601,0.0,0.35226929543149405,0.0,0.004193068752276916,0.01113134917607641,0.00048776953858844526,0.0,0.0,0.0,0.18588192432091505,0.0027235047073819333,0.05123785963054948,0.0009297644474226053,1.821364603746453,0.006424461703262874,0.0,0.0,0.36673041389124506,0.005079784807400769,0.011721884827577751,0.0,0.0,0.0,0.030845521027125445,0.001701530404215465,0.6575415488158908,0.7307500013272777
0.23921389872587992,0.00019740655742084843,0.036530539502133905,1.0169380460560709,0.10603574243401225,9.163604698333922,6.135784775804856,44.747535415737545,0.47849526739564935,5.916904452737709,0.4510926246924476,1.487709442375361,0.0510262440033699,11.739296336859947,0.23359471718054658,0.0026223519054843925,0.008635952063575819,0.05812985558130429,0.010457298089454633,1.13197940148485,0.04165567840477074,0.00593838146730407,0.053135848799510915,0.3359361455929624,0.0,0.06250905953871298,0.01761850109417904,2.7359151853542714,1.5188388066394483,0.3300506052237732,0.01443376905144985,2.038906968095768,0.03251844796736739,0.2864197482047445,0.02723514223047411,0.9307138330875709,0.07739228123810725,0.8189008779389888,0.36483802248117914,0.15844170555789025,0.04547306199130434,0.04989684870089842,0.17818422816865467,0.0433741656896204,0.043227318073948855,0.016284973933266146,0.10200168138921581,0.0004491532612170124,0.004270361033547554,0.0,0.0,0.0,0.0,0.0,0.0,0.0,0.0007903530660550112,0.10805494690734081,0.0,0.00034774897217540414,0.042983430060959144,0.002387677229385571,0.0,0.004884719736890337,0.0,0.0,0.0,0.0,0.013115860235811228,0.0,0.0019516970190215943,0.0,0.10688330947538091,0.0,0.0,0.0,0.005904604825360923,0.0,0.0,0.0,0.0009775831005576616,0.0,0.008676663792996253,0.001143581536654591,0.1780050422524547,2.3166005199408417
0.0471683970286086,0.7217378786065416,0.012054443697447011,2.4344533681327323,0.015681697544490707,0.36267534257682427,1.0462632070921916,0.47849526739564935,8.499711624549585,0.5629573558676574,0.0030320940303006586,1.1944394159836194,0.04143981567546809,0.23850207777323804,0.5987636118130986,0.002480118500299394,0.010932156996270091,0.00017059759915729895,0.0005103941874428045,0.3795566631393042,0.006081894988345804,2.878203088895293,0.0048649038608159535,12.473188502725874,1.092953970624196,0.0170605398991127,1.5413689406476925,2.9926793861749608,0.27006766108979063,0.07202249020749224,0.0,0.014986647337901112,0.02127709903764292,0.08981441712992472,0.002600047922705343,0.5034935436680639,0.03214652632136979,0.14593771312865503,0.05813652496765091,0.5848602895260281,0.055053101072177174,0.023488803189338266,0.6423706218843231,0.013885413328282135,0.13214497444544593,0.05717219683661167,0.18749205924414675,0.017141967199191085,0.0,0.018313196831967027,0.008805204322488694,0.00030443533385119385,0.6688195391937487,0.001128665963455549,0.07752510517441394,0.15308973229393547,0.22721340692958925,0.6132346849968845,0.280546727876921,0.0,0.4446139736821641,0.008260825096287875,0.09350925238295722,0.013651946236962396,0.0018835846086474705,0.0004552345557026966,0.0,0.0,0.3615533668202702,0.001978072531010274,0.046256497184040984,0.0022653012512325395,1.2017260950045248,0.022435076329746215,0.0003423443355825898,0.01646204359972622,1.4237319222710878,0.12933322097317518,0.06801621139375522,0.0,0.0006346971217195384,0.01880387124625019,0.0811241240120846,0.013461049286028825,0.10760599284524595,0.931974795072353
0.15649661893501704,0.0,0.0024737422033366675,8.186849502413466,0.008190245046510102,12.437071965639769,7.63369599105492,5.916904452737709,0.5629573558676574,101.15999372868316,0.014641413946618574,15.505869807006153,0.0,1.7829864051617532,0.22657131336997974,0.0,0.0,0.0,0.0,8.151107252385787,0.002035937565009331,0.003599540550628029,0.0024777970751673688,0.11863667968703122,0.0,0.0012917735653062857,0.002105660916622218,13.274938883718663,1.1616202222029872,0.023190625787059105,0.0,0.009474166860653915,0.016526790287376074,0.44624447061577377,0.4997703153240831,1.1152819989786884,0.016861525673157837,0.7957476220161561,0.28831577279385834,0.3595751456298211,0.047228152672142636,0.012886664939186523,0.2306581062448553,0.0,0.0,0.0,0.09801253752547004,0.0,0.0,0.0,0.0,0.0,0.013690404809849916,0.0,0.0,0.0,0.0,0.1582583928231581,0.0,0.0,0.127746222433106,0.0,0.0,0.007545594878460522,0.0,0.0,0.0,0.0,0.04478899630195666,0.0,0.0,0.0,0.17168067491731318,0.0,0.0,0.0,0.004336094759140612,0.0,0.0,0.0,0.0,0.0,0.0037117155439030307,0.01766053687581781,0.12030892287685399,1.3577330050570149
0.03626106306983784,0.010152103755027599,0.027340623083954473,0.0016111859671134516,0.0,0.07107841899807293,0.060111005639449044,0.4510926246924476,0.0030320940303006586,0.014641413946618574,28.223694230159257,0.043196139563395186,1.780864296974468,1.2260700669548377,0.0032123699057159346,0.002191807091229456,0.38692728237619595,4.958479407894558,1.112762751455705,0.034788125868931825,0.15084283313052252,0.0022165950700780337,0.2372741640239116,0.007231696758990108,0.0115482897081022,2.403337047217709,0.4984482334385271,0.024388399674267015,5.266397418586436,0.17560839075129375,0.3710147860643916,0.26110498751480493,0.033712996078182365,5.669738999981324,0.0014311262115585034,0.6532906639761168,1.4206976655430466,4.715951539504173,0.5895613635377212,0.06302780400102286,0.017682654597479076,0.4931674614489605,0.0017641085379604075,0.08526833755107814,0.025772461105926715,0.0043090398216065915,0.0,0.0,0.008270207397257555,0.0,0.01642460014136728,0.00019436394968670292,0.0,0.0,0.0,0.0,0.0,0.0011338157070483025,0.0,0.022764768027355702,0.0,0.21334233962832644,0.0,0.0,0.0,0.0011954959017905953,0.009281050415570759,0.0028088822052957287,0.0,0.0,0.0013192118509884137,0.0,0.0,0.08996343486012923,0.04067414536527609,0.0798415186631017,0.0,0.00045582633471205635,0.0,0.013779600737934475,0.0,0.0,0.006991669687711214,0.0,0.047486347748630996,0.27749452745861813
0.019982231896683664,0.002286127230881857,0.0,4.930525071669395,0.00601901320955181,5.833845546166747,0.106460106025894,1.487709442375361,1.1944394159836194,15.505869807006153,0.043196139563395186,80.05543525669638,0.0001481460386718293,0.7587594797065321,1.9157148186303505,0.0,0.0,0.00161297592771708,0.002127519693577152,12.320094977625756,0.0,0.005726184193956837,0.0,1.502636925937737,0.0,0.00024067157721147217,0.0015335347177246506,1.7045901094920464,0.6752241615349334,0.0020396742519660114,0.0,0.01172972938905835,0.0012772979888894646,0.25189492377298356,1.2588099290985093,1.1874205184590538,0.015854949238616307,0.4626563051379249,0.15350396634316865,0.9809159649800495,0.03478736868515134,0.008945772329577167,0.5531099732089041,0.003685789320396059,0.0033892601323590476,0.0017991812947870415,0.2508200931458851,0.004228755849420611,0.0,0.0,0.0,0.0,0.37820762397575153,0.0011791387654506188,0.0238859299049769,0.008888921011593718,0.020138621373551255,0.12024902409263306,0.06430949490156807,0.0,0.5683072635758091,0.001093109378446412,0.003972214659636037,0.04977497538128484,0.0005933088101458747,0.0,0.0,0.0,0.41517379423543843,0.0014455255511783005,0.0,0.0,0.19841471093275825,0.0005598446937238565,0.0,0.0,0.3720534942741985,0.0,0.0019204458166256582,0.0,0.0,0.0004758392940540867,0.004062525169265964,1.1397235406816146,0.13424893048678105,1.8917193027142163
0.0,0.32832507853087245,0.0,0.0,0.0,0.006793458484067793,0.0017039988996954587,0.0510262440033699,0.04143981567546809,0.0,1.780864296974468,0.0001481460386718293,12.795400152982403,0.08190305889614874,0.0009790737011063483,0.0021532803376202586,0.013126721717637662,0.08185735405674995,0.022897768621930832,0.0004152164362589275,0.003180726908017873,0.05794413170734937,0.008157582123845675,0.011184194789632314,0.7653438699169459,0.48813867110644515,2.9184540405641854,0.0,0.43706373073299837,0.0007893312199236937,3.8118155363478405,0.03760146468012396,0.0004921064895783257,0.6898719444368058,0.000991716034752983,0.3078434974110227,2.723808717315274,1.9149250975271503,0.30585011786692734,0.021824814091078386,0.012654658451454148,3.4900012424634905,0.10981078733965326,1.5658732839366774,0.5009402359014374,0.12017907468030205,0.0010203222304511757,0.0012902613128110275,0.06453467540361471,0.0,0.7719975901637355,0.0,0.0,0.0,0.0,0.0,0.0005001810648028617,0.005919053726496979,0.0,0.8627531981928901,0.0,6.661426255888763,0.0016692870043564685,0.0,0.0,0.002134716258062041,0.5032257851776706,0.07533981145718958,0.0,0.0,0.1491896063296394,0.0011486963856383924,0.0,2.3823076555098917,1.320496495659942,2.84517254551235,0.0014016832735111492,0.011207856463556808,0.0,1.2716329731354838,0.004488814651939948,0.0,0.2078650542075016,0.0003124747212184492,0.02878093836100692,0.04297493349750698
5.053051604814676,0.0038642355906373512,0.10890850251422893,0.5057069496637182,0.004147973270113224,0.31959727291215473,13.897702184232749,11.739296336859947,0.23850207777323804,1.7829864051617532,1.2260700669548377,0.7587594797065321,0.08190305889614874,31.498093739509002,0.023029614856632106,0.003548279970015337,0.06494345112968848,0.1991693074936987,0.06360950370268378,0.7164593590724506,0.08270918954198762,0.010017652136138571,0.14854462584242828,0.29272050906029423,0.002926546563538805,0.18829743007156338,0.06671708054119783,1.9869903776700484,10.11590511258911,1.6855199998730397,0.03739822628447122,0.41486730508790276,0.10773528611473263,0.7346383299571833,0.016745589200576404,0.9309446841558767,0.12061305163511461,1.1706415628937648,0.37844970432002284,0.11960111587142358,0.0384018215601547,0.048246469894895574,0.061793700000042036,0.028566860050874075,0.03750489660657483,0.012784296950204766,0.05649041542839624,0.0005545002177051814,0.00639745331865812,0.0,0.0,0.0,0.0,0.0,0.0,0.0,0.0,0.0656462999444348,0.0,0.0,0.010325237576540497,0.001302634795881051,0.0,0.0,0.0,0.0,0.0,0.0,0.000384176570747202,0.0,0.005804713531645574,0.0,0.03739280666484299,0.001989599553753447,0.0,0.0,0.0,0.0006569843713800229,0.0,0.0,0.0,0.0,0.004711213514382992,0.0004366190741793316,0.18943752820006432,1.1539348656047368
0.0003114421763782796,0.01198793641395954,0.0002148718296690907,0.11503991969090498,0.29630751584582365,1.67036857502571,0.04344223278171841,0.23359471718054658,0.5987636118130986,0.22657131336997974,0.0032123699057159346,1.9157148186303505,0.0009790737011063483,0.023029614856632106,0.5506851174623815,0.0,0.0,0.0015502972748541405,0.0008137189762827445,0.04239888608423219,0.0,0.015464147483670964,0.0,0.1367934145003492,0.01752999490154579,0.001345006227328397,0.04669299743760285,0.1233052051131082,0.015410454213975881,0.000480645925451193,0.0,0.1874369312879025,0.00028310136070643413,0.0033939582502226593,0.0,0.0922107988874126,0.001507834171260696,0.0071733973028401034,0.0019172597531690355,0.2559823721621807,0.022073278419733673,0.0007014386272343868,0.047391997394205104,0.00025869243414857634,0.0,0.0,0.02623257186085168,0.0,0.0,0.0,0.0,0.0,0.030198587426595126,0.0,0.0023479147195553268,0.00026913704624157765,0.0012597729328232116,0.009227084174407542,0.0,0.0,0.06289784646581288,0.0,0.0,0.004514058402352314,0.0,0.0,0.0,0.0,0.03591826525290512,0.0,0.0,0.0,0.01805355080086585,0.0,0.0,0.0,0.03074090975810764,0.0,0.0,0.0,0.0,0.0,0.0,0.000620263365233101,0.0008341202556429126,0.842786196761994
0.0022827263581700966,0.2679224254239398,0.13402433871828986,0.0,0.0,0.0003234458364082918,0.041296300120972636,0.0026223519054843925,0.002480118500299394,0.0,0.002191807091229456,0.0,0.0021532803376202586,0.003548279970015337,0.0,21.083107706051667,0.12626086345130588,0.0,0.014200291473771416,0.0,7.9436121229402605,3.284774183305194,10.018171088962657,2.8235464791911746,0.02752544536847005,0.039026798298536815,7.112186088931538,2.389176106267234,0.045453750106076475,0.11798569821284097,0.0,0.0007181008554446082,0.01274277407600402,0.10376487800034362,0.0006843498314617216,2.273819882994342,0.4805531568097899,0.38964066785183665,0.5155929223620048,0.003033860259850128,0.00033659549148249313,0.011980334294320117,0.308337365990248,0.1806672094155089,0.0403993916483038,0.037923679125532114,0.012544808617372238,0.0005292380161954274,0.0024758398785381386,0.00030359739520422076,0.01617500046837176,0.04191467740143115,0.00030125750076816677,0.0,0.0,0.007740607340997803,0.0,0.010138755693290402,0.0,0.0,0.0,0.0012852526003014268,0.0,0.0,6.1082813155809035,0.004685587369486473,0.0,0.0,0.0,0.9284410310072189,0.9999376862651471,2.4827978425449606,1.2107104113452527,0.0060341800519007616,0.0005505039916559387,2.598908781733862,0.9191968164351854,0.014337112700443862,0.0658655550353281,0.0,0.0,0.007381796625819466,0.053564557278020536,0.0,0.44456662033136063,0.19032225291371427
0.005880639104809517,0.1671766634885876,7.750729816814147,0.0,0.0,0.002084266365364305,0.8756938045249776,0.008635952063575819,0.010932156996270091,0.0,0.38692728237619595,0.0,0.013126721717637662,0.06494345112968848,0.0,0.12626086345130588,7.8886856101711045,0.4071443308287186,4.843246698969166,0.0,0.8692853804531747,0.04847924581001161,4.652221110310503,0.048202955065824386,0.0019102734360828483,5.113764103732521,7.059785927014542,0.4876083406229516,0.10158122405695659,2.206908235464524,0.013967599579611535,0.0,0.018695606906831926,1.9516327243137066,0.0,0.9621387618053526,0.4487777015120827,0.7845008039873399,0.34625375274389336,0.006890031747723896,0.0,0.00043800562898329887,0.04586480383926516,0.05526262269614803,0.060557488497339905,0.016509617425889245,0.0,0.0,0.0,0.0,0.08424142343249405,0.30145823613569184,0.0,0.0,0.0,0.0,0.0,0.0012349007205166088,0.0,0.0032926702195776613,0.0,0.0008907213573059408,0.0,0.0,0.0010591136202846723,0.2995442564557845,0.0027064604406881127,0.082436767738296,0.0,0.0,0.016432899009019657,0.013546294893565198,0.0,0.0032072858011975387,0.4541410132806602,1.3711640235620046,0.0,0.0,0.0,0.0006363583812640613,0.0,0.0,0.05745092923240428,0.001183064211840584,0.05585374384711538,0.038095662732084125
0.0038529437899517804,0.02314250068420237,0.035888228967892295,0.0,0.0,0.006431036361842332,0.0009543417427020082,0.05812985558130429,0.00017059759915729895,0.0,4.958479407894558,0.00161297592771708,0.08185735405674995,0.1991693074936987,0.0015502972748541405,0.0,0.4071443308287186,7.424631780697605,2.1149255004665233,0.0,0.047557141141786406,0.0015631122054116768,0.10346644920744585,0.00039640597372827776,0.030849524986628286,6.008839931885858,1.0441547057807452,0.0003986876049651334,0.26702243544650095,0.018496708511903104,0.15993916398708277,0.005174084295379548,0.004347070263830667,0.5993575601740184,0.002015826387868966,1.1698634396288843,0.9308792521678189,1.9891406227121373,0.5490962031106783,0.014207395997850515,0.001611048881045671,0.007183807920703329,0.0005483288202432618,0.061153808353170386,0.03595967431713855,0.008329410892121062,0.0,0.0012659772051705014,0.0008010647865916552,0.0,0.007850043298761124,0.0,0.0,0.0,0.0,0.0,0.0,0.0,0.0,0.023535631631961904,0.0,0.018624508555564454,0.0,0.0,0.0,0.0020115054038621198,0.04698493175091147,0.03543471777934185,0.0,0.0,0.0,0.0,0.0,0.06797720812840925,0.15968804963897057,0.21386464820539766,0.0,0.0,0.0,0.006454757399678972,0.0,0.0,0.010725497805286607,0.0,0.032043402397370836,0.045896513008248124
0.0030163915123178945,0.08036939796099395,1.0385108125501414,0.0,0.0,0.0016336284830242567,0.09614570408824592,0.010457298089454633,0.0005103941874428045,0.0,1.112762751455705,0.002127519693577152,0.022897768621930832,0.06360950370268378,0.0008137189762827445,0.014200291473771416,4.843246698969166,2.1149255004665233,6.5520633146634655,0.0011292113237792905,0.2602493016883223,0.008625948760721251,0.8493887744857003,0.000823065668578919,0.0131655383258563,9.057490471346467,3.114309616996717,0.030362634548871895,0.13479621306663164,0.421579537454347,0.04441355213258927,0.001112640552148512,0.009864338255499946,2.076344807491375,0.0011177415038804387,1.3894501317123162,0.74793640641101,1.4118562894163533,0.37180566236969925,0.008462332255892538,0.0,0.003797395961513201,0.0075372965887477,0.04757330189290143,0.04425434249954169,0.005231531572860302,0.0,0.0,0.0,0.0,0.04200355522429576,0.02086736634122766,0.0,0.0,0.0,0.0,0.0,0.0,0.0,0.005071667430300914,0.0,0.003920948459725087,0.0,0.0,0.0,0.05819108652651184,0.012708179829078143,0.07436123723578802,0.0,0.0,0.0015602905195095686,0.0,0.0,0.03193157740994855,0.4441176279840944,0.429160898739871,0.0,0.0,0.0,0.002327024967133928,0.0,0.0,0.020764853151598806,0.0,0.03833671258507299,0.015091316699218447
0.037114044603479925,0.0003344166655110865,0.0,24.29027834338752,0.0,0.7040649063070075,0.11101832697207957,1.13197940148485,0.3795566631393042,8.151107252385787,0.034788125868931825,12.320094977625756,0.0004152164362589275,0.7164593590724506,0.04239888608423219,0.0,0.0,0.0,0.0011292113237792905,13.909079639841766,0.0019632005916087603,0.0004753903716472747,0.0014826194216028552,0.3697980263865711,0.0,0.0,0.0,2.217386137806032,0.7354765779072606,0.008259751985226764,0.0,0.017799929331622902,0.004883820126275108,0.3235971873244366,0.00963926783360914,1.0226028465001415,0.0311613033726998,0.5827134505983922,0.21702574819070525,0.21880641360366676,0.0530020488158053,0.01151922502544084,0.1743597741894755,0.0005210668535167334,0.0,0.0012586790427633384,0.105027773142862,0.0,0.0,0.0,0.0,0.0,0.10922993370372068,0.0,0.011706079837055964,0.001449813688459379,0.011395365880754148,0.14614746897016626,0.0,0.0,0.2300113966344544,0.0005029810231401377,0.0,0.01755432376414892,0.0,0.0,0.0,0.0,0.1594084489219073,0.0,0.0,0.0,0.18018228994384536,0.0005768083365479799,0.0,0.0,0.08454053204392756,0.0,0.0,0.0,0.0,0.0,0.0029802099728830425,0.0,0.09667843106781009,0.769503181859247
0.04531738772782981,0.014856544417307235,0.5503148187569766,0.0003108456005254135,0.0,0.0010389920794376818,0.5918974082699229,0.04165567840477074,0.006081894988345804,0.002035937565009331,0.15084283313052252,0.0,0.003180726908017873,0.08270918954198762,0.0,7.9436121229402605,0.8692853804531747,0.047557141141786406,0.2602493016883223,0.0019632005916087603,35.69869363396801,0.029235006781234328,30.989538558505938,0.8926125555214309,0.0002823212832559855,0.1647429173069129,1.7046180045241128,10.952769712601038,0.651237792069185,15.405489666473802,0.0014037734893296585,0.001850134921596808,0.22348564716194075,4.158426742101848,0.008608145450711495,3.5982786060256875,0.3387474782179127,2.899753852808217,1.2640447205961012,0.010958083365248136,0.004296106986043654,0.03547888229867199,0.179718336327597,0.08535391317817022,0.009520165091772566,0.008576818933988406,0.004799360415001897,0.0,0.006634717479933152,0.0,0.002463130804800765,0.004830023722988139,0.0,0.0,0.0,0.0,0.0,0.0049837749708842236,0.0,0.0014311421988115964,0.0,0.006311289330914261,0.0,0.0,0.5402537569966135,0.0018779006714719295,0.0,0.00021805727361434458,0.0,0.31461832780624804,0.1485598163707547,0.07851908854235344,0.4848022169709615,0.017703444516080545,0.0038017145888521947,0.05910699297480898,0.43063386978719936,0.030365489018990284,0.08274778628772732,0.0,0.0,0.028651265148742732,0.05229779876648182,0.0,1.4207758644812296,0.4860246497647862
0.006440774086218191,2.9131073365757496,0.04531030148364495,0.018121181638435707,0.0,0.0031264627498582198,0.07489000015898432,0.00593838146730407,2.878203088895293,0.003599540550628029,0.0022165950700780337,0.005726184193956837,0.05794413170734937,0.010017652136138571,0.015464147483670964,3.284774183305194,0.04847924581001161,0.0015631122054116768,0.008625948760721251,0.0004753903716472747,0.029235006781234328,7.382188050470875,0.07821699698091912,7.500465639787849,0.9202217906339578,0.028707541665532684,5.0524646188271864,0.4977804761795824,0.03328845981893013,0.027929360931491187,0.0006811839710670443,0.0,0.004235098763047115,0.015838926559701587,0.0,0.1221711191584572,0.04341865177590573,0.05076666977674864,0.03423912742596385,0.01881681614019404,0.0,0.04714685013988918,0.060212784892085404,0.029943749958919307,0.022421230702698244,0.01440260853318619,0.0004589301371576575,0.0,0.00012653448413694064,0.0,0.03325790452692017,0.04006618766289805,0.0,0.0,0.0,0.003004071247022199,0.00038687385721303263,0.03053103586989822,0.0,0.0005159661534006112,0.0,0.021291511250755037,0.0,0.0,0.466916646205413,0.012020636456691556,0.0,0.0011417072914322805,0.0036951080317524673,0.11065392864657843,0.8566706555073628,0.11322467443367829,0.34344364806828703,0.047984519995913154,0.00845170608133082,0.5876297510973814,0.25336832174461826,0.014681845783497642,0.02753341041896413,0.0011085772722473845,0.0,0.0037210395075117663,0.02001535556511843,0.002078447797104706,0.06347947528585732,0.012247365785039686
0.027906222732898812,0.11333656944689838,14.394014755684688,0.0009806375100804643,0.0,0.001956910706286119,1.0763847779235132,0.053135848799510915,0.0048649038608159535,0.0024777970751673688,0.2372741640239116,0.0,0.008157582123845675,0.14854462584242828,0.0,10.018171088962657,4.652221110310503,0.10346644920744585,0.8493887744857003,0.0014826194216028552,30.989538558505938,0.07821699698091912,72.1868457451286,0.3913184038870317,0.0011344220882707466,1.1122248996667359,14.61772103562317,4.088133993826142,0.2541497161193469,4.810902340720731,0.006412238169617956,0.0024153526029420634,0.0762978257755539,3.5984007546505596,0.012365470683108441,8.302284697158221,1.4570068103575935,3.7697263126623124,4.379552002302968,0.012192752145757973,0.005185925540502986,0.011789141181996001,0.2687870326180747,0.1560484039579343,0.07818621738925931,0.07947446380528984,0.0014241699038748546,0.0,0.0007331092135797549,0.0,0.05785417801302818,0.4039062982856015,0.0,0.0,0.0,0.0,0.0,0.0009806028417193935,0.0,0.0,0.0,0.0008798395682755698,0.0,0.0,1.3364017553212315,0.06704245092456641,0.0,0.003920908573825683,0.0,0.11504215193640684,0.17377469306792243,1.462838888218872,0.10375730066212968,0.0039969070340071045,0.0297409662738685,3.1018207212633957,0.06665707561552638,0.00023048322337399088,0.005080258533566775,0.0,0.0,0.001088423479182204,0.07834731901823783,0.0,3.360107184863004,0.8226272352819763
0.09268389843917302,1.1512757858137317,0.10115168620870627,4.316064399163741,0.0,0.06551171641952537,1.4479967667700957,0.3359361455929624,12.473188502725874,0.11863667968703122,0.007231696758990108,1.502636925937737,0.011184194789632314,0.29272050906029423,0.1367934145003492,2.8235464791911746,0.048202955065824386,0.00039640597372827776,0.000823065668578919,0.3697980263865711,0.8926125555214309,7.500465639787849,0.3913184038870317,33.573894549359004,0.4481847357788414,0.02740988804643455,2.5570470597226813,14.374043993019571,0.546361521653559,0.4674756891025189,0.0,0.0011313974308299344,0.09883249808596353,0.19027044379869273,0.00410578553349663,1.0058592602615835,0.0852695545568538,0.4048562425181026,0.1803438939814261,0.2813918654637103,0.021884233618804767,0.050845289428212426,1.1199804918546625,0.08190203019825064,0.05352181279370532,0.022536335672559544,0.20545747987456878,0.0,0.0066352208814705205,0.007491527666654583,0.018854163320854527,0.00546131215333521,0.5087169565976967,0.000380838661461563,0.004231776443988381,0.20198549381922223,0.1385084385172446,0.9136199647043252,0.06480366399525572,0.00097592544762771,0.2970320178157286,0.0030232607961327533,0.01375359566655515,0.01064844203000603,0.5008366949247993,0.0,0.0,0.0,0.3168588839619593,0.37714576984995085,0.5636917712204318,0.052616067014755644,5.835959019126038,0.024080898126919572,0.0,0.07038869205381222,3.560367007550324,0.15564655624284687,0.3227154927744961,0.0,0.0,0.07954331755814062,0.15449427859174367,0.0,0.1624301737773067,0.38078504935295493
0.0,3.1127128213894117,0.0020288329472873995,0.0,0.0,0.0,0.0,0.0,1.092953970624196,0.0,0.0115482897081022,0.0,0.7653438699169459,0.002926546563538805,0.01752999490154579,0.02752544536847005,0.0019102734360828483,0.030849524986628286,0.0131655383258563,0.0,0.0002823212832559855,0.9202217906339578,0.0011344220882707466,0.4481847357788414,1.8629469841782098,0.20110419692358456,2.2679568778016,0.0023314207828704857,0.0021106214781448137,0.0,0.017925491219568466,0.00040482243377797697,0.0,0.026737756632551117,0.0,0.06883681206209698,0.30169242320741946,0.08220375110987786,0.023221286899415234,0.008631286442142186,0.0,0.20062240271945936,0.14549304001825603,0.3417926382060766,0.25919306075227455,0.0566347685912555,0.0,0.0,0.00864980711779206,0.0,0.16846865331934685,0.0004030838013419057,0.0,0.0,0.0,0.0,0.0,0.004654042815956004,0.0,0.10942460057237552,0.0,0.4265138360870627,0.0,0.0,0.00024851118041630053,0.023107351843757274,0.23730806693086512,0.22616092161123857,0.0,0.0,0.01308565885235406,0.0,0.0,0.7249984655813723,0.9972967296942312,1.4989154473077821,0.0,0.007200061305153843,0.0,0.08827811236142995,0.0010526169230354618,0.0,0.09188014605681387,0.0,0.001967011374989535,0.005901624707680161
0.0025248188822911497,0.15962729223795383,9.032614150948216,0.0,0.0,0.010769120540456962,0.32361066489619605,0.06250905953871298,0.0170605398991127,0.0012917735653062857,2.403337047217709,0.00024067157721147217,0.48813867110644515,0.18829743007156338,0.001345006227328397,0.039026798298536815,5.113764103732521,6.008839931885858,9.057490471346467,0.0,0.1647429173069129,0.028707541665532684,1.1122248996667359,0.02740988804643455,0.20110419692358456,55.06908063038911,22.877444182308007,0.18150648398361016,0.3229625754587172,0.4155958366637568,1.8141653208554334,0.0053719732725170085,0.004885558712587687,0.655709861066672,0.0037153927215978753,4.369028448648623,3.2996168948374547,3.169428998572321,1.0600211630896006,0.014624590963826232,0.002179120780165254,0.023534421159305787,0.2484157008386607,0.5809457356245522,0.5022253252737993,0.12761609247752875,0.0,0.0004515268986311701,0.00048592331848735615,0.0,0.2359942888453682,0.28480448407126735,0.0,0.0,0.0,0.0,0.0,0.0002070679673179753,0.0,0.15417367080269784,0.0,0.20122792848427984,0.0,0.0,0.0024392988258782372,0.80661016509618,0.35150215745314234,0.9206147298048595,0.0,0.0,0.013797515466286964,0.0075670661205436045,0.0,0.3954380378994303,4.194948946912544,4.748825298552365,0.0,0.0007521626983793192,0.0,0.11675001707266522,0.0,0.0,0.25410389889530716,0.002696551208765504,0.08534799344166517,0.07874037540309842
0.0005826910805533595,10.013712084305192,18.228393762455028,0.0031097016891934027,0.0,0.0030730598717472082,0.22898494286252843,0.01761850109417904,1.5413689406476925,0.002105660916622218,0.4984482334385271,0.0015335347177246506,2.9184540405641854,0.06671708054119783,0.04669299743760285,7.112186088931538,7.059785927014542,1.0441547057807452,3.114309616996717,0.0,1.7046180045241128,5.0524646188271864,14.61772103562317,2.5570470597226813,2.2679568778016,22.877444182308007,83.78892513770185,1.913960593282312,0.12899640607914048,0.5855267343852447,1.7252998998196762,0.0009352231698824792,0.011717530055410012,1.7740468501746598,0.019430546206938976,10.788349087268815,2.6026468843518034,5.009923269628274,3.6135848951788594,0.06988975956474744,0.002216525695789518,0.06755442885234876,1.6740690328514765,1.8148414174181433,1.572560446133872,0.6134546260924075,0.01576926275248933,0.0,0.010810151059060228,0.0,1.9174507177986746,2.510178425887406,0.0,0.00026507801722742524,0.0004870634106951741,0.0,0.0,0.014528129429300214,0.0,0.5633207115527898,0.0,1.0078851822474537,0.0008327981630359056,0.0,1.1587312048179217,1.784181299775502,0.8783111767354839,1.3846049510511753,0.0,0.09458346527294022,0.7740503319534061,2.5255508063956444,0.13310738307136968,1.37271612426711,6.679620327340977,25.075662772406858,0.057803491186651554,0.008161831575090622,0.0024387514662223522,0.4833321113795948,0.0,0.0,0.828338178767505,0.0,0.9454774149738487,0.25324772253109146
0.5262632528393559,0.09168363499284889,1.3760153472069623,13.479970021242739,0.0010928011181347984,1.4312504729332043,29.62233479842432,2.7359151853542714,2.9926793861749608,13.274938883718663,0.024388399674267015,1.7045901094920464,0.0,1.9869903776700484,0.1233052051131082,2.389176106267234,0.4876083406229516,0.0003986876049651334,0.030362634548871895,2.217386137806032,10.952769712601038,0.4977804761795824,4.088133993826142,14.374043993019571,0.0023314207828704857,0.18150648398361016,1.913960593282312,59.8343202893094,3.011449657680796,11.82854182851547,0.0,0.008954267122175372,0.4899711088963701,1.3837182808505115,0.04139066743229186,4.715814654384859,0.3186000878870629,3.109067511077124,1.3167587412275443,0.3028423957499159,0.07647289189562631,0.1451357981330041,1.2562548873947406,0.09912818758699629,0.013108741836813737,0.006741171843092855,0.5545570765057026,0.0,0.02359008288455738,0.0026015048658471485,0.004804450000478407,0.0,0.4696399877334064,0.0,0.0042388525882808515,0.10057061990287944,0.07570219996339786,1.3041542716931018,0.01000290058828436,0.0,0.9676411640265186,0.017935760005013523,0.0,0.04889399327844101,0.3654018651690939,0.0,0.0,0.0,0.6286896001511103,0.12234267618715634,0.45526245360571654,0.016587556248898593,5.599040697606986,0.05809318489291696,0.0,0.026214214800942645,2.0868707113823644,0.09743279203467045,0.1537047059631452,0.0,0.0,0.040503754282612284,0.09977164953656614,0.0,0.9306334535917972,1.4342385451853144
8.009480877313662,0.008911597503985003,0.019700947893208802,0.3429312377600923,0.007728578024196982,0.2099702354658162,3.597315288581122,1.5188388066394483,0.27006766108979063,1.1616202222029872,5.266397418586436,0.6752241615349334,0.43706373073299837,10.11590511258911,0.015410454213975881,0.045453750106076475,0.10158122405695659,0.26702243544650095,0.13479621306663164,0.7354765779072606,0.651237792069185,0.03328845981893013,0.2541497161193469,0.546361521653559,0.0021106214781448137,0.3229625754587172,0.12899640607914048,3.011449657680796,36.51877940437258,5.3071437326092195,0.07724480266119899,0.6050231641563669,6.742387371032363,6.32434447422317,0.01337453664890305,1.2838939443033617,0.24108363099960986,3.8951148011375087,0.7530068331568428,0.14366729405276044,0.3871064336148709,0.2268954282168534,0.0718214200984707,0.06710889791123316,0.0636363583726081,0.030501598944655338,0.021878054501847644,0.00048314138715406594,0.006985423951525124,0.0,0.0,0.0,0.0,0.0,0.0,0.0,0.0,0.08068998788571179,0.0,0.001344101097430073,0.000213845349825791,0.005602874979218505,0.0,0.0,0.0033800897318298773,0.0,0.0,0.0,0.0,0.011965593414102091,0.05073360033479313,0.0,0.14648428326622984,0.015098336906635182,0.0005794624553063412,0.0011744523746070514,0.07911669236930853,0.004450667642049076,0.017121141769139616,0.0,0.0,0.004973090520500011,0.023656717035907365,0.0012137040944015121,0.45480560229226286,1.4412048165096798
1.9497611292165442,0.019880696674205812,0.9702442160166938,0.021339946528716004,0.0,0.0071572906452389284,6.939436425520558,0.3300506052237732,0.07202249020749224,0.023190625787059105,0.17560839075129375,0.0020396742519660114,0.0007893312199236937,1.6855199998730397,0.000480645925451193,0.11798569821284097,2.206908235464524,0.018496708511903104,0.421579537454347,0.008259751985226764,15.405489666473802,0.027929360931491187,4.810902340720731,0.4674756891025189,0.0,0.4155958366637568,0.5855267343852447,11.82854182851547,5.3071437326092195,37.83548132181908,0.0,0.008755353416870879,0.9046887999842224,4.430367564759508,0.010684125011113245,1.2859003941655434,0.13959338240863017,3.058226825103077,0.6822124272972314,0.005179423599862008,0.007578436454900422,0.04560958282064957,0.09846263089967854,0.025621062162114475,0.0022608444514960733,0.0011181987615311096,0.03426109988616784,0.0,0.008515261917259424,0.0,0.004837612652278946,0.0,0.0,0.0,0.0,0.0007053783544295053,0.0,0.0730916802834814,0.0,0.0,0.010969573690196455,0.0,0.0,0.00024061586925391008,0.021554684720169977,0.0,0.0,0.0,0.0,0.031286518760800366,0.07258713654478209,0.0007401214074033135,0.34680599529172973,0.014539275147590899,0.0,0.0029257111097344486,0.16239940560655244,0.016790341348180703,0.019823466936491115,0.0,0.0,0.005290165521938438,0.02725805222208904,0.0,0.5864185097810741,0.2800613541907965
0.0,0.015542274616955688,0.0025316491155273754,0.0,0.0,0.0036773055278114626,0.0,0.01443376905144985,0.0,0.0,0.3710147860643916,0.0,3.8118155363478405,0.03739822628447122,0.0,0.0,0.013967599579611535,0.15993916398708277,0.04441355213258927,0.0,0.0014037734893296585,0.0006811839710670443,0.006412238169617956,0.0,0.017925491219568466,1.8141653208554334,1.7252998998196762,0.0,0.07724480266119899,0.0,0.528351955701793,0.0028117229814697683,0.0,0.05523141541781265,0.0,0.17353258387226614,0.6475017558604975,0.45005335887034814,0.09621835412306079,0.0010406348818159383,0.0,0.01161512452897336,0.0011717200129223717,0.09228825059493909,0.038832219860337226,0.004314945507195751,0.0,0.0,0.0009501743848910994,0.0,0.012391110188646406,0.0,0.0,0.0,0.0,0.0,0.0,0.0,0.0,0.05054993769198955,0.0,0.2289047954165257,0.0,0.0,0.0,0.0,0.07237133624885023,0.019445049401255122,0.0,0.0,0.0,0.0,0.0,0.0892911656924039,0.20387668350441926,0.2804533788270214,0.0,0.0,0.0,0.06885466190460676,0.0,0.0,0.011143019761597088,0.0,0.00032680084780045807,0.006391919920802931
0.002407780810229027,0.0,0.0,0.001516960794281237,2.446409315833324,0.15177147536423582,0.016058466191899427,2.038906968095768,0.014986647337901112,0.009474166860653915,0.26110498751480493,0.01172972938905835,0.03760146468012396,0.41486730508790276,0.1874369312879025,0.0007181008554446082,0.0,0.005174084295379548,0.001112640552148512,0.017799929331622902,0.001850134921596808,0.0,0.0024153526029420634,0.0011313974308299344,0.00040482243377797697,0.0053719732725170085,0.0009352231698824792,0.008954267122175372,0.6050231641563669,0.008755353416870879,0.0028117229814697683,4.183511171998748,0.0007240614267793415,0.4534339413434324,0.0062497156180869005,0.2162137109911998,0.03682342132582344,0.8523530197972367,0.2832690649673548,0.09359902226016405,2.4498424698718506,0.04359843058584707,0.003425757504612415,0.012799580561221786,0.012344989580819128,0.0041539616806186615,0.0,0.0007377233264787157,0.00046548324489808916,0.0,0.0,0.0,0.0,0.0,0.0,0.0,0.0,0.0,0.0,0.0,0.0,0.0032988206157984206,0.0,0.0,0.0,0.0,0.0,0.0,0.0,0.0,0.0,0.0,0.0,0.00041334464383554147,0.0,0.0,0.0,0.0,0.0,0.0,0.0,0.0,0.0011154431118509203,0.0,0.07509555821330008,2.330882496031825
0.21296711045214312,0.0,0.0056873288293789,0.009928151932417884,0.0,0.0032004405307308388,0.27328254834060767,0.03251844796736739,0.02127709903764292,0.016526790287376074,0.033712996078182365,0.0012772979888894646,0.0004921064895783257,0.10773528611473263,0.00028310136070643413,0.01274277407600402,0.018695606906831926,0.004347070263830667,0.009864338255499946,0.004883820126275108,0.22348564716194075,0.004235098763047115,0.0762978257755539,0.09883249808596353,0.0,0.004885558712587687,0.011717530055410012,0.4899711088963701,6.742387371032363,0.9046887999842224,0.0,0.0007240614267793415,3.0827636088058346,1.1379225985734995,0.002507109751724949,0.06049346763720154,0.009871470583064732,0.5133396598232912,0.044629397362364036,0.0013161804799087316,0.004446881155554579,0.006560234342858016,0.025806016594934884,0.003938248221451957,0.0013180013073263999,0.0021560659479091847,0.00274155583152764,0.0,0.00032149407652537346,0.0,0.0,0.0,0.0,0.0,0.0,0.0,0.0,0.011357217382530916,0.0,0.0,0.0013398913977650138,0.0007512142643450898,0.0,0.0,0.006459935487373353,0.0,0.0,0.0,0.0,0.011353899720488683,0.013731802200469498,0.00041221421814130677,0.060526210946563797,0.0016319914154957454,0.0,0.0,0.07069248473763262,0.0034993833855497644,0.008706634412474372,0.0,0.0,0.0,0.004788505354810124,0.0,0.08553921939731646,0.021681895578176156
0.19610056350057284,0.058076215603059596,0.2252468188435708,0.155232388309793,0.0004059292345324336,0.044386777264322406,1.1578095849590808,0.2864197482047445,0.08981441712992472,0.44624447061577377,5.669738999981324,0.25189492377298356,0.6898719444368058,0.7346383299571833,0.0033939582502226593,0.10376487800034362,1.9516327243137066,0.5993575601740184,2.076344807491375,0.3235971873244366,4.158426742101848,0.015838926559701587,3.5984007546505596,0.19027044379869273,0.026737756632551117,0.655709861066672,1.7740468501746598,1.3837182808505115,6.32434447422317,4.430367564759508,0.05523141541781265,0.4534339413434324,1.1379225985734995,8.265967122701932,0.12785764072225042,0.8228204997801288,0.4730054675711932,4.377677321644681,0.8364226201906815,0.062692725297189,0.6517077383987653,0.522753085824853,0.05035667205612174,0.09957065097145848,0.11446491004587246,0.029535807775436556,0.03644529494023539,0.0023876453196950264,0.039768786219832895,0.0,0.02154285316437914,0.03259009485166342,0.0,0.0007312055959446499,0.0,0.0015151379617053008,0.003621518847638958,0.02068024652537133,0.0,0.02251526519077503,0.0003197014630925049,0.033127863303055574,0.0015846691288512456,0.0,0.0035497229702672775,0.02558289133053071,0.0028997410019065465,0.006437497971734942,0.0007964076613485794,0.0042094103513106275,0.012882063527241637,0.009398677237056917,0.041477159968828815,0.04645568264844847,0.06525736967544563,0.19029092237083492,0.03181816252243153,0.01006224141634047,0.008194619308494555,0.002634555542910004,0.0052215085882606335,0.0,0.044005300229046966,0.018837538238322578,0.2693265244413225,0.30022393733093194
0.0014566941953344016,0.0,0.0026244320221994856,0.004134407628691904,1.8595029168081911,1.4982124373365469,0.030627172897779005,0.02723514223047411,0.002600047922705343,0.4997703153240831,0.0014311262115585034,1.2588099290985093,0.000991716034752983,0.016745589200576404,0.0,0.0006843498314617216,0.0,0.002015826387868966,0.0011177415038804387,0.00963926783360914,0.008608145450711495,0.0,0.012365470683108441,0.00410578553349663,0.0,0.0037153927215978753,0.019430546206938976,0.04139066743229186,0.01337453664890305,0.010684125011113245,0.0,0.0062497156180869005,0.002507109751724949,0.12785764072225042,255.0464297995568,2.6457290435799616,0.2538473076370461,0.35230823997087374,1.8206813521670393,0.023402458659183174,0.08073663291810496,0.03254820064337748,0.5873523934530929,0.13792628379401217,0.07403217920499489,0.9085130014500086,0.04610087361402962,0.011013051169068056,0.001945688818138118,0.0,0.00047643279759665685,0.010124944634091476,0.0,0.0,0.19562493688674962,0.00028314720843173257,0.00031069714890013606,0.0,0.0032289405938389117,0.0011938547630139806,0.19411263135268406,0.02264100980125598,0.0,0.07241089411216067,0.0,0.0033335499103763484,0.001444670035110039,0.0034416550392571397,0.0,0.0007528194474295985,0.0,0.015841046717982844,0.0,0.001966874177497099,0.0005152543803556547,0.0077789769047641715,0.0008525928757086238,0.0005787954124629418,0.0019451796234897561,0.0,0.0,0.0,0.3539776528687944,100.10857516117667,44.685203728772386,0.22829045008920879
0.12433340269981664,0.37506236131886866,1.9777826201354554,0.8875480670685025,0.013859929627364953,0.296586705271153,2.4164805846874113,0.9307138330875709,0.5034935436680639,1.1152819989786884,0.6532906639761168,1.1874205184590538,0.3078434974110227,0.9309446841558767,0.0922107988874126,2.273819882994342,0.9621387618053526,1.1698634396288843,1.3894501317123162,1.0226028465001415,3.5982786060256875,0.1221711191584572,8.302284697158221,1.0058592602615835,0.06883681206209698,4.369028448648623,10.788349087268815,4.715814654384859,1.2838939443033617,1.2859003941655434,0.17353258387226614,0.2162137109911998,0.06049346763720154,0.8228204997801288,2.6457290435799616,3.955163886130662,12.412698110566774,2.642242019392343,3.27702212015616,1.9979589406211586,0.31475525747539496,0.6830045800787719,1.0222579264339662,0.3720904236715349,0.27310265297466707,0.15341260588530242,0.5034631673801182,0.014781159376793664,0.05027670397926379,0.0022298836817098177,0.12914270088343827,0.29572653329891113,0.23934280094681,0.004106767369195096,0.034955965738482045,0.03873653862107182,0.02916721202349337,0.3078202514644558,0.08293865567635302,0.01514739135228321,0.5849158136305016,0.05800196579200244,0.014890991091381827,0.048497390889845074,0.2528279530363819,0.13939918874779808,0.011709735825617098,0.0179336125873217,0.2039866886889348,0.2596084604989503,0.13686982611072304,0.2063354258356311,1.563006132309566,0.1755769369073851,0.3129139143973254,1.5246354969949865,1.2770377799380987,0.08935689944342551,0.17160742710377086,0.0012926219579648367,0.009352204886508769,0.035804675846963244,0.32132496444847714,0.41183273992507247,1.5861657939201501,5.049022616389053
0.009840917932171126,0.1660404246735665,0.24467436160617737,0.010483807527566167,0.0,0.015593143913751557,0.12180808997198735,0.07739228123810725,0.03214652632136979,0.016861525673157837,1.4206976655430466,0.015854949238616307,2.723808717315274,0.12061305163511461,0.001507834171260696,0.4805531568097899,0.4487777015120827,0.9308792521678189,0.74793640641101,0.0311613033726998,0.3387474782179127,0.04341865177590573,1.4570068103575935,0.0852695545568538,0.30169242320741946,3.2996168948374547,2.6026468843518034,0.3186000878870629,0.24108363099960986,0.13959338240863017,0.6475017558604975,0.03682342132582344,0.009871470583064732,0.4730054675711932,0.2538473076370461,12.412698110566774,1.931130942771218,7.9407333096736945,7.99514664799355,0.20836475253215875,0.05635282806218653,0.7461881189353856,0.12764426132372061,0.4329962808310973,0.2714007978219161,0.12184790101993816,0.017458709239972395,0.0047962741069856344,0.03345882380446533,0.0,0.06896959408923947,0.03719318534238738,0.0,0.0,0.0009412538935969525,0.00774646663096306,0.002703481439681466,0.0029463163326252963,0.0,0.10944339175419258,0.0006256990201192227,0.5321220783362943,0.00272726801172221,0.0001856713244809337,0.05966226849883773,0.03686288781773148,0.13825551339771391,0.0882754308463016,0.0,0.02479051609823038,0.040067343399876845,0.07598909527641447,0.033603020386676265,0.31147395462106525,0.49354464845869156,0.9222024573612061,0.04758867560944362,0.012384565863790465,0.014353435763658636,0.1268187101560837,0.005816022875766706,0.0045579074485210145,0.18102485443453045,0.04277855641650009,3.196844524087536,0.4193968173367664
0.24585938125585244,0.16033570000734118,0.5684442219032582,0.3708816422658711,0.006420406162398751,0.11578561849807635,1.8416820862259622,0.8189008779389888,0.14593771312865503,0.7957476220161561,4.715951539504173,0.4626563051379249,1.9149250975271503,1.1706415628937648,0.0071733973028401034,0.38964066785183665,0.7845008039873399,1.9891406227121373,1.4118562894163533,0.5827134505983922,2.899753852808217,0.05076666977674864,3.7697263126623124,0.4048562425181026,0.08220375110987786,3.169428998572321,5.009923269628274,3.109067511077124,3.8951148011375087,3.058226825103077,0.45005335887034814,0.8523530197972367,0.5133396598232912,4.377677321644681,0.35230823997087374,2.642242019392343,7.9407333096736945,7.971186054122632,5.395315998598548,0.07833805351941583,0.2602828647532966,0.9868740997933928,0.15883563599534148,0.39292340629059475,0.33399135463428264,0.14579700635728626,0.058304698045407735,0.006094865710961516,0.0363060749121408,0.0,0.058905898872193566,0.12727883752074667,0.0,0.0009517260516123378,0.0023227101306607344,0.0,0.01059622593734463,0.05740795256864976,0.0,0.04961228146870978,0.001267683700697122,0.17335595939269335,0.005079856519240162,0.0009816927234047744,0.01473506425671887,0.09147736225673453,0.05778803583733363,0.07783610044357454,0.0,0.012550590971357986,0.041438371423631534,0.046911102096432816,0.13248148981835403,0.1788568447519431,0.4377459486972472,1.043203150892072,0.059955922640291696,0.014047144478619857,0.016572715053962496,0.03331980835913667,0.021620062705925387,0.0037839998341326377,0.1240981531736696,0.02494892835539262,1.4862838085171308,0.5734339518204737
0.0380622851963281,0.09629398918318685,0.5968980601201803,0.15523949189998523,0.008190634996629656,0.03675802026399781,0.7195503733324119,0.36483802248117914,0.05813652496765091,0.28831577279385834,0.5895613635377212,0.15350396634316865,0.30585011786692734,0.37844970432002284,0.0019172597531690355,0.5155929223620048,0.34625375274389336,0.5490962031106783,0.37180566236969925,0.21702574819070525,1.2640447205961012,0.03423912742596385,4.379552002302968,0.1803438939814261,0.023221286899415234,1.0600211630896006,3.6135848951788594,1.3167587412275443,0.7530068331568428,0.6822124272972314,0.09621835412306079,0.2832690649673548,0.044629397362364036,0.8364226201906815,1.8206813521670393,3.27702212015616,7.99514664799355,5.395315998598548,1.6072661533162795,0.15782189436707386,0.24876477505769118,0.445627485910472,0.1796054131592191,0.4144613573645245,0.43606112366605243,0.47356729035473083,0.037374631707517945,0.030634174511358303,0.031916882439585986,0.0,0.032243572443645396,0.12254064150958727,0.0,0.00046422544844345855,0.006120977874785186,0.0,0.021168536253963886,0.02629904584863754,0.0,0.02166584133652877,0.0019228689955288155,0.051544590522566214,0.012720532336153544,0.013238855636119467,0.022282972308757424,0.0520469519167237,0.013213263946687693,0.023653740825410104,0.0,0.002498282874133295,0.02655416241012932,0.09458687351820437,0.019718554310392423,0.05420535337970372,0.1582487304486392,0.7891003561983588,0.014406673236118505,0.022775289938648868,0.0020724418101490047,0.006012607381414369,0.02614534289495404,0.0,0.22709963176890197,0.39827380517361494,11.653825840999817,1.8882822111173583
0.002808564660567272,0.01688257311598334,0.0060911076638500705,0.4645074726661584,0.06341259426138171,0.4966904238738566,0.06400239569723758,0.15844170555789025,0.5848602895260281,0.3595751456298211,0.06302780400102286,0.9809159649800495,0.021824814091078386,0.11960111587142358,0.2559823721621807,0.003033860259850128,0.006890031747723896,0.014207395997850515,0.008462332255892538,0.21880641360366676,0.010958083365248136,0.01881681614019404,0.012192752145757973,0.2813918654637103,0.008631286442142186,0.014624590963826232,0.06988975956474744,0.3028423957499159,0.14366729405276044,0.005179423599862008,0.0010406348818159383,0.09359902226016405,0.0013161804799087316,0.062692725297189,0.023402458659183174,1.9979589406211586,0.20836475253215875,0.07833805351941583,0.15782189436707386,0.551632743227464,0.15240822606689836,0.13502999217332237,0.5029175928569002,0.07066367995771114,0.09547233371893067,0.03396490995585882,0.26040734482148814,0.008047646798166016,0.0187595182931277,0.00908927047207458,0.0017916185092643612,0.0,0.3281434290908501,0.000875831139891525,0.020742076034824773,0.06021820959399155,0.04854394840174898,0.04719585604989696,0.09818277833890941,0.0030182217566967658,0.38207567782341445,0.019637851681673063,0.018496505037132797,0.019030317900203254,0.01522108920001361,0.0,0.0,0.0,0.2299856443307906,0.06043320961989511,0.007531870608143339,0.009610661528124915,0.28970578153085325,0.03837706733854615,0.0,0.00226034030906973,0.6554300794713701,0.07979401674181419,0.10052507754522116,0.0,0.0,0.012904652164934307,0.075855036151462,0.02259389919727398,0.03521665823704323,2.911138842640815
0.0,0.0,0.0009855565925010303,0.03779311244873358,1.4452235475440882,0.008683247561208791,0.05341581867952266,0.04547306199130434,0.055053101072177174,0.047228152672142636,0.017682654597479076,0.03478736868515134,0.012654658451454148,0.0384018215601547,0.022073278419733673,0.00033659549148249313,0.0,0.001611048881045671,0.0,0.0530020488158053,0.004296106986043654,0.0,0.005185925540502986,0.021884233618804767,0.0,0.002179120780165254,0.002216525695789518,0.07647289189562631,0.3871064336148709,0.007578436454900422,0.0,2.4498424698718506,0.004446881155554579,0.6517077383987653,0.08073663291810496,0.31475525747539496,0.05635282806218653,0.2602828647532966,0.24876477505769118,0.15240822606689836,1.898642026389992,0.041824163584016166,0.013454073257880655,0.013295734719233286,0.013919405318700487,0.013401774848131778,0.0032723486270519707,0.0,0.004306968647751716,0.0,0.0,0.0,0.0,0.0,0.0,0.0,0.0,0.003982070691262694,0.0,0.0007152583527953156,0.0,0.000380604324489559,0.0,0.0,0.0,0.0,0.0,0.0,0.000686910351568423,0.0005846833397781666,0.0007359508714408206,0.0013997848887079517,0.00022079150548538016,0.0015986116031128357,0.0,0.0005272832228430532,0.0,0.0008540801535449846,0.0,0.0,0.0,0.0,0.004242841794819631,0.010102062535053387,0.08310673719435943,1.163507040708193
0.007587477294045927,0.2142508433666509,0.0005943380884715593,0.003491120692494034,0.00026835531999755164,0.0025621077434332023,0.06100272932697324,0.04989684870089842,0.023488803189338266,0.012886664939186523,0.4931674614489605,0.008945772329577167,3.4900012424634905,0.048246469894895574,0.0007014386272343868,0.011980334294320117,0.00043800562898329887,0.007183807920703329,0.003797395961513201,0.01151922502544084,0.03547888229867199,0.04714685013988918,0.011789141181996001,0.050845289428212426,0.20062240271945936,0.023534421159305787,0.06755442885234876,0.1451357981330041,0.2268954282168534,0.04560958282064957,0.01161512452897336,0.04359843058584707,0.006560234342858016,0.522753085824853,0.03254820064337748,0.6830045800787719,0.7461881189353856,0.9868740997933928,0.445627485910472,0.13502999217332237,0.041824163584016166,1.2932373554136432,0.06388040587190529,0.16017296625280564,0.056828470686749136,0.022584540362903156,0.05228173967921226,0.005348989304641798,0.018649851009285612,0.0,0.012881234456564852,0.0,0.0018900461617353446,0.0,0.0006969486464981905,0.011563501011558525,0.0,0.0033728392281020935,0.0,0.017119632054893124,0.002784891972291407,0.07974148072203963,0.0021791971820358485,0.00033238393668190175,0.0,0.0,0.004007961136531646,0.0014268568431414109,0.0014061539996301179,0.007303151923558884,0.004692582186040441,0.003225812906219919,0.031778162720873235,0.13566339594917623,0.01745244038890564,0.02296554489616657,0.07081390108478722,0.016783588356748185,0.018420885634643377,0.0037969265398830622,0.003585213337473574,0.0003576473111849687,0.08668779122839808,0.004594577165341218,0.084436480507588,0.1503771100753564
0.01340305382255337,0.20868787026932248,0.4545940303791012,0.45040636751449525,0.00068406636325707,0.13580462957888403,0.22322627916321558,0.17818422816865467,0.6423706218843231,0.2306581062448553,0.0017641085379604075,0.5531099732089041,0.10981078733965326,0.061793700000042036,0.047391997394205104,0.308337365990248,0.04586480383926516,0.0005483288202432618,0.0075372965887477,0.1743597741894755,0.179718336327597,0.060212784892085404,0.2687870326180747,1.1199804918546625,0.14549304001825603,0.2484157008386607,1.6740690328514765,1.2562548873947406,0.0718214200984707,0.09846263089967854,0.0011717200129223717,0.003425757504612415,0.025806016594934884,0.05035667205612174,0.5873523934530929,1.0222579264339662,0.12764426132372061,0.15883563599534148,0.1796054131592191,0.5029175928569002,0.013454073257880655,0.06388040587190529,5.933534088326095,18.02602589826472,5.235126980323306,5.133131444305186,6.541204738074988,1.0307978383893517,0.23657209901636755,0.3036502590795972,0.32010853403423506,2.174463055523426,0.46447314483647606,0.1679540014833608,0.4272918042300933,2.4616979187819577,0.9969731064597063,0.7118212250791487,2.4910811949275096,0.8308921658985368,1.522246502009272,0.47474046406663944,1.0118644073500742,0.2550576774028774,1.7862661792624372,1.4468373970346018,1.103905904926102,1.2434419731229762,0.4203790762505787,5.8157342847446385,0.15667674235738893,11.088597063518684,1.8933133274655831,0.31211636184775265,2.7915845283957705,13.023818230376143,7.1185076399515514,1.7156843338645094,3.7134207312830183,0.1575725314395578,0.5469643088533332,0.07201848358324972,2.1997660438060542,3.0064578216966695,3.9093609885417977,0.29639853139220756
0.006289316282999845,0.12568220878895206,0.1732942758983278,0.0,0.00020693684647466056,0.0010119038866208282,0.01406263307361653,0.0433741656896204,0.013885413328282135,0.0,0.08526833755107814,0.003685789320396059,1.5658732839366774,0.028566860050874075,0.00025869243414857634,0.1806672094155089,0.05526262269614803,0.061153808353170386,0.04757330189290143,0.0005210668535167334,0.08535391317817022,0.029943749958919307,0.1560484039579343,0.08190203019825064,0.3417926382060766,0.5809457356245522,1.8148414174181433,0.09912818758699629,0.06710889791123316,0.025621062162114475,0.09228825059493909,0.012799580561221786,0.003938248221451957,0.09957065097145848,0.13792628379401217,0.3720904236715349,0.4329962808310973,0.39292340629059475,0.4144613573645245,0.07066367995771114,0.013295734719233286,0.16017296625280564,18.02602589826472,3.2480649443112215,10.607182909119215,9.015917951225935,0.7676885564439333,0.1495431778565252,0.4772937371577224,0.015231792399902093,0.3750177008924301,0.3258784637124877,0.0056417746202884755,0.020891646875146982,0.030516666628286598,0.180393751144872,0.17149056117786088,0.06252830021520235,0.033623441505572386,2.2854640872078256,0.014664287752288119,3.323621505558917,0.09950490415450003,0.0038796937198516254,0.6008213013950044,0.26830727195198156,1.3406228136174048,0.5732991727947264,0.00984967479429697,0.9626827470634899,0.19447147837504883,2.7719792499796987,0.28535438869450314,0.867992945567629,2.372004871112806,3.4453402542728653,0.9680420178240541,0.3751038450937499,0.3530039558368523,0.7149017819053518,0.21150676285533532,0.01464450352688443,1.675951929933086,0.5018567950563199,6.187711110886237,0.07584447580110613
0.0,0.11195691374534225,0.1809651166173482,0.0,0.0004023051396400059,0.003921243422875782,0.0,0.043227318073948855,0.13214497444544593,0.0,0.025772461105926715,0.0033892601323590476,0.5009402359014374,0.03750489660657483,0.0,0.0403993916483038,0.060557488497339905,0.03595967431713855,0.04425434249954169,0.0,0.009520165091772566,0.022421230702698244,0.07818621738925931,0.05352181279370532,0.25919306075227455,0.5022253252737993,1.572560446133872,0.013108741836813737,0.0636363583726081,0.0022608444514960733,0.038832219860337226,0.012344989580819128,0.0013180013073263999,0.11446491004587246,0.07403217920499489,0.27310265297466707,0.2714007978219161,0.33399135463428264,0.43606112366605243,0.09547233371893067,0.013919405318700487,0.056828470686749136,5.235126980323306,10.607182909119215,5.776198558036681,4.701157652499732,0.7913899008649381,0.4261151653338553,1.1410905315019961,0.25159184865620693,0.2241380665066985,0.5957286395041492,0.17063246904776302,0.16835508578560618,0.3043889904269359,1.4691420097489116,1.3294572510399916,0.22557460697313142,2.2153273681794508,3.9913610011099756,0.5010064135702319,1.2691625028631424,1.4014990401057625,0.03377778136670675,0.28937422698595455,0.7286633442193088,1.7135344755329256,1.0368115966196265,0.19744242138446672,2.6575969589524373,0.07208723239625045,4.016896355796692,0.6496260941342176,0.5241394464748008,2.19753658457985,4.921156057045737,2.9765929159928075,4.212340503742257,2.960463786439561,0.5862404261083063,1.6926414570376822,0.22465866563261133,5.917291304044008,0.34654384930388754,2.493336298570417,0.04608309723807765
0.0,0.0495359011091435,0.10742116413749518,0.0,0.0,0.0003513981582492484,0.0023486609724619133,0.016284973933266146,0.05717219683661167,0.0,0.0043090398216065915,0.0017991812947870415,0.12017907468030205,0.012784296950204766,0.0,0.037923679125532114,0.016509617425889245,0.008329410892121062,0.005231531572860302,0.0012586790427633384,0.008576818933988406,0.01440260853318619,0.07947446380528984,0.022536335672559544,0.0566347685912555,0.12761609247752875,0.6134546260924075,0.006741171843092855,0.030501598944655338,0.0011181987615311096,0.004314945507195751,0.0041539616806186615,0.0021560659479091847,0.029535807775436556,0.9085130014500086,0.15341260588530242,0.12184790101993816,0.14579700635728626,0.47356729035473083,0.03396490995585882,0.013401774848131778,0.022584540362903156,5.133131444305186,9.015917951225935,4.701157652499732,1.3610712726066279,0.7547941233889903,0.3068417567794658,0.2577125628473136,0.06800026273742109,0.07764349874598389,0.3717879537528336,0.03995133987722565,0.09445567135909155,0.12876215993584766,0.4558905288130942,0.4036732261081745,0.06945884975711375,0.41804973605035,0.6719365144074475,0.09818023933360759,0.3589657347307693,0.25484627136798627,0.0133000133763154,0.24929905836176616,0.31331204783574274,0.5488544624249476,0.26833701889553124,0.04465492080173714,1.1888310772065354,0.03126096973147487,2.4419687300588664,0.2900286282418737,0.16313610210914306,0.6832767804781633,2.4864129489951474,1.2703527896713058,0.6931096697003042,0.9073869968419939,0.1570035907265605,0.6594764685440971,0.02227641193259135,1.0602099820214568,1.2541510959924314,9.004115243125526,0.03929641569081905
0.005427913813872521,0.0006731237028652223,0.002252460742041064,0.22975517561978032,0.00029467058596224755,0.03894437003722782,0.2692135280207621,0.10200168138921581,0.18749205924414675,0.09801253752547004,0.0,0.2508200931458851,0.0010203222304511757,0.05649041542839624,0.02623257186085168,0.012544808617372238,0.0,0.0,0.0,0.105027773142862,0.004799360415001897,0.0004589301371576575,0.0014241699038748546,0.20545747987456878,0.0,0.0,0.01576926275248933,0.5545570765057026,0.021878054501847644,0.03426109988616784,0.0,0.0,0.00274155583152764,0.03644529494023539,0.04610087361402962,0.5034631673801182,0.017458709239972395,0.058304698045407735,0.037374631707517945,0.26040734482148814,0.0032723486270519707,0.05228173967921226,6.541204738074988,0.7676885564439333,0.7913899008649381,0.7547941233889903,6.410229771123662,1.5630333332207882,0.1067749863566735,0.04720140458436057,0.028020240735108597,0.030546368393425442,0.30619980347454573,3.7474963951746494,4.209948078320309,0.4397836300850194,2.4568028756291964,0.8330077656629983,1.4604574762056999,0.07618366301624094,2.5032596629087918,0.15323892835722822,0.5358371870673171,4.571678933659345,0.09778043304363859,0.027558775616544955,0.017014665808531865,0.00613971380271852,0.26008545085853374,0.3773651712433993,0.10049985113190253,0.903689942475474,0.5134893554719347,0.09030135270163059,0.015412302860992088,0.28737126837035953,1.207414263537532,0.5326191510844644,0.23832111110814583,0.002311897938586119,1.7134275417499227,0.00600849330400863,0.37977431700010955,0.2125421670691008,0.4474532187240692,0.20734599992175637
0.0,0.0,0.00045438826044940565,0.0,0.0003434940088541473,0.0,0.0,0.0004491532612170124,0.017141967199191085,0.0,0.0,0.004228755849420611,0.0012902613128110275,0.0005545002177051814,0.0,0.0005292380161954274,0.0,0.0012659772051705014,0.0,0.0,0.0,0.0,0.0,0.0,0.0,0.0004515268986311701,0.0,0.0,0.00048314138715406594,0.0,0.0,0.0007377233264787157,0.0,0.0023876453196950264,0.011013051169068056,0.014781159376793664,0.0047962741069856344,0.006094865710961516,0.030634174511358303,0.008047646798166016,0.0,0.005348989304641798,1.0307978383893517,0.1495431778565252,0.4261151653338553,0.3068417567794658,1.5630333332207882,0.3672458150690616,0.04107529615898556,0.004180509514840699,0.0023985390493700526,0.00685484325733749,0.0052650347340348035,1.4884226811355925,0.052962132163803015,0.04204911673127626,0.06377425344252188,0.04386040045687287,0.0637691156692809,0.05711919199076106,0.03934523059520205,0.049027180592470895,0.03780104918486363,0.25757818856486775,0.0015047290600002307,0.004981355288142003,0.006580086456463296,0.002893009550631832,0.009170222385662447,0.011667877578925236,0.0037837671425556387,0.02186645341654285,0.02401309591996103,0.009171839930814722,0.006262494277067083,0.01815830989580728,0.10149842020407576,0.2855722679589027,0.032018845289799126,0.004390835706794634,2.1290456451330226,0.0,0.24907317059007425,0.04019593817521199,0.21479964619642977,0.0013132263040237615
0.0009938390560288626,0.0016258304662192765,0.0,0.0,0.0,0.0,0.007351453528530071,0.004270361033547554,0.0,0.0,0.008270207397257555,0.0,0.06453467540361471,0.00639745331865812,0.0,0.0024758398785381386,0.0,0.0008010647865916552,0.0,0.0,0.006634717479933152,0.00012653448413694064,0.0007331092135797549,0.0066352208814705205,0.00864980711779206,0.00048592331848735615,0.010810151059060228,0.02359008288455738,0.006985423951525124,0.008515261917259424,0.0009501743848910994,0.00046548324489808916,0.00032149407652537346,0.039768786219832895,0.001945688818138118,0.05027670397926379,0.03345882380446533,0.0363060749121408,0.031916882439585986,0.0187595182931277,0.004306968647751716,0.018649851009285612,0.23657209901636755,0.4772937371577224,1.1410905315019961,0.2577125628473136,0.1067749863566735,0.04107529615898556,0.4153554440470433,0.0006655028663114235,0.11111305411015726,0.0,0.0,0.010801770491252513,0.008431605947611732,0.0025718864312989434,0.026623467910610037,0.004615355868233426,0.0008242189792949645,0.607445457389177,0.0030046350268851454,0.8931908284925685,0.020247121781757374,0.0,0.001710078527909191,0.0,0.0014452348682879649,0.0,0.0,0.005886429594056234,0.0443586795235974,0.003320891338710454,0.03134869960830176,0.37166787703660015,0.002614405519590917,0.012430650204705835,0.05851817801570696,0.0703496751912522,0.020038253703996502,0.005304684377244632,0.06008799381726149,0.0018271935402730268,0.8906665319480419,0.0026336219693804284,0.02218640470457554,0.014939802292518501
0.0,0.0,0.0,0.0,0.0,0.0,0.0,0.0,0.018313196831967027,0.0,0.0,0.0,0.0,0.0,0.0,0.00030359739520422076,0.0,0.0,0.0,0.0,0.0,0.0,0.0,0.007491527666654583,0.0,0.0,0.0,0.0026015048658471485,0.0,0.0,0.0,0.0,0.0,0.0,0.0,0.0022298836817098177,0.0,0.0,0.0,0.00908927047207458,0.0,0.0,0.3036502590795972,0.015231792399902093,0.25159184865620693,0.06800026273742109,0.04720140458436057,0.004180509514840699,0.0006655028663114235,5.830949926587486,0.0,0.013848549801809369,0.03381776406731167,0.000404546869683877,0.05370115127616356,4.455826774357767,0.8949477234870543,0.035000936302631167,0.25311507800144906,0.006724284693415284,0.02887701186852041,0.00446127778214183,7.031580126763074,0.0014372801869624913,0.0008180013961924588,0.13481770185286338,0.0,0.011242229285236998,0.02393690010568813,0.041639447106920115,0.002904757643773242,0.08846160340644255,0.06538153006359249,0.0,0.0052647807630191255,0.007512778588620023,0.36436369879445957,4.310214121234271,2.1075782164099293,0.0,0.010372433952354609,0.05304554196495252,0.24352768761660998,0.011946403913542576,0.06635685515700292,0.0
0.0,1.3951558546412883,0.1212293856966682,0.0007676054242882217,0.0,0.0,0.0016325581091498175,0.0,0.008805204322488694,0.0,0.01642460014136728,0.0,0.7719975901637355,0.0,0.0,0.01617500046837176,0.08424142343249405,0.007850043298761124,0.04200355522429576,0.0,0.002463130804800765,0.03325790452692017,0.05785417801302818,0.018854163320854527,0.16846865331934685,0.2359942888453682,1.9174507177986746,0.004804450000478407,0.0,0.004837612652278946,0.012391110188646406,0.0,0.0,0.02154285316437914,0.00047643279759665685,0.12914270088343827,0.06896959408923947,0.058905898872193566,0.032243572443645396,0.0017916185092643612,0.0,0.012881234456564852,0.32010853403423506,0.3750177008924301,0.2241380665066985,0.07764349874598389,0.028020240735108597,0.0023985390493700526,0.11111305411015726,0.0,1.7244360131015308,0.12541435461235267,0.0014606450135308399,0.0007186846895605362,0.0016972585694051562,0.004957223657494117,0.002271267188429053,0.5696949864255576,0.0,0.10929634167719289,0.005462495804571941,0.9020254110271994,0.0003701190110823077,0.030609661297999777,0.18555648402884742,0.2665662102158048,0.07914638841552815,0.23827227049824395,0.0,0.05005203616881678,2.4266910272136086,0.0566012641441764,0.6301545442551143,2.4255045963477437,0.5984043874439176,10.096070901587842,0.05547108306392577,0.010965602375689722,0.018255369106170927,0.05351408547532768,0.0009590070415139498,0.00039582536922803995,0.1532210616759331,0.0019298132402191701,0.03478347147723412,0.003320916457930099
0.0,0.10553880534996139,1.7003407654282376,0.0,0.0,0.0,0.0,0.0,0.00030443533385119385,0.0,0.00019436394968670292,0.0,0.0,0.0,0.0,0.04191467740143115,0.30145823613569184,0.0,0.02086736634122766,0.0,0.004830023722988139,0.04006618766289805,0.4039062982856015,0.00546131215333521,0.0004030838013419057,0.28480448407126735,2.510178425887406,0.0,0.0,0.0,0.0,0.0,0.0,0.03259009485166342,0.010124944634091476,0.29572653329891113,0.03719318534238738,0.12727883752074667,0.12254064150958727,0.0,0.0,0.0,2.174463055523426,0.3258784637124877,0.5957286395041492,0.3717879537528336,0.030546368393425442,0.00685484325733749,0.0,0.013848549801809369,0.12541435461235267,24.998649048897466,0.001059933949466668,0.0,0.0002111914252716202,0.597155955785071,0.008979317959324079,0.005413573832763558,0.0023729731542602205,0.058530240083026444,0.0,0.001352961681586547,0.010327590512516208,0.0,0.14204211320769033,7.60106783147969,0.033120336170751975,0.8328521253136152,0.0,1.0086383553626186,0.031493302960778555,12.18408318828629,0.12626788739008304,0.0016440512772474768,11.828755400379796,19.653128624887085,1.0552900528000781,0.01813157065651628,0.7134159936576222,0.00036460130492568755,0.0006685704710379511,0.0018039987137414204,0.7700880938879373,0.02521901102080007,0.47468627927409346,0.0003580616613617833
0.0,0.0,0.0,0.824718554302454,0.0,0.01014186575687911,0.14361673975249853,0.0,0.6688195391937487,0.013690404809849916,0.0,0.37820762397575153,0.0,0.0,0.030198587426595126,0.00030125750076816677,0.0,0.0,0.0,0.10922993370372068,0.0,0.0,0.0,0.5087169565976967,0.0,0.0,0.0,0.4696399877334064,0.0,0.0,0.0,0.0,0.0,0.0,0.0,0.23934280094681,0.0,0.0,0.0,0.3281434290908501,0.0,0.0018900461617353446,0.46447314483647606,0.0056417746202884755,0.17063246904776302,0.03995133987722565,0.30619980347454573,0.0052650347340348035,0.0,0.03381776406731167,0.0014606450135308399,0.001059933949466668,19.846218178949147,0.020917538126515027,0.22719209087207712,0.19437861188557845,0.31258904730947346,1.7078498535053912,7.12356753748521,0.0,4.412697353237105,0.0008619538128821758,0.13214092597118715,0.155493946443227,0.0,0.0,0.0,0.0,16.188665315798175,0.0007689604044038717,0.005741724453943949,0.0,2.9999871831295173,0.000920365158805507,0.0013546514949732069,0.0008616017731198928,16.33791620348361,0.11928692046854804,0.009416311238639565,0.0,0.0,0.012768422814737432,0.07327108763488736,0.007505228253892108,0.02245641598847277,0.06394949593057146
0.0,0.0,0.0,0.0005312084410430951,0.0,0.0,0.0,0.0,0.001128665963455549,0.0,0.0,0.0011791387654506188,0.0,0.0,0.0,0.0,0.0,0.0,0.0,0.0,0.0,0.0,0.0,0.000380838661461563,0.0,0.0,0.00026507801722742524,0.0,0.0,0.0,0.0,0.0,0.0,0.0007312055959446499,0.0,0.004106767369195096,0.0,0.0009517260516123378,0.00046422544844345855,0.000875831139891525,0.0,0.0,0.1679540014833608,0.020891646875146982,0.16835508578560618,0.09445567135909155,3.7474963951746494,1.4884226811355925,0.010801770491252513,0.000404546869683877,0.0007186846895605362,0.0,0.020917538126515027,1.6855644288682234,2.1386355969748037,0.009784652847089507,0.2140349029765461,0.17232347598491018,0.03758232708456397,0.014085647695652164,0.14218548970948292,0.005859851850204032,0.011624829819064571,3.2274796946743045,0.0,0.0,0.0022925625513531864,0.0,0.01060891092514999,0.002955383920484975,0.01575972194448694,0.0020208801217650296,0.030715886559932418,0.0023335338562794623,0.0022009324227921278,0.0011396626228080814,0.027657935626248534,0.027354337793902856,0.0028902114163574153,0.0,0.8649930045975311,0.0,0.04573258763269977,0.0159364595356789,0.027389037217630783,0.001847111521628126
0.0,0.0,0.0,0.008402645414715703,0.0,0.0015802368104950344,0.006337916641016495,0.0,0.07752510517441394,0.0,0.0,0.0238859299049769,0.0,0.0,0.0023479147195553268,0.0,0.0,0.0,0.0,0.011706079837055964,0.0,0.0,0.0,0.004231776443988381,0.0,0.0,0.0004870634106951741,0.0042388525882808515,0.0,0.0,0.0,0.0,0.0,0.0,0.19562493688674962,0.034955965738482045,0.0009412538935969525,0.0023227101306607344,0.006120977874785186,0.020742076034824773,0.0,0.0006969486464981905,0.4272918042300933,0.030516666628286598,0.3043889904269359,0.12876215993584766,4.209948078320309,0.052962132163803015,0.008431605947611732,0.05370115127616356,0.0016972585694051562,0.0002111914252716202,0.22719209087207712,2.1386355969748037,49.225050542901435,1.9715694231917096,8.92345629181847,0.1949397952796068,17.71383067445756,0.013716354378581914,6.223360730247917,0.011261530062552151,0.5136065147419202,2.687236843076613,0.00017739579185790548,0.00039143399688336064,0.001906737468624524,0.0005060761019334986,0.1621596650730273,0.0034193271984932854,0.00241076733082193,0.00289652664581243,0.04940782109421033,0.0009795127833082003,0.00117663291091049,0.0013103020802510943,1.2391303931563693,0.23943879576861143,0.02931088323337649,0.00044905195265898437,0.8824073003354593,0.003022809518029108,0.0854881815931178,1.6439949208526918,0.08555042513022464,0.005473216164767513
0.0,0.001313738086442964,0.0,0.03849758282793066,0.0,0.0,0.020531717759762036,0.0,0.15308973229393547,0.0,0.0,0.008888921011593718,0.0,0.0,0.00026913704624157765,0.007740607340997803,0.0,0.0,0.0,0.001449813688459379,0.0,0.003004071247022199,0.0,0.20198549381922223,0.0,0.0,0.0,0.10057061990287944,0.0,0.0007053783544295053,0.0,0.0,0.0,0.0015151379617053008,0.00028314720843173257,0.03873653862107182,0.00774646663096306,0.0,0.0,0.06021820959399155,0.0,0.011563501011558525,2.4616979187819577,0.180393751144872,1.4691420097489116,0.4558905288130942,0.4397836300850194,0.04204911673127626,0.0025718864312989434,4.455826774357767,0.004957223657494117,0.597155955785071,0.19437861188557845,0.009784652847089507,1.9715694231917096,39.59292230822143,7.6127601404823215,0.26863368752214334,10.767523423020569,0.01016125295147846,0.16224554806581737,0.03264606721433141,9.211098734002606,0.051170941122358676,0.00861409433969314,0.7526462659363671,0.0,0.05112115464003667,0.10613390800261775,0.6837146947681643,0.006095926190617952,0.6298311870589764,0.4645120629767146,0.007681235404828899,0.20902414575317646,0.12071574211411304,24.316683339190647,2.419205089237932,8.232681151435164,0.0,0.04905015601621141,0.16869811467211654,1.0138459702979867,0.08617641045380844,0.43062366257674173,0.007934026000816073
0.0,0.0010090925712224925,0.0,0.06384347069968363,0.0,0.002304642879799043,0.007037352393824997,0.0007903530660550112,0.22721340692958925,0.0,0.0,0.020138621373551255,0.0005001810648028617,0.0,0.0012597729328232116,0.0,0.0,0.0,0.0,0.011395365880754148,0.0,0.00038687385721303263,0.0,0.1385084385172446,0.0,0.0,0.0,0.07570219996339786,0.0,0.0,0.0,0.0,0.0,0.003621518847638958,0.00031069714890013606,0.02916721202349337,0.002703481439681466,0.01059622593734463,0.021168536253963886,0.04854394840174898,0.0,0.0,0.9969731064597063,0.17149056117786088,1.3294572510399916,0.4036732261081745,2.4568028756291964,0.06377425344252188,0.026623467910610037,0.8949477234870543,0.002271267188429053,0.008979317959324079,0.31258904730947346,0.2140349029765461,8.92345629181847,7.6127601404823215,38.54683300045171,0.3387852080556835,8.20857524723712,0.18646086716310958,1.857790620711322,0.04976038845599695,13.39478327444876,0.15142597197654908,0.0015312390077763798,0.06272093064648464,0.03574211910246578,0.012209914707079347,0.4444357932800842,0.04942938080904895,0.00416741238908697,0.08633010596789359,0.2504423351449743,0.010353003148718816,0.02573082645082837,0.022548098520220217,1.689806718731335,1.509492766629142,1.100698438892202,0.011756398604055281,2.335287613651821,0.028178088372414138,0.5627648555000738,0.020189416834156617,0.1183268450130589,0.004532319776324279
0.017835717139782565,0.008238075812160512,0.00036477871045372933,0.7379263833672105,0.0,0.06785084110979216,0.4866202891240954,0.10805494690734081,0.6132346849968845,0.1582583928231581,0.0011338157070483025,0.12024902409263306,0.005919053726496979,0.0656462999444348,0.009227084174407542,0.010138755693290402,0.0012349007205166088,0.0,0.0,0.14614746897016626,0.0049837749708842236,0.03053103586989822,0.0009806028417193935,0.9136199647043252,0.004654042815956004,0.0002070679673179753,0.014528129429300214,1.3041542716931018,0.08068998788571179,0.0730916802834814,0.0,0.0,0.011357217382530916,0.02068024652537133,0.0,0.3078202514644558,0.0029463163326252963,0.05740795256864976,0.02629904584863754,0.04719585604989696,0.003982070691262694,0.0033728392281020935,0.7118212250791487,0.06252830021520235,0.22557460697313142,0.06945884975711375,0.8330077656629983,0.04386040045687287,0.004615355868233426,0.035000936302631167,0.5696949864255576,0.005413573832763558,1.7078498535053912,0.17232347598491018,0.1949397952796068,0.26863368752214334,0.3387852080556835,8.782122107044074,0.6457103542274665,0.006025556820950108,1.3349158127986673,0.21518423220204907,0.1774140349694464,1.0893652257711373,0.0074637618211338885,0.01586972958130796,0.002138254440055025,0.0047592738459849996,0.7594094793276567,0.0021400630625889585,2.929902515386124,0.002262423187853922,9.876749517585898,0.6139680977897489,0.04781891328307218,2.4694319849283652,3.1125965280069527,0.28998614385891786,0.07723909915095674,0.0036147217907901083,0.007758399876559068,0.03012877953838363,0.1435947278354729,0.017153908880895696,0.1448870876274603,0.09898302910306947
0.0,0.0,0.0,0.02675843483155064,0.0,0.0023680540281437136,0.0007130186347068601,0.0,0.280546727876921,0.0,0.0,0.06430949490156807,0.0,0.0,0.0,0.0,0.0,0.0,0.0,0.0,0.0,0.0,0.0,0.06480366399525572,0.0,0.0,0.0,0.01000290058828436,0.0,0.0,0.0,0.0,0.0,0.0,0.0032289405938389117,0.08293865567635302,0.0,0.0,0.0,0.09818277833890941,0.0,0.0,2.4910811949275096,0.033623441505572386,2.2153273681794508,0.41804973605035,1.4604574762056999,0.0637691156692809,0.0008242189792949645,0.25311507800144906,0.0,0.0023729731542602205,7.12356753748521,0.03758232708456397,17.71383067445756,10.767523423020569,8.20857524723712,0.6457103542274665,109.96662835807126,0.004951871692961855,14.300212087816726,0.011307323664902766,3.7064309541195697,0.25556745134833486,0.0,0.0007220029555778107,0.0,0.0,5.267663111753813,0.002223516594152562,0.00028919958591344777,0.0017381400119256382,0.29730786390037445,0.0,0.001081089506250576,0.0,13.268601674359068,1.6493337419777188,0.05107713481549713,0.0,0.047079051538405414,0.011544668407079836,0.7770317396391697,0.16426139009838164,0.10280750088483293,0.01363703605341515
0.0,0.03931786793213105,0.00308022076250021,0.0,0.0,0.0,0.0,0.00034774897217540414,0.0,0.0,0.022764768027355702,0.0,0.8627531981928901,0.0,0.0,0.0,0.0032926702195776613,0.023535631631961904,0.005071667430300914,0.0,0.0014311421988115964,0.0005159661534006112,0.0,0.00097592544762771,0.10942460057237552,0.15417367080269784,0.5633207115527898,0.0,0.001344101097430073,0.0,0.05054993769198955,0.0,0.0,0.02251526519077503,0.0011938547630139806,0.01514739135228321,0.10944339175419258,0.04961228146870978,0.02166584133652877,0.0030182217566967658,0.0007152583527953156,0.017119632054893124,0.8308921658985368,2.2854640872078256,3.9913610011099756,0.6719365144074475,0.07618366301624094,0.05711919199076106,0.607445457389177,0.006724284693415284,0.10929634167719289,0.058530240083026444,0.0,0.014085647695652164,0.013716354378581914,0.01016125295147846,0.18646086716310958,0.006025556820950108,0.004951871692961855,26.361575245739534,0.003615312943490959,2.5509708796511674,0.23092962278998008,0.001916683840156532,0.0034562416757099113,0.6388670269676052,6.774483508563787,2.117448441692135,0.0012445421322372164,0.19002814270831359,0.03963187301814687,0.32506942584980214,0.0028985042125192068,0.41179319504419104,3.477133851638389,1.7572893940000767,0.0164680586647568,1.2354097244094686,0.29543666103788174,1.4111821058052207,0.482096244121646,0.010685967140545857,8.839412459026933,0.004861934415626503,0.062266803108287985,0.0033718856583380423
0.0030782847296367717,0.0,0.0,0.8592251908136801,0.00022025733520709663,0.058997528158879486,0.35226929543149405,0.042983430060959144,0.4446139736821641,0.127746222433106,0.0,0.5683072635758091,0.0,0.010325237576540497,0.06289784646581288,0.0,0.0,0.0,0.0,0.2300113966344544,0.0,0.0,0.0,0.2970320178157286,0.0,0.0,0.0,0.9676411640265186,0.000213845349825791,0.010969573690196455,0.0,0.0,0.0013398913977650138,0.0003197014630925049,0.19411263135268406,0.5849158136305016,0.0006256990201192227,0.001267683700697122,0.0019228689955288155,0.38207567782341445,0.0,0.002784891972291407,1.522246502009272,0.014664287752288119,0.5010064135702319,0.09818023933360759,2.5032596629087918,0.03934523059520205,0.0030046350268851454,0.02887701186852041,0.005462495804571941,0.0,4.412697353237105,0.14218548970948292,6.223360730247917,0.16224554806581737,1.857790620711322,1.3349158127986673,14.300212087816726,0.003615312943490959,54.572394508738704,0.005297866452669998,0.639868266232813,1.4430044047616053,0.0,0.0,0.0,0.0,6.3450934806307515,0.0,0.015605361383370613,0.0,0.909529594328319,0.0040211092078706705,0.0,0.008254209354904328,1.7702521695568076,0.36652804097911507,0.006234866600507327,0.0,0.04677629758393546,0.002178974653164139,0.11992106363012693,1.203406997187189,0.049138305817421596,0.21528692584877435
0.0,0.13777853532528161,0.0,0.0,0.0,0.0,0.0,0.002387677229385571,0.008260825096287875,0.0,0.21334233962832644,0.001093109378446412,6.661426255888763,0.001302634795881051,0.0,0.0012852526003014268,0.0008907213573059408,0.018624508555564454,0.003920948459725087,0.0005029810231401377,0.006311289330914261,0.021291511250755037,0.0008798395682755698,0.0030232607961327533,0.4265138360870627,0.20122792848427984,1.0078851822474537,0.017935760005013523,0.005602874979218505,0.0,0.2289047954165257,0.0032988206157984206,0.0007512142643450898,0.033127863303055574,0.02264100980125598,0.05800196579200244,0.5321220783362943,0.17335595939269335,0.051544590522566214,0.019637851681673063,0.000380604324489559,0.07974148072203963,0.47474046406663944,3.323621505558917,1.2691625028631424,0.3589657347307693,0.15323892835722822,0.049027180592470895,0.8931908284925685,0.00446127778214183,0.9020254110271994,0.001352961681586547,0.0008619538128821758,0.005859851850204032,0.011261530062552151,0.03264606721433141,0.04976038845599695,0.21518423220204907,0.011307323664902766,2.5509708796511674,0.005297866452669998,11.085344376568981,0.036036640285995,0.00016622644346885252,0.005198273906659543,0.00077323682146206,0.15959881350737934,0.021270241795580243,0.001429647933144331,0.023951830853820542,0.46032410577395866,0.014654866044010985,0.07316337070747671,4.297155008834413,0.46553699588153363,2.044803978241312,0.11220203252132058,0.16297665440334322,0.03315906437861893,1.5789340367089544,0.09486512320484063,0.0036872833914950035,1.4509468838373163,0.044188451586776104,0.09269218444571337,0.01040346069111962
0.0,0.0,0.0,0.002846382926702283,0.0,0.0,0.004193068752276916,0.0,0.09350925238295722,0.0,0.0,0.003972214659636037,0.0016692870043564685,0.0,0.0,0.0,0.0,0.0,0.0,0.0,0.0,0.0,0.0,0.01375359566655515,0.0,0.0,0.0008327981630359056,0.0,0.0,0.0,0.0,0.0,0.0,0.0015846691288512456,0.0,0.014890991091381827,0.00272726801172221,0.005079856519240162,0.012720532336153544,0.018496505037132797,0.0,0.0021791971820358485,1.0118644073500742,0.09950490415450003,1.4014990401057625,0.25484627136798627,0.5358371870673171,0.03780104918486363,0.020247121781757374,7.031580126763074,0.0003701190110823077,0.010327590512516208,0.13214092597118715,0.011624829819064571,0.5136065147419202,9.211098734002606,13.39478327444876,0.1774140349694464,3.7064309541195697,0.23092962278998008,0.639868266232813,0.036036640285995,24.122193447040246,0.017647545115790385,0.0008498652089102498,0.14112716505541978,0.05653704523436125,0.02585230833364378,0.20291941688261192,0.1035655328949024,0.0037369756096522016,0.16810451174212168,0.23468147523766028,0.01255756396220005,0.04138236918991633,0.03342589443304464,1.3536934451075842,9.183486930477534,3.7294303497635006,0.015482791630643134,0.9017372739795386,0.11255228318448031,1.00911056722069,0.02234155081976111,0.12823768861841997,0.0
0.0,0.0,0.0,0.052472457262654815,0.0,0.001031079724915529,0.01113134917607641,0.004884719736890337,0.013651946236962396,0.007545594878460522,0.0,0.04977497538128484,0.0,0.0,0.004514058402352314,0.0,0.0,0.0,0.0,0.01755432376414892,0.0,0.0,0.0,0.01064844203000603,0.0,0.0,0.0,0.04889399327844101,0.0,0.00024061586925391008,0.0,0.0,0.0,0.0,0.07241089411216067,0.048497390889845074,0.0001856713244809337,0.0009816927234047744,0.013238855636119467,0.019030317900203254,0.0,0.00033238393668190175,0.2550576774028774,0.0038796937198516254,0.03377778136670675,0.0133000133763154,4.571678933659345,0.25757818856486775,0.0,0.0014372801869624913,0.030609661297999777,0.0,0.155493946443227,3.2274796946743045,2.687236843076613,0.051170941122358676,0.15142597197654908,1.0893652257711373,0.25556745134833486,0.001916683840156532,1.4430044047616053,0.00016622644346885252,0.017647545115790385,4.365410243000205,0.0,0.0,0.0,0.0,0.09162209727358346,0.0013729772626851523,0.10204039768487048,0.0,0.28823612236464474,0.004152508304036821,0.0,0.03858573968239431,0.21748283653061817,0.018326255601846947,0.0021526316849426823,0.0,0.12819258495831753,0.0,0.012880999748541488,0.10547330858559281,0.016929796039510305,0.015184111096709758
0.0,0.03690643538594233,0.035023336588954526,0.0008941792056431132,0.0,0.0,0.00048776953858844526,0.0,0.0018835846086474705,0.0,0.0,0.0005933088101458747,0.0,0.0,0.0,6.1082813155809035,0.0010591136202846723,0.0,0.0,0.0,0.5402537569966135,0.466916646205413,1.3364017553212315,0.5008366949247993,0.00024851118041630053,0.0024392988258782372,1.1587312048179217,0.3654018651690939,0.0033800897318298773,0.021554684720169977,0.0,0.0,0.006459935487373353,0.0035497229702672775,0.0,0.2528279530363819,0.05966226849883773,0.01473506425671887,0.022282972308757424,0.01522108920001361,0.0,0.0,1.7862661792624372,0.6008213013950044,0.28937422698595455,0.24929905836176616,0.09778043304363859,0.0015047290600002307,0.001710078527909191,0.0008180013961924588,0.18555648402884742,0.14204211320769033,0.0,0.0,0.00017739579185790548,0.00861409433969314,0.0015312390077763798,0.0074637618211338885,0.0,0.0034562416757099113,0.0,0.005198273906659543,0.0008498652089102498,0.0,18.254454975142075,0.1356639712903185,0.0001700104587150298,0.013207008744989325,0.0,7.417079967032552,2.5318146354719717,11.168057793490295,1.3816403949369855,0.009244375728610178,0.07205272390833242,8.458645336217506,1.4575299050619333,0.008544185304598554,0.05152989236088238,0.0,0.00025167188274768156,0.001522897282111544,0.1280404488588815,0.02864491442677263,0.483784905099425,0.006342144734245905
0.0,0.11973607684036963,0.6382492742771683,0.0,0.0,0.0,0.0,0.0,0.0004552345557026966,0.0,0.0011954959017905953,0.0,0.002134716258062041,0.0,0.0,0.004685587369486473,0.2995442564557845,0.0020115054038621198,0.05819108652651184,0.0,0.0018779006714719295,0.012020636456691556,0.06704245092456641,0.0,0.023107351843757274,0.80661016509618,1.784181299775502,0.0,0.0,0.0,0.0,0.0,0.0,0.02558289133053071,0.0033335499103763484,0.13939918874779808,0.03686288781773148,0.09147736225673453,0.0520469519167237,0.0,0.0,0.0,1.4468373970346018,0.26830727195198156,0.7286633442193088,0.31331204783574274,0.027558775616544955,0.004981355288142003,0.0,0.13481770185286338,0.2665662102158048,7.60106783147969,0.0,0.0,0.00039143399688336064,0.7526462659363671,0.06272093064648464,0.01586972958130796,0.0007220029555778107,0.6388670269676052,0.0,0.00077323682146206,0.14112716505541978,0.0,0.1356639712903185,8.57373281836829,0.2838638272414442,6.089331868882745,0.0,1.5225284408563207,0.08072403086131526,6.301309327754229,0.14007069077129855,0.004948609371224361,5.21245659888174,9.945286438635568,0.42474818469466163,0.2412826983964419,4.050249851830813,0.002265886182602141,0.011469951908423202,0.019729866641373973,4.046213884693857,0.011987243357343465,0.20787049704876956,0.0
0.0,0.06753305659572435,0.00028802087741612033,0.0,0.0,0.0,0.0,0.0,0.0,0.0,0.009281050415570759,0.0,0.5032257851776706,0.0,0.0,0.0,0.0027064604406881127,0.04698493175091147,0.012708179829078143,0.0,0.0,0.0,0.0,0.0,0.23730806693086512,0.35150215745314234,0.8783111767354839,0.0,0.0,0.0,0.07237133624885023,0.0,0.0,0.0028997410019065465,0.001444670035110039,0.011709735825617098,0.13825551339771391,0.05778803583733363,0.013213263946687693,0.0,0.0,0.004007961136531646,1.103905904926102,1.3406228136174048,1.7135344755329256,0.5488544624249476,0.017014665808531865,0.006580086456463296,0.0014452348682879649,0.0,0.07914638841552815,0.033120336170751975,0.0,0.0022925625513531864,0.001906737468624524,0.0,0.03574211910246578,0.002138254440055025,0.0,6.774483508563787,0.0,0.15959881350737934,0.05653704523436125,0.0,0.0001700104587150298,0.2838638272414442,4.11413855502292,5.008888283406134,0.0,0.06116188597326225,0.03105010449908706,0.11545684750247252,0.0,0.22031157041717964,4.112904516628413,1.853622219718356,0.0007549860126835738,0.28865543509437613,0.03502232581883442,0.6376326129690071,0.09115331457292201,0.0004160304110798112,0.9801947732701419,0.003248364101708807,0.04395275821599448,0.0
0.0,0.12873847275265696,0.06030535468684697,0.0,0.0,0.0,0.0,0.0,0.0,0.0,0.0028088822052957287,0.0,0.07533981145718958,0.0,0.0,0.0,0.082436767738296,0.03543471777934185,0.07436123723578802,0.0,0.00021805727361434458,0.0011417072914322805,0.003920908573825683,0.0,0.22616092161123857,0.9206147298048595,1.3846049510511753,0.0,0.0,0.0,0.019445049401255122,0.0,0.0,0.006437497971734942,0.0034416550392571397,0.0179336125873217,0.0882754308463016,0.07783610044357454,0.023653740825410104,0.0,0.0,0.0014268568431414109,1.2434419731229762,0.5732991727947264,1.0368115966196265,0.26833701889553124,0.00613971380271852,0.002893009550631832,0.0,0.011242229285236998,0.23827227049824395,0.8328521253136152,0.0,0.0,0.0005060761019334986,0.05112115464003667,0.012209914707079347,0.0047592738459849996,0.0,2.117448441692135,0.0,0.021270241795580243,0.02585230833364378,0.0,0.013207008744989325,6.089331868882745,5.008888283406134,8.074261051695911,0.0,0.31326437412304875,0.04269883809196243,0.7491414608529673,0.009030658706455592,0.123155935440184,6.796273553592983,5.37311243853453,0.03016515294913116,0.16598829026324827,0.534991080682926,0.05551407503001504,0.027065160079265346,0.002176527451202611,2.087550559263851,0.002931101014968392,0.08389347864896739,0.0
0.002249591410082848,0.0,0.0,0.9310034142612814,0.0006056402169359809,0.019080793075130793,0.18588192432091505,0.013115860235811228,0.3615533668202702,0.04478899630195666,0.0,0.41517379423543843,0.0,0.000384176570747202,0.03591826525290512,0.0,0.0,0.0,0.0,0.1594084489219073,0.0,0.0036951080317524673,0.0,0.3168588839619593,0.0,0.0,0.0,0.6286896001511103,0.0,0.0,0.0,0.0,0.0,0.0007964076613485794,0.0,0.2039866886889348,0.0,0.0,0.0,0.2299856443307906,0.000686910351568423,0.0014061539996301179,0.4203790762505787,0.00984967479429697,0.19744242138446672,0.04465492080173714,0.26008545085853374,0.009170222385662447,0.0,0.02393690010568813,0.0,0.0,16.188665315798175,0.01060891092514999,0.1621596650730273,0.10613390800261775,0.4444357932800842,0.7594094793276567,5.267663111753813,0.0012445421322372164,6.3450934806307515,0.001429647933144331,0.20291941688261192,0.09162209727358346,0.0,0.0,0.0,0.0,10.207958311130039,0.0,0.000577253694336876,0.0,2.1248715616528697,0.0014345270823282203,0.00044317218386180515,0.0,5.170224178598533,0.1227303020934519,0.003953251212754299,0.0,0.005727698495306303,0.0005414424056767624,0.06467279801665991,0.002657457186657833,0.015510391083530629,0.09803253496170726
0.0,0.017344139014505527,0.011156064297220157,0.0,0.0,0.0,0.0027235047073819333,0.0,0.001978072531010274,0.0,0.0,0.0014455255511783005,0.0,0.0,0.0,0.9284410310072189,0.0,0.0,0.0,0.0,0.31461832780624804,0.11065392864657843,0.11504215193640684,0.37714576984995085,0.0,0.0,0.09458346527294022,0.12234267618715634,0.011965593414102091,0.031286518760800366,0.0,0.0,0.011353899720488683,0.0042094103513106275,0.0007528194474295985,0.2596084604989503,0.02479051609823038,0.012550590971357986,0.002498282874133295,0.06043320961989511,0.0005846833397781666,0.007303151923558884,5.8157342847446385,0.9626827470634899,2.6575969589524373,1.1888310772065354,0.3773651712433993,0.011667877578925236,0.005886429594056234,0.041639447106920115,0.05005203616881678,1.0086383553626186,0.0007689604044038717,0.002955383920484975,0.0034193271984932854,0.6837146947681643,0.04942938080904895,0.0021400630625889585,0.002223516594152562,0.19002814270831359,0.0,0.023951830853820542,0.1035655328949024,0.0013729772626851523,7.417079967032552,1.5225284408563207,0.06116188597326225,0.31326437412304875,0.0,48.85330230123341,0.35363627813506293,28.406364881597906,0.5081067860317933,0.007397182138688323,0.25087764872532287,2.621739278476775,12.562894809599301,0.375300575934713,16.582023690510983,0.0,0.020529845750800975,0.08735444939043507,3.8417399012750533,0.12322999170837692,3.4879587845656754,0.011149666604174881
0.00955276522142505,0.1154306058019051,0.0570665612956246,0.00398783521905046,0.0,0.0,0.05123785963054948,0.0019516970190215943,0.046256497184040984,0.0,0.0013192118509884137,0.0,0.1491896063296394,0.005804713531645574,0.0,0.9999376862651471,0.016432899009019657,0.0,0.0015602905195095686,0.0,0.1485598163707547,0.8566706555073628,0.17377469306792243,0.5636917712204318,0.01308565885235406,0.013797515466286964,0.7740503319534061,0.45526245360571654,0.05073360033479313,0.07258713654478209,0.0,0.0,0.013731802200469498,0.012882063527241637,0.0,0.13686982611072304,0.040067343399876845,0.041438371423631534,0.02655416241012932,0.007531870608143339,0.0007359508714408206,0.004692582186040441,0.15667674235738893,0.19447147837504883,0.07208723239625045,0.03126096973147487,0.10049985113190253,0.0037837671425556387,0.0443586795235974,0.002904757643773242,2.4266910272136086,0.031493302960778555,0.005741724453943949,0.01575972194448694,0.00241076733082193,0.006095926190617952,0.00416741238908697,2.929902515386124,0.00028919958591344777,0.03963187301814687,0.015605361383370613,0.46032410577395866,0.0037369756096522016,0.10204039768487048,2.5318146354719717,0.08072403086131526,0.03105010449908706,0.04269883809196243,0.000577253694336876,0.35363627813506293,11.745551834288927,0.13548723310162003,6.420912704044371,0.9799151741818836,0.1291305725132836,7.78771301046565,0.6232463947464888,0.02751607251601974,0.02574438988014257,0.035135824580410306,0.0,0.00896538866764295,0.05951723785452324,0.002669999884694164,0.0753127684834834,0.015824886121624297
0.0,0.04767719791389374,0.5504139499518486,0.0,0.0,0.0,0.0009297644474226053,0.0,0.0022653012512325395,0.0,0.0,0.0,0.0011486963856383924,0.0,0.0,2.4827978425449606,0.013546294893565198,0.0,0.0,0.0,0.07851908854235344,0.11322467443367829,1.462838888218872,0.052616067014755644,0.0,0.0075670661205436045,2.5255508063956444,0.016587556248898593,0.0,0.0007401214074033135,0.0,0.0,0.00041221421814130677,0.009398677237056917,0.015841046717982844,0.2063354258356311,0.07598909527641447,0.046911102096432816,0.09458687351820437,0.009610661528124915,0.0013997848887079517,0.003225812906219919,11.088597063518684,2.7719792499796987,4.016896355796692,2.4419687300588664,0.903689942475474,0.02186645341654285,0.003320891338710454,0.08846160340644255,0.0566012641441764,12.18408318828629,0.0,0.0020208801217650296,0.00289652664581243,0.6298311870589764,0.08633010596789359,0.002262423187853922,0.0017381400119256382,0.32506942584980214,0.0,0.014654866044010985,0.16810451174212168,0.0,11.168057793490295,6.301309327754229,0.11545684750247252,0.7491414608529673,0.0,28.406364881597906,0.13548723310162003,71.12902688850963,0.2864023485428341,0.008476135196385296,1.3843585268758365,19.688978251947546,2.868572723171207,0.32532033878104644,5.654100939875795,0.0,0.017683952996203855,0.029522234668684737,5.156967764894816,0.24510304148602371,4.9819439234811,0.0015506700109570097
0.06246661178074038,0.03617245015863372,0.0032106207634345824,1.2402705436945234,0.0,0.015891250545960297,1.821364603746453,0.10688330947538091,1.2017260950045248,0.17168067491731318,0.0,0.19841471093275825,0.0,0.03739280666484299,0.01805355080086585,1.2107104113452527,0.0,0.0,0.0,0.18018228994384536,0.4848022169709615,0.34344364806828703,0.10375730066212968,5.835959019126038,0.0,0.0,0.13310738307136968,5.599040697606986,0.14648428326622984,0.34680599529172973,0.0,0.0,0.060526210946563797,0.041477159968828815,0.0,1.563006132309566,0.033603020386676265,0.13248148981835403,0.019718554310392423,0.28970578153085325,0.00022079150548538016,0.031778162720873235,1.8933133274655831,0.28535438869450314,0.6496260941342176,0.2900286282418737,0.5134893554719347,0.02401309591996103,0.03134869960830176,0.06538153006359249,0.6301545442551143,0.12626788739008304,2.9999871831295173,0.030715886559932418,0.04940782109421033,0.4645120629767146,0.2504423351449743,9.876749517585898,0.29730786390037445,0.0028985042125192068,0.909529594328319,0.07316337070747671,0.23468147523766028,0.28823612236464474,1.3816403949369855,0.14007069077129855,0.0,0.009030658706455592,2.1248715616528697,0.5081067860317933,6.420912704044371,0.2864023485428341,30.943899264571485,0.24068836445783712,0.11369149020644222,3.180463293899676,10.528511992764663,0.7450557478319972,0.46262641837198176,0.0,0.005783032624366714,0.11814701896460228,0.46653374829690775,0.05875591290451387,0.3518911503516591,0.2788764859268963
0.0006563456260292272,0.8786093432062703,0.0012423282365089546,0.00030798094500410667,0.0,0.0003076134174576266,0.006424461703262874,0.0,0.022435076329746215,0.0,0.08996343486012923,0.0005598446937238565,2.3823076555098917,0.001989599553753447,0.0,0.0060341800519007616,0.0032072858011975387,0.06797720812840925,0.03193157740994855,0.0005768083365479799,0.017703444516080545,0.047984519995913154,0.0039969070340071045,0.024080898126919572,0.7249984655813723,0.3954380378994303,1.37271612426711,0.05809318489291696,0.015098336906635182,0.014539275147590899,0.0892911656924039,0.00041334464383554147,0.0016319914154957454,0.04645568264844847,0.001966874177497099,0.1755769369073851,0.31147395462106525,0.1788568447519431,0.05420535337970372,0.03837706733854615,0.0015986116031128357,0.13566339594917623,0.31211636184775265,0.867992945567629,0.5241394464748008,0.16313610210914306,0.09030135270163059,0.009171839930814722,0.37166787703660015,0.0,2.4255045963477437,0.0016440512772474768,0.000920365158805507,0.0023335338562794623,0.0009795127833082003,0.007681235404828899,0.010353003148718816,0.6139680977897489,0.0,0.41179319504419104,0.0040211092078706705,4.297155008834413,0.01255756396220005,0.004152508304036821,0.009244375728610178,0.004948609371224361,0.22031157041717964,0.123155935440184,0.0014345270823282203,0.007397182138688323,0.9799151741818836,0.008476135196385296,0.24068836445783712,4.266276585844357,0.5411346420183917,2.9980807891931924,0.08892566717332767,0.0575657833102059,0.019025935729131756,0.08767372531712872,0.02912301203648499,0.0012509941537834207,0.346480630585534,0.0014972712189021584,0.014354122171815625,0.02490603838419131
0.0,0.34314714991026424,0.25988305775266474,0.0,0.0,0.0,0.0,0.0,0.0003423443355825898,0.0,0.04067414536527609,0.0,1.320496495659942,0.0,0.0,0.0005505039916559387,0.4541410132806602,0.15968804963897057,0.4441176279840944,0.0,0.0038017145888521947,0.00845170608133082,0.0297409662738685,0.0,0.9972967296942312,4.194948946912544,6.679620327340977,0.0,0.0005794624553063412,0.0,0.20387668350441926,0.0,0.0,0.06525736967544563,0.0005152543803556547,0.3129139143973254,0.49354464845869156,0.4377459486972472,0.1582487304486392,0.0,0.0,0.01745244038890564,2.7915845283957705,2.372004871112806,2.19753658457985,0.6832767804781633,0.015412302860992088,0.006262494277067083,0.002614405519590917,0.0052647807630191255,0.5984043874439176,11.828755400379796,0.0013546514949732069,0.0022009324227921278,0.00117663291091049,0.20902414575317646,0.02573082645082837,0.04781891328307218,0.001081089506250576,3.477133851638389,0.0,0.46553699588153363,0.04138236918991633,0.0,0.07205272390833242,5.21245659888174,4.112904516628413,6.796273553592983,0.00044317218386180515,0.25087764872532287,0.1291305725132836,1.3843585268758365,0.11369149020644222,0.5411346420183917,52.85764896423133,25.28723162877419,0.30178159580688135,0.2439083314038464,0.3174695078320473,3.612709117104286,0.06592365107827694,0.0020541629369229446,1.281801437818272,0.01062240520988287,0.10046872445678352,0.002657655880849237
0.0,2.315745032981292,4.1048408954565465,0.0,0.0,0.0,0.0,0.0,0.01646204359972622,0.0,0.0798415186631017,0.0,2.84517254551235,0.0,0.0,2.598908781733862,1.3711640235620046,0.21386464820539766,0.429160898739871,0.0,0.05910699297480898,0.5876297510973814,3.1018207212633957,0.07038869205381222,1.4989154473077821,4.748825298552365,25.075662772406858,0.026214214800942645,0.0011744523746070514,0.0029257111097344486,0.2804533788270214,0.0,0.0,0.19029092237083492,0.0077789769047641715,1.5246354969949865,0.9222024573612061,1.043203150892072,0.7891003561983588,0.00226034030906973,0.0005272832228430532,0.02296554489616657,13.023818230376143,3.4453402542728653,4.921156057045737,2.4864129489951474,0.28737126837035953,0.01815830989580728,0.012430650204705835,0.007512778588620023,10.096070901587842,19.653128624887085,0.0008616017731198928,0.0011396626228080814,0.0013103020802510943,0.12071574211411304,0.022548098520220217,2.4694319849283652,0.0,1.7572893940000767,0.008254209354904328,2.044803978241312,0.03342589443304464,0.03858573968239431,8.458645336217506,9.945286438635568,1.853622219718356,5.37311243853453,0.0,2.621739278476775,7.78771301046565,19.688978251947546,3.180463293899676,2.9980807891931924,25.28723162877419,92.73788093601982,2.0209560958362807,0.3070194749232794,0.624598084418628,1.903066918426666,0.06849037389576818,0.005807828495491502,4.404999012073461,0.11337266924528139,1.7541247539049059,0.014848473831036796
0.009764236044381473,0.015655417474151452,0.0028712995976887127,0.9928543615848711,0.0,0.006376730092446036,0.36673041389124506,0.005904604825360923,1.4237319222710878,0.004336094759140612,0.0,0.3720534942741985,0.0014016832735111492,0.0,0.03074090975810764,0.9191968164351854,0.0,0.0,0.0,0.08454053204392756,0.43063386978719936,0.25336832174461826,0.06665707561552638,3.560367007550324,0.0,0.0,0.057803491186651554,2.0868707113823644,0.07911669236930853,0.16239940560655244,0.0,0.0,0.07069248473763262,0.03181816252243153,0.0008525928757086238,1.2770377799380987,0.04758867560944362,0.059955922640291696,0.014406673236118505,0.6554300794713701,0.0,0.07081390108478722,7.1185076399515514,0.9680420178240541,2.9765929159928075,1.2703527896713058,1.207414263537532,0.10149842020407576,0.05851817801570696,0.36436369879445957,0.05547108306392577,1.0552900528000781,16.33791620348361,0.027657935626248534,1.2391303931563693,24.316683339190647,1.689806718731335,3.1125965280069527,13.268601674359068,0.0164680586647568,1.7702521695568076,0.11220203252132058,1.3536934451075842,0.21748283653061817,1.4575299050619333,0.42474818469466163,0.0007549860126835738,0.03016515294913116,5.170224178598533,12.562894809599301,0.6232463947464888,2.868572723171207,10.528511992764663,0.08892566717332767,0.30178159580688135,2.0209560958362807,71.49262652383138,3.2489230454346,13.124456271097449,0.0,0.013930878887711261,0.5148905004324517,2.3116874886102114,0.2258294719421463,1.7178755340730119,0.1295992849477359
0.00319616835484942,0.00641268493975681,0.0,0.0,0.0,0.0003150233327241835,0.005079784807400769,0.0,0.12933322097317518,0.0,0.00045582633471205635,0.0,0.011207856463556808,0.0006569843713800229,0.0,0.014337112700443862,0.0,0.0,0.0,0.0,0.030365489018990284,0.014681845783497642,0.00023048322337399088,0.15564655624284687,0.007200061305153843,0.0007521626983793192,0.008161831575090622,0.09743279203467045,0.004450667642049076,0.016790341348180703,0.0,0.0,0.0034993833855497644,0.01006224141634047,0.0005787954124629418,0.08935689944342551,0.012384565863790465,0.014047144478619857,0.022775289938648868,0.07979401674181419,0.0008540801535449846,0.016783588356748185,1.7156843338645094,0.3751038450937499,4.212340503742257,0.6931096697003042,0.5326191510844644,0.2855722679589027,0.0703496751912522,4.310214121234271,0.010965602375689722,0.01813157065651628,0.11928692046854804,0.027354337793902856,0.23943879576861143,2.419205089237932,1.509492766629142,0.28998614385891786,1.6493337419777188,1.2354097244094686,0.36652804097911507,0.16297665440334322,9.183486930477534,0.018326255601846947,0.008544185304598554,0.2412826983964419,0.28865543509437613,0.16598829026324827,0.1227303020934519,0.375300575934713,0.02751607251601974,0.32532033878104644,0.7450557478319972,0.0575657833102059,0.2439083314038464,0.3070194749232794,3.2489230454346,49.15241293579216,10.349143310225834,0.06534627014415953,0.9367211845501282,7.38591529264645,7.538589025682156,0.07787711528865564,0.5891052097577512,0.013939926741512124
0.0,0.005713206433927456,0.00028133267128779566,0.0011266249939356713,0.0,0.0,0.011721884827577751,0.0,0.06801621139375522,0.0,0.0,0.0019204458166256582,0.0,0.0,0.0,0.0658655550353281,0.0,0.0,0.0,0.0,0.08274778628772732,0.02753341041896413,0.005080258533566775,0.3227154927744961,0.0,0.0,0.0024387514662223522,0.1537047059631452,0.017121141769139616,0.019823466936491115,0.0,0.0,0.008706634412474372,0.008194619308494555,0.0019451796234897561,0.17160742710377086,0.014353435763658636,0.016572715053962496,0.0020724418101490047,0.10052507754522116,0.0,0.018420885634643377,3.7134207312830183,0.3530039558368523,2.960463786439561,0.9073869968419939,0.23832111110814583,0.032018845289799126,0.020038253703996502,2.1075782164099293,0.018255369106170927,0.7134159936576222,0.009416311238639565,0.0028902114163574153,0.02931088323337649,8.232681151435164,1.100698438892202,0.07723909915095674,0.05107713481549713,0.29543666103788174,0.006234866600507327,0.03315906437861893,3.7294303497635006,0.0021526316849426823,0.05152989236088238,4.050249851830813,0.03502232581883442,0.534991080682926,0.003953251212754299,16.582023690510983,0.02574438988014257,5.654100939875795,0.46262641837198176,0.019025935729131756,0.3174695078320473,0.624598084418628,13.124456271097449,10.349143310225834,45.30750999538105,0.0,0.0463446310308611,0.9730844564597606,6.629743422349137,0.16252317686977658,2.2298147557085315,0.011058203400427215
0.0,0.023586624320274308,0.0,0.0,0.0,0.0,0.0,0.0,0.0,0.0,0.013779600737934475,0.0,1.2716329731354838,0.0,0.0,0.0,0.0006363583812640613,0.006454757399678972,0.002327024967133928,0.0,0.0,0.0011085772722473845,0.0,0.0,0.08827811236142995,0.11675001707266522,0.4833321113795948,0.0,0.0,0.0,0.06885466190460676,0.0,0.0,0.002634555542910004,0.0,0.0012926219579648367,0.1268187101560837,0.03331980835913667,0.006012607381414369,0.0,0.0,0.0037969265398830622,0.1575725314395578,0.7149017819053518,0.5862404261083063,0.1570035907265605,0.002311897938586119,0.004390835706794634,0.005304684377244632,0.0,0.05351408547532768,0.00036460130492568755,0.0,0.0,0.00044905195265898437,0.0,0.011756398604055281,0.0036147217907901083,0.0,1.4111821058052207,0.0,1.5789340367089544,0.015482791630643134,0.0,0.0,0.002265886182602141,0.6376326129690071,0.05551407503001504,0.0,0.0,0.035135824580410306,0.0,0.0,0.08767372531712872,3.612709117104286,1.903066918426666,0.0,0.06534627014415953,0.0,1.7417287052866377,0.02969320868317366,0.0,0.2728198023724977,0.0,0.002783977338525514,0.0
0.0,0.0012533635679846992,0.0,0.0,0.0,0.0,0.0,0.0009775831005576616,0.0006346971217195384,0.0,0.0,0.0,0.004488814651939948,0.0,0.0,0.0,0.0,0.0,0.0,0.0,0.0,0.0,0.0,0.0,0.0010526169230354618,0.0,0.0,0.0,0.0,0.0,0.0,0.0,0.0,0.0052215085882606335,0.0,0.009352204886508769,0.005816022875766706,0.021620062705925387,0.02614534289495404,0.0,0.0,0.003585213337473574,0.5469643088533332,0.21150676285533532,1.6926414570376822,0.6594764685440971,1.7134275417499227,2.1290456451330226,0.06008799381726149,0.010372433952354609,0.0009590070415139498,0.0006685704710379511,0.0,0.8649930045975311,0.8824073003354593,0.04905015601621141,2.335287613651821,0.007758399876559068,0.047079051538405414,0.482096244121646,0.04677629758393546,0.09486512320484063,0.9017372739795386,0.12819258495831753,0.00025167188274768156,0.011469951908423202,0.09115331457292201,0.027065160079265346,0.005727698495306303,0.020529845750800975,0.0,0.017683952996203855,0.005783032624366714,0.02912301203648499,0.06592365107827694,0.06849037389576818,0.013930878887711261,0.9367211845501282,0.0463446310308611,0.02969320868317366,4.695125246462873,0.006882175871974539,1.2079647468916994,0.018661342881919944,0.11151085180048514,0.0
0.0,0.0,0.0,0.00023809298106423118,0.0,0.0,0.0,0.0,0.01880387124625019,0.0,0.0,0.0004758392940540867,0.0,0.0,0.0,0.007381796625819466,0.0,0.0,0.0,0.0,0.028651265148742732,0.0037210395075117663,0.001088423479182204,0.07954331755814062,0.0,0.0,0.0,0.040503754282612284,0.004973090520500011,0.005290165521938438,0.0,0.0,0.0,0.0,0.0,0.035804675846963244,0.0045579074485210145,0.0037839998341326377,0.0,0.012904652164934307,0.0,0.0003576473111849687,0.07201848358324972,0.01464450352688443,0.22465866563261133,0.02227641193259135,0.00600849330400863,0.0,0.0018271935402730268,0.05304554196495252,0.00039582536922803995,0.0018039987137414204,0.012768422814737432,0.0,0.003022809518029108,0.16869811467211654,0.028178088372414138,0.03012877953838363,0.011544668407079836,0.010685967140545857,0.002178974653164139,0.0036872833914950035,0.11255228318448031,0.0,0.001522897282111544,0.019729866641373973,0.0004160304110798112,0.002176527451202611,0.0005414424056767624,0.08735444939043507,0.00896538866764295,0.029522234668684737,0.11814701896460228,0.0012509941537834207,0.0020541629369229446,0.005807828495491502,0.5148905004324517,7.38591529264645,0.9730844564597606,0.0,0.006882175871974539,5.750486755065314,0.9679753555598388,0.008131203120308428,0.03584834487240173,0.0022298880161045974
0.00700470624700403,0.07125933791721513,0.19377693745426602,0.0038988914104873523,0.0003254282844373962,0.0032516086078821257,0.030845521027125445,0.008676663792996253,0.0811241240120846,0.0037117155439030307,0.006991669687711214,0.004062525169265964,0.2078650542075016,0.004711213514382992,0.0,0.053564557278020536,0.05745092923240428,0.010725497805286607,0.020764853151598806,0.0029802099728830425,0.05229779876648182,0.02001535556511843,0.07834731901823783,0.15449427859174367,0.09188014605681387,0.25410389889530716,0.828338178767505,0.09977164953656614,0.023656717035907365,0.02725805222208904,0.011143019761597088,0.0011154431118509203,0.004788505354810124,0.044005300229046966,0.3539776528687944,0.32132496444847714,0.18102485443453045,0.1240981531736696,0.22709963176890197,0.075855036151462,0.004242841794819631,0.08668779122839808,2.1997660438060542,1.675951929933086,5.917291304044008,1.0602099820214568,0.37977431700010955,0.24907317059007425,0.8906665319480419,0.24352768761660998,0.1532210616759331,0.7700880938879373,0.07327108763488736,0.04573258763269977,0.0854881815931178,1.0138459702979867,0.5627648555000738,0.1435947278354729,0.7770317396391697,8.839412459026933,0.11992106363012693,1.4509468838373163,1.00911056722069,0.012880999748541488,0.1280404488588815,4.046213884693857,0.9801947732701419,2.087550559263851,0.06467279801665991,3.8417399012750533,0.05951723785452324,5.156967764894816,0.46653374829690775,0.346480630585534,1.281801437818272,4.404999012073461,2.3116874886102114,7.538589025682156,6.629743422349137,0.2728198023724977,1.2079647468916994,0.9679753555598388,12.980243187801728,0.2736601186264108,0.8207727885905987,0.04559111673749688
0.0,0.0004836610387270655,0.00043696231066566,0.0,0.05304900835511825,0.543458320009195,0.001701530404215465,0.001143581536654591,0.013461049286028825,0.01766053687581781,0.0,1.1397235406816146,0.0003124747212184492,0.0004366190741793316,0.000620263365233101,0.0,0.001183064211840584,0.0,0.0,0.0,0.0,0.002078447797104706,0.0,0.0,0.0,0.002696551208765504,0.0,0.0,0.0012137040944015121,0.0,0.0,0.0,0.0,0.018837538238322578,100.10857516117667,0.41183273992507247,0.04277855641650009,0.02494892835539262,0.39827380517361494,0.02259389919727398,0.010102062535053387,0.004594577165341218,3.0064578216966695,0.5018567950563199,0.34654384930388754,1.2541510959924314,0.2125421670691008,0.04019593817521199,0.0026336219693804284,0.011946403913542576,0.0019298132402191701,0.02521901102080007,0.007505228253892108,0.0159364595356789,1.6439949208526918,0.08617641045380844,0.020189416834156617,0.017153908880895696,0.16426139009838164,0.004861934415626503,1.203406997187189,0.044188451586776104,0.02234155081976111,0.10547330858559281,0.02864491442677263,0.011987243357343465,0.003248364101708807,0.002931101014968392,0.002657457186657833,0.12322999170837692,0.002669999884694164,0.24510304148602371,0.05875591290451387,0.0014972712189021584,0.01062240520988287,0.11337266924528139,0.2258294719421463,0.07787711528865564,0.16252317686977658,0.0,0.018661342881919944,0.008131203120308428,0.2736601186264108,267.485387330527,44.4568984662363,0.02979639883131742
0.04585827317943538,0.049203176021121404,0.23183836036139668,0.08216641249410724,0.08212066038621338,0.07640315920471882,0.6575415488158908,0.1780050422524547,0.10760599284524595,0.12030892287685399,0.047486347748630996,0.13424893048678105,0.02878093836100692,0.18943752820006432,0.0008341202556429126,0.44456662033136063,0.05585374384711538,0.032043402397370836,0.03833671258507299,0.09667843106781009,1.4207758644812296,0.06347947528585732,3.360107184863004,0.1624301737773067,0.001967011374989535,0.08534799344166517,0.9454774149738487,0.9306334535917972,0.45480560229226286,0.5864185097810741,0.00032680084780045807,0.07509555821330008,0.08553921939731646,0.2693265244413225,44.685203728772386,1.5861657939201501,3.196844524087536,1.4862838085171308,11.653825840999817,0.03521665823704323,0.08310673719435943,0.084436480507588,3.9093609885417977,6.187711110886237,2.493336298570417,9.004115243125526,0.4474532187240692,0.21479964619642977,0.02218640470457554,0.06635685515700292,0.03478347147723412,0.47468627927409346,0.02245641598847277,0.027389037217630783,0.08555042513022464,0.43062366257674173,0.1183268450130589,0.1448870876274603,0.10280750088483293,0.062266803108287985,0.049138305817421596,0.09269218444571337,0.12823768861841997,0.016929796039510305,0.483784905099425,0.20787049704876956,0.04395275821599448,0.08389347864896739,0.015510391083530629,3.4879587845656754,0.0753127684834834,4.9819439234811,0.3518911503516591,0.014354122171815625,0.10046872445678352,1.7541247539049059,1.7178755340730119,0.5891052097577512,2.2298147557085315,0.002783977338525514,0.11151085180048514,0.03584834487240173,0.8207727885905987,44.4568984662363,5.725761380418492,0.35878623050106895
0.042442080521905616,0.005633707442422933,0.034859055131829866,0.8136348950924109,1.9007582702485422,4.4289332729288375,0.7307500013272777,2.3166005199408417,0.931974795072353,1.3577330050570149,0.27749452745861813,1.8917193027142163,0.04297493349750698,1.1539348656047368,0.842786196761994,0.19032225291371427,0.038095662732084125,0.045896513008248124,0.015091316699218447,0.769503181859247,0.4860246497647862,0.012247365785039686,0.8226272352819763,0.38078504935295493,0.005901624707680161,0.07874037540309842,0.25324772253109146,1.4342385451853144,1.4412048165096798,0.2800613541907965,0.006391919920802931,2.330882496031825,0.021681895578176156,0.30022393733093194,0.22829045008920879,5.049022616389053,0.4193968173367664,0.5734339518204737,1.8882822111173583,2.911138842640815,1.163507040708193,0.1503771100753564,0.29639853139220756,0.07584447580110613,0.04608309723807765,0.03929641569081905,0.20734599992175637,0.0013132263040237615,0.014939802292518501,0.0,0.003320916457930099,0.0003580616613617833,0.06394949593057146,0.001847111521628126,0.005473216164767513,0.007934026000816073,0.004532319776324279,0.09898302910306947,0.01363703605341515,0.0033718856583380423,0.21528692584877435,0.01040346069111962,0.0,0.015184111096709758,0.006342144734245905,0.0,0.0,0.0,0.09803253496170726,0.011149666604174881,0.015824886121624297,0.0015506700109570097,0.2788764859268963,0.02490603838419131,0.002657655880849237,0.014848473831036796,0.1295992849477359,0.013939926741512124,0.011058203400427215,0.0,0.0,0.0022298880161045974,0.04559111673749688,0.02979639883131742,0.35878623050106895,1.4437292436940339
