0.3518926040304855,0.0,0.043532139815378595,0.0013469391775204997,0.0,0.0050510193655158,0.6829805928807029,0.09319048672253316,0.007535500414795301,0.017505374812936,-0.0022891810413484,-0.0009669478196468011,-0.0003940471234059,1.1539007558964745,0.0009126657785832999,0.0,0.08237568776571721,-0.0004042199420711001,0.005618921505114701,-0.00016333019365970085,-0.004623160758214992,-0.0003006600316112,-0.0015107201480362709,0.0088494316972299,0.0,0.0072241950766658986,0.0014257732622877002,0.03887270635200889,0.6262837657216727,-0.6854893122172094,0.0,0.0009388275047085,-0.0082381875717677,-0.0008883296138730984,0.0,0.007818833661206392,-0.0010268890931000004,-0.012405574710958503,0.0033796752264607004,-0.0020265259154724994,0.0024778096601842,-0.0010450938889371,0.0035635959788471,0.0,0.0,0.0,-0.0014292949017627,0.0,0.0008627230380779,0.0,-0.000993126614834,0.0,0.0,0.0,0.0,0.0,0.0,0.0285529071792766,0.0,0.0,0.0032729306376756,0.0027961578600062,0.0,0.0,0.0,0.0,0.0,0.0,0.0029129947497351,0.0,-0.0012640004295879,0.0,0.0128061939207522,0.0,0.0,0.0,0.0014755313226574,0.0,0.0,0.0,0.0,0.0,0.0,0.0,0.0055468276145868994
0.0,-0.3153929209294286,0.0055898515953892985,0.0,0.0003047450761911,0.0006527924244261,0.0003227391840854,0.0002872687362994,0.08806246904569814,0.0,-0.005883849779918099,0.0009519860688595999,-0.11989170994945997,-0.0010168674730588003,0.006020908270510701,0.016670004695631006,0.007796089296702301,-0.008312136784671,0.0211354503403437,0.0,0.0007319160439314,0.471004424867161,0.0034693655587920997,0.133686399918874,0.20633700417991507,-0.041685060984805344,0.31924024091271797,0.0057967047277316,0.004949302887364599,0.0005174251023655999,0.06381004955583391,0.0009185166327478,0.0008236837061347,0.0990091815814631,0.0007316863964887,0.066821106329253,0.030012333983729003,-0.013619271538747799,0.008851894762110603,0.003886588836936899,0.0008354520409526,0.14688247302786372,0.0354706628226666,0.03577893696666609,-0.005771659308984503,-0.003495133158917401,-0.0010622676700795999,0.0,-0.0022068540866451002,0.0,0.03438507969107851,0.0127441527157404,0.000259209169363,0.0,0.0,0.0035176125307973,0.0,0.001104375583246801,0.0,-0.0023141331645856952,0.0,-0.03792550979340081,0.0008059355863837,0.00036631767246570005,0.042895055671390195,-0.0012436675148692969,0.0005834615906016001,-0.005342982757993199,0.0,0.0022386657973914,0.06791744534554521,0.022568976815215,0.004277403500776499,-0.00753632671009169,-0.03090119379085121,0.23601253277796097,0.0030877721999217,0.0,0.0012203640040134,0.002590526129969902,0.0,0.0,0.0013274962992372002,0.0005425133581801,0.015197802175138499
0.043532139815378595,0.0055898515953892985,3.300764706656725,0.0,-0.0004561663752566,-0.002283757197505799,-0.08411487550127572,0.035098981504629645,-9.814636856379962e-05,-0.0004314719816033998,-0.015801189446272602,0.0002686891680084,-0.0086795974740354,0.07459207828025871,0.0,-0.00013952998708180453,-0.7553451013757346,-0.0107804164190634,0.03597487823607348,0.0,-0.036803615467503326,-0.0034113251577400005,1.1327845984558493,-0.08153637618826509,-0.0006610846118523,-0.7357662688182653,-0.5652900750927685,-0.05281803532175666,-0.0015978980446433033,-0.3903511340141619,0.0009439774361278,-0.0020190435171179,-0.0030146094621039997,0.03314372371143781,0.012779755860025398,-0.42470318022030007,-0.3321123451350271,-0.4063226886879372,0.03710499098994158,0.025888601462821195,0.0038465464369938,0.0022926141852737,-0.02730329079915661,0.0169393070578851,-0.08287679238950352,-0.032614562702282704,-0.0002467531878401,0.0,0.0,0.0,-0.029819171392141103,0.028594452843575535,0.0,0.0,0.0,0.0,0.0,0.0035022905788846,0.0,0.0,0.0010274199370997,-0.0003783644479547,0.0,0.0,0.009753052411612596,-0.006074638994427992,0.0,-0.0017714647644711998,0.0,0.004613340489248101,0.019592735756690405,0.033953743981800844,0.0070054724482958,0.0003602512963988,-0.026874188311273306,-0.02569982164707718,0.0,0.0,0.0012585081496217,0.0,0.0,0.0,-0.004042291928654402,0.0004112237776231,0.12985485243300837
0.0013469391775204997,0.0,0.0,-0.6350011512549614,-0.0008946182468266006,-0.02985051001397769,-0.03309748137836159,-0.0396792256407921,-0.3427039401299483,0.26083319628895296,0.0015567163471209,-1.7000265025615904,-0.0591014870196421,-0.024232602253502294,0.01791686546491869,0.0,0.0,0.0,0.0,0.9673939868642059,0.0,-0.0003410132323502,0.0,1.2241144161217097,0.0,0.0,0.0,-0.5171796289955015,-0.026018602163436308,0.0030865707171694,0.0,2.3655072409900155e-05,-0.0011454500192807,0.006598145061054217,0.002012680821293,-0.11673018108852262,-0.005414750498788002,-0.0557317493020473,0.0015954527855135993,-0.0551317651585867,-0.008333617693910101,-0.001203826925812,0.0068379450253899,0.0,0.0057338930549396,0.0016540460058667,-0.17711017145901112,0.0,0.0,0.0017244981281037,0.0,0.0,-0.11457897122177518,0.0010890648860672,-0.0087827137254773,-0.0006281375502281998,0.0008715906921953993,-0.05841472349512372,0.005907576242926496,0.0020650581060744,-0.008377097857889981,0.0020833269228808,0.0006639982745598998,-0.0355728635645486,0.0,0.0,0.0,0.0,0.056846339796760514,0.0,-0.0025157160154287,0.0,0.032642824111073665,0.0,0.0,0.0,-0.045178358334471494,0.0005777185323305001,0.0,0.0,0.0,0.0008956835448019,-0.007060291606744401,0.0,-0.018355094240250898
0.0,0.0003047450761911,-0.0004561663752566,-0.0008946182468266006,-0.8829246451383719,-0.10693633763975452,-0.005612824534662501,0.0238296952866269,-0.037236394835213904,0.0014721427468973002,0.0044063064101195985,0.025032558388114107,-0.0058037918283477,0.0086629576528918,0.06788629188775674,0.0,-0.0009109113979024999,-0.0002279302274464999,0.0016535206791115998,-0.005488256853792499,0.0002666130476055,-0.0017158775628819001,-0.001350256487478,-0.041865193699255704,-0.0006166732047183,0.0015690172483971004,-0.00021688783026970002,-0.016559856451081698,-0.044406883905902,-0.0004119454909532,0.0006427473761959,-0.1495133952052181,-0.0004035459736381,0.8996119451252242,-0.0026345464858109004,0.0006136488531658102,0.008161589526630299,0.014288294201167197,0.0006234724593833004,-0.4375075933095607,0.1368352925317448,-0.0007717855582990998,-0.0037099272206769997,0.00013503954421800003,-0.0017229610834114,-0.0008463766278397001,-0.002126199097491198,-0.0009213912215398,0.0009854802069244,0.0,0.0,0.0,0.0009907367528375,0.0005297919882694,0.0007299081303502,0.0,0.0,0.0014587049676551,0.0,0.00102375993726,0.0026831621786582004,0.0014922516220246,0.0,0.0030854735338869004,0.0002911433656272,0.0,0.0,0.0,0.0087173160276691,-0.0009563012190159,-0.0048446585631356,-0.0006186066138336,0.005736834041202599,8.773876331140003e-05,0.0,-0.000460461502315,0.0,0.0,0.0,0.0,0.0,0.0,-0.0003352927579723,-0.0199640083699058,0.006900443325281799
0.0050510193655158,0.0006527924244261,-0.002283757197505799,-0.02985051001397769,-0.10693633763975452,1.5987027023735827,-0.09129866932998953,-0.9859682765545124,-0.003686973855561493,-0.25124743419787343,-0.0087887494960024,0.0038223468512637027,-0.020686108662510302,-0.0017069031515456468,0.10639999969756397,0.0,-0.0025114086191878994,0.0002602804424334999,-0.0005514041919325,0.0981876743039164,0.006889174307527897,0.0025404276441427,0.0009889653006884998,-0.08765060577874129,-0.0006169698399548,0.00046647884024160046,0.0,-0.16938437133598838,-0.059820648700602386,-1.970331730020286e-05,-0.0008504535159149,-0.4538469792119795,-0.0008179820872123,-0.0281372530646824,-0.49199621247158376,-0.03544643288456528,0.0055109190695313,-0.029884322447759293,-0.014324265636158004,-0.33831471712962635,-0.0869301062709017,-0.00010759402686429977,0.0052207594124633,0.0007028233163750001,-0.00018696374092640015,0.0016055700143942,0.0306697799710443,-0.0012070708714665,0.0020636975952308,0.0,0.0,0.0,0.010053711017776,0.0018656630049096,0.0053048498825602995,0.0,0.0,0.002470613771678204,0.0,0.0023747056450252,0.03527206250281589,0.00015402552750159998,0.0,0.00013386063322660003,0.0,0.0,0.0,0.0,0.025219233561343098,0.0,-0.0010799189607673,0.0,0.0286028230655757,-0.00014855671806160003,0.0,0.0,0.0016731036303768,0.0,0.0,0.0,0.0,0.0,-0.002348528859234,0.07676999806267601,-0.0022616327713260997
0.6829805928807029,0.0003227391840854,-0.08411487550127572,-0.03309748137836159,-0.005612824534662501,-0.09129866932998953,4.338841320699466,0.01690301099894498,-0.08939173058045777,-0.3509688168267804,0.002848368915290299,-0.033374865426771594,-0.0536156294270225,1.4496013112144546,0.004440073568408212,0.0026488277550201014,0.05443552603467361,0.0,0.0018979847638856996,-0.044508749531404004,0.024150216361617627,-0.0006970262532652004,0.09808538539878542,-0.266794364215875,0.0,0.045504023377413105,-0.0119518173663989,0.16862875721286485,0.32619368904084833,0.027550601718752787,0.0,0.008028552678526901,-0.071009830847098,0.25093320668293195,0.0163235451638706,-0.11425102676637211,0.009215272152463483,-0.12203074790228086,-0.00578461426291621,0.013330977096614238,0.0049260927484239825,0.0024945019893359,0.0467082327048481,8.929225872779997e-05,0.0049992355758684,0.0003496795660632,-0.0171844562255879,0.0,0.0,0.0,3.015944478400041e-06,0.0,-0.005975655772293899,0.0,0.0,0.0038943319154955995,0.0,-0.059443205909294417,0.0,0.0004661316933872,0.0869849040113128,-0.001064200949553,0.0,-0.0007438068056288001,0.0016734558584222,0.0,0.0,0.0,0.0291491377508412,0.0,-0.009507890555345198,0.0,-0.00650729524220639,0.0,0.0,0.0002880098741662,0.0035940976262548996,0.0013481681524782,0.0,0.0,0.0,0.0006865941769536,-0.00018037485172229997,0.0,0.23582402455126816
0.09319048672253316,0.0002872687362994,0.035098981504629645,-0.0396792256407921,0.0238296952866269,-0.9859682765545124,0.01690301099894498,1.1523087796074627,-0.04594403032606731,-0.1011962492102656,-0.0144328926067364,-0.04709460550039535,-0.05090711419269141,0.3391651595144154,0.008303127249895403,-0.0030718194748285,0.1006694803313431,-0.004743200401387898,-0.0018147701447041,-0.00027452501933078466,0.013011234289493467,0.00032313860011650005,-0.13362086704502674,-0.2825847294367089,-0.0033446697388604995,0.010079277447227503,-0.0009535470929615997,-0.19806033408783508,-0.24758780466236407,-0.2382969019647425,-0.0024383259637478,0.09861676087302973,-0.0181221039563164,-0.08521505609051327,0.006971457134813598,-0.22749591141969572,0.006543660237044294,-0.1500252152382061,-0.004960448732797107,-0.03194531370415876,-0.04909404358722061,-0.0124475625250492,-0.0020516746170257,-0.0003398290737687,-0.017849370043213002,-0.003232540277608999,-0.0091881614094112,-0.0047115354415887,0.0007390801800249,0.0,0.0,0.0,0.0036111245764972,0.0,-0.0003340314350812,0.0,-0.00068364326338,0.110109989700101,0.0,0.0006893134043137,0.0639170001285226,-0.0023056128800209,0.0002545347598936,0.0006401434035386,0.0004061377731792,0.0,0.0,0.0,0.0109799437189085,0.0,-0.0012136215271831997,0.0,0.048813065929497204,-0.0017711953974741,0.0,0.0,0.00013564122791770005,0.0,0.0,0.0,0.0,0.0,-0.0041366519705669,0.0010838085099043999,-0.036432842111537994
0.007535500414795301,0.08806246904569814,-9.814636856379962e-05,-0.3427039401299483,-0.037236394835213904,-0.003686973855561493,-0.08939173058045777,-0.04594403032606731,1.0077016277014241,-0.3115383522043331,-0.022929637800082302,-0.07090298270785722,-0.06330509646153751,0.019480481247308112,0.11336649210025174,0.017427783420273804,-0.0025023060862064007,0.0,0.0011718468972174,-0.22082429181338237,-0.0019002124578400004,-0.3216399060352133,0.0014898738228508006,1.2558831510457207,0.12996986522233767,-0.012182199051066399,-0.15478410904654094,-0.17615099540374546,0.0808733596735538,-0.0181734195473644,0.0087472264739951,0.002192310378434509,-0.002829168034852501,0.07215447150594989,0.0003975530438170994,-0.11522938545958905,0.014671593831576603,-0.005842537391852587,0.0177070533657631,-0.0533207246030204,-0.012749776755853398,0.020248223803452786,-0.1771909094540557,0.0013424236270025,-0.02609772148579631,-0.005851794630964802,-0.11088354880479112,-0.005399098293965697,-0.0005498757966973,-0.027374080671659,0.004814993509860397,0.0,-0.29334129048768487,-0.0115647333074701,-0.0380515887707691,-0.0744568989805291,0.008350682371197696,0.021757416748045877,-0.09079950452125851,0.0005870420780533,-0.19307868303201992,0.004295769423061199,-0.015409485708673197,-0.040546193214350004,0.010000228572324604,0.0,0.0,0.0,-0.02294371271522111,-0.003661323824034701,-0.0004262361270941928,-0.0009001597001273998,-0.07497528389354757,-0.0113832930802071,0.0,-0.0031957718191772,-0.3149054874094246,-0.0456056210374383,-0.0028601943096977014,0.0,-0.0009322370880266,-0.005945083079916601,-0.021637183158537,-0.0002557028292992998,0.0020103356298122044
0.017505374812936,0.0,-0.0004314719816033998,0.26083319628895296,0.0014721427468973002,-0.25124743419787343,-0.3509688168267804,-0.1011962492102656,-0.3115383522043331,5.035721485218303,0.005283627608095701,-0.6534952521899466,-0.0642423038060644,0.4511636834068886,0.0037731675894386862,0.0,0.0,0.0,-0.0006276012572074,1.195883010204735,0.0011030710826263998,0.0,0.0020547919470393,-0.0031708783733638835,0.0,0.0,0.0,-0.5086742020563424,0.16647357893428705,0.008319310260348503,0.0,0.0127735756367955,0.0015436148893585022,0.27768529527061414,-0.0218514412892932,0.08657377196035254,-0.019359825454318594,-0.10116014999577883,0.020282888227565715,0.11901572290469742,-0.012826851873264877,0.0012995389549801,-0.0050971702131323,0.0,0.0,0.0,-0.1802625141000918,0.0,0.0,0.0,0.0,0.0,0.015434161959130697,0.0,-7.651371272150015e-05,0.0,0.0,-0.10301512432819149,0.0,0.0006575833491084,0.0708125568282991,0.0,0.0,-0.012558526857303801,0.0,0.0,0.0,0.0,0.011670432983091799,0.0,-0.0003247218668987,0.0,0.027955337961072413,0.0,0.0,0.0,0.0012992188884474,0.0,0.0,0.0,0.0,0.0,0.0,0.00039477812067820005,0.007965768841677712
-0.0022891810413484,-0.005883849779918099,-0.015801189446272602,0.0015567163471209,0.0044063064101195985,-0.0087887494960024,0.002848368915290299,-0.0144328926067364,-0.022929637800082302,0.005283627608095701,-3.0072991154042867,-0.010398919525868008,-2.097667397566598,-0.02082561151532014,-0.0027148766273457003,-0.0006419029762324,-0.025131461796099375,-0.02770467006059274,0.2060122000137783,0.006151908290277203,0.0011948598087117013,0.005604143832477801,0.013808526333324009,0.0018238256893487997,-0.27509260825118065,-0.3679629545464449,-0.058712185675462436,0.0007622178047146998,0.0016969461815092846,0.001204308576520501,-0.1895675045332379,0.0070318959646127055,-0.0011783102781701997,0.09374206114951722,0.0005212443712329,-0.04711861873618228,0.02795648463395417,-0.3089772938202233,0.036532202321798934,-0.0042054792302949895,-0.010197854222764102,-0.19497657692868475,0.0038367719538873997,-0.0188528215142158,-0.008592665340674502,0.0016458307595066998,0.0016370349880232002,-0.0006418956871646999,0.009356176522430593,0.0,-0.043220967788029294,-0.0010455130190698,0.0,0.0,0.0,0.0,-0.0013381167674095,-0.001413670195814,0.0,0.04526357704854289,0.0,-0.15169398695899527,-0.0005893476965981001,0.0,0.0,0.00032378665931300004,-0.029371956026116093,-0.00039424524920500005,0.0,0.0,0.0077871287921999,0.0,0.0,-0.02802124529261807,-0.08561506832912807,-0.03927288911704896,0.0,0.0015915991519353002,0.0,0.018994946557161108,-0.005775356283818801,0.0,-0.012614607249140104,0.0,-0.018699019849287898
-0.0009669478196468011,0.0009519860688595999,0.0002686891680084,-1.7000265025615904,0.025032558388114107,0.0038223468512637027,-0.033374865426771594,-0.04709460550039535,-0.07090298270785722,-0.6534952521899466,-0.010398919525868008,4.846657821333672,-0.1508296072418642,-0.04584176825784669,0.3936378359113044,0.0,0.000408149605427,0.0012985788005617,0.0,1.7911158868779555,0.0002717220177075,-0.0017832479804059005,0.0,0.46469175056717393,-0.0009902731503868,0.0,-0.0018641110191553998,-0.4351166740163326,0.14950655503903754,-5.52047004612e-05,0.0,0.0626875905002651,-0.0044760494230403,0.01717660391369158,-1.9902477168970654,0.025004768749202544,0.0008691848607024003,-0.11291265472583178,0.003918783302000309,-0.06814181616574366,-0.0345124847864717,-0.0019528135271189018,-0.023320254040569602,-0.0003884014411339,-0.006806496382485599,0.0019317218635735,-0.12016181342183818,0.00018317246535630004,0.0012466428156143,0.0037750793328046,-0.000301013579931,0.0,-0.21799157611627723,-0.0022805623461665,0.002262371374599302,-0.0124139146566109,-0.0032904126767443996,0.04235982092910928,-0.009804203111542412,0.0178534434272801,-0.011071583876411495,0.0038660669818162997,-0.0019715516984049,-0.004808640788530494,0.0,0.0,0.0,0.0,0.03161183153253372,0.0,7.821479740489998e-05,0.0,0.020985789994570403,0.0,0.0,0.0,-0.05336419284852431,-0.0053624742273271,-0.0011629206205451,0.0,0.0,-0.0015910650605789,-0.0140883033914644,0.06400073227737546,-0.028881559209990304
-0.0003940471234059,-0.11989170994945997,-0.0086795974740354,-0.0591014870196421,-0.0058037918283477,-0.020686108662510302,-0.0536156294270225,-0.05090711419269141,-0.06330509646153751,-0.0642423038060644,-2.097667397566598,-0.1508296072418642,-3.7229409323996663,-0.05188185963194239,-0.0418027119595658,-0.0039409273163372,-0.0062748254093324,-0.027520422698145003,-0.0084646875227367,-0.1599853013351864,-0.0209078660132838,0.06424065265231729,-0.0465561237919488,-0.08346904726676879,-1.0364420357848587,-0.028834780685267875,-0.19462365689783634,-0.1653491710986761,-0.08361617519835249,-0.019784442765768,0.0540097098801815,-0.0312287171852067,-0.0059391157809532,0.38978230473167286,-0.1696976943174682,-1.827977355179366,-0.2715927540676867,-0.8663325921945408,-0.3740954876509483,-1.502502576530414,-0.1737948257452879,-0.89799047001539,-0.3757161481990297,-0.042846521273332994,-0.1578076580744997,-0.0731822448362158,-1.0148575916597218,-0.0330122946546731,-0.048636565055432596,-0.0043634500421246,-0.08162641962029801,-0.0008149883126539,-0.1461993969701553,-0.0094132349787021,-0.0151961630874153,-0.0235980198708006,-0.0176704350134749,-0.0269266960507164,-0.0021010684019937,-0.16810589105362128,-0.1185941530892349,-0.7157534698005161,-0.012735320709548801,-0.0282386567722969,-0.0075283871423012,-0.000914679793814,-0.04287633784523259,-0.0076148362316577,-0.1127312957755092,-0.0057177686225331,0.014998724247840399,-0.0009803935668833,-0.0906946876173802,-0.49737907505213286,-0.18173696844659432,-0.2143545844700805,-0.1572492622909804,-0.0357294883326903,-0.0063279709197857,-0.10331706379175631,-0.0140476655582433,-0.0061970232766445,-0.0845899858702642,-0.039304356569185,-0.2034284654147858
1.1539007558964745,-0.0010168674730588003,0.07459207828025871,-0.024232602253502294,0.0086629576528918,-0.0017069031515456468,1.4496013112144546,0.3391651595144154,0.019480481247308112,0.4511636834068886,-0.02082561151532014,-0.04584176825784669,-0.05188185963194239,-0.14394223388340777,0.009321527191698306,0.0001527554285213,0.0885124564368398,-0.013441917594711195,0.0012544639373166938,-0.023978368481361922,-0.036352309276703076,0.0008170704650265999,-0.1336703914957571,-0.0871691708955345,-0.0013381590692888995,0.04094550642446687,0.002539826327191904,0.011864306651059087,0.6087054322284864,-0.7697057343633578,0.0012086092994873995,-0.10114824791111754,-0.03158697221201549,-0.20704255377936764,0.0019772730370588004,0.022994517747184195,0.0160612387410015,-0.1299684781743119,-0.012278067276951216,0.08044628800722975,-0.0410876910300949,0.0161683140666522,0.0022603547011834004,0.0015796302157648,-0.0156657562793303,-0.0052219843398549,-0.0028173437616392,-0.0075479346769164,0.000630552607661,0.0,0.00021828263528350005,0.0,0.0,0.0,0.0,0.0,0.0,0.0573720201164184,0.0,0.002193113510676,0.0055681505934113,0.004787198899184299,0.0,0.0,0.0,0.0,0.0,0.0,0.0017542976356653,0.0,0.0014636397591989998,0.0,0.004056427387682501,0.0007479667819630994,0.0,0.0,0.0,0.0,0.0,0.0,0.0,0.0,-0.0081433881573125,0.0,-0.008083533509041008
0.0009126657785832999,0.006020908270510701,0.0,0.01791686546491869,0.06788629188775674,0.10639999969756397,0.004440073568408212,0.008303127249895403,0.11336649210025174,0.0037731675894386862,-0.0027148766273457003,0.3936378359113044,-0.0418027119595658,0.009321527191698306,0.35536476398440064,-1.791975472460001e-05,0.0,5.360346407959999e-05,6.635069340800036e-06,0.02898551122644999,-0.0013580117985316999,0.0006271765128256016,0.0002431507421109,0.01410320266243481,-0.0007435506222103999,-0.0009431549976065,0.007136705465348598,0.0117900002485965,0.0063196556009557925,-0.0078054657527760005,0.0,0.025184267840630103,-0.0013852744548003,0.048536222570106285,0.4787872468583616,0.0381640504212549,-0.0012762866748276007,0.013897511251703,0.007742402767340102,0.4300533209777955,-0.07582891247185741,-0.0014108561635313996,0.003173770511783802,0.0020869592477763,-0.0041563580080154,-0.0046985371219393,0.028078114954622202,0.0002876492603455,-0.00030513816789590003,0.0,0.0,0.0,-0.004053172466822186,0.0035630437285685,0.0024767967019459994,-0.0070827913688797,0.0007978251450530998,0.013614317910625097,-0.0009876185941856,0.0053863719802993,0.04269032608042499,0.0027124395738741,0.0,0.014707707140971103,0.0009016575824051,0.0,0.0,0.0,0.057278975197491394,-0.0008331792043896002,0.0008917527801621996,0.0038251238786372,0.0209359536599951,-0.0002125520396565,0.0,0.0,0.024986178959626803,0.0,0.0010210254013427,0.0,0.0003622202518249,0.0,-0.0085541371112512,0.047816593943062397,0.0034586735933384988
0.0,0.016670004695631006,-0.00013952998708180453,0.0,0.0,0.0,0.0026488277550201014,-0.0030718194748285,0.017427783420273804,0.0,-0.0006419029762324,0.0,-0.0039409273163372,0.0001527554285213,-1.791975472460001e-05,-1.1055882816984681,0.0012459323230934044,0.0,0.0018450023757319001,0.0,0.11818417833545869,0.03543017156010997,-0.6808010311422183,-0.0643860037936439,0.0023174840501347,-0.0025814366835111985,0.12027150686388133,0.19867988524765645,-0.0016693511763583007,-0.021857903925958405,0.0,0.0,-0.0046014608554987005,0.018946986927578402,0.004314213026413098,0.23021211516513285,-0.1299949485966819,0.054938471522022414,0.017641928683426233,0.08040062350172489,0.0007989698630104999,8.869024030990001e-05,0.1264552434209305,0.015438652091747496,0.04872759007574948,0.04685774891406738,0.001720779322020501,-0.0008093037966269,0.0,0.0,0.0030580215085070986,-0.0012385580845097992,0.0,0.0,0.0,0.001647564043177,0.0,-0.010830491807938408,0.0,0.0,5.6254378795500006e-05,0.0002351903927163,0.0,-0.0023361054744963,0.36294739333842063,0.00030263332036109997,0.0,0.0,0.0,-0.003323666722771512,-0.5607212854594128,-0.12365447863037948,-0.1562043885908695,0.0,0.000468356991077,0.0017147175856966346,-0.017392417544672106,0.0021526038933281,0.034476255360185504,0.0,0.0,-0.0091196878632194,0.0007819325765901011,0.0,0.1685256151357914
0.08237568776571721,0.007796089296702301,-0.7553451013757346,0.0,-0.0009109113979024999,-0.0025114086191878994,0.05443552603467361,0.1006694803313431,-0.0025023060862064007,0.0,-0.025131461796099375,0.000408149605427,-0.0062748254093324,0.0885124564368398,0.0,0.0012459323230934044,-1.1020504490264598,-0.07278137047370642,-0.7128412159462845,-0.0003811548854976,0.0028355020199783976,-0.0036217069429262012,-0.5402063711025527,-0.017813461729825897,0.00038912783940309994,-1.3026414642753177,0.03894248000562062,0.03708853203259052,0.22813536873537432,0.26513159913463014,-0.0004909288451312999,-0.0027201181960029,-0.025943970472337693,-0.053332470687316835,0.002915144731204,-0.4907782811715633,-0.17972964055455054,-0.5774914301322349,-0.07538609325335921,0.0005018277406583019,-0.0005095333845230002,-0.0002620068424843,-0.010328700996178497,0.0262314375732855,-0.0250269494136256,-0.010543507496152002,0.0,0.0,0.0,0.0,-0.028420351517602596,0.017377672336362726,0.0,0.0,0.0,0.0,0.0,-0.0026616280959747005,0.0,0.0,0.0,0.0007411395625646,0.0,0.0,-0.0010722982109637002,-0.008016529163106294,0.0,-0.00040711769576429885,0.0,-0.000668727372903,-0.023268268746602698,0.002078580831815696,0.0,-0.00046195085438589995,0.060567424916042306,0.06243211532744719,0.0,0.0,0.0,0.0,0.0,0.0,0.0013504215175799998,-0.0007184513893947,-0.011022798280743012
-0.0004042199420711001,-0.008312136784671,-0.0107804164190634,0.0,-0.0002279302274464999,0.0002602804424334999,0.0,-0.004743200401387898,0.0,0.0,-0.02770467006059274,0.0012985788005617,-0.027520422698145003,-0.013441917594711195,5.360346407959999e-05,0.0,-0.07278137047370642,-0.12883401603566735,-0.7903664426766479,0.0,-0.0011409955791542,-0.0003105502967630999,0.0084225054403262,0.0,-0.05498934749691539,-0.5950348505643532,-0.08989533991900062,0.0,0.06959965936987839,-0.0021073440299808,-0.1259609603701184,0.004121799680368597,0.00016812667460909991,0.2595361718094783,-6.0005403944399975e-05,-0.1712463363254524,-0.05353328695909698,-0.3876742317830377,0.025776439953169916,-0.004054881136771701,0.0022634754725523003,-0.007534721832579402,0.0006446603423854,-0.019624189727901496,0.00048062341811089954,-0.0021370606101088,0.0,0.0,0.0010376639450442003,0.0,-0.0024665783444157985,-0.0005384341369901,0.0,0.0,0.0,0.0,0.0,0.0,0.0,-0.0128675077866994,0.0,-0.04974702349429799,0.0,0.0,0.0,0.0,-0.0064603049573374975,-0.0025648649733519,0.0,0.0,0.00039557003089809987,0.0,0.0,-0.001461820410220388,-0.0893629494987957,-0.0567455158161837,0.0,-0.00021674678833620006,0.0,-0.0051640137418520055,0.0,0.0,-0.0007488193310707996,0.0,-0.006456236169072101
0.005618921505114701,0.0211354503403437,0.03597487823607348,0.0,0.0016535206791115998,-0.0005514041919325,0.0018979847638856996,-0.0018147701447041,0.0011718468972174,-0.0006276012572074,0.2060122000137783,0.0,-0.0084646875227367,0.0012544639373166938,6.635069340800036e-06,0.0018450023757319001,-0.7128412159462845,-0.7903664426766479,0.43587562557453374,-0.0015751261423804,0.0498746219676294,-0.0040346241883728,0.1645820934641275,-0.0017202605240613,-0.0051677665567936,-0.043902432407490366,0.2753206141436839,0.0024718149927366005,0.0351352237481396,0.045566753236623514,-0.006627830410489401,-0.0008577972828711002,-0.0055519333777899,0.4463469070892525,0.0032420540380503,0.14939361339048873,0.14145306876506059,-0.12426106375768198,0.15418099376168737,0.0051801223867982,0.0007859319670302,0.0002538839449428001,0.0030114880576585,0.005053342850607899,-0.0036981737817648984,-0.0027643488590573,0.0,0.0,0.0,0.0,-0.015468972640456193,0.014092498170103301,0.0,0.0,0.0,0.0,0.0,-0.0009492160967844,0.0,-0.0036877037370424003,0.0,-0.0017000914386645994,0.0,0.0,0.0,-0.0026590659647781,-0.0004969796667817,-0.0013183261102561001,0.0,0.0,-0.0010645192277196989,0.00029927419299370005,0.0,0.001051731330322398,0.022311979493296094,0.06493915792610416,0.0,0.0,0.0,-0.0006601907266355002,0.0,0.0,-3.070234998310003e-05,-0.0007862021360836,0.00961410073590531
-0.00016333019365970085,0.0,0.0,0.9673939868642059,-0.005488256853792499,0.0981876743039164,-0.044508749531404004,-0.00027452501933078466,-0.22082429181338237,1.195883010204735,0.006151908290277203,1.7911158868779555,-0.1599853013351864,-0.023978368481361922,0.02898551122644999,0.0,-0.0003811548854976,0.0,-0.0015751261423804,2.4067473551563907,0.0,0.000404208968318,0.0,0.4236464682113908,0.0,0.0,0.0,-0.3384646923524359,0.1078936629876126,0.0045181654453202,0.0,0.0093169204936679,-0.0011240442238502,0.2140859095551838,-0.00030588335379520045,0.11666331012273612,-0.006423901345511299,-0.0968776567905335,0.012389585793206398,0.02075867226633299,-0.01268155736737231,-0.008632966383532401,0.07831071469910739,0.0010754716210617,0.0222211053633876,-0.0037562950364580005,0.011066413433498345,0.0,0.0002930894413056,0.0049980363217258,0.0,0.0,0.9604907378641788,0.0016571155255896003,0.012598149339899802,0.025635531526574704,0.0160987059667045,0.07552763598513468,0.001350726619932,0.0130806940034874,0.5193412275247522,0.0071010106039586,0.0,-0.009306272575710907,0.0,0.0,0.0,0.0,0.6413042039578111,0.0,0.0008511008310369992,0.0,0.42157836552359385,0.0,0.0,0.0,0.5806535768919763,0.0,0.0,0.0,0.0,0.0,-0.0127846125231367,0.0,0.014894311500525698
-0.004623160758214992,0.0007319160439314,-0.036803615467503326,0.0,0.0002666130476055,0.006889174307527897,0.024150216361617627,0.013011234289493467,-0.0019002124578400004,0.0011030710826263998,0.0011948598087117013,0.0002717220177075,-0.0209078660132838,-0.036352309276703076,-0.0013580117985316999,0.11818417833545869,0.0028355020199783976,-0.0011409955791542,0.0498746219676294,0.0,-0.5039923662670915,-0.0167369441966108,-0.42392113650080887,-0.1612787985929512,4.054429617280004e-05,-0.028001705895538714,-0.22041375029590587,0.02069236138505115,-0.0756346296094064,-1.2452447646980929,0.0,-0.0050389347727833,-0.063402007708354,-0.3200030971562233,0.031228151304178803,-1.5090092827473853,-0.27856944956616053,-0.5566008435820011,-0.4132426619892482,0.15174660390678618,-0.005625594455782198,-0.00034893808624839994,-0.1540771624241919,-0.019294506449277507,-0.0010730245730487045,0.007844337491605801,-0.0004942315691639999,0.0,0.0,0.0,-0.0007260735488493998,0.0015892873498156,0.0,0.0,0.0,0.0023510367123314,0.0,-0.0023507098079530026,0.0,0.0,0.0,0.0,0.0,-0.0012654601869636,-0.019549947624268593,0.0,0.0,0.0,0.0,0.0010777043301855999,-0.0584065167982486,0.0025630409879444996,0.00913441800427689,0.0,0.0,0.0088859127988868,0.008016675056768896,0.0011410656766560005,0.013459540268422304,0.0,0.0,-0.0088901128847418,0.0019070049135133,0.0,0.5077623415523753
-0.0003006600316112,0.471004424867161,-0.0034113251577400005,-0.0003410132323502,-0.0017158775628819001,0.0025404276441427,-0.0006970262532652004,0.00032313860011650005,-0.3216399060352133,0.0,0.005604143832477801,-0.0017832479804059005,0.06424065265231729,0.0008170704650265999,0.0006271765128256016,0.03543017156010997,-0.0036217069429262012,-0.0003105502967630999,-0.0040346241883728,0.000404208968318,-0.0167369441966108,-0.251331741778249,-0.003181107718761504,-0.23875982733133938,0.20272413375350617,-0.008412982396181296,0.5454952141716878,0.0053871077021478,-0.0025579181798717,-0.0066791325744259,0.019307089364168195,-0.00020054571374360003,0.0007215576248189,0.0196189593341689,-0.0011716969859859,-0.007986164993887199,0.038594784465744096,-0.0024657046372435,0.006134759610003901,0.0012890447925209998,-0.000278866648361,0.07020179792274159,3.1678311925020797e-06,0.0133883661875865,0.004926831451120901,0.0035899657249840993,0.0005228865665450999,0.0,0.0003888173138230002,-0.0013408950246883,0.0187983288333244,0.010980399252040796,-0.0036996444250801,0.0,0.0,-0.0024438719591297004,0.0,0.012570265257559103,0.0,-0.0069724228235765,-0.0003951984553211,0.003137441334770001,-0.0003447394085599,0.0005566113064235,0.07447476021197541,0.0026739781793160998,0.0,0.0,0.0017944219584657998,0.006525076343829402,-0.05184094872840411,0.007486018687464097,-0.040144676133577695,-0.008629276731323805,0.0018307875794164995,0.03211436594836686,-0.019889122288086307,-0.0008907180943835001,-0.0021744347254907996,-0.0006686865484836,0.0,-0.00027097540702150007,0.0033525640247967997,0.0,0.0048533465362771006
-0.0015107201480362709,0.0034693655587920997,1.1327845984558493,0.0,-0.001350256487478,0.0009889653006884998,0.09808538539878542,-0.13362086704502674,0.0014898738228508006,0.0020547919470393,0.013808526333324009,0.0,-0.0465561237919488,-0.1336703914957571,0.0002431507421109,-0.6808010311422183,-0.5402063711025527,0.0084225054403262,0.1645820934641275,0.0,-0.42392113650080887,-0.003181107718761504,3.4801425302692266,-0.08384879508874388,0.0004764089600553,0.03336110706863171,-1.1035591098940785,0.44247649904944675,-0.11145390875587047,-0.29564813370539333,0.0,-0.009253346398510701,-0.015908492053350404,0.4414932711578734,0.035000499815988295,-0.3228420726345753,-1.5265060827702583,-0.8220087449258351,-0.4611031361514506,0.282240361214243,-0.0017651610658153995,0.0005335466521640001,-0.06866596674369907,0.07448782419109035,-0.018941847256149336,-0.050570883090416296,0.00047606991499619944,0.0,0.0,0.0,-0.0104856584638434,-0.02625375338861269,0.0,0.0,0.0,0.0003142766831784,0.0,-0.0064532738561573,0.0,0.0,0.0003717396436342,0.0,0.0,9.352128153209993e-05,0.0751047416430155,0.0007973003437202995,0.0,0.0,0.0,0.03252486594637401,-0.03986349905533937,-0.07375941552185505,-0.010877799460727505,0.0,0.0003040890800467002,-0.1051222500085589,0.0024512919393582,0.0008711360613395,0.0021816118503841,0.0,0.0,0.0005335688961735,-0.002381551913673001,0.00015874852566070009,1.2827518679450298
0.0088494316972299,0.133686399918874,-0.08153637618826509,1.2241144161217097,-0.041865193699255704,-0.08765060577874129,-0.266794364215875,-0.2825847294367089,1.2558831510457207,-0.0031708783733638835,0.0018238256893487997,0.46469175056717393,-0.08346904726676879,-0.0871691708955345,0.01410320266243481,-0.0643860037936439,-0.017813461729825897,0.0,-0.0017202605240613,0.4236464682113908,-0.1612787985929512,-0.23875982733133938,-0.08384879508874388,2.021829405458462,0.12224785289295526,-0.06576761121454221,-0.7491504037340349,-1.1053989673956108,0.023216993776277395,-0.2034008637563784,0.0,-0.0042800777099717,-0.02330910845805309,-0.08201429418360162,0.020980687576605702,-0.6495482244173991,-0.09372831925677072,-0.30901262072497304,-0.025425725065031712,-0.16060516069938335,-0.03621727816857239,0.008887710022731796,-0.5808805703081048,-0.023203975982308098,-0.002448045773784102,0.024541883293832098,0.10549470153683371,1.8474682722000122e-05,-0.0003099623748276,-0.021013579885748,-0.0183532399095849,-0.000329388391582,-0.3983150295702105,-0.00033120553270020014,0.012690212166288004,-0.013211287211127687,-0.0061351588740312935,0.3924893071817457,-0.026852080332952805,0.0029664375977796,0.26974695416238775,0.0040310880570732,-0.0031835883318057003,-0.018064189451966695,0.06429706099324972,0.0,0.0,0.0,0.038238669922945,-0.0141247556134984,-0.1725107903180244,-0.015039900728339606,-0.6456044290634217,-0.005290704316626401,0.0,-0.0148769974362385,-0.8275844801506409,-0.008342656156571898,0.001421248572306688,0.0,0.0007158169962292,-0.032361990641959805,-0.0053215663873247,-0.0011293678770263,0.11135433061470501
0.0,0.20633700417991507,-0.0006610846118523,0.0,-0.0006166732047183,-0.0006169698399548,0.0,-0.0033446697388604995,0.12996986522233767,0.0,-0.27509260825118065,-0.0009902731503868,-1.0364420357848587,-0.0013381590692888995,-0.0007435506222103999,0.0023174840501347,0.00038912783940309994,-0.05498934749691539,-0.0051677665567936,0.0,4.054429617280004e-05,0.20272413375350617,0.0004764089600553,0.12224785289295526,-0.0213051146917973,-0.15147357519568366,-0.22477614825244085,0.0004989740070193999,0.011299408852482595,0.0,0.04611459804398049,0.0010933414127577007,0.0,0.6908212034372456,0.000368873630029,-0.053970708895668504,-2.0085545897607915e-05,-0.030634340123053105,0.0005348407476733,-0.015102593882853801,-0.0018908140231283,0.540133734555128,-0.0138786871749242,-0.007161723138284282,0.0005352076574488968,0.0018098700222223991,-0.0016772685921291,0.0003915284831417,0.007817373380178703,0.0,-0.04166704548351369,-0.0010876356463233997,-0.0004550557425019,0.0,0.0,0.0,0.0020092129187634,-0.0011304731730635998,0.0,0.014583532212871009,-0.0017641196798093,0.015815431141461556,-0.000255003585135,0.0,0.0041782149382398005,-0.005576046320506899,-0.013987462757065198,-0.005274703004137999,0.0,0.0,0.008438250134529802,-0.00047591449871359996,0.001245886134012,0.07663806908868731,-0.13789396800084347,0.04424100465840364,0.0,-0.00017903580552859968,0.0,-0.01946637472236129,-0.0024237621981403,0.0,0.0050370868672832,0.0,-0.0008962992987345
0.0072241950766658986,-0.041685060984805344,-0.7357662688182653,0.0,0.0015690172483971004,0.00046647884024160046,0.045504023377413105,0.010079277447227503,-0.012182199051066399,0.0,-0.3679629545464449,0.0,-0.028834780685267875,0.04094550642446687,-0.0009431549976065,-0.0025814366835111985,-1.3026414642753177,-0.5950348505643532,-0.043902432407490366,0.0,-0.028001705895538714,-0.008412982396181296,0.03336110706863171,-0.06576761121454221,-0.15147357519568366,-5.11257079101091,-1.6310307095208678,0.0018893486546329996,0.05952837773125075,-0.13523077687950047,-0.2042652702096559,0.005356735820753501,0.0015249083647770993,0.4400766613908724,6.0971831715200125e-05,-0.3589560919996124,-0.640355931309081,-1.0136489192717129,0.18855390724380605,0.0209627141686865,0.0016424485438674002,0.0016059614557450974,-0.13081166925003024,0.007774234766138255,-0.10576986074032108,-0.05417473155404401,0.0021952375240679,0.000633335812638,0.0067469439745223014,0.0,-0.13565586143836095,-0.08414001350054967,0.0,0.0,0.0,0.0,0.0,0.0012569576070579,0.0,0.06043661247257803,0.0,-0.03702997478366499,0.0,0.0,0.0006644291621702,-0.07948454074855099,-0.013910372223711998,-0.04661337666385318,0.0,-0.0009009050728537,-0.009340518711247303,0.0010134838380800003,-0.0003380141858156,0.09599780912660905,-0.5501090504093522,-0.44009935219684415,0.0,-0.0003688040451148,0.0,0.03526933051676573,0.0004405213010333,0.0,-0.004809504429739299,0.0,0.07620248891764281
0.0014257732622877002,0.31924024091271797,-0.5652900750927685,0.0,-0.00021688783026970002,0.0,-0.0119518173663989,-0.0009535470929615997,-0.15478410904654094,0.0,-0.058712185675462436,-0.0018641110191553998,-0.19462365689783634,0.002539826327191904,0.007136705465348598,0.12027150686388133,0.03894248000562062,-0.08989533991900062,0.2753206141436839,0.0,-0.22041375029590587,0.5454952141716878,-1.1035591098940785,-0.7491504037340349,-0.22477614825244085,-1.6310307095208678,3.7401143204049987,0.42192722295173124,-0.00034704697027419795,-0.07991019521192261,0.08651543314159627,-0.003440182219684601,-0.0032452346033121004,0.8770762460213408,0.020871159695622102,1.106133718686193,-0.8613333679574762,-0.7373935485084369,0.6018846740054049,0.07480463106786409,0.002717769298238998,0.0029238704466221926,-0.18937901437093663,0.7683475630738328,-0.40146252283500883,-0.22575087480835077,0.003595720660564298,-0.0005715368165628,0.015896438262953,0.0,0.2002359638760849,0.11836145802016862,0.0,0.0,0.0,0.0004001143401809,0.0,0.0042418158544155,0.0,0.06260595621248541,0.0006024977009349,0.1450540080180439,0.0,0.0,0.4145025894589489,0.03823542703444249,0.008434792106681507,0.023503624740197737,0.0010516153471038,-0.007771625643528901,-0.48719888153851176,-0.46345911311757604,0.0201627043798574,0.16146046010622883,0.31626742418075615,2.1607813351387932,0.0013149501531597996,0.0,0.0014715122318514997,0.023482994583391703,0.0,0.0,-0.01964010085190479,-0.0004089228214204,0.5623542898673017
0.03887270635200889,0.0057967047277316,-0.05281803532175666,-0.5171796289955015,-0.016559856451081698,-0.16938437133598838,0.16862875721286485,-0.19806033408783508,-0.17615099540374546,-0.5086742020563424,0.0007622178047146998,-0.4351166740163326,-0.1653491710986761,0.011864306651059087,0.0117900002485965,0.19867988524765645,0.03708853203259052,0.0,0.0024718149927366005,-0.3384646923524359,0.02069236138505115,0.0053871077021478,0.44247649904944675,-1.1053989673956108,0.0004989740070193999,0.0018893486546329996,0.42192722295173124,4.50654040182242,0.06769769168738682,0.8362024743147689,0.0,0.003955202849693501,-0.13780312167542563,0.4966102660642968,0.08315382698379568,0.22479472276916823,-0.029943224601441276,-0.10203369187122391,0.13142521680035024,0.025061147449265686,0.008165781832049579,-0.0033460032325654,0.3168893635762491,0.0070913478991610004,0.043341375795286394,0.012191700844096296,-0.047259935409883214,0.0,0.0,0.0037823184072726,0.000886260911158,0.0003477735272792,-0.0734140454897938,0.0,0.010768010855698201,0.0310058198034839,0.0,0.20639898578693394,0.0,0.0019503802254988,0.6446356255158111,0.0021303068627840003,0.0006794738183849001,-0.0427779623865981,0.0606077815684752,0.0,0.0,0.0,0.20329714501829027,0.011558515217012002,0.010505556765386392,0.0090696237301952,0.8442808831244548,0.0,0.0,0.0085052226626001,0.21400787548622213,0.0238869922785755,0.0510354556267861,0.0,0.0,0.008131357404285399,0.006918087637065504,0.0010165870525426,1.0020881687320766
0.6262837657216727,0.004949302887364599,-0.0015978980446433033,-0.026018602163436308,-0.044406883905902,-0.059820648700602386,0.32619368904084833,-0.24758780466236407,0.0808733596735538,0.16647357893428705,0.0016969461815092846,0.14950655503903754,-0.08361617519835249,0.6087054322284864,0.0063196556009557925,-0.0016693511763583007,0.22813536873537432,0.06959965936987839,0.0351352237481396,0.1078936629876126,-0.0756346296094064,-0.0025579181798717,-0.11145390875587047,0.023216993776277395,0.011299408852482595,0.05952837773125075,-0.00034704697027419795,0.06769769168738682,-2.1731862295972135,-0.4315908622222162,0.015222884007155199,-0.6691731387324349,0.7446948493148269,1.740641659501338,-0.0003254905813015012,0.11465960276446152,0.08571632054932729,0.06381343654771332,0.02646119963184901,0.06509657325103968,-0.2752555299407282,0.0406827365033319,0.028433046495852293,0.0046231523580743,0.013386702970766697,0.0120648455429548,0.017533585152657502,-0.0067173798048917,0.0053465274214906,0.0019692896804851,0.002667492969144,0.0,0.0,0.0,0.0,-0.0034233911946694,0.0,0.19045013865090213,0.0,0.0105551092141461,0.0026144049312776,0.029403528783061808,0.0,0.0,0.0007620856905335002,0.0,0.0,0.0,0.001782451830979,-0.0011373284332367002,-0.0022240302746518005,-0.0010099675260366002,0.0686049121936998,-0.0013795519310966023,-0.000418032575754,0.0004891773065887,0.050017845535173217,0.003635687046919602,0.0078359976427367,0.0,0.0002333577549052,0.00035100498709620016,-0.0075134379174438,0.0,0.02365856336963229
-0.6854893122172094,0.0005174251023655999,-0.3903511340141619,0.0030865707171694,-0.0004119454909532,-1.970331730020286e-05,0.027550601718752787,-0.2382969019647425,-0.0181734195473644,0.008319310260348503,0.001204308576520501,-5.52047004612e-05,-0.019784442765768,-0.7697057343633578,-0.0078054657527760005,-0.021857903925958405,0.26513159913463014,-0.0021073440299808,0.045566753236623514,0.0045181654453202,-1.2452447646980929,-0.0066791325744259,-0.29564813370539333,-0.2034008637563784,0.0,-0.13523077687950047,-0.07991019521192261,0.8362024743147689,-0.4315908622222162,-0.595334126928158,0.0,0.00030046218669149954,-0.4051134236123275,-0.16022100435617137,0.007772599579682703,-0.26893130354400996,-0.05733335101908291,-0.27296886103611073,-0.020442840124693273,-0.0015077440179178114,0.005732656499627998,0.0009236369366575001,-0.10322859021549338,-0.0006697082447474998,-0.0084894591321871,0.0043955211478775985,0.00021201177102229962,0.0,0.0,0.0006441055802087,-0.0012891509764053999,0.0,-0.0017518867467957,0.0,0.0,-0.0013130307079353002,0.0,-0.004437791873197122,0.0,0.0,0.0058040664893847,0.0013072737777639,0.0,-0.0007184841879607,-0.010866409684750701,0.0,0.0,0.0,0.0005320543397124,-0.0062202727395237,-0.014619160603792203,-0.0048556747534775,-0.00491410155751304,0.0,0.0,-0.0001406167530887,0.0032736435847241924,-0.0012835082881892989,-0.0043921365338641,0.0,0.0,-0.0121263860794995,0.0011042594793449004,0.001299014653184,0.14241595072568147
0.0,0.06381004955583391,0.0009439774361278,0.0,0.0006427473761959,-0.0008504535159149,0.0,-0.0024383259637478,0.0087472264739951,0.0,-0.1895675045332379,0.0,0.0540097098801815,0.0012086092994873995,0.0,0.0,-0.0004909288451312999,-0.1259609603701184,-0.006627830410489401,0.0,0.0,0.019307089364168195,0.0,0.0,0.04611459804398049,-0.2042652702096559,0.08651543314159627,0.0,0.015222884007155199,0.0,-0.08017635087368469,-0.000815813503694,-0.0003648249597307,0.0379371445681517,-0.0003731691930041,-0.023517968102345688,-0.00608264850650575,-0.05446366108930467,0.004113514102010496,-0.0011310465115099,-0.0004563444607272,-0.007959365853509412,0.0018465973546623999,-0.020033976067505788,-0.005603263138002398,-0.003089684200782001,0.0,0.0,0.0005584668760722014,0.0,-0.0038410460701959054,0.0002767433036893,0.0,0.0,0.0,0.0,0.0,0.0,0.0,0.02293616746299093,0.0,0.0649226596306498,0.0,0.0,0.0,0.0,-0.010350249308279602,-0.005615906212924699,0.0,0.0,0.0015137238848020994,0.0,0.0,0.02833621820354071,-0.11684773687180072,0.14024328442062273,0.0,0.0,0.0,0.020494995982623665,0.0,0.0,0.012208137372584398,0.0,0.0023857686192022996
0.0009388275047085,0.0009185166327478,-0.0020190435171179,2.3655072409900155e-05,-0.1495133952052181,-0.4538469792119795,0.008028552678526901,0.09861676087302973,0.002192310378434509,0.0127735756367955,0.0070318959646127055,0.0626875905002651,-0.0312287171852067,-0.10114824791111754,0.025184267840630103,0.0,-0.0027201181960029,0.004121799680368597,-0.0008577972828711002,0.0093169204936679,-0.0050389347727833,-0.00020054571374360003,-0.009253346398510701,-0.0042800777099717,0.0010933414127577007,0.005356735820753501,-0.003440182219684601,0.003955202849693501,-0.6691731387324349,0.00030046218669149954,-0.000815813503694,-0.30279924197369557,-0.00010009663278850002,0.756841324233648,0.001228459280978999,0.1761042146072752,0.0278673656327158,0.1195752064120651,0.005827747748283887,0.22907829302470972,-0.623797882727382,0.026081226550012604,0.0026337943887761997,-0.0005885924598916,-0.002818054991857402,0.004562757725241801,-0.0018650641727909001,-0.0024739748904907,0.007195677157691,0.0,-0.0004280856522378,0.0,0.0,0.0,0.0,0.0,0.0,0.0068295861433929,0.0,0.0022463093029998,-9.122105963450003e-05,0.0078261207435746,-0.0003422940511135,-0.0007205737062434,0.0,0.0,0.0,0.0,0.0,0.0,0.0002690530798269,0.0,0.000454834663469,0.0031327318426128,0.0,0.0009855748510025,0.0,0.0,0.0,0.0,0.0,0.0,-0.001467666540475,0.0,0.0162790041977508
-0.0082381875717677,0.0008236837061347,-0.0030146094621039997,-0.0011454500192807,-0.0004035459736381,-0.0008179820872123,-0.071009830847098,-0.0181221039563164,-0.002829168034852501,0.0015436148893585022,-0.0011783102781701997,-0.0044760494230403,-0.0059391157809532,-0.03158697221201549,-0.0013852744548003,-0.0046014608554987005,-0.025943970472337693,0.00016812667460909991,-0.0055519333777899,-0.0011240442238502,-0.063402007708354,0.0007215576248189,-0.015908492053350404,-0.02330910845805309,0.0,0.0015249083647770993,-0.0032452346033121004,-0.13780312167542563,0.7446948493148269,-0.4051134236123275,-0.0003648249597307,-0.00010009663278850002,0.48319909817601037,0.2600491314152509,-0.0032398931450712005,-0.030414324249661603,-0.002165324343097,0.008985095927972503,-0.0026190880456026,-0.009225281697337,0.0009132819754549,-0.0004782614231604,-0.010738901507833798,0.00016541946679050033,-0.0013814924887407005,-0.0050518995037765,0.0014138355989287,0.0,0.0,0.0,-0.0002645839471574,0.0,0.0,0.0,0.0,0.0,0.0,-0.0028268704579765963,0.0,0.0010271169755651,0.0029258902094829,0.0,0.0,0.0,0.0014730239021093,0.0,0.0,0.0,0.0032876397216348,-0.0014451269402408,-0.0030898608415602003,-0.0008495522505002,0.006711030535270002,0.0,0.0,0.0,0.011024910789409599,-0.0012290677452321,-0.0026323720012142006,0.0,0.0,-0.0012063252114743002,0.0027124419569969,0.0007377509654333,-0.0193853585296828
-0.0008883296138730984,0.0990091815814631,0.03314372371143781,0.006598145061054217,0.8996119451252242,-0.0281372530646824,0.25093320668293195,-0.08521505609051327,0.07215447150594989,0.27768529527061414,0.09374206114951722,0.01717660391369158,0.38978230473167286,-0.20704255377936764,0.048536222570106285,0.018946986927578402,-0.053332470687316835,0.2595361718094783,0.4463469070892525,0.2140859095551838,-0.3200030971562233,0.0196189593341689,0.4414932711578734,-0.08201429418360162,0.6908212034372456,0.4400766613908724,0.8770762460213408,0.4966102660642968,1.740641659501338,-0.16022100435617137,0.0379371445681517,0.756841324233648,0.2600491314152509,2.624667263437834,0.2630981150085851,2.397156376430665,0.8948466563234126,1.5297815914528137,0.9132985316870306,1.7983522335619648,0.06305526723053628,1.726404768739068,0.3841496647252221,0.0769328411157528,0.1559882782393228,0.0938803025081292,0.8029233798191714,0.010926875483160601,0.06993663182291279,0.005082585921184,0.016332749661712796,0.011455928347063396,0.1062083496181546,0.0084787414192265,0.014433792379751,0.047434298535293004,0.020278159323073197,0.20603528392926135,0.0030222292926596,0.0915575216644591,0.1249733063618212,0.2328984960118987,0.0146846000583876,0.0219735759295504,0.014646114238689403,0.0101139176058325,0.016341569417746598,0.0024311997346479998,0.1458954119092269,0.007731074970690199,-0.0034857378731816963,0.005474317431942197,0.1574474869603261,0.09276202945015699,0.08146791906049831,0.2827035517656908,0.2074162303983367,0.039196777057090904,0.027704507580348002,0.04460754666855671,0.0279826029047926,0.0039581992375349005,0.021219425952429004,0.0656264678327219,0.35079941501213774
0.0,0.0007316863964887,0.012779755860025398,0.002012680821293,-0.0026345464858109004,-0.49199621247158376,0.0163235451638706,0.006971457134813598,0.0003975530438170994,-0.0218514412892932,0.0005212443712329,-1.9902477168970654,-0.1696976943174682,0.0019772730370588004,0.4787872468583616,0.004314213026413098,0.002915144731204,-6.0005403944399975e-05,0.0032420540380503,-0.00030588335379520045,0.031228151304178803,-0.0011716969859859,0.035000499815988295,0.020980687576605702,0.000368873630029,6.0971831715200125e-05,0.020871159695622102,0.08315382698379568,-0.0003254905813015012,0.007772599579682703,-0.0003731691930041,0.001228459280978999,-0.0032398931450712005,0.2630981150085851,-40.25430874770035,-1.918633471265176,-0.0959347384582912,-0.15988367018011684,-0.8782801411192045,0.06525499562037718,-0.03575010420795459,0.0040740059827119,0.015548630093640492,0.012938810454018401,-0.014213976453789696,-0.06985009804390013,0.0186676016638168,-0.006093222384913902,0.0028783488316723,0.0,0.0011531023688223997,0.0008831180312585999,0.0,0.0,0.14642456260490155,0.0,0.0008011379100220004,0.0058925799671756,-0.0004707605048488,0.0472301501585272,-0.07831134565692643,0.0013611459469216,0.0,0.0,-0.0011707852616835,0.0,-0.0004146332160848,-0.0004576974173771,0.0,-0.0012508588821403001,-0.0016419446492996993,-0.0014746746759431995,0.001059036837051,0.0,-0.0007562120062093,-0.0009940949940776,0.0010343886176223,0.0,0.000765237062736,0.0,0.0004151599852645,0.0,-0.0245061003029016,-3.340578218929238,0.4628468746457841
0.007818833661206392,0.066821106329253,-0.42470318022030007,-0.11673018108852262,0.0006136488531658102,-0.03544643288456528,-0.11425102676637211,-0.22749591141969572,-0.11522938545958905,0.08657377196035254,-0.04711861873618228,0.025004768749202544,-1.827977355179366,0.022994517747184195,0.0381640504212549,0.23021211516513285,-0.4907782811715633,-0.1712463363254524,0.14939361339048873,0.11666331012273612,-1.5090092827473853,-0.007986164993887199,-0.3228420726345753,-0.6495482244173991,-0.053970708895668504,-0.3589560919996124,1.106133718686193,0.22479472276916823,0.11465960276446152,-0.26893130354400996,-0.023517968102345688,0.1761042146072752,-0.030414324249661603,2.397156376430665,-1.918633471265176,-2.080616115848521,-2.2418622705722004,-1.2566655164346976,-1.1798340477741922,-0.39390006939545597,-0.36769868807057393,-0.08514805570029538,-0.3769475981813746,-0.01679197825656803,-0.21444476907772703,-0.06966537893801772,0.10332064131675261,-0.0132187270252235,0.013168430223108001,-0.0037061656044458,-0.006636350268308583,-0.02993305802242774,0.03609965876030499,0.0145201327355226,0.019245530072365805,-0.0014432396317186971,0.0038407374370534007,0.3388619405019728,0.0388674990609113,0.0326604691169434,0.17744435256822738,0.0035597207900986,0.0044046009076511,0.019375111425361198,0.034939657323338036,-0.0015370698859100002,-0.0004227763104884,0.0007257874383691,0.0805738568960444,-0.025166500655510807,0.020938921184478765,-0.12914402284544824,-0.3343973501168711,-0.0074601300143733035,-0.012128009317169994,-0.12236578922048591,-0.3703772800348346,-0.016216329103297997,-0.016775165690231603,-0.0007490389596142999,0.0043229619529861,-0.028350764693196202,-0.031165117545748702,-0.3275237367538972,-3.137897613358052
-0.0010268890931000004,0.030012333983729003,-0.3321123451350271,-0.005414750498788002,0.008161589526630299,0.0055109190695313,0.009215272152463483,0.006543660237044294,0.014671593831576603,-0.019359825454318594,0.02795648463395417,0.0008691848607024003,-0.2715927540676867,0.0160612387410015,-0.0012762866748276007,-0.1299949485966819,-0.17972964055455054,-0.05353328695909698,0.14145306876506059,-0.006423901345511299,-0.27856944956616053,0.038594784465744096,-1.5265060827702583,-0.09372831925677072,-2.0085545897607915e-05,-0.640355931309081,-0.8613333679574762,-0.029943224601441276,0.08571632054932729,-0.05733335101908291,-0.00608264850650575,0.0278673656327158,-0.002165324343097,0.8948466563234126,-0.0959347384582912,-2.2418622705722004,-0.2659857145574196,-0.14527962751556345,0.3331550857076948,0.057352533780647974,-0.020050392133516504,0.0019875688674144687,-0.1948521658347826,-0.06902342954961913,-0.0825329360555487,-0.020117099414297603,-0.0028123355069997018,-0.0081726524607828,0.008118919350081695,-0.0002516660508240999,-0.027079573758874292,-0.12164478080599167,1.2799813888899985e-05,0.00010977089753880015,0.0008995779019128,-0.0006241600139451999,0.0010405630550711,0.022656365999454607,0.0,0.032864913630337,0.0028170067193227,0.06461610440381388,-0.0005483395418094,-0.000397979033203,-0.05545888591221859,-0.040864432571638694,0.0024594939828946026,-0.012305389761900199,-0.0020390031362008,-0.0066730508677071,-0.0222904145084009,-0.1603999887323191,-0.031788744646413875,0.039906887210493014,-0.20809584564041145,-0.47316113247910874,-0.054198419972603495,-0.0037433929257527,0.0005039302280703019,-0.01596903250585388,-0.0011963983446448999,-0.0027572633545588,-0.006386576741585201,0.007585022557891008,-0.12621525426353175
-0.012405574710958503,-0.013619271538747799,-0.4063226886879372,-0.0557317493020473,0.014288294201167197,-0.029884322447759293,-0.12203074790228086,-0.1500252152382061,-0.005842537391852587,-0.10116014999577883,-0.3089772938202233,-0.11291265472583178,-0.8663325921945408,-0.1299684781743119,0.013897511251703,0.054938471522022414,-0.5774914301322349,-0.3876742317830377,-0.12426106375768198,-0.0968776567905335,-0.5566008435820011,-0.0024657046372435,-0.8220087449258351,-0.30901262072497304,-0.030634340123053105,-1.0136489192717129,-0.7373935485084369,-0.10203369187122391,0.06381343654771332,-0.27296886103611073,-0.05446366108930467,0.1195752064120651,0.008985095927972503,1.5297815914528137,-0.15988367018011684,-1.2566655164346976,-0.14527962751556345,-0.42071385137059414,-1.035874508230476,0.04335622338562761,-0.058023502968260365,-0.5200174190306677,-0.09926790619732728,-0.0103916656706598,-0.20631178749294427,-0.025362950900113784,-0.053654558658013406,-0.056750147930651494,0.0450600937196723,0.0,-0.0456289751158797,-0.0517357433099222,-0.0002647025496794,0.0020385094213456,-0.0061827503083255984,0.0,-0.019926012020741696,0.1405690161330233,0.0,0.046343770140083895,0.0003232375177707001,0.09284694306586458,0.0018206515019170005,0.00043668234918760014,-0.006403432605496279,-0.017302625080174293,-0.003426787756276502,-0.005050904756726,0.00031434176625210006,-0.0120098580590911,-0.034774945018081094,-0.10341910953188577,0.021268741030245703,0.023160683457098902,-0.09669364317514828,-0.3635421480780219,-0.0096043809128782,0.0012518168619339003,0.0004180504012679005,0.014419844827287108,-0.000408374157936299,-0.0008282994196060999,-0.0563996033057347,0.03345621744565569,-0.23646220153716424
0.0033796752264607004,0.008851894762110603,0.03710499098994158,0.0015954527855135993,0.0006234724593833004,-0.014324265636158004,-0.00578461426291621,-0.004960448732797107,0.0177070533657631,0.020282888227565715,0.036532202321798934,0.003918783302000309,-0.3740954876509483,-0.012278067276951216,0.007742402767340102,0.017641928683426233,-0.07538609325335921,0.025776439953169916,0.15418099376168737,0.012389585793206398,-0.4132426619892482,0.006134759610003901,-0.4611031361514506,-0.025425725065031712,0.0005348407476733,0.18855390724380605,0.6018846740054049,0.13142521680035024,0.02646119963184901,-0.020442840124693273,0.004113514102010496,0.005827747748283887,-0.0026190880456026,0.9132985316870306,-0.8782801411192045,-1.1798340477741922,0.3331550857076948,-1.035874508230476,-0.38716087439746194,0.18304742759722925,-0.0633764306089073,0.04169174876262988,0.03041161349315391,0.025065577468653996,0.03138712467008209,0.11141285218332381,0.0022123972831715986,-0.005994542215778999,0.047063901842174696,0.0,-0.0028870661424639996,0.030315845457539903,0.0,0.004623158098957299,0.012172401343682,0.0007856119167708,0.0170970447289188,0.0392594467829522,0.0,0.027273310758342398,-0.0046460548408134,0.0103822541252925,0.016952771763249698,0.0014345412676159,-0.0016814885903245896,0.0024615939795202997,-0.0005348464192837,0.00046990722524699997,0.0019612680940575,0.0032179994907229996,-0.0011983451400012085,-0.05751232203076331,0.0153893214422458,0.003866626706758299,0.02103955261941679,0.13656000744369035,0.003992190389643899,0.0009657616058684005,0.004405633221413,0.0013478728999606,0.0370738162588633,0.0,-0.021918781613451198,0.06008899064118456,-2.1241765050069237
-0.0020265259154724994,0.003886588836936899,0.025888601462821195,-0.0551317651585867,-0.4375075933095607,-0.33831471712962635,0.013330977096614238,-0.03194531370415876,-0.0533207246030204,0.11901572290469742,-0.0042054792302949895,-0.06814181616574366,-1.502502576530414,0.08044628800722975,0.4300533209777955,0.08040062350172489,0.0005018277406583019,-0.004054881136771701,0.0051801223867982,0.02075867226633299,0.15174660390678618,0.0012890447925209998,0.282240361214243,-0.16060516069938335,-0.015102593882853801,0.0209627141686865,0.07480463106786409,0.025061147449265686,0.06509657325103968,-0.0015077440179178114,-0.0011310465115099,0.22907829302470972,-0.009225281697337,1.7983522335619648,0.06525499562037718,-0.39390006939545597,0.057352533780647974,0.04335622338562761,0.18304742759722925,-0.12975174853733407,-0.0669714215965459,-0.054311805794770504,0.0601913495257384,0.0050297024019602,-0.003771115032331601,-0.000293543108699397,0.02678170650582734,-0.003667957197327501,-0.0017842073084718998,0.0014743307216377,0.0003514302394990001,-0.0014210118577218,-0.12393324670962524,0.005444081315581703,-0.0315515971603913,-0.010808668682244303,-0.009465445350628397,0.13742183935179642,-0.1075439502269449,0.1465549008292709,-0.16806733793976536,0.0247078731980915,-0.0027789947963090004,-0.006815371744156085,0.011454971112074502,0.0,0.0,0.0006681800316897,0.014201684214870891,0.0019283008857683,0.010779021436270499,0.0027080482149483003,0.252054980686507,-0.0003151421958509995,0.0,0.0028516804825544,0.0002666522485477163,-0.0021788420380253,0.0033344787534525,0.0,0.0011051703151481003,0.0033186701046351,-0.1228691536142529,0.11591009900338889,-0.061141607508294504
0.0024778096601842,0.0008354520409526,0.0038465464369938,-0.008333617693910101,0.1368352925317448,-0.0869301062709017,0.0049260927484239825,-0.04909404358722061,-0.012749776755853398,-0.012826851873264877,-0.010197854222764102,-0.0345124847864717,-0.1737948257452879,-0.0410876910300949,-0.07582891247185741,0.0007989698630104999,-0.0005095333845230002,0.0022634754725523003,0.0007859319670302,-0.01268155736737231,-0.005625594455782198,-0.000278866648361,-0.0017651610658153995,-0.03621727816857239,-0.0018908140231283,0.0016424485438674002,0.002717769298238998,0.008165781832049579,-0.2752555299407282,0.005732656499627998,-0.0004563444607272,-0.623797882727382,0.0009132819754549,0.06305526723053628,-0.03575010420795459,-0.36769868807057393,-0.020050392133516504,-0.058023502968260365,-0.0633764306089073,-0.0669714215965459,-0.11933715862267408,-0.0335764235783233,0.0023753994973346997,-0.003957514240971,-0.0197625124017197,-0.0066141766557538,-0.0073024987597825,-0.0031118001161076,-0.0026563702630708003,0.0,0.0,0.0,0.0,0.0002381797984598,-0.0019961789826239,0.0,-0.0020157435156362,0.0188205330634603,0.0,0.0014241321461091,-0.0018415081966686,0.0002730694548944,-0.0009374544930685,-0.0003975402022919,0.0,0.0,0.0,0.0,0.0,0.0,0.0007505969253309001,-0.0012497617757842,0.0002289976123913003,-0.0010366537245977,-0.0006497081227063,0.0004121557209404,0.0009149513080547,-0.0017882687300147,0.0009652155407032,0.0,-0.0035998738871598998,0.0,-0.0093451858535357,-0.0001465794396899034,-0.08298280829385432
-0.0010450938889371,0.14688247302786372,0.0022926141852737,-0.001203826925812,-0.0007717855582990998,-0.00010759402686429977,0.0024945019893359,-0.0124475625250492,0.020248223803452786,0.0012995389549801,-0.19497657692868475,-0.0019528135271189018,-0.89799047001539,0.0161683140666522,-0.0014108561635313996,8.869024030990001e-05,-0.0002620068424843,-0.007534721832579402,0.0002538839449428001,-0.008632966383532401,-0.00034893808624839994,0.07020179792274159,0.0005335466521640001,0.008887710022731796,0.540133734555128,0.0016059614557450974,0.0029238704466221926,-0.0033460032325654,0.0406827365033319,0.0009236369366575001,-0.007959365853509412,0.026081226550012604,-0.0004782614231604,1.726404768739068,0.0040740059827119,-0.08514805570029538,0.0019875688674144687,-0.5200174190306677,0.04169174876262988,-0.054311805794770504,-0.0335764235783233,0.17815138924854135,-0.0173560011675666,0.008559585986844802,-0.0368734179964076,0.0005175626031302949,-0.04673868805417171,-0.0141503800390444,-0.0127004763349792,0.0,-0.0065412570708527,0.0,-0.0006114206392420999,-0.0006515245098387998,-0.0022175067997535006,0.0,-0.00029269693513380053,-0.0011312395135399,0.0,0.011727338018630282,-0.0017977357036265003,0.11944133686222091,-0.0020470961384999996,-0.0009963258809816999,0.0004662127406219,-0.0007813334775742001,-0.0017452442154769002,-0.0004201048258128,-0.0103214103452248,0.0,0.004999049866127999,-0.0005484233068266,-0.0050359845604327,0.021091329413468918,-0.008754683690946698,0.04566634035868311,-0.0039051276665149,-0.0002449526686382998,0.000671609764669,-0.0097153360881377,-0.002641440576896298,-0.0002510494829913,-0.010558327693725403,-0.0006718461236904002,0.0300437225913799
0.0035635959788471,0.0354706628226666,-0.02730329079915661,0.0068379450253899,-0.0037099272206769997,0.0052207594124633,0.0467082327048481,-0.0020516746170257,-0.1771909094540557,-0.0050971702131323,0.0038367719538873997,-0.023320254040569602,-0.3757161481990297,0.0022603547011834004,0.003173770511783802,0.1264552434209305,-0.010328700996178497,0.0006446603423854,0.0030114880576585,0.07831071469910739,-0.1540771624241919,3.1678311925020797e-06,-0.06866596674369907,-0.5808805703081048,-0.0138786871749242,-0.13081166925003024,-0.18937901437093663,0.3168893635762491,0.028433046495852293,-0.10322859021549338,0.0018465973546623999,0.0026337943887761997,-0.010738901507833798,0.3841496647252221,0.015548630093640492,-0.3769475981813746,-0.1948521658347826,-0.09926790619732728,0.03041161349315391,0.0601913495257384,0.0023753994973346997,-0.0173560011675666,0.7828223237969549,3.725687214479578,-0.4065714124268456,-0.5757423421315062,-0.9968745433235977,-0.3612280194767473,0.002856860275927242,-0.01745549086664011,-0.07822962704027037,-0.5146541572770289,-0.2951208819538357,0.055575149519712604,0.0020534981362579363,-0.2005937034964944,-0.0813530409459795,0.12492342101318465,-0.331185531079601,1.1714044183142702,-0.2590489004098113,0.1910657628825914,-0.026790811234509215,-0.050401294340319695,0.8009842004738643,0.1291558676971949,-0.13611518780566384,-0.1544411676576759,0.044509719136105685,-0.042416646957740944,0.1257905469820223,0.06572520175041419,-0.13548535236842563,-0.04699336891183559,-0.8082022285224264,-0.9286605178352705,-0.8499348252409433,0.06318941179217319,-0.27731615153412026,-0.0444921909938584,0.19021807929386886,0.007876864247453104,-1.1095469974302907,0.15913001685349126,0.27164579452230164
0.0,0.03577893696666609,0.0169393070578851,0.0,0.00013503954421800003,0.0007028233163750001,8.929225872779997e-05,-0.0003398290737687,0.0013424236270025,0.0,-0.0188528215142158,-0.0003884014411339,-0.042846521273332994,0.0015796302157648,0.0020869592477763,0.015438652091747496,0.0262314375732855,-0.019624189727901496,0.005053342850607899,0.0010754716210617,-0.019294506449277507,0.0133883661875865,0.07448782419109035,-0.023203975982308098,-0.007161723138284282,0.007774234766138255,0.7683475630738328,0.0070913478991610004,0.0046231523580743,-0.0006697082447474998,-0.020033976067505788,-0.0005885924598916,0.00016541946679050033,0.0769328411157528,0.012938810454018401,-0.01679197825656803,-0.06902342954961913,-0.0103916656706598,0.025065577468653996,0.0050297024019602,-0.003957514240971,0.008559585986844802,3.725687214479578,0.3688690936697707,-0.9024022338226931,0.866974353598355,0.02503004806905873,-0.0602043884212301,-0.18853371093062538,0.0027882371798251,0.02851738319672481,0.009414992537848832,0.0009553370065427001,0.002445956285637,-0.0027181912887108,0.0679950415327655,0.007939416706521998,0.0090499310244695,-0.0012669966591856,0.740938672607248,-0.006769492192836301,0.16469070428717625,0.0164150197040875,0.00041669440947669995,0.1356433891317136,0.1937145928533942,-0.1621493113049457,0.10207423237508151,-0.0017834746786569,0.04398324186662528,0.10567036158832518,1.2082114219654239,-0.007750383528692006,0.0015258979711826326,0.9810935488041439,0.7579396315699514,0.020533156860314428,-0.0002315527626205044,0.005679164958308502,0.344427289187466,0.0057398774034009975,-0.00048088994114100017,-0.2630957201515455,0.004900919110194579,-0.14714901581282458
0.0,-0.005771659308984503,-0.08287679238950352,0.0057338930549396,-0.0017229610834114,-0.00018696374092640015,0.0049992355758684,-0.017849370043213002,-0.02609772148579631,0.0,-0.008592665340674502,-0.006806496382485599,-0.1578076580744997,-0.0156657562793303,-0.0041563580080154,0.04872759007574948,-0.0250269494136256,0.00048062341811089954,-0.0036981737817648984,0.0222211053633876,-0.0010730245730487045,0.004926831451120901,-0.018941847256149336,-0.002448045773784102,0.0005352076574488968,-0.10576986074032108,-0.40146252283500883,0.043341375795286394,0.013386702970766697,-0.0084894591321871,-0.005603263138002398,-0.002818054991857402,-0.0013814924887407005,0.1559882782393228,-0.014213976453789696,-0.21444476907772703,-0.0825329360555487,-0.20631178749294427,0.03138712467008209,-0.003771115032331601,-0.0197625124017197,-0.0368734179964076,-0.4065714124268456,-0.9024022338226931,-0.44430967981046754,-0.562066665149282,0.029852359539594475,-0.212613956463382,-0.09519622968845853,-0.0052374428772189174,-0.03128934660061519,-0.34827818654839915,-0.16054724797062947,0.014641413035081298,0.007014964790994782,0.017062237385942147,0.027599033916637206,0.1324015059769128,-0.06610993766590267,3.533088031021576,-0.12159820038998581,0.2976012558832273,0.1311950243439799,-0.007498327562783701,0.1817899122136264,0.06839395943207527,-0.1922974927876533,-0.26143590883316925,0.2178150083614243,-0.36102746187075807,0.034818912096829,-0.9086753485929444,0.0029235435871309834,0.037074197354275806,0.010439938283359318,-0.7671026005060329,-0.08765553385876146,-0.006966746330865359,-0.3768328018970961,0.2114555729079699,-0.06177469037397376,-0.022571014464374595,-1.4230908996495475,-0.0023429164776420652,-0.25716403323401416
0.0,-0.003495133158917401,-0.032614562702282704,0.0016540460058667,-0.0008463766278397001,0.0016055700143942,0.0003496795660632,-0.003232540277608999,-0.005851794630964802,0.0,0.0016458307595066998,0.0019317218635735,-0.0731822448362158,-0.0052219843398549,-0.0046985371219393,0.04685774891406738,-0.010543507496152002,-0.0021370606101088,-0.0027643488590573,-0.0037562950364580005,0.007844337491605801,0.0035899657249840993,-0.050570883090416296,0.024541883293832098,0.0018098700222223991,-0.05417473155404401,-0.22575087480835077,0.012191700844096296,0.0120648455429548,0.0043955211478775985,-0.003089684200782001,0.004562757725241801,-0.0050518995037765,0.0938803025081292,-0.06985009804390013,-0.06966537893801772,-0.020117099414297603,-0.025362950900113784,0.11141285218332381,-0.000293543108699397,-0.0066141766557538,0.0005175626031302949,-0.5757423421315062,0.866974353598355,-0.562066665149282,-0.5401460829809872,-0.15730237823002724,-0.2079863756193943,0.24496148220036557,0.0085828356786068,-0.021430389630884096,-0.2270336714829665,0.004647848307474195,0.0232606460206457,0.015576336560390397,-0.025781018904228792,0.005597943851542497,0.050563809900661214,0.026715430263471895,0.8386806391366065,-0.03989003380470511,0.0650109607827035,-0.01546551868782442,-0.0035570049241999005,0.13493417347378744,0.0004686404842061953,-0.0021727544112182806,-0.031045831970092252,0.016113809329523096,-0.25483680194941316,0.011728562256616906,-0.7361892714737586,0.036873874193128486,0.009869434412455701,0.0006939513033370481,-0.5197218349587196,0.06964135921318437,-0.01742679186021681,-0.10488889298421017,0.03742175917584109,0.1056641453238324,-0.004828964375452799,-0.5080509271357367,-0.44455178605035073,-2.7406936849486803
-0.0014292949017627,-0.0010622676700795999,-0.0002467531878401,-0.17711017145901112,-0.002126199097491198,0.0306697799710443,-0.0171844562255879,-0.0091881614094112,-0.11088354880479112,-0.1802625141000918,0.0016370349880232002,-0.12016181342183818,-1.0148575916597218,-0.0028173437616392,0.028078114954622202,0.001720779322020501,0.0,0.0,0.0,0.011066413433498345,-0.0004942315691639999,0.0005228865665450999,0.00047606991499619944,0.10549470153683371,-0.0016772685921291,0.0021952375240679,0.003595720660564298,-0.047259935409883214,0.017533585152657502,0.00021201177102229962,0.0,-0.0018650641727909001,0.0014138355989287,0.8029233798191714,0.0186676016638168,0.10332064131675261,-0.0028123355069997018,-0.053654558658013406,0.0022123972831715986,0.02678170650582734,-0.0073024987597825,-0.04673868805417171,-0.9968745433235977,0.02503004806905873,0.029852359539594475,-0.15730237823002724,-0.5122197263224102,-0.13493364992968482,0.006038369718909101,-0.00020758527968429974,-0.0103778406991777,0.0019317487841427998,-0.49273854099003156,-0.5725273151721639,0.05380699036100234,-0.04188794463437939,0.11618283811042618,0.08923504535939375,-0.08206685831557281,1.2261058914626533,-0.09054360877160539,0.40876187753124593,0.05324991016981784,0.5331341414960411,0.014093103781300305,0.011240069804423,-0.015180454979805,-0.0001500149345705984,0.09088011284408526,-0.0058524598408284945,-0.008189812706800099,-0.039860024806642635,-0.10520443076414299,-0.06433265837022381,-0.001132697663235295,0.02918926842619582,-0.28310154577923696,0.0882360988848152,0.008627313011532904,-0.0034175845565834004,0.1568234415942802,0.0016813113288105998,-1.1380113622119492,-0.027688373319075504,-0.11488435682640813
0.0,0.0,0.0,0.0,-0.0009213912215398,-0.0012070708714665,0.0,-0.0047115354415887,-0.005399098293965697,0.0,-0.0006418956871646999,0.00018317246535630004,-0.0330122946546731,-0.0075479346769164,0.0002876492603455,-0.0008093037966269,0.0,0.0,0.0,0.0,0.0,0.0,0.0,1.8474682722000122e-05,0.0003915284831417,0.000633335812638,-0.0005715368165628,0.0,-0.0067173798048917,0.0,0.0,-0.0024739748904907,0.0,0.010926875483160601,-0.006093222384913902,-0.0132187270252235,-0.0081726524607828,-0.056750147930651494,-0.005994542215778999,-0.003667957197327501,-0.0031118001161076,-0.0141503800390444,-0.3612280194767473,-0.0602043884212301,-0.212613956463382,-0.2079863756193943,-0.13493364992968482,-0.10097722712724527,-0.1397980426818921,-0.004982475062769999,0.0003797194519983,7.996064844610021e-05,-0.04471006692763141,-0.30859236051237526,-0.2466534738601049,-0.023585745947693595,-0.12183962884160468,0.0204054347124661,-0.098764104124614,0.06621045871638179,-0.022343341881139706,0.0187154383549311,-0.07168664076611639,0.0168393718853231,0.0009433614038467,-0.0037595219674756,-0.00045145473152050043,-0.0015625869788243,0.021104377454527895,0.0026420627842320002,-0.0013332067683562,-0.0041171495396134,-0.03300196654690421,0.0007981324224301,-0.009340530723301902,-0.012548349970537201,-0.07820198211453389,0.009786616322283115,-0.0007094110515514004,-0.003641734626481,-0.1176542080368641,-0.0019683982964454,-0.672998885886879,-0.06736646755652262,-0.05359031344872778
0.0008627230380779,-0.0022068540866451002,0.0,0.0,0.0009854802069244,0.0020636975952308,0.0,0.0007390801800249,-0.0005498757966973,0.0,0.009356176522430593,0.0012466428156143,-0.048636565055432596,0.000630552607661,-0.00030513816789590003,0.0,0.0,0.0010376639450442003,0.0,0.0002930894413056,0.0,0.0003888173138230002,0.0,-0.0003099623748276,0.007817373380178703,0.0067469439745223014,0.015896438262953,0.0,0.0053465274214906,0.0,0.0005584668760722014,0.007195677157691,0.0,0.06993663182291279,0.0028783488316723,0.013168430223108001,0.008118919350081695,0.0450600937196723,0.047063901842174696,-0.0017842073084718998,-0.0026563702630708003,-0.0127004763349792,0.002856860275927242,-0.18853371093062538,-0.09519622968845853,0.24496148220036557,0.006038369718909101,-0.1397980426818921,0.037954978630420744,-0.0006756424671152,-0.0035820276832449205,0.00016064112294020012,-6.170009432760002e-05,0.0009734735889093005,-0.006940663378237899,0.00043895704995460015,-0.008955284020057401,-0.0053939195409536,0.0006342770412302999,1.6256143393653266,-0.0013533517554766995,0.03636889257300924,-0.0142997252349321,-0.0023907679588694,-0.0002312417829453,-0.0019644931189517,-0.0119408461503706,-0.0004234968563887999,-0.0020950794884769,0.0003481580287270999,0.016197979210006402,-0.0017951777739993995,-0.0014518826011984001,0.3600343771336715,-0.0226744957145769,0.027492376149958704,0.0019445786423431992,-0.0008791791724290995,0.0,0.020739224849215893,0.003009110896904997,0.0,-1.099832189007699,-0.002784165904750901,0.0131338450836785
0.0,0.0,0.0,0.0017244981281037,0.0,0.0,0.0,0.0,-0.027374080671659,0.0,0.0,0.0037750793328046,-0.0043634500421246,0.0,0.0,0.0,0.0,0.0,0.0,0.0049980363217258,0.0,-0.0013408950246883,0.0,-0.021013579885748,0.0,0.0,0.0,0.0037823184072726,0.0019692896804851,0.0006441055802087,0.0,0.0,0.0,0.005082585921184,0.0,-0.0037061656044458,-0.0002516660508240999,0.0,0.0,0.0014743307216377,0.0,0.0,-0.01745549086664011,0.0027882371798251,-0.0052374428772189174,0.0085828356786068,-0.00020758527968429974,-0.004982475062769999,-0.0006756424671152,-0.34591370463901416,0.00040969538348010006,0.025598441224519097,-0.006333597814382801,-5.2295245521000394e-06,-0.006780070862920699,0.018598403756720394,0.007655360535034905,0.01930674389973501,-0.008449549414430699,0.005739598086294,-0.014587616427615496,0.0015009771408688998,-0.38290051486342147,-0.0032659236647203,-0.0009099538119355999,0.013793238078223108,-0.0018501184418875,0.003044971213410401,0.0016417604765487995,0.0013585735552468989,0.0013324240047309995,0.016801823851039316,-0.009227135415405,-0.0004761378581966,0.0009568045008459813,-0.008537387002505399,0.020841668546697112,0.2616389908337142,0.06448077079886805,0.0,-0.0030657524447630004,0.001958807504918201,0.0278346782500066,-0.0023327689744416,-0.03483480251078169
-0.000993126614834,0.03438507969107851,-0.029819171392141103,0.0,0.0,0.0,3.015944478400041e-06,0.0,0.004814993509860397,0.0,-0.043220967788029294,-0.000301013579931,-0.08162641962029801,0.00021828263528350005,0.0,0.0030580215085070986,-0.028420351517602596,-0.0024665783444157985,-0.015468972640456193,0.0,-0.0007260735488493998,0.0187983288333244,-0.0104856584638434,-0.0183532399095849,-0.04166704548351369,-0.13565586143836095,0.2002359638760849,0.000886260911158,0.002667492969144,-0.0012891509764053999,-0.0038410460701959054,-0.0004280856522378,-0.0002645839471574,0.016332749661712796,0.0011531023688223997,-0.006636350268308583,-0.027079573758874292,-0.0456289751158797,-0.0028870661424639996,0.0003514302394990001,0.0,-0.0065412570708527,-0.07822962704027037,0.02851738319672481,-0.03128934660061519,-0.021430389630884096,-0.0103778406991777,0.0003797194519983,-0.0035820276832449205,0.00040969538348010006,0.7067682588356121,-0.027047369123916802,-0.0034752958226088,-0.0007615464290293,0.0007657290612149,-0.002913340685816399,0.0,-0.24065849960169416,0.0,0.054031900838952304,-0.0006295476214403,-0.18116362631675842,0.008445443157037,-0.0133736211476926,-0.0017114751185444976,-0.057365053169090505,-0.0021631433187599015,-0.048577264408933105,-0.0015926828229929,-0.0009116655713327002,0.419293556900838,-0.026418955894895006,-0.11403398081822169,0.11928138937468291,-0.11614729998718348,-0.9229948530132717,-0.0024046314044879995,0.0023215681554263007,0.0006401705177827002,-0.015875377760793404,0.001827772496323,0.0,-0.002455164981699995,-0.0008026570867303,-0.010118609966368701
0.0,0.0127441527157404,0.028594452843575535,0.0,0.0,0.0,0.0,0.0,0.0,0.0,-0.0010455130190698,0.0,-0.0008149883126539,0.0,0.0,-0.0012385580845097992,0.017377672336362726,-0.0005384341369901,0.014092498170103301,0.0,0.0015892873498156,0.010980399252040796,-0.02625375338861269,-0.000329388391582,-0.0010876356463233997,-0.08414001350054967,0.11836145802016862,0.0003477735272792,0.0,0.0,0.0002767433036893,0.0,0.0,0.011455928347063396,0.0008831180312585999,-0.02993305802242774,-0.12164478080599167,-0.0517357433099222,0.030315845457539903,-0.0014210118577218,0.0,0.0,-0.5146541572770289,0.009414992537848832,-0.34827818654839915,-0.2270336714829665,0.0019317487841427998,7.996064844610021e-05,0.00016064112294020012,0.025598441224519097,-0.027047369123916802,1.3993357912256421,0.0,0.0,0.007864554811781901,0.05313208201644137,0.01995285841214456,1.1061144121600648e-05,0.009339722407593402,0.011726512839168299,0.0008481236081069,-0.001520953591279,0.03229189400356747,0.0,0.035690452783678495,-0.11629545545191355,0.006459393182236699,-0.14619454467429222,0.0,0.009197117450499004,0.005044095180995599,-0.7715310430004649,0.050441181961284796,-0.0013737644757016,-1.8609526192166488,-1.5601195827816259,0.19169828224416519,-0.004221943272894501,-0.059922454670190084,0.00039468291421120006,-0.0023666081570591,0.00039599201563930014,-0.04889976454610148,-0.0016195003813984001,-0.03539542567457771
0.0,0.000259209169363,0.0,-0.11457897122177518,0.0009907367528375,0.010053711017776,-0.005975655772293899,0.0036111245764972,-0.29334129048768487,0.015434161959130697,0.0,-0.21799157611627723,-0.1461993969701553,0.0,-0.004053172466822186,0.0,0.0,0.0,0.0,0.9604907378641788,0.0,-0.0036996444250801,0.0,-0.3983150295702105,-0.0004550557425019,0.0,0.0,-0.0734140454897938,0.0,-0.0017518867467957,0.0,0.0,0.0,0.1062083496181546,0.0,0.03609965876030499,1.2799813888899985e-05,-0.0002647025496794,0.0,-0.12393324670962524,0.0,-0.0006114206392420999,-0.2951208819538357,0.0009553370065427001,-0.16054724797062947,0.004647848307474195,-0.49273854099003156,-0.04471006692763141,-6.170009432760002e-05,-0.006333597814382801,-0.0034752958226088,0.0,2.68448380453896,-0.0078631231204907,-0.016488220900946926,0.018645551085682,-0.048546201940101896,0.02561868150194746,0.5117164629446584,0.0298787997044396,-1.3339570562715917,0.030409407624301096,0.004127252410871918,-0.12086101252780312,0.0,0.0,0.0,0.0,-0.45901351044354044,0.001076233797924,-0.001510538328557201,-0.0014990830460843,1.0792682681159995,0.0002265666654853,0.0,-0.000226976204425,-1.2371345973855226,0.011357606369934492,-0.003995800482291099,0.0,1.4046938305600082e-05,0.0026665261898513003,-8.70976433950399e-06,-0.0037009931989351,-0.03840336257826049
0.0,0.0,0.0,0.0010890648860672,0.0005297919882694,0.0018656630049096,0.0,0.0,-0.0115647333074701,0.0,0.0,-0.0022805623461665,-0.0094132349787021,0.0,0.0035630437285685,0.0,0.0,0.0,0.0,0.0016571155255896003,0.0,0.0,0.0,-0.00033120553270020014,0.0,0.0,0.0,0.0,0.0,0.0,0.0,0.0,0.0,0.0084787414192265,0.0,0.0145201327355226,0.00010977089753880015,0.0020385094213456,0.004623158098957299,0.005444081315581703,0.0002381797984598,-0.0006515245098387998,0.055575149519712604,0.002445956285637,0.014641413035081298,0.0232606460206457,-0.5725273151721639,-0.30859236051237526,0.0009734735889093005,-5.2295245521000394e-06,-0.0007615464290293,0.0,-0.0078631231204907,-0.622721639110078,0.04934633588578885,-0.0012567376717296996,0.2486307929587586,-0.008098393817561195,0.002280103856193101,0.007625643914471299,0.0005587184399096987,0.0017662834324422,0.0408607630131333,-0.3132988131237393,0.0,0.0,-0.0006358074078856,0.0,0.0017017057526692,0.0,-0.0036930646469496,0.0003827661183511,0.007537386537852596,0.001199883020178,-0.0003166275506882001,0.0003830601932652,-0.001457773551810801,0.0034148060637243013,0.00032930134582299995,0.00029476444690249996,0.7916390605443211,0.0,-0.4261450858893795,0.0005939757145178,0.0113697102749766
0.0,0.0,0.0,-0.0087827137254773,0.0007299081303502,0.0053048498825602995,0.0,-0.0003340314350812,-0.0380515887707691,-7.651371272150015e-05,0.0,0.002262371374599302,-0.0151961630874153,0.0,0.0024767967019459994,0.0,0.0,0.0,0.0,0.012598149339899802,0.0,0.0,0.0,0.012690212166288004,0.0,0.0,0.0,0.010768010855698201,0.0,0.0,0.0,0.0,0.0,0.014433792379751,0.14642456260490155,0.019245530072365805,0.0008995779019128,-0.0061827503083255984,0.012172401343682,-0.0315515971603913,-0.0019961789826239,-0.0022175067997535006,0.0020534981362579363,-0.0027181912887108,0.007014964790994782,0.015576336560390397,0.05380699036100234,-0.2466534738601049,-0.006940663378237899,-0.006780070862920699,0.0007657290612149,0.007864554811781901,-0.016488220900946926,0.04934633588578885,2.242603760967956,0.11059354821905654,2.873367002386697,0.05514559812037623,0.48902286275901297,0.041205515365445505,-0.20389632493375576,0.005963822123784,0.06824860125085663,0.07994865654833583,0.0011437536494209,0.0013907172912877,-0.0004905657003016998,0.0004893974310039,0.08905286375801508,-0.016107123648476898,-0.0014948320369741,0.005027005650565899,0.035503894801048,0.0007080162094434998,0.0011973848138648003,0.00034174394209319993,-0.07183581965647967,-0.004264322768278206,-0.007126562985488199,-0.0023362810436341,0.5123923554358347,0.0002045970231874996,-0.07097804576082581,1.664009372243195,0.050160474303827196
0.0,0.0035176125307973,0.0,-0.0006281375502281998,0.0,0.0,0.0038943319154955995,0.0,-0.0744568989805291,0.0,0.0,-0.0124139146566109,-0.0235980198708006,0.0,-0.0070827913688797,0.001647564043177,0.0,0.0,0.0,0.025635531526574704,0.0023510367123314,-0.0024438719591297004,0.0003142766831784,-0.013211287211127687,0.0,0.0,0.0004001143401809,0.0310058198034839,-0.0034233911946694,-0.0013130307079353002,0.0,0.0,0.0,0.047434298535293004,0.0,-0.0014432396317186971,-0.0006241600139451999,0.0,0.0007856119167708,-0.010808668682244303,0.0,0.0,-0.2005937034964944,0.0679950415327655,0.017062237385942147,-0.025781018904228792,-0.04188794463437939,-0.023585745947693595,0.00043895704995460015,0.018598403756720394,-0.002913340685816399,0.05313208201644137,0.018645551085682,-0.0012567376717296996,0.11059354821905654,3.5126780115519978,0.6591662929607542,0.12472047569635403,-0.6829389868317923,0.05620521195143639,-0.002287267433982304,0.0052529934944059,-1.2381717816388722,-0.0313748644611532,-0.0014575411121897017,0.19766830596066476,-0.0002827659237450001,-0.02106024399450568,0.0327001321759466,-0.18497465294819992,0.012517636741470203,-0.11342301972980406,0.11228602448879232,0.0,-0.4346245319382356,-0.16428449172813142,-1.151843650915822,-0.4431498571023944,-0.6072074556208058,0.0,0.005130372813936399,-0.03711772698841739,0.06853165255980953,-0.0089622267764076,-0.1418099733030479
0.0,0.0,0.0,0.0008715906921953993,0.0,0.0,0.0,-0.00068364326338,0.008350682371197696,0.0,-0.0013381167674095,-0.0032904126767443996,-0.0176704350134749,0.0,0.0007978251450530998,0.0,0.0,0.0,0.0,0.0160987059667045,0.0,0.0,0.0,-0.0061351588740312935,0.0020092129187634,0.0,0.0,0.0,0.0,0.0,0.0,0.0,0.0,0.020278159323073197,0.0008011379100220004,0.0038407374370534007,0.0010405630550711,-0.019926012020741696,0.0170970447289188,-0.009465445350628397,-0.0020157435156362,-0.00029269693513380053,-0.0813530409459795,0.007939416706521998,0.027599033916637206,0.005597943851542497,0.11618283811042618,-0.12183962884160468,-0.008955284020057401,0.007655360535034905,0.0,0.01995285841214456,-0.048546201940101896,0.2486307929587586,2.873367002386697,0.6591662929607542,5.7739743457654775,0.20906923762495727,0.8262811295502739,0.11968628850761129,0.101821376480002,-0.007412529611154496,1.0641047496061269,0.0061929039288786125,0.0,-0.020670285813484103,-0.004507345362190801,-0.0019316454511681997,0.17904995264867168,-0.092003762339056,0.002190513593617001,-0.014842140830462813,0.09147274929561122,-0.0046662342118378,-0.0019497235060863954,-0.0054771531409618,0.27058987769090503,0.011817984097227563,0.011142202851077698,-0.0085114431222465,0.18417392587174852,-0.002121798178765205,-0.091338828409746,0.0282177233741401,-0.06241523371561869
0.0285529071792766,0.001104375583246801,0.0035022905788846,-0.05841472349512372,0.0014587049676551,0.002470613771678204,-0.059443205909294417,0.110109989700101,0.021757416748045877,-0.10301512432819149,-0.001413670195814,0.04235982092910928,-0.0269266960507164,0.0573720201164184,0.013614317910625097,-0.010830491807938408,-0.0026616280959747005,0.0,-0.0009492160967844,0.07552763598513468,-0.0023507098079530026,0.012570265257559103,-0.0064532738561573,0.3924893071817457,-0.0011304731730635998,0.0012569576070579,0.0042418158544155,0.20639898578693394,0.19045013865090213,-0.004437791873197122,0.0,0.0068295861433929,-0.0028268704579765963,0.20603528392926135,0.0058925799671756,0.3388619405019728,0.022656365999454607,0.1405690161330233,0.0392594467829522,0.13742183935179642,0.0188205330634603,-0.0011312395135399,0.12492342101318465,0.0090499310244695,0.1324015059769128,0.050563809900661214,0.08923504535939375,0.0204054347124661,-0.0053939195409536,0.01930674389973501,-0.24065849960169416,1.1061144121600648e-05,0.02561868150194746,-0.008098393817561195,0.05514559812037623,0.12472047569635403,0.20906923762495727,0.033406078691134766,0.02113864809493493,0.0350582797414693,0.05564810312388391,-0.034219377422489206,0.14462533068982422,-0.03890264467010984,-0.0020039789616025996,0.0047781048820909,-0.0015619222864966,-0.00022411457966489993,-0.0291194253469087,-0.0026581322764140016,-0.025598831860640825,-0.0025152381633435986,0.8376923466479713,0.08342488390440883,-0.010096513282873799,-0.22837825996949723,-0.008842331866797615,0.16833280079292134,0.07152564884847609,-0.0011238163879388,-0.0007351011463424002,0.004150214236230902,0.030914890077073487,-4.90387766130182e-06,0.11251186674513008
0.0,0.0,0.0,0.005907576242926496,0.0,0.0,0.0,0.0,-0.09079950452125851,0.0,0.0,-0.009804203111542412,-0.0021010684019937,0.0,-0.0009876185941856,0.0,0.0,0.0,0.0,0.001350726619932,0.0,0.0,0.0,-0.026852080332952805,0.0,0.0,0.0,0.0,0.0,0.0,0.0,0.0,0.0,0.0030222292926596,-0.0004707605048488,0.0388674990609113,0.0,0.0,0.0,-0.1075439502269449,0.0,0.0,-0.331185531079601,-0.0012669966591856,-0.06610993766590267,0.026715430263471895,-0.08206685831557281,-0.098764104124614,0.0006342770412302999,-0.008449549414430699,0.0,0.009339722407593402,0.5117164629446584,0.002280103856193101,0.48902286275901297,-0.6829389868317923,0.8262811295502739,0.02113864809493493,7.0382716797479645,0.0363693886426527,1.2392468689863403,0.0033619057427262,-1.0762701455307084,-0.07487819096444531,0.0,0.0021130822195318,0.0,0.0,0.2623880125907716,-0.005447341469272201,-0.0008272203671198998,0.0028332014462896992,0.09133968961601419,0.0,0.004003318896743,-0.000251761745879,-0.7031680856202644,-0.2905314968744934,-0.0016084610813374006,0.0,0.003059515096635601,-0.0024039170504296,0.06562850778188156,-0.008855395385383599,-0.0803623209388708
0.0,-0.0023141331645856952,0.0,0.0020650581060744,0.00102375993726,0.0023747056450252,0.0004661316933872,0.0006893134043137,0.0005870420780533,0.0006575833491084,0.04526357704854289,0.0178534434272801,-0.16810589105362128,0.002193113510676,0.0053863719802993,0.0,0.0,-0.0128675077866994,-0.0036877037370424003,0.0130806940034874,0.0,-0.0069724228235765,0.0,0.0029664375977796,0.014583532212871009,0.06043661247257803,0.06260595621248541,0.0019503802254988,0.0105551092141461,0.0,0.02293616746299093,0.0022463093029998,0.0010271169755651,0.0915575216644591,0.0472301501585272,0.0326604691169434,0.032864913630337,0.046343770140083895,0.027273310758342398,0.1465549008292709,0.0014241321461091,0.011727338018630282,1.1714044183142702,0.740938672607248,3.533088031021576,0.8386806391366065,1.2261058914626533,0.06621045871638179,1.6256143393653266,0.005739598086294,0.054031900838952304,0.011726512839168299,0.0298787997044396,0.007625643914471299,0.041205515365445505,0.05620521195143639,0.11968628850761129,0.0350582797414693,0.0363693886426527,1.5809479302045517,0.0821291504917449,1.5668015774575679,0.004270816749450734,0.0055191190534463995,0.0080126374613056,0.049798793538780806,-0.25358596932580735,-0.14549371648465148,0.061354465531748906,0.06699122957055499,0.020878236502474598,0.11928709313790109,0.0452869980888999,0.33588642768163735,-0.1851076831413092,0.09865727038715877,0.1191101963508822,-0.12123631913765198,0.04826538565280561,0.3833041026511115,-0.06823033548730217,0.0082216728237638,0.8828155098582746,0.1018916060280139,0.2346671225745397
0.0032729306376756,0.0,0.0010274199370997,-0.008377097857889981,0.0026831621786582004,0.03527206250281589,0.0869849040113128,0.0639170001285226,-0.19307868303201992,0.0708125568282991,0.0,-0.011071583876411495,-0.1185941530892349,0.0055681505934113,0.04269032608042499,5.6254378795500006e-05,0.0,0.0,0.0,0.5193412275247522,0.0,-0.0003951984553211,0.0003717396436342,0.26974695416238775,-0.0017641196798093,0.0,0.0006024977009349,0.6446356255158111,0.0026144049312776,0.0058040664893847,0.0,-9.122105963450003e-05,0.0029258902094829,0.1249733063618212,-0.07831134565692643,0.17744435256822738,0.0028170067193227,0.0003232375177707001,-0.0046460548408134,-0.16806733793976536,-0.0018415081966686,-0.0017977357036265003,-0.2590489004098113,-0.006769492192836301,-0.12159820038998581,-0.03989003380470511,-0.09054360877160539,-0.022343341881139706,-0.0013533517554766995,-0.014587616427615496,-0.0006295476214403,0.0008481236081069,-1.3339570562715917,0.0005587184399096987,-0.20389632493375576,-0.002287267433982304,0.101821376480002,0.05564810312388391,1.2392468689863403,0.0821291504917449,6.402890169985994,0.030732150332273396,-0.05769850733921089,0.11547739691432568,0.0,0.0,0.0006063650451181,-0.0015089741615784999,2.4019734555926515,0.0009124993230392,0.0016284860501235001,-0.0003148595794264,-0.0705328718247249,-0.0015875213349389001,0.0,0.0014797023192078,-0.2802940277967658,-0.11587320624733344,-0.00041209246943130044,0.0,-0.003631723836773612,0.0009196041401641,-0.050941560526714336,-0.2882849280484736,-0.09986803874331121
0.0027961578600062,-0.03792550979340081,-0.0003783644479547,0.0020833269228808,0.0014922516220246,0.00015402552750159998,-0.001064200949553,-0.0023056128800209,0.004295769423061199,0.0,-0.15169398695899527,0.0038660669818162997,-0.7157534698005161,0.004787198899184299,0.0027124395738741,0.0002351903927163,0.0007411395625646,-0.04974702349429799,-0.0017000914386645994,0.0071010106039586,0.0,0.003137441334770001,0.0,0.0040310880570732,0.015815431141461556,-0.03702997478366499,0.1450540080180439,0.0021303068627840003,0.029403528783061808,0.0013072737777639,0.0649226596306498,0.0078261207435746,0.0,0.2328984960118987,0.0013611459469216,0.0035597207900986,0.06461610440381388,0.09284694306586458,0.0103822541252925,0.0247078731980915,0.0002730694548944,0.11944133686222091,0.1910657628825914,0.16469070428717625,0.2976012558832273,0.0650109607827035,0.40876187753124593,0.0187154383549311,0.03636889257300924,0.0015009771408688998,-0.18116362631675842,-0.001520953591279,0.030409407624301096,0.0017662834324422,0.005963822123784,0.0052529934944059,-0.007412529611154496,-0.034219377422489206,0.0033619057427262,1.5668015774575679,0.030732150332273396,-4.686018327491144,-0.025326810768602506,0.0052794802793201,0.0019138563919834997,0.00041755020152390004,-0.05262328283587389,-0.005176154298843898,0.0155319947283648,0.0023887530779245,0.008390281486376591,0.001659362571662,0.0186518452160369,0.0913649744858187,-0.15846883580147608,-0.45012737275300285,0.041911529223972094,-0.03689845904969,0.0069401911891907,-0.4317721603819873,-0.04434848851546411,0.002105351220934,-0.5502555658520834,0.0018461350314885002,0.0150352844077901
0.0,0.0008059355863837,0.0,0.0006639982745598998,0.0,0.0,0.0,0.0002545347598936,-0.015409485708673197,0.0,-0.0005893476965981001,-0.0019715516984049,-0.012735320709548801,0.0,0.0,0.0,0.0,0.0,0.0,0.0,0.0,-0.0003447394085599,0.0,-0.0031835883318057003,-0.000255003585135,0.0,0.0,0.0006794738183849001,0.0,0.0,0.0,-0.0003422940511135,0.0,0.0146846000583876,0.0,0.0044046009076511,-0.0005483395418094,0.0018206515019170005,0.016952771763249698,-0.0027789947963090004,-0.0009374544930685,-0.0020470961384999996,-0.026790811234509215,0.0164150197040875,0.1311950243439799,-0.01546551868782442,0.05324991016981784,-0.07168664076611639,-0.0142997252349321,-0.38290051486342147,0.008445443157037,0.03229189400356747,0.004127252410871918,0.0408607630131333,0.06824860125085663,-1.2381717816388722,1.0641047496061269,0.14462533068982422,-1.0762701455307084,0.004270816749450734,-0.05769850733921089,-0.025326810768602506,2.8993291390797076,-0.005160581769763112,-0.0030057427025469,-0.003166013451299299,-0.0616437084128285,-0.011448576233998697,0.12297565242127179,-0.07829667075260571,0.0115179386507006,-0.061025721313064274,0.016825035878470285,0.00016336092173529874,-0.09908796580523499,0.004068792887059497,-0.21125704854751914,-0.276433351731562,-0.03711067113638644,-0.0148394332691004,-0.21196985685703806,-0.012688623945975405,0.0007041346451158725,-0.0037733570302357997,-0.07361057998702439
0.0,0.00036631767246570005,0.0,-0.0355728635645486,0.0030854735338869004,0.00013386063322660003,-0.0007438068056288001,0.0006401434035386,-0.040546193214350004,-0.012558526857303801,0.0,-0.004808640788530494,-0.0282386567722969,0.0,0.014707707140971103,-0.0023361054744963,0.0,0.0,0.0,-0.009306272575710907,-0.0012654601869636,0.0005566113064235,9.352128153209993e-05,-0.018064189451966695,0.0,0.0,0.0,-0.0427779623865981,0.0,-0.0007184841879607,0.0,-0.0007205737062434,0.0,0.0219735759295504,0.0,0.019375111425361198,-0.000397979033203,0.00043668234918760014,0.0014345412676159,-0.006815371744156085,-0.0003975402022919,-0.0009963258809816999,-0.050401294340319695,0.00041669440947669995,-0.007498327562783701,-0.0035570049241999005,0.5331341414960411,0.0168393718853231,-0.0023907679588694,-0.0032659236647203,-0.0133736211476926,0.0,-0.12086101252780312,-0.3132988131237393,0.07994865654833583,-0.0313748644611532,0.0061929039288786125,-0.03890264467010984,-0.07487819096444531,0.0055191190534463995,0.11547739691432568,0.0052794802793201,-0.005160581769763112,0.8993433475881849,0.0,0.0,0.0,0.0,-0.010963158239259294,0.0,-0.0205631443363686,0.0,0.020241033622456495,-0.0030796523646829,0.0,-0.0248858804986159,-0.12593263199500954,-0.008387893957693501,-0.0015133257019546,0.0,0.04796141648215821,-0.002693755111635,-0.0192918485351326,0.0035657109627554,-0.0063942510094116
0.0,0.042895055671390195,0.009753052411612596,0.0,0.0002911433656272,0.0,0.0016734558584222,0.0004061377731792,0.010000228572324604,0.0,0.0,0.0,-0.0075283871423012,0.0,0.0009016575824051,0.36294739333842063,-0.0010722982109637002,0.0,0.0,0.0,-0.019549947624268593,0.07447476021197541,0.0751047416430155,0.06429706099324972,0.0041782149382398005,0.0006644291621702,0.4145025894589489,0.0606077815684752,0.0007620856905335002,-0.010866409684750701,0.0,0.0,0.0014730239021093,0.014646114238689403,-0.0011707852616835,0.034939657323338036,-0.05545888591221859,-0.006403432605496279,-0.0016814885903245896,0.011454971112074502,0.0,0.0004662127406219,0.8009842004738643,0.1356433891317136,0.1817899122136264,0.13493417347378744,0.014093103781300305,0.0009433614038467,-0.0002312417829453,-0.0009099538119355999,-0.0017114751185444976,0.035690452783678495,0.0,0.0,0.0011437536494209,-0.0014575411121897017,0.0,-0.0020039789616025996,0.0,0.0080126374613056,0.0,0.0019138563919834997,-0.0030057427025469,0.0,3.4208059591106483,0.15097274358780502,0.0005047178704894,0.0112358167087203,0.0,0.49785417677208255,-0.684354238735966,0.15945658037813448,-0.33719438903938004,0.0010123008605237016,0.0667415569058215,0.7148735658549157,-0.23907444166893121,0.0013537188087803997,0.06087228404376489,-0.0006229465150424,-0.0006124327066497001,-0.00030542587444049984,-0.0024026810821621003,0.0037056157198642,0.0680184977701006
0.0,-0.0012436675148692969,-0.006074638994427992,0.0,0.0,0.0,0.0,0.0,0.0,0.0,0.00032378665931300004,0.0,-0.000914679793814,0.0,0.0,0.00030263332036109997,-0.008016529163106294,0.0,-0.0026590659647781,0.0,0.0,0.0026739781793160998,0.0007973003437202995,0.0,-0.005576046320506899,-0.07948454074855099,0.03823542703444249,0.0,0.0,0.0,0.0,0.0,0.0,0.0101139176058325,0.0,-0.0015370698859100002,-0.040864432571638694,-0.017302625080174293,0.0024615939795202997,0.0,0.0,-0.0007813334775742001,0.1291558676971949,0.1937145928533942,0.06839395943207527,0.0004686404842061953,0.011240069804423,-0.0037595219674756,-0.0019644931189517,0.013793238078223108,-0.057365053169090505,-0.11629545545191355,0.0,0.0,0.0013907172912877,0.19766830596066476,-0.020670285813484103,0.0047781048820909,0.0021130822195318,0.049798793538780806,0.0,0.00041755020152390004,-0.003166013451299299,0.0,0.15097274358780502,-0.17529404711061503,0.053249702579563074,0.23692443599118285,0.0,-0.03604836914799081,0.0320701318826017,0.04515548398977298,0.1003587455574406,-0.0158434203585662,0.2427486564212078,0.005905820278161222,0.05044488370408928,-0.03610576420254169,-0.30542929128575125,0.0029831390388011993,-0.0033460576262186997,-0.0012620195145826001,-0.2502515853515912,-0.0006764093820258998,0.0454573385174481
0.0,0.0005834615906016001,0.0,0.0,0.0,0.0,0.0,0.0,0.0,0.0,-0.029371956026116093,0.0,-0.04287633784523259,0.0,0.0,0.0,0.0,-0.0064603049573374975,-0.0004969796667817,0.0,0.0,0.0,0.0,0.0,-0.013987462757065198,-0.013910372223711998,0.008434792106681507,0.0,0.0,0.0,-0.010350249308279602,0.0,0.0,0.016341569417746598,-0.0004146332160848,-0.0004227763104884,0.0024594939828946026,-0.003426787756276502,-0.0005348464192837,0.0,0.0,-0.0017452442154769002,-0.13611518780566384,-0.1621493113049457,-0.1922974927876533,-0.0021727544112182806,-0.015180454979805,-0.00045145473152050043,-0.0119408461503706,-0.0018501184418875,-0.0021631433187599015,0.006459393182236699,0.0,-0.0006358074078856,-0.0004905657003016998,-0.0002827659237450001,-0.004507345362190801,-0.0015619222864966,0.0,-0.25358596932580735,0.0006063650451181,-0.05262328283587389,-0.0616437084128285,0.0,0.0005047178704894,0.053249702579563074,-0.4679822523653474,-0.059585313925131445,0.0,0.024913972271173,0.0027443416476256,0.025271221794914506,-0.0002388425708055,0.001508469102561208,-0.363280942539669,-0.03354751773801867,0.0016472832766194,-0.10163930491248369,0.016134269561232095,-0.08504497662563332,-0.022487842266109597,0.0013416793299737004,-0.2543967948524162,-0.0015429294558061998,-0.0081126912777486
0.0,-0.005342982757993199,-0.0017714647644711998,0.0,0.0,0.0,0.0,0.0,0.0,0.0,-0.00039424524920500005,0.0,-0.0076148362316577,0.0,0.0,0.0,-0.00040711769576429885,-0.0025648649733519,-0.0013183261102561001,0.0,0.0,0.0,0.0,0.0,-0.005274703004137999,-0.04661337666385318,0.023503624740197737,0.0,0.0,0.0,-0.005615906212924699,0.0,0.0,0.0024311997346479998,-0.0004576974173771,0.0007257874383691,-0.012305389761900199,-0.005050904756726,0.00046990722524699997,0.0006681800316897,0.0,-0.0004201048258128,-0.1544411676576759,0.10207423237508151,-0.26143590883316925,-0.031045831970092252,-0.0001500149345705984,-0.0015625869788243,-0.0004234968563887999,0.003044971213410401,-0.048577264408933105,-0.14619454467429222,0.0,0.0,0.0004893974310039,-0.02106024399450568,-0.0019316454511681997,-0.00022411457966489993,0.0,-0.14549371648465148,-0.0015089741615784999,-0.005176154298843898,-0.011448576233998697,0.0,0.0112358167087203,0.23692443599118285,-0.059585313925131445,-0.5286502773571424,0.0,0.04477281214753731,0.004352290593833899,-0.05273923639314071,0.0016154824063366996,-0.0322139904178508,-0.8649609596440442,-0.3379417668514648,-0.003765691113519102,-0.046850040211083216,-0.06786250216003187,-0.029995069185282795,-0.002313357222535799,-0.0003429254711339001,-0.44088269706241423,-0.0012908459511375002,-0.006056260953492501
0.0029129947497351,0.0,0.0,0.056846339796760514,0.0087173160276691,0.025219233561343098,0.0291491377508412,0.0109799437189085,-0.02294371271522111,0.011670432983091799,0.0,0.03161183153253372,-0.1127312957755092,0.0017542976356653,0.057278975197491394,0.0,0.0,0.0,0.0,0.6413042039578111,0.0,0.0017944219584657998,0.0,0.038238669922945,0.0,0.0,0.0010516153471038,0.20329714501829027,0.001782451830979,0.0005320543397124,0.0,0.0,0.0032876397216348,0.1458954119092269,0.0,0.0805738568960444,-0.0020390031362008,0.00031434176625210006,0.0019612680940575,0.014201684214870891,0.0,-0.0103214103452248,0.044509719136105685,-0.0017834746786569,0.2178150083614243,0.016113809329523096,0.09088011284408526,0.021104377454527895,-0.0020950794884769,0.0016417604765487995,-0.0015926828229929,0.0,-0.45901351044354044,0.0017017057526692,0.08905286375801508,0.0327001321759466,0.17904995264867168,-0.0291194253469087,0.2623880125907716,0.061354465531748906,2.4019734555926515,0.0155319947283648,0.12297565242127179,-0.010963158239259294,0.0,0.0,0.0,0.0,1.5130922116871002,0.0,0.0007971840207753001,0.0,0.14673283626596012,0.0,0.0,0.0,-0.27280718587241704,0.008643947636679583,0.00044913622360760004,0.0,0.0059174739790155,0.0005839427368225002,0.04851093786529739,-0.0003968068189181,-0.011303116623766901
0.0,0.0022386657973914,0.004613340489248101,0.0,-0.0009563012190159,0.0,0.0,0.0,-0.003661323824034701,0.0,0.0,0.0,-0.0057177686225331,0.0,-0.0008331792043896002,-0.003323666722771512,-0.000668727372903,0.0,0.0,0.0,0.0010777043301855999,0.006525076343829402,0.03252486594637401,-0.0141247556134984,0.0,-0.0009009050728537,-0.007771625643528901,0.011558515217012002,-0.0011373284332367002,-0.0062202727395237,0.0,0.0,-0.0014451269402408,0.007731074970690199,-0.0012508588821403001,-0.025166500655510807,-0.0066730508677071,-0.0120098580590911,0.0032179994907229996,0.0019283008857683,0.0,0.0,-0.042416646957740944,0.04398324186662528,-0.36102746187075807,-0.25483680194941316,-0.0058524598408284945,0.0026420627842320002,0.0003481580287270999,0.0013585735552468989,-0.0009116655713327002,0.009197117450499004,0.001076233797924,0.0,-0.016107123648476898,-0.18497465294819992,-0.092003762339056,-0.0026581322764140016,-0.005447341469272201,0.06699122957055499,0.0009124993230392,0.0023887530779245,-0.07829667075260571,0.0,0.49785417677208255,-0.03604836914799081,0.024913972271173,0.04477281214753731,0.0,1.90262590618849,-0.003158690249527203,-0.7187061564901782,0.04085838194977831,0.0002322695960279001,-0.01105878889824674,-0.046145239755974066,0.21898608381685492,-0.0572681551135544,-0.8874302373617962,0.0007225083074281,-0.0152966298562798,-0.011547139938998502,0.3061384569390886,-0.0193444903842172,-0.09426346074306968
-0.0012640004295879,0.06791744534554521,0.019592735756690405,-0.0025157160154287,-0.0048446585631356,-0.0010799189607673,-0.009507890555345198,-0.0012136215271831997,-0.0004262361270941928,-0.0003247218668987,0.0077871287921999,7.821479740489998e-05,0.014998724247840399,0.0014636397591989998,0.0008917527801621996,-0.5607212854594128,-0.023268268746602698,0.00039557003089809987,-0.0010645192277196989,0.0008511008310369992,-0.0584065167982486,-0.05184094872840411,-0.03986349905533937,-0.1725107903180244,0.008438250134529802,-0.009340518711247303,-0.48719888153851176,0.010505556765386392,-0.0022240302746518005,-0.014619160603792203,0.0015137238848020994,0.0002690530798269,-0.0030898608415602003,-0.0034857378731816963,-0.0016419446492996993,0.020938921184478765,-0.0222904145084009,-0.034774945018081094,-0.0011983451400012085,0.010779021436270499,0.0007505969253309001,0.004999049866127999,0.1257905469820223,0.10567036158832518,0.034818912096829,0.011728562256616906,-0.008189812706800099,-0.0013332067683562,0.016197979210006402,0.0013324240047309995,0.419293556900838,0.005044095180995599,-0.001510538328557201,-0.0036930646469496,-0.0014948320369741,0.012517636741470203,0.002190513593617001,-0.025598831860640825,-0.0008272203671198998,0.020878236502474598,0.0016284860501235001,0.008390281486376591,0.0115179386507006,-0.0205631443363686,-0.684354238735966,0.0320701318826017,0.0027443416476256,0.004352290593833899,0.0007971840207753001,-0.003158690249527203,1.5022466134008834,-0.14074898893605103,-0.3723998410963105,0.1951803109472779,0.008134860571690411,0.14397028510823162,-0.0567747606592961,0.0133572233936348,0.0448547650385731,0.0005300024166270999,0.0002721193093053,0.0052100295088534,0.012092797445291098,0.007596866002998801,0.08443302280025561
0.0,0.022568976815215,0.033953743981800844,0.0,-0.0006186066138336,0.0,0.0,0.0,-0.0009001597001273998,0.0,0.0,0.0,-0.0009803935668833,0.0,0.0038251238786372,-0.12365447863037948,0.002078580831815696,0.0,0.00029927419299370005,0.0,0.0025630409879444996,0.007486018687464097,-0.07375941552185505,-0.015039900728339606,-0.00047591449871359996,0.0010134838380800003,-0.46345911311757604,0.0090696237301952,-0.0010099675260366002,-0.0048556747534775,0.0,0.0,-0.0008495522505002,0.005474317431942197,-0.0014746746759431995,-0.12914402284544824,-0.1603999887323191,-0.10341910953188577,-0.05751232203076331,0.0027080482149483003,-0.0012497617757842,-0.0005484233068266,0.06572520175041419,1.2082114219654239,-0.9086753485929444,-0.7361892714737586,-0.039860024806642635,-0.0041171495396134,-0.0017951777739993995,0.016801823851039316,-0.026418955894895006,-0.7715310430004649,-0.0014990830460843,0.0003827661183511,0.005027005650565899,-0.11342301972980406,-0.014842140830462813,-0.0025152381633435986,0.0028332014462896992,0.11928709313790109,-0.0003148595794264,0.001659362571662,-0.061025721313064274,0.0,0.15945658037813448,0.04515548398977298,0.025271221794914506,-0.05273923639314071,0.0,-0.7187061564901782,-0.14074898893605103,4.321572627816913,0.1669393571338661,-0.0017836572186031002,0.1149332805235801,-0.6988280130471729,0.4048420430468811,-0.0688053950881323,-0.004340337385930759,0.0011409497975794999,-0.0116412810189915,4.839258775809693e-05,-0.32109094408234506,-0.07824790776102081,0.03837390812801633
0.0128061939207522,0.004277403500776499,0.0070054724482958,0.032642824111073665,0.005736834041202599,0.0286028230655757,-0.00650729524220639,0.048813065929497204,-0.07497528389354757,0.027955337961072413,0.0,0.020985789994570403,-0.0906946876173802,0.004056427387682501,0.0209359536599951,-0.1562043885908695,0.0,0.0,0.0,0.42157836552359385,0.00913441800427689,-0.040144676133577695,-0.010877799460727505,-0.6456044290634217,0.001245886134012,-0.0003380141858156,0.0201627043798574,0.8442808831244548,0.0686049121936998,-0.00491410155751304,0.0,0.000454834663469,0.006711030535270002,0.1574474869603261,0.001059036837051,-0.3343973501168711,-0.031788744646413875,0.021268741030245703,0.0153893214422458,0.252054980686507,0.0002289976123913003,-0.0050359845604327,-0.13548535236842563,-0.007750383528692006,0.0029235435871309834,0.036873874193128486,-0.10520443076414299,-0.03300196654690421,-0.0014518826011984001,-0.009227135415405,-0.11403398081822169,0.050441181961284796,1.0792682681159995,0.007537386537852596,0.035503894801048,0.11228602448879232,0.09147274929561122,0.8376923466479713,0.09133968961601419,0.0452869980888999,-0.0705328718247249,0.0186518452160369,0.016825035878470285,0.020241033622456495,-0.33719438903938004,0.1003587455574406,-0.0002388425708055,0.0016154824063366996,0.14673283626596012,0.04085838194977831,-0.3723998410963105,0.1669393571338661,7.133855243434482,0.04057707198548759,0.0447345967842037,-0.3853719047765489,1.0861379280147272,0.035389386420519364,0.09011808298859203,0.0,-0.003983448156938201,-0.0180568316805058,0.005990875898637615,-0.0068709018905417,-0.02732462499813343
0.0,-0.00753632671009169,0.0003602512963988,0.0,8.773876331140003e-05,-0.00014855671806160003,0.0,-0.0017711953974741,-0.0113832930802071,0.0,-0.02802124529261807,0.0,-0.49737907505213286,0.0007479667819630994,-0.0002125520396565,0.0,-0.00046195085438589995,-0.001461820410220388,0.001051731330322398,0.0,0.0,-0.008629276731323805,0.0,-0.005290704316626401,0.07663806908868731,0.09599780912660905,0.16146046010622883,0.0,-0.0013795519310966023,0.0,0.02833621820354071,0.0031327318426128,0.0,0.09276202945015699,0.0,-0.0074601300143733035,0.039906887210493014,0.023160683457098902,0.003866626706758299,-0.0003151421958509995,-0.0010366537245977,0.021091329413468918,-0.04699336891183559,0.0015258979711826326,0.037074197354275806,0.009869434412455701,-0.06433265837022381,0.0007981324224301,0.3600343771336715,-0.0004761378581966,0.11928138937468291,-0.0013737644757016,0.0002265666654853,0.001199883020178,0.0007080162094434998,0.0,-0.0046662342118378,0.08342488390440883,0.0,0.33588642768163735,-0.0015875213349389001,0.0913649744858187,0.00016336092173529874,-0.0030796523646829,0.0010123008605237016,-0.0158434203585662,0.001508469102561208,-0.0322139904178508,0.0,0.0002322695960279001,0.1951803109472779,-0.0017836572186031002,0.04057707198548759,0.11766850005943308,-0.1447736500111918,-0.6262783479829137,0.0034839349401809,0.007464153022860898,-0.0012762479450082,-0.0725722926992115,0.0020446608661598992,0.0,-0.07722425202019631,0.0002723694221394,0.0028054675388744007
0.0,-0.03090119379085121,-0.026874188311273306,0.0,0.0,0.0,0.0,0.0,0.0,0.0,-0.08561506832912807,0.0,-0.18173696844659432,0.0,0.0,0.000468356991077,0.060567424916042306,-0.0893629494987957,0.022311979493296094,0.0,0.0,0.0018307875794164995,0.0003040890800467002,0.0,-0.13789396800084347,-0.5501090504093522,0.31626742418075615,0.0,-0.000418032575754,0.0,-0.11684773687180072,0.0,0.0,0.08146791906049831,-0.0007562120062093,-0.012128009317169994,-0.20809584564041145,-0.09669364317514828,0.02103955261941679,0.0,-0.0006497081227063,-0.008754683690946698,-0.8082022285224264,0.9810935488041439,0.010439938283359318,0.0006939513033370481,-0.001132697663235295,-0.009340530723301902,-0.0226744957145769,0.0009568045008459813,-0.11614729998718348,-1.8609526192166488,0.0,-0.0003166275506882001,0.0011973848138648003,-0.4346245319382356,-0.0019497235060863954,-0.010096513282873799,0.004003318896743,-0.1851076831413092,0.0,-0.15846883580147608,-0.09908796580523499,0.0,0.0667415569058215,0.2427486564212078,-0.363280942539669,-0.8649609596440442,0.0,-0.01105878889824674,0.008134860571690411,0.1149332805235801,0.0447345967842037,-0.1447736500111918,-0.03197359879335693,-0.9716580331456797,0.059053822362475306,-0.10583073459612877,-0.3385297203750215,-0.025907753896993402,-0.046494327290016,-0.0076400479545295,-0.1330176476756163,-0.0003194454378043004,0.029962840671581725
0.0,0.23601253277796097,-0.02569982164707718,0.0,-0.000460461502315,0.0,0.0002880098741662,0.0,-0.0031957718191772,0.0,-0.03927288911704896,0.0,-0.2143545844700805,0.0,0.0,0.0017147175856966346,0.06243211532744719,-0.0567455158161837,0.06493915792610416,0.0,0.0088859127988868,0.03211436594836686,-0.1051222500085589,-0.0148769974362385,0.04424100465840364,-0.44009935219684415,2.1607813351387932,0.0085052226626001,0.0004891773065887,-0.0001406167530887,0.14024328442062273,0.0009855748510025,0.0,0.2827035517656908,-0.0009940949940776,-0.12236578922048591,-0.47316113247910874,-0.3635421480780219,0.13656000744369035,0.0028516804825544,0.0004121557209404,0.04566634035868311,-0.9286605178352705,0.7579396315699514,-0.7671026005060329,-0.5197218349587196,0.02918926842619582,-0.012548349970537201,0.027492376149958704,-0.008537387002505399,-0.9229948530132717,-1.5601195827816259,-0.000226976204425,0.0003830601932652,0.00034174394209319993,-0.16428449172813142,-0.0054771531409618,-0.22837825996949723,-0.000251761745879,0.09865727038715877,0.0014797023192078,-0.45012737275300285,0.004068792887059497,-0.0248858804986159,0.7148735658549157,0.005905820278161222,-0.03354751773801867,-0.3379417668514648,0.0,-0.046145239755974066,0.14397028510823162,-0.6988280130471729,-0.3853719047765489,-0.6262783479829137,-0.9716580331456797,5.867606281669495,-0.24344760361729545,-0.026884607621678297,-0.1033678548561488,-0.2260555260119841,-0.0091012071642925,0.00289318683193,-0.13052300911661474,-0.007950893297050704,0.035874660494662924
0.0014755313226574,0.0030877721999217,0.0,-0.045178358334471494,0.0,0.0016731036303768,0.0035940976262548996,0.00013564122791770005,-0.3149054874094246,0.0012992188884474,0.0,-0.05336419284852431,-0.1572492622909804,0.0,0.024986178959626803,-0.017392417544672106,0.0,0.0,0.0,0.5806535768919763,0.008016675056768896,-0.019889122288086307,0.0024512919393582,-0.8275844801506409,0.0,0.0,0.0013149501531597996,0.21400787548622213,0.050017845535173217,0.0032736435847241924,0.0,0.0,0.011024910789409599,0.2074162303983367,0.0010343886176223,-0.3703772800348346,-0.054198419972603495,-0.0096043809128782,0.003992190389643899,0.0002666522485477163,0.0009149513080547,-0.0039051276665149,-0.8499348252409433,0.020533156860314428,-0.08765553385876146,0.06964135921318437,-0.28310154577923696,-0.07820198211453389,0.0019445786423431992,0.020841668546697112,-0.0024046314044879995,0.19169828224416519,-1.2371345973855226,-0.001457773551810801,-0.07183581965647967,-1.151843650915822,0.27058987769090503,-0.008842331866797615,-0.7031680856202644,0.1191101963508822,-0.2802940277967658,0.041911529223972094,-0.21125704854751914,-0.12593263199500954,-0.23907444166893121,0.05044488370408928,0.0016472832766194,-0.003765691113519102,-0.27280718587241704,0.21898608381685492,-0.0567747606592961,0.4048420430468811,1.0861379280147272,0.0034839349401809,0.059053822362475306,-0.24344760361729545,2.278103736120812,-0.3799598166548521,0.4359225521993988,0.0,-0.00409248350593,-0.10686433235927406,0.1623890437323081,-0.032330338559475,-0.4649673231041309
0.0,0.0,0.0,0.0005777185323305001,0.0,0.0,0.0013481681524782,0.0,-0.0456056210374383,0.0,0.0015915991519353002,-0.0053624742273271,-0.0357294883326903,0.0,0.0,0.0021526038933281,0.0,-0.00021674678833620006,0.0,0.0,0.0011410656766560005,-0.0008907180943835001,0.0008711360613395,-0.008342656156571898,-0.00017903580552859968,-0.0003688040451148,0.0,0.0238869922785755,0.003635687046919602,-0.0012835082881892989,0.0,0.0,-0.0012290677452321,0.039196777057090904,0.0,-0.016216329103297997,-0.0037433929257527,0.0012518168619339003,0.0009657616058684005,-0.0021788420380253,-0.0017882687300147,-0.0002449526686382998,0.06318941179217319,-0.0002315527626205044,-0.006966746330865359,-0.01742679186021681,0.0882360988848152,0.009786616322283115,-0.0008791791724290995,0.2616389908337142,0.0023215681554263007,-0.004221943272894501,0.011357606369934492,0.0034148060637243013,-0.004264322768278206,-0.4431498571023944,0.011817984097227563,0.16833280079292134,-0.2905314968744934,-0.12123631913765198,-0.11587320624733344,-0.03689845904969,-0.276433351731562,-0.008387893957693501,0.0013537188087803997,-0.03610576420254169,-0.10163930491248369,-0.046850040211083216,0.008643947636679583,-0.0572681551135544,0.0133572233936348,-0.0688053950881323,0.035389386420519364,0.007464153022860898,-0.10583073459612877,-0.026884607621678297,-0.3799598166548521,0.5194735215296191,0.1738185086327455,-0.008418393403316793,-0.20150824112027554,-0.15026324385329692,-0.20093266371100515,-0.0003411596371887,-0.04723022631446208
0.0,0.0012203640040134,0.0012585081496217,0.0,0.0,0.0,0.0,0.0,-0.0028601943096977014,0.0,0.0,-0.0011629206205451,-0.0063279709197857,0.0,0.0010210254013427,0.034476255360185504,0.0,0.0,0.0,0.0,0.013459540268422304,-0.0021744347254907996,0.0021816118503841,0.001421248572306688,0.0,0.0,0.0014715122318514997,0.0510354556267861,0.0078359976427367,-0.0043921365338641,0.0,0.0,-0.0026323720012142006,0.027704507580348002,0.000765237062736,-0.016775165690231603,0.0005039302280703019,0.0004180504012679005,0.004405633221413,0.0033344787534525,0.0009652155407032,0.000671609764669,-0.27731615153412026,0.005679164958308502,-0.3768328018970961,-0.10488889298421017,0.008627313011532904,-0.0007094110515514004,0.0,0.06448077079886805,0.0006401705177827002,-0.059922454670190084,-0.003995800482291099,0.00032930134582299995,-0.007126562985488199,-0.6072074556208058,0.011142202851077698,0.07152564884847609,-0.0016084610813374006,0.04826538565280561,-0.00041209246943130044,0.0069401911891907,-0.03711067113638644,-0.0015133257019546,0.06087228404376489,-0.30542929128575125,0.016134269561232095,-0.06786250216003187,0.00044913622360760004,-0.8874302373617962,0.0448547650385731,-0.004340337385930759,0.09011808298859203,-0.0012762479450082,-0.3385297203750215,-0.1033678548561488,0.4359225521993988,0.1738185086327455,1.3933682967455567,0.0,-0.0104917612909926,-0.21310351905090175,0.008726846706314184,-0.015453311502471501,-0.18109811547555943
0.0,0.002590526129969902,0.0,0.0,0.0,0.0,0.0,0.0,0.0,0.0,0.018994946557161108,0.0,-0.10331706379175631,0.0,0.0,0.0,0.0,-0.0051640137418520055,-0.0006601907266355002,0.0,0.0,-0.0006686865484836,0.0,0.0,-0.01946637472236129,0.03526933051676573,0.023482994583391703,0.0,0.0,0.0,0.020494995982623665,0.0,0.0,0.04460754666855671,0.0,-0.0007490389596142999,-0.01596903250585388,0.014419844827287108,0.0013478728999606,0.0,0.0,-0.0097153360881377,-0.0444921909938584,0.344427289187466,0.2114555729079699,0.03742175917584109,-0.0034175845565834004,-0.003641734626481,0.020739224849215893,0.0,-0.015875377760793404,0.00039468291421120006,0.0,0.00029476444690249996,-0.0023362810436341,0.0,-0.0085114431222465,-0.0011238163879388,0.0,0.3833041026511115,0.0,-0.4317721603819873,-0.0148394332691004,0.0,-0.0006229465150424,0.0029831390388011993,-0.08504497662563332,-0.029995069185282795,0.0,0.0007225083074281,0.0005300024166270999,0.0011409497975794999,0.0,-0.0725722926992115,-0.025907753896993402,-0.2260555260119841,0.0,-0.008418393403316793,0.0,0.7742920141480942,-0.0254381216626314,-0.0002868373318769,-0.015076491693149008,0.0,-0.0011585629285127
0.0,0.0,0.0,0.0,0.0,0.0,0.0,0.0,-0.0009322370880266,0.0,-0.005775356283818801,0.0,-0.0140476655582433,0.0,0.0003622202518249,0.0,0.0,0.0,0.0,0.0,0.0,0.0,0.0,0.0007158169962292,-0.0024237621981403,0.0004405213010333,0.0,0.0,0.0002333577549052,0.0,0.0,0.0,0.0,0.0279826029047926,0.0004151599852645,0.0043229619529861,-0.0011963983446448999,-0.000408374157936299,0.0370738162588633,0.0011051703151481003,-0.0035998738871598998,-0.002641440576896298,0.19021807929386886,0.0057398774034009975,-0.06177469037397376,0.1056641453238324,0.1568234415942802,-0.1176542080368641,0.003009110896904997,-0.0030657524447630004,0.001827772496323,-0.0023666081570591,1.4046938305600082e-05,0.7916390605443211,0.5123923554358347,0.005130372813936399,0.18417392587174852,-0.0007351011463424002,0.003059515096635601,-0.06823033548730217,-0.003631723836773612,-0.04434848851546411,-0.21196985685703806,0.04796141648215821,-0.0006124327066497001,-0.0033460576262186997,-0.022487842266109597,-0.002313357222535799,0.0059174739790155,-0.0152966298562798,0.0002721193093053,-0.0116412810189915,-0.003983448156938201,0.0020446608661598992,-0.046494327290016,-0.0091012071642925,-0.00409248350593,-0.20150824112027554,-0.0104917612909926,-0.0254381216626314,0.3739785852185782,-0.0024963450087705,-0.5135971135471542,0.0008239079996566999,-0.00033201880109549886
0.0,0.0,0.0,0.0008956835448019,0.0,0.0,0.0006865941769536,0.0,-0.005945083079916601,0.0,0.0,-0.0015910650605789,-0.0061970232766445,0.0,0.0,-0.0091196878632194,0.0,0.0,0.0,0.0,-0.0088901128847418,-0.00027097540702150007,0.0005335688961735,-0.032361990641959805,0.0,0.0,0.0,0.008131357404285399,0.00035100498709620016,-0.0121263860794995,0.0,0.0,-0.0012063252114743002,0.0039581992375349005,0.0,-0.028350764693196202,-0.0027572633545588,-0.0008282994196060999,0.0,0.0033186701046351,0.0,-0.0002510494829913,0.007876864247453104,-0.00048088994114100017,-0.022571014464374595,-0.004828964375452799,0.0016813113288105998,-0.0019683982964454,0.0,0.001958807504918201,0.0,0.00039599201563930014,0.0026665261898513003,0.0,0.0002045970231874996,-0.03711772698841739,-0.002121798178765205,0.004150214236230902,-0.0024039170504296,0.0082216728237638,0.0009196041401641,0.002105351220934,-0.012688623945975405,-0.002693755111635,-0.00030542587444049984,-0.0012620195145826001,0.0013416793299737004,-0.0003429254711339001,0.0005839427368225002,-0.011547139938998502,0.0052100295088534,4.839258775809693e-05,-0.0180568316805058,0.0,-0.0076400479545295,0.00289318683193,-0.10686433235927406,-0.15026324385329692,-0.21310351905090175,-0.0002868373318769,-0.0024963450087705,-0.015852427653081147,-0.2095339546251176,-0.00029466441437709994,0.0168604820506111
0.0,0.0013274962992372002,-0.004042291928654402,-0.007060291606744401,-0.0003352927579723,-0.002348528859234,-0.00018037485172229997,-0.0041366519705669,-0.021637183158537,0.0,-0.012614607249140104,-0.0140883033914644,-0.0845899858702642,-0.0081433881573125,-0.0085541371112512,0.0007819325765901011,0.0013504215175799998,-0.0007488193310707996,-3.070234998310003e-05,-0.0127846125231367,0.0019070049135133,0.0033525640247967997,-0.002381551913673001,-0.0053215663873247,0.0050370868672832,-0.004809504429739299,-0.01964010085190479,0.006918087637065504,-0.0075134379174438,0.0011042594793449004,0.012208137372584398,-0.001467666540475,0.0027124419569969,0.021219425952429004,-0.0245061003029016,-0.031165117545748702,-0.006386576741585201,-0.0563996033057347,-0.021918781613451198,-0.1228691536142529,-0.0093451858535357,-0.010558327693725403,-1.1095469974302907,-0.2630957201515455,-1.4230908996495475,-0.5080509271357367,-1.1380113622119492,-0.672998885886879,-1.099832189007699,0.0278346782500066,-0.002455164981699995,-0.04889976454610148,-8.70976433950399e-06,-0.4261450858893795,-0.07097804576082581,0.06853165255980953,-0.091338828409746,0.030914890077073487,0.06562850778188156,0.8828155098582746,-0.050941560526714336,-0.5502555658520834,0.0007041346451158725,-0.0192918485351326,-0.0024026810821621003,-0.2502515853515912,-0.2543967948524162,-0.44088269706241423,0.04851093786529739,0.3061384569390886,0.012092797445291098,-0.32109094408234506,0.005990875898637615,-0.07722425202019631,-0.1330176476756163,-0.13052300911661474,0.1623890437323081,-0.20093266371100515,0.008726846706314184,-0.015076491693149008,-0.5135971135471542,-0.2095339546251176,-1.2019046986897042,-0.0877539571422366,-0.12892756103111921
0.0,0.0005425133581801,0.0004112237776231,0.0,-0.0199640083699058,0.07676999806267601,0.0,0.0010838085099043999,-0.0002557028292992998,0.00039477812067820005,0.0,0.06400073227737546,-0.039304356569185,0.0,0.047816593943062397,0.0,-0.0007184513893947,0.0,-0.0007862021360836,0.0,0.0,0.0,0.00015874852566070009,-0.0011293678770263,0.0,0.0,-0.0004089228214204,0.0010165870525426,0.0,0.001299014653184,0.0,0.0,0.0007377509654333,0.0656264678327219,-3.340578218929238,-0.3275237367538972,0.007585022557891008,0.03345621744565569,0.06008899064118456,0.11591009900338889,-0.0001465794396899034,-0.0006718461236904002,0.15913001685349126,0.004900919110194579,-0.0023429164776420652,-0.44455178605035073,-0.027688373319075504,-0.06736646755652262,-0.002784165904750901,-0.0023327689744416,-0.0008026570867303,-0.0016195003813984001,-0.0037009931989351,0.0005939757145178,1.664009372243195,-0.0089622267764076,0.0282177233741401,-4.90387766130182e-06,-0.008855395385383599,0.1018916060280139,-0.2882849280484736,0.0018461350314885002,-0.0037733570302357997,0.0035657109627554,0.0037056157198642,-0.0006764093820258998,-0.0015429294558061998,-0.0012908459511375002,-0.0003968068189181,-0.0193444903842172,0.007596866002998801,-0.07824790776102081,-0.0068709018905417,0.0002723694221394,-0.0003194454378043004,-0.007950893297050704,-0.032330338559475,-0.0003411596371887,-0.015453311502471501,0.0,0.0008239079996566999,-0.00029466441437709994,-0.0877539571422366,-3.5296628086190367,-1.8878908113357653
0.0055468276145868994,0.015197802175138499,0.12985485243300837,-0.018355094240250898,0.006900443325281799,-0.0022616327713260997,0.23582402455126816,-0.036432842111537994,0.0020103356298122044,0.007965768841677712,-0.018699019849287898,-0.028881559209990304,-0.2034284654147858,-0.008083533509041008,0.0034586735933384988,0.1685256151357914,-0.011022798280743012,-0.006456236169072101,0.00961410073590531,0.014894311500525698,0.5077623415523753,0.0048533465362771006,1.2827518679450298,0.11135433061470501,-0.0008962992987345,0.07620248891764281,0.5623542898673017,1.0020881687320766,0.02365856336963229,0.14241595072568147,0.0023857686192022996,0.0162790041977508,-0.0193853585296828,0.35079941501213774,0.4628468746457841,-3.137897613358052,-0.12621525426353175,-0.23646220153716424,-2.1241765050069237,-0.061141607508294504,-0.08298280829385432,0.0300437225913799,0.27164579452230164,-0.14714901581282458,-0.25716403323401416,-2.7406936849486803,-0.11488435682640813,-0.05359031344872778,0.0131338450836785,-0.03483480251078169,-0.010118609966368701,-0.03539542567457771,-0.03840336257826049,0.0113697102749766,0.050160474303827196,-0.1418099733030479,-0.06241523371561869,0.11251186674513008,-0.0803623209388708,0.2346671225745397,-0.09986803874331121,0.0150352844077901,-0.07361057998702439,-0.0063942510094116,0.0680184977701006,0.0454573385174481,-0.0081126912777486,-0.006056260953492501,-0.011303116623766901,-0.09426346074306968,0.08443302280025561,0.03837390812801633,-0.02732462499813343,0.0028054675388744007,0.029962840671581725,0.035874660494662924,-0.4649673231041309,-0.04723022631446208,-0.18109811547555943,-0.0011585629285127,-0.00033201880109549886,0.0168604820506111,-0.12892756103111921,-1.8878908113357653,0.41683474662509035
