-0.19688238965979998,0.0005824922771,-0.025629660192399997,-0.0157272914817001,0.0093198764336,-0.0069899073252,0.049511843553500245,0.004659938216800098,-0.029707106132099998,-0.08038393423979999,-0.011649845542,-0.0133973223732999,0.0,0.39026982565699964,0.0005824922771,-0.0011649845542,-0.0535892894932,-0.0034949536626,-0.051259320384799904,-0.0034949536625999,-0.0378619980115,-0.0005824922771000001,-0.0192222451443,-0.013979814650400102,-0.0005824922771,-0.021552214252699903,0.0017474768312999997,-0.1310607623475,-2.9712931054870997,-1.2774055636803001,0.0,0.0547542740473999,-0.0599967045413,-0.05125932038480009,-0.0011649845542,-0.1007711639382999,-0.0110673532649,-0.0862088570107999,-0.0192222451442999,-0.0052424304939,-0.0023299691084,0.0,-0.0005824922771,0.0,0.0,0.0,-0.0011649845542,0.0,0.0,0.0005824922771,0.0,0.0,0.0,0.0,0.0,0.0,0.0,-0.0104848609877999,0.0,0.0,0.0,0.0,0.0,0.0,0.0,0.0,0.0,0.0,0.0,0.0,-0.0017474768312999997,0.0,-0.0168922760358999,0.0,0.0,0.0,-0.0034949536625999,0.0,0.0,0.0,0.0,0.0,0.0,0.0,-0.005824922771
0.0005824922771,0.9715971182028003,-0.2702764165744,0.0011649845542,0.0203872296984999,-0.0005824922771,0.017474768313000003,0.0005824922771,0.8824757998064998,0.0005824922771,0.012814830096199895,-0.0023299691084,0.1432931001666,0.015144799204599999,-0.0110673532648999,-0.1893099900575,0.1584378993712,-0.023299691084000002,-0.021552214252699986,0.0,0.0291246138550001,-0.027377137023699927,0.093198764336,0.6360815665932,-0.39551225615090013,0.03786199801150003,-4.581301759391501,0.007572399602299898,0.013979814650400001,0.07980144196269989,0.012232337819099999,0.0104848609877999,-0.0023299691084,0.3419229666577001,-0.0128148300962001,0.06756910414360007,0.3197882601279,0.49686591236629996,0.4013371789219001,0.0687340886977999,0.0151447992045999,0.0186397528672001,-0.054754274047400076,-0.1304782700704,-0.026794644746599927,-0.0442694130596,0.0087373841565,0.013979814650400098,-0.0087373841565001,-0.0005824922771,-0.1514479920459999,-0.0879563338421,0.0,0.0,0.0011649845542,-0.0046599382168,0.0,0.0157272914817001,0.0,-0.0279596293007999,0.0,-0.0262121524694999,-0.0005824922771,0.0,-0.008154891879399995,0.04310442850539997,0.0046599382168000004,0.009319876433600001,0.0,-0.005824922771,-0.03145458296340009,-0.037279505734400004,-0.012814830096199908,-0.03145458296340009,-0.04892935127640008,-0.26794644746600005,-0.0075723996022999986,-0.0052424304939,-0.0017474768313000995,0.0064074150481001,-0.0005824922771,0.0,0.027377137023699927,0.0,-0.05591925860159999
-0.025629660192399997,-0.2702764165744,-3.6452366700918013,-0.0017474768312999997,0.2248420189606,-0.029124613854999995,2.747616071080701,0.012232337819100048,-0.0128148300962,-0.001747476831300096,-0.05591925860159991,0.0005824922771,-0.0011649845541999,1.1655670464771002,0.0005824922771,-0.11533347086579993,1.4038063878110005,-0.04601688989089999,-0.3605627195249,-0.0005824922771,1.2284762124039,-0.38910484110279997,2.066682599150795,-0.02912461385499998,0.0,0.08038393423979784,-1.215661382307701,-0.19163995916589993,0.46424634484870003,0.5125932038479998,0.0064074150481001,0.4654113294029,0.009319876433600001,0.3063909377546001,-0.026794644746600097,0.7799571590368997,-0.9646072108776003,0.24755921776750012,1.0624659134304002,0.2114446965872999,0.0897038106734,-0.0011649845542,-0.29474109221260003,-0.4188119472349,-0.10543110215509999,-0.2318319262857999,-0.009319876433600001,0.0046599382168,0.0,0.0,-0.0460168898909,-0.5166706497876998,0.0,0.0,0.0,0.0,0.0,-0.0017474768312999997,0.0,-0.0023299691084,0.0,-0.0005824922771,0.0,0.0,-0.506768281077,-0.1007711639383001,0.0,-0.0052424304938998995,0.0,-0.0780539651314001,-0.0897038106734,-2.8192626211639995,-0.0174747683130001,-0.0005824922771,-0.03494953662599991,-2.345696399881701,-0.004659938216799901,0.0,-0.0081548918794,0.0,0.0,0.0,-0.027377137023699996,0.0,-0.0477643667222
-0.0157272914817001,0.0011649845542,-0.0017474768312999997,-0.7281153463749988,1.5482644725317998,0.02038722969849993,0.020387229698499987,0.26270401697210005,-0.16834026808189995,0.2609565401408016,-0.0034949536625999995,-0.013979814650399547,-0.0011649845542,0.08679134928790011,0.7391826996399,0.0,0.0,0.0,0.0,2.7493635479119973,-0.0005824922771,0.0046599382167999,0.0005824922771,0.006989907325200662,0.0,-0.0005824922771,0.0005824922771,-0.7618998984467993,0.0856263647337,-0.016892276035900003,0.0,1.1678970155855,-0.025629660192399997,-0.1287307932391,-0.0017474768312999,-0.3681351191272,-0.0040774459397001,-0.3937647793195999,-0.0326195675176,-0.0366970134572997,-0.0803839342398,0.0,-0.004659938216799997,0.0,0.0,0.0,-0.0174747683130001,0.0,0.0,0.0,0.0,0.0,-0.9937318247325999,0.0,-0.020387229698499904,-0.0139798146503999,0.0,0.9308226588057998,-0.0372795057344,0.0,-0.0943637488902,-0.011649845542,0.0,-0.0553367663245,0.0,0.0,0.0,0.0,-0.0267946447465999,0.0,0.0,0.0,-0.0698990732519999,-0.0005824922771,0.0,0.0,-0.0961112257215,0.0,0.0,0.0,0.0,0.0,0.0,0.0,-0.033202059794700096
0.0093198764336,0.0203872296984999,0.2248420189606,1.5482644725317998,1.2774055636803001,0.8207316184339,4.0145367737732,0.1188284245283999,1.3542945442574998,4.444416074273,0.018057260590100002,3.7698900173912,0.046599382168,0.0850438724565999,1.2983752856558999,0.4205594240661999,0.0081548918794,0.0005824922771,0.0005824922771,0.8218966029881,0.7665598366636,0.3500778585371,1.39798146504,4.5230525316815,0.0,0.0256296601923999,0.1852325441178,6.2361623186326,0.1962998973826999,0.1258183318536,0.0,1.2610957799215,0.0052424304938999,0.2306669417316001,0.2207645730208999,2.1971608692211997,0.1730002062986999,0.0623266736497,0.17882512906970008,3.9877421290266,0.2574615864782,0.0029124613855,0.7642298675552,0.0180572605901,0.0005824922771,0.0005824922771,0.7246203927124,0.0017474768312999,0.0029124613855,0.0401919671198999,0.0005824922771,0.0,0.1042661176008999,0.0011649845542,0.0710640578062,0.1566904225398999,0.0011649845542,1.141684863116,0.1293132855162,0.0,0.0460168898909,0.0570842431558,0.0,0.0163097837588,0.1025186407695999,0.0,0.0,0.0,0.0972762102756999,0.0029124613855,0.0500943358305999,0.0052424304938999,2.9276061847045995,0.0064074150480999,0.0,0.0064074150480999,0.4205594240661999,0.0005824922771,0.0110673532649,0.0,0.0,0.0005824922771,0.0011649845542,0.0844613801794999,0.2341618953942
-0.0069899073252,-0.0005824922771,-0.029124613854999995,0.02038722969849993,0.8207316184339,1.6938875418067951,-0.8020918655667,-0.11300350175740004,-0.1462055615520999,4.839928330423902,-0.034949536626,0.9028630295050011,-0.0215522142527,-0.03669701345730009,1.2552708571505,0.0,0.0,-0.0011649845542,0.0,-0.12232337819099992,0.0,0.0,-0.005824922771,0.0891213183963,0.0,-0.0029124613855,0.0,-0.6337515974848003,-0.24930669459879998,-0.005824922771,0.0,0.0634916582039001,-0.0069899073251999,-0.0926162720589,0.05125932038479997,-0.2463942332133001,-0.0069899073251999,-0.279596293008,-0.2027073124308,-0.9797520100821999,-0.1147509785887,-0.0040774459397,0.0011649845541999992,-0.0005824922771,-0.0017474768312999,-0.0005824922771000998,-0.04485190533669991,0.0005824922771,-0.0005824922771,0.0,0.0,0.0,-0.0174747683130001,-0.0011649845542,-0.009319876433600098,-0.0040774459397,0.0,0.1898924823346,-0.0052424304939,0.0,-0.0500943358306,-0.0244646756381999,0.0,-0.020387229698500098,0.0,0.0,0.0,0.0,-0.017474768313,0.0,0.0,0.0,-0.0798014419627,0.0,0.0,0.0,-0.0099023687107001,0.0,0.0,0.0,0.0,0.0,0.0,0.1526129766002,0.023882183361100096
0.049511843553500245,0.017474768313000003,2.747616071080701,0.020387229698499987,4.0145367737732,-0.8020918655667,-1.5616617949051061,-0.6168593214489002,0.04892935127639997,-0.1910574668888012,-0.058831719987100094,0.15960288392540006,-0.0238821833610999,1.6804902194335014,0.1421281156124,0.0005824922770999996,-0.2003773433224001,0.0017474768313001003,-0.2050372815391999,0.01630978375879999,0.2661989706347001,-0.0198047374214,2.5763633416132996,1.2756580868490004,-0.0005824922771,0.46133388346320015,0.7240379004353001,4.9069149422903955,0.26095654014079983,-3.2246772460255997,0.0,4.5073252401998,-0.168922760359,0.16018537620249984,-0.040774459397,-2.6066529400225003,-0.1887274977804001,-2.0899822902347998,-0.49162348187240007,0.22251204985219997,-0.42696683911429995,-0.0005824922771,-0.0407744593969999,-0.0005824922771,-0.0011649845542,-0.0005824922771,-0.016892276035900003,0.0,-0.0017474768312999,0.0011649845542,0.0069899073251999,0.0,0.031454582963399896,0.0,-0.0023299691084001,0.0530067972161001,0.0005824922771,0.2755188470683,0.0553367663245,0.0,-0.0023299691084,-0.0460168898909,0.0,-0.0081548918794,0.0,0.0,0.0,0.0,0.011649845542,0.0011649845542,0.0029124613855000987,0.0,-0.04135695167410003,-0.0017474768312999997,0.0,0.0,0.051259320384799995,0.0,-0.0093198764336001,0.0,0.0,0.0,0.0,-0.0040774459397,-0.24348177182779998
0.004659938216800098,0.0005824922771,0.012232337819100048,0.26270401697210005,0.1188284245283999,-0.11300350175740004,-0.6168593214489002,13.4025648037939,0.1217408859139,1.9967835258988025,-0.0250471679152999,0.7298628232063,-0.0186397528671999,3.4617516028052995,0.1124210094803001,0.0,-0.012814830096200103,-0.0011649845542,0.0034949536626,0.0669866118664999,-0.0034949536625999006,-0.0046599382168,0.0477643667222,0.2714414011286,0.0,-0.043686920782499916,0.0163097837588,0.19979485104530004,-0.0926162720588999,-0.008737384156499897,-0.0005824922771,0.145623069275,-0.005824922771,-0.013397322373299894,-0.0029124613855,-0.20445478926209992,-0.0221347065297999,-0.22891946490030007,-0.1281483009620001,-0.2056197738163,-0.0477643667221999,-0.0011649845542,0.034949536626000095,0.0,-0.0005824922771,0.0,0.05125932038480001,0.0,-0.0005824922771,0.0,0.0,0.0,-0.0011649845542000994,0.0,0.0005824922771,0.0011649845541999,0.0,0.2388218336110001,0.0,0.0,-0.0017474768312999997,-0.0168922760359001,0.0,-0.0011649845542,0.0,0.0,0.0,0.0,0.0005824922771,0.0,-0.0011649845542,0.0,0.008154891879400002,0.0005824922771,0.0,0.0,0.0,0.0,0.0,0.0,0.0,0.0,0.0,0.0,-0.0157272914817
-0.029707106132099998,0.8824757998064998,-0.0128148300962,-0.16834026808189995,1.3542945442574998,-0.1462055615520999,0.04892935127639997,0.1217408859139,-1.0473211142258005,-0.06582162731230001,-0.0087373841564999,-0.5510376941366,0.0722290423603999,-0.05533676632449999,-0.17766014451549972,0.0040774459397001,-0.006989907325199999,0.0,-0.0017474768313000002,-0.11416848631160001,-0.0180572605901,0.3786199801149994,-0.0052424304939,-0.6331691052077009,-0.10834356354060004,-0.0262121524695,-1.1539172009351,-1.1620720928145,-0.04426941305959997,-0.10543110215510001,-0.0011649845542,0.9692671490944,-0.05766673543289989,-0.1106735326490001,-0.0139798146504,-0.506768281077,0.001164984554199902,-0.40774459396999996,-0.08154891879399989,-0.08096642651689978,-0.07688898057720009,0.006989907325200001,-0.2941585999355,-0.0069899073252000996,-0.0646566427580999,-0.0186397528672,-0.139798146504,0.0029124613855000987,-0.0023299691083999005,0.0221347065298,0.0034949536626,0.0011649845541999,-0.1823200827322999,-0.0023299691084,-0.11416848631160001,-0.1665927912506,0.0052424304938998995,-0.31629330646529996,-0.31687579874240007,0.0,-0.059996704541299996,-0.0238821833611,0.0,-0.010484860987800099,-0.0023299691084,0.0,0.0,0.0,-0.15610793026279998,-0.0093198764335999,-0.025629660192400094,-0.0005824922771,-1.0846006199602,0.0023299691084000995,0.0,-0.0046599382168,-0.46133388346320015,-0.0017474768312999989,-0.03145458296340009,0.0,-0.0011649845542,0.0005824922771000001,-0.004077445939699997,-0.0005824922770999001,-0.093198764336
-0.08038393423979999,0.0005824922771,-0.001747476831300096,0.2609565401408016,4.444416074273,4.839928330423902,-0.1910574668888012,1.9967835258988025,-0.06582162731230001,-9.216775300553309,-0.041356951674099904,3.2031250317729008,-0.0093198764336001,1.0013042243348997,2.3998681816519998,-0.0005824922771,0.0,0.0,0.0,-1.2471159652710995,-0.0017474768313000002,0.0046599382168,0.009319876433600098,0.35939773497069993,0.0,-0.013397322373299998,0.0215522142527,1.0490685910571003,-1.2255637510184,-0.0087373841564999,0.0,4.5545071146449,-0.0640741504810001,-0.6710311032192,-1.5872914550975001,-0.9978092706723001,-0.0069899073252000996,-1.5762241018325998,-0.2335794031170999,-0.34425293576610005,-0.3727950573440001,-0.0029124613855,0.008737384156499994,0.0,0.0,-0.0011649845542,-0.036114521180200004,0.0,0.0,0.0,0.0,0.0,0.0163097837587999,0.0,-0.0005824922771000001,0.0244646756382001,0.0,0.8853882611920001,0.0471818744451,0.0,-0.0454343976138,-0.0087373841565,0.0,-0.022134706529799902,0.0,0.0,0.0,0.0,0.0110673532649,0.0,0.0,0.0,0.011067353264899937,0.0,0.0,0.0,0.05824922770999991,0.0,0.0,0.0,0.0,0.0,0.0,-0.2411518027194001,-0.09902368710699999
-0.011649845542,0.012814830096199895,-0.05591925860159991,-0.0034949536625999995,0.018057260590100002,-0.034949536626,-0.058831719987100094,-0.0250471679152999,-0.0087373841564999,-0.041356951674099904,11.708677261987106,-0.025629660192399997,-0.21552214252699997,-0.050676828107699905,-0.0023299691084,0.0011649845542000999,0.03320205979469992,-0.8702434619873998,-0.11882842452840003,-0.0151447992045999,-0.08096642651689999,0.0,-0.2487242023216999,0.0151447992046,0.27726632389959993,1.4323485093888992,-0.07339402691459984,0.0029124613855000953,-1.6402982523135998,-0.0629091659268,0.5539501555221,0.0827139033482001,-0.0238821833610999,-1.013536562154,0.0728115346374999,0.25047167915300017,1.9163995916589993,-1.6740828043853995,0.20270731243079998,-0.013979814650399908,-0.6570512885688001,0.1630978375879999,0.12290587046810009,0.2236770344064,0.0034949536626000116,0.0005824922771001002,-0.0011649845542000001,0.0046599382167999,0.0553367663245,0.0011649845542,0.0780539651314,-0.0040774459397,0.0,0.0,0.0,0.0034949536625999,0.0005824922771,0.004659938216800099,0.0017474768312999,0.1427106078895001,0.0,0.4339567464395,0.0,-0.0005824922771,0.0087373841565,-0.0058249227710000994,0.0133973223733,0.0005824922770999003,0.0,0.0198047374213999,-0.0005824922770999996,0.0017474768312999,0.0215522142526999,0.14154562333530002,-0.009902368710699994,0.03494953662600003,0.0192222451442999,0.0157272914817,0.0110673532649,0.01630978375879999,0.0040774459397001,0.0017474768312999,0.07397651919170001,0.0920337797817999,0.09028630295049991
-0.0133973223732999,-0.0023299691084,0.0005824922771,-0.013979814650399547,3.7698900173912,0.9028630295050011,0.15960288392540006,0.7298628232063,-0.5510376941366,3.2031250317729008,-0.025629660192399997,4.603436465921305,-0.0093198764335999,-0.2912461385500001,2.1709487167517,0.0,0.0,0.0,-0.0005824922771,1.0700383130327005,0.0,-0.0011649845541999,0.0,0.3296906288385999,0.0,0.0,-0.0023299691084,0.46016889890900003,-0.5347279103778,0.0023299691084,0.0,0.908687952276,-0.0034949536625999,-0.1881450055033,-1.4946751830385998,-0.4333742541624001,-0.004659938216799901,-0.5236605571128999,-0.180572605901,-0.7776271899285001,-0.1427106078895,-0.0011649845542,0.009902368710699994,-0.0011649845542,0.0,0.0023299691083999005,-0.06640411958940001,0.0005824922771,-0.0005824922771,0.0,0.0,0.0,-0.07281153463750001,-0.004659938216799901,-0.03145458296340001,0.0104848609877999,0.0005824922771000001,0.1898924823345999,0.0425219362283,0.0,-0.21377466569569992,-0.0267946447465999,0.0,-0.0594142122642,0.0,0.0,0.0,0.0,-0.051259320384799995,0.0,-0.0005824922771,0.0,-0.081548918794,-0.0011649845542,0.0,0.0,-0.014562306927499893,0.0,0.0,0.0,0.0,0.0,0.0,0.0751415037459,0.1234883627451999
0.0,0.1432931001666,-0.0011649845541999,-0.0011649845542,0.046599382168,-0.0215522142527,-0.0238821833610999,-0.0186397528671999,0.0722290423603999,-0.0093198764336001,-0.21552214252699997,-0.0093198764335999,-3.9096881638952006,-0.0023299691084,-0.0011649845541999,0.0034949536626,-0.0017474768313,-0.052424304938999904,-0.005242430493900099,-0.0064074150481001,0.0151447992045999,0.009319876433599904,0.0163097837588001,0.020969721975600097,-0.30289598409200025,-0.7391826996399,-2.1295917650775995,-0.002912461385499998,-0.0646566427581001,-0.0005824922771000998,-1.1055703419358,0.0518418126619,0.0005824922771,0.04019196711990003,0.0693165809749,0.4007546866448001,0.5591925860160001,-0.8993680758424002,-0.11649845542000001,-0.059996704541299996,-0.3401754898263999,1.1708094769709998,0.40191967119899996,0.44851905336700004,-0.061744181372600015,0.004659938216800098,0.050094335830599995,-0.016892276035899996,-0.059996704541299906,0.0023299691084,0.11533347086579993,0.0069899073251999,0.0011649845542,-0.0011649845542,0.012232337819099999,0.0576667354329001,0.0029124613854999005,0.0052424304939001,0.0104848609877999,-0.13630319284140024,0.0005824922771,0.8947081376256012,0.0,-0.0005824922771,0.0629091659268,-0.0034949536625999995,0.010484860987800097,-0.0011649845542000999,0.0,0.3279431520072999,-0.0477643667222,0.0599967045412999,0.2673639551889001,0.5038558196915,0.11300350175740004,0.44735406881280015,0.34075798210349995,0.11649845542000009,0.1893099900574999,0.3401754898263998,0.0017474768313000995,0.0168922760359,0.2487242023217,0.055919258601600096,0.1933874359972001
0.39026982565699964,0.015144799204599999,1.1655670464771002,0.08679134928790011,0.0850438724565999,-0.03669701345730009,1.6804902194335014,3.4617516028052995,-0.05533676632449999,1.0013042243348997,-0.050676828107699905,-0.2912461385500001,-0.0023299691084,11.692949970505397,0.009319876433600102,-0.0023299691083999005,-0.004077445939700108,-0.0110673532649,-0.02970710613210001,-0.12931328551619997,-0.013397322373300102,0.0005824922770999007,0.2988185381523,0.10310113304669999,0.0,0.6395765202557998,0.0966937179986,0.42288939317459984,-0.6593812576771998,-0.25047167915299995,-0.0017474768312999,0.2073672506475999,-0.037861998011499996,0.1782426367926,-0.0011649845542,-0.46715880623420003,-0.0320370752404999,-0.3419229666577,-0.13397322373300008,-0.015727291481700004,-0.0244646756381999,-0.0011649845542,0.0052424304938998995,0.0,0.0,0.0,0.0081548918793999,0.0,-0.0005824922771,0.0,0.0023299691084,0.0,0.0,0.0,0.0,0.0,0.0,0.0320370752405001,0.0,0.0,0.0,-0.0029124613855,0.0,0.0,0.0,0.0,0.0,0.0,0.0,0.0,0.0017474768313000002,0.0,0.008154891879399901,0.0,0.0,0.0,0.0,0.0,0.0,0.0,0.0,0.0,0.0,0.0,-0.0163097837588
0.0005824922771,-0.0110673532648999,0.0005824922771,0.7391826996399,1.2983752856558999,1.2552708571505,0.1421281156124,0.1124210094803001,-0.17766014451549972,2.3998681816519998,-0.0023299691084,2.1709487167517,-0.0011649845541999,0.009319876433600102,0.18173759045519944,0.0,0.0,0.0,0.0,0.320370752405,-0.0005824922771,-0.0168922760359,0.0005824922771,0.25513161736979995,-0.0023299691084,0.0,-0.0081548918794,0.5661824933411999,-0.0029124613855000987,-0.0011649845541999,0.0,0.0425219362282999,0.0,-0.0034949536626,-0.08096642651689999,-0.036114521180200004,0.0005824922771,-0.0256296601923999,-0.0203872296984999,0.7304453154833995,-0.0099023687106999,0.0,0.0926162720589,0.0005824922771,0.0,0.0005824922771,0.058249227710000094,0.0,-0.0005824922771,0.0,0.0,0.0,0.027377137023699996,0.0023299691084001,0.019222245144299998,-0.0017474768313000002,0.0005824922771,0.0885388261192,0.0157272914816999,0.0,0.006989907325199898,-0.0046599382168,0.0,-0.006407415048099999,0.0,0.0,0.0,0.0,0.027377137023700003,0.0,-0.0005824922771,0.0,0.0005824922770999025,0.0,0.0,0.0,-0.002912461385499901,0.0,0.0,0.0,0.0,0.0,0.0,-0.0069899073252000996,-0.0075723996023
-0.0011649845542,-0.1893099900575,-0.11533347086579993,0.0,0.4205594240661999,0.0,0.0005824922770999996,0.0,0.0040774459397001,-0.0005824922771,0.0011649845542000999,0.0,0.0034949536626,-0.0023299691083999005,0.0,1.9041672538398977,-0.0862088570107999,0.0,-0.0192222451443,0.0,1.6915575726983993,-2.7621783780081994,-1.1614896005374007,0.6885058715321999,-0.0040774459397,-0.0599967045413,0.4252193622830003,1.2506109189337,0.0052424304939,0.005242430493899913,-0.0005824922771,0.1025186407695999,-0.0052424304939,0.44152914604180005,0.0029124613854999,3.7972671544149006,3.3790376994571,0.5277380030526002,0.7141355317246,0.6605462422314,0.0745590114687999,-0.0005824922771,-0.7706372826032999,-0.5551151400763,-0.0227171988069,-0.1141684863115999,-0.013397322373300099,0.0,0.0,0.0,-0.006989907325199999,-0.0040774459397001,0.0,0.0,0.0005824922771,0.0005824922771,0.0,-0.0099023687106999,0.0,0.0,0.0,0.0029124613855,0.0,0.0,-2.1470665333906003,-0.005824922771,0.0,0.0,0.0,-0.7519975297361,-0.4991958814747,-0.9640247186004999,-0.7164655008330002,-0.0005824922771,0.0,-0.14678805382920002,-0.1357207005643,0.0,-0.2044547892620999,0.0,0.0,0.0,0.010484860987799998,0.0,0.069899073252
-0.0535892894932,0.1584378993712,1.4038063878110005,0.0,0.0081548918794,0.0,-0.2003773433224001,-0.012814830096200103,-0.006989907325199999,0.0,0.03320205979469992,0.0,-0.0017474768313,-0.004077445939700108,0.0,-0.0862088570107999,6.179660567753899,0.17358269857580005,-1.2476984575482,0.0,-0.3541553044767999,-0.12873079323910008,3.4233071125166994,-0.10310113304669989,0.0011649845541999992,3.0633268852689,5.985690639479601,-0.1467880538291999,0.0850438724565999,-0.37629001100659987,0.05824922770999999,0.0151447992046,-0.0052424304939,0.3436704434889992,-0.0139798146503999,-1.6467056673617,-1.9664939274895998,-0.27144140112859994,-0.23299691084,-0.0122323378190999,0.0011649845542000994,0.0005824922771,-0.0273771370236999,-0.0879563338421,0.0658216273123,0.0017474768312999989,-0.0005824922771,0.0,0.0,0.0,0.08271390334819992,0.0017474768312999989,0.0,0.0,0.0,0.0,0.0,0.0,0.0,0.0,0.0,0.0005824922771,0.0,0.0,-0.0337845520717999,0.09494624116730001,0.0005824922771,0.0046599382168,0.0,-0.0023299691084,-0.0069899073251999955,-0.2650339860804999,-0.0029124613855,0.0017474768313,0.1514479920460001,0.4059971171387,0.0,0.0,-0.0005824922771,0.0005824922771,0.0,0.0,0.0186397528672001,0.0,-0.1159159631429001
-0.0034949536626,-0.023299691084000002,-0.04601688989089999,0.0,0.0005824922771,-0.0011649845542,0.0017474768313001003,-0.0011649845542,0.0,0.0,-0.8702434619873998,0.0,-0.052424304938999904,-0.0110673532649,0.0,0.0,0.17358269857580005,3.3242834254097007,1.3717693125704997,0.0,-0.059996704541299996,-0.0209697219756,-0.1531954688772999,0.0,-0.0116498455420001,-3.0714817771483,-0.20794974292470003,-0.0034949536626000003,-0.1928049437200999,-0.0110673532648999,-0.06815159642070001,0.0029124613855000996,-0.0040774459397,-0.13746817739560013,-0.0104848609878,-0.8667485083248001,-0.3436704434890001,-1.5220523200623002,-0.3162933064653001,-0.0069899073252,-0.0425219362283001,-0.0075723996023,0.0046599382168,0.0064074150481001,0.0,0.0034949536625999995,0.0,0.0,0.0023299691084,0.0,0.005824922771,-0.0064074150480999004,0.0,0.0,0.0,0.0,0.0,0.0,0.0,0.0168922760359001,0.0,0.05533676632449999,0.0,0.0,0.0,-0.006407415048099999,0.0075723996022999,-0.0029124613855,0.0,0.0,0.0005824922771,0.0,0.0,0.025629660192400098,0.061744181372600085,0.0460168898908999,0.0,0.0,0.0,0.10543110215509999,0.0,0.0,0.0,0.0,-0.046599382168000095
-0.051259320384799904,-0.021552214252699986,-0.3605627195249,0.0,0.0005824922771,0.0,-0.2050372815391999,0.0034949536626,-0.0017474768313000002,0.0,-0.11882842452840003,-0.0005824922771,-0.005242430493900099,-0.02970710613210001,0.0,-0.0192222451443,-1.2476984575482,1.3717693125704997,0.7106405780619998,0.0,-0.34716539715159994,-0.0215522142526999,-0.4141520090180999,-0.011067353264899901,0.004077445939700099,4.147345012952,0.33959299754929995,-0.0914512875047001,-0.0489293512764,-0.2632865092492001,0.05009433583060001,0.0093198764335999,-0.013397322373299901,0.7228729158811,-0.0133973223733,-1.2040115367656998,-0.9925668401784,-0.6943307943032001,-0.2551316173698,-0.0069899073251999,-0.006989907325199999,-0.0017474768312999997,-0.004659938216800101,-0.07747147285429999,0.0023299691083999985,-0.0052424304938998995,0.0005824922771,0.0005824922771,0.0,0.0,0.013397322373299998,-0.1159159631429,0.0,0.0,0.0,0.0,0.0,0.0,0.0,-0.0029124613854999,0.0,0.0046599382168,0.0,0.0,0.0,-0.009319876433599994,0.0011649845541999,0.0046599382168000004,0.0,0.0,-0.0093198764335999,-0.0040774459396999,0.0,0.0034949536625998997,0.013397322373299991,-0.005824922770999996,0.0,0.0,0.0,0.0011649845542000001,0.0,0.0,0.0104848609878,0.0005824922771,-0.0477643667222
-0.0034949536625999,0.0,-0.0005824922771,2.7493635479119973,0.8218966029881,-0.12232337819099992,0.01630978375879999,0.0669866118664999,-0.11416848631160001,-1.2471159652710995,-0.0151447992045999,1.0700383130327005,-0.0064074150481001,-0.12931328551619997,0.320370752405,0.0,0.0,0.0,0.0,1.2179913514161012,0.0,0.0017474768312999997,0.0,0.6960782711345,0.0,0.0,0.0,1.1737219383564996,-0.23998681816519998,-0.0017474768312999,0.0,0.4619163757403,-0.0034949536625999,-0.0908687952276,-0.0029124613855,-0.1665927912506,0.0017474768312999,-0.2597915555866,-0.0518418126618999,-0.26445149380339994,-0.0704815655291,0.0,-0.023882183361100096,0.0005824922771,0.0,0.0,-0.007572399602299912,0.0,0.0,0.0005824922771,0.0,0.0,-0.5947246149191001,0.0005824922771,-0.004659938216800101,0.0221347065297999,-0.0005824922771,0.24988918687589992,0.15785540709409998,0.0,-0.0518418126619,-0.0139798146503999,0.0,-0.0448519053366999,0.0,0.0,0.0,0.0,0.061161689095499905,0.0,0.0,0.0,-0.026794644746600094,-0.0005824922771,0.0,0.0,0.03203707524050009,0.0,0.0,0.0,0.0,0.0,0.0,0.0,-0.0075723996022999
-0.0378619980115,0.0291246138550001,1.2284762124039,-0.0005824922771,0.7665598366636,0.0,0.2661989706347001,-0.0034949536625999006,-0.0180572605901,-0.0017474768313000002,-0.08096642651689999,0.0,0.0151447992045999,-0.013397322373300102,-0.0005824922771,1.6915575726983993,-0.3541553044767999,-0.059996704541299996,-0.34716539715159994,0.0,5.356016487934497,0.015727291481699934,10.923477672456293,0.0972762102757001,-0.0005824922771,-0.0745590114687999,0.33143810566990006,1.0706208053098,0.3937647793196001,4.318015250142301,-0.0005824922771,0.500943358306,-0.1555254379857001,1.4410858935454005,-0.046599382168,-4.979726476927898,-0.44618908425860004,-0.35299031992259966,-0.8166541724941999,1.0781932049121,0.1607678684795999,0.0005824922771000998,-0.6733610723276,-0.1893099900574999,0.0,-0.0040774459397,-0.0011649845541999,0.0,0.0005824922771,0.0,0.0046599382168,-0.0005824922771,0.0,0.0,0.0,0.0,0.0,-0.0337845520718,0.0,0.0,0.0,-0.0087373841565001,0.0,0.0005824922771,-0.22018208074380008,0.0,0.0,0.0,0.0,-0.27843130845379993,-0.20445478926209998,-0.055336766324500096,-0.7991794041811999,-0.0005824922771,0.0,-0.0145623069275,-0.3250306906218,-0.0017474768312999997,-0.3844449028859999,0.0,0.0,-0.0005824922771,-0.0029124613855,-0.0005824922771,-0.2230945421292999
-0.0005824922771000001,-0.027377137023699927,-0.38910484110279997,0.0046599382167999,0.3500778585371,0.0,-0.0198047374214,-0.0046599382168,0.3786199801149994,0.0046599382168,0.0,-0.0011649845541999,0.009319876433599904,0.0005824922770999007,-0.0168922760359,-2.7621783780081994,-0.12873079323910008,-0.0209697219756,-0.0215522142526999,0.0017474768312999997,0.015727291481699934,-2.2058982533777005,-0.9616947494921,0.9762570564195991,-0.22309454212930008,-0.022717198806899902,-3.0138150417153993,-0.1898924823346,0.0460168898909001,0.1491180229376,0.0,0.1345557160101,-0.0104848609877999,0.44152914604179994,-0.0238821833611001,1.712527294674,1.0781932049121001,0.5755023697748001,0.6745260568818001,0.565017508787,0.0949462411673,0.006407415048100099,-0.1019361484925001,-0.1893099900574999,0.00931987643359991,-0.06698661186649998,0.009319876433600098,0.0069899073252000996,-0.0005824922770999001,0.0017474768312999997,0.09086879522759991,0.014562306927500095,0.0017474768312999,0.0,-0.0005824922771000998,0.0029124613855000016,0.0017474768312999,0.10659608670929992,0.0,0.0064074150481,-0.0011649845542,0.010484860987800099,0.0023299691083999005,0.0040774459397,-0.21493965024989992,0.0023299691084000054,-0.0005824922771,-0.0023299691084,0.0,-0.24289927955070006,0.059996704541299906,-0.6797684873756998,0.0029124613855000536,0.0029124613854999,0.004659938216800099,0.17533017540709994,-0.04659938216799997,0.005824922770999899,-0.093198764336,0.0,0.0,0.0011649845542000001,0.015727291481700004,0.0,-0.1537779611543999
-0.0192222451443,0.093198764336,2.066682599150795,0.0005824922771,1.39798146504,-0.005824922771,2.5763633416132996,0.0477643667222,-0.0052424304939,0.009319876433600098,-0.2487242023216999,0.0,0.0163097837588001,0.2988185381523,0.0005824922771,-1.1614896005374007,3.4233071125166994,-0.1531954688772999,-0.4141520090180999,0.0,10.923477672456293,-0.9616947494921,11.852552854430797,0.14445808472080002,0.0,-0.08620885701079972,3.435539450335799,1.205176521319899,0.44560659198150004,1.2744931022948007,0.0005824922771000998,0.6022970145213999,-0.0267946447465999,2.6817944437684,-0.0768889805771999,-4.228311439468898,-1.3758467585101992,2.0614401686568993,0.7001557170741997,2.2507501587144,0.2720238934057,0.0,-1.0979979423335,-0.8923781685172001,-0.06640411958940001,-0.1217408859139,-0.006407415048099999,0.0,0.0,0.0,0.0436869207825,0.0,0.0,0.0,0.0,-0.0005824922771,0.0,-0.0069899073251999,0.0,0.0,0.0,0.0128148300962001,0.0,0.0,-2.7819831154296,0.0,0.0,0.0,0.0,-0.7496675606277001,-0.3896873333798999,-2.2845347107862,-0.4141520090181,0.0005824922771,0.0005824922771000998,-0.24930669459879995,-0.0629091659268001,0.0,-0.262121524695,0.0,0.0,0.0005824922771,0.0005824922771000998,-0.0017474768312999997,-0.39259979476539997
-0.013979814650400102,0.6360815665932,-0.02912461385499998,0.006989907325200662,4.5230525316815,0.0891213183963,1.2756580868490004,0.2714414011286,-0.6331691052077009,0.35939773497069993,0.0151447992046,0.3296906288385999,0.020969721975600097,0.10310113304669999,0.25513161736979995,0.6885058715321999,-0.10310113304669989,0.0,-0.011067353264899901,0.6960782711345,0.0972762102757001,0.9762570564195991,0.14445808472080002,3.982499698532699,0.05475427404740002,-0.07688898057719991,-0.04193944395120042,1.393904019100301,1.8342681805879002,0.31571081418820013,0.0,3.8875534573654,-0.13455571601010002,0.26794644746600005,-0.027959629300799902,0.6768560259901997,0.42638434683720006,-0.8486912477347,-0.019804737421399987,1.4439983549309001,-0.06407415048100001,0.0029124613855000996,-0.18581503639490005,-0.0669866118664999,0.03378455207179991,-0.008154891879400099,0.2021248201537001,0.0,-0.0011649845542000999,0.0821314110710999,0.0046599382168000004,-0.0005824922771,-0.022717198806900096,0.0,-0.10368362532379989,0.008154891879399995,0.0238821833611,0.5632700319557,-0.07397651919170001,0.0,-0.029707106132099904,-0.0366970134572999,0.0023299691083999005,-0.0052424304939001,-0.12640082413069992,0.0,0.0,0.0,-0.08504387245660008,-0.14620556155210002,-0.0757239960229999,-0.0133973223732999,-0.3273606597302008,0.0034949536626,0.0,0.003494953662600001,-0.020969721975599764,0.023299691084,-0.1619328530338,0.0,0.0,0.0005824922771000998,0.0326195675176,-0.0005824922771,-0.0943637488902
-0.0005824922771,-0.39551225615090013,0.0,0.0,0.0,0.0,-0.0005824922771,0.0,-0.10834356354060004,0.0,0.27726632389959993,0.0,-0.30289598409200025,0.0,-0.0023299691084,-0.0040774459397,0.0011649845541999992,-0.0116498455420001,0.004077445939700099,0.0,-0.0005824922771,-0.22309454212930008,0.0,0.05475427404740002,-0.6681186418336997,-0.0687340886978001,1.1772168920191,-0.0011649845541999004,-0.0023299691084,-0.0005824922771,0.008154891879399995,0.0005824922771,0.0,0.0186397528672,0.0005824922771,0.01922224514430009,0.0774714728543,0.016309783758799906,0.0279596293008,-0.0011649845541999992,-0.0017474768312999997,0.2073672506475999,-0.045434397613800095,0.019222245144299988,-0.05766673543289991,0.011649845542000103,0.0005824922771000998,-0.0034949536625999995,-0.04892935127639991,0.0,0.021552214252700097,-0.005824922771,0.0,0.0,0.0,0.0,0.0,0.0198047374214,0.0,-0.017474768312999933,0.0,0.1357207005643002,0.0005824922771,0.0,-0.0011649845542,-0.0064074150481001,0.0,-0.0116498455419999,0.0,-0.0017474768312999,-0.0034949536626000983,0.0005824922771000001,0.0,0.32095324468210007,-0.02388218336109993,-0.1537779611543999,0.0,0.008737384156500001,0.0,0.007572399602299995,-0.0005824922770999007,-0.0011649845542,0.01514479920459999,-0.0011649845542,0.0017474768312999
-0.021552214252699903,0.03786199801150003,0.08038393423979784,-0.0005824922771,0.0256296601923999,-0.0029124613855,0.46133388346320015,-0.043686920782499916,-0.0262121524695,-0.013397322373299998,1.4323485093888992,0.0,-0.7391826996399,0.6395765202557998,0.0,-0.0599967045413,3.0633268852689,-3.0714817771483,4.147345012952,0.0,-0.0745590114687999,-0.022717198806899902,-0.08620885701079972,-0.07688898057719991,-0.0687340886978001,-4.469463242188297,4.259183530155198,-0.0681515964207001,-0.05358928949319991,0.35182533536840005,-1.1772168920191,0.13222574690170008,-0.0029124613854999994,4.1782171036383,-0.046599382168000095,-3.1093437751597994,-4.796823901918499,0.4234718854516988,1.1748869229107002,0.0425219362283001,-0.028542121577900002,-0.0955287334443999,-0.09902368710700005,-1.3985639573171,-0.22018208074380008,-0.2079497429247001,0.0011649845541999992,0.0192222451443,-0.0110673532649,0.0,0.048929351276400024,-0.48405108227009985,0.0,0.0,0.0,0.0,0.0,-0.0017474768312999997,0.0,-0.128148300962,0.0,-0.5504552018595,0.0,0.0,-0.0040774459396999,-0.3157108141881999,-0.0069899073251999955,-0.1858150363948999,0.0,-0.0005824922771,0.008737384156500098,-0.033784552071799895,0.0005824922771,-0.11183851720319998,-1.9373693136345995,-2.745286101972301,0.0,0.0005824922771,-0.0005824922771,-0.23532687994839996,0.0,0.0,-0.03786199801149992,-0.0040774459396999,-0.13047827007039992
0.0017474768312999997,-4.581301759391501,-1.215661382307701,0.0005824922771,0.1852325441178,0.0,0.7240379004353001,0.0163097837588,-1.1539172009351,0.0215522142527,-0.07339402691459984,-0.0023299691084,-2.1295917650775995,0.0966937179986,-0.0081548918794,0.4252193622830003,5.985690639479601,-0.20794974292470003,0.33959299754929995,0.0,0.33143810566990006,-3.0138150417153993,3.435539450335799,-0.04193944395120042,1.1772168920191,4.259183530155198,-9.3891930145749,0.8597586009995997,0.0040774459396999,0.3716300727897999,1.2581833185360003,0.1421281156124,0.0046599382168,4.6442109253182995,-0.0390269825657,4.786339040930699,2.9246937233190993,7.3120255544363,5.775993419723599,0.7712197748803999,0.3075559223088,-0.0914512875046999,-0.7525800220131997,-1.538362103821099,-0.5597750782931001,-0.6791859950985998,-0.0064074150481001,0.033202059794699895,-0.059414212264199996,0.0,-0.5789973234373998,-1.4830253374965991,0.0,0.0,0.0,0.0011649845542,0.0,0.006989907325199999,0.0,-0.1718352217445,0.0,-0.48579855910140024,0.0,0.0,-1.3740992816789002,-0.8615060778309003,0.13979814650400002,-0.18406755956360002,0.0,-0.1590203916483,-0.40774459397000007,-2.8087777601762003,-0.0990236871069999,0.4648288371257998,-0.9710146259257,-6.988159848368699,0.005824922771,-0.0017474768313,-0.0087373841564999,0.0926162720589001,-0.0017474768312999,0.0005824922771,-0.151447992046,0.0,0.0751415037459
-0.1310607623475,0.007572399602299898,-0.19163995916589993,-0.7618998984467993,6.2361623186326,-0.6337515974848003,4.9069149422903955,0.19979485104530004,-1.1620720928145,1.0490685910571003,0.0029124613855000953,0.46016889890900003,-0.002912461385499998,0.42288939317459984,0.5661824933411999,1.2506109189337,-0.1467880538291999,-0.0034949536626000003,-0.0914512875047001,1.1737219383564996,1.0706208053098,-0.1898924823346,1.205176521319899,1.393904019100301,-0.0011649845541999004,-0.0681515964207001,0.8597586009995997,4.693722768871794,5.745121329037298,2.823922559380799,0.0,7.5036655136022,-0.42521936228300006,2.7936329609715997,-0.0786364574085001,-5.288447383790901,-0.03145458296339998,-2.7365487178157997,-0.5795798157144998,2.3095818787015,-0.17649515996129994,0.0040774459397001,-0.4986133891975999,-0.0774714728543001,-0.0023299691084000995,-0.0011649845542,-0.03145458296340009,0.0,0.0,0.0122323378190999,-0.006407415048099999,-0.0005824922771,-0.07397651919170009,0.0,-0.0023299691084000002,0.006407415048099899,0.0,0.35357281219969994,0.0227171988069,0.0,-0.029707106132099998,-0.1031011330467,0.0,-0.0151447992046,-0.0937812566131,0.0,0.0,0.0,0.011067353264900099,-0.0693165809748999,-0.2126096811415,-0.0081548918794,-2.7196564417799,0.0,0.0,-0.0040774459397001,-0.4537614838609001,-0.0029124613854999,-0.1817375904552,0.0,0.0,-0.0005824922771,0.0017474768312999997,0.0,-0.4461890842586
-2.9712931054870997,0.013979814650400001,0.46424634484870003,0.0856263647337,0.1962998973826999,-0.24930669459879998,0.26095654014079983,-0.0926162720588999,-0.04426941305959997,-1.2255637510184,-1.6402982523135998,-0.5347279103778,-0.0646566427581001,-0.6593812576771998,-0.0029124613855000987,0.0052424304939,0.0850438724565999,-0.1928049437200999,-0.0489293512764,-0.23998681816519998,0.3937647793196001,0.0460168898909001,0.44560659198150004,1.8342681805879002,-0.0023299691084,-0.05358928949319991,0.0040774459396999,5.745121329037298,-4.424028844574501,-0.28192626211640004,-0.0728115346375,0.6273441824367,0.8813108152522995,-0.9110179213844001,-0.011067353264899901,-0.6786035028215001,-0.07572399602300009,-1.3682743589079,-0.1625153453109,-0.0471818744451,-0.425219362283,-0.0168922760359,0.012232337819099902,-0.0029124613855,-0.0017474768312999,-0.0011649845542,0.0198047374213999,-0.0005824922771,-0.0005824922771,0.0,0.0011649845542,0.0,-0.0011649845542,0.0,0.0,0.0011649845542,0.0,0.1951349128284999,0.0,-0.0011649845542,0.0,-0.008737384156500001,0.0,0.0,0.0,0.0,0.0,0.0,0.0,-0.0034949536626,0.006407415048099999,0.0,0.13397322373300008,0.0,-0.0005824922771,0.0,-0.0116498455419999,0.0,-0.0104848609878001,-0.0011649845542,0.0,0.0,0.0,-0.0023299691084,-0.0681515964206999
-1.2774055636803001,0.07980144196269989,0.5125932038479998,-0.016892276035900003,0.1258183318536,-0.005824922771,-3.2246772460255997,-0.008737384156499897,-0.10543110215510001,-0.0087373841564999,-0.0629091659268,0.0023299691084,-0.0005824922771000998,-0.25047167915299995,-0.0011649845541999,0.005242430493899913,-0.37629001100659987,-0.0110673532648999,-0.2632865092492001,-0.0017474768312999,4.318015250142301,0.1491180229376,1.2744931022948007,0.31571081418820013,-0.0005824922771,0.35182533536840005,0.3716300727897999,2.823922559380799,-0.28192626211640004,-3.7512502645239962,0.0,0.2673639551889,-0.5819097848228998,-1.3624494361368997,-0.0273771370236999,-2.3293866161229,-0.3244481983447,-0.8813108152523002,-0.21027971203310009,-0.0588317199871,-0.0553367663244999,0.0,-0.2295019571773999,-0.0198047374213999,-0.0011649845542000994,-0.0023299691083999005,-0.0046599382167999,0.0,0.0005824922771,0.0,0.0145623069275001,0.0005824922771,0.0,0.0,0.0,-0.0011649845541999004,0.0,0.0349495366260001,0.0,0.0,0.0,-0.0046599382167999,0.0,0.0,-0.0064074150481,0.0,0.0,0.0,0.0,-0.027959629300799996,-0.011649845542000006,-0.0034949536625999,-0.28716869261030004,-0.0005824922771,0.0,0.0011649845542,-0.2143571579728,0.0029124613855,-0.145623069275,0.0,0.0,0.0011649845542,0.0011649845542000001,-0.0005824922771,-0.17649515996130008
0.0,0.012232337819099999,0.0064074150481001,0.0,0.0,0.0,0.0,-0.0005824922771,-0.0011649845542,0.0,0.5539501555221,0.0,-1.1055703419358,-0.0017474768312999,0.0,-0.0005824922771,0.05824922770999999,-0.06815159642070001,0.05009433583060001,0.0,-0.0005824922771,0.0,0.0005824922771000998,0.0,0.008154891879399995,-1.1772168920191,1.2581833185360003,0.0,-0.0728115346375,0.0,0.20387229698499998,0.007572399602299999,-0.0005824922771,0.7327752845918,0.0005824922771,-0.047181874445099914,0.3652226577416997,0.05999670454130013,0.22192955757510002,0.0040774459396999,-0.023882183361100002,-0.0687340886978,0.006989907325199999,0.0704815655291001,-0.039026982565699905,0.005242430493900099,0.0,0.0005824922771,-0.006989907325200001,0.0,0.1106735326489999,-0.0005824922771,0.0,0.0,0.0,0.0,0.0,0.0,0.0,0.023299691084000096,0.0,0.2615390324179001,0.0,0.0,0.0,-0.0005824922771,0.03960947484280001,0.0,0.0,0.0,0.0023299691084000995,0.0,0.0,0.20445478926209992,0.22425952668350002,0.0693165809748999,0.0,0.0011649845542,0.0,0.3751250264524002,0.0,0.0,0.0081548918794,0.0,-0.008154891879399901
0.0547542740473999,0.0104848609877999,0.4654113294029,1.1678970155855,1.2610957799215,0.0634916582039001,4.5073252401998,0.145623069275,0.9692671490944,4.5545071146449,0.0827139033482001,0.908687952276,0.0518418126619,0.2073672506475999,0.0425219362282999,0.1025186407695999,0.0151447992046,0.0029124613855000996,0.0093198764335999,0.4619163757403,0.500943358306,0.1345557160101,0.6022970145213999,3.8875534573654,0.0005824922771,0.13222574690170008,0.1421281156124,7.5036655136022,0.6273441824367,0.2673639551889,0.007572399602299999,0.4205594240661999,0.1001886716611999,0.03436704434889992,0.2067847583704999,1.2622607644756998,0.1776601445155,0.8568461396140998,1.3100251311979,2.2280329599075004,-0.5737548929435001,0.0163097837588,0.2178521116353999,0.0064074150480999,0.0011649845542,0.0023299691084,0.2388218336109999,0.0,0.0,0.0023299691084,0.0034949536625999,0.0034949536625999,0.0034949536625999,0.0,0.0,0.0011649845542,0.0,0.6972432556886999,0.0011649845542,-0.0005824922771,0.0005824922771,0.0320370752405,0.0,0.0005824922771,0.0133973223732999,0.0,0.0,0.0,0.0,0.0,0.0337845520718,0.0,0.5382228640404,0.0040774459397,0.0011649845542,0.0151447992045999,0.0081548918794,0.0,0.0040774459397,0.0,0.0,0.0,0.0005824922771,0.0780539651313999,0.5789973234374
-0.0599967045413,-0.0023299691084,0.009319876433600001,-0.025629660192399997,0.0052424304938999,-0.0069899073251999,-0.168922760359,-0.005824922771,-0.05766673543289989,-0.0640741504810001,-0.0238821833610999,-0.0034949536625999,0.0005824922771,-0.037861998011499996,0.0,-0.0052424304939,-0.0052424304939,-0.0040774459397,-0.013397322373299901,-0.0034949536625999,-0.1555254379857001,-0.0104848609877999,-0.0267946447465999,-0.13455571601010002,0.0,-0.0029124613854999994,0.0046599382168,-0.42521936228300006,0.8813108152522995,-0.5819097848228998,-0.0005824922771,0.1001886716611999,-2.2548276046541,-1.6519480978556003,-0.0011649845542,-0.0792189496856,-0.0104848609877999,-0.1875625132261999,-0.0157272914817,-0.0029124613855,-0.0023299691084001,0.0,-0.0034949536626000003,-0.0005824922771,0.0,0.0,-0.0011649845542,0.0,-0.0005824922771,0.0,0.0,0.0,0.0,0.0,0.0,0.0005824922771,0.0,-0.0058249227710001,0.0,0.0,0.0,-0.0005824922771,0.0,0.0,-0.0017474768312999,0.0,0.0,0.0,0.0,-0.0034949536625999995,-0.0046599382168,0.0,-0.025047167915299998,-0.0005824922771,0.0,0.0,-0.005242430493899901,0.0,-0.0046599382168,0.0,0.0,0.0,0.0005824922771,-0.0005824922771,-0.0128148300961999
-0.05125932038480009,0.3419229666577001,0.3063909377546001,-0.1287307932391,0.2306669417316001,-0.0926162720589,0.16018537620249984,-0.013397322373299894,-0.1106735326490001,-0.6710311032192,-1.013536562154,-0.1881450055033,0.04019196711990003,0.1782426367926,-0.0034949536626,0.44152914604180005,0.3436704434889992,-0.13746817739560013,0.7228729158811,-0.0908687952276,1.4410858935454005,0.44152914604179994,2.6817944437684,0.26794644746600005,0.0186397528672,4.1782171036383,4.6442109253182995,2.7936329609715997,-0.9110179213844001,-1.3624494361368997,0.7327752845918,0.03436704434889992,-1.6519480978556003,0.8300514948674991,0.1357207005642999,0.18814500550330004,0.6081219372923998,4.4846080413928995,1.5814665323265,0.4758961903907,-2.1150294581501,0.1188284245284,0.0570842431558001,0.0192222451443,0.018639752867199898,-0.0040774459396999,0.0023299691084,-0.0058249227709999,-0.0110673532648999,0.0,0.0809664265169,0.05067682810770009,-0.0011649845542,-0.0005824922771,-0.0005824922771,-0.0011649845542,-0.0005824922771,0.015144799204600004,0.0,-0.0093198764335999,0.0,-0.0256296601924001,0.0,-0.0005824922771,0.0530067972161001,0.0332020597947,0.0017474768312999,0.0034949536626000003,0.0,-0.0029124613855000996,0.08446138017949989,0.0058249227710001,0.023882183361100096,0.019222245144299998,0.10310113304669999,0.629091659268,-0.009902368710699896,0.0,-0.0099023687107,-0.0011649845542000001,-0.0017474768312999,0.0,0.0122323378190999,0.049511843553499996,0.3949297638738001
-0.0011649845542,-0.0128148300962001,-0.026794644746600097,-0.0017474768312999,0.2207645730208999,0.05125932038479997,-0.040774459397,-0.0029124613855,-0.0139798146504,-1.5872914550975001,0.0728115346374999,-1.4946751830385998,0.0693165809749,-0.0011649845542,-0.08096642651689999,0.0029124613854999,-0.0139798146503999,-0.0104848609878,-0.0133973223733,-0.0029124613855,-0.046599382168,-0.0238821833611001,-0.0768889805771999,-0.027959629300799902,0.0005824922771,-0.046599382168000095,-0.0390269825657,-0.0786364574085001,-0.011067353264899901,-0.0273771370236999,0.0005824922771,0.2067847583704999,-0.0011649845542,0.1357207005642999,-19.007887986327205,-0.9302401665287001,-0.1700877449132,-0.1374681773956,-0.8451962940720998,4.352382294491199,0.4158994858494,-0.0291246138550001,0.48055612860749997,0.05300679721609991,0.008737384156500098,-0.11941091680550003,0.15144799204600007,0.05242430493900009,0.011067353264900099,0.0,0.0023299691084,0.0005824922770999001,0.0,-0.0058249227709999,0.019804737421399987,0.0,0.0320370752405001,-0.0011649845541999,0.12931328551619992,-0.0017474768312999,-2.5623835269629,0.0390269825657,0.0,-0.1875625132261999,0.0,0.0005824922771,0.0,-0.0005824922771,0.0,-0.0011649845541999,-0.0052424304939,-0.0040774459397001,0.0,0.0,0.0017474768312999997,-0.0005824922771000001,0.0,0.0,-0.0011649845542,0.0,0.0,0.0,-0.0017474768312999997,-9.0030006348576,7.857238325801902
-0.1007711639382999,0.06756910414360007,0.7799571590368997,-0.3681351191272,2.1971608692211997,-0.2463942332133001,-2.6066529400225003,-0.20445478926209992,-0.506768281077,-0.9978092706723001,0.25047167915300017,-0.4333742541624001,0.4007546866448001,-0.46715880623420003,-0.036114521180200004,3.7972671544149006,-1.6467056673617,-0.8667485083248001,-1.2040115367656998,-0.1665927912506,-4.979726476927898,1.712527294674,-4.228311439468898,0.6768560259901997,0.01922224514430009,-3.1093437751597994,4.786339040930699,-5.288447383790901,-0.6786035028215001,-2.3293866161229,-0.047181874445099914,1.2622607644756998,-0.0792189496856,0.18814500550330004,-0.9302401665287001,-2.114446965873,3.402919882818198,-3.5963073188153993,0.8719909388187013,3.4413643731067998,-0.17358269857580022,-1.0642133902617,0.49220597414949996,-0.04252193622830003,0.11999340908260009,0.09028630295050011,-0.3028959840919999,-0.029707106132099998,-0.0366970134573001,0.0122323378190999,0.0186397528672001,0.19979485104530004,-0.1514479920459999,-0.012814830096199999,-0.1980473742140001,-0.006989907325200093,-0.0046599382168001,0.03494953662599998,-0.16193285303379992,-0.0034949536626001,-0.3454179203203,-0.40366714803029996,-0.0029124613855,-0.0937812566131,1.2150788900306,0.022134706529799902,-0.0005824922771000998,0.0029124613855000996,-0.27027641657440005,0.5720074161122,0.3821149337776001,1.3997289418713001,1.4201161715698003,0.027377137023700093,0.002912461385499998,0.9413075197935998,0.3722125650668999,0.055919258601600005,0.3011485072607001,-0.0023299691084001,-0.0192222451443,0.0384444902885999,0.07222904236040009,0.1724177140216001,-3.0901215300155003
-0.0110673532649,0.3197882601279,-0.9646072108776003,-0.0040774459397001,0.1730002062986999,-0.0069899073251999,-0.1887274977804001,-0.0221347065297999,0.001164984554199902,-0.0069899073252000996,1.9163995916589993,-0.004659938216799901,0.5591925860160001,-0.0320370752404999,0.0005824922771,3.3790376994571,-1.9664939274895998,-0.3436704434890001,-0.9925668401784,0.0017474768312999,-0.44618908425860004,1.0781932049121001,-1.3758467585101992,0.42638434683720006,0.0774714728543,-4.796823901918499,2.9246937233190993,-0.03145458296339998,-0.07572399602300009,-0.3244481983447,0.3652226577416997,0.1776601445155,-0.0104848609877999,0.6081219372923998,-0.1700877449132,3.402919882818198,0.4316267773310998,-4.380341923791998,1.4195336792926998,0.652391350352,0.2131921734186,0.10368362532379993,3.0982764218949,0.6756910414359998,1.1230451102488002,0.4904584973181999,0.1386331619497999,0.0460168898909,0.0751415037459,0.0011649845542,0.13222574690170008,1.6053487156876,0.0,-0.0005824922771,-0.0005824922771,0.0326195675176,0.0,0.017474768313,0.0,0.022717198806899985,0.0011649845541999,-0.09844119482989999,0.0,0.0011649845542,2.2979320331595,0.8335464485301,0.0582492277100001,0.07455901146880009,0.0,1.718352217445,0.3955122561509,5.5004745726553,0.8853882611920001,0.19105746688879988,1.6094261616273,4.922642233772099,0.44851905336700004,0.07455901146880001,0.1275658086849,0.10310113304669999,-0.0011649845541999,0.0192222451442999,0.4298793004998001,0.1240708550223,-0.12115839363679992
-0.0862088570107999,0.49686591236629996,0.24755921776750012,-0.3937647793195999,0.0623266736497,-0.279596293008,-2.0899822902347998,-0.22891946490030007,-0.40774459396999996,-1.5762241018325998,-1.6740828043853995,-0.5236605571128999,-0.8993680758424002,-0.3419229666577,-0.0256296601923999,0.5277380030526002,-0.27144140112859994,-1.5220523200623002,-0.6943307943032001,-0.2597915555866,-0.35299031992259966,0.5755023697748001,2.0614401686568993,-0.8486912477347,0.016309783758799906,0.4234718854516988,7.3120255544363,-2.7365487178157997,-1.3682743589079,-0.8813108152523002,0.05999670454130013,0.8568461396140998,-0.1875625132261999,4.4846080413928995,-0.1374681773956,-3.5963073188153993,-4.380341923791998,0.24348177182779995,1.7806788910946998,-0.011067353264899993,-1.1154727106464999,-1.1632370773687002,0.08038393423979995,-0.032037075240499924,0.2731888779599,0.0565017508787001,-0.0180572605901,-0.0104848609878,-0.0215522142527,0.0,0.2359093722254999,0.4386166846563001,-0.0011649845542,-0.0011649845542,-0.0005824922771,0.0,-0.0029124613855,-0.1100910403719,0.0,-0.012232337819099999,0.0,-0.1805726059009999,-0.0005824922771,0.0,0.10484860987799999,0.2236770344064,0.029124613855000002,0.0279596293007999,0.0,-0.0250471679153001,0.06349165820390001,0.2463942332132999,-0.19396992827429999,0.09319876433600009,0.5219130802816001,2.6748045364431996,-0.05475427404739999,-0.0011649845541999,-0.023299691084000096,0.0011649845542000131,-0.005824922771,0.0011649845542,0.05300679721609999,0.006407415048099906,-0.5714249238351001
-0.0192222451442999,0.4013371789219001,1.0624659134304002,-0.0326195675176,0.17882512906970008,-0.2027073124308,-0.49162348187240007,-0.1281483009620001,-0.08154891879399989,-0.2335794031170999,0.20270731243079998,-0.180572605901,-0.11649845542000001,-0.13397322373300008,-0.0203872296984999,0.7141355317246,-0.23299691084,-0.3162933064653001,-0.2551316173698,-0.0518418126618999,-0.8166541724941999,0.6745260568818001,0.7001557170741997,-0.019804737421399987,0.0279596293008,1.1748869229107002,5.775993419723599,-0.5795798157144998,-0.1625153453109,-0.21027971203310009,0.22192955757510002,1.3100251311979,-0.0157272914817,1.5814665323265,-0.8451962940720998,0.8719909388187013,1.4195336792926998,1.7806788910946998,0.5452127713655999,1.2395435656688,0.017474768312999878,-0.4689062830655,0.2399868181652,0.12057590135969992,0.18523254411779994,0.07514150374589992,-0.0215522142527,-0.0617441813726,-0.052424304939,-0.0005824922771,0.1526129766002001,0.6483139044123001,0.0,-0.0064074150480999,-0.0040774459397,0.0,-0.0104848609878,-0.010484860987800099,-0.0005824922771,0.0122323378190999,-0.008154891879400099,-0.2766838316225,-0.005824922771,-0.0011649845542000999,0.4158994858494,0.27144140112859994,0.0186397528672001,0.0122323378191001,0.0,0.007572399602299898,0.1211583936368,0.9407250275165,-0.023299691084,0.061744181372599995,0.5871522153168001,2.6241277083355,-0.0064074150481001,-0.0151447992046,-0.0163097837588001,0.025629660192399997,-0.0343670443489,0.0005824922771,0.057084243155800005,0.05125932038480008,-1.2733281177405997
-0.0052424304939,0.0687340886977999,0.2114446965872999,-0.0366970134572997,3.9877421290266,-0.9797520100821999,0.22251204985219997,-0.2056197738163,-0.08096642651689978,-0.34425293576610005,-0.013979814650399908,-0.7776271899285001,-0.059996704541299996,-0.015727291481700004,0.7304453154833995,0.6605462422314,-0.0122323378190999,-0.0069899073252,-0.0069899073251999,-0.26445149380339994,1.0781932049121,0.565017508787,2.2507501587144,1.4439983549309001,-0.0011649845541999992,0.0425219362283001,0.7712197748803999,2.3095818787015,-0.0471818744451,-0.0588317199871,0.0040774459396999,2.2280329599075004,-0.0029124613855,0.4758961903907,4.352382294491199,3.4413643731067998,0.652391350352,-0.011067353264899993,1.2395435656688,-1.0094591162142998,0.14853553066050007,-0.010484860987799901,0.2417342949964999,0.0512593203848001,-0.0122323378191001,0.020387229698499997,-0.06756910414360001,0.011649845542,-0.011649845542,0.0040774459397,0.0093198764336,0.004659938216799901,-0.38211493377760003,-0.0192222451442999,-0.25396663281560006,-0.0425219362283001,-0.0011649845542000999,0.1252358395765,-0.40424964030740007,-0.0005824922771,-0.42580185456009995,-0.1712527294674,0.0,-0.13746817739559988,0.1031011330467001,0.0,0.0,0.0,-0.6628762113398001,0.0005824922771,0.069899073252,0.0040774459396999,0.16601029897349995,-0.0034949536626000003,0.0017474768312999,0.0512593203848,-0.23008444945450007,0.0,0.009902368710699999,0.0,0.0040774459397,0.0005824922771,0.0023299691084,1.3432271909926001,0.535892894932
-0.0023299691084,0.0151447992045999,0.0897038106734,-0.0803839342398,0.2574615864782,-0.1147509785887,-0.42696683911429995,-0.0477643667221999,-0.07688898057720009,-0.3727950573440001,-0.6570512885688001,-0.1427106078895,-0.3401754898263999,-0.0244646756381999,-0.0099023687106999,0.0745590114687999,0.0011649845542000994,-0.0425219362283001,-0.006989907325199999,-0.0704815655291,0.1607678684795999,0.0949462411673,0.2720238934057,-0.06407415048100001,-0.0017474768312999997,-0.028542121577900002,0.3075559223088,-0.17649515996129994,-0.425219362283,-0.0553367663244999,-0.023882183361100002,-0.5737548929435001,-0.0023299691084001,-2.1150294581501,0.4158994858494,-0.17358269857580022,0.2131921734186,-1.1154727106464999,0.017474768312999878,0.14853553066050007,-0.7956844505185999,-0.0722290423604,-0.05824922770999991,0.0122323378191001,-0.039609474842799905,0.0052424304939001,-0.006407415048099999,-0.0081548918794,-0.0192222451442999,0.0,0.0034949536625999995,0.0093198764336,0.0,0.0,0.0011649845542,0.0,-0.0017474768312999997,-0.006989907325199999,0.0,-0.0034949536625999,0.0029124613855,-0.1095085480947999,0.0,0.0,0.011649845542,0.0005824922771,0.0,0.0,0.0,0.0011649845542,0.0104848609878,0.0011649845542,0.0011649845541999004,-0.0011649845542,0.0005824922771000001,0.0495118435534999,0.0,-0.0011649845542,0.0,-0.0005824922771,-0.0017474768312999,0.0,-0.0040774459397,0.41881194723490006,-0.21668712708119992
0.0,0.0186397528672001,-0.0011649845542,0.0,0.0029124613855,-0.0040774459397,-0.0005824922771,-0.0011649845542,0.006989907325200001,-0.0029124613855,0.1630978375879999,-0.0011649845542,1.1708094769709998,-0.0011649845542,0.0,-0.0005824922771,0.0005824922771,-0.0075723996023,-0.0017474768312999997,0.0,0.0005824922771000998,0.006407415048100099,0.0,0.0029124613855000996,0.2073672506475999,-0.0955287334443999,-0.0914512875046999,0.0040774459397001,-0.0168922760359,0.0,-0.0687340886978,0.0163097837588,0.0,0.1188284245284,-0.0291246138550001,-1.0642133902617,0.10368362532379993,-1.1632370773687002,-0.4689062830655,-0.010484860987799901,-0.0722290423604,-0.1065960867093001,0.005824922771000097,0.163097837588,-0.019804737421399904,-0.0005824922771000998,-0.0034949536626,-0.0029124613855,0.0227171988069,0.0,-0.009319876433600001,-0.0005824922771,0.0,-0.0005824922771,0.0,0.0005824922771,-0.0017474768312999,0.0,0.0,-0.05300679721609999,0.0,-0.03494953662599992,-0.0011649845542,0.0,0.0011649845542,0.0,-0.0017474768312999,-0.0011649845541999,0.0,0.0040774459397,-0.0058249227709999,0.0,0.0052424304939,-0.03669701345729999,-0.005824922771,-0.012814830096200103,0.0034949536626,0.0058249227709999,0.0034949536625999,-0.010484860987800097,0.0005824922770999996,0.0005824922771,0.029124613855,-0.007572399602299901,-0.059996704541299906
-0.0005824922771,-0.054754274047400076,-0.29474109221260003,-0.004659938216799997,0.7642298675552,0.0011649845541999992,-0.0407744593969999,0.034949536626000095,-0.2941585999355,0.008737384156499994,0.12290587046810009,0.009902368710699994,0.40191967119899996,0.0052424304938998995,0.0926162720589,-0.7706372826032999,-0.0273771370236999,0.0046599382168,-0.004659938216800101,-0.023882183361100096,-0.6733610723276,-0.1019361484925001,-1.0979979423335,-0.18581503639490005,-0.045434397613800095,-0.09902368710700005,-0.7525800220131997,-0.4986133891975999,0.012232337819099902,-0.2295019571773999,0.006989907325199999,0.2178521116353999,-0.0034949536626000003,0.0570842431558001,0.48055612860749997,0.49220597414949996,3.0982764218949,0.08038393423979995,0.2399868181652,0.2417342949964999,-0.05824922770999991,0.005824922771000097,0.23649186450260018,2.774410715827301,0.8982030912882002,0.44793656108990065,-0.4846335745471997,-0.11882842452840015,-0.22018208074380002,-0.018057260590099898,0.06465664275810001,0.4182294549578003,0.01630978375879999,-0.01514479920459999,-0.03028959840919998,0.5277380030526002,-0.08154891879399995,-0.13397322373300002,0.04834685899929969,-0.4164819781264998,-0.3005660149836,-0.6494788889665,-0.025629660192399983,-0.0949462411673,0.02155221425269993,0.30580844547749997,-0.01456230692749999,0.279596293008,0.08504387245659994,2.8827542793678997,0.15669042253990006,4.989046353361498,0.34308795121190006,0.05999670454129999,0.15377796115439946,0.9780045332508998,0.24522924865910056,-0.022134706529799986,-1.1137252338152006,-0.0902863029505,-0.11067353264899993,0.004659938216800004,0.0506768281076998,2.0212482015370004,0.09785870255280038
0.0,-0.1304782700704,-0.4188119472349,0.0,0.0180572605901,-0.0005824922771,-0.0005824922771,0.0,-0.0069899073252000996,0.0,0.2236770344064,-0.0011649845542,0.44851905336700004,0.0,0.0005824922771,-0.5551151400763,-0.0879563338421,0.0064074150481001,-0.07747147285429999,0.0005824922771,-0.1893099900574999,-0.1893099900574999,-0.8923781685172001,-0.0669866118664999,0.019222245144299988,-1.3985639573171,-1.538362103821099,-0.0774714728543001,-0.0029124613855,-0.0198047374213999,0.0704815655291001,0.0064074150480999,-0.0005824922771,0.0192222451443,0.05300679721609991,-0.04252193622830003,0.6756910414359998,-0.032037075240499924,0.12057590135969992,0.0512593203848001,0.0122323378191001,0.163097837588,2.774410715827301,0.41822945495780006,-2.459282393916201,-1.7806788910947002,-0.040774459397000085,0.3955122561508999,0.018639752867199988,0.0017474768313000995,-0.1031011330467001,-1.0397487146235,-0.0005824922771,-0.004659938216799901,-0.04892935127640001,-0.33143810566989995,-0.060579196818399905,-0.017474768313,-0.023882183361100096,0.4362867155479,0.0,-0.7939369736872999,-0.007572399602299912,-0.0011649845542,-0.1380506696727,-0.27377137023700004,0.23008444945449996,0.1456230692749999,0.0,-0.9040280140592003,-0.0972762102757,-0.8655835237705993,-0.075723996023,0.12989577779329992,-0.019804737421400098,-0.8131592188315988,-0.24173429499650007,0.0262121524694999,-0.36231019635619993,0.2615390324179001,-0.024464675638200005,-0.0017474768312999997,0.10659608670929999,0.4706537598967998,0.5155056652334999
0.0,-0.026794644746599927,-0.10543110215509999,0.0,0.0005824922771,-0.0017474768312999,-0.0011649845542,-0.0005824922771,-0.0646566427580999,0.0,0.0034949536626000116,0.0,-0.061744181372600015,0.0,0.0,-0.0227171988069,0.0658216273123,0.0,0.0023299691083999985,0.0,0.0,0.00931987643359991,-0.06640411958940001,0.03378455207179991,-0.05766673543289991,-0.22018208074380008,-0.5597750782931001,-0.0023299691084000995,-0.0017474768312999,-0.0011649845542000994,-0.039026982565699905,0.0011649845542,0.0,0.018639752867199898,0.008737384156500098,0.11999340908260009,1.1230451102488002,0.2731888779599,0.18523254411779994,-0.0122323378191001,-0.039609474842799905,-0.019804737421399904,0.8982030912882002,-2.459282393916201,0.9081054599988994,1.6968000031922998,-0.13047827007040008,-0.7514150374589998,-1.2587658108131,-0.022134706529799902,0.1065960867093001,0.13921565422690008,0.06232667364969999,-0.0867913492878999,-0.10717857898639993,0.5271555107755002,-0.054754274047400076,0.020387229698499987,0.7729672517116999,-0.8259740489278,-0.08387888790239995,-2.3829759056160995,-0.05533676632450002,0.0029124613855,-0.0897038106734,0.13339073145589997,0.6215192596657,0.25105417143009995,0.07339402691459995,0.4362867155479,0.1555254379856999,-0.009902368710699605,0.17416519085289994,-0.11009104037189993,0.9820819791906006,1.1504222472725,0.1403806387811004,-0.10135365621539982,-0.13047827007039992,-0.24115180271940007,-0.4281318236685,-0.04951184355350002,1.1312000021281987,0.11766343997420009,0.13222574690170008
0.0,-0.0442694130596,-0.2318319262857999,0.0,0.0005824922771,-0.0005824922771000998,-0.0005824922771,0.0,-0.0186397528672,-0.0011649845542,0.0005824922771001002,0.0023299691083999005,0.004659938216800098,0.0,0.0005824922771,-0.1141684863115999,0.0017474768312999989,0.0034949536625999995,-0.0052424304938998995,0.0,-0.0040774459397,-0.06698661186649998,-0.1217408859139,-0.008154891879400099,0.011649845542000103,-0.2079497429247001,-0.6791859950985998,-0.0011649845542,-0.0011649845542,-0.0023299691083999005,0.005242430493900099,0.0023299691084,0.0,-0.0040774459396999,-0.11941091680550003,0.09028630295050011,0.4904584973181999,0.0565017508787001,0.07514150374589992,0.020387229698499997,0.0052424304939001,-0.0005824922771000998,0.44793656108990065,-1.7806788910947002,1.6968000031922998,-0.07339402691460006,-0.9832469637447998,-0.4351217309937002,-0.1578554070940999,-0.0168922760359001,-0.029707106132099897,-0.19396992827429999,-0.0069899073252000996,-0.0681515964207,-0.1363031928413999,-0.2359093722255,-0.12232337819099989,-0.027377137023700003,-0.20969721975599992,0.09319876433599994,-0.10251864076959999,0.19688238965979998,-0.06873408869779998,-0.0040774459396999,-0.11999340908260009,-0.039609474842800085,0.1735826985758,0.0669866118665,-0.0279596293007999,-0.5702599392809002,-0.009319876433599994,-1.411961279690399,-0.17008774491320008,0.0034949536626000047,0.6558863040146001,-0.6896708560864004,-1.1026578805503,-0.1968823896598001,-0.8615060778308999,0.07164655008330009,-0.19746488193689998,-0.0413569516741,-0.17474768313000005,-0.07863645740850034,-2.8920741558014997
-0.0011649845542,0.0087373841565,-0.009319876433600001,-0.0174747683130001,0.7246203927124,-0.04485190533669991,-0.016892276035900003,0.05125932038480001,-0.139798146504,-0.036114521180200004,-0.0011649845542000001,-0.06640411958940001,0.050094335830599995,0.0081548918793999,0.058249227710000094,-0.013397322373300099,-0.0005824922771,0.0,0.0005824922771,-0.007572399602299912,-0.0011649845541999,0.009319876433600098,-0.006407415048099999,0.2021248201537001,0.0005824922771000998,0.0011649845541999992,-0.0064074150481001,-0.03145458296340009,0.0198047374213999,-0.0046599382167999,0.0,0.2388218336109999,-0.0011649845542,0.0023299691084,0.15144799204600007,-0.3028959840919999,0.1386331619497999,-0.0180572605901,-0.0215522142527,-0.06756910414360001,-0.006407415048099999,-0.0034949536626,-0.4846335745471997,-0.040774459397000085,-0.13047827007040008,-0.9832469637447998,-1.738739447143499,1.3344898068361002,-0.025629660192399997,-0.0052424304938998995,-0.012232337819099999,0.016309783758800003,0.6855934101466999,-1.3834191581125,0.8848057689148998,-0.22775448034610002,0.06349165820390024,-1.0677083439243,0.5795798157145002,0.0361145211802,-0.01106735326490016,-0.5568626169076001,-0.04951184355349991,-1.9268844526468003,-0.0297071061321001,0.0069899073252000996,0.0128148300962001,0.0046599382167999,0.23882183361099996,-0.03320205979469992,0.009902368710699994,0.15203048432309996,-0.0023299691084002205,0.005242430493900099,0.0611616890955,0.09436374889020005,-0.1293132855161998,0.4083270862471,-0.11941091680550009,0.006989907325199999,0.9634422263234,0.005824922771,0.05650175087870002,0.0017474768312999434,-0.10950854809480001
0.0,0.013979814650400098,0.0046599382168,0.0,0.0017474768312999,0.0005824922771,0.0,0.0,0.0029124613855000987,0.0,0.0046599382167999,0.0005824922771,-0.016892276035899996,0.0,0.0,0.0,0.0,0.0,0.0005824922771,0.0,0.0,0.0069899073252000996,0.0,0.0,-0.0034949536625999995,0.0192222451443,0.033202059794699895,0.0,-0.0005824922771,0.0,0.0005824922771,0.0,0.0,-0.0058249227709999,0.05242430493900009,-0.029707106132099998,0.0460168898909,-0.0104848609878,-0.0617441813726,0.011649845542,-0.0081548918794,-0.0029124613855,-0.11882842452840015,0.3955122561508999,-0.7514150374589998,-0.4351217309937002,1.3344898068361002,-0.07747147285430012,-0.1205759013597,-0.0133973223733,0.0198047374214,0.0495118435535,0.0343670443489,1.9274669449239,0.11300350175739998,0.31687579874240007,0.0832963956253,0.034949536626000005,0.6786035028215002,-0.2207645730208999,0.11649845541999992,-0.22891946490030013,-0.047764366722199886,0.2417342949965001,0.0064074150480999004,0.0192222451443,-0.0005824922770999025,0.0116498455419999,0.06407415048100008,0.1467880538291999,0.0157272914817001,0.1135859940344999,0.1718352217445,-0.0145623069274999,0.0786364574085,0.3745425341753001,0.4205594240662,0.302895984092,0.16542780669639992,-0.0029124613855000016,2.4691847626268997,-0.0011649845541999004,-0.3127983528027002,0.1898924823345999,0.019222245144300043
0.0,-0.0087373841565001,0.0,0.0,0.0029124613855,-0.0005824922771,-0.0017474768312999,-0.0005824922771,-0.0023299691083999005,0.0,0.0553367663245,-0.0005824922771,-0.059996704541299906,-0.0005824922771,-0.0005824922771,0.0,0.0,0.0023299691084,0.0,0.0,0.0005824922771,-0.0005824922770999001,0.0,-0.0011649845542000999,-0.04892935127639991,-0.0110673532649,-0.059414212264199996,0.0,-0.0005824922771,0.0005824922771,-0.006989907325200001,0.0,-0.0005824922771,-0.0110673532648999,0.011067353264900099,-0.0366970134573001,0.0751415037459,-0.0215522142527,-0.052424304939,-0.011649845542,-0.0192222451442999,0.0227171988069,-0.22018208074380002,0.018639752867199988,-1.2587658108131,-0.1578554070940999,-0.025629660192399997,-0.1205759013597,-0.5819097848228998,0.0,0.0198047374214,0.0,0.0,-0.0052424304939,-0.0104848609878001,0.0,-0.0145623069275,-0.005824922771000099,-0.0005824922770999996,0.5586100937388998,-0.0052424304939001,-1.3671093743537006,-0.0040774459396999,0.0,0.0017474768312999,-0.0005824922771,0.0052424304939,0.0,-0.0011649845542,0.0058249227709999,-0.026794644746600003,0.007572399602300099,0.0122323378190999,0.09319876433600005,0.0128148300962001,-0.027377137023699996,0.014562306927500001,0.0506768281076999,0.005824922771,0.0110673532649,-0.011067353264900097,0.0,0.8894657071316999,0.058831719987100003,0.058249227710000004
0.0005824922771,-0.0005824922771,0.0,0.0,0.0401919671198999,0.0,0.0011649845542,0.0,0.0221347065298,0.0,0.0011649845542,0.0,0.0023299691084,0.0,0.0,0.0,0.0,0.0,0.0,0.0005824922771,0.0,0.0017474768312999997,0.0,0.0821314110710999,0.0,0.0,0.0,0.0122323378190999,0.0,0.0,0.0,0.0023299691084,0.0,0.0,0.0,0.0122323378190999,0.0011649845542,0.0,-0.0005824922771,0.0040774459397,0.0,0.0,-0.018057260590099898,0.0017474768313000995,-0.022134706529799902,-0.0168922760359001,-0.0052424304938998995,-0.0133973223733,0.0,0.44269413059600016,0.0005824922770999001,0.1036836253238,0.0017474768313,-0.0052424304938999,0.002912461385499901,0.7199604544955998,0.19804737421399998,0.0431044285054001,0.029707106132100092,0.0,0.0017474768312999,0.0040774459397,-1.6222409917235003,0.0011649845541999,0.0005824922771,0.0827139033482,0.0,-0.0017474768312999997,-0.0011649845542000999,0.007572399602300002,0.0052424304938998995,0.0961112257214999,0.133973223733,0.0005824922771,0.0431044285054,0.0017474768312999989,0.1328082391788,1.4032238955338991,0.4089095785242005,-0.0005824922771,-0.052424304938999994,0.013397322373299998,0.0605791968184,-0.0005824922771,-0.0017474768312999997
0.0,-0.1514479920459999,-0.0460168898909,0.0,0.0005824922771,0.0,0.0069899073251999,0.0,0.0034949536626,0.0,0.0780539651314,0.0,0.11533347086579993,0.0023299691084,0.0,-0.006989907325199999,0.08271390334819992,0.005824922771,0.013397322373299998,0.0,0.0046599382168,0.09086879522759991,0.0436869207825,0.0046599382168000004,0.021552214252700097,0.048929351276400024,-0.5789973234373998,-0.006407415048099999,0.0011649845542,0.0145623069275001,0.1106735326489999,0.0034949536625999,0.0,0.0809664265169,0.0023299691084,0.0186397528672001,0.13222574690170008,0.2359093722254999,0.1526129766002001,0.0093198764336,0.0034949536625999995,-0.009319876433600001,0.06465664275810001,-0.1031011330467001,0.1065960867093001,-0.029707106132099897,-0.012232337819099999,0.0198047374214,0.0198047374214,0.0005824922770999001,0.2166871270812003,0.20270731243079992,-0.0005824922771,0.0,-0.0005824922770999001,0.0,0.0029124613854999,-0.19862986649110004,0.0,-0.06174418137260009,0.0005824922771000998,0.10601359443219993,0.006989907325199999,0.005824922771,0.03378455207180009,0.11475097858870009,0.0023299691084000002,0.008737384156499904,0.0005824922771,0.014562306927499997,-0.25862657103240005,0.0343670443489001,0.054754274047400076,-0.09669371799860005,0.2015423278766001,1.2675031949695992,0.0023299691083999985,0.0011649845542000999,0.0069899073252000996,0.06523913503519999,0.0005824922771,-0.0005824922771,0.012814830096200075,-0.0011649845542000999,0.012814830096200006
0.0,-0.0879563338421,-0.5166706497876998,0.0,0.0,0.0,0.0,0.0,0.0011649845541999,0.0,-0.0040774459397,0.0,0.0069899073251999,0.0,0.0,-0.0040774459397001,0.0017474768312999989,-0.0064074150480999004,-0.1159159631429,0.0,-0.0005824922771,0.014562306927500095,0.0,-0.0005824922771,-0.005824922771,-0.48405108227009985,-1.4830253374965991,-0.0005824922771,0.0,0.0005824922771,-0.0005824922771,0.0034949536625999,0.0,0.05067682810770009,0.0005824922770999001,0.19979485104530004,1.6053487156876,0.4386166846563001,0.6483139044123001,0.004659938216799901,0.0093198764336,-0.0005824922771,0.4182294549578003,-1.0397487146235,0.13921565422690008,-0.19396992827429999,0.016309783758800003,0.0495118435535,0.0,0.1036836253238,0.20270731243079992,0.7601524216154978,-0.0005824922771,0.0,-0.1718352217444999,0.45201400702960015,0.03669701345729992,0.0087373841565,-0.1514479920460001,-0.020387229698499904,-0.0017474768312999,0.0,0.5026908351372998,-0.0023299691084,0.0477643667221999,0.5329804335465012,-0.0262121524695,-0.0658216273122999,0.0,0.19513491282850004,0.028542121577900002,2.4936494382650984,0.0908687952276,0.0005824922770999003,0.08096642651690189,7.811803928188098,1.1544996932121998,-0.11708094769709998,1.9245544835383996,-0.008737384156500001,0.0,0.0186397528671999,-0.028542121577899926,-0.0005824922771000985,-0.006407415048099913
0.0,0.0,0.0,-0.9937318247325999,0.1042661176008999,-0.0174747683130001,0.031454582963399896,-0.0011649845542000994,-0.1823200827322999,0.0163097837587999,0.0,-0.07281153463750001,0.0011649845542,0.0,0.027377137023699996,0.0,0.0,0.0,0.0,-0.5947246149191001,0.0,0.0017474768312999,0.0,-0.022717198806900096,0.0,0.0,0.0,-0.07397651919170009,-0.0011649845542,0.0,0.0,0.0034949536625999,0.0,-0.0011649845542,0.0,-0.1514479920459999,0.0,-0.0011649845542,0.0,-0.38211493377760003,0.0,0.0,0.01630978375879999,-0.0005824922771,0.06232667364969999,-0.0069899073252000996,0.6855934101466999,0.0343670443489,0.0,0.0017474768313,-0.0005824922771,-0.0005824922771,5.580858506895101,0.0174747683129999,0.04892935127640011,0.0704815655291,0.0827139033482001,0.9337351201913,0.01805726059009949,0.0011649845542,0.160767868479601,0.0040774459397,0.007572399602299901,0.2487242023217,0.0,0.0,0.0,0.0,4.289473128564399,0.0005824922771,0.0110673532648999,0.0,0.4473540688127997,0.0,-0.0005824922771,0.0017474768312999,8.7001046507656,0.041939443951199896,0.0011649845542000994,0.0,0.0023299691084,0.0064074150480999004,0.04252193622829999,0.0,-0.0011649845541999004
0.0,0.0,0.0,0.0,0.0011649845542,-0.0011649845542,0.0,0.0,-0.0023299691084,0.0,0.0,-0.004659938216799901,-0.0011649845542,0.0,0.0023299691084001,0.0,0.0,0.0,0.0,0.0005824922771,0.0,0.0,0.0,0.0,0.0,0.0,0.0,0.0,0.0,0.0,0.0,0.0,0.0,-0.0005824922771,-0.0058249227709999,-0.012814830096199999,-0.0005824922771,-0.0011649845542,-0.0064074150480999,-0.0192222451442999,0.0,-0.0005824922771,-0.01514479920459999,-0.004659938216799901,-0.0867913492878999,-0.0681515964207,-1.3834191581125,1.9274669449239,-0.0052424304939,-0.0052424304938999,0.0,0.0,0.0174747683129999,-0.7578224525070993,-5.1084572701669995,-0.004077445939700098,-0.1100910403719,-0.10717857898639999,0.0099023687107,-0.0046599382168,-0.012232337819099992,0.007572399602299898,-0.0366970134572999,-0.11125602492609987,0.0,0.0,-0.0005824922771,-0.0005824922771,-0.0017474768312999989,0.0011649845542,-0.0093198764336,0.0005824922771,-0.029707106132099995,0.0,-0.0040774459397,-0.0011649845542,-0.0034949536626000983,-0.0832963956253,-0.0023299691083998996,0.0,-1.700877449132,0.0,-0.032037075240499896,-0.1322257469017,-0.041356951674099904
0.0,0.0011649845542,0.0,-0.020387229698499904,0.0710640578062,-0.009319876433600098,-0.0023299691084001,0.0005824922771,-0.11416848631160001,-0.0005824922771000001,0.0,-0.03145458296340001,0.012232337819099999,0.0,0.019222245144299998,0.0005824922771,0.0,0.0,0.0,-0.004659938216800101,0.0,-0.0005824922771000998,0.0,-0.10368362532379989,0.0,0.0,0.0,-0.0023299691084000002,0.0,0.0,0.0,0.0,0.0,-0.0005824922771,0.019804737421399987,-0.1980473742140001,-0.0005824922771,-0.0005824922771,-0.0040774459397,-0.25396663281560006,0.0011649845542,0.0,-0.03028959840919998,-0.04892935127640001,-0.10717857898639993,-0.1363031928413999,0.8848057689148998,0.11300350175739998,-0.0104848609878001,0.002912461385499901,-0.0005824922770999001,-0.1718352217444999,0.04892935127640011,-5.1084572701669995,2.5938381099263026,0.2481417100445995,2.1266793036921,-0.10135365621540005,-1.0927555118396022,-0.0046599382168000004,0.7158830085559007,-0.10251864076960009,-0.2836737389477001,0.1584378993711999,0.0,-0.019222245144299998,-0.0023299691084,0.0,0.018639752867199988,-0.044269413059600096,0.0011649845541999004,-0.09028630295049998,0.39958970209059996,0.0005824922771,0.004077445939699997,-0.0093198764335999,-0.16251534531090017,0.20969721975600009,-0.12873079323910008,-0.0011649845542,2.6573297681301993,0.0110673532649001,0.10018867166119999,-1.0572234829365001,-0.1100910403719
0.0,-0.0046599382168,0.0,-0.0139798146503999,0.1566904225398999,-0.0040774459397,0.0530067972161001,0.0011649845541999,-0.1665927912506,0.0244646756382001,0.0034949536625999,0.0104848609877999,0.0576667354329001,0.0,-0.0017474768313000002,0.0005824922771,0.0,0.0,0.0,0.0221347065297999,0.0,0.0029124613855000016,-0.0005824922771,0.008154891879399995,0.0,0.0,0.0011649845542,0.006407415048099899,0.0011649845542,-0.0011649845541999004,0.0,0.0011649845542,0.0005824922771,-0.0011649845542,0.0,-0.006989907325200093,0.0326195675176,0.0,0.0,-0.0425219362283001,0.0,0.0005824922771,0.5277380030526002,-0.33143810566989995,0.5271555107755002,-0.2359093722255,-0.22775448034610002,0.31687579874240007,0.0,0.7199604544955998,0.0,0.45201400702960015,0.0704815655291,-0.004077445939700098,0.2481417100445995,3.6935835290911,0.9814994869135001,0.20037734332239998,1.8657227635512967,0.0029124613855,-0.011067353264899937,0.0955287334444,0.3285256442843991,-0.048346858999299996,-0.0011649845542000001,0.025629660192399983,0.0,-0.0029124613854999005,-0.0180572605901001,0.15086549976889996,-0.0069899073252000996,-0.062326673649700126,0.5807448002687001,0.0011649845541999004,0.3337680747783,-0.3681351191272002,3.3353507786745986,0.6448189507496993,-0.7997618964582998,0.0,0.1811550981780999,0.0902863029505,1.0910080350083002,0.0023299691083999013,-0.07455901146880001
0.0,0.0,0.0,0.0,0.0011649845542,0.0,0.0005824922771,0.0,0.0052424304938998995,0.0,0.0005824922771,0.0005824922771000001,0.0029124613854999005,0.0,0.0005824922771,0.0,0.0,0.0,0.0,-0.0005824922771,0.0,0.0017474768312999,0.0,0.0238821833611,0.0,0.0,0.0,0.0,0.0,0.0,0.0,0.0,0.0,-0.0005824922771,0.0320370752405001,-0.0046599382168001,0.0,-0.0029124613855,-0.0104848609878,-0.0011649845542000999,-0.0017474768312999997,-0.0017474768312999,-0.08154891879399995,-0.060579196818399905,-0.054754274047400076,-0.12232337819099989,0.06349165820390024,0.0832963956253,-0.0145623069275,0.19804737421399998,0.0029124613854999,0.03669701345729992,0.0827139033482001,-0.1100910403719,2.1266793036921,0.9814994869135001,-1.6781602503251065,0.05883171998710009,2.283369726232,-0.0139798146503999,0.36289268863329993,-0.004659938216799997,2.102797120331001,0.046599382168,0.0,-0.0069899073251999955,0.0011649845541999,-0.0005824922771,0.2283369726232,-0.015727291481699997,0.0058249227710001,0.05067682810770008,0.21144469658730008,0.0005824922771,0.019804737421400098,-0.0180572605901,0.15144799204599996,0.6273441824366999,0.07222904236040018,0.0,-1.2482809498253005,0.008154891879400099,0.058831719987099906,0.14387559244369996,-0.011067353264900007
-0.0104848609877999,0.0157272914817001,-0.0017474768312999997,0.9308226588057998,1.141684863116,0.1898924823346,0.2755188470683,0.2388218336110001,-0.31629330646529996,0.8853882611920001,0.004659938216800099,0.1898924823345999,0.0052424304939001,0.0320370752405001,0.0885388261192,-0.0099023687106999,0.0,0.0,0.0,0.24988918687589992,-0.0337845520718,0.10659608670929992,-0.0069899073251999,0.5632700319557,0.0198047374214,-0.0017474768312999997,0.006989907325199999,0.35357281219969994,0.1951349128284999,0.0349495366260001,0.0,0.6972432556886999,-0.0058249227710001,0.015144799204600004,-0.0011649845541999,0.03494953662599998,0.017474768313,-0.1100910403719,-0.010484860987800099,0.1252358395765,-0.006989907325199999,0.0,-0.13397322373300002,-0.017474768313,0.020387229698499987,-0.027377137023700003,-1.0677083439243,0.034949536626000005,-0.005824922771000099,0.0431044285054001,-0.19862986649110004,0.0087373841565,0.9337351201913,-0.10717857898639999,-0.10135365621540005,0.20037734332239998,0.05883171998710009,1.2278937201267999,0.6652061804481995,-0.0029124613855,-0.06290916592680018,-0.0803839342398,0.05009433583060009,-0.23241441856290002,0.024464675638200102,0.004077445939700098,0.0,0.0005824922771,0.33143810566990006,0.0034949536626,0.8358764176384996,-0.0017474768313000002,4.887110204869003,-0.2260070035147999,-0.0005824922770999025,0.06290916592679996,0.8218966029881005,0.036697013457300004,0.020969721975600097,0.0040774459397001,0.012814830096200002,-0.0005824922771000998,0.06057919681839999,-0.0029124613854999,-0.013397322373299998
0.0,0.0,0.0,-0.0372795057344,0.1293132855162,-0.0052424304939,0.0553367663245,0.0,-0.31687579874240007,0.0471818744451,0.0017474768312999,0.0425219362283,0.0104848609877999,0.0,0.0157272914816999,0.0,0.0,0.0,0.0,0.15785540709409998,0.0,0.0,0.0,-0.07397651919170001,0.0,0.0,0.0,0.0227171988069,0.0,0.0,0.0,0.0011649845542,0.0,0.0,0.12931328551619992,-0.16193285303379992,0.0,0.0,-0.0005824922771,-0.40424964030740007,0.0,0.0,0.04834685899929969,-0.023882183361100096,0.7729672517116999,-0.20969721975599992,0.5795798157145002,0.6786035028215002,-0.0005824922770999996,0.029707106132100092,0.0,-0.1514479920460001,0.01805726059009949,0.0099023687107,-1.0927555118396022,1.8657227635512967,2.283369726232,0.6652061804481995,0.8947081376255994,0.030872090686299897,0.8958731221798004,0.10368362532379999,0.6920008251948002,0.03436704434890009,0.0,-0.0005824922771000001,0.0,0.0,2.548403712312499,-0.0232996910840001,0.0081548918794001,-0.048346858999300094,0.02504716791530004,0.0,-0.0110673532649,-0.0198047374213999,2.009598355995001,0.49337095870370007,-0.0209697219756,0.0,0.35473779675389994,0.026212152469500004,0.8807283229752003,0.8754858924813,-0.03611452118019992
0.0,-0.0279596293007999,-0.0023299691084,0.0,0.0,0.0,0.0,0.0,0.0,0.0,0.1427106078895001,0.0,-0.13630319284140024,0.0,0.0,0.0,0.0,0.0168922760359001,-0.0029124613854999,0.0,0.0,0.0064074150481,0.0,0.0,-0.017474768312999933,-0.128148300962,-0.1718352217445,0.0,-0.0011649845542,0.0,0.023299691084000096,-0.0005824922771,0.0,-0.0093198764335999,-0.0017474768312999,-0.0034949536626001,0.022717198806899985,-0.012232337819099999,0.0122323378190999,-0.0005824922771,-0.0034949536625999,-0.05300679721609999,-0.4164819781264998,0.4362867155479,-0.8259740489278,0.09319876433599994,0.0361145211802,-0.2207645730208999,0.5586100937388998,0.0,-0.06174418137260009,-0.020387229698499904,0.0011649845542,-0.0046599382168,-0.0046599382168000004,0.0029124613855,-0.0139798146503999,-0.0029124613855,0.030872090686299897,-12.508439158445405,0.0052424304939,-3.2899163810607988,-0.0163097837588001,0.0005824922771,0.0052424304938998995,0.22484201896059997,-1.1667320310312999,1.2541058725963006,-0.0011649845542,0.0693165809749,-0.030289598409199998,0.037861998011500086,0.0029124613854999005,-0.2481417100446,0.37454253417530126,-0.44036416148759994,-0.0017474768312999017,0.5789973234374,-0.005242430493899997,-0.1561079302627999,-0.1456230692749999,0.0023299691083999013,2.4453025792657996,0.0011649845541999992,0.016309783758800003
0.0,0.0,0.0,-0.0943637488902,0.0460168898909,-0.0500943358306,-0.0023299691084,-0.0017474768312999997,-0.059996704541299996,-0.0454343976138,0.0,-0.21377466569569992,0.0005824922771,0.0,0.006989907325199898,0.0,0.0,0.0,0.0,-0.0518418126619,0.0,-0.0011649845542,0.0,-0.029707106132099904,0.0,0.0,0.0,-0.029707106132099998,0.0,0.0,0.0,0.0005824922771,0.0,0.0,-2.5623835269629,-0.3454179203203,0.0011649845541999,0.0,-0.008154891879400099,-0.42580185456009995,0.0029124613855,0.0,-0.3005660149836,0.0,-0.08387888790239995,-0.10251864076959999,-0.01106735326490016,0.11649845541999992,-0.0052424304939001,0.0017474768312999,0.0005824922771000998,-0.0017474768312999,0.160767868479601,-0.012232337819099992,0.7158830085559007,-0.011067353264899937,0.36289268863329993,-0.06290916592680018,0.8958731221798004,0.0052424304939,1.0152840389852926,0.008154891879399911,-0.0634916582038999,0.19688238965979998,0.0,0.0,0.0,0.0,-1.6449581905304012,-0.0017474768312999997,0.0064074150480999004,-0.0011649845542,-0.10251864076960004,0.0,0.0,0.0,0.1526129766001998,0.04193944395119997,0.0069899073251999,0.0,0.20037734332239998,-0.0005824922771,0.10717857898639999,-6.6130348219163,-0.29124613855000003
0.0,-0.0262121524694999,-0.0005824922771,-0.011649845542,0.0570842431558,-0.0244646756381999,-0.0460168898909,-0.0168922760359001,-0.0238821833611,-0.0087373841565,0.4339567464395,-0.0267946447465999,0.8947081376256012,-0.0029124613855,-0.0046599382168,0.0029124613855,0.0005824922771,0.05533676632449999,0.0046599382168,-0.0139798146503999,-0.0087373841565001,0.010484860987800099,0.0128148300962001,-0.0366970134572999,0.1357207005643002,-0.5504552018595,-0.48579855910140024,-0.1031011330467,-0.008737384156500001,-0.0046599382167999,0.2615390324179001,0.0320370752405,-0.0005824922771,-0.0256296601924001,0.0390269825657,-0.40366714803029996,-0.09844119482989999,-0.1805726059009999,-0.2766838316225,-0.1712527294674,-0.1095085480947999,-0.03494953662599992,-0.6494788889665,-0.7939369736872999,-2.3829759056160995,0.19688238965979998,-0.5568626169076001,-0.22891946490030013,-1.3671093743537006,0.0040774459397,0.10601359443219993,0.0,0.0040774459397,0.007572399602299898,-0.10251864076960009,0.0955287334444,-0.004659938216799997,-0.0803839342398,0.10368362532379999,-3.2899163810607988,0.008154891879399911,2.3270566470145013,-0.011067353264900097,-0.0133973223733,0.0425219362283001,-0.0209697219756,-0.18057260590099988,-0.011067353264900099,-0.008154891879399998,0.3017309995377999,-0.007572399602299995,0.07106405780620001,-0.05242430493900002,1.1102302801526003,-1.3012877470414002,-3.0860440840758,-0.027959629300799982,0.17474768313000005,0.11591596314289998,-1.2785705482345002,-0.0774714728543,0.0139798146504,1.4346784784973003,0.10659608670929993,0.021552214252699903
0.0,-0.0005824922771,0.0,0.0,0.0,0.0,0.0,0.0,0.0,0.0,0.0,0.0,0.0,0.0,0.0,0.0,0.0,0.0,0.0,0.0,0.0,0.0023299691083999005,0.0,0.0023299691083999005,0.0005824922771,0.0,0.0,0.0,0.0,0.0,0.0,0.0,0.0,0.0,0.0,-0.0029124613855,0.0,-0.0005824922771,-0.005824922771,0.0,0.0,-0.0011649845542,-0.025629660192399983,-0.007572399602299912,-0.05533676632450002,-0.06873408869779998,-0.04951184355349991,-0.047764366722199886,-0.0040774459396999,-1.6222409917235003,0.006989907325199999,0.5026908351372998,0.007572399602299901,-0.0366970134572999,-0.2836737389477001,0.3285256442843991,2.102797120331001,0.05009433583060009,0.6920008251948002,-0.0163097837588001,-0.0634916582038999,-0.011067353264900097,-2.9497408912344127,-0.0023299691084000995,0.0017474768312999,0.1409631310581999,-0.0040774459396999,-0.0046599382168,0.0605791968184001,0.015727291481700004,0.019222245144299998,0.23066694173159996,0.1065960867093001,-0.0017474768313,0.09261627205889991,-0.0145623069275,0.13513820828720002,-0.8626710623850986,0.8900481994087999,0.0011649845542,-1.718352217445,0.0244646756382001,0.1898924823346001,-0.0017474768313000002,-0.0023299691083999985
0.0,0.0,0.0,-0.0553367663245,0.0163097837588,-0.020387229698500098,-0.0081548918794,-0.0011649845542,-0.010484860987800099,-0.022134706529799902,-0.0005824922771,-0.0594142122642,-0.0005824922771,0.0,-0.006407415048099999,0.0,0.0,0.0,0.0,-0.0448519053366999,0.0005824922771,0.0040774459397,0.0,-0.0052424304939001,0.0,0.0,0.0,-0.0151447992046,0.0,0.0,0.0,0.0005824922771,0.0,-0.0005824922771,-0.1875625132261999,-0.0937812566131,0.0011649845542,0.0,-0.0011649845542000999,-0.13746817739559988,0.0,0.0,-0.0949462411673,-0.0011649845542,0.0029124613855,-0.0040774459396999,-1.9268844526468003,0.2417342949965001,0.0,0.0011649845541999,0.005824922771,-0.0023299691084,0.2487242023217,-0.11125602492609987,0.1584378993711999,-0.048346858999299996,0.046599382168,-0.23241441856290002,0.03436704434890009,0.0005824922771,0.19688238965979998,-0.0133973223733,-0.0023299691084000995,1.6269009299403,0.0005824922771,0.0005824922771,0.0,0.0,0.03320205979469992,-0.0011649845542,-0.0023299691083999985,-0.0011649845541999,0.5988020608587998,-0.0005824922771,0.0,0.0163097837588,0.10834356354060001,0.013397322373299901,-0.0034949536625998997,0.0,0.0652391350352,0.0005824922771,0.0046599382168,-0.6215192596657,-0.0302895984092
0.0,-0.008154891879399995,-0.506768281077,0.0,0.1025186407695999,0.0,0.0,0.0,-0.0023299691084,0.0,0.0087373841565,0.0,0.0629091659268,0.0,0.0,-2.1470665333906003,-0.0337845520717999,0.0,0.0,0.0,-0.22018208074380008,-0.21493965024989992,-2.7819831154296,-0.12640082413069992,-0.0011649845542,-0.0040774459396999,-1.3740992816789002,-0.0937812566131,0.0,-0.0064074150481,0.0,0.0133973223732999,-0.0017474768312999,0.0530067972161001,0.0,1.2150788900306,2.2979320331595,0.10484860987799999,0.4158994858494,0.1031011330467001,0.011649845542,0.0011649845542,0.02155221425269993,-0.1380506696727,-0.0897038106734,-0.11999340908260009,-0.0297071061321001,0.0064074150480999004,0.0017474768312999,0.0005824922771,0.03378455207180009,0.0477643667221999,0.0,0.0,0.0,-0.0011649845542000001,0.0,0.024464675638200102,0.0,0.0052424304938998995,0.0,0.0425219362283001,0.0017474768312999,0.0005824922771,0.23998681816519962,0.02621215246950001,-0.0011649845542,0.0011649845542000999,0.0,-1.7305845552641,1.2919678706078006,1.1579946468748012,0.302895984092,-0.0180572605900999,0.06057919681840001,0.7187954699414005,-0.03727950573439992,0.025629660192399997,-0.028542121577899898,0.0,0.0,0.005824922771,0.0396094748428,-0.0011649845542,-0.016892276035899906
0.0,0.04310442850539997,-0.1007711639383001,0.0,0.0,0.0,0.0,0.0,0.0,0.0,-0.0058249227710000994,0.0,-0.0034949536625999995,0.0,0.0,-0.005824922771,0.09494624116730001,-0.006407415048099999,-0.009319876433599994,0.0,0.0,0.0023299691084000054,0.0,0.0,-0.0064074150481001,-0.3157108141881999,-0.8615060778309003,0.0,0.0,0.0,-0.0005824922771,0.0,0.0,0.0332020597947,0.0005824922771,0.022134706529799902,0.8335464485301,0.2236770344064,0.27144140112859994,0.0,0.0005824922771,0.0,0.30580844547749997,-0.27377137023700004,0.13339073145589997,-0.039609474842800085,0.0069899073252000996,0.0192222451443,-0.0005824922771,0.0827139033482,0.11475097858870009,0.5329804335465012,0.0,0.0,-0.019222245144299998,0.025629660192399983,-0.0069899073251999955,0.004077445939700098,-0.0005824922771000001,0.22484201896059997,0.0,-0.0209697219756,0.1409631310581999,0.0005824922771,0.02621215246950001,1.6391332677593997,-0.0763064883001,-1.4667155537377976,0.0,0.5323979412694002,0.10543110215509992,2.3223967087977,-0.018057260590099905,-0.0064074150481001,0.5446302790884996,2.9369260611382,0.10892605581770004,-0.15669042253989973,0.07164655008330012,0.009902368710700098,-0.0029124613854999,0.1660102989735,-0.29241112310420014,-0.0029124613854999005,0.008154891879399905
0.0,0.0046599382168000004,0.0,0.0,0.0,0.0,0.0,0.0,0.0,0.0,0.0133973223733,0.0,0.010484860987800097,0.0,0.0,0.0,0.0005824922771,0.0075723996022999,0.0011649845541999,0.0,0.0,-0.0005824922771,0.0,0.0,0.0,-0.0069899073251999955,0.13979814650400002,0.0,0.0,0.0,0.03960947484280001,0.0,0.0,0.0017474768312999,0.0,-0.0005824922771000998,0.0582492277100001,0.029124613855000002,0.0186397528672001,0.0,0.0,-0.0017474768312999,-0.01456230692749999,0.23008444945449996,0.6215192596657,0.1735826985758,0.0128148300962001,-0.0005824922770999025,0.0052424304939,0.0,0.0023299691084000002,-0.0262121524695,0.0,-0.0005824922771,-0.0023299691084,0.0,0.0011649845541999,0.0,0.0,-1.1667320310312999,0.0,-0.18057260590099988,-0.0040774459396999,0.0,-0.0011649845542,-0.0763064883001,-0.033202059794700034,-0.9954793015639001,0.0,0.008737384156500001,0.0011649845542000001,-0.0361145211802001,0.0,0.0273771370237,-1.6659279125059987,0.027377137023700038,-0.0017474768313000002,0.008737384156499897,0.0122323378191001,-0.05941421226419999,-0.025629660192399904,0.0,0.36638764229590004,0.006407415048100099,0.013979814650400098
0.0,0.009319876433600001,-0.0052424304938998995,0.0,0.0,0.0,0.0,0.0,0.0,0.0,0.0005824922770999003,0.0,-0.0011649845542000999,0.0,0.0,0.0,0.0046599382168,-0.0029124613855,0.0046599382168000004,0.0,0.0,-0.0023299691084,0.0,0.0,-0.0116498455419999,-0.1858150363948999,-0.18406755956360002,0.0,0.0,0.0,0.0,0.0,0.0,0.0034949536626000003,-0.0005824922771,0.0029124613855000996,0.07455901146880009,0.0279596293007999,0.0122323378191001,0.0,0.0,-0.0011649845541999,0.279596293008,0.1456230692749999,0.25105417143009995,0.0669866118665,0.0046599382167999,0.0116498455419999,0.0,-0.0017474768312999997,0.008737384156499904,-0.0658216273122999,0.0,-0.0005824922771,0.0,-0.0029124613854999005,-0.0005824922771,0.0005824922771,0.0,1.2541058725963006,0.0,-0.011067353264900099,-0.0046599382168,0.0,0.0011649845542000999,-1.4667155537377976,-0.9954793015639001,0.2900811539957999,0.0,0.022717198806899902,0.0075723996023,-0.12232337819099992,-0.0017474768312999997,-0.005824922771000099,1.8447530415757,0.1875625132262002,-0.0168922760358999,-0.033202059794700006,-0.0460168898909,0.0168922760359,-0.0017474768312999997,0.005824922771,0.9389775506852001,0.0034949536626,0.0128148300962
0.0,0.0,0.0,-0.0267946447465999,0.0972762102756999,-0.017474768313,0.011649845542,0.0005824922771,-0.15610793026279998,0.0110673532649,0.0,-0.051259320384799995,0.0,0.0,0.027377137023700003,0.0,0.0,0.0,0.0,0.061161689095499905,0.0,0.0,0.0,-0.08504387245660008,0.0,0.0,0.0,0.011067353264900099,0.0,0.0,0.0,0.0,0.0,0.0,0.0,-0.27027641657440005,0.0,0.0,0.0,-0.6628762113398001,0.0,0.0,0.08504387245659994,0.0,0.07339402691459995,-0.0279596293007999,0.23882183361099996,0.06407415048100008,-0.0011649845542,-0.0011649845542000999,0.0005824922771,0.0,4.289473128564399,-0.0017474768312999989,0.018639752867199988,-0.0180572605901001,0.2283369726232,0.33143810566990006,2.548403712312499,-0.0011649845542,-1.6449581905304012,-0.008154891879399998,0.0605791968184001,0.03320205979469992,0.0,0.0,0.0,0.0,1.6379682832051987,0.0,0.0023299691084,0.0005824922771,0.6861759024238,0.0005824922771,0.0,0.0,0.9482974271187996,-0.0751415037458999,0.0011649845541999,0.0,0.0093198764335999,0.0023299691084,0.09960617938409999,-0.0005824922771,-0.006407415048099999
0.0,-0.005824922771,-0.0780539651314001,0.0,0.0029124613855,0.0,0.0011649845542,0.0,-0.0093198764335999,0.0,0.0198047374213999,0.0,0.3279431520072999,0.0,0.0,-0.7519975297361,-0.0023299691084,0.0,0.0,0.0,-0.27843130845379993,-0.24289927955070006,-0.7496675606277001,-0.14620556155210002,-0.0017474768312999,-0.0005824922771,-0.1590203916483,-0.0693165809748999,-0.0034949536626,-0.027959629300799996,0.0,0.0,-0.0034949536625999995,-0.0029124613855000996,-0.0011649845541999,0.5720074161122,1.718352217445,-0.0250471679153001,0.007572399602299898,0.0005824922771,0.0011649845542,0.0040774459397,2.8827542793678997,-0.9040280140592003,0.4362867155479,-0.5702599392809002,-0.03320205979469992,0.1467880538291999,0.0058249227709999,0.007572399602300002,0.014562306927499997,0.19513491282850004,0.0005824922771,0.0011649845542,-0.044269413059600096,0.15086549976889996,-0.015727291481699997,0.0034949536626,-0.0232996910840001,0.0693165809749,-0.0017474768312999997,0.3017309995377999,0.015727291481700004,-0.0011649845542,-1.7305845552641,0.5323979412694002,0.008737384156500001,0.022717198806899902,0.0,-0.5696774470038051,-0.04951184355349991,6.022387652936899,-0.18930999005749993,0.017474768312999902,0.26678146291180005,0.5871522153167996,2.016005771043101,-0.024464675638200095,0.499778373751802,-0.0005824922771,0.0023299691083999005,0.10484860987799999,2.6847069051538988,-0.0862088570108001,-0.5801623079915998
-0.0017474768312999997,-0.03145458296340009,-0.0897038106734,0.0,0.0500943358305999,0.0,0.0029124613855000987,-0.0011649845542,-0.025629660192400094,0.0,-0.0005824922770999996,-0.0005824922771,-0.0477643667222,0.0017474768313000002,-0.0005824922771,-0.4991958814747,-0.0069899073251999955,0.0005824922771,-0.0093198764335999,0.0,-0.20445478926209998,0.059996704541299906,-0.3896873333798999,-0.0757239960229999,-0.0034949536626000983,0.008737384156500098,-0.40774459397000007,-0.2126096811415,0.006407415048099999,-0.011649845542000006,0.0023299691084000995,0.0337845520718,-0.0046599382168,0.08446138017949989,-0.0052424304939,0.3821149337776001,0.3955122561509,0.06349165820390001,0.1211583936368,0.069899073252,0.0104848609878,-0.0058249227709999,0.15669042253990006,-0.0972762102757,0.1555254379856999,-0.009319876433599994,0.009902368710699994,0.0157272914817001,-0.026794644746600003,0.0052424304938998995,-0.25862657103240005,0.028542121577900002,0.0110673532648999,-0.0093198764336,0.0011649845541999004,-0.0069899073252000996,0.0058249227710001,0.8358764176384996,0.0081548918794001,-0.030289598409199998,0.0064074150480999004,-0.007572399602299995,0.019222245144299998,-0.0023299691083999985,1.2919678706078006,0.10543110215509992,0.0011649845542000001,0.0075723996023,0.0023299691084,-0.04951184355349991,-0.6692836263878998,-0.0751415037459,-0.4671588062342007,-0.1887274977804,0.0832963956253,3.1949701398935,0.04718187444509997,0.042521936228299896,0.0005824922770999996,0.0157272914817001,0.0011649845542,0.0034949536626000003,0.0908687952276,-0.0005824922771000985,0.034949536626000005
0.0,-0.037279505734400004,-2.8192626211639995,0.0,0.0052424304938999,0.0,0.0,0.0,-0.0005824922771,0.0,0.0017474768312999,0.0,0.0599967045412999,0.0,0.0,-0.9640247186004999,-0.2650339860804999,0.0,-0.0040774459396999,0.0,-0.055336766324500096,-0.6797684873756998,-2.2845347107862,-0.0133973223732999,0.0005824922771000001,-0.033784552071799895,-2.8087777601762003,-0.0081548918794,0.0,-0.0034949536625999,0.0,0.0,0.0,0.0058249227710001,-0.0040774459397001,1.3997289418713001,5.5004745726553,0.2463942332132999,0.9407250275165,0.0040774459396999,0.0011649845542,0.0,4.989046353361498,-0.8655835237705993,-0.009902368710699605,-1.411961279690399,0.15203048432309996,0.1135859940344999,0.007572399602300099,0.0961112257214999,0.0343670443489001,2.4936494382650984,0.0,0.0005824922771,-0.09028630295049998,-0.062326673649700126,0.05067682810770008,-0.0017474768313000002,-0.048346858999300094,0.037861998011500086,-0.0011649845542,0.07106405780620001,0.23066694173159996,-0.0011649845541999,1.1579946468748012,2.3223967087977,-0.0361145211802001,-0.12232337819099992,0.0005824922771,6.022387652936899,-0.0751415037459,0.7886945431934009,0.05358928949319991,0.0052424304939,0.40308465575319996,2.2088107147631995,0.3261956751759998,0.0856263647337,1.9781437730316007,0.0,-0.0029124613854999,0.0431044285054001,1.5622442871821995,-0.06116168909549999,-0.2766838316225
-0.0168922760358999,-0.012814830096199908,-0.0174747683130001,-0.0698990732519999,2.9276061847045995,-0.0798014419627,-0.04135695167410003,0.008154891879400002,-1.0846006199602,0.011067353264899937,0.0215522142526999,-0.081548918794,0.2673639551889001,0.008154891879399901,0.0005824922770999025,-0.7164655008330002,-0.0029124613855,0.0,0.0,-0.026794644746600094,-0.7991794041811999,0.0029124613855000536,-0.4141520090181,-0.3273606597302008,0.0,0.0005824922771,-0.0990236871069999,-2.7196564417799,0.13397322373300008,-0.28716869261030004,0.0,0.5382228640404,-0.025047167915299998,0.023882183361100096,0.0,1.4201161715698003,0.8853882611920001,-0.19396992827429999,-0.023299691084,0.16601029897349995,0.0011649845541999004,0.0052424304939,0.34308795121190006,-0.075723996023,0.17416519085289994,-0.17008774491320008,-0.0023299691084002205,0.1718352217445,0.0122323378190999,0.133973223733,0.054754274047400076,0.0908687952276,0.4473540688127997,-0.029707106132099995,0.39958970209059996,0.5807448002687001,0.21144469658730008,4.887110204869003,0.02504716791530004,0.0029124613854999005,-0.10251864076960004,-0.05242430493900002,0.1065960867093001,0.5988020608587998,0.302895984092,-0.018057260590099905,0.0,-0.0017474768312999997,0.6861759024238,-0.18930999005749993,-0.4671588062342007,0.05358928949319991,6.480226582737494,-0.034949536626000005,0.045434397613800005,0.5224955725587002,0.5207480957274004,0.22484201896059997,0.15669042253990006,0.0,0.013397322373300099,0.0227171988069,0.38910484110279997,-0.0052424304938998995,-0.0547542740474001
0.0,-0.03145458296340009,-0.0005824922771,-0.0005824922771,0.0064074150480999,0.0,-0.0017474768312999997,0.0005824922771,0.0023299691084000995,0.0,0.14154562333530002,-0.0011649845542,0.5038558196915,0.0,0.0,-0.0005824922771,0.0017474768313,0.025629660192400098,0.0034949536625998997,-0.0005824922771,-0.0005824922771,0.0029124613854999,0.0005824922771,0.0034949536626,0.32095324468210007,-0.11183851720319998,0.4648288371257998,0.0,0.0,-0.0005824922771,0.20445478926209992,0.0040774459397,-0.0005824922771,0.019222245144299998,0.0,0.027377137023700093,0.19105746688879988,0.09319876433600009,0.061744181372599995,-0.0034949536626000003,-0.0011649845542,-0.03669701345729999,0.05999670454129999,0.12989577779329992,-0.11009104037189993,0.0034949536626000047,0.005242430493900099,-0.0145623069274999,0.09319876433600005,0.0005824922771,-0.09669371799860005,0.0005824922770999003,0.0,0.0,0.0005824922771,0.0011649845541999004,0.0005824922771,-0.2260070035147999,0.0,-0.2481417100446,0.0,1.1102302801526003,-0.0017474768313,-0.0005824922771,-0.0180572605900999,-0.0064074150481001,0.0273771370237,-0.005824922771000099,0.0005824922771,0.017474768312999902,-0.1887274977804,0.0052424304939,-0.034949536626000005,0.5085157579083002,0.061161689095500016,1.2756580868489995,0.030289598409199897,0.0122323378191,0.011067353264900099,-0.0017474768312999989,-0.0023299691084000002,0.0011649845541999,0.0454343976138,0.0034949536625999995,0.010484860987799901
0.0,-0.04892935127640008,-0.03494953662599991,0.0,0.0,0.0,0.0,0.0,0.0,0.0,-0.009902368710699994,0.0,0.11300350175740004,0.0,0.0,0.0,0.1514479920460001,0.061744181372600085,0.013397322373299991,0.0,0.0,0.004659938216800099,0.0005824922771000998,0.0,-0.02388218336109993,-1.9373693136345995,-0.9710146259257,0.0,-0.0005824922771,0.0,0.22425952668350002,0.0011649845542,0.0,0.10310113304669999,0.0017474768312999997,0.002912461385499998,1.6094261616273,0.5219130802816001,0.5871522153168001,0.0017474768312999,0.0005824922771000001,-0.005824922771,0.15377796115439946,-0.019804737421400098,0.9820819791906006,0.6558863040146001,0.0611616890955,0.0786364574085,0.0128148300962001,0.0431044285054,0.2015423278766001,0.08096642651690189,-0.0005824922771,-0.0040774459397,0.004077445939699997,0.3337680747783,0.019804737421400098,-0.0005824922770999025,-0.0110673532649,0.37454253417530126,0.0,-1.3012877470414002,0.09261627205889991,0.0,0.06057919681840001,0.5446302790884996,-1.6659279125059987,1.8447530415757,0.0,0.26678146291180005,0.0832963956253,0.40308465575319996,0.045434397613800005,0.061161689095500016,-5.849387446638204,4.061718648218303,0.12290587046809989,0.05300679721609991,0.4735662212823001,-0.7228729158811003,-0.145623069275,0.019222245144299998,0.8591761087225,0.0110673532649,0.1380506696726999
0.0,-0.26794644746600005,-2.345696399881701,0.0,0.0064074150480999,0.0,0.0,0.0,-0.0046599382168,0.0,0.03494953662600003,0.0,0.44735406881280015,0.0,0.0,-0.14678805382920002,0.4059971171387,0.0460168898908999,-0.005824922770999996,0.0,-0.0145623069275,0.17533017540709994,-0.24930669459879995,0.003494953662600001,-0.1537779611543999,-2.745286101972301,-6.988159848368699,-0.0040774459397001,0.0,0.0011649845542,0.0693165809748999,0.0151447992045999,0.0,0.629091659268,-0.0005824922771000001,0.9413075197935998,4.922642233772099,2.6748045364431996,2.6241277083355,0.0512593203848,0.0495118435534999,-0.012814830096200103,0.9780045332508998,-0.8131592188315988,1.1504222472725,-0.6896708560864004,0.09436374889020005,0.3745425341753001,-0.027377137023699996,0.0017474768312999989,1.2675031949695992,7.811803928188098,0.0017474768312999,-0.0011649845542,-0.0093198764335999,-0.3681351191272002,-0.0180572605901,0.06290916592679996,-0.0198047374213999,-0.44036416148759994,0.0,-3.0860440840758,-0.0145623069275,0.0163097837588,0.7187954699414005,2.9369260611382,0.027377137023700038,0.1875625132262002,0.0,0.5871522153167996,3.1949701398935,2.2088107147631995,0.5224955725587002,1.2756580868489995,4.061718648218303,8.641855423055588,-0.047181874445100025,-0.03378455207180009,0.19163995916590004,0.6774385182672997,-0.046599382168000095,0.013397322373299901,0.8743209079271006,0.0052424304938998995,0.02155221425270004
-0.0034949536625999,-0.0075723996022999986,-0.004659938216799901,-0.0961112257215,0.4205594240661999,-0.0099023687107001,0.051259320384799995,0.0,-0.46133388346320015,0.05824922770999991,0.0192222451442999,-0.014562306927499893,0.34075798210349995,0.0,-0.002912461385499901,-0.1357207005643,0.0,0.0,0.0,0.03203707524050009,-0.3250306906218,-0.04659938216799997,-0.0629091659268001,-0.020969721975599764,0.0,0.0,0.005824922771,-0.4537614838609001,-0.0116498455419999,-0.2143571579728,0.0,0.0081548918794,-0.005242430493899901,-0.009902368710699896,0.0,0.3722125650668999,0.44851905336700004,-0.05475427404739999,-0.0064074150481001,-0.23008444945450007,0.0,0.0034949536626,0.24522924865910056,-0.24173429499650007,0.1403806387811004,-1.1026578805503,-0.1293132855161998,0.4205594240662,0.014562306927500001,0.1328082391788,0.0023299691083999985,1.1544996932121998,8.7001046507656,-0.0034949536626000983,-0.16251534531090017,3.3353507786745986,0.15144799204599996,0.8218966029881005,2.009598355995001,-0.0017474768312999017,0.1526129766001998,-0.027959629300799982,0.13513820828720002,0.10834356354060001,-0.03727950573439992,0.10892605581770004,-0.0017474768313000002,-0.0168922760358999,0.9482974271187996,2.016005771043101,0.04718187444509997,0.3261956751759998,0.5207480957274004,0.030289598409199897,0.12290587046809989,-0.047181874445100025,13.270921549169294,-0.24639423321330023,0.4188119472349001,0.0,0.018639752867200002,-0.046016889890899915,0.9681021645402001,-0.1089260558176999,-0.5731724006664002
0.0,-0.0052424304939,0.0,0.0,0.0005824922771,0.0,0.0,0.0,-0.0017474768312999989,0.0,0.0157272914817,0.0,0.11649845542000009,0.0,0.0,0.0,0.0,0.0,0.0,0.0,-0.0017474768312999997,0.005824922770999899,0.0,0.023299691084,0.008737384156500001,0.0005824922771,-0.0017474768313,-0.0029124613854999,0.0,0.0029124613855,0.0011649845542,0.0,0.0,0.0,0.0,0.055919258601600005,0.07455901146880001,-0.0011649845541999,-0.0151447992046,0.0,-0.0011649845542,0.0058249227709999,-0.022134706529799986,0.0262121524694999,-0.10135365621539982,-0.1968823896598001,0.4083270862471,0.302895984092,0.0506768281076999,1.4032238955338991,0.0011649845542000999,-0.11708094769709998,0.041939443951199896,-0.0832963956253,0.20969721975600009,0.6448189507496993,0.6273441824366999,0.036697013457300004,0.49337095870370007,0.5789973234374,0.04193944395119997,0.17474768313000005,-0.8626710623850986,0.013397322373299901,0.025629660192399997,-0.15669042253989973,0.008737384156499897,-0.033202059794700006,-0.0751415037458999,-0.024464675638200095,0.042521936228299896,0.0856263647337,0.22484201896059997,0.0122323378191,0.05300679721609991,-0.03378455207180009,-0.24639423321330023,-8.720491880464103,0.1695052526361014,0.033202059794699895,0.004077445939699498,1.2908028860535996,0.2271719880689993,0.0099023687106999,0.015727291481700004
0.0,-0.0017474768313000995,-0.0081548918794,0.0,0.0110673532649,0.0,-0.0093198764336001,0.0,-0.03145458296340009,0.0,0.0110673532649,0.0,0.1893099900574999,0.0,0.0,-0.2044547892620999,-0.0005824922771,0.0,0.0,0.0,-0.3844449028859999,-0.093198764336,-0.262121524695,-0.1619328530338,0.0,-0.0005824922771,-0.0087373841564999,-0.1817375904552,-0.0104848609878001,-0.145623069275,0.0,0.0040774459397,-0.0046599382168,-0.0099023687107,-0.0011649845542,0.3011485072607001,0.1275658086849,-0.023299691084000096,-0.0163097837588001,0.009902368710699999,0.0,0.0034949536625999,-1.1137252338152006,-0.36231019635619993,-0.13047827007039992,-0.8615060778308999,-0.11941091680550009,0.16542780669639992,0.005824922771,0.4089095785242005,0.0069899073252000996,1.9245544835383996,0.0011649845542000994,-0.0023299691083998996,-0.12873079323910008,-0.7997618964582998,0.07222904236040018,0.020969721975600097,-0.0209697219756,-0.005242430493899997,0.0069899073251999,0.11591596314289998,0.8900481994087999,-0.0034949536625998997,-0.028542121577899898,0.07164655008330012,0.0122323378191001,-0.0460168898909,0.0011649845541999,0.499778373751802,0.0005824922770999996,1.9781437730316007,0.15669042253990006,0.011067353264900099,0.4735662212823001,0.19163995916590004,0.4188119472349001,0.1695052526361014,-1.7620391382275002,0.0,-0.0256296601923999,0.7252028849895003,1.3787592198956986,-0.0786364574084999,-0.43628671554789994
0.0,0.0064074150481001,0.0,0.0,0.0,0.0,0.0,0.0,0.0,0.0,0.01630978375879999,0.0,0.3401754898263998,0.0,0.0,0.0,0.0005824922771,0.10543110215509999,0.0011649845542000001,0.0,0.0,0.0,0.0,0.0,0.007572399602299995,-0.23532687994839996,0.0926162720589001,0.0,-0.0011649845542,0.0,0.3751250264524002,0.0,0.0,-0.0011649845542000001,0.0,-0.0023299691084001,0.10310113304669999,0.0011649845542000131,0.025629660192399997,0.0,-0.0005824922771,-0.010484860987800097,-0.0902863029505,0.2615390324179001,-0.24115180271940007,0.07164655008330009,0.006989907325199999,-0.0029124613855000016,0.0110673532649,-0.0005824922771,0.06523913503519999,-0.008737384156500001,0.0,0.0,-0.0011649845542,0.0,0.0,0.0040774459397001,0.0,-0.1561079302627999,0.0,-1.2785705482345002,0.0011649845542,0.0,0.0,0.009902368710700098,-0.05941421226419999,0.0168922760359,0.0,-0.0005824922771,0.0157272914817001,0.0,0.0,-0.0017474768312999989,-0.7228729158811003,0.6774385182672997,0.0,0.033202059794699895,0.0,-0.14445808472080002,-0.012232337819099902,0.0,-0.007572399602299995,0.0005824922770999001,0.0046599382168000004
0.0,-0.0005824922771,0.0,0.0,0.0,0.0,0.0,0.0,-0.0011649845542,0.0,0.0040774459397001,0.0,0.0017474768313000995,0.0,0.0,0.0,0.0,0.0,0.0,0.0,0.0,0.0,0.0,0.0,-0.0005824922770999007,0.0,-0.0017474768312999,0.0,0.0,0.0,0.0,0.0,0.0,-0.0017474768312999,0.0,-0.0192222451443,-0.0011649845541999,-0.005824922771,-0.0343670443489,0.0040774459397,-0.0017474768312999,0.0005824922770999996,-0.11067353264899993,-0.024464675638200005,-0.4281318236685,-0.19746488193689998,0.9634422263234,2.4691847626268997,-0.011067353264900097,-0.052424304938999994,0.0005824922771,0.0,0.0023299691084,-1.700877449132,2.6573297681301993,0.1811550981780999,-1.2482809498253005,0.012814830096200002,0.35473779675389994,-0.1456230692749999,0.20037734332239998,-0.0774714728543,-1.718352217445,0.0652391350352,0.0,-0.0029124613854999,-0.025629660192399904,-0.0017474768312999997,0.0093198764335999,0.0023299691083999005,0.0011649845542,-0.0029124613854999,0.013397322373300099,-0.0023299691084000002,-0.145623069275,-0.046599382168000095,0.018639752867200002,0.004077445939699498,-0.0256296601923999,-0.012232337819099902,-0.7077281166764999,0.0,-0.2900811539957999,0.0163097837588,0.0640741504809999
0.0,0.0,0.0,0.0,0.0005824922771,0.0,0.0,0.0,0.0005824922771000001,0.0,0.0017474768312999,0.0,0.0168922760359,0.0,0.0,0.0,0.0,0.0,0.0,0.0,-0.0005824922771,0.0011649845542000001,0.0005824922771,0.0005824922771000998,-0.0011649845542,0.0,0.0005824922771,-0.0005824922771,0.0,0.0011649845542,0.0,0.0,0.0,0.0,0.0,0.0384444902885999,0.0192222451442999,0.0011649845542,0.0005824922771,0.0005824922771,0.0,0.0005824922771,0.004659938216800004,-0.0017474768312999997,-0.04951184355350002,-0.0413569516741,0.005824922771,-0.0011649845541999004,0.0,0.013397322373299998,-0.0005824922771,0.0186397528671999,0.0064074150480999004,0.0,0.0110673532649001,0.0902863029505,0.008154891879400099,-0.0005824922771000998,0.026212152469500004,0.0023299691083999013,-0.0005824922771,0.0139798146504,0.0244646756382001,0.0005824922771,0.005824922771,0.1660102989735,0.0,0.005824922771,0.0023299691084,0.10484860987799999,0.0034949536626000003,0.0431044285054001,0.0227171988069,0.0011649845541999,0.019222245144299998,0.013397322373299901,-0.046016889890899915,1.2908028860535996,0.7252028849895003,0.0,0.0,0.6442364584726006,0.33376807477830006,-0.0023299691084,-0.011649845542
0.0,0.027377137023699927,-0.027377137023699996,0.0,0.0011649845542,0.0,0.0,0.0,-0.004077445939699997,0.0,0.07397651919170001,0.0,0.2487242023217,0.0,0.0,0.010484860987799998,0.0186397528672001,0.0,0.0104848609878,0.0,-0.0029124613855,0.015727291481700004,0.0005824922771000998,0.0326195675176,0.01514479920459999,-0.03786199801149992,-0.151447992046,0.0017474768312999997,0.0,0.0011649845542000001,0.0081548918794,0.0005824922771,0.0005824922771,0.0122323378190999,-0.0017474768312999997,0.07222904236040009,0.4298793004998001,0.05300679721609999,0.057084243155800005,0.0023299691084,-0.0040774459397,0.029124613855,0.0506768281076998,0.10659608670929999,1.1312000021281987,-0.17474768313000005,0.05650175087870002,-0.3127983528027002,0.8894657071316999,0.0605791968184,0.012814830096200075,-0.028542121577899926,0.04252193622829999,-0.032037075240499896,0.10018867166119999,1.0910080350083002,0.058831719987099906,0.06057919681839999,0.8807283229752003,2.4453025792657996,0.10717857898639999,1.4346784784973003,0.1898924823346001,0.0046599382168,0.0396094748428,-0.29241112310420014,0.36638764229590004,0.9389775506852001,0.09960617938409999,2.6847069051538988,0.0908687952276,1.5622442871821995,0.38910484110279997,0.0454343976138,0.8591761087225,0.8743209079271006,0.9681021645402001,0.2271719880689993,1.3787592198956986,-0.007572399602299995,-0.2900811539957999,0.33376807477830006,1.713692279228198,-0.0168922760359001,-0.022717198806899985
0.0,0.0,0.0,0.0,0.0844613801794999,0.1526129766002,-0.0040774459397,0.0,-0.0005824922770999001,-0.2411518027194001,0.0920337797817999,0.0751415037459,0.055919258601600096,0.0,-0.0069899073252000996,0.0,0.0,0.0,0.0005824922771,0.0,-0.0005824922771,0.0,-0.0017474768312999997,-0.0005824922771,-0.0011649845542,-0.0040774459396999,0.0,0.0,-0.0023299691084,-0.0005824922771,0.0,0.0780539651313999,-0.0005824922771,0.049511843553499996,-9.0030006348576,0.1724177140216001,0.1240708550223,0.006407415048099906,0.05125932038480008,1.3432271909926001,0.41881194723490006,-0.007572399602299901,2.0212482015370004,0.4706537598967998,0.11766343997420009,-0.07863645740850034,0.0017474768312999434,0.1898924823345999,0.058831719987100003,-0.0005824922771,-0.0011649845542000999,-0.0005824922771000985,0.0,-0.1322257469017,-1.0572234829365001,0.0023299691083999013,0.14387559244369996,-0.0029124613854999,0.8754858924813,0.0011649845541999992,-6.6130348219163,0.10659608670929993,-0.0017474768313000002,-0.6215192596657,-0.0011649845542,-0.0029124613854999005,0.006407415048100099,0.0034949536626,-0.0005824922771,-0.0862088570108001,-0.0005824922771000985,-0.06116168909549999,-0.0052424304938998995,0.0034949536625999995,0.0110673532649,0.0052424304938998995,-0.1089260558176999,0.0099023687106999,-0.0786364574084999,0.0005824922770999001,0.0163097837588,-0.0023299691084,-0.0168922760359001,-52.209365288750064,-7.080776120427597
-0.005824922771,-0.05591925860159999,-0.0477643667222,-0.033202059794700096,0.2341618953942,0.023882183361100096,-0.24348177182779998,-0.0157272914817,-0.093198764336,-0.09902368710699999,0.09028630295049991,0.1234883627451999,0.1933874359972001,-0.0163097837588,-0.0075723996023,0.069899073252,-0.1159159631429001,-0.046599382168000095,-0.0477643667222,-0.0075723996022999,-0.2230945421292999,-0.1537779611543999,-0.39259979476539997,-0.0943637488902,0.0017474768312999,-0.13047827007039992,0.0751415037459,-0.4461890842586,-0.0681515964206999,-0.17649515996130008,-0.008154891879399901,0.5789973234374,-0.0128148300961999,0.3949297638738001,7.857238325801902,-3.0901215300155003,-0.12115839363679992,-0.5714249238351001,-1.2733281177405997,0.535892894932,-0.21668712708119992,-0.059996704541299906,0.09785870255280038,0.5155056652334999,0.13222574690170008,-2.8920741558014997,-0.10950854809480001,0.019222245144300043,0.058249227710000004,-0.0017474768312999997,0.012814830096200006,-0.006407415048099913,-0.0011649845541999004,-0.041356951674099904,-0.1100910403719,-0.07455901146880001,-0.011067353264900007,-0.013397322373299998,-0.03611452118019992,0.016309783758800003,-0.29124613855000003,0.021552214252699903,-0.0023299691083999985,-0.0302895984092,-0.016892276035899906,0.008154891879399905,0.013979814650400098,0.0128148300962,-0.006407415048099999,-0.5801623079915998,0.034949536626000005,-0.2766838316225,-0.0547542740474001,0.010484860987799901,0.1380506696726999,0.02155221425270004,-0.5731724006664002,0.015727291481700004,-0.43628671554789994,0.0046599382168000004,0.0640741504809999,-0.011649845542,-0.022717198806899985,-7.080776120427597,-1.0758632358037001
