2.4764415244636266,0.0010572356243453722,0.28197891168667344,0.013002122717468348,0.0,0.02725079344849846,2.8968813193888487,0.4722515466723753,0.055311561661679505,0.5284522566085865,0.029011734519622162,0.013784824486790527,0.00842377005365568,6.768914722234172,0.005180628438589542,0.0019507385435336535,0.2903817540254027,0.003517172125936464,0.020468282685172576,0.004985134789776771,0.22788570180624432,0.0018218533212116393,0.45578601408718245,0.04598841924502131,0.0,0.1161217198344583,0.030643598416649907,0.3877365082196722,3.689809017853014,4.459615942963377,0.0,0.00988655047031967,0.037488974724431356,0.20056688991749871,0.006160185875708293,0.2641246814298393,0.055616007691885495,0.3517459230420054,0.08908789145371313,0.04317421353650941,0.005922913596873727,0.003993194141353659,0.01757007111436781,0.0013522802789755763,0.0006199789894545598,0.002134993125065129,0.012892233522913462,0.0,0.0,0.0,0.0,0.0,0.0,0.0,0.0,0.0,0.0,0.03280595162150059,0.0,0.0,0.0,0.0,0.0,0.0,0.0,0.0,0.0,0.0,0.0,0.0,0.0026565042417267754,0.0,0.00407834883241854,0.0,0.0,0.0,0.0,0.0,0.0,0.0,0.0,0.0,0.005318087379336792,0.0,0.03556639229919466
0.0010572356243453722,1.8783565313273827,0.037898127223980414,0.0,0.0,0.0,0.008665552407003925,0.0007990645858825919,0.10276140605151166,0.0,0.04280945849614697,0.0,0.17770139589662728,0.002074634658713111,0.0025977409937742017,0.4448598782818269,0.011652533587612209,0.0003085750284109433,0.0022200929649613677,0.0,0.06460287402439518,2.757829440376305,0.07967105164524495,0.5423634164485808,1.2639786680431158,0.05803245513847995,8.213208933703982,0.15057182855701964,0.005215013592724865,0.007929303212815104,0.03767388192014108,0.0005101962329368416,0.0018537036028887486,0.026372944828845443,0.0,0.08226487674907715,0.13469675813518325,0.049645805572225116,0.02963461029544589,0.006147412163965053,0.0009108159475647383,0.04400453673259866,0.05931467412628896,0.07965819654452921,0.02482882538748386,0.028624174627863142,0.00601181732980372,0.0,0.008073080677661916,0.0,1.0747854106616985,0.034278159992518854,0.0,0.0,0.0,0.001452106209886002,0.0,0.016298450284704703,0.0,0.014810976175131338,0.0,0.04505160792731204,0.0010964908137885104,0.0002306812061617807,0.017457703728716762,0.020154131740453395,0.0,0.004686576887747406,0.0,0.0038620925821698203,0.26783775667621124,0.038936538927026774,0.04106269712136583,0.06273447967780922,0.18905969031956674,1.643024733444403,0.012375011000050675,0.0010588969755532171,0.008277724255333756,0.011135436077883512,0.0009020618594848891,0.0,0.013295797622596455,0.0,0.009642608966823495
0.28197891168667344,0.037898127223980414,22.963323335303162,0.00033096763557862504,0.0,0.00019533939355914498,1.8864252827918786,0.11478796090757358,0.010485461038488457,0.2846480889795077,0.017136538636175497,0.0,0.07211246215902102,0.4142823926234007,0.0014448568139242878,0.13974929210425446,2.583773607306956,0.010675510258094722,0.2367187404128303,0.0,1.5115321873043936,0.041620565343576256,16.02468027741325,0.0825767127996556,0.0,7.569936078458657,15.59838809503781,0.6008627813018488,0.35787218258213144,1.1048696300724818,0.0012160076449898851,0.008681445888228704,0.04072465388990537,0.5296723272828705,0.015538675484383306,2.6068925929169393,1.1965079729318475,2.001586500069995,1.162193467074443,0.11460340326514064,0.011992301434875362,0.03997121239181213,0.04821319753234079,0.7737931508177556,0.06298831363600683,0.04532411011744828,0.00043318709065434885,0.0001762833928135404,0.0012265145802882096,0.0,0.0561363008694881,0.422480798551422,0.0,0.0,0.0,0.0,0.0,0.006701046916708427,0.0,0.0,0.0,0.0,0.0,0.0,0.022090570354866258,0.04631195125563298,0.0,0.0014545093630537634,0.0,0.0004105491692835062,0.08234974722750062,0.16048810871585262,0.0020122937924555496,0.0,0.10940691453465413,2.013702942756697,0.0,0.0,0.0012827120063931279,0.0,0.0,0.0,0.008076566895563382,0.0,0.4201063650376214
0.013002122717468348,0.0,0.00033096763557862504,15.785054978450331,0.02081170378962814,0.1387099432056182,0.01898094443331198,0.10670489159445122,0.8192668998401819,2.7047403423126797,0.0,3.1238007725827512,0.0032373624380278884,0.05694398551593123,0.1337328181478852,0.0,0.0,0.0,0.0,11.18337825662477,0.0,0.000643583430483923,0.0,1.1302294092817933,0.0,0.0,0.0,5.264897556184621,0.02017233388769839,0.0011765736292641367,0.0,0.00034100561796979043,0.00027016618048070044,0.01681272824495629,0.0004029986655369845,0.23584409531449335,0.0006252635499038741,0.02129130962415475,0.005618079278850596,0.17413020126990816,0.002077077283961889,0.0,0.10614470754934482,0.0,0.0,0.0,0.08125811086506016,0.0,0.0,0.0,0.0,0.0,0.07452608582210879,0.0,0.004324356514970737,0.0,0.0002157026440688443,0.26325734483997837,0.00045828738697263415,0.0,0.03906514167129354,0.0,0.0,0.0030956547443331188,0.0,0.0,0.0,0.0,0.021805151656928923,0.0,0.00025382951929577154,0.0,0.36345937202108236,0.0,0.0,0.0,0.0021167495935968004,0.0,0.0,0.0,0.0,0.0,0.0017025426326119151,0.0,0.01047587392560123
0.0,0.0,0.0,0.02081170378962814,1.56758798217399,0.36332695266803544,0.009945513632753138,0.01405295864727214,0.05926513621389406,0.036186125933471584,0.003705069174714335,0.13971438299580355,0.021078549780794507,0.007185880111312274,0.6251418468793665,0.0,0.0,0.0014406060122528158,0.0020632321442368225,0.02614976401464289,0.0005443680739367296,0.0004969308137926556,0.00021512097037115456,0.1653910698034875,0.0,0.002675921145679569,0.0,0.04030037086758059,0.0016409812102019146,0.0,0.0,0.09552456693728102,0.0,0.8723626696688935,0.0016005784621958056,0.3435596632606142,0.003046668170863754,0.009403617125705213,0.009792350362632344,3.964709421451445,2.3890692815753396,0.0,0.02847453790818892,0.0,0.0006311406013132152,0.0,0.017547574964692766,0.0,0.00023437737729141376,0.0,0.0,0.0,0.0,0.0,0.0015077985162773443,0.0,0.0,0.003055448701140435,0.0,0.0,0.006297890950148252,0.0,0.0,0.001831685557087775,0.0,0.0,0.0,0.0,0.0014051385582407433,0.0,0.0,0.0011322368123058567,0.01608766411368606,0.0,0.0,0.0,0.0,0.0,0.0,0.0,0.0,0.0,0.003932388424909967,0.004221700586091197,0.017359409901850614
0.02725079344849846,0.0,0.00019533939355914498,0.1387099432056182,0.36332695266803544,23.85446651163938,0.10218583679992886,10.208306742091352,0.16003621930249357,10.01589162825746,0.07639562353420275,4.0564365099164,0.18786347956218583,0.6996022678079603,1.1248883547648083,0.0,0.0031545483184438426,0.01603443572561419,0.008081942446671422,0.16380899033497545,0.0,0.0,0.0003214645067143111,0.06230365367319118,0.0010990162348003037,0.019852456295222514,0.0021457262121688035,0.11036290808181887,0.19079668224503119,0.014503636226769602,0.002278493971207118,0.13602996811332027,0.0,0.24821168199853333,4.056327074206884,1.4253660560689336,0.04350814682289753,0.41611397502040975,0.20145390373583338,4.664564530761112,0.2568257383774442,0.015466911553392517,0.09401897089483353,0.0009849512901605323,0.01270447541859242,0.02504334894995756,0.07846130134945815,0.0006857910769544386,0.009798352072063652,0.0,0.0,0.0,0.0036375869947845173,0.0001770478263437837,0.016077436460433622,0.003624841937859926,0.0021459606817933042,0.03283553707984955,0.0158507963895365,0.0,0.032120001208457157,0.0,0.0,0.01024545106352681,0.0,0.0,0.0,0.0,0.011664237920097558,0.00035333601317131603,0.0007234335928702656,0.0,0.14190578584940525,0.0,0.0,0.0,0.003950737479318749,0.0,0.0,0.0,0.0,0.0,0.030948140245186856,0.4046946586587028,0.24479617055870823
2.8968813193888487,0.008665552407003925,1.8864252827918786,0.01898094443331198,0.009945513632753138,0.10218583679992886,44.4223249323525,2.2171680913110188,0.3366668202866711,13.204087077051414,0.009144320053938879,0.009144529392549844,0.2290060131877786,6.857155200173369,0.04514702952517983,0.11356152665092148,0.09343026334059723,0.0,0.0017374251349680128,0.009714678075730612,2.827823984991538,0.03505104732254679,1.5574781908618571,0.39430662848358744,0.0,0.10080280613086258,0.5318868771793988,19.744426263354928,3.8919229866072467,12.072190965786541,0.0,0.02924175833124985,0.05782667623995587,0.8418574843110392,0.11400217806233577,4.555951167983063,0.15747142753956986,1.4943415302598402,0.5257279607749833,0.8872774808408401,0.12225421264445199,0.006639410347104753,0.1582826019413776,0.0034748129285278985,0.0,0.0,0.2185695898315922,0.0,0.0010983141507682733,0.006542877944781294,0.0013221034223193239,0.0,0.0,0.0,0.008905829194111797,0.029974106085829556,0.0,0.36873488567429874,0.011017862980338073,0.0,0.01916064008509322,0.0,0.0,0.00023289642305452754,0.0013349522266236397,0.0,0.0,0.0,0.0,0.0,0.03417672429726912,0.0,0.760815290755342,0.0,0.0,0.0,0.04585076888516799,0.0,0.008100348960957298,0.0,0.0,0.0,0.01599193694181529,0.0003355959214629436,0.7569177082105135
0.4722515466723753,0.0007990645858825919,0.11478796090757358,0.10670489159445122,0.01405295864727214,10.208306742091352,2.2171680913110188,28.90308550209577,0.8877341880060695,8.891663095368491,0.20222287129700198,1.321089558918082,0.22425083689631048,10.28524611254004,0.10527568059834488,0.006140162877268579,0.044401045341210685,0.03912880150601609,0.037509152947854056,0.21109318334871732,0.12451315385399325,0.004647411541677628,0.07960608270324876,0.4780857112286343,0.004041393253635834,0.081507831791441,0.02172967224217099,1.6398671768207183,0.575329394497069,0.42570451240429835,0.0061258734239561154,0.15528782865783894,0.004378224214173482,0.2477769674202925,2.157094411010996,1.3821896264277471,0.07382790297018371,0.73329973182214,0.263624236876954,2.2202445971518063,0.053595630618196874,0.04262770715477623,0.20981295734588773,0.007040454611963231,0.03770859762905312,0.05458596986107448,0.14943117797699468,0.0002687213111012696,0.01636031504117948,0.0,0.0,0.0,0.0,0.0013908283581839799,0.0037172540285680014,0.0,0.0,0.46375278784602764,0.0,0.0,0.016145500109188714,0.0,0.001894580944621898,0.0014800983073452378,0.0,0.0,0.0,0.0,0.0011485737466539743,0.0,0.01048464985307815,0.0,0.23460901282049737,0.00042962934497146324,0.0,0.0,0.0,0.000449585363796878,0.0,0.0,0.0011564304117043249,0.0,0.06731068593453667,0.19677440350930422,0.2324044669658357
0.055311561661679505,0.10276140605151166,0.010485461038488457,0.8192668998401819,0.05926513621389406,0.16003621930249357,0.3366668202866711,0.8877341880060695,1.501362571122885,1.7741728984206122,0.00792974598303048,0.7622055976176784,0.06107578735851343,0.736574577631208,0.6907814211301557,0.06416100482416154,0.0010429063848142355,0.0,0.0,0.6367981703740604,0.0334161049583119,0.8650047726869792,0.030389282912722065,6.897505655266056,0.021033515728450834,0.0004983121044395131,0.10893490831861566,2.5719816856318567,0.2509743873766319,0.11864941141966447,0.0003682703911182013,0.014674831040064791,0.0008498541183577197,0.11433367542963145,0.014083626774268214,0.8265690431769117,0.017797957369397818,0.39481177346475615,0.09860886326933492,0.5156098586230201,0.027643461573867358,0.004123263662687759,0.42538550381222173,0.013281691256912417,0.11902653515270759,0.03377556903254823,0.4822128163579517,0.0077284573820052315,0.008451468678241262,0.021383532644960596,0.0012565637877855747,0.0037072449468423833,0.43718195857583547,0.0029909675193369434,0.02172241914484803,0.34648176557478794,0.10225112170978783,2.315030503341962,0.23919444816877705,0.0017048631539145708,0.16943251659710845,0.0,0.11174101894524414,0.0038239177531448117,0.023107992690054143,0.0,0.0,0.0,0.1900941860370643,0.0606536618200409,0.3673951583638924,0.042244171503138576,2.049380303176758,0.0,0.00180272520538376,0.021151376139039987,1.4465906145798029,0.06261155065593058,0.17951413981273892,0.0,0.0,0.010305687043504206,0.06776857655197528,0.001284012973403842,0.10427797585149175
0.5284522566085865,0.0,0.2846480889795077,2.7047403423126797,0.036186125933471584,10.01589162825746,13.204087077051414,8.891663095368491,1.7741728984206122,70.88538096665242,0.011741190585890465,4.453535415421207,0.11625527530053065,4.727223707419286,0.21461494307288093,0.006251355415353906,0.005797289505984287,0.0,0.00045740143679713066,2.5248343298667564,0.22631907106830884,0.0008344864079837029,0.12790812058100132,0.5466762628091205,0.0,0.00550866840670033,0.0403644568641965,6.642119183609053,1.1428477582039573,0.16827210129444042,0.0,0.027024211834524078,0.004870381378290021,0.6936071584773869,3.864016821398096,2.8184739244731323,0.02453291573429488,1.7110266423332536,0.2956499338615737,1.049931364581222,0.10340431121779375,0.007475135714054931,0.7276102702895672,0.0,0.0,0.0,0.5588559092299659,0.0,0.0026416959012759513,0.0,0.0,0.0,0.0,0.0,0.014905955180339832,0.0,0.0,0.8831798461954837,0.0005586546180612049,0.0,0.1491645829545098,0.0,0.0,0.0,0.0,0.0,0.0,0.0,0.005192280924701435,0.0,0.001138640467713698,0.0,1.0618062687946739,0.0,0.0,0.0,0.0,0.0,0.0,0.0,0.0,0.0,0.008255886224075267,0.06780040824489708,0.36607329599443067
0.029011734519622162,0.04280945849614697,0.017136538636175497,0.0,0.003705069174714335,0.07639562353420275,0.009144320053938879,0.20222287129700198,0.00792974598303048,0.011741190585890465,28.704139907855815,0.0015305799302721182,3.8712461016361304,0.5654188600801021,0.0,0.001645930708681852,0.4490831548283128,4.934675451284434,1.4943358503912778,0.0,0.01365632753862736,0.005800410723230704,0.07967287697631592,0.0006157588913256926,0.260096752253278,2.5559034869231994,0.23962040625510173,0.0017721931819473223,0.9430214676727454,0.007742315524298164,0.6682160800111816,0.7269032661923913,0.002055443414871932,6.516839719860023,0.0011189203526195365,0.4773178038820997,1.8591917900657553,2.415339372828078,0.57389840971579,0.09088528843351165,0.0024129051756061415,0.4502774060768637,0.005365327169810495,0.3551698245389846,0.014557661186021068,0.010486434537466489,0.0,0.0,0.057776993810575154,0.0,0.02760691345895762,0.0,0.0,0.0,0.0,0.0,0.00022170607442823791,0.001701832900010556,0.0,0.19828772985151003,0.0,0.7613514377645317,0.00047437994953059785,0.0,0.0,0.0005495209150956244,0.0,0.0,0.0,0.0,0.0015994548054119925,0.0,0.0,0.12035975467789838,0.015189257997178632,0.045714631740124946,0.0,0.002390683104218243,0.0,0.09996872446877811,0.0021525592391375167,0.0,0.026187622370453623,0.0006427326090947076,0.04020132399808926
0.013784824486790527,0.0,0.0,3.1238007725827512,0.13971438299580355,4.0564365099164,0.009144529392549844,1.321089558918082,0.7622055976176784,4.453535415421207,0.0015305799302721182,21.561652442307285,0.007059367680069423,0.30402853358176984,1.006527009226585,0.0,0.0,0.0,0.0,5.356166955087084,0.0,0.0,0.0,0.2331250016280055,0.0,0.0,0.0,0.831658871242247,0.05631349815707187,0.0,0.0,0.016735697003771702,0.0,0.03919918910427188,2.413435531391796,0.8974018316417589,0.0022480634005796014,0.1404835865972852,0.03435768719406518,1.2964692240791376,0.022165111549672236,0.0024892027141194205,0.1856073685964605,0.0006491402526851304,0.00020973182939438745,0.0025955325376704167,0.1684019889437224,0.0,0.001462099052059949,0.0,0.0,0.0,0.09287317531343316,0.0015205470013999753,0.03156502085383772,0.004462572035806485,0.007880548145149619,0.12247679299132906,0.06677221399245829,0.0,0.21330260502974688,0.0,0.0,0.017598993141276217,0.0,0.0,0.0,0.0,0.04891596847418652,0.0,0.0,0.0,0.395880497677299,0.0,0.0,0.0,0.05808220141975636,0.0,0.0009911299137321066,0.0,0.0,0.0,0.0038277985825911727,0.7109577833144475,0.05708715789699485
0.00842377005365568,0.17770139589662728,0.07211246215902102,0.0032373624380278884,0.021078549780794507,0.18786347956218583,0.2290060131877786,0.22425083689631048,0.06107578735851343,0.11625527530053065,3.8712461016361304,0.007059367680069423,13.01131343575158,0.22394766674307623,0.016910623403804163,0.2629182820132517,0.06949148354140765,0.04538624751810347,0.016922438613228532,0.00393051486687764,0.18247309320711722,0.1373928542399855,0.3618775842771996,0.15843459569061494,3.273608399088014,0.29931574384500437,0.9657331064465013,0.4166856961948123,0.17701590207585674,0.22613933710539022,1.5465894951311765,0.22552541481311725,0.010558868155334869,1.59294892530434,0.4526014928693784,1.8301741816907333,1.0069345595215873,1.2101519540405916,1.3439994881492898,0.7193131446459508,0.3499723438846626,0.6364091583331204,0.3889600607958792,1.060900384671927,0.06915485436651891,0.17434007226228967,0.06498813482450382,0.006578624093538397,0.1920762803959261,0.0007583848504013934,0.14739111494726886,0.007335967304403875,0.0,0.0011099532792001104,0.002563947688665442,0.017793330872732393,0.0031722263747916714,0.030367511888394174,0.009446414613452832,0.7485592765110941,0.0014356822867198924,3.2877215517300806,0.00313425681424611,0.0008116879622640094,0.0696785729149225,0.005237076737768584,0.006950210426283299,0.006921027760716758,0.00036707243394659483,0.05053903225513699,0.11696980131492432,0.11412134751190832,0.06621504734892786,0.8836211281358309,0.12441334196367104,0.45937199597981077,0.059397797985614356,0.019087360275951672,0.05581775283055108,0.5406608407222498,0.021022538146633584,0.002151065227700129,0.1744052675336476,0.503127940291461,0.3362656754158097
6.768914722234172,0.002074634658713111,0.4142823926234007,0.05694398551593123,0.007185880111312274,0.6996022678079603,6.857155200173369,10.28524611254004,0.736574577631208,4.727223707419286,0.5654188600801021,0.30402853358176984,0.22394766674307623,25.919907862564113,0.05392105297271903,0.011827135278560184,0.3136066466432939,0.18109974155669362,0.17137928685800022,0.06121997592030361,0.32122439760842775,0.013192975173436046,0.4687863889426614,0.421037788771384,0.009852126253848131,0.4175403278281052,0.14267259994222053,1.814028201661136,9.439057172380254,3.1139570420405347,0.017404244217269497,0.5202334680901018,0.016112692609059735,0.6050141539348681,0.04090474424883858,1.3937065353790983,0.1346205873580484,1.381083655826892,0.33737909688414075,0.6039414961587227,0.04804321822695251,0.047679036774656965,0.11702769403276357,0.009017024163349527,0.05257336291433731,0.0650056757665882,0.0955652307473482,0.002347683694240275,0.019113765390881658,0.0,0.0,0.0,0.0,0.00031050096548503086,0.0,0.0,0.0,0.4665595392178932,0.0,0.0,0.0024726127760243315,0.0,0.0003467195090054935,0.0,0.0,0.0,0.0,0.0,0.0,0.0,0.013791498860578214,0.0,0.16192492714291434,0.00042880685060509526,0.0,0.0,0.001731235530236188,0.0006571551884880135,0.0,0.0,0.0008083489383476932,0.0,0.06141215304018847,0.0017222651652003154,0.21210367980876796
0.005180628438589542,0.0025977409937742017,0.0014448568139242878,0.1337328181478852,0.6251418468793665,1.1248883547648083,0.04514702952517983,0.10527568059834488,0.6907814211301557,0.21461494307288093,0.0,1.006527009226585,0.016910623403804163,0.05392105297271903,1.1602340130134743,0.0025674226385853124,0.0018257104400930685,0.0,0.0,0.133838491997351,0.013856172731696273,0.008930761918470902,0.00553213540567043,1.2279070316454919,0.0011939074180430755,0.0,0.004606020571197511,0.3321305626441454,0.0150644949439817,0.029719275505389844,0.0,0.020078739601334775,0.0,0.012715900714878787,0.09633184508958044,0.4307070908627472,0.003771103617051219,0.01739835660810281,0.00820726489710785,1.5122192741036267,0.05425061575732563,0.0,0.07873842096724165,0.0,0.0005698153011650139,0.0016903421265074363,0.07967175766282698,0.00021922817015341915,0.0004780433957100194,0.00044130532311768947,0.0,0.0,0.0460925909291281,0.0008105893955192387,0.019571744800015216,0.002622320190332273,0.007805322608260849,0.04303046330603276,0.05043610377768399,0.0,0.03843887988748473,0.0,0.0,0.0072608907507191595,0.0,0.0,0.0,0.0,0.02471003585327699,0.0017664692111898945,0.0035708593462192915,0.0014848526580419383,0.13543805780262516,0.0,0.00018959100201249094,0.0,0.05142806446262751,0.0,0.0027120173120907176,0.0,0.0,0.0,0.0035979424795042317,0.01789938622190964,0.009693468511024355
0.0019507385435336535,0.4448598782818269,0.13974929210425446,0.0,0.0,0.0,0.11356152665092148,0.006140162877268579,0.06416100482416154,0.006251355415353906,0.001645930708681852,0.0,0.2629182820132517,0.011827135278560184,0.0025674226385853124,13.103846086200631,0.03781817248106661,0.0002146217509824942,0.00791457795494866,0.0,3.328924835770228,2.5788672752626267,6.34525911662715,1.9082928754020585,0.08697311228181583,0.03387170776573985,6.042481611153768,1.823917493214806,0.05283407872742413,0.16162157366986304,0.0,0.000816239912694762,0.01246024045588078,0.08744098417296711,0.04600818030727734,2.347728907979369,0.7439057161889233,0.8019856929403401,0.7662032364246187,0.21751162117382566,0.011072729418797639,0.011365495154879083,0.3316378174962617,0.10998721957549448,0.070679222593157,0.03323382126285749,0.21708023694656997,0.00023891347059896403,0.024616797157096523,0.0040161955746401586,0.05993906442810549,0.017339736880090488,0.0,0.0,0.0004107353299977808,0.005875497547851363,0.0,0.22392838153109748,0.0,0.0,0.0024366290435823544,0.0,0.0,0.0,0.9853783139793866,0.0,0.0,0.0,0.00040495445934778524,0.11446215290125916,2.062550786216018,0.32201640436769385,1.1372457761587518,0.0009502762552475669,0.0011182123136299553,0.8486179890340874,0.3279643622897483,0.020387582794049765,0.18099375459392067,0.0,0.0,0.02891570525657909,0.13877755110890624,0.0010468859081212945,0.5954560815864149
0.2903817540254027,0.011652533587612209,2.583773607306956,0.0,0.0,0.0031545483184438426,0.09343026334059723,0.044401045341210685,0.0010429063848142355,0.005797289505984287,0.4490831548283128,0.0,0.06949148354140765,0.3136066466432939,0.0018257104400930685,0.03781817248106661,8.829749586666926,0.2266574233429446,4.566516861407533,0.0,0.7425171657385831,0.004466062815533237,5.280767990112054,0.008339649421848136,0.0,5.000365542327936,3.592170176754283,0.04476847791350752,1.3550909854636204,1.0195313857452497,0.002726721686631269,0.14594137225457185,0.14819611494587626,4.723146526755613,0.021905618087230103,2.3173797666706433,1.2946886941341735,3.0406683546992133,1.3185402282463679,0.0807373643458266,0.007845153885214423,0.040551616440651035,0.010609480923909457,0.3414343459581824,0.01827896253700001,0.008298127237429533,0.0,0.0,0.0,0.0,0.023599830635666362,0.06804333295304968,0.0,0.0,0.0,0.0,0.0,0.0,0.0,0.0,0.0,0.0,0.0,0.0,0.0,0.03279184678553036,0.0,0.0,0.0,0.0,0.00582447760222514,0.031407912369706574,0.0,0.0,0.09630109620188707,0.507767544036983,0.0,0.0,0.0,0.0,0.0,0.0,0.002923290615026832,0.002200593374510835,0.5232213305224788
0.003517172125936464,0.0003085750284109433,0.010675510258094722,0.0,0.0014406060122528158,0.01603443572561419,0.0,0.03912880150601609,0.0,0.0,4.934675451284434,0.0,0.04538624751810347,0.18109974155669362,0.0,0.0002146217509824942,0.2266574233429446,3.69484765155803,1.9168376649712857,0.0,0.00997919205908216,0.0,0.03966853671858504,0.0,0.0041548751860782775,3.0319862934699238,0.1278737287753421,0.0,0.36855719958850275,0.0035155674697487913,0.056634206165646385,0.22458878936930113,0.0005210286968092003,0.9184681550478913,0.003312148947037018,0.5360765912709878,1.2208325707294212,1.6007226112581965,0.6463138252320793,0.030173880160861834,0.0028572274222641546,0.015565795440066305,0.002551221876087619,0.015819552967203228,0.0,0.0005937665228646194,0.0,0.0,0.0012365051961821542,0.0,0.004147307514025236,0.0,0.0,0.0,0.0,0.0,0.0,0.0,0.0,0.004026202812514242,0.0,0.04155761076157879,0.0,0.0,0.0,0.0,0.0,0.0,0.0,0.0,0.0,0.0,0.0,0.005273775420228838,0.017690560392868926,0.01709705479548378,0.0,0.0,0.0,0.02888437649806517,0.0,0.0,0.0012745685473091492,0.0,0.03186772896519369
0.020468282685172576,0.0022200929649613677,0.2367187404128303,0.0,0.0020632321442368225,0.008081942446671422,0.0017374251349680128,0.037509152947854056,0.0,0.00045740143679713066,1.4943358503912778,0.0,0.016922438613228532,0.17137928685800022,0.0,0.00791457795494866,4.566516861407533,1.9168376649712857,7.472594004540656,0.0,0.10512138163860184,0.0,0.5223395676518607,0.0,0.0001715827460000784,5.434388287176556,0.5330267456385748,0.003648595198195434,0.6284762466482182,0.13153393645490036,0.001741109177651992,0.18300230880961568,0.01991485515402538,1.9864055891067676,0.0026832925909547668,0.6987176274636134,0.5974551863771278,1.667024487119299,0.5446933174649692,0.019563172706910985,0.0017944976939860942,0.005781768086682997,0.0015165003072643878,0.04252219335162396,0.001371530635331166,0.0,0.0,0.0,0.0,0.0,0.002069523119828613,0.00255615872711184,0.0,0.0,0.0,0.0,0.0,0.0,0.0,0.0,0.0,0.0,0.0,0.0,0.0,0.0014849793647878163,0.0,0.0,0.0,0.0,0.00047196759076332346,0.0,0.0,0.0,0.0095983994029375,0.024667402304418138,0.0,0.0,0.0,0.0,0.0,0.0,0.0,0.0,0.08533988297858074
0.004985134789776771,0.0,0.0,11.18337825662477,0.02614976401464289,0.16380899033497545,0.009714678075730612,0.21109318334871732,0.6367981703740604,2.5248343298667564,0.0,5.356166955087084,0.00393051486687764,0.06121997592030361,0.133838491997351,0.0,0.0,0.0,0.0,3.4612599166482263,0.0,0.0005376262424991424,0.0001852070606020071,0.44498272871465566,0.0,0.0,0.0,1.5641733205585102,0.018914936706335157,0.00033743534775462357,0.0,0.0006884026263201741,0.00033701046972823764,0.014284363612965088,0.0005143457456973029,0.14528133817190345,0.0,0.03550911695748215,0.010294062720517309,0.183479080671649,0.005499451798706475,0.0,0.07206475112106937,0.0,0.0,0.0,0.07081765226027592,0.0,0.0,0.0,0.0,0.0,0.06936205085907743,0.0012131367408330011,0.014131072393205909,0.0005697817567252317,0.006708592503517519,0.14221476935239308,0.07446843713460566,0.0,0.06259440043281583,0.0,0.0030720587986789796,0.007142264472493045,0.0,0.0,0.0,0.0,0.03065146008058664,0.0,0.0,0.0,0.45396961519295037,0.0,0.0,0.0,0.06460446845062143,0.0,0.0,0.0,0.0,0.0,0.0010503179031294701,0.0,0.006142830643618923
0.22788570180624432,0.06460287402439518,1.5115321873043936,0.0,0.0005443680739367296,0.0,2.827823984991538,0.12451315385399325,0.0334161049583119,0.22631907106830884,0.01365632753862736,0.0,0.18247309320711722,0.32122439760842775,0.013856172731696273,3.328924835770228,0.7425171657385831,0.00997919205908216,0.10512138163860184,0.0,42.64864717439317,0.10395480031884345,24.251570482921395,0.36394039897344915,0.00792079977927881,0.22869956967905875,0.7261549549448603,10.554852646956865,0.844360403819159,15.029383182466047,0.0,0.012504374681358899,0.3237925375052604,3.325495732768071,0.200165739132654,5.743253990232058,1.1025822573278563,4.580406069047712,2.704818728730108,0.6915990972119813,0.03206018387838539,0.01324139278212516,0.14918916541536784,0.04012817190639738,0.002947742462905529,0.0021530228790206276,0.10332881027777636,0.0,0.0172609916628094,0.0,0.004007834650340286,0.0025674825432729716,0.0,0.0,0.0,0.0006089681090443803,0.0,0.05689596334510569,0.0,0.0,0.0015047338028368548,0.0,0.0,0.0,0.07106102772866683,0.0,0.0,0.0,0.0,0.010164730575899424,0.21894147359807703,0.01072876209722647,0.18323549751728407,0.0,0.0,0.03596644633382966,0.04388771391873023,0.0018308006176160777,0.015726950263220876,0.0,0.0,0.002619511089347225,0.07433351948565164,0.006329050169928085,2.6952482636096415
0.0018218533212116393,2.757829440376305,0.041620565343576256,0.000643583430483923,0.0004969308137926556,0.0,0.03505104732254679,0.004647411541677628,0.8650047726869792,0.0008344864079837029,0.005800410723230704,0.0,0.1373928542399855,0.013192975173436046,0.008930761918470902,2.5788672752626267,0.004466062815533237,0.0,0.0,0.0005376262424991424,0.10395480031884345,3.989678895752101,0.1499054299359126,5.391340410755159,0.5832663236613042,0.010767034623066532,4.045728464235544,0.6532144819025002,0.018521579062440997,0.04057274132476826,0.014864266721487194,0.0,0.0023322947727445254,0.018984827625619975,0.002895456965876202,0.1936089413380152,0.07577504418668851,0.06315368674075471,0.03657978815432304,0.03711889158140702,0.002161315512522893,0.011397497806983825,0.2670116347982815,0.06894814064892478,0.049234865287885315,0.022382121279607224,0.10732248133474408,0.0,0.009790882178774593,0.003997446636636914,0.08103927116027955,0.014161847176769672,0.0009446959956446152,0.0,0.00019878698618549183,0.02346526605013591,0.002213054095870512,0.19231293359136378,0.0011010996231373498,0.0023136098915094313,0.0025985122700423633,0.007520872751869164,0.0004182182804873107,0.002210179107923933,0.4203281641514326,0.0012506984277607818,0.0,0.0,0.0001780865566916917,0.11453952413500898,2.0976577510133745,0.14885030201142824,1.061470210325979,0.013323494007243909,0.011868634667510574,0.504386828807264,0.40775919521236753,0.0197864175095909,0.19121894558067487,0.0005130210681216622,0.0,0.011511171472669607,0.0742823535343001,0.0007533965354320947,0.04226085219970366
0.45578601408718245,0.07967105164524495,16.02468027741325,0.0,0.00021512097037115456,0.0003214645067143111,1.5574781908618571,0.07960608270324876,0.030389282912722065,0.12790812058100132,0.07967287697631592,0.0,0.3618775842771996,0.4687863889426614,0.00553213540567043,6.34525911662715,5.280767990112054,0.03966853671858504,0.5223395676518607,0.0001852070606020071,24.251570482921395,0.1499054299359126,47.26435866714184,0.331022064355021,0.004458918887879343,2.3802268495695422,15.820951775709878,2.2236133653025716,1.0378373737917599,4.0244284703028415,0.00039879645959708975,0.03142539044328269,0.22438489899815225,3.747704396383608,0.1817114612522133,11.092306595720864,3.3825332601913205,8.994862973699414,5.86163891457495,0.9024484681951025,0.06335002864322298,0.03225350413158987,0.20316873236097008,0.4379439111287181,0.05375880455439001,0.034153552724289445,0.102143459846913,0.0007304585852710505,0.024084271390372673,0.002122943623572313,0.03702953510780522,0.13692226635552232,0.0,0.0,0.0,0.0009777021673620097,0.0,0.11992808065181369,0.0,0.0,0.0,0.0,0.0,0.0009561373812429081,0.7188621320317976,0.000706345650962714,0.0,0.0,0.0,0.028316774856762685,1.307765798535751,0.4963916001851967,0.3631984168350919,0.0,0.010470055426721735,1.7466068528655998,0.03708319833070174,0.0037574668735241273,0.017531197752432226,0.0,0.0,0.0018276282095877618,0.07742843364360122,0.008442378394564791,3.6792579990419547
0.04598841924502131,0.5423634164485808,0.0825767127996556,1.1302294092817933,0.1653910698034875,0.06230365367319118,0.39430662848358744,0.4780857112286343,6.897505655266056,0.5466762628091205,0.0006157588913256926,0.2331250016280055,0.15843459569061494,0.421037788771384,1.2279070316454919,1.9082928754020585,0.008339649421848136,0.0,0.0,0.44498272871465566,0.36394039897344915,5.391340410755159,0.331022064355021,27.255938516211476,0.12039740884422415,0.004127356644325964,1.0570408209662854,10.27575420304794,0.17904941739756594,0.14062584419579882,0.0007606495371479269,0.004686575426324336,0.0074069599044938265,0.09239998957873861,0.005159437940674,1.0105096571108008,0.13384148471863253,0.3120469376693898,0.13683865315165739,0.6489121766909475,0.03388931281922502,0.004490578105562909,0.7852445458802,0.04905955416481551,0.1357997374352086,0.016949713192935492,0.843858057995836,0.001785697878388165,0.017868832905402508,0.039658766777574496,0.012521992764728275,0.0015853717951807066,0.22844650485279844,0.0012997905514869302,0.03985137856838644,0.4496020212335976,0.12509639527620747,1.5190029797783546,0.3962883817025986,0.0,0.07782521579783191,0.0,0.03716912924228854,0.011560211831971201,0.20965209695167775,0.0005219746472794808,0.0,0.0,0.1076224176728653,0.10627271171111248,1.3804722670002858,0.04464749061753579,6.300040644397211,0.0012056331392062735,0.0008023603544077008,0.074284215988249,2.5148627498687466,0.07668239876054375,0.4996538970821714,0.0,0.0,0.026365249302761115,0.13051450116650395,0.0,0.10159710926380547
0.0,1.2639786680431158,0.0,0.0,0.0,0.0010990162348003037,0.0,0.004041393253635834,0.021033515728450834,0.0,0.260096752253278,0.0,3.273608399088014,0.009852126253848131,0.0011939074180430755,0.08697311228181583,0.0,0.0041548751860782775,0.0001715827460000784,0.0,0.00792079977927881,0.5832663236613042,0.004458918887879343,0.12039740884422415,6.361428020989707,0.10187207031874228,5.470071864162554,0.019678465124005125,0.011284700517103676,0.0,0.30774139880662293,0.010420852234842376,0.0,0.20343921377177246,0.00017803492884870169,0.026855931057853576,0.1953327189668264,0.06631461117975693,0.011704552422735005,0.001445043384383345,0.0,0.16930861660301166,0.0038657642505612747,0.1930613110263349,0.05860456871180593,0.0035058153253200875,0.003252820087382351,0.00026648844786642125,0.1403743966048905,0.0,0.5543041058975904,0.0,0.0,0.001392796143858838,0.00030952752113963425,0.0,0.0008013512895822742,0.0016223134972733378,0.0,0.23647762105386166,0.0006038114436008234,1.2919171237091076,0.008033895977980059,0.0,0.005350571208401459,0.0005571102080151836,0.006461538906425508,0.0020988418616384678,0.0,0.0006015408838456941,0.058719014350326025,0.0016466746276564942,0.004409940536622007,2.2115843973502005,0.11336149599370487,0.8514034387852497,0.0003135615131868656,0.006325532756790241,0.0011591393437474446,0.23459063343131664,0.026129868405857026,0.0,0.13910090791264784,0.0,0.0
0.1161217198344583,0.05803245513847995,7.569936078458657,0.0,0.002675921145679569,0.019852456295222514,0.10080280613086258,0.081507831791441,0.0004983121044395131,0.00550866840670033,2.5559034869231994,0.0,0.29931574384500437,0.4175403278281052,0.0,0.03387170776573985,5.000365542327936,3.0319862934699238,5.434388287176556,0.0,0.22869956967905875,0.010767034623066532,2.3802268495695422,0.004127356644325964,0.10187207031874228,57.14663501875749,20.018545136985846,0.05363967662562283,1.1552607328915419,0.3040103715485395,0.614647936794133,0.3663690530723193,0.0325624009872136,2.059533913825504,0.012156316249317388,3.8744255607302693,6.922993352167325,5.222919591375188,2.7362292407665847,0.07582517995769975,0.011942540047674515,0.17057441032915516,0.02386813713480482,0.9238340994299311,0.06486945985493915,0.02980196615521181,0.00047228975943010965,0.0,0.006750934450670626,0.0,0.26028459622644795,0.09907265464874745,0.0,0.0,0.0,0.0,0.0,0.0007489016351336608,0.0,0.09619123511582454,0.0,1.1309693317833556,0.0,0.0,0.0013177906399199472,0.07769976504264504,0.009648706433611178,0.018733217844067732,0.0,0.0,0.017987524510605618,0.032587266609035014,0.0,0.23980709177049714,2.8496268192002465,4.936071755417312,0.0,0.0012220645743601225,0.0,1.090194092564116,0.0,0.0,0.017966783571010676,0.0011448266032730073,0.36230742119887976
0.030643598416649907,8.213208933703982,15.59838809503781,0.0,0.0,0.0021457262121688035,0.5318868771793988,0.02172967224217099,0.10893490831861566,0.0403644568641965,0.23962040625510173,0.0,0.9657331064465013,0.14267259994222053,0.004606020571197511,6.042481611153768,3.592170176754283,0.1278737287753421,0.5330267456385748,0.0,0.7261549549448603,4.045728464235544,15.820951775709878,1.0570408209662854,5.470071864162554,20.018545136985846,81.70884833016477,1.3625466138567026,0.5910058925160675,0.3509774756108677,0.8359404587740527,0.10112726867188276,0.025261662924861577,1.660765705585056,0.052512659292636266,9.12844844580584,6.437879683447073,7.497425911167942,4.540096586139009,0.21330052033022667,0.03162736574925235,0.15085278476547126,0.7983354804658186,2.9780689098437083,0.6711928127235025,0.5069821029598709,0.03848108601789957,0.0005123444428989792,0.019156346929469076,0.0,4.437768898958591,1.9936734685328446,0.0,0.0,0.0,0.0,0.0,0.06971014619546596,0.0,0.07411634517489454,0.0,1.652642557946188,0.0,0.0,0.5305037417932225,0.4569315951398711,0.003093146423337046,0.060366764721942336,0.0,0.019469352432639985,1.8035716222760376,1.9338692094972776,0.34933526772038465,1.5578595015036998,7.209392654357728,36.356345004436015,0.013277168521284886,0.0008457212822100314,0.0021579061354268874,1.5746267154754234,0.0003144563957986957,0.0005115757070484863,0.08161559367301809,0.0012889896243049091,1.209718555344073
0.3877365082196722,0.15057182855701964,0.6008627813018488,5.264897556184621,0.04030037086758059,0.11036290808181887,19.744426263354928,1.6398671768207183,2.5719816856318567,6.642119183609053,0.0017721931819473223,0.831658871242247,0.4166856961948123,1.814028201661136,0.3321305626441454,1.823917493214806,0.04476847791350752,0.0,0.003648595198195434,1.5641733205585102,10.554852646956865,0.6532144819025002,2.2236133653025716,10.27575420304794,0.019678465124005125,0.05363967662562283,1.3625466138567026,55.37396645298617,1.3996572750311822,10.613429851655347,0.0,0.014866431252949968,0.14348326642439202,0.8250862940393325,0.1244973403412928,6.360316159624638,0.5194668716537169,1.7534577751919762,0.8161467015334328,1.328072189840543,0.12402062154120945,0.006116478590638686,1.4011954915662401,0.027052120494286836,0.04292958504124752,0.0011090539713445975,1.2391189200634682,0.0,0.03100421235767817,0.028699427426438325,0.0017955321356719128,0.0,0.0003867076499211752,0.0,0.0171985179163179,0.19781638661619286,0.002105203367966026,1.8975725312929235,0.01830184659206355,0.0,0.0815509239539803,0.0,0.0007249586629624052,0.0037943100729702912,0.06879014624193433,0.0,0.0,0.0,0.007230838811589876,0.02354915534003744,0.5976941864268009,0.00938023375564587,4.5868694195314355,0.0,0.0,0.00936119780507843,0.9492474874343736,0.03406616273883732,0.3385109926658614,0.0,0.0,0.017333530557771433,0.20660690281036428,0.0,1.1159979854463309
3.689809017853014,0.005215013592724865,0.35787218258213144,0.02017233388769839,0.0016409812102019146,0.19079668224503119,3.8919229866072467,0.575329394497069,0.2509743873766319,1.1428477582039573,0.9430214676727454,0.05631349815707187,0.17701590207585674,9.439057172380254,0.0150644949439817,0.05283407872742413,1.3550909854636204,0.36855719958850275,0.6284762466482182,0.018914936706335157,0.844360403819159,0.018521579062440997,1.0378373737917599,0.17904941739756594,0.011284700517103676,1.1552607328915419,0.5910058925160675,1.3996572750311822,42.64424636914385,15.79446335940546,0.019852465896908637,0.3697369976770411,3.039515786883313,3.9551673120496176,0.11225054602397168,1.6245613541762043,0.21989246145709376,2.161268332910272,0.3520653751418377,0.30899897266993764,0.04503984449597038,0.027621593740504772,0.09274125106866903,0.02331905158720209,0.02117300592434023,0.022116836470706773,0.07348738400609583,0.0007278002430507954,0.009692581700384761,0.0012994544514974304,0.0012301839541088652,0.0,0.0,0.0,0.000347758676414506,0.007970963740731559,0.0,0.11313396048021118,0.0,0.0,0.0008935687515171694,0.0002449044856913526,0.0,0.0,0.0038808157062515717,0.0,0.0,0.0,0.0,0.003412547537259849,0.03209750564608299,0.0,0.07726191206519305,0.0,0.0,0.0,0.04503385886219285,0.004007846669520665,0.028783185270212647,0.0,0.0007109794820597989,0.0011842617526259972,0.04102794662512149,0.0019073852096680131,0.433231865925544
4.459615942963377,0.007929303212815104,1.1048696300724818,0.0011765736292641367,0.0,0.014503636226769602,12.072190965786541,0.42570451240429835,0.11864941141966447,0.16827210129444042,0.007742315524298164,0.0,0.22613933710539022,3.1139570420405347,0.029719275505389844,0.16162157366986304,1.0195313857452497,0.0035155674697487913,0.13153393645490036,0.00033743534775462357,15.029383182466047,0.04057274132476826,4.0244284703028415,0.14062584419579882,0.0,0.3040103715485395,0.3509774756108677,10.613429851655347,15.79446335940546,37.28587853530865,0.0,0.009537480624249275,1.2525185326463613,3.7642447257214267,0.17834936981078017,5.056140430827701,0.4331073832743621,2.4495967240409233,1.0466988157293282,0.7175730713304322,0.052522625077995856,0.007229163358332355,0.2944447642120109,0.014340483815836063,0.00608930947923956,0.002180628532514369,0.2996340374460876,0.0,0.013888624395795232,0.00841317610222305,0.0011324245573666348,0.0,0.0,0.0,0.0007238251449874197,0.05770055742321231,0.0,0.1780671532956589,0.0,0.0,0.0017632340712348963,0.0,0.0,0.0,0.019504257580224536,0.0,0.0,0.0,0.0,0.003712758363412636,0.07934924086321203,0.0010421869822359359,0.39120439015125286,0.0,0.0,0.001640472553025022,0.1547052316958818,0.008183391062540075,0.0671859731843414,0.0,0.0,0.0014946175318753178,0.07507687243884707,0.0022684608511207437,1.243381640295657
0.0,0.03767388192014108,0.0012160076449898851,0.0,0.0,0.002278493971207118,0.0,0.0061258734239561154,0.0003682703911182013,0.0,0.6682160800111816,0.0,1.5465894951311765,0.017404244217269497,0.0,0.0,0.002726721686631269,0.056634206165646385,0.001741109177651992,0.0,0.0,0.014864266721487194,0.00039879645959708975,0.0007606495371479269,0.30774139880662293,0.614647936794133,0.8359404587740527,0.0,0.019852465896908637,0.0,0.638554722327331,0.02101449405066014,0.0,0.13499540807954957,0.0,0.06945936693927823,0.7209807915004732,0.23269168680624325,0.10579258905182948,0.0018968182877330702,0.00022430534510856223,0.09648749604321838,0.0006249855244086573,0.2639393698570007,0.005103494324147451,0.0013747867678773438,0.0,0.0,0.023472021594365653,0.0,0.12909404197756527,0.0,0.0,0.0,0.0,0.0,0.0,0.0,0.0,0.2070352419509544,0.0,2.2472179343362035,0.0,0.0,0.0,0.0,0.0017878179798580054,0.0,0.0,0.0,0.005918650694072927,0.0,0.0,0.5427925388709619,0.2432756203066661,0.6586041346914805,0.0,0.0,0.0,0.7975601001119325,0.0,0.0,0.009331012821817286,0.0,0.0030526088692964656
0.00988655047031967,0.0005101962329368416,0.008681445888228704,0.00034100561796979043,0.09552456693728102,0.13602996811332027,0.02924175833124985,0.15528782865783894,0.014674831040064791,0.027024211834524078,0.7269032661923913,0.016735697003771702,0.22552541481311725,0.5202334680901018,0.020078739601334775,0.000816239912694762,0.14594137225457185,0.22458878936930113,0.18300230880961568,0.0006884026263201741,0.012504374681358899,0.0,0.03142539044328269,0.004686575426324336,0.010420852234842376,0.3663690530723193,0.10112726867188276,0.014866431252949968,0.3697369976770411,0.009537480624249275,0.02101449405066014,0.995897674924919,0.002223549162228215,4.089682618885878,0.0323429828457194,0.6794662174766218,0.09446438597180945,0.3921317738014292,0.14758566127979553,0.5789788019050405,1.026575997764389,0.03654939523924131,0.012166692353105647,0.007930804121623048,0.02449111071670887,0.027515162942180454,0.0007279961693491267,0.00027469891388100866,0.007860257241910912,0.0,0.0009625248107572414,0.0,0.0,0.0,0.0,0.0,0.0,0.0005086567671445697,0.0,0.0,0.0,0.00037957366540741224,0.0,0.0,0.0,0.0,0.0,0.0,0.0,0.0,0.0,0.0,0.0,0.00027954493814441426,0.0,0.0,0.0,0.0,0.0,0.0,0.0,0.0,0.035407004828223954,0.001388997673114392,0.13054331272621808
0.037488974724431356,0.0018537036028887486,0.04072465388990537,0.00027016618048070044,0.0,0.0,0.05782667623995587,0.004378224214173482,0.0008498541183577197,0.004870381378290021,0.002055443414871932,0.0,0.010558868155334869,0.016112692609059735,0.0,0.01246024045588078,0.14819611494587626,0.0005210286968092003,0.01991485515402538,0.00033701046972823764,0.3237925375052604,0.0023322947727445254,0.22438489899815225,0.0074069599044938265,0.0,0.0325624009872136,0.025261662924861577,0.14348326642439202,3.039515786883313,1.2525185326463613,0.0,0.002223549162228215,3.8170494119802973,0.8912393999958529,0.01766852718651089,0.19488582271708338,0.03371982076867731,0.3021867879024144,0.07002081932205184,0.022928645253049905,0.0024611199264809656,0.0005532902666439717,0.016811458186360578,0.0007944357263555733,0.0,0.0008627687276746022,0.006530563201830552,0.0,0.00040778486706168716,0.0,0.0,0.0,0.0,0.0,0.0002989741344407765,0.0,0.0,0.001341293191079283,0.0,0.0,0.0,0.0,0.0,0.0,0.0011438709145349894,0.0,0.0,0.0,0.0,0.0007452280819161967,0.00219507026064732,0.0,0.01204364102240889,0.0,0.0,0.00019594210082249738,0.010731957655835178,0.0010796203644131694,0.005298987071521684,0.0,0.0,0.0,0.0039233747361920954,0.0004954999986593684,0.07077054100674134
0.20056688991749871,0.026372944828845443,0.5296723272828705,0.01681272824495629,0.8723626696688935,0.24821168199853333,0.8418574843110392,0.2477769674202925,0.11433367542963145,0.6936071584773869,6.516839719860023,0.03919918910427188,1.59294892530434,0.6050141539348681,0.012715900714878787,0.08744098417296711,4.723146526755613,0.9184681550478913,1.9864055891067676,0.014284363612965088,3.325495732768071,0.018984827625619975,3.747704396383608,0.09239998957873861,0.20343921377177246,2.059533913825504,1.660765705585056,0.8250862940393325,3.9551673120496176,3.7642447257214267,0.13499540807954957,4.089682618885878,0.8912393999958529,9.76311856306615,0.09193041391413596,1.3424541852557257,0.7606771540830599,3.499880168207567,0.48426314805638576,0.23266692920680565,0.11715958511551673,0.3665526845071521,0.056362444302388785,0.10682729524156526,0.031392405441712554,0.028898372970197716,0.034782254893408894,0.001479832137132489,0.025461515438703945,0.0013534511656750105,0.008370581083032184,0.006315406296841711,0.0,0.00039483176905126945,0.0005397625152298571,0.006049314727774657,0.004797196015321602,0.06799422651557241,0.0,0.004945947795524145,0.0007899442952296593,0.014161011666177292,0.010305889225239596,0.0,0.0031537313966065604,0.0024940706324125383,0.0,0.0,0.0,0.0008991639531466318,0.0230345001277617,0.005530169750668452,0.052201336406427455,0.012763791589816904,0.020978990470816132,0.08250384806198188,0.01418711064711977,0.004303075873202319,0.014784017180858328,0.003528528844603881,0.009411090870595204,0.0,0.05286295483559989,0.013804666145846252,0.3781150945038038
0.006160185875708293,0.0,0.015538675484383306,0.0004029986655369845,0.0016005784621958056,4.056327074206884,0.11400217806233577,2.157094411010996,0.014083626774268214,3.864016821398096,0.0011189203526195365,2.413435531391796,0.4526014928693784,0.04090474424883858,0.09633184508958044,0.04600818030727734,0.021905618087230103,0.003312148947037018,0.0026832925909547668,0.0005143457456973029,0.200165739132654,0.002895456965876202,0.1817114612522133,0.005159437940674,0.00017803492884870169,0.012156316249317388,0.052512659292636266,0.1244973403412928,0.11225054602397168,0.17834936981078017,0.0,0.0323429828457194,0.01766852718651089,0.09193041391413596,446.62280566307817,3.896711499789106,0.6220616765407255,0.4251123599617514,1.8387138850569622,0.3419302068054161,0.08790215796610813,0.0003580658201553559,0.5728378767658849,0.1466272991072899,0.10612636460013317,1.0505447554618241,0.19178017885925377,0.017469129803518234,0.0022077743704096656,0.00041175502087131594,0.0,0.0005829588212354779,0.0,0.0,0.49535374003960747,0.0003614208241183085,0.09572746095935092,0.0015395715610623621,0.09186239307005255,0.001207369610291484,1.732031901419351,0.0,0.0016732557689463905,0.08334176561816761,0.0006765144276913088,0.0,0.0009066970290816052,0.0,0.0,0.0034527500020147357,0.0010955053229464123,0.023121093432768983,0.0,0.0,0.0023617393062035663,0.0072782963814172034,0.0,0.0046677975193647435,0.00270554826141509,0.0,0.0003177565349348517,0.0010266887135150576,0.06875810220560608,120.10245462976037,27.906955355366314
0.2641246814298393,0.08226487674907715,2.6068925929169393,0.23584409531449335,0.3435596632606142,1.4253660560689336,4.555951167983063,1.3821896264277471,0.8265690431769117,2.8184739244731323,0.4773178038820997,0.8974018316417589,1.8301741816907333,1.3937065353790983,0.4307070908627472,2.347728907979369,2.3173797666706433,0.5360765912709878,0.6987176274636134,0.14528133817190345,5.743253990232058,0.1936089413380152,11.092306595720864,1.0105096571108008,0.026855931057853576,3.8744255607302693,9.12844844580584,6.360316159624638,1.6245613541762043,5.056140430827701,0.06945936693927823,0.6794662174766218,0.19488582271708338,1.3424541852557257,3.896711499789106,11.291183897715438,13.552543000570003,4.512335118319553,4.2591205621975625,7.322016136536709,0.8829396933015379,0.07156277510607308,0.9299257561048606,0.39797815630526195,0.14303106255922646,0.14098752806241127,0.6421218194925341,0.010978747281678117,0.05024525898394398,0.031663024431155866,0.057185894617000174,0.0341037381931899,0.46619958589472343,0.015022427580467618,0.05113161930031974,0.2249092255531849,0.052149057451656246,0.6156741606112142,0.2529307174067755,0.0013205805921653495,0.28822559493247646,0.00040877628554501365,0.04934658071494975,0.022742861585927414,0.1670320089875324,0.005804666551104871,0.0020057371383447498,0.0015630350498854666,0.26303044639767764,0.12969995654554342,0.41319898123194004,0.13560162136513507,1.1258926020705529,0.001143733486133889,0.030531592862960893,0.453048597105575,0.9350435488967042,0.057069041946394866,0.3592361596406301,0.0011841168668697954,0.013205666881589527,0.011636839870628567,0.3262248615652521,0.8353212547758828,3.2133145536407755
0.055616007691885495,0.13469675813518325,1.1965079729318475,0.0006252635499038741,0.003046668170863754,0.04350814682289753,0.15747142753956986,0.07382790297018371,0.017797957369397818,0.02453291573429488,1.8591917900657553,0.0022480634005796014,1.0069345595215873,0.1346205873580484,0.003771103617051219,0.7439057161889233,1.2946886941341735,1.2208325707294212,0.5974551863771278,0.0,1.1025822573278563,0.07577504418668851,3.3825332601913205,0.13384148471863253,0.1953327189668264,6.922993352167325,6.437879683447073,0.5194668716537169,0.21989246145709376,0.4331073832743621,0.7209807915004732,0.09446438597180945,0.03371982076867731,0.7606771540830599,0.6220616765407255,13.552543000570003,4.373814928368052,3.96804210152826,5.598504489865377,0.23889386900937803,0.057616004510655947,0.41394951292743826,0.1478530480384719,0.3208131753104104,0.05635820847006049,0.06911277786569622,0.013057419715748638,0.0013949228012452503,0.026425996698863675,0.0011219458261677213,0.07200430133626276,0.0976466351274607,0.0,0.0018674087464787242,0.0005728533675362768,0.0009056614401103869,0.007763835812133563,0.012867258758739356,0.0,0.020426656767032383,0.0007448514991418746,0.05324788311415675,0.003666146998516645,0.0,0.041274682055387465,0.0252498383732561,0.0006055866219101141,0.002051948250875972,0.0,0.0034734305588864332,0.11574666968319328,0.09603438668305073,0.03937456039153445,0.05371152014270912,0.13128539768320027,0.7306070400272582,0.006683545064276612,0.003692887598818949,0.004707705541516669,0.004797121154949223,0.008204509636587622,0.0,0.035571961072285434,0.17243121123385288,4.50579149881183
0.3517459230420054,0.049645805572225116,2.001586500069995,0.02129130962415475,0.009403617125705213,0.41611397502040975,1.4943415302598402,0.73329973182214,0.39481177346475615,1.7110266423332536,2.415339372828078,0.1404835865972852,1.2101519540405916,1.381083655826892,0.01739835660810281,0.8019856929403401,3.0406683546992133,1.6007226112581965,1.667024487119299,0.03550911695748215,4.580406069047712,0.06315368674075471,8.994862973699414,0.3120469376693898,0.06631461117975693,5.222919591375188,7.497425911167942,1.7534577751919762,2.161268332910272,2.4495967240409233,0.23269168680624325,0.3921317738014292,0.3021867879024144,3.499880168207567,0.4251123599617514,4.512335118319553,3.96804210152826,3.962712445749274,4.030454022277863,0.533677965168492,0.07451582360005454,0.7171941551141935,0.22978244155956,0.4179868252322741,0.46107104657614884,0.4592906840802194,0.10135602801110209,0.007451344880122588,0.17177554817197616,0.0030229223132507087,0.05208179175355484,0.09167531628936111,0.0,0.011963187087422757,0.01242249219849396,0.0015355312589454314,0.06625206015539867,0.21917681696235902,0.0003435634088196485,0.010882000118454357,0.001366997137073924,0.018284773182437767,0.09905071942602618,0.0006920125598305892,0.048505446539273425,0.01973844061556412,0.002138112075057072,0.0026436173857900345,0.0,0.002406364474225663,0.1714360025293101,0.09200045515512446,0.0669003779820084,0.029288647612375776,0.12162894860285402,0.8037641860576308,0.014610645748629194,0.026766872222864026,0.0069251409017984005,0.004273916631379355,0.14918882532719552,0.0,0.3962663820543388,0.04322103277859332,1.5220949054353925
0.08908789145371313,0.02963461029544589,1.162193467074443,0.005618079278850596,0.009792350362632344,0.20145390373583338,0.5257279607749833,0.263624236876954,0.09860886326933492,0.2956499338615737,0.57389840971579,0.03435768719406518,1.3439994881492898,0.33737909688414075,0.00820726489710785,0.7662032364246187,1.3185402282463679,0.6463138252320793,0.5446933174649692,0.010294062720517309,2.704818728730108,0.03657978815432304,5.86163891457495,0.13683865315165739,0.011704552422735005,2.7362292407665847,4.540096586139009,0.8161467015334328,0.3520653751418377,1.0466988157293282,0.10579258905182948,0.14758566127979553,0.07002081932205184,0.48426314805638576,1.8387138850569622,4.2591205621975625,5.598504489865377,4.030454022277863,1.1005410422187167,0.7303026921855598,0.28059483332750645,0.041555677886159645,0.14212494082548177,0.24928710649439262,0.19108023874852487,0.37100182538887744,0.05071605292905944,0.006734836875568138,0.030680761845304192,0.003963464616738049,0.0318163572400108,0.03359304943336257,0.0,0.011009574963293703,0.01068076572666422,0.0011100180735088803,0.055248487051776325,0.07254266330284061,0.0017331062610294872,0.01098834349089958,0.0033112463339068955,0.004639995243006554,0.07392960841408401,0.0009972616351838844,0.029760078136990414,0.006235916272805634,0.0030644030451551893,0.0012082043833432647,0.0014244708635534622,0.0020316304956956347,0.10609579020908592,0.03448022281997474,0.021321045882243043,0.003636234154083941,0.029783771588245377,0.34590824144137966,0.0021569526046780704,0.02119119560168556,0.0005516989954526295,0.007636100620501407,0.07878612172059951,0.00040967007550408253,0.0962619676099244,0.670395191436312,7.81384843277904
0.04317421353650941,0.006147412163965053,0.11460340326514064,0.17413020126990816,3.964709421451445,4.664564530761112,0.8872774808408401,2.2202445971518063,0.5156098586230201,1.049931364581222,0.09088528843351165,1.2964692240791376,0.7193131446459508,0.6039414961587227,1.5122192741036267,0.21751162117382566,0.0807373643458266,0.030173880160861834,0.019563172706910985,0.183479080671649,0.6915990972119813,0.03711889158140702,0.9024484681951025,0.6489121766909475,0.001445043384383345,0.07582517995769975,0.21330052033022667,1.328072189840543,0.30899897266993764,0.7175730713304322,0.0018968182877330702,0.5789788019050405,0.022928645253049905,0.23266692920680565,0.3419302068054161,7.322016136536709,0.23889386900937803,0.533677965168492,0.7303026921855598,5.272170603366572,1.881629005315104,0.022081490328467582,0.5675355993208139,0.021590550830246833,0.06851049085025389,0.051921846428716785,0.8237050824732156,0.0030848237009093557,0.02698163978835755,0.013360272671886362,0.0005808697237877508,0.0,0.096286688373306,0.0031562345684764933,0.039401385317313624,0.2191507296045103,0.038124984541562844,0.3485204795198074,0.15775065082805767,0.0,0.0655294287745281,0.00038912476172796485,0.030270669145370067,0.012380282489641356,0.013863997764449144,0.0,0.0006219548334435363,0.0,0.041803207470111015,0.015399356083778744,0.04368826195773211,0.0067514324135085945,1.0378030693436864,0.0,0.0,0.008485512747158854,0.4992033249982971,0.022810710746945375,0.14374838271892046,0.0,0.0059894048226976325,0.00452723287704032,0.2569729967335104,0.10172390174195149,0.36286799207037984
0.005922913596873727,0.0009108159475647383,0.011992301434875362,0.002077077283961889,2.3890692815753396,0.2568257383774442,0.12225421264445199,0.053595630618196874,0.027643461573867358,0.10340431121779375,0.0024129051756061415,0.022165111549672236,0.3499723438846626,0.04804321822695251,0.05425061575732563,0.011072729418797639,0.007845153885214423,0.0028572274222641546,0.0017944976939860942,0.005499451798706475,0.03206018387838539,0.002161315512522893,0.06335002864322298,0.03388931281922502,0.0,0.011942540047674515,0.03162736574925235,0.12402062154120945,0.04503984449597038,0.052522625077995856,0.00022430534510856223,1.026575997764389,0.0024611199264809656,0.11715958511551673,0.08790215796610813,0.8829396933015379,0.057616004510655947,0.07451582360005454,0.28059483332750645,1.881629005315104,0.6870108454146302,0.0037929029137693014,0.013457933784512648,0.003251200721356874,0.0026279863324422926,0.0045217789554129455,0.0015915549805775573,0.0,0.0007076976448573992,0.0,0.0,0.0,0.0,0.0,0.0,0.0,0.0,0.013588859112464179,0.0007772843286388829,0.0,0.001798918867539432,0.0,0.0003063745623304795,0.0,0.0,0.0,0.0,0.0,0.0,0.0008923861188005438,0.0017008858705456727,0.0,0.0010008331892660447,0.0,0.0,0.0017985085217947746,0.0,0.0,0.0,0.0,0.0018764547640601821,0.0,0.005382266988978037,0.010233028421115833,0.0883040503753565
0.003993194141353659,0.04400453673259866,0.03997121239181213,0.0,0.0,0.015466911553392517,0.006639410347104753,0.04262770715477623,0.004123263662687759,0.007475135714054931,0.4502774060768637,0.0024892027141194205,0.6364091583331204,0.047679036774656965,0.0,0.011365495154879083,0.040551616440651035,0.015565795440066305,0.005781768086682997,0.0,0.01324139278212516,0.011397497806983825,0.03225350413158987,0.004490578105562909,0.16930861660301166,0.17057441032915516,0.15085278476547126,0.006116478590638686,0.027621593740504772,0.007229163358332355,0.09648749604321838,0.03654939523924131,0.0005532902666439717,0.3665526845071521,0.0003580658201553559,0.07156277510607308,0.41394951292743826,0.7171941551141935,0.041555677886159645,0.022081490328467582,0.0037929029137693014,0.10079972203649377,0.015763325274616817,0.06198737294336702,0.06731528238325125,0.037611469935846915,0.010328589905853443,0.001395629392469919,0.03358597096926726,0.0017846169170110183,0.002873262265439982,0.0005286547028615534,0.0,0.0023329013862415024,0.005672458653683507,0.0007207027258229569,0.023934184825556443,0.0020222844083494992,0.003949609506556529,0.021283337738870714,0.00047633530628029777,0.028632013646571402,0.024257989097920152,0.0,0.003118738263158341,0.0,0.0010314892561072565,0.0006064320073518401,0.0003748619554847385,0.0008303080082158542,0.006394773998401118,0.0018559614195810435,0.0005293218629796857,0.012333011900017881,0.0024452477246687154,0.005753976791485063,0.00040912026629255557,0.006258983579395484,0.00042734436219988165,0.004423767456362274,0.03281338939079839,0.00021949025657647215,0.018978774875646517,0.0,0.007429406188228426
0.01757007111436781,0.05931467412628896,0.04821319753234079,0.10614470754934482,0.02847453790818892,0.09401897089483353,0.1582826019413776,0.20981295734588773,0.42538550381222173,0.7276102702895672,0.005365327169810495,0.1856073685964605,0.3889600607958792,0.11702769403276357,0.07873842096724165,0.3316378174962617,0.010609480923909457,0.002551221876087619,0.0015165003072643878,0.07206475112106937,0.14918916541536784,0.2670116347982815,0.20316873236097008,0.7852445458802,0.0038657642505612747,0.02386813713480482,0.7983354804658186,1.4011954915662401,0.09274125106866903,0.2944447642120109,0.0006249855244086573,0.012166692353105647,0.016811458186360578,0.056362444302388785,0.5728378767658849,0.9299257561048606,0.1478530480384719,0.22978244155956,0.14212494082548177,0.5675355993208139,0.013457933784512648,0.015763325274616817,7.658264809415069,7.857081633652897,2.4640828333388796,2.846814807278979,7.142947540733934,0.812229028423246,0.08476467286830294,0.3961621982691025,0.18608415955260052,1.4882583765130954,0.6666515355844309,0.28425342266540093,0.9085321126658603,3.9249920979372908,1.2870986794491728,0.823046914354644,2.240838668344791,0.17890315032340182,1.604942167677141,0.07011886078710482,1.6345850962561115,0.217826226429905,2.3941244317648644,1.3259850366045087,0.7656291005559034,0.9039591738369772,0.4385497191220778,3.5534630052550527,0.5257029773515349,13.285547636764488,2.011045710371172,0.02454310787633252,5.615416053565154,12.80932918495767,6.449971043702331,1.100056839211592,3.72734668584194,0.38962673111875396,0.9788976336814021,0.13155478033604376,2.187043535694784,3.1592322239458266,1.9954271620382005
0.0013522802789755763,0.07965819654452921,0.7737931508177556,0.0,0.0,0.0009849512901605323,0.0034748129285278985,0.007040454611963231,0.013281691256912417,0.0,0.3551698245389846,0.0006491402526851304,1.060900384671927,0.009017024163349527,0.0,0.10998721957549448,0.3414343459581824,0.015819552967203228,0.04252219335162396,0.0,0.04012817190639738,0.06894814064892478,0.4379439111287181,0.04905955416481551,0.1930613110263349,0.9238340994299311,2.9780689098437083,0.027052120494286836,0.02331905158720209,0.014340483815836063,0.2639393698570007,0.007930804121623048,0.0007944357263555733,0.10682729524156526,0.1466272991072899,0.39797815630526195,0.3208131753104104,0.4179868252322741,0.24928710649439262,0.021590550830246833,0.003251200721356874,0.06198737294336702,7.857081633652897,2.2032893302917063,2.0860265567020093,3.398222888864402,0.5278843509503094,0.05278641097217971,0.6346014189988464,0.05571867117372746,0.21455944640596672,1.1610154609774086,0.001215808877794372,0.01419285938012041,0.02295629450338883,0.42689543397111396,0.10108427558563238,0.04354185065340325,0.07214592996287195,1.254892655805803,0.008942799742237354,1.2722869563775867,0.32676066585024566,0.0037364061281239987,0.814192870031382,0.9798970080972832,0.4574865220501123,0.4721863585715542,0.0008298220645582495,0.44017201815535995,0.3230565309755918,3.4569706748653006,0.2654309487761783,0.19275577918610537,5.0186079351838035,5.476493804977781,0.34321847852954035,0.1303326090368251,0.4165556045472598,1.6185760334846582,0.22096659109114009,0.014599803505514576,1.372225952783172,0.3753173698232229,2.975322131996628
0.0006199789894545598,0.02482882538748386,0.06298831363600683,0.0,0.0006311406013132152,0.01270447541859242,0.0,0.03770859762905312,0.11902653515270759,0.0,0.014557661186021068,0.00020973182939438745,0.06915485436651891,0.05257336291433731,0.0005698153011650139,0.070679222593157,0.01827896253700001,0.0,0.001371530635331166,0.0,0.002947742462905529,0.049234865287885315,0.05375880455439001,0.1357997374352086,0.05860456871180593,0.06486945985493915,0.6711928127235025,0.04292958504124752,0.02117300592434023,0.00608930947923956,0.005103494324147451,0.02449111071670887,0.0,0.031392405441712554,0.10612636460013317,0.14303106255922646,0.05635820847006049,0.46107104657614884,0.19108023874852487,0.06851049085025389,0.0026279863324422926,0.06731528238325125,2.4640828333388796,2.0860265567020093,1.3883254031236687,1.6259818139387858,0.5040494914431437,0.08005970790478478,0.5659027251570442,0.433223100624115,0.08943188901444948,0.6226718604854704,0.11162468069555932,0.049100760012601774,0.1962411565098085,1.623035660152022,0.5594974013503795,0.24138994781464307,1.1420250124045306,0.47705632101311674,0.6794605816009958,0.16573661456053437,1.5568906043420399,0.014065205809649511,0.6038279488856442,1.1728257881560904,1.1676397771597609,1.2566886830087833,0.10508266800884186,3.5547845489250207,0.12909028446764098,7.930385493201723,0.5809859427880453,0.07439890196940216,3.422649718518659,4.688413990936405,2.302444994317083,1.1671947552192488,2.777665091672055,0.4630468293629109,0.42847911092527985,0.23759398140300975,2.8632310227222657,0.6286451051104051,1.5045148499059333
0.002134993125065129,0.028624174627863142,0.04532411011744828,0.0,0.0,0.02504334894995756,0.0,0.05458596986107448,0.03377556903254823,0.0,0.010486434537466489,0.0025955325376704167,0.17434007226228967,0.0650056757665882,0.0016903421265074363,0.03323382126285749,0.008298127237429533,0.0005937665228646194,0.0,0.0,0.0021530228790206276,0.022382121279607224,0.034153552724289445,0.016949713192935492,0.0035058153253200875,0.02980196615521181,0.5069821029598709,0.0011090539713445975,0.022116836470706773,0.002180628532514369,0.0013747867678773438,0.027515162942180454,0.0008627687276746022,0.028898372970197716,1.0505447554618241,0.14098752806241127,0.06911277786569622,0.4592906840802194,0.37100182538887744,0.051921846428716785,0.0045217789554129455,0.037611469935846915,2.846814807278979,3.398222888864402,1.6259818139387858,0.8115909798116676,1.553721355869424,0.2976988111435721,0.07974594931801424,0.15128770248151824,0.08108864326261776,0.5797712725227162,0.025500171881749994,0.028906454230023252,0.13347826439102276,0.6878220403036767,0.3478454278810006,0.1850684121994635,0.3650819786224589,0.21186728756612586,0.24526728842073503,0.06583069620955981,0.7282078130340359,0.00825571831066213,0.676179886534872,0.6752106969793276,0.6036011410379186,0.6482796300094275,0.03345298909126214,1.8047976464601057,0.11521825648390857,6.720309176286624,0.3016851270767655,0.021925504271885873,2.694799444209088,4.674927110663241,0.7599255541009583,0.2611218620152615,0.7701190354987354,0.30299478096375776,0.26847495951991873,0.03890792155902466,2.1426139527219052,1.2943372460064448,7.4999176910128655
0.012892233522913462,0.00601181732980372,0.00043318709065434885,0.08125811086506016,0.017547574964692766,0.07846130134945815,0.2185695898315922,0.14943117797699468,0.4822128163579517,0.5588559092299659,0.0,0.1684019889437224,0.06498813482450382,0.0955652307473482,0.07967175766282698,0.21708023694656997,0.0,0.0,0.0,0.07081765226027592,0.10332881027777636,0.10732248133474408,0.102143459846913,0.843858057995836,0.003252820087382351,0.00047228975943010965,0.03848108601789957,1.2391189200634682,0.07348738400609583,0.2996340374460876,0.0,0.0007279961693491267,0.006530563201830552,0.034782254893408894,0.19178017885925377,0.6421218194925341,0.013057419715748638,0.10135602801110209,0.05071605292905944,0.8237050824732156,0.0015915549805775573,0.010328589905853443,7.142947540733934,0.5278843509503094,0.5040494914431437,1.553721355869424,5.148348299940598,1.1474250216432051,0.04215301360024484,0.08230893095139862,0.005973492821008523,0.09875317396238763,0.39799848659863274,2.742486009142743,2.8764875815725257,1.16323009567745,1.1691163698136395,1.5537467574101123,1.16877341285442,0.029762394396947306,2.3650235963158064,0.006410575532896008,0.6722987691745074,1.8255137682777602,0.15105473722133997,0.08736167207377542,0.08374541039659887,0.06722114293145039,0.3331782845955273,0.39695370116520584,0.23742853118429286,1.033268445968238,2.4655751764867144,0.00505890282348858,0.22963549665825536,0.5393870430278028,2.28397140359421,0.29056634036362916,0.4991578737847881,0.013549468475053091,0.7580702358850812,0.02435913536311148,0.7180789182453953,0.29743036750285406,0.331452858085408
0.0,0.0,0.0001762833928135404,0.0,0.0,0.0006857910769544386,0.0,0.0002687213111012696,0.0077284573820052315,0.0,0.0,0.0,0.006578624093538397,0.002347683694240275,0.00021922817015341915,0.00023891347059896403,0.0,0.0,0.0,0.0,0.0,0.0,0.0007304585852710505,0.001785697878388165,0.00026648844786642125,0.0,0.0005123444428989792,0.0,0.0007278002430507954,0.0,0.0,0.00027469891388100866,0.0,0.001479832137132489,0.017469129803518234,0.010978747281678117,0.0013949228012452503,0.007451344880122588,0.006734836875568138,0.0030848237009093557,0.0,0.001395629392469919,0.812229028423246,0.05278641097217971,0.08005970790478478,0.2976988111435721,1.1474250216432051,0.2757806009981205,0.005420657480341902,0.011328109289438833,0.0,0.0014342969805741321,0.016811235462753253,0.7713594735073172,0.05508154006267374,0.1517558881415686,0.05773328167685926,0.03806627581698311,0.12964044452996948,0.01859717010533671,0.04567052876451585,0.0010065734268914653,0.05353660313949009,0.10804220347300439,0.0077100251767213,0.003053960480762683,0.00683127787748809,0.0038664162637804976,0.011899286350082609,0.018465477817095403,0.005484392352992857,0.0479838595925098,0.061923864809822426,0.0,0.013138068935099653,0.03364232194040153,0.1753613054151984,0.04287246639959921,0.06069531360673509,0.0002693825845526488,0.7573616991785092,0.003376847102362663,0.4266669475902127,0.062159915912614286,0.09017091599146367
0.0,0.008073080677661916,0.0012265145802882096,0.0,0.00023437737729141376,0.009798352072063652,0.0010983141507682733,0.01636031504117948,0.008451468678241262,0.0026416959012759513,0.057776993810575154,0.001462099052059949,0.1920762803959261,0.019113765390881658,0.0004780433957100194,0.024616797157096523,0.0,0.0012365051961821542,0.0,0.0,0.0172609916628094,0.009790882178774593,0.024084271390372673,0.017868832905402508,0.1403743966048905,0.006750934450670626,0.019156346929469076,0.03100421235767817,0.009692581700384761,0.013888624395795232,0.023472021594365653,0.007860257241910912,0.00040778486706168716,0.025461515438703945,0.0022077743704096656,0.05024525898394398,0.026425996698863675,0.17177554817197616,0.030680761845304192,0.02698163978835755,0.0007076976448573992,0.03358597096926726,0.08476467286830294,0.6346014189988464,0.5659027251570442,0.07974594931801424,0.04215301360024484,0.005420657480341902,0.35561761855321117,0.0027290982063879624,0.0300564670276807,0.0004452057383648027,0.0,0.006546960232080565,0.014711347782182077,0.009460400596118862,0.04248057183141113,0.015930768054909943,0.011091628214127175,0.9448642712175293,0.004049365548664688,0.4450740690086113,0.07585310459750945,0.0018188787516239906,0.05242768984718892,0.005592856823953573,0.049597619571776136,0.01494207897720773,0.002460815158309409,0.02894188839910056,0.05631837007720574,0.044313433328717365,0.04681703620919051,0.2470642349817487,0.08988519126880401,0.08371476189637818,0.024832649904338498,0.07360746045306735,0.019763778072164354,0.08876238126356721,0.18965405291182952,0.0027155041992420114,0.895362173248663,0.0020281698731851048,0.012885187783768359
0.0,0.0,0.0,0.0,0.0,0.0,0.006542877944781294,0.0,0.021383532644960596,0.0,0.0,0.0,0.0007583848504013934,0.0,0.00044130532311768947,0.0040161955746401586,0.0,0.0,0.0,0.0,0.0,0.003997446636636914,0.002122943623572313,0.039658766777574496,0.0,0.0,0.0,0.028699427426438325,0.0012994544514974304,0.00841317610222305,0.0,0.0,0.0,0.0013534511656750105,0.00041175502087131594,0.031663024431155866,0.0011219458261677213,0.0030229223132507087,0.003963464616738049,0.013360272671886362,0.0,0.0017846169170110183,0.3961621982691025,0.05571867117372746,0.433223100624115,0.15128770248151824,0.08230893095139862,0.011328109289438833,0.0027290982063879624,4.944701469797107,0.0,0.049562212172691265,0.01596389805150153,0.0,0.04008564620236612,3.230323682941688,0.32578493761473065,0.04759635661430174,0.40794786625538726,0.01872473260319991,0.08226280241610015,0.0012097015498155014,3.933419978455032,0.0018132433267147342,0.0027809219620183504,0.1545796062664928,0.034863541825886066,0.08073267171635276,0.013156481062889091,0.0919999862158754,0.004034597718315004,0.24586237477252867,0.0899852981343976,0.0007338888047184842,0.09761698977808217,0.05785703622521535,0.3756049103708747,3.5151220136563635,1.8899119964299103,0.0,0.016681634020204096,0.05465073988563552,0.39293662765773,0.017982556273130796,0.10858988188872232
0.0,1.0747854106616985,0.0561363008694881,0.0,0.0,0.0,0.0013221034223193239,0.0,0.0012565637877855747,0.0,0.02760691345895762,0.0,0.14739111494726886,0.0,0.0,0.05993906442810549,0.023599830635666362,0.004147307514025236,0.002069523119828613,0.0,0.004007834650340286,0.08103927116027955,0.03702953510780522,0.012521992764728275,0.5543041058975904,0.26028459622644795,4.437768898958591,0.0017955321356719128,0.0012301839541088652,0.0011324245573666348,0.12909404197756527,0.0009625248107572414,0.0,0.008370581083032184,0.0,0.057185894617000174,0.07200430133626276,0.05208179175355484,0.0318163572400108,0.0005808697237877508,0.0,0.002873262265439982,0.18608415955260052,0.21455944640596672,0.08943188901444948,0.08108864326261776,0.005973492821008523,0.0,0.0300564670276807,0.0,1.4195193710641814,0.038885587408779725,0.0,0.0,0.0,0.007212999452378141,0.0,0.054568750650595715,0.002660031488739447,0.013340656112957676,0.00036730011546581365,0.10120521241470501,0.0035784027750391818,0.0,0.10867210402269857,0.03184310958633031,0.0010947684652402453,0.017719195079417323,0.0,0.00984835811787599,1.9079517291596804,0.06963419016557376,0.26747989350216844,1.3916930918700905,0.23496235422864195,13.091396346807032,0.021629224496232023,0.0015130030535700234,0.008001544086736385,0.04024130882007219,0.0007941736262743608,0.0,0.03266741077696318,0.0018347224761736383,0.03343395693766308
0.0,0.034278159992518854,0.422480798551422,0.0,0.0,0.0,0.0,0.0,0.0037072449468423833,0.0,0.0,0.0,0.007335967304403875,0.0,0.0,0.017339736880090488,0.06804333295304968,0.0,0.00255615872711184,0.0,0.0025674825432729716,0.014161847176769672,0.13692226635552232,0.0015853717951807066,0.0,0.09907265464874745,1.9936734685328446,0.0,0.0,0.0,0.0,0.0,0.0,0.006315406296841711,0.0005829588212354779,0.0341037381931899,0.0976466351274607,0.09167531628936111,0.03359304943336257,0.0,0.0,0.0005286547028615534,1.4882583765130954,1.1610154609774086,0.6226718604854704,0.5797712725227162,0.09875317396238763,0.0014342969805741321,0.0004452057383648027,0.049562212172691265,0.038885587408779725,19.040981661650534,0.0007462770832000626,0.0,0.0,1.8017891808989666,0.08100572479469523,0.011329506915244475,0.274403888279511,0.0008786839253730269,0.0,0.0,0.6898361961676539,0.0007719197313747751,0.13136494565880705,0.5927683524837954,0.006999106528104012,0.06559952262674715,0.0,0.5477734317368714,0.029438049671211285,12.095735651562165,0.06278771243649216,0.0008397723479071283,7.838235084840037,15.029299023741615,0.36843470932134087,0.030788066642914474,0.271966574074356,0.00023603097066464797,0.0,0.007119158089908782,0.15567400212348328,0.008297106412928747,0.24502246785077603
0.0,0.0,0.0,0.07452608582210879,0.0,0.0036375869947845173,0.0,0.0,0.43718195857583547,0.0,0.0,0.09287317531343316,0.0,0.0,0.0460925909291281,0.0,0.0,0.0,0.0,0.06936205085907743,0.0,0.0009446959956446152,0.0,0.22844650485279844,0.0,0.0,0.0,0.0003867076499211752,0.0,0.0,0.0,0.0,0.0,0.0,0.0,0.46619958589472343,0.0,0.0,0.0,0.096286688373306,0.0,0.0,0.6666515355844309,0.001215808877794372,0.11162468069555932,0.025500171881749994,0.39799848659863274,0.016811235462753253,0.0,0.01596389805150153,0.0,0.0007462770832000626,18.78677110057383,0.017176147052940165,0.18791273860227942,0.02445885964999875,0.290691966551046,1.1983348865328713,3.6735421021689434,0.0,2.569129389474427,0.0,0.20973851205867805,0.08819555432673082,0.00029461171828969814,0.0,0.0,0.0,20.857643795641945,0.001529444213333447,0.0030442290011293335,0.002289795825047739,2.5402081623605364,0.0,0.0,0.0006581354072805326,3.434264037450054,0.08379922995078944,0.0015352354232102004,0.0,0.00017391793616605992,0.0005455591200796198,0.0531543598911974,0.002225814477250082,0.024027007166402044
0.0,0.0,0.0,0.0,0.0,0.0001770478263437837,0.0,0.0013908283581839799,0.0029909675193369434,0.0,0.0,0.0015205470013999753,0.0011099532792001104,0.00031050096548503086,0.0008105893955192387,0.0,0.0,0.0,0.0,0.0012131367408330011,0.0,0.0,0.0,0.0012997905514869302,0.001392796143858838,0.0,0.0,0.0,0.0,0.0,0.0,0.0,0.0,0.00039483176905126945,0.0,0.015022427580467618,0.0018674087464787242,0.011963187087422757,0.011009574963293703,0.0031562345684764933,0.0,0.0023329013862415024,0.28425342266540093,0.01419285938012041,0.049100760012601774,0.028906454230023252,2.742486009142743,0.7713594735073172,0.006546960232080565,0.0,0.0,0.0,0.017176147052940165,0.7982736776627515,0.6661858143343947,0.014408396842407996,0.1264300889717222,0.06695857626019225,0.039493656360208344,0.015304583808472738,0.21558828602010144,0.0051832296623866864,0.014276657269618433,1.292396189745856,0.0013329788411033771,0.0014638743806089961,0.006472732259846927,0.0005000705651615509,0.019474097140676036,0.00024063322409691908,0.01291691027970501,0.0015813812360807495,0.18698947839143754,0.0023870342995858285,0.012779534325935043,0.00026051193773944393,0.019556515542404295,0.007667638717626342,0.004360981279471681,0.00946751007789446,0.19838564362642916,0.00048824888176955504,0.560588769671438,0.010451670833781877,0.025136616997522832
0.0,0.0,0.0,0.004324356514970737,0.0015077985162773443,0.016077436460433622,0.008905829194111797,0.0037172540285680014,0.02172241914484803,0.014905955180339832,0.0,0.03156502085383772,0.002563947688665442,0.0,0.019571744800015216,0.0004107353299977808,0.0,0.0,0.0,0.014131072393205909,0.0,0.00019878698618549183,0.0,0.03985137856838644,0.00030952752113963425,0.0,0.0,0.0171985179163179,0.000347758676414506,0.0007238251449874197,0.0,0.0,0.0002989741344407765,0.0005397625152298571,0.49535374003960747,0.05113161930031974,0.0005728533675362768,0.01242249219849396,0.01068076572666422,0.039401385317313624,0.0,0.005672458653683507,0.9085321126658603,0.02295629450338883,0.1962411565098085,0.13347826439102276,2.8764875815725257,0.05508154006267374,0.014711347782182077,0.04008564620236612,0.0,0.0,0.18791273860227942,0.6661858143343947,20.954516992045804,0.05547554103319753,7.595567774045956,0.15970255446723083,10.488063983568777,0.015555451596850798,4.74016976449824,0.0006331300488290802,0.6235157463022563,0.9477675142357721,0.0,0.0032247722646322695,0.008286089919015015,0.004655800629102423,0.3681947852562023,0.0,0.0027616739821825194,0.001281350451786774,0.2697423568915458,0.0,0.011435299344850967,0.0009162942353487029,0.24290449526460087,0.06898217435129893,0.003605621301659452,0.0011482775831229183,0.11661219342554123,0.000814622950505361,0.13863899827250487,4.853430749604323,0.13222208580431022
0.0,0.001452106209886002,0.0,0.0,0.0,0.003624841937859926,0.029974106085829556,0.0,0.34648176557478794,0.0,0.0,0.004462572035806485,0.017793330872732393,0.0,0.002622320190332273,0.005875497547851363,0.0,0.0,0.0,0.0005697817567252317,0.0006089681090443803,0.02346526605013591,0.0009777021673620097,0.4496020212335976,0.0,0.0,0.0,0.19781638661619286,0.007970963740731559,0.05770055742321231,0.0,0.0,0.0,0.006049314727774657,0.0003614208241183085,0.2249092255531849,0.0009056614401103869,0.0015355312589454314,0.0011100180735088803,0.2191507296045103,0.0,0.0007207027258229569,3.9249920979372908,0.42689543397111396,1.623035660152022,0.6878220403036767,1.16323009567745,0.1517558881415686,0.009460400596118862,3.230323682941688,0.007212999452378141,1.8017891808989666,0.02445885964999875,0.014408396842407996,0.05547554103319753,49.11242129936194,1.2538121362291412,0.22807209744086218,7.825231393824385,0.00380376347247579,0.026128916555061842,0.00022804523600682272,7.753360825865397,0.031080996850552874,0.0656541966353971,0.5132899233510163,0.0027589439619410973,0.08909732320503559,0.005483589690274105,3.1493969884100648,0.04429094409007107,5.128766683692147,0.41065306785905537,0.0,0.5869623401805721,1.263100297995907,14.22131422751072,2.15003814274975,6.624324995208773,0.0,0.042120921965230845,0.1225561894159979,0.9618810314824088,0.06571262583208415,0.8316317335992491
0.0,0.0,0.0,0.0002157026440688443,0.0,0.0021459606817933042,0.0,0.0,0.10225112170978783,0.0,0.00022170607442823791,0.007880548145149619,0.0031722263747916714,0.0,0.007805322608260849,0.0,0.0,0.0,0.0,0.006708592503517519,0.0,0.002213054095870512,0.0,0.12509639527620747,0.0008013512895822742,0.0,0.0,0.002105203367966026,0.0,0.0,0.0,0.0,0.0,0.004797196015321602,0.09572746095935092,0.052149057451656246,0.007763835812133563,0.06625206015539867,0.055248487051776325,0.038124984541562844,0.0,0.023934184825556443,1.2870986794491728,0.10108427558563238,0.5594974013503795,0.3478454278810006,1.1691163698136395,0.05773328167685926,0.04248057183141113,0.32578493761473065,0.0,0.08100572479469523,0.290691966551046,0.1264300889717222,7.595567774045956,1.2538121362291412,20.70793651376349,0.6015083167701502,7.062760684972548,0.08467467761623856,2.762415687073894,0.006283224272127985,7.706116589510514,0.06336483228526707,0.003133733938925158,0.04355016272246652,0.13324627639947428,0.07759810133808014,0.3935582019475329,0.08325577985541222,0.004135710206877852,0.15380302327068734,0.9118899513525038,0.005635579273772782,0.13066035599643955,0.04339154300395884,1.5563482657886594,0.5973816796240086,0.16609767237808898,0.019568702267425814,0.31026156116749515,0.0066576705688439946,0.5116019637538539,1.8859514677574842,0.1831256807656076
0.03280595162150059,0.016298450284704703,0.006701046916708427,0.26325734483997837,0.003055448701140435,0.03283553707984955,0.36873488567429874,0.46375278784602764,2.315030503341962,0.8831798461954837,0.001701832900010556,0.12247679299132906,0.030367511888394174,0.4665595392178932,0.04303046330603276,0.22392838153109748,0.0,0.0,0.0,0.14221476935239308,0.05689596334510569,0.19231293359136378,0.11992808065181369,1.5190029797783546,0.0016223134972733378,0.0007489016351336608,0.06971014619546596,1.8975725312929235,0.11313396048021118,0.1780671532956589,0.0,0.0005086567671445697,0.001341293191079283,0.06799422651557241,0.0015395715610623621,0.6156741606112142,0.012867258758739356,0.21917681696235902,0.07254266330284061,0.3485204795198074,0.013588859112464179,0.0020222844083494992,0.823046914354644,0.04354185065340325,0.24138994781464307,0.1850684121994635,1.5537467574101123,0.03806627581698311,0.015930768054909943,0.04759635661430174,0.054568750650595715,0.011329506915244475,1.1983348865328713,0.06695857626019225,0.15970255446723083,0.22807209744086218,0.6015083167701502,2.741452424219612,0.6023440820325817,0.00027493388885741176,0.6921649565501661,0.0,0.6613700605816438,0.20670014287236077,0.038445370531710564,0.005851070475874037,0.0010775020111877499,0.001073401859015799,0.6052885302430174,0.02976498881898098,3.47085620770937,0.044480174052294805,11.645700068731205,0.018603500689591143,0.019247913184016155,0.1478221458652543,2.1981186609050005,0.15327443733665883,0.07867199590154277,0.0009910037396544482,0.04080373106875361,0.00274432309338786,0.17931027783690406,0.0057502307817313145,0.13115880744142247
0.0,0.0,0.0,0.00045828738697263415,0.0,0.0158507963895365,0.011017862980338073,0.0,0.23919444816877705,0.0005586546180612049,0.0,0.06677221399245829,0.009446414613452832,0.0,0.05043610377768399,0.0,0.0,0.0,0.0,0.07446843713460566,0.0,0.0011010996231373498,0.0,0.3962883817025986,0.0,0.0,0.0,0.01830184659206355,0.0,0.0,0.0,0.0,0.0,0.0,0.09186239307005255,0.2529307174067755,0.0,0.0003435634088196485,0.0017331062610294872,0.15775065082805767,0.0007772843286388829,0.003949609506556529,2.240838668344791,0.07214592996287195,1.1420250124045306,0.3650819786224589,1.16877341285442,0.12964044452996948,0.011091628214127175,0.40794786625538726,0.002660031488739447,0.274403888279511,3.6735421021689434,0.039493656360208344,10.488063983568777,7.825231393824385,7.062760684972548,0.6023440820325817,64.64798101583132,0.006553413821719635,7.115655438987823,0.00159572020022147,4.194888760849848,0.06538614136444505,0.010508030068102628,0.007228464422506099,0.0,0.0009381978530892051,3.6386757956584073,0.2767044941827074,0.012052288030518096,0.3789479227702468,1.0106679609024223,0.0,0.025180078312797657,0.1408485569038997,11.481956816074078,1.373367282323964,0.11214072753770846,0.0,0.06391599517064178,0.015483294406472968,0.7186964502936222,3.3982458393390944,0.38167124042012285
0.0,0.014810976175131338,0.0,0.0,0.0,0.0,0.0,0.0,0.0017048631539145708,0.0,0.19828772985151003,0.0,0.7485592765110941,0.0,0.0,0.0,0.0,0.004026202812514242,0.0,0.0,0.0,0.0023136098915094313,0.0,0.0,0.23647762105386166,0.09619123511582454,0.07411634517489454,0.0,0.0,0.0,0.2070352419509544,0.0,0.0,0.004945947795524145,0.001207369610291484,0.0013205805921653495,0.020426656767032383,0.010882000118454357,0.01098834349089958,0.0,0.0,0.021283337738870714,0.17890315032340182,1.254892655805803,0.47705632101311674,0.21186728756612586,0.029762394396947306,0.01859717010533671,0.9448642712175293,0.01872473260319991,0.013340656112957676,0.0008786839253730269,0.0,0.015304583808472738,0.015555451596850798,0.00380376347247579,0.08467467761623856,0.00027493388885741176,0.006553413821719635,20.378159748765764,0.0009166301168076496,3.9744895203630377,0.8208036264475927,0.0005338724885689699,0.00021836379986995942,0.061459740103026274,3.0209537143963447,0.20381064067282123,0.0,0.005314051980499131,0.004060040042264023,0.011201979641774707,0.0011760174143757973,0.3380955369120351,1.36042285609756,0.06316964871764945,0.0010730069196750798,1.823682042497391,0.004940783809307093,1.4558865067419386,1.1262067804408573,0.0012119723554175007,6.110559897754519,0.0024782793005628146,0.018968708443309085
0.0,0.0,0.0,0.03906514167129354,0.006297890950148252,0.032120001208457157,0.01916064008509322,0.016145500109188714,0.16943251659710845,0.1491645829545098,0.0,0.21330260502974688,0.0014356822867198924,0.0024726127760243315,0.03843887988748473,0.0024366290435823544,0.0,0.0,0.0,0.06259440043281583,0.0015047338028368548,0.0025985122700423633,0.0,0.07782521579783191,0.0006038114436008234,0.0,0.0,0.0815509239539803,0.0008935687515171694,0.0017632340712348963,0.0,0.0,0.0,0.0007899442952296593,1.732031901419351,0.28822559493247646,0.0007448514991418746,0.001366997137073924,0.0033112463339068955,0.0655294287745281,0.001798918867539432,0.00047633530628029777,1.604942167677141,0.008942799742237354,0.6794605816009958,0.24526728842073503,2.3650235963158064,0.04567052876451585,0.004049365548664688,0.08226280241610015,0.00036730011546581365,0.0,2.569129389474427,0.21558828602010144,4.74016976449824,0.026128916555061842,2.762415687073894,0.6921649565501661,7.115655438987823,0.0009166301168076496,35.81166286607902,0.0,1.2533419863891677,1.4720281063812455,0.0,0.0007101913516227861,0.0,0.0,13.94515942348139,0.0,0.007983662551127972,0.0011295222257846943,1.231554187560493,0.0010193345594698127,0.0013992564259960594,0.0018082972154583573,0.5623685450030894,0.32123172702754615,0.0069155667505045836,0.0,0.026642126788692887,0.0018035501855351648,0.3757400385603579,4.08098660426229,0.16756629377496302
0.0,0.04505160792731204,0.0,0.0,0.0,0.0,0.0,0.0,0.0,0.0,0.7613514377645317,0.0,3.2877215517300806,0.0,0.0,0.0,0.0,0.04155761076157879,0.0,0.0,0.0,0.007520872751869164,0.0,0.0,1.2919171237091076,1.1309693317833556,1.652642557946188,0.0,0.0002449044856913526,0.0,2.2472179343362035,0.00037957366540741224,0.0,0.014161011666177292,0.0,0.00040877628554501365,0.05324788311415675,0.018284773182437767,0.004639995243006554,0.00038912476172796485,0.0,0.028632013646571402,0.07011886078710482,1.2722869563775867,0.16573661456053437,0.06583069620955981,0.006410575532896008,0.0010065734268914653,0.4450740690086113,0.0012097015498155014,0.10120521241470501,0.0,0.0,0.0051832296623866864,0.0006331300488290802,0.00022804523600682272,0.006283224272127985,0.0,0.00159572020022147,3.9744895203630377,0.0,12.552443272936094,0.031772771089157964,0.0,0.0006893899746719649,0.001880653883256024,0.027439588207127198,0.005562184859014669,0.0,0.0011530631563722805,0.02379414854913307,0.0031461090236246376,0.0,4.722458992924797,0.09995533506086184,1.5396625406579851,0.0,0.09155905686091466,0.0,1.5699446803491197,0.14061051964520854,0.0,0.46529973841898387,0.0,0.003769791860094481
0.0,0.0010964908137885104,0.0,0.0,0.0,0.0,0.0,0.001894580944621898,0.11174101894524414,0.0,0.00047437994953059785,0.0,0.00313425681424611,0.0003467195090054935,0.0,0.0,0.0,0.0,0.0,0.0030720587986789796,0.0,0.0004182182804873107,0.0,0.03716912924228854,0.008033895977980059,0.0,0.0,0.0007249586629624052,0.0,0.0,0.0,0.0,0.0,0.010305889225239596,0.0016732557689463905,0.04934658071494975,0.003666146998516645,0.09905071942602618,0.07392960841408401,0.030270669145370067,0.0003063745623304795,0.024257989097920152,1.6345850962561115,0.32676066585024566,1.5568906043420399,0.7282078130340359,0.6722987691745074,0.05353660313949009,0.07585310459750945,3.933419978455032,0.0035784027750391818,0.6898361961676539,0.20973851205867805,0.014276657269618433,0.6235157463022563,7.753360825865397,7.706116589510514,0.6613700605816438,4.194888760849848,0.8208036264475927,1.2533419863891677,0.031772771089157964,27.15975600539527,0.018383763793970033,0.008429492276168668,0.5063184239105143,1.341828904783361,0.8258262192452058,0.24926824461706804,0.36220115597842295,0.009753967642761274,1.0340744219106344,0.8160369056104452,0.011636665797385483,1.3165558513222266,0.37329079761324796,1.610460090265435,7.087498747157447,1.7321545861104164,0.11056118703910293,0.4906904934872831,0.040398264005020855,1.6209624195953094,0.04686946614125676,0.1977945429987469
0.0,0.0002306812061617807,0.0,0.0030956547443331188,0.001831685557087775,0.01024545106352681,0.00023289642305452754,0.0014800983073452378,0.0038239177531448117,0.0,0.0,0.017598993141276217,0.0008116879622640094,0.0,0.0072608907507191595,0.0,0.0,0.0,0.0,0.007142264472493045,0.0,0.002210179107923933,0.0009561373812429081,0.011560211831971201,0.0,0.0,0.0,0.0037943100729702912,0.0,0.0,0.0,0.0,0.0,0.0,0.08334176561816761,0.022742861585927414,0.0,0.0006920125598305892,0.0009972616351838844,0.012380282489641356,0.0,0.0,0.217826226429905,0.0037364061281239987,0.014065205809649511,0.00825571831066213,1.8255137682777602,0.10804220347300439,0.0018188787516239906,0.0018132433267147342,0.0,0.0007719197313747751,0.08819555432673082,1.292396189745856,0.9477675142357721,0.031080996850552874,0.06336483228526707,0.20670014287236077,0.06538614136444505,0.0005338724885689699,1.4720281063812455,0.0,0.018383763793970033,1.1141166423040574,0.000791079397551146,0.0,0.0009063090827185645,0.0,0.07478999107494855,0.0021338955280496845,0.0325841829653854,0.00237890974339463,0.46145754068074457,0.0,0.0018315745162508683,0.001597744749207297,0.0757582965651415,0.011814329470142075,0.014777212330672675,0.0,0.03446286579866644,0.0029054277501225248,0.027264095662724423,0.2931355289476079,0.02688643409867547
0.0,0.017457703728716762,0.022090570354866258,0.0,0.0,0.0,0.0013349522266236397,0.0,0.023107992690054143,0.0,0.0,0.0,0.0696785729149225,0.0,0.0,0.9853783139793866,0.0,0.0,0.0,0.0,0.07106102772866683,0.4203281641514326,0.7188621320317976,0.20965209695167775,0.005350571208401459,0.0013177906399199472,0.5305037417932225,0.06879014624193433,0.0038808157062515717,0.019504257580224536,0.0,0.0,0.0011438709145349894,0.0031537313966065604,0.0006765144276913088,0.1670320089875324,0.041274682055387465,0.048505446539273425,0.029760078136990414,0.013863997764449144,0.0,0.003118738263158341,2.3941244317648644,0.814192870031382,0.6038279488856442,0.676179886534872,0.15105473722133997,0.0077100251767213,0.05242768984718892,0.0027809219620183504,0.10867210402269857,0.13136494565880705,0.00029461171828969814,0.0013329788411033771,0.0,0.0656541966353971,0.003133733938925158,0.038445370531710564,0.010508030068102628,0.00021836379986995942,0.0,0.0006893899746719649,0.008429492276168668,0.000791079397551146,10.512150921455273,0.01625117898485696,0.0,0.00690642406047003,0.0,4.279807756566018,2.5662494954076824,4.859274031664965,2.8077919741333206,0.028775136093403875,0.0494838872579532,5.708856355038394,2.0299313114542126,0.02524067305165122,0.12259720742311617,0.0,0.0007037419823550233,0.01024525452261128,0.5189267059905924,0.04907188824772004,0.9590067290798271
0.0,0.020154131740453395,0.04631195125563298,0.0,0.0,0.0,0.0,0.0,0.0,0.0,0.0005495209150956244,0.0,0.005237076737768584,0.0,0.0,0.0,0.03279184678553036,0.0,0.0014849793647878163,0.0,0.0,0.0012506984277607818,0.000706345650962714,0.0005219746472794808,0.0005571102080151836,0.07769976504264504,0.4569315951398711,0.0,0.0,0.0,0.0,0.0,0.0,0.0024940706324125383,0.0,0.005804666551104871,0.0252498383732561,0.01973844061556412,0.006235916272805634,0.0,0.0,0.0,1.3259850366045087,0.9798970080972832,1.1728257881560904,0.6752106969793276,0.08736167207377542,0.003053960480762683,0.005592856823953573,0.1545796062664928,0.03184310958633031,0.5927683524837954,0.0,0.0014638743806089961,0.0032247722646322695,0.5132899233510163,0.04355016272246652,0.005851070475874037,0.007228464422506099,0.061459740103026274,0.0007101913516227861,0.001880653883256024,0.5063184239105143,0.0,0.01625117898485696,6.636871798607562,0.4189967835198655,3.306517684984545,0.0,0.5282695272473862,0.01938365510289733,6.495825997283673,0.0201700992489028,0.001301178247810603,3.4115866514282334,2.5689329034510617,0.03916799138214036,0.303063582836035,0.7488093710700867,0.004438968373292217,0.014926487150094113,0.0322193626799949,3.7806226464443666,0.0041902532747526,0.17977780826040915
0.0,0.0,0.0,0.0,0.0,0.0,0.0,0.0,0.0,0.0,0.0,0.0,0.006950210426283299,0.0,0.0,0.0,0.0,0.0,0.0,0.0,0.0,0.0,0.0,0.0,0.006461538906425508,0.009648706433611178,0.003093146423337046,0.0,0.0,0.0,0.0017878179798580054,0.0,0.0,0.0,0.0009066970290816052,0.0020057371383447498,0.0006055866219101141,0.002138112075057072,0.0030644030451551893,0.0006219548334435363,0.0,0.0010314892561072565,0.7656291005559034,0.4574865220501123,1.1676397771597609,0.6036011410379186,0.08374541039659887,0.00683127787748809,0.049597619571776136,0.034863541825886066,0.0010947684652402453,0.006999106528104012,0.0,0.006472732259846927,0.008286089919015015,0.0027589439619410973,0.13324627639947428,0.0010775020111877499,0.0,3.0209537143963447,0.0,0.027439588207127198,1.341828904783361,0.0009063090827185645,0.0,0.4189967835198655,2.931289209702312,1.6241677644938386,0.0,0.020180373749642405,0.0,0.09583155222421455,0.0,0.0070243476263887996,2.8564699708670065,0.10598478271174577,0.0,1.230115294144861,0.006308407309576634,0.24263064975350143,0.6106945667182272,0.005673474970991644,2.112474445928187,0.002117617077940635,0.07351651335020802
0.0,0.004686576887747406,0.0014545093630537634,0.0,0.0,0.0,0.0,0.0,0.0,0.0,0.0,0.0,0.006921027760716758,0.0,0.0,0.0,0.0,0.0,0.0,0.0,0.0,0.0,0.0,0.0,0.0020988418616384678,0.018733217844067732,0.060366764721942336,0.0,0.0,0.0,0.0,0.0,0.0,0.0,0.0,0.0015630350498854666,0.002051948250875972,0.0026436173857900345,0.0012082043833432647,0.0,0.0,0.0006064320073518401,0.9039591738369772,0.4721863585715542,1.2566886830087833,0.6482796300094275,0.06722114293145039,0.0038664162637804976,0.01494207897720773,0.08073267171635276,0.017719195079417323,0.06559952262674715,0.0,0.0005000705651615509,0.004655800629102423,0.08909732320503559,0.07759810133808014,0.001073401859015799,0.0009381978530892051,0.20381064067282123,0.0,0.005562184859014669,0.8258262192452058,0.0,0.00690642406047003,3.306517684984545,1.6241677644938386,4.26568096586924,0.0,0.1805402101667398,0.003510937585859808,0.9719133174649804,0.0018597314950118424,0.00672723467568783,3.5037997226745907,0.849805989543981,0.0078106807861900145,0.5052576533359521,0.1619830656803085,0.01120983502295806,0.07745038884821003,0.01966328642890071,2.018552424077834,0.0034564263688130654,0.08235827266433204
0.0,0.0,0.0,0.021805151656928923,0.0014051385582407433,0.011664237920097558,0.0,0.0011485737466539743,0.1900941860370643,0.005192280924701435,0.0,0.04891596847418652,0.00036707243394659483,0.0,0.02471003585327699,0.00040495445934778524,0.0,0.0,0.0,0.03065146008058664,0.0,0.0001780865566916917,0.0,0.1076224176728653,0.0,0.0,0.0,0.007230838811589876,0.0,0.0,0.0,0.0,0.0,0.0,0.0,0.26303044639767764,0.0,0.0,0.0014244708635534622,0.041803207470111015,0.0,0.0003748619554847385,0.4385497191220778,0.0008298220645582495,0.10508266800884186,0.03345298909126214,0.3331782845955273,0.011899286350082609,0.002460815158309409,0.013156481062889091,0.0,0.0,20.857643795641945,0.019474097140676036,0.3681947852562023,0.005483589690274105,0.3935582019475329,0.6052885302430174,3.6386757956584073,0.0,13.94515942348139,0.0,0.24926824461706804,0.07478999107494855,0.0,0.0,0.0,0.0,11.647405019392947,0.0006403976374592765,0.002477387272506325,0.0002838723347744803,1.7844615888952937,0.0,0.0,0.00034765667727920164,0.8874769355471283,0.07407781875752713,0.0019393037138519325,0.0,0.0038778770985979437,0.0008418088477825413,0.047959765574752435,0.0013417168398713116,0.012330500956655178
0.0,0.0038620925821698203,0.0004105491692835062,0.0,0.0,0.00035333601317131603,0.0,0.0,0.0606536618200409,0.0,0.0,0.0,0.05053903225513699,0.0,0.0017664692111898945,0.11446215290125916,0.0,0.0,0.0,0.0,0.010164730575899424,0.11453952413500898,0.028316774856762685,0.10627271171111248,0.0006015408838456941,0.0,0.019469352432639985,0.02354915534003744,0.003412547537259849,0.003712758363412636,0.0,0.0,0.0007452280819161967,0.0008991639531466318,0.0034527500020147357,0.12969995654554342,0.0034734305588864332,0.002406364474225663,0.0020316304956956347,0.015399356083778744,0.0008923861188005438,0.0008303080082158542,3.5534630052550527,0.44017201815535995,3.5547845489250207,1.8047976464601057,0.39695370116520584,0.018465477817095403,0.02894188839910056,0.0919999862158754,0.00984835811787599,0.5477734317368714,0.001529444213333447,0.00024063322409691908,0.0,3.1493969884100648,0.08325577985541222,0.02976498881898098,0.2767044941827074,0.005314051980499131,0.0,0.0011530631563722805,0.36220115597842295,0.0021338955280496845,4.279807756566018,0.5282695272473862,0.020180373749642405,0.1805402101667398,0.0006403976374592765,37.49600568342648,0.14492057909927222,17.82774976872247,0.8297901734523321,0.0021296273531993,0.26538042279154933,1.0320691488492357,12.759740595163928,0.34270286041701825,9.609572011103278,0.0006632594980136288,0.01621247069543736,0.08728234062097115,4.396282102298615,0.11471484756408029,1.8773795698010396
0.0026565042417267754,0.26783775667621124,0.08234974722750062,0.00025382951929577154,0.0,0.0007234335928702656,0.03417672429726912,0.01048464985307815,0.3673951583638924,0.001138640467713698,0.0015994548054119925,0.0,0.11696980131492432,0.013791498860578214,0.0035708593462192915,2.062550786216018,0.00582447760222514,0.0,0.00047196759076332346,0.0,0.21894147359807703,2.0976577510133745,1.307765798535751,1.3804722670002858,0.058719014350326025,0.017987524510605618,1.8035716222760376,0.5976941864268009,0.03209750564608299,0.07934924086321203,0.005918650694072927,0.0,0.00219507026064732,0.0230345001277617,0.0010955053229464123,0.41319898123194004,0.11574666968319328,0.1714360025293101,0.10609579020908592,0.04368826195773211,0.0017008858705456727,0.006394773998401118,0.5257029773515349,0.3230565309755918,0.12909028446764098,0.11521825648390857,0.23742853118429286,0.005484392352992857,0.05631837007720574,0.004034597718315004,1.9079517291596804,0.029438049671211285,0.0030442290011293335,0.01291691027970501,0.0027616739821825194,0.04429094409007107,0.004135710206877852,3.47085620770937,0.012052288030518096,0.004060040042264023,0.007983662551127972,0.02379414854913307,0.009753967642761274,0.0325841829653854,2.5662494954076824,0.01938365510289733,0.0,0.003510937585859808,0.002477387272506325,0.14492057909927222,9.309642020448159,0.23923608850993364,7.888255012559896,0.39439136111020684,0.1352542804235292,5.2390673833781936,0.5836557794012119,0.023209792771341754,0.10813067202965573,0.007008629270085375,0.0002914975213372645,0.007686007494417441,0.33409961377480213,0.01586459170429563,0.22128243682224152
0.0,0.038936538927026774,0.16048810871585262,0.0,0.0011322368123058567,0.0,0.0,0.0,0.042244171503138576,0.0,0.0,0.0,0.11412134751190832,0.0,0.0014848526580419383,0.32201640436769385,0.031407912369706574,0.0,0.0,0.0,0.01072876209722647,0.14885030201142824,0.4963916001851967,0.04464749061753579,0.0016466746276564942,0.032587266609035014,1.9338692094972776,0.00938023375564587,0.0,0.0010421869822359359,0.0,0.0,0.0,0.005530169750668452,0.023121093432768983,0.13560162136513507,0.09603438668305073,0.09200045515512446,0.03448022281997474,0.0067514324135085945,0.0,0.0018559614195810435,13.285547636764488,3.4569706748653006,7.930385493201723,6.720309176286624,1.033268445968238,0.0479838595925098,0.044313433328717365,0.24586237477252867,0.06963419016557376,12.095735651562165,0.002289795825047739,0.0015813812360807495,0.001281350451786774,5.128766683692147,0.15380302327068734,0.044480174052294805,0.3789479227702468,0.011201979641774707,0.0011295222257846943,0.0031461090236246376,1.0340744219106344,0.00237890974339463,4.859274031664965,6.495825997283673,0.09583155222421455,0.9719133174649804,0.0002838723347744803,17.82774976872247,0.23923608850993364,44.39730905933082,0.4248684185538623,0.004515359183376863,4.080420525082375,16.11341524164251,3.1656494334516743,0.37082519177353757,4.509474759197406,0.0030737427268245103,0.01515701306298216,0.06782367762395694,3.339240214411539,0.2735724592095617,6.475731465312473
0.00407834883241854,0.04106269712136583,0.0020122937924555496,0.36345937202108236,0.01608766411368606,0.14190578584940525,0.760815290755342,0.23460901282049737,2.049380303176758,1.0618062687946739,0.0,0.395880497677299,0.06621504734892786,0.16192492714291434,0.13543805780262516,1.1372457761587518,0.0,0.0,0.0,0.45396961519295037,0.18323549751728407,1.061470210325979,0.3631984168350919,6.300040644397211,0.004409940536622007,0.0,0.34933526772038465,4.5868694195314355,0.07726191206519305,0.39120439015125286,0.0,0.0,0.01204364102240889,0.052201336406427455,0.0,1.1258926020705529,0.03937456039153445,0.0669003779820084,0.021321045882243043,1.0378030693436864,0.0010008331892660447,0.0005293218629796857,2.011045710371172,0.2654309487761783,0.5809859427880453,0.3016851270767655,2.4655751764867144,0.061923864809822426,0.04681703620919051,0.0899852981343976,0.26747989350216844,0.06278771243649216,2.5402081623605364,0.18698947839143754,0.2697423568915458,0.41065306785905537,0.9118899513525038,11.645700068731205,1.0106679609024223,0.0011760174143757973,1.231554187560493,0.0,0.8160369056104452,0.46145754068074457,2.8077919741333206,0.0201700992489028,0.0,0.0018597314950118424,1.7844615888952937,0.8297901734523321,7.888255012559896,0.4248684185538623,28.28788557448595,0.04347840473277515,0.06036825165845323,1.7415678317468914,8.392066242641228,0.3300524182481802,0.39470780557404744,0.0,0.020518220699692346,0.04097644734638687,0.6179684902350013,0.01863068554884819,0.2588322619389563
0.0,0.06273447967780922,0.0,0.0,0.0,0.0,0.0,0.00042962934497146324,0.0,0.0,0.12035975467789838,0.0,0.8836211281358309,0.00042880685060509526,0.0,0.0009502762552475669,0.0,0.005273775420228838,0.0,0.0,0.0,0.013323494007243909,0.0,0.0012056331392062735,2.2115843973502005,0.23980709177049714,1.5578595015036998,0.0,0.0,0.0,0.5427925388709619,0.00027954493814441426,0.0,0.012763791589816904,0.0,0.001143733486133889,0.05371152014270912,0.029288647612375776,0.003636234154083941,0.0,0.0,0.012333011900017881,0.02454310787633252,0.19275577918610537,0.07439890196940216,0.021925504271885873,0.00505890282348858,0.0,0.2470642349817487,0.0007338888047184842,1.3916930918700905,0.0008397723479071283,0.0,0.0023870342995858285,0.0,0.0,0.005635579273772782,0.018603500689591143,0.0,0.3380955369120351,0.0010193345594698127,4.722458992924797,0.011636665797385483,0.0,0.028775136093403875,0.001301178247810603,0.0070243476263887996,0.00672723467568783,0.0,0.0021296273531993,0.39439136111020684,0.004515359183376863,0.04347840473277515,3.222157021799722,0.09992420146378952,4.837414085288599,0.000964533297747475,0.025994517383501378,0.0010329104285799195,0.26533368857150863,0.03979249706808873,0.0,0.2923025392417192,0.0,0.0010935956937147967
0.0,0.18905969031956674,0.10940691453465413,0.0,0.0,0.0,0.0,0.0,0.00180272520538376,0.0,0.015189257997178632,0.0,0.12441334196367104,0.0,0.00018959100201249094,0.0011182123136299553,0.09630109620188707,0.017690560392868926,0.0095983994029375,0.0,0.0,0.011868634667510574,0.010470055426721735,0.0008023603544077008,0.11336149599370487,2.8496268192002465,7.209392654357728,0.0,0.0,0.0,0.2432756203066661,0.0,0.0,0.020978990470816132,0.0023617393062035663,0.030531592862960893,0.13128539768320027,0.12162894860285402,0.029783771588245377,0.0,0.0,0.0024452477246687154,5.615416053565154,5.0186079351838035,3.422649718518659,2.694799444209088,0.22963549665825536,0.013138068935099653,0.08988519126880401,0.09761698977808217,0.23496235422864195,7.838235084840037,0.0,0.012779534325935043,0.011435299344850967,0.5869623401805721,0.13066035599643955,0.019247913184016155,0.025180078312797657,1.36042285609756,0.0013992564259960594,0.09995533506086184,1.3165558513222266,0.0018315745162508683,0.0494838872579532,3.4115866514282334,2.8564699708670065,3.5037997226745907,0.0,0.26538042279154933,0.1352542804235292,4.080420525082375,0.06036825165845323,0.09992420146378952,48.90377424124745,19.11178705649117,0.054604008137721455,0.8493430192521477,0.24997950672742292,1.2420947457374154,0.4278567337132529,0.016203655500751802,1.4087462792249235,0.005601912265665112,0.39674475726137626
0.0,1.643024733444403,2.013702942756697,0.0,0.0,0.0,0.0,0.0,0.021151376139039987,0.0,0.045714631740124946,0.0,0.45937199597981077,0.0,0.0,0.8486179890340874,0.507767544036983,0.01709705479548378,0.024667402304418138,0.0,0.03596644633382966,0.504386828807264,1.7466068528655998,0.074284215988249,0.8514034387852497,4.936071755417312,36.356345004436015,0.00936119780507843,0.0,0.001640472553025022,0.6586041346914805,0.0,0.00019594210082249738,0.08250384806198188,0.0072782963814172034,0.453048597105575,0.7306070400272582,0.8037641860576308,0.34590824144137966,0.008485512747158854,0.0017985085217947746,0.005753976791485063,12.80932918495767,5.476493804977781,4.688413990936405,4.674927110663241,0.5393870430278028,0.03364232194040153,0.08371476189637818,0.05785703622521535,13.091396346807032,15.029299023741615,0.0006581354072805326,0.00026051193773944393,0.0009162942353487029,1.263100297995907,0.04339154300395884,0.1478221458652543,0.1408485569038997,0.06316964871764945,0.0018082972154583573,1.5396625406579851,0.37329079761324796,0.001597744749207297,5.708856355038394,2.5689329034510617,0.10598478271174577,0.849805989543981,0.00034765667727920164,1.0320691488492357,5.2390673833781936,16.11341524164251,1.7415678317468914,4.837414085288599,19.11178705649117,72.63728734600502,1.1028388572545702,0.2073739841933613,0.4977539265731703,0.7044101898354603,0.03725187881341069,0.019707728441003634,1.4478847451353538,0.06777882413248235,2.030352520338963
0.0,0.012375011000050675,0.0,0.0021167495935968004,0.0,0.003950737479318749,0.04585076888516799,0.0,1.4465906145798029,0.0,0.0,0.05808220141975636,0.059397797985614356,0.001731235530236188,0.05142806446262751,0.3279643622897483,0.0,0.0,0.0,0.06460446845062143,0.04388771391873023,0.40775919521236753,0.03708319833070174,2.5148627498687466,0.0003135615131868656,0.0,0.013277168521284886,0.9492474874343736,0.04503385886219285,0.1547052316958818,0.0,0.0,0.010731957655835178,0.01418711064711977,0.0,0.9350435488967042,0.006683545064276612,0.014610645748629194,0.0021569526046780704,0.4992033249982971,0.0,0.00040912026629255557,6.449971043702331,0.34321847852954035,2.302444994317083,0.7599255541009583,2.28397140359421,0.1753613054151984,0.024832649904338498,0.3756049103708747,0.021629224496232023,0.36843470932134087,3.434264037450054,0.019556515542404295,0.24290449526460087,14.22131422751072,1.5563482657886594,2.1981186609050005,11.481956816074078,0.0010730069196750798,0.5623685450030894,0.0,1.610460090265435,0.0757582965651415,2.0299313114542126,0.03916799138214036,0.0,0.0078106807861900145,0.8874769355471283,12.759740595163928,0.5836557794012119,3.1656494334516743,8.392066242641228,0.000964533297747475,0.054604008137721455,1.1028388572545702,58.8572291021114,1.6630283515976847,9.079368827190049,0.0,0.011890209014341353,0.28640324056168276,1.673671989133744,0.11048336963425623,1.4545555576126015
0.0,0.0010588969755532171,0.0,0.0,0.0,0.0,0.0,0.000449585363796878,0.06261155065593058,0.0,0.002390683104218243,0.0,0.019087360275951672,0.0006571551884880135,0.0,0.020387582794049765,0.0,0.0,0.0,0.0,0.0018308006176160777,0.0197864175095909,0.0037574668735241273,0.07668239876054375,0.006325532756790241,0.0012220645743601225,0.0008457212822100314,0.03406616273883732,0.004007846669520665,0.008183391062540075,0.0,0.0,0.0010796203644131694,0.004303075873202319,0.0046677975193647435,0.057069041946394866,0.003692887598818949,0.026766872222864026,0.02119119560168556,0.022810710746945375,0.0,0.006258983579395484,1.100056839211592,0.1303326090368251,1.1671947552192488,0.2611218620152615,0.29056634036362916,0.04287246639959921,0.07360746045306735,3.5151220136563635,0.0015130030535700234,0.030788066642914474,0.08379922995078944,0.007667638717626342,0.06898217435129893,2.15003814274975,0.5973816796240086,0.15327443733665883,1.373367282323964,1.823682042497391,0.32123172702754615,0.09155905686091466,7.087498747157447,0.011814329470142075,0.02524067305165122,0.303063582836035,1.230115294144861,0.5052576533359521,0.07407781875752713,0.34270286041701825,0.023209792771341754,0.37082519177353757,0.3300524182481802,0.025994517383501378,0.8493430192521477,0.2073739841933613,1.6630283515976847,28.723320213969693,4.350282354825847,0.22365331697462784,0.17625261563979894,2.4269648283632415,3.5259334928865815,0.0762750276947413,0.4285271030754706
0.0,0.008277724255333756,0.0012827120063931279,0.0,0.0,0.0,0.008100348960957298,0.0,0.17951413981273892,0.0,0.0,0.0009911299137321066,0.05581775283055108,0.0,0.0027120173120907176,0.18099375459392067,0.0,0.0,0.0,0.0,0.015726950263220876,0.19121894558067487,0.017531197752432226,0.4996538970821714,0.0011591393437474446,0.0,0.0021579061354268874,0.3385109926658614,0.028783185270212647,0.0671859731843414,0.0,0.0,0.005298987071521684,0.014784017180858328,0.00270554826141509,0.3592361596406301,0.004707705541516669,0.0069251409017984005,0.0005516989954526295,0.14374838271892046,0.0,0.00042734436219988165,3.72734668584194,0.4165556045472598,2.777665091672055,0.7701190354987354,0.4991578737847881,0.06069531360673509,0.019763778072164354,1.8899119964299103,0.008001544086736385,0.271966574074356,0.0015352354232102004,0.004360981279471681,0.003605621301659452,6.624324995208773,0.16609767237808898,0.07867199590154277,0.11214072753770846,0.004940783809307093,0.0069155667505045836,0.0,1.7321545861104164,0.014777212330672675,0.12259720742311617,0.7488093710700867,0.006308407309576634,0.1619830656803085,0.0019393037138519325,9.609572011103278,0.10813067202965573,4.509474759197406,0.39470780557404744,0.0010329104285799195,0.24997950672742292,0.4977539265731703,9.079368827190049,4.350282354825847,27.598827182244268,0.0,0.02044953023702232,1.0473650535802383,5.623913564937174,0.08668939207162217,1.3165118884247033
0.0,0.011135436077883512,0.0,0.0,0.0,0.0,0.0,0.0,0.0,0.0,0.09996872446877811,0.0,0.5406608407222498,0.0,0.0,0.0,0.0,0.02888437649806517,0.0,0.0,0.0,0.0005130210681216622,0.0,0.0,0.23459063343131664,1.090194092564116,1.5746267154754234,0.0,0.0,0.0,0.7975601001119325,0.0,0.0,0.003528528844603881,0.0,0.0011841168668697954,0.004797121154949223,0.004273916631379355,0.007636100620501407,0.0,0.0,0.004423767456362274,0.38962673111875396,1.6185760334846582,0.4630468293629109,0.30299478096375776,0.013549468475053091,0.0002693825845526488,0.08876238126356721,0.0,0.04024130882007219,0.00023603097066464797,0.0,0.00946751007789446,0.0011482775831229183,0.0,0.019568702267425814,0.0009910037396544482,0.0,1.4558865067419386,0.0,1.5699446803491197,0.11056118703910293,0.0,0.0,0.004438968373292217,0.24263064975350143,0.01120983502295806,0.0,0.0006632594980136288,0.007008629270085375,0.0030737427268245103,0.0,0.26533368857150863,1.2420947457374154,0.7044101898354603,0.0,0.22365331697462784,0.0,0.901473145524976,0.2198002122126219,0.0,0.2791971506765995,0.0019836029981878485,0.018583088078492894
0.0,0.0009020618594848891,0.0,0.0,0.0,0.0,0.0,0.0011564304117043249,0.0,0.0,0.0021525592391375167,0.0,0.021022538146633584,0.0008083489383476932,0.0,0.0,0.0,0.0,0.0,0.0,0.0,0.0,0.0,0.0,0.026129868405857026,0.0,0.0003144563957986957,0.0,0.0007109794820597989,0.0,0.0,0.0,0.0,0.009411090870595204,0.0003177565349348517,0.013205666881589527,0.008204509636587622,0.14918882532719552,0.07878612172059951,0.0059894048226976325,0.0018764547640601821,0.03281338939079839,0.9788976336814021,0.22096659109114009,0.42847911092527985,0.26847495951991873,0.7580702358850812,0.7573616991785092,0.18965405291182952,0.016681634020204096,0.0007941736262743608,0.0,0.00017391793616605992,0.19838564362642916,0.11661219342554123,0.042120921965230845,0.31026156116749515,0.04080373106875361,0.06391599517064178,1.1262067804408573,0.026642126788692887,0.14061051964520854,0.4906904934872831,0.03446286579866644,0.0007037419823550233,0.014926487150094113,0.6106945667182272,0.07745038884821003,0.0038778770985979437,0.01621247069543736,0.0002914975213372645,0.01515701306298216,0.020518220699692346,0.03979249706808873,0.4278567337132529,0.03725187881341069,0.011890209014341353,0.17625261563979894,0.02044953023702232,0.2198002122126219,0.9315312681810942,0.0050178057219687254,2.959656181313767,0.026581877437377284,0.1222682477828342
0.0,0.0,0.0,0.0,0.0,0.0,0.0,0.0,0.010305687043504206,0.0,0.0,0.0,0.002151065227700129,0.0,0.0,0.02891570525657909,0.0,0.0,0.0,0.0,0.002619511089347225,0.011511171472669607,0.0018276282095877618,0.026365249302761115,0.0,0.0,0.0005115757070484863,0.017333530557771433,0.0011842617526259972,0.0014946175318753178,0.0,0.0,0.0,0.0,0.0010266887135150576,0.011636839870628567,0.0,0.0,0.00040967007550408253,0.00452723287704032,0.0,0.00021949025657647215,0.13155478033604376,0.014599803505514576,0.23759398140300975,0.03890792155902466,0.02435913536311148,0.003376847102362663,0.0027155041992420114,0.05465073988563552,0.0,0.007119158089908782,0.0005455591200796198,0.00048824888176955504,0.000814622950505361,0.1225561894159979,0.0066576705688439946,0.00274432309338786,0.015483294406472968,0.0012119723554175007,0.0018035501855351648,0.0,0.040398264005020855,0.0029054277501225248,0.01024525452261128,0.0322193626799949,0.005673474970991644,0.01966328642890071,0.0008418088477825413,0.08728234062097115,0.007686007494417441,0.06782367762395694,0.04097644734638687,0.0,0.016203655500751802,0.019707728441003634,0.28640324056168276,2.4269648283632415,1.0473650535802383,0.0,0.0050178057219687254,2.4396012089515016,0.8752351346802418,0.0198120100596365,0.08814341353790166
0.005318087379336792,0.013295797622596455,0.008076566895563382,0.0017025426326119151,0.003932388424909967,0.030948140245186856,0.01599193694181529,0.06731068593453667,0.06776857655197528,0.008255886224075267,0.026187622370453623,0.0038277985825911727,0.1744052675336476,0.06141215304018847,0.0035979424795042317,0.13877755110890624,0.002923290615026832,0.0012745685473091492,0.0,0.0010503179031294701,0.07433351948565164,0.0742823535343001,0.07742843364360122,0.13051450116650395,0.13910090791264784,0.017966783571010676,0.08161559367301809,0.20660690281036428,0.04102794662512149,0.07507687243884707,0.009331012821817286,0.035407004828223954,0.0039233747361920954,0.05286295483559989,0.06875810220560608,0.3262248615652521,0.035571961072285434,0.3962663820543388,0.0962619676099244,0.2569729967335104,0.005382266988978037,0.018978774875646517,2.187043535694784,1.372225952783172,2.8632310227222657,2.1426139527219052,0.7180789182453953,0.4266669475902127,0.895362173248663,0.39293662765773,0.03266741077696318,0.15567400212348328,0.0531543598911974,0.560588769671438,0.13863899827250487,0.9618810314824088,0.5116019637538539,0.17931027783690406,0.7186964502936222,6.110559897754519,0.3757400385603579,0.46529973841898387,1.6209624195953094,0.027264095662724423,0.5189267059905924,3.7806226464443666,2.112474445928187,2.018552424077834,0.047959765574752435,4.396282102298615,0.33409961377480213,3.339240214411539,0.6179684902350013,0.2923025392417192,1.4087462792249235,1.4478847451353538,1.673671989133744,3.5259334928865815,5.623913564937174,0.2791971506765995,2.959656181313767,0.8752351346802418,7.014000742320684,0.3668275903353207,0.4696611460515656
0.0,0.0,0.0,0.0,0.004221700586091197,0.4046946586587028,0.0003355959214629436,0.19677440350930422,0.001284012973403842,0.06780040824489708,0.0006427326090947076,0.7109577833144475,0.503127940291461,0.0017222651652003154,0.01789938622190964,0.0010468859081212945,0.002200593374510835,0.0,0.0,0.0,0.006329050169928085,0.0007533965354320947,0.008442378394564791,0.0,0.0,0.0011448266032730073,0.0012889896243049091,0.0,0.0019073852096680131,0.0022684608511207437,0.0,0.001388997673114392,0.0004954999986593684,0.013804666145846252,120.10245462976037,0.8353212547758828,0.17243121123385288,0.04322103277859332,0.670395191436312,0.10172390174195149,0.010233028421115833,0.0,3.1592322239458266,0.3753173698232229,0.6286451051104051,1.2943372460064448,0.29743036750285406,0.062159915912614286,0.0020281698731851048,0.017982556273130796,0.0018347224761736383,0.008297106412928747,0.002225814477250082,0.010451670833781877,4.853430749604323,0.06571262583208415,1.8859514677574842,0.0057502307817313145,3.3982458393390944,0.0024782793005628146,4.08098660426229,0.0,0.04686946614125676,0.2931355289476079,0.04907188824772004,0.0041902532747526,0.002117617077940635,0.0034564263688130654,0.0013417168398713116,0.11471484756408029,0.01586459170429563,0.2735724592095617,0.01863068554884819,0.0,0.005601912265665112,0.06777882413248235,0.11048336963425623,0.0762750276947413,0.08668939207162217,0.0019836029981878485,0.026581877437377284,0.0198120100596365,0.3668275903353207,412.73774927026864,29.57491002178346
0.03556639229919466,0.009642608966823495,0.4201063650376214,0.01047587392560123,0.017359409901850614,0.24479617055870823,0.7569177082105135,0.2324044669658357,0.10427797585149175,0.36607329599443067,0.04020132399808926,0.05708715789699485,0.3362656754158097,0.21210367980876796,0.009693468511024355,0.5954560815864149,0.5232213305224788,0.03186772896519369,0.08533988297858074,0.006142830643618923,2.6952482636096415,0.04226085219970366,3.6792579990419547,0.10159710926380547,0.0,0.36230742119887976,1.209718555344073,1.1159979854463309,0.433231865925544,1.243381640295657,0.0030526088692964656,0.13054331272621808,0.07077054100674134,0.3781150945038038,27.906955355366314,3.2133145536407755,4.50579149881183,1.5220949054353925,7.81384843277904,0.36286799207037984,0.0883040503753565,0.007429406188228426,1.9954271620382005,2.975322131996628,1.5045148499059333,7.4999176910128655,0.331452858085408,0.09017091599146367,0.012885187783768359,0.10858988188872232,0.03343395693766308,0.24502246785077603,0.024027007166402044,0.025136616997522832,0.13222208580431022,0.8316317335992491,0.1831256807656076,0.13115880744142247,0.38167124042012285,0.018968708443309085,0.16756629377496302,0.003769791860094481,0.1977945429987469,0.02688643409867547,0.9590067290798271,0.17977780826040915,0.07351651335020802,0.08235827266433204,0.012330500956655178,1.8773795698010396,0.22128243682224152,6.475731465312473,0.2588322619389563,0.0010935956937147967,0.39674475726137626,2.030352520338963,1.4545555576126015,0.4285271030754706,1.3165118884247033,0.018583088078492894,0.1222682477828342,0.08814341353790166,0.4696611460515656,29.57491002178346,2.3239162397034656
