6.415419785009439,0.00027893227912393026,0.2375359664736366,0.0,0.0004222408241611312,0.010056839870021466,2.6511388952856323,0.5291760562021806,0.026416328114358994,0.005180055596813659,0.010941581522882849,0.0026780643596345933,0.0021757419049619363,4.033168798333913,0.0006670122207796038,0.0,0.3388112511601853,0.0010587607997203266,0.021712457300354364,0.001595789098763636,0.168457643119463,0.0012729681921788837,0.7733925945410661,0.04048895014096783,0.0,0.08297723715510821,0.0641777520704426,0.09612329315434068,4.996498825900899,2.9792686548854963,0.0,0.0013257481868362965,0.08135363837039244,0.11471482984352908,0.00406548048634398,0.08265602434000847,0.04994400565103472,0.142384751749697,0.035531584628036995,0.010944204551090188,0.00022367488435974682,0.003517321213450175,0.004997086544071481,0.000938429989535935,0.0007177140464354374,0.0,0.0004366238205285099,0.0,0.00044790066201825016,0.0,0.0,0.0,0.0,0.0,0.0,0.0013046111012906794,0.0,0.005497746760114572,0.0,0.000504040175019262,0.0006756723191002547,0.000508391600153618,0.0,0.0,0.003847406266873162,0.0,0.0,0.0,0.0,0.0,0.003276048883556474,0.0,0.02624266617667973,0.0,0.0,0.0,0.003552704108148822,0.0007980598766857793,0.001097137653949452,0.0,0.0,0.0,0.0009383468582132312,0.0,0.012833097127540525
0.00027893227912393026,2.200349266703984,0.005444268772606022,0.0,0.0004995358899980278,0.0008977064092440665,0.0013881476093469333,0.0010258136482142726,1.0233940396388166,0.0,0.06437061370496017,0.0006000272526079178,0.48602121245573215,0.004896726870693303,0.0025529723192896626,0.34999207882385014,0.006473743438494531,0.004373940171766484,0.0058673947035339635,0.0,0.04871790336939346,1.6197411033579452,0.04133907365482941,1.20147927219565,2.588830272665646,0.055208570761954394,7.041006269817711,0.030723816063347172,0.005105729247694767,0.0003613782817130467,0.024771576252040337,0.005483209911485824,0.0,0.07221165188558308,0.00024500488978199467,0.02942496220538487,0.061942594390931305,0.045811039743218776,0.021139070180472445,0.005533022546810979,0.001272440328811595,0.1608522558666408,0.10462589424506985,0.060651491490810554,0.054429245888506846,0.06442489462606732,0.0022035091355375284,0.0009887324472073382,0.035546964675573105,0.0,1.575709359211145,0.03587436142079974,0.0,0.0,0.0,0.0014817349543886854,0.00017683356645811692,0.006296901556622851,0.0,0.06866357138692965,0.0002074018366875575,0.2592692596339642,0.0011125393968444604,0.0,0.047777527801209536,0.03250164123457332,0.0025943694138625944,0.019194319138312547,0.0,0.003869532430371976,0.03527104330619172,0.029147730491076627,0.008754801014741546,0.14263231134213428,0.08303103637537061,1.9618591486453587,0.0016338068959433532,0.004418086371729787,0.004003419349458697,0.02221182704177303,0.00026174036114002804,0.0004501179687632853,0.04539249745304926,0.0005942657203968129,0.010255873161161168
0.2375359664736366,0.005444268772606022,21.673874954814703,0.00038498507931500846,0.0,0.07329542880292646,0.201960959531476,0.3865838945627362,0.007947929753959445,0.008754157556859404,0.03173312213272486,0.000785688548824458,0.02805442625419923,0.5034886324908835,0.0,0.01637059724907064,5.466554402331174,0.03351237612926331,0.5602429224517513,0.0,0.7682512709772881,0.0026699187447359056,14.425520530429543,0.014208541499691875,0.0005348766487051727,7.799782906398396,8.5021637725086,0.431472992321524,0.27911453123745394,0.7590918683320853,0.00038686611940344414,0.0018855431871702072,0.05662204168014968,1.4171342646989211,0.05096071347650949,1.921393793416314,1.4941786652333595,1.9020924636425411,1.4288958426386218,0.0893102304583666,0.005202686251550215,0.0,0.07016460880024325,0.03939851323892094,0.06336697237136046,0.04159239936493211,0.00044138470849095873,0.0,0.0,0.0,0.008437948499113402,0.11081317509592772,0.0,0.0,0.0,0.0,0.0,0.002328584978506191,0.0,0.00021811539730767616,0.0,0.002214177343504097,0.0,0.0,0.07956763839477066,0.007487780943985721,0.0,0.00030219976450628533,0.0,0.004464577689424822,0.008785977644735665,0.17603587167257384,0.0009611619805335923,0.0,0.003180449573436991,1.2826708440562724,0.000741522090734226,0.0,0.0,0.0,0.0,0.0,0.005377567463837878,0.005759952442217581,0.5352616756239065
0.0,0.0,0.00038498507931500846,16.215490155582415,0.03342604447876696,0.15194708995411052,0.08225355487740844,0.11638826782954843,1.4660473534331842,2.525928752980742,0.0003316172567783073,1.5818765832273858,0.0036505310365824613,0.03781992106564008,0.17184798783049893,0.0,0.0,0.0,0.0,11.451912891754246,0.003132124564462622,0.0009162931038302816,0.0022182828993106713,3.4253905283080153,0.0,0.0,0.0017447950366832473,4.934560169320279,0.01942218678195887,0.0,0.0,0.0003888403058120199,0.0013581953298996013,0.019485740792232326,0.00048756137504205786,0.2690984610988399,0.0025009438030448596,0.054328823570065056,0.008809922328731878,0.43737090574500337,0.012893725960099602,0.0,0.020681729961323794,0.0,0.00026413980852185893,0.0,0.05819676404929498,0.0,0.0,0.0,0.0,0.0,0.14983515351798557,0.0,0.024389660609747874,0.021474068491260836,0.037718314833059055,0.4240733550467663,0.04044091095865177,0.0,0.31225866373582006,0.0,0.0013867379585343026,0.022502567242416012,0.0,0.0,0.0,0.0,0.27079787950529377,0.0,0.0006136329460134845,0.0,0.6784035912021611,0.0,0.0,0.0,0.0809582443323841,0.0,0.0,0.0,0.0,0.0,0.0,0.0,0.007540043227152528
0.0004222408241611312,0.0004995358899980278,0.0,0.03342604447876696,1.201032397865548,1.2870146243826366,0.024668493286414354,0.05905329733261611,0.18085742405618174,0.03762410104878686,0.0029949581557590123,0.1507646255485765,0.01329898670970785,0.0048763187469259405,2.010277840118654,0.0,0.0,0.0005192841417814967,0.0,0.027081991321827505,0.0,0.0003324471555865775,0.001373080490557693,0.10060382278415646,0.00026730037289583665,0.002169913085199696,0.0008472631484651607,0.03880461667041735,0.0021909640851124307,0.0003918027146785863,0.0,0.19784427317309597,0.0,0.9236665104123268,0.004765613877765095,0.23796901195154926,0.005289656055858272,0.013214075318164951,0.012113887219186936,3.7687865554801188,1.7736431552258412,0.004767675712511185,0.005189786501398053,0.0,0.0013920661653038329,0.003318222790607285,0.0038635638112833356,0.0005467748763002375,0.0010777138972082826,0.0,0.0,0.0,0.0005679510979007659,0.0,0.0,0.0009370494255609689,0.0,0.0034900093116533564,0.0,0.002241343240782445,0.0072392620220158195,0.0,0.0,0.0,0.0,0.0,0.0,0.0,0.0009954824642283047,0.0,0.0,0.0,0.00356041485771453,0.00026328032098539236,0.0,0.0,0.0,0.0,0.0,0.0,0.00022107369979716007,0.0,0.0013823171242206577,0.0002093302598048783,0.011415766865064245
0.010056839870021466,0.0008977064092440665,0.07329542880292646,0.15194708995411052,1.2870146243826366,21.539786885188864,3.256341827837603,7.4360735570140735,0.5696188753030086,10.746818399351667,0.02335043051507852,5.302253146422979,0.056087053976757756,0.3791335836936658,1.8842844217158494,0.0013526732793185938,0.0017184239058759103,0.0007589110463784477,0.00021004803170560416,0.4512748393067542,0.09973145447812522,0.001355125105821426,0.15076124164291574,0.33397667090746025,0.0010865234448415144,0.004658788576792072,0.022304565165221002,0.45161170470735795,0.15927525210845456,0.11349114665144029,0.0,0.2392240806171268,0.008149883671578942,0.10591477941640134,2.849638673071032,1.087293541887195,0.08987336079504589,0.26313809749346617,0.09355878621573992,4.1673987773024725,0.06664787835757584,0.016597088788723763,0.012745646740234578,0.0025916352967485816,0.0049273405962357054,0.025645718877982365,0.014318266997918667,0.0,0.0004457132177598793,0.0,0.0,0.0,0.010552240581264895,0.0013985613131872402,0.007873539060193033,0.01864620618763356,0.009743329477667312,0.14606704079942204,0.0024601904857389574,0.0062734779946915465,0.12909052356678494,0.00016732609441339106,0.0,0.010184076887841776,0.0,0.0,0.0,0.0,0.05167283168304895,0.00030782588893311436,0.0007748405271681103,0.0,0.35814178259048635,0.0,0.0,0.0,0.025597436552516457,0.000894573517288982,0.0,0.0,0.0,0.0,0.0026671663998702883,0.4538396756224267,0.08040357952019131
2.6511388952856323,0.0013881476093469333,0.201960959531476,0.08225355487740844,0.024668493286414354,3.256341827837603,36.12577359441738,7.827717407723562,0.38689930888823154,11.515996340327522,0.06894258266818593,0.14227741915146203,0.33945824011598297,10.172056548238412,0.04740761988990083,0.024034540560773823,0.033122008251176754,0.0,0.004212838512327371,0.0324950067208144,0.8704172740116601,0.012266016022657587,0.6270967222628568,1.7571264707148013,0.0009039948922942236,0.009842678822590904,0.16834593645398682,15.847522270621239,2.77403642564321,4.096774144594558,0.0,0.08562236719566516,0.49279746537081864,1.2854732116782497,0.14348386354442877,4.205658160995532,0.28366434135726326,2.588147493736301,0.6152608249320687,0.7075621814408788,0.18068273910590527,0.05167235470453766,0.09888150452713518,0.0007500761304601318,0.0361538498402598,0.0050002883319087066,0.07130876464288058,0.001737775344754024,0.00071906988089509,0.001086216766913106,0.00043491816836788974,0.0,0.014444754042997955,0.0,0.01504501006643577,0.08925185057446942,0.1694283445675629,0.1562008397195692,0.024335739749471078,0.0027700017737714057,0.03502385869442158,0.0008383578766195094,0.013682832155316592,0.001972540527017956,0.009137509073744773,0.0,0.0,0.0,0.04276743252830051,0.0017804783813050592,0.012032195501034773,0.0011502007833066692,0.6885853047559237,0.0,0.0,0.0,0.1667008596517681,0.004463249698483087,0.0034080434472045533,0.0,0.0,0.0017003232466437648,0.006448362423641289,0.0018285453729194392,0.751195093679372
0.5291760562021806,0.0010258136482142726,0.3865838945627362,0.11638826782954843,0.05905329733261611,7.4360735570140735,7.827717407723562,24.980422758724274,0.824322615016143,4.475663388779811,0.22072044615360265,2.0297193468230432,0.14440999880144248,9.538805956319633,0.13586820052781617,0.0023758029994720795,0.12103167773900321,0.02874275119939753,0.011551886250271376,0.5957267148960536,0.35358785502919027,0.006099731442831258,1.221159101858816,0.6884837655713543,0.0022425912144040765,0.07317263758847378,0.060884853022134734,0.9379321513362858,0.7354202060669439,2.124999658445644,0.009812183383521645,0.5665208867204402,0.021588641236841444,0.26236692502184633,0.020695491126728333,1.9622301879548092,0.2728548940490688,0.587652732836875,0.32780158514104074,2.001501865266291,0.04249172238639367,0.09354728261098254,0.016581024390633723,0.006206688547101974,0.03510813920956546,0.10671934623539814,0.007852408830015792,0.0004802530048039736,0.010313252241117395,0.0,0.0,0.0,0.0,0.0,0.0007485895991432449,0.009118529056673725,0.0015144169251880626,0.25797587523073656,0.0,0.022938310826797214,0.02449450148118283,0.00383083597453327,0.0007513491986083743,0.0017650159552820583,0.0009692150878819064,0.0,0.0,0.0,0.010154277810479385,0.0,0.0032175806327056603,0.0,0.25766145479678143,0.003378753937018253,0.0,0.0,0.00721583070359448,0.0013037201087167107,0.0,0.0,0.0,0.0,0.05584584728045762,0.0019654747752258007,0.07229335515862402
0.026416328114358994,1.0233940396388166,0.007947929753959445,1.4660473534331842,0.18085742405618174,0.5696188753030086,0.38689930888823154,0.824322615016143,4.202676815217474,0.9131477401692265,0.028388164226608316,1.213244609363873,0.12772093888066322,0.485490133726752,0.8723170105376096,0.010160928418955186,0.002192523960886642,0.0,0.0005761008419897435,0.6535458308668461,0.02730204856782424,2.8041064498527275,0.02532599412268443,10.543221643692519,0.5237725949168389,0.003370220839815464,0.5370725654460542,3.150289906194498,0.31828818321404995,0.0924173454069699,0.0017293633286421402,0.04412975474435426,0.04934899358519664,0.14413431573881105,0.07608713447916,1.0408505074187742,0.04753513460147153,0.3166235897026824,0.09510598491950371,1.1543944198636489,0.047818618696931256,0.029553702533635075,0.5145559701579434,0.015223644860981086,0.2132198943654855,0.07923058792203534,0.3763939494795374,0.03851636161496466,0.004485144239501273,0.014301347538054138,0.007995895808543835,0.0032009794512848125,0.46791239248353195,0.014659534103960408,0.14995379826114663,0.3764141123955597,0.5701610009049566,2.9145015177291396,0.7004982685756352,0.01834678441003643,0.35313077321522623,0.004652269338163111,0.20643728354676374,0.05931574125302965,0.06719244030726673,0.0038189920765883,0.0,0.0,0.395403032753705,0.04136956616240152,0.20211998873662182,0.016194215486750967,2.690166181108814,0.002934579219058554,0.0005685975329062931,0.0083929453780993,1.1854855712044727,0.10486903842132993,0.0603410937779109,0.0,0.004947874489207788,0.009987935592608245,0.11337206006210486,0.02919751171261709,0.17749303955307993
0.005180055596813659,0.0,0.008754157556859404,2.525928752980742,0.03762410104878686,10.746818399351667,11.515996340327522,4.475663388779811,0.9131477401692265,65.95805399554607,0.02901934033413206,6.569736264554857,0.1383239390164018,2.0030977247323873,0.14071236847522475,0.001161598203996777,0.0006445877746121826,0.0,0.0,5.523740847610094,0.035183297773033036,0.0006647888457217662,0.028673799173944137,0.7993171869199465,0.00046269803745961353,0.0,0.005283222081586797,1.7153779323840117,0.7652104043470247,0.011854893294292155,0.0,0.03858839642316615,0.013114119050708643,0.537439764049613,0.042535753288413976,3.298343646195051,0.03839649092433213,1.3798596016595155,0.23667514827708305,0.9286503830569918,0.1750910512363635,0.027199335176135698,0.020214636104230924,0.00042932546528786584,0.0,0.0013636820656377007,0.04384788426117553,0.0,0.0007260414369596246,0.0,0.0,0.0,0.018120461186217275,0.0,0.0010331023306555697,0.0021002085661460394,0.0,0.36039394979639966,0.0,0.00046878446394412533,0.2551096755055068,0.0,0.0,0.0031099743786578656,0.0,0.0,0.0,0.0,0.061687369914879206,0.0,0.00045568379788663027,0.0,0.5944388182323472,0.0,0.0,0.0,0.0007249409735280652,0.0,0.0,0.0,0.0,0.0,0.0,0.00039597661885037105,0.11619164678399879
0.010941581522882849,0.06437061370496017,0.03173312213272486,0.0003316172567783073,0.0029949581557590123,0.02335043051507852,0.06894258266818593,0.22072044615360265,0.028388164226608316,0.02901934033413206,19.351246687519616,0.03280681524800011,2.431111681414566,0.749021684801143,0.0020537347461800403,0.00356991152770621,0.13356016449899802,5.001752460326509,0.7214431544119061,0.01341388236481295,0.018693094854344262,0.036735656789776666,0.0531277302198871,0.01076031561284865,0.15860543402302818,3.1568187203586966,0.4034177113933752,0.015356981422879386,1.6293600979085407,0.017783655647468515,0.40074526390741105,0.37356093029631776,0.008138477479211117,6.024016515549389,0.0032020287903217017,0.3742892147390987,1.2961902202292903,2.0793937201238584,0.3659251146182187,0.05410423824487307,0.01788100661257856,0.2492448467629452,0.008978200395418901,0.3473427601988234,0.020855512090378885,0.008321435695680389,0.0,0.0006412080665812625,0.08209695505057106,0.0,0.06646358134811171,0.0001912187642998761,0.0,0.0,0.0001648069461396203,0.0,0.0011822834511841396,0.002353134201055074,0.0,0.3416172145996919,0.0,0.8656283064488142,0.005982815108003721,0.0,0.0030563807281948625,0.0,0.002343034771940773,0.0006731184719401393,0.00026169274997908307,0.00024177107220351536,0.007167830554673712,0.00038913758469955067,0.0,0.28032761028105857,0.07074270417802121,0.17667274449999032,0.0,0.02401258814265199,0.0,0.17122423366875944,0.0064589093337915045,0.00023617592811044975,0.11335469103379617,0.0005283889379269223,0.02798027772261463
0.0026780643596345933,0.0006000272526079178,0.000785688548824458,1.5818765832273858,0.1507646255485765,5.302253146422979,0.14227741915146203,2.0297193468230432,1.213244609363873,6.569736264554857,0.03280681524800011,29.331723412960567,0.02963603067179533,0.6863884206096326,1.1012665340120738,0.0,0.0008046446804688113,0.0,0.0023278474503690607,7.484073283274556,0.0014217321846421388,0.0003331026246216874,0.0016633215040333653,0.7809303911236906,0.0,0.0013724728151891772,0.0,1.413133391462948,0.22799025188743186,0.00023287175460463212,0.0,0.058908086439956084,0.0001950588428280992,0.12858843072703055,4.920733418891375,0.7505201191478045,0.025239792450429323,0.26796052656576785,0.11212329167400524,1.3595545560442148,0.03701353951313824,0.021586621880284953,0.035355853156154665,0.001290053173259607,0.008131054506832613,0.019595456252648476,0.0882535446794256,0.0006332196346719865,0.0015727997291757642,0.0,0.0,0.0,0.09969376122161423,0.0033896128405738685,0.058639470566348884,0.027537458006432532,0.10539564004722514,0.10774988957451559,0.10073374000007836,0.004507370096710368,0.23667271499771686,0.0012282033893213932,0.0024722327559167792,0.02669249685873975,0.002649549403418782,0.0,0.0,0.0,0.17847045122056265,0.0011661039376565953,0.0,0.0,0.20875916072408676,0.0,0.0,0.0,0.10055524305433042,0.0004504861282818935,0.0008299706470559576,0.0,0.0,0.0,0.0013317337675436364,0.9017700554117705,0.14091097758901833
0.0021757419049619363,0.48602121245573215,0.02805442625419923,0.0036505310365824613,0.01329898670970785,0.056087053976757756,0.33945824011598297,0.14440999880144248,0.12772093888066322,0.1383239390164018,2.431111681414566,0.02963603067179533,6.885062442935629,0.19068324374843137,0.015905202656440694,0.14145060422097366,0.002697543027762633,0.014086361336962205,0.010304797358991442,0.02933817516907673,0.19133840624249202,0.3726491451504346,0.23894318720074828,0.19702285623497437,1.5753146916254603,0.1266922555820781,0.8266282632779417,0.2577626143239755,0.28716203217195224,0.11281908447656472,1.8937854996295678,0.32202964107396254,0.012597454480933792,1.1263564014489527,0.1906039216379875,1.3128694106096317,1.5365735460050949,0.6588920561452523,0.7047536585991998,0.5896436076759821,0.288672740844723,0.6106441031429153,0.3659507247917264,1.0216250626037615,0.1151587478102616,0.06459483888947534,0.07404275502953421,0.0028821658782481508,0.09710548905910255,0.0013310699945015404,0.37195669249780705,0.0029730725118911586,0.0017183184632377278,0.0008526581979283064,0.012326930305456894,0.012517516094542793,0.0287712583534969,0.015878226245651474,0.0012020106577850652,0.925990907365284,0.023654238165751074,5.036008679185691,0.034280194352390096,0.0032588884249836587,0.1645173642681057,0.001328476817374263,0.0049075569383565075,0.0010494197500134522,0.007236747789987934,0.08373098711285776,0.07683033287286552,0.10564526613970911,0.03887020703308579,1.4627865109772609,0.5748467403873759,2.364710446299974,0.02589966509588213,0.04975606775655075,0.021256558419561485,1.8068693436209706,0.021498080633907225,0.006438763732992333,0.1927021976176062,0.07276008456334433,0.168617728005717
4.033168798333913,0.004896726870693303,0.5034886324908835,0.03781992106564008,0.0048763187469259405,0.3791335836936658,10.172056548238412,9.538805956319633,0.485490133726752,2.0030977247323873,0.749021684801143,0.6863884206096326,0.19068324374843137,21.324166221724237,0.03300406339436284,0.0006927698816640956,0.4544865972564522,0.1954807075993727,0.1108043173325833,0.3090641346158757,0.38886663478402395,0.005401952054885602,1.8066597566327527,0.4137101128204628,0.006274621826027736,0.3579322248716112,0.15687513201080483,0.6225571305658452,7.592124242789535,3.554734019828207,0.03795273450931796,0.29425849473702964,0.08297741863416196,0.5909776948196376,0.011936373169013293,1.1734195800375462,0.25401788355605587,0.8525882847710768,0.26498923848003764,0.28001194106361327,0.039735913209972364,0.10827264409541539,0.010848405169153976,0.014693577201883247,0.028136207114953897,0.08318472828268408,0.003962200631343574,0.0013968188405121173,0.010429041078864224,0.0,0.00044379245987977606,0.0,0.0,0.0,0.0,0.0,0.00028657091614543647,0.10430136599814707,0.0,0.02613632916956818,0.0,0.013713717951153883,0.0,0.0,0.0005055782869949409,0.0,0.0,0.0,0.0010067038924406401,0.0,0.004343017464161882,0.0,0.04006423673028645,0.006334002856064252,0.0,0.0,0.0,0.0,0.000760346818311958,0.0,0.0,0.0,0.02938825160490957,0.0014106653387137352,0.050079725052300995
0.0006670122207796038,0.0025529723192896626,0.0,0.17184798783049893,2.010277840118654,1.8842844217158494,0.04740761988990083,0.13586820052781617,0.8723170105376096,0.14071236847522475,0.0020537347461800403,1.1012665340120738,0.015905202656440694,0.03300406339436284,1.6122871966485304,0.0009085800045043552,0.0,0.0,0.0,0.11390326340822435,0.019973945066232974,0.0049577835877443206,0.006957292723435044,0.46732453137681146,0.0,0.0,0.0010075299814435057,0.2358516034257641,0.017508698021975053,0.017112553075884145,0.0,0.05436931006411346,0.0024421904327453173,0.018326405874997315,1.2554069100592498,0.15436534185101874,0.00486175906227802,0.012948557751692463,0.00933571488427608,1.854347378227842,0.23162204563945518,0.0008095713519993414,0.011147702660404733,0.0023614088246337555,0.0005997221830105345,0.0039278719577078855,0.02907831058958115,0.0,0.0,0.0,0.0,0.0,0.015264516670078993,0.0006586516598538779,0.01053507283387275,0.004614880204501443,0.017831114427604055,0.016159370630109474,0.013643832705882205,0.0027919091015915698,0.06266301074146503,0.00042602067582548514,0.0004898905577493755,0.009281464202073354,0.001198820812661171,0.0,0.0,0.0,0.048787070397906834,0.0006508919189282632,0.0007929278863011528,0.001280818250587094,0.03666996077915122,0.0,0.0,0.0,0.013328829394513537,0.0010861776194515927,0.0,0.0,0.0,0.00028470990605187856,0.0,0.21218499976092609,0.03584405657466011
0.0,0.34999207882385014,0.01637059724907064,0.0,0.0,0.0013526732793185938,0.024034540560773823,0.0023758029994720795,0.010160928418955186,0.001161598203996777,0.00356991152770621,0.0,0.14145060422097366,0.0006927698816640956,0.0009085800045043552,13.609575858302513,0.01266808202230266,0.0,0.003843542861841788,0.0,5.305937358489072,2.1320151387946815,5.422453122996351,1.2557241222592919,0.08653663969961915,0.005691854931021759,3.804570125086139,0.9025676170024096,0.0023412143465407053,0.02039655394725328,0.0005320306670354832,0.0015334255043930399,0.0010790904916854031,0.06008349639764178,0.02240835884206044,0.6139932819141907,0.3682305723555265,0.19284489625158052,0.17793188661178702,0.021324837797635606,0.006344387313374479,0.015850576514493443,0.39972304500450623,0.17278840862586406,0.0999255535807831,0.08093772643146929,0.046649210403263315,0.002479665275621973,0.002720114961306919,0.003286609116618993,0.018967343205856236,0.00930339994374161,0.002884154186031249,0.0,0.0050016691468289685,0.011129833121762675,0.0028152270497856227,0.01812767132279027,0.0,0.03128672473551008,0.015401890587704498,0.026546118945119584,0.0031604255784324635,0.0009687136536137846,3.262727205873912,0.002425654896324766,0.0,0.0,0.007153152423860172,0.38119195226965746,0.9543156644416352,1.0219954909641484,0.26942482441724097,0.0006889508825382284,0.011661082676030967,1.0974695867128705,0.0994010375267748,0.04035765619368952,0.08642833800779932,0.0,0.0,0.020914992300828546,0.03322825611568584,0.0061251183663048585,0.17939699829016462
0.3388112511601853,0.006473743438494531,5.466554402331174,0.0,0.0,0.0017184239058759103,0.033122008251176754,0.12103167773900321,0.002192523960886642,0.0006445877746121826,0.13356016449899802,0.0008046446804688113,0.002697543027762633,0.4544865972564522,0.0,0.01266808202230266,5.911096988051398,0.15948201887111313,3.3419032335157275,0.0,0.6174953627539588,0.0030536395389869865,5.339268346920018,0.0077728746822287465,0.0,4.612472155320445,3.8306608325888325,0.12571320811647158,0.9536333990489619,0.4995493074938881,0.0,0.0007992000350958019,0.2160423209779229,3.136054087423456,0.00447141789845573,0.41498366754016747,0.44479428260162635,0.727171614181377,0.3090440928836033,0.015291283883769088,0.0018106992634399671,0.0,0.009700879165812495,0.004880871156405257,0.007276083916716633,0.002906861470326797,0.0,0.0,0.0,0.0,0.005650174108605665,0.021761597870037022,0.0,0.0,0.0,0.0,0.0,0.0008043471506360152,0.0,0.0,0.0,0.0,0.0,0.0,0.005523220761595515,0.0,0.0,0.0,0.0,0.0,0.0031768271100809055,0.01108872372453077,0.0006940862949037579,0.0,0.0009197878588591145,0.31713613588422235,0.0,0.0,0.0,0.0,0.0,0.0,0.00016570522753290852,0.0,0.03571677479732959
0.0010587607997203266,0.004373940171766484,0.03351237612926331,0.0,0.0005192841417814967,0.0007589110463784477,0.0,0.02874275119939753,0.0,0.0,5.001752460326509,0.0,0.014086361336962205,0.1954807075993727,0.0,0.0,0.15948201887111313,2.5369735427365643,2.537653615027303,0.0,0.003948463066200646,0.0005013827102774443,0.020380959056349592,0.0,0.0013458274924587955,2.762349365067607,0.27909109645142505,0.00020131712119349457,0.5789295905750191,0.002444898816562952,0.012577826534592218,0.06650514472814316,0.009409343206324014,1.1973486912602374,0.005916269784531697,0.596009740719831,0.9174075680115363,1.8014781979764554,0.7031807123864272,0.01664971485127359,0.00691531373241639,0.002951619588914926,0.0005954256806696514,0.0014372651490981237,0.0013741058985414802,0.0004765975763652059,0.0,0.0,0.0002615755129133921,0.0,0.0029517139443349873,0.0016743359480275652,0.0,0.0,0.0,0.0,0.0,0.0,0.0,0.0,0.0,0.001748964651972297,0.0,0.0,0.0,0.0,0.0,0.0,0.0,0.0,0.0,0.0,0.0,0.00036630149704286566,0.03529551990289926,0.07577525022353707,0.0,0.0,0.0,0.005458980735404076,0.0,0.0,0.00018394502450851664,0.0020422561104765334,0.046632226815476484
0.021712457300354364,0.0058673947035339635,0.5602429224517513,0.0,0.0,0.00021004803170560416,0.004212838512327371,0.011551886250271376,0.0005761008419897435,0.0,0.7214431544119061,0.0023278474503690607,0.010304797358991442,0.1108043173325833,0.0,0.003843542861841788,3.3419032335157275,2.537653615027303,7.035086498160405,0.0002814689935663299,0.09726818384456336,0.0,0.4198120857064082,0.00044848173718855627,0.0,4.945530510026169,1.4599687694673125,0.013900406697136155,0.3865873048974942,0.03544581195812093,0.0012707127645666001,0.023431174720938815,0.030680392631376723,2.7879621820440748,0.00524396177454831,0.754376743056346,0.7266860658892611,1.6545994756034774,0.7746267245503641,0.01493448620865799,0.005085611615886167,0.002163962271818318,0.0023893500971580053,0.002592938592394786,0.0017070124892839145,0.00020152335257583469,0.0,0.0,0.0,0.0,0.004285927187987138,0.008812887885820839,0.0,0.0,0.0,0.0,0.0,0.0,0.0,0.0,0.0,0.0,0.0,0.0,0.0004018691787102013,0.0,0.0,0.0013524217637223214,0.0,0.0,0.0,0.0009618536655332417,0.0,0.0,0.014934898443290613,0.10273285289319406,0.0,0.0,0.0,0.0,0.0,0.0,0.0,0.00119748124401741,0.06527272203637005
0.001595789098763636,0.0,0.0,11.451912891754246,0.027081991321827505,0.4512748393067542,0.0324950067208144,0.5957267148960536,0.6535458308668461,5.523740847610094,0.01341388236481295,7.484073283274556,0.02933817516907673,0.3090641346158757,0.11390326340822435,0.0,0.0,0.0,0.0002814689935663299,5.654020300080724,0.0005095353744567947,0.0,0.000263011011088432,1.5983363325464262,0.0007085462858414251,0.0,0.0,2.4006380565952528,0.13621322894979232,0.00016852338849786657,0.0,0.015632751472265297,0.0,0.0784671395000804,0.003842900339301081,0.5541925643189299,0.01752232388225476,0.17445847037145962,0.05682707563152622,0.35262352170504274,0.019296997876741207,0.01165435947593367,0.03398162860612875,0.0,0.004278088296643253,0.0017043042651587242,0.14725597531534615,0.0005926106223007087,0.0010489300873596304,0.0,0.0,0.0,0.3035587884232341,0.004683164076777179,0.10010227725602795,0.05742464764705683,0.23850191887382777,0.2994610667742637,0.11054026444237648,0.0007332076923308623,0.5758464380248657,0.0004369071149207549,0.0036500063328442083,0.06228232665869256,0.0019999674529994826,0.0,0.0,0.0,0.663977611264236,0.00031705077379498114,0.0,0.000509855169978657,1.0825113074824095,0.0,0.0,0.0,0.20646910484373984,0.0,0.0,0.0,0.0,0.0008996531969922289,0.001674420448142627,0.0,0.012125725128665303
0.168457643119463,0.04871790336939346,0.7682512709772881,0.003132124564462622,0.0,0.09973145447812522,0.8704172740116601,0.35358785502919027,0.02730204856782424,0.035183297773033036,0.018693094854344262,0.0014217321846421388,0.19133840624249202,0.38886663478402395,0.019973945066232974,5.305937358489072,0.6174953627539588,0.003948463066200646,0.09726818384456336,0.0005095353744567947,41.47418583266783,0.24861376188543227,17.143604366964826,1.2030729762358212,0.00392762600853389,0.17322193927222918,1.469277665420361,9.922379178397176,0.5532296211973371,12.124468319591642,0.0008164173898044048,0.0,0.1647067695536266,3.8267482615966832,0.29309157290031107,4.748006200245881,1.515432301292636,3.4504852698890196,2.078893851685756,0.3360650758181566,0.011277154167539152,0.02176135047222446,0.273610878891139,0.04095770373864419,0.03233636391434558,0.015833504331621295,0.05937326775192314,0.0019201491325117376,0.0024746596247722332,0.004829955536789284,0.004037694252367791,0.0016550744159943376,0.0005083906990319838,0.0,0.0027422669037285388,0.005408152684279388,0.0002740960619552345,0.030864809421578935,0.0,0.03936676996310937,0.011812397310398879,0.020334199615044325,0.0012941580902964146,0.00030372008218127437,0.6026374256763333,0.0,0.0,0.0,0.006431071313837648,0.14928510787811955,0.30007861105585454,0.1112350367646047,0.2187330416365817,0.0012191240184940661,0.0,0.08007845970402372,0.042777422773410914,0.028707152982253945,0.05854183751594672,0.0,0.0,0.021292261315100834,0.020514697986168902,0.014526019656088249,2.168018247832551
0.0012729681921788837,1.6197411033579452,0.0026699187447359056,0.0009162931038302816,0.0003324471555865775,0.001355125105821426,0.012266016022657587,0.006099731442831258,2.8041064498527275,0.0006647888457217662,0.036735656789776666,0.0003331026246216874,0.3726491451504346,0.005401952054885602,0.0049577835877443206,2.1320151387946815,0.0030536395389869865,0.0005013827102774443,0.0,0.0,0.24861376188543227,5.370847074954938,0.27826185582696167,5.495749505585221,1.0179083779122367,0.006342377663837131,3.1415414816191234,0.25399276175625585,0.009361615264577346,0.039077710879024216,0.021626621004406762,0.00020433101946602716,0.004902289620033838,0.0365493123406995,0.003290678376614803,0.10629486835966223,0.051719517745677096,0.039945761158454475,0.025505800740369698,0.015615622359037523,0.0013191079811824657,0.05880684775093731,0.18958468729557362,0.11644916762596183,0.08738967519375503,0.05432367522261172,0.013281213807806468,0.002994114934038431,0.014146002414734042,0.008270826366168337,0.1163859771669393,0.023495973807556737,0.0008731088911380619,0.00019254393781064643,0.0004787711045679073,0.03327012018517923,0.00604740408499431,0.05608135859143752,0.0012663039642191224,0.0353933628233903,0.0022474241692843123,0.10661065120968681,0.02354256838922875,0.0032443941686105646,1.7694522798880623,0.013589669044653812,0.0,0.0019343497372970575,0.001298728887219773,0.3265339174489925,2.905524986918202,0.3708611358788803,0.5111458551461604,0.06427839973773372,0.003910547654689517,0.6271971853370909,0.19238470992528955,0.0430812861111193,0.08479296350240484,0.0036711359470648543,0.00031409879056356244,0.013053208543494925,0.03062261119490608,0.014168842711427215,0.07810715225360397
0.7733925945410661,0.04133907365482941,14.425520530429543,0.0022182828993106713,0.001373080490557693,0.15076124164291574,0.6270967222628568,1.221159101858816,0.02532599412268443,0.028673799173944137,0.0531277302198871,0.0016633215040333653,0.23894318720074828,1.8066597566327527,0.006957292723435044,5.422453122996351,5.339268346920018,0.020380959056349592,0.4198120857064082,0.000263011011088432,17.143604366964826,0.27826185582696167,37.81185459784033,0.3966936586182809,0.0035007485371302393,1.8198742967243664,8.81758999525004,2.864785368657345,1.8332982583628261,4.6105486735777825,0.0,0.00390745701279196,0.4349908439990482,5.372305068901636,0.39018583290018305,8.545190442025119,4.916187396562214,7.539731081548831,5.700838328539285,0.6384003013889616,0.02169492418806135,0.02080849582940697,0.4206562276432819,0.14760503364453798,0.10238935977716898,0.10034669837868142,0.026159351230480268,0.0017672511019542001,0.0034938505992814983,0.0,0.020783453271278077,0.04052937639674596,0.0011026305492531784,0.0,0.0012394383799847026,0.0013748108037940142,0.0,0.0151620311709119,0.0,0.046475623201646915,0.010718592460528796,0.036715485295988684,0.0,0.0014789894762980784,2.4269086976939387,0.003065683166550564,0.0,0.0,0.003055523065714877,0.15198999965549492,0.4124390431090659,1.1660599911406255,0.09473939931819987,0.000757558360141225,0.017403384791703072,1.482854368157337,0.013444357614194862,0.011395677966488616,0.026605140758414265,0.0,0.0,0.008859590020352597,0.01833499524097272,0.0319561225674621,4.122441104152837
0.04048895014096783,1.20147927219565,0.014208541499691875,3.4253905283080153,0.10060382278415646,0.33397667090746025,1.7571264707148013,0.6884837655713543,10.543221643692519,0.7993171869199465,0.01076031561284865,0.7809303911236906,0.19702285623497437,0.4137101128204628,0.46732453137681146,1.2557241222592919,0.0077728746822287465,0.0,0.00044848173718855627,1.5983363325464262,1.2030729762358212,5.495749505585221,0.3966936586182809,26.043195385783633,0.31229766313962803,0.0032199142297683397,1.219605834910694,10.239136878371637,0.32610689088188116,0.18997803214875886,0.0002494320433537063,0.017577927969310687,0.09998386610868981,0.2541044977367019,0.04934020656560425,1.8532021646280956,0.2636231435072264,0.5637154267912031,0.23685374207629736,0.7929696654484842,0.05329521420449927,0.026870464925932785,1.4988067611851348,0.09121914397285198,0.49664456656809264,0.12430461311042301,0.6554541447362116,0.02587807667386876,0.0007946185501854227,0.07346416257481012,0.00896732260252871,0.02018875569689148,0.4117640609008557,0.008351852258089867,0.3056967004890204,1.0267727722340803,1.434072731214923,1.5658391384497956,0.9850254444632586,0.0379202598535282,0.27927050505851175,0.013352534767978656,0.14918440397627578,0.0477774028989063,0.9423006849037013,0.0008418984633792212,0.0,0.0,0.5826955876538891,0.47858340227680884,0.7448451131724341,0.20326767102183085,7.199606385842868,0.0009008612018769238,0.0006810454222592154,0.13510905670688989,2.3563965756573206,0.2447790456355017,0.34084218847568615,0.0,0.0,0.0656363518332307,0.15697390831080643,0.0023033599147292347,0.30670316679332715
0.0,2.588830272665646,0.0005348766487051727,0.0,0.00026730037289583665,0.0010865234448415144,0.0009039948922942236,0.0022425912144040765,0.5237725949168389,0.00046269803745961353,0.15860543402302818,0.0,1.5753146916254603,0.006274621826027736,0.0,0.08653663969961915,0.0,0.0013458274924587955,0.0,0.0007085462858414251,0.00392762600853389,1.0179083779122367,0.0035007485371302393,0.31229766313962803,5.023933266164649,0.008407658629843521,2.925566918840176,0.0022324072509548997,0.009827167599120255,0.0001927711801557227,0.025125363063035304,0.005759330405935906,0.0002514300011229487,0.09663416228007378,0.0,0.00637393059766445,0.029977805006659544,0.020735652555404247,0.0045682049097065655,0.0021753693424945686,0.000993030295527383,0.13988512951567642,0.02118619692580109,0.08635338696466034,0.03192245758702228,0.019858271663308575,0.0,0.00041187838159473104,0.05132482843041535,0.0,0.3362116989737413,0.004153510602841068,0.0,0.0,0.0,0.0,0.0016689197963488621,0.0022638492441613587,0.0,0.1829222448113831,0.0004959870676709478,1.2529655174271324,0.00555274730099226,0.0,0.001102326563283078,0.006516679306626127,0.0066317818775097435,0.0050617953132068285,0.0,0.00035040461632459283,0.02700388970649871,0.0009881447562072906,0.0003316698412181627,1.065833662423018,0.1357415826604069,1.387013873698493,0.0,0.016821109338780962,0.0,0.20691088846395114,0.0034340329701083366,0.0,0.07478458131155734,0.0,0.0
0.08297723715510821,0.055208570761954394,7.799782906398396,0.0,0.002169913085199696,0.004658788576792072,0.009842678822590904,0.07317263758847378,0.003370220839815464,0.0,3.1568187203586966,0.0013724728151891772,0.1266922555820781,0.3579322248716112,0.0,0.005691854931021759,4.612472155320445,2.762349365067607,4.945530510026169,0.0,0.17322193927222918,0.006342377663837131,1.8198742967243664,0.0032199142297683397,0.008407658629843521,45.65040492534571,14.221865316808282,0.042522417087410794,0.8997867126263869,0.153389206936017,0.231953652014334,0.10767332718900954,0.022120302113214075,1.7578833268046148,0.019677942668832053,3.2171729139243586,6.423850163174288,3.4817851247196216,2.0015239429060987,0.04990557222005459,0.021690216340802905,0.010705744085716557,0.17122590659537626,0.21503343567531708,0.1630451045963281,0.15719352715542337,0.0,0.0010393528753441274,0.0002561675511756468,0.0,0.1450457716559113,0.4327408816780873,0.0,0.0,0.0,0.0,0.0,0.0003129162908431855,0.0,0.041407780734889654,0.0,0.23071673458486638,0.0,0.0,0.005851394273673638,0.12235698674881076,0.022941620977362995,0.10639505245120026,0.0,0.0002113309095324298,0.002843114004066364,0.04062796664364613,0.0,0.11135746916154676,2.2483274039379233,6.682718166551943,0.0,0.0,0.0,0.38982614790587283,0.0,0.0,0.031106341137624997,0.004205472128106428,0.1915599519133017
0.0641777520704426,7.041006269817711,8.5021637725086,0.0017447950366832473,0.0008472631484651607,0.022304565165221002,0.16834593645398682,0.060884853022134734,0.5370725654460542,0.005283222081586797,0.4034177113933752,0.0,0.8266282632779417,0.15687513201080483,0.0010075299814435057,3.804570125086139,3.8306608325888325,0.27909109645142505,1.4599687694673125,0.0,1.469277665420361,3.1415414816191234,8.81758999525004,1.219605834910694,2.925566918840176,14.221865316808282,62.71985808384701,0.726327303780387,0.4264231257942003,0.13229652946315654,0.5772932862603789,0.018893076216699386,0.0370261025631829,3.738824461164194,0.08986281930303205,6.997816887630196,6.1449030953553345,6.336549034063281,4.875839316953163,0.24257043309452664,0.016619656239473046,0.011946703832783739,1.6856952336606137,1.167675452751327,1.370488406479557,1.2356729883683193,0.013203311226293497,0.006559810775186061,0.003141739840312352,0.0,2.600528874259666,1.884052490834892,0.0,0.0,0.0,0.0009225864004669043,0.0,0.008509337248727234,0.0,0.10690130181146314,0.0019893109253943937,0.7590163507229739,0.0,0.0004646331904727047,2.8851055557967062,0.6652464022329214,0.05269658202506539,0.33765227273351417,0.0,0.13273386826096817,0.8460483476176479,2.246513718882079,0.08423538099522947,0.7952172328847045,5.090572147746645,44.727442870833976,0.01823258236764691,0.003006018351637868,0.013613434086059284,0.9404994336154637,0.0,0.003456954824013024,0.18243325656155793,0.010705588819036462,1.095575375408539
0.09612329315434068,0.030723816063347172,0.431472992321524,4.934560169320279,0.03880461667041735,0.45161170470735795,15.847522270621239,0.9379321513362858,3.150289906194498,1.7153779323840117,0.015356981422879386,1.413133391462948,0.2577626143239755,0.6225571305658452,0.2358516034257641,0.9025676170024096,0.12571320811647158,0.00020131712119349457,0.013900406697136155,2.4006380565952528,9.922379178397176,0.25399276175625585,2.864785368657345,10.239136878371637,0.0022324072509548997,0.042522417087410794,0.726327303780387,44.401365638637095,0.7328398394103387,4.7956761750733,0.0,0.017678038476852825,0.4276783579278062,1.603986489328403,0.23172448005985413,5.832257789674052,0.7971439421371083,2.5282855776285094,1.0307652042074165,1.0218365560003548,0.11123073480990768,0.016501911249157005,0.8941908557803274,0.053858499716605564,0.1854344532508524,0.044207199966713184,0.23804062979137783,0.0019831938379610025,0.0035158845746148366,0.05554794939080228,0.0015780307516876848,0.0015434558779327432,0.07988879272821674,0.00037323689417587504,0.043838522793649096,0.4072960840779562,0.25979695382992185,1.3378755310181891,0.03330885381513715,0.043587035770917756,0.36867186552602826,0.023703987802407806,0.025189206755398666,0.026928288384328907,0.3272889695503214,0.0,0.0,0.0,0.3306140033832757,0.10406196727123687,0.33328116939532143,0.025996916914798808,4.6429031154864395,0.0002894323081357853,0.0,0.016047486911341224,0.6800196496291442,0.1102920319516148,0.13180524756219242,0.0,0.0,0.03083150011042744,0.057313935728615255,0.008935140446259824,1.062879820234694
4.996498825900899,0.005105729247694767,0.27911453123745394,0.01942218678195887,0.0021909640851124307,0.15927525210845456,2.77403642564321,0.7354202060669439,0.31828818321404995,0.7652104043470247,1.6293600979085407,0.22799025188743186,0.28716203217195224,7.592124242789535,0.017508698021975053,0.0023412143465407053,0.9536333990489619,0.5789295905750191,0.3865873048974942,0.13621322894979232,0.5532296211973371,0.009361615264577346,1.8332982583628261,0.32610689088188116,0.009827167599120255,0.8997867126263869,0.4264231257942003,0.7328398394103387,28.630344157580446,4.714667308556172,0.08847187738392703,0.38759984414568216,1.7642176759081123,2.342801154308397,0.01759649575174911,0.8491485036372965,0.20422591709821855,1.2381358852417201,0.26261845019966457,0.14901725350932915,0.032947047591899134,0.10195115367829813,0.05155660320060244,0.017543903019293258,0.03216517756312324,0.07078089410084011,0.007633833723793792,0.001336279321654545,0.013183286740805069,0.0017368530524614087,0.004903767642024879,0.00042429424083418536,0.0,0.0,0.0,0.004987384315687048,0.0026359567705736553,0.08449002416797939,0.0,0.03170123781426703,0.0031103004478113803,0.018657830576910256,0.002319705759341803,0.0,0.012840445740274016,0.0,0.0,0.0,0.0017189594687002268,0.006094913772799019,0.019522694136626176,0.0014643171856652724,0.1483535173675921,0.010690291925636261,0.0,0.0007662642901927544,0.018611572524246712,0.007127901968984912,0.008488488351006533,0.0,0.0005317107004145741,0.0017281253586113468,0.03427918011147067,0.0008246886826550119,0.06476884114315541
2.9792686548854963,0.0003613782817130467,0.7590918683320853,0.0,0.0003918027146785863,0.11349114665144029,4.096774144594558,2.124999658445644,0.0924173454069699,0.011854893294292155,0.017783655647468515,0.00023287175460463212,0.11281908447656472,3.554734019828207,0.017112553075884145,0.02039655394725328,0.4995493074938881,0.002444898816562952,0.03544581195812093,0.00016852338849786657,12.124468319591642,0.039077710879024216,4.6105486735777825,0.18997803214875886,0.0001927711801557227,0.153389206936017,0.13229652946315654,4.7956761750733,4.714667308556172,24.793842967085414,0.0,0.0038919537283169715,1.1713901275994039,2.774562456881925,0.1304842525980812,2.2524199168756946,0.6273138416469968,1.6632323857725697,0.585144676925605,0.16140099941996022,0.021781491362096568,0.009543762597045603,0.2140231085894978,0.018825359138527013,0.04451825787098153,0.013471455482492893,0.028993659975796154,0.0016719685075737662,0.0010895344458368835,0.007891062454060278,0.000287865177762062,0.001234481982846741,0.00026138333446595495,0.0,0.0024482165639263457,0.026604956336456854,0.0024812816368942696,0.049599443394110085,0.0,0.02455131691525813,0.014888129146680367,0.009795258973191457,0.004228592262991159,0.0008986996962337915,0.09361871404410498,0.0,0.0,0.0,0.006798263415629976,0.04180129385828248,0.058056346964053825,0.015340031712703676,0.36787485736095266,0.00030767541302626525,0.0,0.0019804782223570632,0.07517535167163084,0.02800643602902309,0.04121686528357049,0.0,0.0,0.00816133766901995,0.02025846936404077,0.0033779787899044086,0.7006153439185071
0.0,0.024771576252040337,0.00038686611940344414,0.0,0.0,0.0,0.0,0.009812183383521645,0.0017293633286421402,0.0,0.40074526390741105,0.0,1.8937854996295678,0.03795273450931796,0.0,0.0005320306670354832,0.0,0.012577826534592218,0.0012707127645666001,0.0,0.0008164173898044048,0.021626621004406762,0.0,0.0002494320433537063,0.025125363063035304,0.231953652014334,0.5772932862603789,0.0,0.08847187738392703,0.0,1.2919635224661814,0.01756870514904396,0.0005913579719718483,0.08314079291096393,0.0005323293261219782,0.0698429612680962,0.8074312887166668,0.36277902705991777,0.10434431642110424,0.0036094569313802377,0.0009279664844669038,0.02682156982634681,0.0,0.15225234261606505,0.002509207054240345,0.0002636189602154205,0.0,0.0,0.0003229397291682634,0.0,0.049840141606861225,0.0,0.0,0.0,0.0,0.0,0.0,0.0,0.0,0.1218001041964222,0.0,0.7823701753526233,0.0,0.0,0.0,0.0,0.0003650470216575236,0.0008680742675166902,0.0,0.0,0.0008471446110467285,0.0,0.0,0.21755185272880245,0.49235445291726354,1.462274184806279,0.0,0.0,0.0,0.6826369872761602,0.0,0.0,0.001783407859308746,0.0,0.004027442362597697
0.0013257481868362965,0.005483209911485824,0.0018855431871702072,0.0003888403058120199,0.19784427317309597,0.2392240806171268,0.08562236719566516,0.5665208867204402,0.04412975474435426,0.03858839642316615,0.37356093029631776,0.058908086439956084,0.32202964107396254,0.29425849473702964,0.05436931006411346,0.0015334255043930399,0.0007992000350958019,0.06650514472814316,0.023431174720938815,0.015632751472265297,0.0,0.00020433101946602716,0.00390745701279196,0.017577927969310687,0.005759330405935906,0.10767332718900954,0.018893076216699386,0.017678038476852825,0.38759984414568216,0.0038919537283169715,0.01756870514904396,1.4068093551148506,0.0012791168873092047,2.6501710946393335,0.039330351451517476,1.5251870107160774,0.15254097469396694,0.3025442451603722,0.20350969844603028,1.2378959137664605,1.8779058083768614,0.12786487853023165,0.019548459793539353,0.018851562660709767,0.06243322267073017,0.14679310609899535,0.0042583323339961685,0.001372055151013526,0.01546880721891757,0.0,0.00025194085724515456,0.0,0.0,0.0,0.0,0.0,0.003526754782114028,0.0056619968244888364,0.0,0.05638925753966267,0.00023281449345754444,0.010869493023801,0.0028308062794233963,0.0,0.0014853611591105517,0.0,0.0,0.0,0.0,0.0,0.00021391331882646955,0.0,0.0,0.00391077010626133,0.0,0.0,0.0,0.0034887920217938125,0.0,0.0,0.0014597958363659388,0.0,0.07001972415924242,0.002796122746368226,0.1312463996064795
0.08135363837039244,0.0,0.05662204168014968,0.0013581953298996013,0.0,0.008149883671578942,0.49279746537081864,0.021588641236841444,0.04934899358519664,0.013114119050708643,0.008138477479211117,0.0001950588428280992,0.012597454480933792,0.08297741863416196,0.0024421904327453173,0.0010790904916854031,0.2160423209779229,0.009409343206324014,0.030680392631376723,0.0,0.1647067695536266,0.004902289620033838,0.4349908439990482,0.09998386610868981,0.0002514300011229487,0.022120302113214075,0.0370261025631829,0.4276783579278062,1.7642176759081123,1.1713901275994039,0.0005913579719718483,0.0012791168873092047,1.7216015211822577,0.6216600992335871,0.003963684128504039,0.06268563224810622,0.03220977981048127,0.2024506069346691,0.02706460179585316,0.008255892202743741,0.0028644783433636567,0.0006544075822604028,0.032292026630968744,0.0013795892122986804,0.005717905810043128,0.0037305076807199263,0.007279387656771523,0.0,0.0,0.0005246679671472846,0.0,0.0004447526677207829,0.0,0.0,0.0,0.010223834728090157,0.0011727382689098744,0.01790958108844885,0.0,0.0032492796166778324,0.0014599990564050857,0.0006702237384492061,0.0009501115373003092,0.0,0.01282480377431968,0.0,0.0,0.0,0.003446798133751634,0.00858467831784286,0.007205809181578708,0.0026093560248478184,0.07926271910219553,0.0,0.0,0.0,0.014096724327045552,0.0054090588704485704,0.010154565051556284,0.0,0.0,0.0033656152869727457,0.004878274568703686,0.0017914257088471703,0.021034049016270408
0.11471482984352908,0.07221165188558308,1.4171342646989211,0.019485740792232326,0.9236665104123268,0.10591477941640134,1.2854732116782497,0.26236692502184633,0.14413431573881105,0.537439764049613,6.024016515549389,0.12858843072703055,1.1263564014489527,0.5909776948196376,0.018326405874997315,0.06008349639764178,3.136054087423456,1.1973486912602374,2.7879621820440748,0.0784671395000804,3.8267482615966832,0.0365493123406995,5.372305068901636,0.2541044977367019,0.09663416228007378,1.7578833268046148,3.738824461164194,1.603986489328403,2.342801154308397,2.774562456881925,0.08314079291096393,2.6501710946393335,0.6216600992335871,10.440458702427692,0.035815939047306206,0.8894881898686113,0.6463393225745685,2.2053485911094968,0.40104296578600074,0.12799938511302644,0.09997028345662227,0.429051108402527,0.06904030867099631,0.09039772313367228,0.06788270460310776,0.08486391881251114,0.008537864558294084,0.0040790487546850905,0.07009533532531044,0.0006059585835113655,0.0234286679830491,0.015520523924262624,0.00029388111144000156,0.0,0.0037335283431080405,0.0035519998644792626,0.013452459496177656,0.052786822239334445,0.0,0.12806129723405013,0.006623336360204826,0.17176365876885286,0.0174627756884512,0.0,0.04061380495819038,0.0004554296587716662,0.0,0.0,0.0032451186019674485,0.007605338021923854,0.016172170960309852,0.028914983171104167,0.10028088802826723,0.09522476278912857,0.00583468129613673,0.23267993962859973,0.009515727083167318,0.02414012702481421,0.005167704276134002,0.006369068989397449,0.012945893123603943,0.0009244535016864663,0.10773892537660759,0.006196773574164907,0.1340307299443087
0.00406548048634398,0.00024500488978199467,0.05096071347650949,0.00048756137504205786,0.004765613877765095,2.849638673071032,0.14348386354442877,0.020695491126728333,0.07608713447916,0.042535753288413976,0.0032020287903217017,4.920733418891375,0.1906039216379875,0.011936373169013293,1.2554069100592498,0.02240835884206044,0.00447141789845573,0.005916269784531697,0.00524396177454831,0.003842900339301081,0.29309157290031107,0.003290678376614803,0.39018583290018305,0.04934020656560425,0.0,0.019677942668832053,0.08986281930303205,0.23172448005985413,0.01759649575174911,0.1304842525980812,0.0005323293261219782,0.039330351451517476,0.003963684128504039,0.035815939047306206,281.2506851277337,4.151502395303699,1.1865635466550857,0.1865180659815523,2.7146965764206628,0.16107678662264371,0.12196858389763048,0.0015669648639139331,1.019202291410743,0.39302228461541383,0.05090029972685667,1.4654472032402106,0.03775226133986764,0.03790051087172211,0.0,0.0017278914091837041,0.0011316471678691723,0.00328837479032463,0.0,0.0,0.17054898672469865,0.0015386535155617667,0.021984981053338105,0.027506481277156075,0.00024067656301872287,0.021607829150658894,1.6169745643778979,0.0,0.0009966671996428688,0.23447866766218553,0.011079974312508562,0.0009087474078100637,0.0002679087782869456,0.0,0.0,0.017025334196992804,0.004915029084600525,0.03701546641917734,0.002058335998733425,0.0,0.003061585561146283,0.008571530268756487,0.0025943893069782344,0.004174104197973291,0.004432289326275332,0.0,0.0006940192012648773,0.0007628831677430601,0.02629302515406904,108.91068916944208,24.365515979213693
0.08265602434000847,0.02942496220538487,1.921393793416314,0.2690984610988399,0.23796901195154926,1.087293541887195,4.205658160995532,1.9622301879548092,1.0408505074187742,3.298343646195051,0.3742892147390987,0.7505201191478045,1.3128694106096317,1.1734195800375462,0.15436534185101874,0.6139932819141907,0.41498366754016747,0.596009740719831,0.754376743056346,0.5541925643189299,4.748006200245881,0.10629486835966223,8.545190442025119,1.8532021646280956,0.00637393059766445,3.2171729139243586,6.997816887630196,5.832257789674052,0.8491485036372965,2.2524199168756946,0.0698429612680962,1.5251870107160774,0.06268563224810622,0.8894881898686113,4.151502395303699,6.531354118414786,16.494784072944523,2.1946757208878647,3.1512745730546357,6.177502199065963,0.5594951918268486,0.11816066685691151,0.7819136074061234,0.12691878501446663,0.21774339889682814,0.167008976808309,0.24459745180844436,0.01165338737100571,0.010539222749958442,0.025038684149917046,0.024318560641102337,0.03006508450023923,0.003354612135515524,0.0009470379368676431,0.029093041818131677,0.30651509825901907,0.12563005155095483,0.5345988253303665,0.0076129608037671815,0.0688427400675288,0.056857728344837564,0.022439877031374962,0.043116967299893366,0.010685240865099956,0.2018546760555526,0.002046897662558335,0.0006530489645896218,0.001251072202522102,0.04383589174659982,0.09449294218534965,0.08978980495279748,0.12590409935157273,1.7813117161357577,0.0056047591065636745,0.008416093744326466,0.38518797119759063,0.4584426543256361,0.06843232370446076,0.10962699579933304,0.00032142251408929216,0.003798814160882815,0.017278273177627375,0.08409354944558897,0.9660459761182517,1.2834715327899398
0.04994400565103472,0.061942594390931305,1.4941786652333595,0.0025009438030448596,0.005289656055858272,0.08987336079504589,0.28366434135726326,0.2728548940490688,0.04753513460147153,0.03839649092433213,1.2961902202292903,0.025239792450429323,1.5365735460050949,0.25401788355605587,0.00486175906227802,0.3682305723555265,0.44479428260162635,0.9174075680115363,0.7266860658892611,0.01752232388225476,1.515432301292636,0.051719517745677096,4.916187396562214,0.2636231435072264,0.029977805006659544,6.423850163174288,6.1449030953553345,0.7971439421371083,0.20422591709821855,0.6273138416469968,0.8074312887166668,0.15254097469396694,0.03220977981048127,0.6463393225745685,1.1865635466550857,16.494784072944523,4.376032405006909,2.8859310268126355,5.793183051321556,0.46803007161212035,0.07599563308242309,0.16327844305209488,0.2157690115039045,0.31174166764453537,0.083945208444185,0.121385341096334,0.011151219202045308,0.0028980868268987637,0.09934341862299023,0.0023313557564422654,0.06697977036520057,0.0367803302827771,0.0,0.0,0.001298041354223614,0.02065176819158274,0.01782847973044184,0.01964510523744031,0.0006389439243242805,0.2101456579006382,0.007751952611149773,0.3974402244008855,0.01860179676889931,0.0010640272283279797,0.11826099857270592,0.009899571582027993,0.003581972071262045,0.003203283858850401,0.0014273834264087858,0.016687963289966093,0.04293815943296056,0.05108066662547494,0.11248353437135601,0.11850625386023708,0.12433427996244345,0.7798354623470057,0.03842350499972462,0.03696427572932993,0.016022413178966344,0.03267421206223545,0.009159966827192955,0.003838376982439649,0.09377192312131997,0.5197114766234616,4.609634389804082
0.142384751749697,0.045811039743218776,1.9020924636425411,0.054328823570065056,0.013214075318164951,0.26313809749346617,2.588147493736301,0.587652732836875,0.3166235897026824,1.3798596016595155,2.0793937201238584,0.26796052656576785,0.6588920561452523,0.8525882847710768,0.012948557751692463,0.19284489625158052,0.727171614181377,1.8014781979764554,1.6545994756034774,0.17445847037145962,3.4504852698890196,0.039945761158454475,7.539731081548831,0.5637154267912031,0.020735652555404247,3.4817851247196216,6.336549034063281,2.5282855776285094,1.2381358852417201,1.6632323857725697,0.36277902705991777,0.3025442451603722,0.2024506069346691,2.2053485911094968,0.1865180659815523,2.1946757208878647,2.8859310268126355,3.443756303411707,2.313949267708565,0.20583720531804706,0.04455231242113402,0.4431165153877236,0.14255206150985492,0.07605755357589353,0.13878309935297253,0.284019820075462,0.022984911203023525,0.00650713355402172,0.03151242966441333,0.0024129662595810336,0.034542182476354016,0.029290761547682516,0.0,0.0003418972067917738,0.00644196254370619,0.01353398780333517,0.03253759184731014,0.12116659605454014,0.0,0.09607869280047875,0.013849445804712875,0.048007216771377446,0.028963986257000814,0.0009583731573515618,0.1051550254790938,0.0027134364408735925,0.0,0.002606359966502387,0.004686894286905266,0.014009615111235494,0.03643674139691338,0.0742401066223797,0.20108701956664973,0.02182723446366743,0.0524476695410721,0.6046158603031039,0.026064364569008226,0.023714725339707435,0.005526205458964332,0.0012801225846829929,0.029748325701261367,0.001410226458256494,0.14467775221038986,0.04918769557249353,0.417874498832212
0.035531584628036995,0.021139070180472445,1.4288958426386218,0.008809922328731878,0.012113887219186936,0.09355878621573992,0.6152608249320687,0.32780158514104074,0.09510598491950371,0.23667514827708305,0.3659251146182187,0.11212329167400524,0.7047536585991998,0.26498923848003764,0.00933571488427608,0.17793188661178702,0.3090440928836033,0.7031807123864272,0.7746267245503641,0.05682707563152622,2.078893851685756,0.025505800740369698,5.700838328539285,0.23685374207629736,0.0045682049097065655,2.0015239429060987,4.875839316953163,1.0307652042074165,0.26261845019966457,0.585144676925605,0.10434431642110424,0.20350969844603028,0.02706460179585316,0.40104296578600074,2.7146965764206628,3.1512745730546357,5.793183051321556,2.313949267708565,1.2141031768779624,3.67217046093982,1.2393207859949973,0.057934287985074356,0.1333872674767094,0.06268679856185662,0.12549376760268596,0.30490574698304024,0.02633386764819724,0.008469189679073933,0.011511656861054712,0.0021442462893147465,0.018095688553941947,0.0229729899340904,0.0,0.0007708353266547757,0.013279919249618173,0.0019266532117652986,0.045703312556365776,0.03952571261495133,0.0011057791595072046,0.0541358951156669,0.017344139865253606,0.0076257900382995635,0.037567772665253275,0.0007169439410401232,0.06589066211567836,0.0005010624584914637,0.00021575603272880653,0.00047233456381074303,0.0036330550713705146,0.012155750136613411,0.020144451355784142,0.05271611773761516,0.04716081032723748,0.005468967946358023,0.00883589605349049,0.35398303491963395,0.004211325426438698,0.030406204734860696,0.005448993638516187,0.00020224712434974149,0.021446536236707173,0.0008325352848625127,0.09434933208394898,2.588514139735567,7.0921381977284925
0.010944204551090188,0.005533022546810979,0.0893102304583666,0.43737090574500337,3.7687865554801188,4.1673987773024725,0.7075621814408788,2.001501865266291,1.1543944198636489,0.9286503830569918,0.05410423824487307,1.3595545560442148,0.5896436076759821,0.28001194106361327,1.854347378227842,0.021324837797635606,0.015291283883769088,0.01664971485127359,0.01493448620865799,0.35262352170504274,0.3360650758181566,0.015615622359037523,0.6384003013889616,0.7929696654484842,0.0021753693424945686,0.04990557222005459,0.24257043309452664,1.0218365560003548,0.14901725350932915,0.16140099941996022,0.0036094569313802377,1.2378959137664605,0.008255892202743741,0.12799938511302644,0.16107678662264371,6.177502199065963,0.46803007161212035,0.20583720531804706,3.67217046093982,5.154588244253007,1.2549058319052717,0.04390123150620055,0.14544691122266695,0.012715936200924764,0.021729157616561953,0.03751526697658491,0.06872949830141974,0.0009044527077124527,0.007366414859105959,0.0036061698905921363,0.0,0.0012480598783607827,0.0620621144083677,0.0018989570557330312,0.04485194053277259,0.04758592855825969,0.06252104857481378,0.16832984488536848,0.10241513349855083,0.06959075933652173,0.1489978526114202,0.023746730340025043,0.006103773623551505,0.01669687634111499,0.03799361420037855,0.0,0.0005512194819745475,0.0,0.10701825562838804,0.041339646779597276,0.009150183554894154,0.017663567410103644,0.3773416343761143,0.0021943362647853654,0.0010079360565105019,0.0056424895942268965,0.10783506046627674,0.01412107231430421,0.022811478891669415,0.0,0.0,0.0032672890687123505,0.019944182250461587,0.14713759132712992,0.0667730711638518
0.00022367488435974682,0.001272440328811595,0.005202686251550215,0.012893725960099602,1.7736431552258412,0.06664787835757584,0.18068273910590527,0.04249172238639367,0.047818618696931256,0.1750910512363635,0.01788100661257856,0.03701353951313824,0.288672740844723,0.039735913209972364,0.23162204563945518,0.006344387313374479,0.0018106992634399671,0.00691531373241639,0.005085611615886167,0.019296997876741207,0.011277154167539152,0.0013191079811824657,0.02169492418806135,0.05329521420449927,0.000993030295527383,0.021690216340802905,0.016619656239473046,0.11123073480990768,0.032947047591899134,0.021781491362096568,0.0009279664844669038,1.8779058083768614,0.0028644783433636567,0.09997028345662227,0.12196858389763048,0.5594951918268486,0.07599563308242309,0.04455231242113402,1.2393207859949973,1.2549058319052717,0.31737956052603716,0.019121694015592355,0.014004081539985459,0.002513427793924069,0.007823324182419482,0.016418643514887355,0.0017951441701741487,0.0,0.0012362013685573816,0.0,0.0,0.0,0.0,0.0,0.0005290991472498574,0.0005221018236691309,0.0024876969157434318,0.015827958441240006,0.0,0.0036315494225869914,0.002537891740708879,0.00096125143111436,0.001444709212285564,0.0003134871685104061,0.004256520896999273,0.0,0.0,0.0,0.0,0.0025158991029048316,0.0008493372110896579,0.001993476753691247,0.005880192889292981,0.0017775167937139084,0.0,0.0016484514457176527,0.0,0.0018967647750749868,0.0,0.00025719644957995156,0.0016293325418484076,0.0,0.0055900766412409954,0.030822236739687064,0.10262893611629503
0.003517321213450175,0.1608522558666408,0.0,0.0,0.004767675712511185,0.016597088788723763,0.05167235470453766,0.09354728261098254,0.029553702533635075,0.027199335176135698,0.2492448467629452,0.021586621880284953,0.6106441031429153,0.10827264409541539,0.0008095713519993414,0.015850576514493443,0.0,0.002951619588914926,0.002163962271818318,0.01165435947593367,0.02176135047222446,0.05880684775093731,0.02080849582940697,0.026870464925932785,0.13988512951567642,0.010705744085716557,0.011946703832783739,0.016501911249157005,0.10195115367829813,0.009543762597045603,0.02682156982634681,0.12786487853023165,0.0006544075822604028,0.429051108402527,0.0015669648639139331,0.11816066685691151,0.16327844305209488,0.4431165153877236,0.057934287985074356,0.04390123150620055,0.019121694015592355,0.08729891070919849,0.03712901128154132,0.079364360866345,0.07989997450707687,0.05009614537062436,0.011004059582514589,0.0012010501647789832,0.0740475582930269,0.0,0.012053834442892796,0.0,0.0004687781674992655,0.0,0.009112726517724821,0.001779008708947415,0.029663812149218077,0.003672374521645609,0.0011313881467281228,0.10107173858965554,0.006566315550242407,0.14168974108649873,0.02635007396724185,0.00027430801945228317,0.012435079639280394,0.0,0.0,0.0,0.002446286931709107,0.005311424576726469,0.0026196490240151236,0.007621571089452517,0.002091927554869673,0.06075170012935834,0.0010737576082086402,0.021418150551523213,0.0011733691453089047,0.028608547416285924,0.001818866664950395,0.006000094834017579,0.017777858720568283,0.0,0.10874907612775095,0.0019956907753346234,0.007576848513839365
0.004997086544071481,0.10462589424506985,0.07016460880024325,0.020681729961323794,0.005189786501398053,0.012745646740234578,0.09888150452713518,0.016581024390633723,0.5145559701579434,0.020214636104230924,0.008978200395418901,0.035355853156154665,0.3659507247917264,0.010848405169153976,0.011147702660404733,0.39972304500450623,0.009700879165812495,0.0005954256806696514,0.0023893500971580053,0.03398162860612875,0.273610878891139,0.18958468729557362,0.4206562276432819,1.4988067611851348,0.02118619692580109,0.17122590659537626,1.6856952336606137,0.8941908557803274,0.05155660320060244,0.2140231085894978,0.0,0.019548459793539353,0.032292026630968744,0.06904030867099631,1.019202291410743,0.7819136074061234,0.2157690115039045,0.14255206150985492,0.1333872674767094,0.14544691122266695,0.014004081539985459,0.03712901128154132,5.32559262005177,13.158617551544742,1.2149016210887285,1.478696777230093,8.016351000289687,0.7521861465718296,0.14236444335385987,0.09144312789630692,0.1864029919157697,1.4589263612078827,0.1482037007167704,0.20713223259149247,0.6512365355718676,3.147965633128651,1.445163486238726,0.3657308300784157,1.5216240037078317,1.965086285136919,0.7967973182963848,0.183470858888352,1.4988936179956365,0.13934339855937883,1.3800761386453175,0.3272537062196356,0.660461338135094,0.43472138416228784,0.38426441423209,2.3315956523944057,0.1690179102847217,5.974529453783673,1.91825021523083,0.03991450437426116,4.72236440852446,7.702087129169807,2.621800335337614,0.7819071481320065,1.0144673563560063,0.26614914931665834,0.5837973970988233,0.034678593243234926,0.9799226464729967,3.9005390325607685,1.3747376736211343
0.000938429989535935,0.060651491490810554,0.03939851323892094,0.0,0.0,0.0025916352967485816,0.0007500761304601318,0.006206688547101974,0.015223644860981086,0.00042932546528786584,0.3473427601988234,0.001290053173259607,1.0216250626037615,0.014693577201883247,0.0023614088246337555,0.17278840862586406,0.004880871156405257,0.0014372651490981237,0.002592938592394786,0.0,0.04095770373864419,0.11644916762596183,0.14760503364453798,0.09121914397285198,0.08635338696466034,0.21503343567531708,1.167675452751327,0.053858499716605564,0.017543903019293258,0.018825359138527013,0.15225234261606505,0.018851562660709767,0.0013795892122986804,0.09039772313367228,0.39302228461541383,0.12691878501446663,0.31174166764453537,0.07605755357589353,0.06268679856185662,0.012715936200924764,0.002513427793924069,0.079364360866345,13.158617551544742,4.01535105119031,2.3972892517096134,7.124174402553815,0.3047405558511046,0.15814252490637995,0.26144222577630466,0.01804677847748623,0.11564516202323959,0.8169875192555005,0.0004413550513231436,0.003566953533195006,0.04203232687988903,0.24237007699104296,0.19570821431528643,0.014936491763224837,0.04008059474574454,1.9019392410142826,0.04025381327454516,1.4383549248164298,0.2773332368733961,0.0007846189402540252,0.770715284112265,0.27361172490747726,0.24943586722345165,0.2977970166392437,0.015342474299858092,0.9433800563628344,0.09076974842988363,4.055642088727483,0.284314849535253,0.12283204982909322,3.5725260676785195,4.657375715625265,0.35880974248325037,0.2554905711237321,0.26844719792920363,1.0649822112832263,0.08271982238314657,0.03045436026452758,0.8528060399478586,1.8058230276532639,4.493236194043685
0.0007177140464354374,0.054429245888506846,0.06336697237136046,0.00026413980852185893,0.0013920661653038329,0.0049273405962357054,0.0361538498402598,0.03510813920956546,0.2132198943654855,0.0,0.020855512090378885,0.008131054506832613,0.1151587478102616,0.028136207114953897,0.0005997221830105345,0.0999255535807831,0.007276083916716633,0.0013741058985414802,0.0017070124892839145,0.004278088296643253,0.03233636391434558,0.08738967519375503,0.10238935977716898,0.49664456656809264,0.03192245758702228,0.1630451045963281,1.370488406479557,0.1854344532508524,0.03216517756312324,0.04451825787098153,0.002509207054240345,0.06243322267073017,0.005717905810043128,0.06788270460310776,0.05090029972685667,0.21774339889682814,0.083945208444185,0.13878309935297253,0.12549376760268596,0.021729157616561953,0.007823324182419482,0.07989997450707687,1.2149016210887285,2.3972892517096134,1.883402648072497,2.1583115801008814,0.12481179612395545,0.04541382813146096,0.3646594457850616,0.13535420717914617,0.09337098267963298,0.862219050605184,0.08273482356036381,0.00400160191258861,0.2778135046953775,2.5645551789498886,0.7368585696034737,0.1738981804842478,1.504454272502115,2.3676230600175363,0.4950068938489191,0.3873629003250577,1.3016015970013168,0.01212651608533091,0.5054766895226289,0.6499650862715413,1.6982098326647228,0.841474955247246,0.3241486868236968,2.9549507195315585,0.07219252211122142,6.120392439842976,0.8665810700441244,0.04719751140319934,3.523915699294717,4.681350834297532,1.9032160578057218,0.9503314207210795,1.6173288247226105,0.5769044609656577,0.153147389473159,0.17356991857099646,1.3261328816517823,0.30000818335817026,0.46942230092606935
0.0,0.06442489462606732,0.04159239936493211,0.0,0.003318222790607285,0.025645718877982365,0.0050002883319087066,0.10671934623539814,0.07923058792203534,0.0013636820656377007,0.008321435695680389,0.019595456252648476,0.06459483888947534,0.08318472828268408,0.0039278719577078855,0.08093772643146929,0.002906861470326797,0.0004765975763652059,0.00020152335257583469,0.0017043042651587242,0.015833504331621295,0.05432367522261172,0.10034669837868142,0.12430461311042301,0.019858271663308575,0.15719352715542337,1.2356729883683193,0.044207199966713184,0.07078089410084011,0.013471455482492893,0.0002636189602154205,0.14679310609899535,0.0037305076807199263,0.08486391881251114,1.4654472032402106,0.167008976808309,0.121385341096334,0.284019820075462,0.30490574698304024,0.03751526697658491,0.016418643514887355,0.05009614537062436,1.478696777230093,7.124174402553815,2.1583115801008814,1.1123860799406298,1.4445582455639938,0.7423803442587539,0.04929652144334788,0.040667345374037045,0.11594322121366807,0.9774508640383575,0.01742823219426112,0.008751017433117979,0.1460593751059384,0.822729525381235,0.4194974049623663,0.06823393825133875,0.3551420045518144,0.5503030436304427,0.16407585382462977,0.07324197830533112,0.4960545294009022,0.004158259639342987,0.47521188148348403,0.43511965087341764,0.6725548840732085,0.41498399250287954,0.09875464531881992,1.4881342261123094,0.05092125443222679,4.889622892636891,0.4210157890926726,0.006881943920642571,2.8109910512038954,4.407094961625147,0.765746380968679,0.25564631333371596,0.5407692156599083,0.3560460663666485,0.1450189937998607,0.040695305615741965,0.42956651440194543,2.7798928941214185,8.43046760650291
0.0004366238205285099,0.0022035091355375284,0.00044138470849095873,0.05819676404929498,0.0038635638112833356,0.014318266997918667,0.07130876464288058,0.007852408830015792,0.3763939494795374,0.04384788426117553,0.0,0.0882535446794256,0.07404275502953421,0.003962200631343574,0.02907831058958115,0.046649210403263315,0.0,0.0,0.0,0.14725597531534615,0.05937326775192314,0.013281213807806468,0.026159351230480268,0.6554541447362116,0.0,0.0,0.013203311226293497,0.23804062979137783,0.007633833723793792,0.028993659975796154,0.0,0.0042583323339961685,0.007279387656771523,0.008537864558294084,0.03775226133986764,0.24459745180844436,0.011151219202045308,0.022984911203023525,0.02633386764819724,0.06872949830141974,0.0017951441701741487,0.011004059582514589,8.016351000289687,0.3047405558511046,0.12481179612395545,1.4445582455639938,4.935863738896039,1.0231116807705265,0.020258105139800187,0.009541305580538395,0.020936828189094085,0.028405426158321458,0.37773479173896596,3.919089177162865,5.2821483488335765,0.6182171688507823,1.9105648996978637,0.7193032413998176,0.9533698536499292,0.14686594830077715,1.474088282282263,0.012705416871940604,0.4240268007532191,1.7523193446612433,0.04637224227273735,0.01015434791546146,0.010708923607864754,0.004772527670792021,0.3843913494654144,0.12005366417929948,0.05745845442297842,0.2486666849759245,1.450225396815653,0.008926599991798102,0.028071320414218275,0.12362797191446372,0.7769293027705907,0.17501605107639168,0.08385601423822492,0.0029574028507047567,0.6084105453991709,0.009664096042155297,0.12811962871973112,0.1791020847556802,0.12131459439018354
0.0,0.0009887324472073382,0.0,0.0,0.0005467748763002375,0.0,0.001737775344754024,0.0004802530048039736,0.03851636161496466,0.0,0.0006412080665812625,0.0006332196346719865,0.0028821658782481508,0.0013968188405121173,0.0,0.002479665275621973,0.0,0.0,0.0,0.0005926106223007087,0.0019201491325117376,0.002994114934038431,0.0017672511019542001,0.02587807667386876,0.00041187838159473104,0.0010393528753441274,0.006559810775186061,0.0019831938379610025,0.001336279321654545,0.0016719685075737662,0.0,0.001372055151013526,0.0,0.0040790487546850905,0.03790051087172211,0.01165338737100571,0.0028980868268987637,0.00650713355402172,0.008469189679073933,0.0009044527077124527,0.0,0.0012010501647789832,0.7521861465718296,0.15814252490637995,0.04541382813146096,0.7423803442587539,1.0231116807705265,0.09313063736436561,0.003942128705793213,0.0041454660732582,0.0013817795766474202,0.008023532901185734,0.020034827034125974,1.8443643766640259,0.06576878494654437,0.2830978445442128,0.06734278228918966,0.03203425450154169,0.25238192755344674,0.16345281863248454,0.06738794659691073,0.002613960551096268,0.058802783966110855,0.2410808140444266,0.017799798306261733,0.003828022592934938,0.006427772067984335,0.004978119827099536,0.0642688727147713,0.014886173883826171,0.0023398972489048642,0.03732977627752295,0.11170580735767079,0.0021608535732682067,0.023466307799625052,0.04462627836722426,0.14242588175866064,0.025195557450061624,0.029268789749742143,0.004239572099351846,0.5969295725397394,0.0011809364454352142,0.0649551529009083,0.2717076193445982,0.2218959516187752
0.00044790066201825016,0.035546964675573105,0.0,0.0,0.0010777138972082826,0.0004457132177598793,0.00071906988089509,0.010313252241117395,0.004485144239501273,0.0007260414369596246,0.08209695505057106,0.0015727997291757642,0.09710548905910255,0.010429041078864224,0.0,0.002720114961306919,0.0,0.0002615755129133921,0.0,0.0010489300873596304,0.0024746596247722332,0.014146002414734042,0.0034938505992814983,0.0007946185501854227,0.05132482843041535,0.0002561675511756468,0.003141739840312352,0.0035158845746148366,0.013183286740805069,0.0010895344458368835,0.0003229397291682634,0.01546880721891757,0.0,0.07009533532531044,0.0,0.010539222749958442,0.09934341862299023,0.03151242966441333,0.011511656861054712,0.007366414859105959,0.0012362013685573816,0.0740475582930269,0.14236444335385987,0.26144222577630466,0.3646594457850616,0.04929652144334788,0.020258105139800187,0.003942128705793213,0.1392100747386564,0.0003321968034638122,0.09494594327568202,0.0,0.0,0.0005297620647967275,0.012175702087513349,0.014428211810901467,0.043592231170608536,0.0104861194123256,0.01563316158526975,0.32406936932152086,0.011635093712050706,0.4599537803660101,0.05288309434511871,0.00020299685755208869,0.022275486506091246,0.0,0.0,0.0,0.007376610559949603,0.002976051870969792,0.025473270488796895,0.022058723304536895,0.006277804439365323,0.23267833633929458,0.0013418000034431904,0.014188182720889132,0.002829849139958601,0.06086820323717851,0.0024481022697642285,0.0023927598729944505,0.02866705370815777,0.0,0.508330289616838,0.003042262593149271,0.007322992716081637
0.0,0.0,0.0,0.0,0.0,0.0,0.001086216766913106,0.0,0.014301347538054138,0.0,0.0,0.0,0.0013310699945015404,0.0,0.0,0.003286609116618993,0.0,0.0,0.0,0.0,0.004829955536789284,0.008270826366168337,0.0,0.07346416257481012,0.0,0.0,0.0,0.05554794939080228,0.0017368530524614087,0.007891062454060278,0.0,0.0,0.0005246679671472846,0.0006059585835113655,0.0017278914091837041,0.025038684149917046,0.0023313557564422654,0.0024129662595810336,0.0021442462893147465,0.0036061698905921363,0.0,0.0,0.09144312789630692,0.01804677847748623,0.13535420717914617,0.040667345374037045,0.009541305580538395,0.0041454660732582,0.0003321968034638122,3.7242916908066888,0.0004736655318758417,0.019548396737837963,0.001787353825332669,0.0,0.005688509773591354,1.1949951205056686,0.1657372545365632,0.009606655606081512,0.0208140980912203,0.05716617564268933,0.0041088220531246495,0.0005049721629244321,3.972414726555071,0.0,0.01161684620421147,0.018754550426082605,0.006826174232524221,0.011661910053979978,0.004129501733889771,0.049852075902134994,0.004497054124644617,0.055237365590581365,0.07916483477573572,0.00045618954385068716,0.007924542567685126,0.025482460286947922,0.07721535048381238,2.2107764246667583,1.7233262036402572,0.0,0.0034906282567456425,0.029860128638467154,0.17600658322320153,0.016451854158922835,0.04854548095304312
0.0,1.575709359211145,0.008437948499113402,0.0,0.0,0.0,0.00043491816836788974,0.0,0.007995895808543835,0.0,0.06646358134811171,0.0,0.37195669249780705,0.00044379245987977606,0.0,0.018967343205856236,0.005650174108605665,0.0029517139443349873,0.004285927187987138,0.0,0.004037694252367791,0.1163859771669393,0.020783453271278077,0.00896732260252871,0.3362116989737413,0.1450457716559113,2.600528874259666,0.0015780307516876848,0.004903767642024879,0.000287865177762062,0.049840141606861225,0.00025194085724515456,0.0,0.0234286679830491,0.0011316471678691723,0.024318560641102337,0.06697977036520057,0.034542182476354016,0.018095688553941947,0.0,0.0,0.012053834442892796,0.1864029919157697,0.11564516202323959,0.09337098267963298,0.11594322121366807,0.020936828189094085,0.0013817795766474202,0.09494594327568202,0.0004736655318758417,1.3210186611919332,0.023553837633920886,0.0008572725908883534,0.00026144219253746326,0.0,0.004838592810497344,0.0005249672535969405,0.9383041940960083,0.00020150115532638574,0.08002562859637821,0.0008980010417997016,0.2633352605123507,0.0026722919113044102,0.01119053120380863,0.6533705875063194,0.06482291472643975,0.006218999910451312,0.047605234941055875,0.0008203097790140126,0.05758450134428079,1.8759520196207884,0.06606353040473366,0.8548855150625134,1.015571594996741,0.07953807083722923,9.48437970003335,0.024895153883330617,0.010538445526842834,0.017151993025513373,0.02984906546546493,0.0011237608022435916,0.002332657842988553,0.08538549596666162,0.002068524034339874,0.028804157563050495
0.0,0.03587436142079974,0.11081317509592772,0.0,0.0,0.0,0.0,0.0,0.0032009794512848125,0.0,0.0001912187642998761,0.0,0.0029730725118911586,0.0,0.0,0.00930339994374161,0.021761597870037022,0.0016743359480275652,0.008812887885820839,0.0,0.0016550744159943376,0.023495973807556737,0.04052937639674596,0.02018875569689148,0.004153510602841068,0.4327408816780873,1.884052490834892,0.0015434558779327432,0.00042429424083418536,0.001234481982846741,0.0,0.0,0.0004447526677207829,0.015520523924262624,0.00328837479032463,0.03006508450023923,0.0367803302827771,0.029290761547682516,0.0229729899340904,0.0012480598783607827,0.0,0.0,1.4589263612078827,0.8169875192555005,0.862219050605184,0.9774508640383575,0.028405426158321458,0.008023532901185734,0.0,0.019548396737837963,0.023553837633920886,17.432394711825673,0.0002998209858891006,0.0,0.0010108185279032065,1.3898931373377068,0.22778381251709265,0.0028227018195483506,0.014731235645441888,0.06698804237666718,0.0,0.0005906540705003751,0.5248878529634424,0.0,0.04085666951298436,5.6733327538589045,0.12970757665723698,1.2901054636030176,0.0,0.741159573411951,0.008644091115268765,8.932006826962697,0.06604964727992989,0.0,5.917454797434667,11.105298174303716,0.403986106413451,0.03947781933449444,0.532387753320463,0.00019298418706024798,0.0,0.023282456069722512,0.4241358068369942,0.04612727659885632,0.39535682847177
0.0,0.0,0.0,0.14983515351798557,0.0005679510979007659,0.010552240581264895,0.014444754042997955,0.0,0.46791239248353195,0.018120461186217275,0.0,0.09969376122161423,0.0017183184632377278,0.0,0.015264516670078993,0.002884154186031249,0.0,0.0,0.0,0.3035587884232341,0.0005083906990319838,0.0008731088911380619,0.0011026305492531784,0.4117640609008557,0.0,0.0,0.0,0.07988879272821674,0.0,0.00026138333446595495,0.0,0.0,0.0,0.00029388111144000156,0.0,0.003354612135515524,0.0,0.0,0.0,0.0620621144083677,0.0,0.0004687781674992655,0.1482037007167704,0.0004413550513231436,0.08273482356036381,0.01742823219426112,0.37773479173896596,0.020034827034125974,0.0,0.001787353825332669,0.0008572725908883534,0.0002998209858891006,16.685441141025695,0.039288403475052094,0.12679853178058906,0.09377570389691915,0.19457514307865878,0.960428034674355,3.7059983022566216,0.0009987784591997647,2.3994567018696875,0.0005206341816868197,0.05186854366796509,0.10567052054126917,0.0,0.0,0.0,0.0,16.737051667675885,0.0003714881478690977,0.006061077385335879,0.0008531069565037474,2.865407385000304,0.0,0.0,0.00018370869110084534,4.488957321622959,0.026063414090999586,0.00019301619398828153,0.0,0.0003136672331454513,0.0006549577683497722,0.05112255481993344,0.0007846391185347407,0.012500252429025997
0.0,0.0,0.0,0.0,0.0,0.0013985613131872402,0.0,0.0,0.014659534103960408,0.0,0.0,0.0033896128405738685,0.0008526581979283064,0.0,0.0006586516598538779,0.0,0.0,0.0,0.0,0.004683164076777179,0.0,0.00019254393781064643,0.0,0.008351852258089867,0.0,0.0,0.0,0.00037323689417587504,0.0,0.0,0.0,0.0,0.0,0.0,0.0,0.0009470379368676431,0.0,0.0003418972067917738,0.0007708353266547757,0.0018989570557330312,0.0,0.0,0.20713223259149247,0.003566953533195006,0.00400160191258861,0.008751017433117979,3.919089177162865,1.8443643766640259,0.0005297620647967275,0.0,0.00026144219253746326,0.0,0.039288403475052094,1.3996657146344247,0.6737543343478517,0.005645580920520618,0.04949038262708002,0.1452532055679665,0.018350765120573136,0.006014062995046832,0.13103957852557746,0.0,0.000771313810837652,2.5938335099808474,0.0,0.0,0.0,0.0,0.020369283827843292,0.0,0.007623444042259408,0.0,0.23463409408036526,0.0,0.0,0.0,0.02913661141431305,0.0008636056623496541,0.0003378068445804033,0.0,0.30172808408834395,0.0,1.0875046882378914,0.00036368329382859476,0.0031487695586456133
0.0,0.0,0.0,0.024389660609747874,0.0,0.007873539060193033,0.01504501006643577,0.0007485895991432449,0.14995379826114663,0.0010331023306555697,0.0001648069461396203,0.058639470566348884,0.012326930305456894,0.0,0.01053507283387275,0.0050016691468289685,0.0,0.0,0.0,0.10010227725602795,0.0027422669037285388,0.0004787711045679073,0.0012394383799847026,0.3056967004890204,0.0,0.0,0.0,0.043838522793649096,0.0,0.0024482165639263457,0.0,0.0,0.0,0.0037335283431080405,0.17054898672469865,0.029093041818131677,0.001298041354223614,0.00644196254370619,0.013279919249618173,0.04485194053277259,0.0005290991472498574,0.009112726517724821,0.6512365355718676,0.04203232687988903,0.2778135046953775,0.1460593751059384,5.2821483488335765,0.06576878494654437,0.012175702087513349,0.005688509773591354,0.0,0.0010108185279032065,0.12679853178058906,0.6737543343478517,19.01167633524481,0.6029886268271537,7.3813783660623935,0.20588444609518594,5.0459129809262855,0.06906645805744095,4.268511855851006,0.004502526864480821,0.8227670606448875,1.8086379029918527,0.0,0.0,0.0,0.0,0.2887982589102833,0.002013424050697168,0.0014700787520961873,0.000514721386513256,0.25537840210300916,0.0003450203803210993,0.0018610718945330609,0.0,0.26021586553433634,0.21540089470302629,0.006992751426417282,0.0006839564557858427,0.08935764045246122,0.0014779758171153872,0.40412765846709825,2.7709378141232386,0.06117873237695815
0.0013046111012906794,0.0014817349543886854,0.0,0.021474068491260836,0.0009370494255609689,0.01864620618763356,0.08925185057446942,0.009118529056673725,0.3764141123955597,0.0021002085661460394,0.0,0.027537458006432532,0.012517516094542793,0.0,0.004614880204501443,0.011129833121762675,0.0,0.0,0.0,0.05742464764705683,0.005408152684279388,0.03327012018517923,0.0013748108037940142,1.0267727722340803,0.0,0.0,0.0009225864004669043,0.4072960840779562,0.004987384315687048,0.026604956336456854,0.0,0.0,0.010223834728090157,0.0035519998644792626,0.0015386535155617667,0.30651509825901907,0.02065176819158274,0.01353398780333517,0.0019266532117652986,0.04758592855825969,0.0005221018236691309,0.001779008708947415,3.147965633128651,0.24237007699104296,2.5645551789498886,0.822729525381235,0.6182171688507823,0.2830978445442128,0.014428211810901467,1.1949951205056686,0.004838592810497344,1.3898931373377068,0.09377570389691915,0.005645580920520618,0.6029886268271537,46.25958437463694,6.302659948322381,0.3519252648481021,4.999792589489857,0.43940588113484663,0.06226996147899032,0.0025893776904751223,12.167467640613966,0.020540530679687953,0.05682864766673892,0.8501706687694701,0.008024975528487637,0.0897689155502297,0.0697077160735368,3.5095550947392145,0.028433240635046715,3.670903281792577,2.0817114133934203,0.0,0.10783715547142449,0.44434181353807256,15.91881632513776,2.774596127770984,6.534510077931693,0.0,0.020195405655190898,0.21077590067427746,1.9129625473800933,0.23974778154387777,0.784998541793138
0.0,0.00017683356645811692,0.0,0.037718314833059055,0.0,0.009743329477667312,0.1694283445675629,0.0015144169251880626,0.5701610009049566,0.0,0.0011822834511841396,0.10539564004722514,0.0287712583534969,0.00028657091614543647,0.017831114427604055,0.0028152270497856227,0.0,0.0,0.0,0.23850191887382777,0.0002740960619552345,0.00604740408499431,0.0,1.434072731214923,0.0016689197963488621,0.0,0.0,0.25979695382992185,0.0026359567705736553,0.0024812816368942696,0.0,0.003526754782114028,0.0011727382689098744,0.013452459496177656,0.021984981053338105,0.12563005155095483,0.01782847973044184,0.03253759184731014,0.045703312556365776,0.06252104857481378,0.0024876969157434318,0.029663812149218077,1.445163486238726,0.19570821431528643,0.7368585696034737,0.4194974049623663,1.9105648996978637,0.06734278228918966,0.043592231170608536,0.1657372545365632,0.0005249672535969405,0.22778381251709265,0.19457514307865878,0.04949038262708002,7.3813783660623935,6.302659948322381,26.83245621015427,0.4999662688745082,7.855143059313755,0.3191640576588998,2.557562191703361,0.02283503875110003,11.609970011089436,0.14099360494518873,0.006352289442925422,0.04175949286730371,0.009584352777115324,0.0016449118627390054,0.6922853992962166,0.21887396192411473,0.006545371316133794,0.461821321264492,1.338670849717074,0.004962671054780353,0.01999185617053639,0.050354341894123036,1.3470718123515684,0.9855868123885193,0.4154566385810186,0.007402208745117491,0.39985257228570736,0.026056516381282913,1.0029192825574706,0.628935277078201,0.15937072311710337
0.005497746760114572,0.006296901556622851,0.002328584978506191,0.4240733550467663,0.0034900093116533564,0.14606704079942204,0.1562008397195692,0.25797587523073656,2.9145015177291396,0.36039394979639966,0.002353134201055074,0.10774988957451559,0.015878226245651474,0.10430136599814707,0.016159370630109474,0.01812767132279027,0.0008043471506360152,0.0,0.0,0.2994610667742637,0.030864809421578935,0.05608135859143752,0.0151620311709119,1.5658391384497956,0.0022638492441613587,0.0003129162908431855,0.008509337248727234,1.3378755310181891,0.08449002416797939,0.049599443394110085,0.0,0.0056619968244888364,0.01790958108844885,0.052786822239334445,0.027506481277156075,0.5345988253303665,0.01964510523744031,0.12116659605454014,0.03952571261495133,0.16832984488536848,0.015827958441240006,0.003672374521645609,0.3657308300784157,0.014936491763224837,0.1738981804842478,0.06823393825133875,0.7193032413998176,0.03203425450154169,0.0104861194123256,0.009606655606081512,0.9383041940960083,0.0028227018195483506,0.960428034674355,0.1452532055679665,0.20588444609518594,0.3519252648481021,0.4999662688745082,4.332308518801624,0.9131131932074297,0.03766344918666849,0.70996851413345,0.024545085442409794,0.313814313032827,0.6007529923288218,0.02282854900994644,0.005624058348826418,0.0,0.0024963931273691985,0.5228043241017736,0.00925622169760039,2.4454157423325302,0.003446032043480577,10.683674282220375,0.43723943189278425,0.0013828058173132212,1.0502063520144493,1.6251412462571515,0.12985132437930305,0.046929242792214124,0.0009880619784892785,0.014229911884488772,0.006005294556810826,0.09382910867684931,0.04783201004885969,0.09335806189570464
0.0,0.0,0.0,0.04044091095865177,0.0,0.0024601904857389574,0.024335739749471078,0.0,0.7004982685756352,0.0,0.0,0.10073374000007836,0.0012020106577850652,0.0,0.013643832705882205,0.0,0.0,0.0,0.0,0.11054026444237648,0.0,0.0012663039642191224,0.0,0.9850254444632586,0.0,0.0,0.0,0.03330885381513715,0.0,0.0,0.0,0.0,0.0,0.0,0.00024067656301872287,0.0076129608037671815,0.0006389439243242805,0.0,0.0011057791595072046,0.10241513349855083,0.0,0.0011313881467281228,1.5216240037078317,0.04008059474574454,1.504454272502115,0.3551420045518144,0.9533698536499292,0.25238192755344674,0.01563316158526975,0.0208140980912203,0.00020150115532638574,0.014731235645441888,3.7059983022566216,0.018350765120573136,5.0459129809262855,4.999792589489857,7.855143059313755,0.9131131932074297,59.55849145473506,0.15267218155183143,3.1580137440386897,0.0007665485427396516,2.2521268944761443,0.11680092839613082,0.0007456660639797224,0.0003371212164869468,0.0,0.0,6.2947804571826715,0.02403853404670587,0.0026169974907068717,0.029878462882115663,1.1320220908303698,0.0003683599098080374,0.0011643698830544897,0.0009114944143854734,6.777880588810855,0.7407426044573473,0.017583490661618212,0.0,0.015044661594713928,0.01043505314570376,1.0792905188566757,0.0860509157230025,0.2432570632238374
0.000504040175019262,0.06866357138692965,0.00021811539730767616,0.0,0.002241343240782445,0.0062734779946915465,0.0027700017737714057,0.022938310826797214,0.01834678441003643,0.00046878446394412533,0.3416172145996919,0.004507370096710368,0.925990907365284,0.02613632916956818,0.0027919091015915698,0.03128672473551008,0.0,0.0,0.0,0.0007332076923308623,0.03936676996310937,0.0353933628233903,0.046475623201646915,0.0379202598535282,0.1829222448113831,0.041407780734889654,0.10690130181146314,0.043587035770917756,0.03170123781426703,0.02455131691525813,0.1218001041964222,0.05638925753966267,0.0032492796166778324,0.12806129723405013,0.021607829150658894,0.0688427400675288,0.2101456579006382,0.09607869280047875,0.0541358951156669,0.06959075933652173,0.0036315494225869914,0.10107173858965554,1.965086285136919,1.9019392410142826,2.3676230600175363,0.5503030436304427,0.14686594830077715,0.16345281863248454,0.32406936932152086,0.05716617564268933,0.08002562859637821,0.06698804237666718,0.0009987784591997647,0.006014062995046832,0.06906645805744095,0.43940588113484663,0.3191640576588998,0.03766344918666849,0.15267218155183143,20.46961426061139,0.13619119535087695,3.2429726779949624,1.2862846136417432,0.005600556993862647,0.2758155737088391,0.3043812795439739,5.530598353442688,0.5247838697430824,0.04996597326275171,0.25099732719231566,0.053420231508781474,0.47029746195634065,0.09626572383580427,0.44098373006528163,2.138167369766616,0.4600255179067328,0.11904907897211423,2.3278918995283995,0.30220523626515383,0.614171333705851,0.24425230535094036,0.059577199471844526,8.262652030720812,0.12183327071971696,0.1337361913220518
0.0006756723191002547,0.0002074018366875575,0.0,0.31225866373582006,0.0072392620220158195,0.12909052356678494,0.03502385869442158,0.02449450148118283,0.35313077321522623,0.2551096755055068,0.0,0.23667271499771686,0.023654238165751074,0.0,0.06266301074146503,0.015401890587704498,0.0,0.0,0.0,0.5758464380248657,0.011812397310398879,0.0022474241692843123,0.010718592460528796,0.27927050505851175,0.0004959870676709478,0.0,0.0019893109253943937,0.36867186552602826,0.0031103004478113803,0.014888129146680367,0.0,0.00023281449345754444,0.0014599990564050857,0.006623336360204826,1.6169745643778979,0.056857728344837564,0.007751952611149773,0.013849445804712875,0.017344139865253606,0.1489978526114202,0.002537891740708879,0.006566315550242407,0.7967973182963848,0.04025381327454516,0.4950068938489191,0.16407585382462977,1.474088282282263,0.06738794659691073,0.011635093712050706,0.0041088220531246495,0.0008980010417997016,0.0,2.3994567018696875,0.13103957852557746,4.268511855851006,0.06226996147899032,2.557562191703361,0.70996851413345,3.1580137440386897,0.13619119535087695,28.68319919266316,0.002826988649089891,1.5681054223078943,1.3892833112655987,0.0006413416379024572,0.0,0.0053635610336555456,0.0009701962838724421,11.47936822210499,0.0,0.0002695164933541627,0.0004849420539806928,0.864556131392708,0.00022573026296851878,0.000490622086013327,0.0005601503616439462,0.8556951678234392,0.4088086777603115,0.002188684178930099,0.0,0.039075385414869164,0.00034911320635871903,0.5323924349097201,6.189129518037394,0.16193808807134008
0.000508391600153618,0.2592692596339642,0.002214177343504097,0.0,0.0,0.00016732609441339106,0.0008383578766195094,0.00383083597453327,0.004652269338163111,0.0,0.8656283064488142,0.0012282033893213932,5.036008679185691,0.013713717951153883,0.00042602067582548514,0.026546118945119584,0.0,0.001748964651972297,0.0,0.0004369071149207549,0.020334199615044325,0.10661065120968681,0.036715485295988684,0.013352534767978656,1.2529655174271324,0.23071673458486638,0.7590163507229739,0.023703987802407806,0.018657830576910256,0.009795258973191457,0.7823701753526233,0.010869493023801,0.0006702237384492061,0.17176365876885286,0.0,0.022439877031374962,0.3974402244008855,0.048007216771377446,0.0076257900382995635,0.023746730340025043,0.00096125143111436,0.14168974108649873,0.183470858888352,1.4383549248164298,0.3873629003250577,0.07324197830533112,0.012705416871940604,0.002613960551096268,0.4599537803660101,0.0005049721629244321,0.2633352605123507,0.0005906540705003751,0.0005206341816868197,0.0,0.004502526864480821,0.0025893776904751223,0.02283503875110003,0.024545085442409794,0.0007665485427396516,3.2429726779949624,0.002826988649089891,6.813901487221756,0.12389149670176454,0.0015634401551456079,0.10388392530066261,0.0004659313645541642,0.009382849180775903,0.0006514657280924552,0.0014649019793881587,0.020857036012540422,0.144201925401003,0.07536729926082972,0.012712106970076003,2.5182951248495615,0.030263168009173086,1.5191074231744635,0.008166609048093302,0.26269505036383983,0.004773225207378996,0.9903086846357145,0.042825352007480784,0.0015689690610950196,0.8335469492128433,0.00121987961469036,0.005419805008326872
0.0,0.0011125393968444604,0.0,0.0013867379585343026,0.0,0.0,0.013682832155316592,0.0007513491986083743,0.20643728354676374,0.0,0.005982815108003721,0.0024722327559167792,0.034280194352390096,0.0,0.0004898905577493755,0.0031604255784324635,0.0,0.0,0.0,0.0036500063328442083,0.0012941580902964146,0.02354256838922875,0.0,0.14918440397627578,0.00555274730099226,0.0,0.0,0.025189206755398666,0.002319705759341803,0.004228592262991159,0.0,0.0028308062794233963,0.0009501115373003092,0.0174627756884512,0.0009966671996428688,0.043116967299893366,0.01860179676889931,0.028963986257000814,0.037567772665253275,0.006103773623551505,0.001444709212285564,0.02635007396724185,1.4988936179956365,0.2773332368733961,1.3016015970013168,0.4960545294009022,0.4240268007532191,0.058802783966110855,0.05288309434511871,3.972414726555071,0.0026722919113044102,0.5248878529634424,0.05186854366796509,0.000771313810837652,0.8227670606448875,12.167467640613966,11.609970011089436,0.313814313032827,2.2521268944761443,1.2862846136417432,1.5681054223078943,0.12389149670176454,29.16878234449984,0.02922829173502471,0.02733164914748113,0.23156236207208705,0.1269926559549605,0.0202439855447094,0.5327420720327615,0.44812662191894975,0.016623668295354763,1.0390966054757227,0.8031496574264699,0.012427549034195951,0.2073220729362585,0.2544817013112929,0.8628035254108578,5.069964983924033,3.537473767668909,0.06533630146055529,0.24518199107283212,0.07388173359273383,1.3168242552937959,0.06039264677568947,0.20072420051691114
0.0,0.0,0.0,0.022502567242416012,0.0,0.010184076887841776,0.001972540527017956,0.0017650159552820583,0.05931574125302965,0.0031099743786578656,0.0,0.02669249685873975,0.0032588884249836587,0.0,0.009281464202073354,0.0009687136536137846,0.0,0.0,0.0,0.06228232665869256,0.00030372008218127437,0.0032443941686105646,0.0014789894762980784,0.0477774028989063,0.0,0.0,0.0004646331904727047,0.026928288384328907,0.0,0.0008986996962337915,0.0,0.0,0.0,0.0,0.23447866766218553,0.010685240865099956,0.0010640272283279797,0.0009583731573515618,0.0007169439410401232,0.01669687634111499,0.0003134871685104061,0.00027430801945228317,0.13934339855937883,0.0007846189402540252,0.01212651608533091,0.004158259639342987,1.7523193446612433,0.2410808140444266,0.00020299685755208869,0.0,0.01119053120380863,0.0,0.10567052054126917,2.5938335099808474,1.8086379029918527,0.020540530679687953,0.14099360494518873,0.6007529923288218,0.11680092839613082,0.005600556993862647,1.3892833112655987,0.0015634401551456079,0.02922829173502471,1.9994197400441542,0.0016257710810051954,0.0,0.0,0.0,0.08174837293564834,0.0,0.03685396457047841,0.0003164445584716495,0.7638261925518268,0.0022087001664993157,0.0,0.0039613267030476846,0.1088424006190332,0.009214962166659712,0.0005611454850967533,0.0,0.033263717784384854,0.00039618066016493356,0.01278443652489912,1.4708566322092986,0.04304825837196313
0.003847406266873162,0.047777527801209536,0.07956763839477066,0.0,0.0,0.0,0.009137509073744773,0.0009692150878819064,0.06719244030726673,0.0,0.0030563807281948625,0.002649549403418782,0.1645173642681057,0.0005055782869949409,0.001198820812661171,3.262727205873912,0.005523220761595515,0.0,0.0004018691787102013,0.0019999674529994826,0.6026374256763333,1.7694522798880623,2.4269086976939387,0.9423006849037013,0.001102326563283078,0.005851394273673638,2.8851055557967062,0.3272889695503214,0.012840445740274016,0.09361871404410498,0.0,0.0014853611591105517,0.01282480377431968,0.04061380495819038,0.011079974312508562,0.2018546760555526,0.11826099857270592,0.1051550254790938,0.06589066211567836,0.03799361420037855,0.004256520896999273,0.012435079639280394,1.3800761386453175,0.770715284112265,0.5054766895226289,0.47521188148348403,0.04637224227273735,0.017799798306261733,0.022275486506091246,0.01161684620421147,0.6533705875063194,0.04085666951298436,0.0,0.0,0.0,0.05682864766673892,0.006352289442925422,0.02282854900994644,0.0007456660639797224,0.2758155737088391,0.0006413416379024572,0.10388392530066261,0.02733164914748113,0.0016257710810051954,13.664641002415468,0.04711082712897787,0.0025591365388066747,0.005648900641226331,0.0,6.97472199972133,4.38447138718382,3.8237529516955067,2.1739773964864217,0.04016397220012848,0.06066882422330841,5.187151294315029,1.3795514204548998,0.07768535299045175,0.16913012975684974,0.0014665458762001095,0.0008897966600823264,0.02863071001247477,0.17616635806657918,0.15492172556984454,0.7816126078786058
0.0,0.03250164123457332,0.007487780943985721,0.0,0.0,0.0,0.0,0.0,0.0038189920765883,0.0,0.0,0.0,0.001328476817374263,0.0,0.0,0.002425654896324766,0.0,0.0,0.0,0.0,0.0,0.013589669044653812,0.003065683166550564,0.0008418984633792212,0.006516679306626127,0.12235698674881076,0.6652464022329214,0.0,0.0,0.0,0.0,0.0,0.0,0.0004554296587716662,0.0009087474078100637,0.002046897662558335,0.009899571582027993,0.0027134364408735925,0.0005010624584914637,0.0,0.0,0.0,0.3272537062196356,0.27361172490747726,0.6499650862715413,0.43511965087341764,0.01015434791546146,0.003828022592934938,0.0,0.018754550426082605,0.06482291472643975,5.6733327538589045,0.0,0.0,0.0,0.8501706687694701,0.04175949286730371,0.005624058348826418,0.0003371212164869468,0.3043812795439739,0.0,0.0004659313645541642,0.23156236207208705,0.0,0.04711082712897787,6.3602137002139685,0.44522381095616254,3.6603572646082854,0.0,0.707208988834057,0.015684037977577982,7.132551126761477,0.04553979208113308,0.0,4.495738832731069,3.694696217498169,0.1536214592322321,0.05826294553635094,1.2597792836823778,0.00022086559773192723,0.0,0.023954483557118173,2.6861018496552163,0.014260862834842443,0.1071376599372433
0.0,0.0025943694138625944,0.0,0.0,0.0,0.0,0.0,0.0,0.0,0.0,0.002343034771940773,0.0,0.0049075569383565075,0.0,0.0,0.0,0.0,0.0,0.0,0.0,0.0,0.0,0.0,0.0,0.0066317818775097435,0.022941620977362995,0.05269658202506539,0.0,0.0,0.0,0.0003650470216575236,0.0,0.0,0.0,0.0002679087782869456,0.0006530489645896218,0.003581972071262045,0.0,0.00021575603272880653,0.0005512194819745475,0.0,0.0,0.660461338135094,0.24943586722345165,1.6982098326647228,0.6725548840732085,0.010708923607864754,0.006427772067984335,0.0,0.006826174232524221,0.006218999910451312,0.12970757665723698,0.0,0.0,0.0,0.008024975528487637,0.009584352777115324,0.0,0.0,5.530598353442688,0.0053635610336555456,0.009382849180775903,0.1269926559549605,0.0,0.0025591365388066747,0.44522381095616254,4.3164483537483305,2.343636156031619,0.0,0.09177903860986306,0.0007609058331120544,0.28174518943561244,0.0,0.00088007084284287,4.488698833683536,0.843545937518598,0.0017230994040082577,0.22736091146734294,0.10746423017142281,0.0689464787987612,0.008085392152604438,0.04586131208745827,1.5429320187051563,0.007541325169637922,0.0544465095540239
0.0,0.019194319138312547,0.00030219976450628533,0.0,0.0,0.0,0.0,0.0,0.0,0.0,0.0006731184719401393,0.0,0.0010494197500134522,0.0,0.0,0.0,0.0,0.0,0.0013524217637223214,0.0,0.0,0.0019343497372970575,0.0,0.0,0.0050617953132068285,0.10639505245120026,0.33765227273351417,0.0,0.0,0.0,0.0008680742675166902,0.0,0.0,0.0,0.0,0.001251072202522102,0.003203283858850401,0.002606359966502387,0.00047233456381074303,0.0,0.0,0.0,0.43472138416228784,0.2977970166392437,0.841474955247246,0.41498399250287954,0.004772527670792021,0.004978119827099536,0.0,0.011661910053979978,0.047605234941055875,1.2901054636030176,0.0,0.0,0.0,0.0897689155502297,0.0016449118627390054,0.0024963931273691985,0.0,0.5247838697430824,0.0009701962838724421,0.0006514657280924552,0.0202439855447094,0.0,0.005648900641226331,3.6603572646082854,2.343636156031619,8.553785122131565,0.0,0.16805369829261066,0.003490839107802201,0.9498165006771686,0.004457717210860327,0.0018461533125281615,5.7296995387595295,2.5790082439350925,0.011517727660493096,0.054844626998345906,0.2826119866312634,0.0010782201108430634,0.0016215014982474034,0.02808089475176981,2.0352937647876597,0.0034272200456717974,0.032953804133497036
0.0,0.0,0.0,0.27079787950529377,0.0009954824642283047,0.05167283168304895,0.04276743252830051,0.010154277810479385,0.395403032753705,0.061687369914879206,0.00026169274997908307,0.17847045122056265,0.007236747789987934,0.0010067038924406401,0.048787070397906834,0.007153152423860172,0.0,0.0,0.0,0.663977611264236,0.006431071313837648,0.001298728887219773,0.003055523065714877,0.5826955876538891,0.0,0.0,0.0,0.3306140033832757,0.0017189594687002268,0.006798263415629976,0.0,0.0,0.003446798133751634,0.0032451186019674485,0.0,0.04383589174659982,0.0014273834264087858,0.004686894286905266,0.0036330550713705146,0.10701825562838804,0.0,0.002446286931709107,0.38426441423209,0.015342474299858092,0.3241486868236968,0.09875464531881992,0.3843913494654144,0.0642688727147713,0.007376610559949603,0.004129501733889771,0.0008203097790140126,0.0,16.737051667675885,0.020369283827843292,0.2887982589102833,0.0697077160735368,0.6922853992962166,0.5228043241017736,6.2947804571826715,0.04996597326275171,11.47936822210499,0.0014649019793881587,0.5327420720327615,0.08174837293564834,0.0,0.0,0.0,0.0,8.210506429448932,0.0,0.004846017744811544,0.0,0.9488469140077868,0.0,0.0,0.00014753971035607217,1.990570798737883,0.17236422716211403,0.0015362108599677512,0.0,0.006612682912382539,0.0,0.24924008458603644,0.007148346571068688,0.028422900001905265
0.0,0.003869532430371976,0.004464577689424822,0.0,0.0,0.00030782588893311436,0.0017804783813050592,0.0,0.04136956616240152,0.0,0.00024177107220351536,0.0011661039376565953,0.08373098711285776,0.0,0.0006508919189282632,0.38119195226965746,0.0,0.0,0.0,0.00031705077379498114,0.14928510787811955,0.3265339174489925,0.15198999965549492,0.47858340227680884,0.00035040461632459283,0.0002113309095324298,0.13273386826096817,0.10406196727123687,0.006094913772799019,0.04180129385828248,0.0,0.0,0.00858467831784286,0.007605338021923854,0.017025334196992804,0.09449294218534965,0.016687963289966093,0.014009615111235494,0.012155750136613411,0.041339646779597276,0.0025158991029048316,0.005311424576726469,2.3315956523944057,0.9433800563628344,2.9549507195315585,1.4881342261123094,0.12005366417929948,0.014886173883826171,0.002976051870969792,0.049852075902134994,0.05758450134428079,0.741159573411951,0.0003714881478690977,0.0,0.002013424050697168,3.5095550947392145,0.21887396192411473,0.00925622169760039,0.02403853404670587,0.25099732719231566,0.0,0.020857036012540422,0.44812662191894975,0.0,6.97472199972133,0.707208988834057,0.09177903860986306,0.16805369829261066,0.0,40.43456809550017,0.3527572464678613,16.756821222066105,1.3321554773219864,0.0021062034432348304,0.15274065614250956,1.0213718943504067,7.790923264078751,0.2724798701508397,9.132014147084734,0.0,0.0005875255358676378,0.17931927443871445,3.1181521623442854,0.41224443588787324,1.6128369401731084
0.003276048883556474,0.03527104330619172,0.008785977644735665,0.0006136329460134845,0.0,0.0007748405271681103,0.012032195501034773,0.0032175806327056603,0.20211998873662182,0.00045568379788663027,0.007167830554673712,0.0,0.07683033287286552,0.004343017464161882,0.0007929278863011528,0.9543156644416352,0.0031768271100809055,0.0,0.0,0.0,0.30007861105585454,2.905524986918202,0.4124390431090659,0.7448451131724341,0.02700388970649871,0.002843114004066364,0.8460483476176479,0.33328116939532143,0.019522694136626176,0.058056346964053825,0.0008471446110467285,0.00021391331882646955,0.007205809181578708,0.016172170960309852,0.004915029084600525,0.08978980495279748,0.04293815943296056,0.03643674139691338,0.020144451355784142,0.009150183554894154,0.0008493372110896579,0.0026196490240151236,0.1690179102847217,0.09076974842988363,0.07219252211122142,0.05092125443222679,0.05745845442297842,0.0023398972489048642,0.025473270488796895,0.004497054124644617,1.8759520196207884,0.008644091115268765,0.006061077385335879,0.007623444042259408,0.0014700787520961873,0.028433240635046715,0.006545371316133794,2.4454157423325302,0.0026169974907068717,0.053420231508781474,0.0002695164933541627,0.144201925401003,0.016623668295354763,0.03685396457047841,4.38447138718382,0.015684037977577982,0.0007609058331120544,0.003490839107802201,0.004846017744811544,0.3527572464678613,5.733920718544203,0.22661055813361633,4.183139994082862,0.7604736764024249,0.009141083960159713,3.1621184580607746,0.21690343283747085,0.027572464277913156,0.05367324690224924,0.018462520857255662,0.0005064542684793513,0.009381551919222662,0.041597441756449985,0.01418214559374279,0.06862246747627383
0.0,0.029147730491076627,0.17603587167257384,0.0,0.0,0.0,0.0011502007833066692,0.0,0.016194215486750967,0.0,0.00038913758469955067,0.0,0.10564526613970911,0.0,0.001280818250587094,1.0219954909641484,0.01108872372453077,0.0,0.0009618536655332417,0.000509855169978657,0.1112350367646047,0.3708611358788803,1.1660599911406255,0.20326767102183085,0.0009881447562072906,0.04062796664364613,2.246513718882079,0.025996916914798808,0.0014643171856652724,0.015340031712703676,0.0,0.0,0.0026093560248478184,0.028914983171104167,0.03701546641917734,0.12590409935157273,0.05108066662547494,0.0742401066223797,0.05271611773761516,0.017663567410103644,0.001993476753691247,0.007621571089452517,5.974529453783673,4.055642088727483,6.120392439842976,4.889622892636891,0.2486666849759245,0.03732977627752295,0.022058723304536895,0.055237365590581365,0.06606353040473366,8.932006826962697,0.0008531069565037474,0.0,0.000514721386513256,3.670903281792577,0.461821321264492,0.003446032043480577,0.029878462882115663,0.47029746195634065,0.0004849420539806928,0.07536729926082972,1.0390966054757227,0.0003164445584716495,3.8237529516955067,7.132551126761477,0.28174518943561244,0.9498165006771686,0.0,16.756821222066105,0.22661055813361633,38.064739213624,0.758685256207998,0.005681706430701337,1.2313270069211792,8.471059458506833,2.517282556617196,0.17270712319950451,2.6760531375715724,0.0014540766340585872,0.002029891695016631,0.08418053894910074,3.210986255041343,0.7095762313832913,4.181751651739991
0.02624266617667973,0.008754801014741546,0.0009611619805335923,0.6784035912021611,0.00356041485771453,0.35814178259048635,0.6885853047559237,0.25766145479678143,2.690166181108814,0.5944388182323472,0.0,0.20875916072408676,0.03887020703308579,0.04006423673028645,0.03666996077915122,0.26942482441724097,0.0006940862949037579,0.0,0.0,1.0825113074824095,0.2187330416365817,0.5111458551461604,0.09473939931819987,7.199606385842868,0.0003316698412181627,0.0,0.08423538099522947,4.6429031154864395,0.1483535173675921,0.36787485736095266,0.0,0.0,0.07926271910219553,0.10028088802826723,0.002058335998733425,1.7813117161357577,0.11248353437135601,0.20108701956664973,0.04716081032723748,0.3773416343761143,0.005880192889292981,0.002091927554869673,1.91825021523083,0.284314849535253,0.8665810700441244,0.4210157890926726,1.450225396815653,0.11170580735767079,0.006277804439365323,0.07916483477573572,0.8548855150625134,0.06604964727992989,2.865407385000304,0.23463409408036526,0.25537840210300916,2.0817114133934203,1.338670849717074,10.683674282220375,1.1320220908303698,0.09626572383580427,0.864556131392708,0.012712106970076003,0.8031496574264699,0.7638261925518268,2.1739773964864217,0.04553979208113308,0.0,0.004457717210860327,0.9488469140077868,1.3321554773219864,4.183139994082862,0.758685256207998,30.424479721788288,0.1434821438621464,0.002545494903195039,1.0443050265566265,10.311610980690785,0.5989537490931971,0.6173466789156958,0.0,0.011504081895691205,0.08698847228613293,0.563971309222927,0.14273997768616672,0.434274155953738
0.0,0.14263231134213428,0.0,0.0,0.00026328032098539236,0.0,0.0,0.003378753937018253,0.002934579219058554,0.0,0.28032761028105857,0.0,1.4627865109772609,0.006334002856064252,0.0,0.0006889508825382284,0.0,0.00036630149704286566,0.0,0.0,0.0012191240184940661,0.06427839973773372,0.000757558360141225,0.0009008612018769238,1.065833662423018,0.11135746916154676,0.7952172328847045,0.0002894323081357853,0.010690291925636261,0.00030767541302626525,0.21755185272880245,0.00391077010626133,0.0,0.09522476278912857,0.0,0.0056047591065636745,0.11850625386023708,0.02182723446366743,0.005468967946358023,0.0021943362647853654,0.0017775167937139084,0.06075170012935834,0.03991450437426116,0.12283204982909322,0.04719751140319934,0.006881943920642571,0.008926599991798102,0.0021608535732682067,0.23267833633929458,0.00045618954385068716,1.015571594996741,0.0,0.0,0.0,0.0003450203803210993,0.0,0.004962671054780353,0.43723943189278425,0.0003683599098080374,0.44098373006528163,0.00022573026296851878,2.5182951248495615,0.012427549034195951,0.0022087001664993157,0.04016397220012848,0.0,0.00088007084284287,0.0018461533125281615,0.0,0.0021062034432348304,0.7604736764024249,0.005681706430701337,0.1434821438621464,2.681562531306038,0.021713316263187097,1.8932952316159184,0.0011565888802208691,0.027582216079394255,0.0002738955566876033,0.11982824805417802,0.007279128259212581,0.0,0.24039359994266873,0.0,0.0020436947796872084
0.0,0.08303103637537061,0.003180449573436991,0.0,0.0,0.0,0.0,0.0,0.0005685975329062931,0.0,0.07074270417802121,0.0,0.5748467403873759,0.0,0.0,0.011661082676030967,0.0009197878588591145,0.03529551990289926,0.014934898443290613,0.0,0.0,0.003910547654689517,0.017403384791703072,0.0006810454222592154,0.1357415826604069,2.2483274039379233,5.090572147746645,0.0,0.0,0.0,0.49235445291726354,0.0,0.0,0.00583468129613673,0.003061585561146283,0.008416093744326466,0.12433427996244345,0.0524476695410721,0.00883589605349049,0.0010079360565105019,0.0,0.0010737576082086402,4.72236440852446,3.5725260676785195,3.523915699294717,2.8109910512038954,0.028071320414218275,0.023466307799625052,0.0013418000034431904,0.007924542567685126,0.07953807083722923,5.917454797434667,0.0,0.0,0.0018610718945330609,0.10783715547142449,0.01999185617053639,0.0013828058173132212,0.0011643698830544897,2.138167369766616,0.000490622086013327,0.030263168009173086,0.2073220729362585,0.0,0.06066882422330841,4.495738832731069,4.488698833683536,5.7296995387595295,0.0,0.15274065614250956,0.009141083960159713,1.2313270069211792,0.002545494903195039,0.021713316263187097,50.56134071531365,14.845517825536758,0.023497650019275004,0.36347375675567084,0.16641632231621323,0.5382559846641071,0.0271053320832276,0.04241571006150455,1.1189258102467177,0.022812936130829777,0.32010217051065243
0.0,1.9618591486453587,1.2826708440562724,0.0,0.0,0.0,0.0,0.0,0.0083929453780993,0.0,0.17667274449999032,0.0,2.364710446299974,0.0,0.0,1.0974695867128705,0.31713613588422235,0.07577525022353707,0.10273285289319406,0.0,0.08007845970402372,0.6271971853370909,1.482854368157337,0.13510905670688989,1.387013873698493,6.682718166551943,44.727442870833976,0.016047486911341224,0.0007662642901927544,0.0019804782223570632,1.462274184806279,0.0,0.0,0.23267993962859973,0.008571530268756487,0.38518797119759063,0.7798354623470057,0.6046158603031039,0.35398303491963395,0.0056424895942268965,0.0016484514457176527,0.021418150551523213,7.702087129169807,4.657375715625265,4.681350834297532,4.407094961625147,0.12362797191446372,0.04462627836722426,0.014188182720889132,0.025482460286947922,9.48437970003335,11.105298174303716,0.00018370869110084534,0.0,0.0,0.44434181353807256,0.050354341894123036,1.0502063520144493,0.0009114944143854734,0.4600255179067328,0.0005601503616439462,1.5191074231744635,0.2544817013112929,0.0039613267030476846,5.187151294315029,3.694696217498169,0.843545937518598,2.5790082439350925,0.00014753971035607217,1.0213718943504067,3.1621184580607746,8.471059458506833,1.0443050265566265,1.8932952316159184,14.845517825536758,57.490157000042046,0.42877608482405527,0.07845446424328198,0.7129584153200513,1.1944412182477007,0.0025307239340396303,0.03413446871395623,1.585329887573429,0.14778878719780847,1.4119201116403153
0.003552704108148822,0.0016338068959433532,0.000741522090734226,0.0809582443323841,0.0,0.025597436552516457,0.1667008596517681,0.00721583070359448,1.1854855712044727,0.0007249409735280652,0.0,0.10055524305433042,0.02589966509588213,0.0,0.013328829394513537,0.0994010375267748,0.0,0.0,0.0,0.20646910484373984,0.042777422773410914,0.19238470992528955,0.013444357614194862,2.3563965756573206,0.0,0.0,0.01823258236764691,0.6800196496291442,0.018611572524246712,0.07517535167163084,0.0,0.0,0.014096724327045552,0.009515727083167318,0.0025943893069782344,0.4584426543256361,0.03842350499972462,0.026064364569008226,0.004211325426438698,0.10783506046627674,0.0,0.0011733691453089047,2.621800335337614,0.35880974248325037,1.9032160578057218,0.765746380968679,0.7769293027705907,0.14242588175866064,0.002829849139958601,0.07721535048381238,0.024895153883330617,0.403986106413451,4.488957321622959,0.02913661141431305,0.26021586553433634,15.91881632513776,1.3470718123515684,1.6251412462571515,6.777880588810855,0.11904907897211423,0.8556951678234392,0.008166609048093302,0.8628035254108578,0.1088424006190332,1.3795514204548998,0.1536214592322321,0.0017230994040082577,0.011517727660493096,1.990570798737883,7.790923264078751,0.21690343283747085,2.517282556617196,10.311610980690785,0.0011565888802208691,0.023497650019275004,0.42877608482405527,36.16845433914684,0.823021041504638,2.874364783424767,0.0,0.005586893058342154,0.19807025991353297,1.201281454403533,0.2233011723007096,0.7482598911008659
0.0007980598766857793,0.004418086371729787,0.0,0.0,0.0,0.000894573517288982,0.004463249698483087,0.0013037201087167107,0.10486903842132993,0.0,0.02401258814265199,0.0004504861282818935,0.04975606775655075,0.0,0.0010861776194515927,0.04035765619368952,0.0,0.0,0.0,0.0,0.028707152982253945,0.0430812861111193,0.011395677966488616,0.2447790456355017,0.016821109338780962,0.0,0.003006018351637868,0.1102920319516148,0.007127901968984912,0.02800643602902309,0.0,0.0034887920217938125,0.0054090588704485704,0.02414012702481421,0.004174104197973291,0.06843232370446076,0.03696427572932993,0.023714725339707435,0.030406204734860696,0.01412107231430421,0.0018967647750749868,0.028608547416285924,0.7819071481320065,0.2554905711237321,0.9503314207210795,0.25564631333371596,0.17501605107639168,0.025195557450061624,0.06086820323717851,2.2107764246667583,0.010538445526842834,0.03947781933449444,0.026063414090999586,0.0008636056623496541,0.21540089470302629,2.774596127770984,0.9855868123885193,0.12985132437930305,0.7407426044573473,2.3278918995283995,0.4088086777603115,0.26269505036383983,5.069964983924033,0.009214962166659712,0.07768535299045175,0.05826294553635094,0.22736091146734294,0.054844626998345906,0.17236422716211403,0.2724798701508397,0.027572464277913156,0.17270712319950451,0.5989537490931971,0.027582216079394255,0.36347375675567084,0.07845446424328198,0.823021041504638,21.774646672631818,3.3052668691975513,0.14217793885873578,0.3148151849686897,1.1674731671296927,2.2336294977591002,0.06037354558627498,0.2211195348929842
0.001097137653949452,0.004003419349458697,0.0,0.0,0.0,0.0,0.0034080434472045533,0.0,0.0603410937779109,0.0,0.0,0.0008299706470559576,0.021256558419561485,0.000760346818311958,0.0,0.08642833800779932,0.0,0.0,0.0,0.0,0.05854183751594672,0.08479296350240484,0.026605140758414265,0.34084218847568615,0.0,0.0,0.013613434086059284,0.13180524756219242,0.008488488351006533,0.04121686528357049,0.0,0.0,0.010154565051556284,0.005167704276134002,0.004432289326275332,0.10962699579933304,0.016022413178966344,0.005526205458964332,0.005448993638516187,0.022811478891669415,0.0,0.001818866664950395,1.0144673563560063,0.26844719792920363,1.6173288247226105,0.5407692156599083,0.08385601423822492,0.029268789749742143,0.0024481022697642285,1.7233262036402572,0.017151993025513373,0.532387753320463,0.00019301619398828153,0.0003378068445804033,0.006992751426417282,6.534510077931693,0.4154566385810186,0.046929242792214124,0.017583490661618212,0.30220523626515383,0.002188684178930099,0.004773225207378996,3.537473767668909,0.0005611454850967533,0.16913012975684974,1.2597792836823778,0.10746423017142281,0.2826119866312634,0.0015362108599677512,9.132014147084734,0.05367324690224924,2.6760531375715724,0.6173466789156958,0.0002738955566876033,0.16641632231621323,0.7129584153200513,2.874364783424767,3.3052668691975513,17.561996499985106,0.000522594976743472,0.003244158690698119,0.8940743775388991,4.813400338521963,0.1496926412564976,0.5558121586217475
0.0,0.02221182704177303,0.0,0.0,0.0,0.0,0.0,0.0,0.0,0.0,0.17122423366875944,0.0,1.8068693436209706,0.0,0.0,0.0,0.0,0.005458980735404076,0.0,0.0,0.0,0.0036711359470648543,0.0,0.0,0.20691088846395114,0.38982614790587283,0.9404994336154637,0.0,0.0,0.0,0.6826369872761602,0.0,0.0,0.006369068989397449,0.0,0.00032142251408929216,0.03267421206223545,0.0012801225846829929,0.00020224712434974149,0.0,0.00025719644957995156,0.006000094834017579,0.26614914931665834,1.0649822112832263,0.5769044609656577,0.3560460663666485,0.0029574028507047567,0.004239572099351846,0.0023927598729944505,0.0,0.02984906546546493,0.00019298418706024798,0.0,0.0,0.0006839564557858427,0.0,0.007402208745117491,0.0009880619784892785,0.0,0.614171333705851,0.0,0.9903086846357145,0.06533630146055529,0.0,0.0014665458762001095,0.00022086559773192723,0.0689464787987612,0.0010782201108430634,0.0,0.0,0.018462520857255662,0.0014540766340585872,0.0,0.11982824805417802,0.5382559846641071,1.1944412182477007,0.0,0.14217793885873578,0.000522594976743472,0.8490922586816572,0.020056772505626597,0.0001892988276951916,0.16061449512792184,0.0006248657580156221,0.017936444322923024
0.0,0.00026174036114002804,0.0,0.0,0.00022107369979716007,0.0,0.0,0.0,0.004947874489207788,0.0,0.0064589093337915045,0.0,0.021498080633907225,0.0,0.0,0.0,0.0,0.0,0.0,0.0,0.0,0.00031409879056356244,0.0,0.0,0.0034340329701083366,0.0,0.0,0.0,0.0005317107004145741,0.0,0.0,0.0014597958363659388,0.0,0.012945893123603943,0.0006940192012648773,0.003798814160882815,0.009159966827192955,0.029748325701261367,0.021446536236707173,0.0,0.0016293325418484076,0.017777858720568283,0.5837973970988233,0.08271982238314657,0.153147389473159,0.1450189937998607,0.6084105453991709,0.5969295725397394,0.02866705370815777,0.0034906282567456425,0.0011237608022435916,0.0,0.0003136672331454513,0.30172808408834395,0.08935764045246122,0.020195405655190898,0.39985257228570736,0.014229911884488772,0.015044661594713928,0.24425230535094036,0.039075385414869164,0.042825352007480784,0.24518199107283212,0.033263717784384854,0.0008897966600823264,0.0,0.008085392152604438,0.0016215014982474034,0.006612682912382539,0.0005875255358676378,0.0005064542684793513,0.002029891695016631,0.011504081895691205,0.007279128259212581,0.0271053320832276,0.0025307239340396303,0.005586893058342154,0.3148151849686897,0.003244158690698119,0.020056772505626597,1.7078792832743102,0.001056308425700548,4.1052216513364925,0.012210348720207794,0.04830118765278306
0.0,0.0004501179687632853,0.0,0.0,0.0,0.0,0.0017003232466437648,0.0,0.009987935592608245,0.0,0.00023617592811044975,0.0,0.006438763732992333,0.0,0.00028470990605187856,0.020914992300828546,0.0,0.0,0.0,0.0008996531969922289,0.021292261315100834,0.013053208543494925,0.008859590020352597,0.0656363518332307,0.0,0.0,0.003456954824013024,0.03083150011042744,0.0017281253586113468,0.00816133766901995,0.0,0.0,0.0033656152869727457,0.0009244535016864663,0.0007628831677430601,0.017278273177627375,0.003838376982439649,0.001410226458256494,0.0008325352848625127,0.0032672890687123505,0.0,0.0,0.034678593243234926,0.03045436026452758,0.17356991857099646,0.040695305615741965,0.009664096042155297,0.0011809364454352142,0.0,0.029860128638467154,0.002332657842988553,0.023282456069722512,0.0006549577683497722,0.0,0.0014779758171153872,0.21077590067427746,0.026056516381282913,0.006005294556810826,0.01043505314570376,0.059577199471844526,0.00034911320635871903,0.0015689690610950196,0.07388173359273383,0.00039618066016493356,0.02863071001247477,0.023954483557118173,0.04586131208745827,0.02808089475176981,0.0,0.17931927443871445,0.009381551919222662,0.08418053894910074,0.08698847228613293,0.0,0.04241571006150455,0.03413446871395623,0.19807025991353297,1.1674731671296927,0.8940743775388991,0.0001892988276951916,0.001056308425700548,0.8221635383292722,0.6717700450197364,0.016205551380224458,0.0396262851355418
0.0009383468582132312,0.04539249745304926,0.005377567463837878,0.0,0.0013823171242206577,0.0026671663998702883,0.006448362423641289,0.05584584728045762,0.11337206006210486,0.0,0.11335469103379617,0.0013317337675436364,0.1927021976176062,0.02938825160490957,0.0,0.03322825611568584,0.00016570522753290852,0.00018394502450851664,0.0,0.001674420448142627,0.020514697986168902,0.03062261119490608,0.01833499524097272,0.15697390831080643,0.07478458131155734,0.031106341137624997,0.18243325656155793,0.057313935728615255,0.03427918011147067,0.02025846936404077,0.001783407859308746,0.07001972415924242,0.004878274568703686,0.10773892537660759,0.02629302515406904,0.08409354944558897,0.09377192312131997,0.14467775221038986,0.09434933208394898,0.019944182250461587,0.0055900766412409954,0.10874907612775095,0.9799226464729967,0.8528060399478586,1.3261328816517823,0.42956651440194543,0.12811962871973112,0.0649551529009083,0.508330289616838,0.17600658322320153,0.08538549596666162,0.4241358068369942,0.05112255481993344,1.0875046882378914,0.40412765846709825,1.9129625473800933,1.0029192825574706,0.09382910867684931,1.0792905188566757,8.262652030720812,0.5323924349097201,0.8335469492128433,1.3168242552937959,0.01278443652489912,0.17616635806657918,2.6861018496552163,1.5429320187051563,2.0352937647876597,0.24924008458603644,3.1181521623442854,0.041597441756449985,3.210986255041343,0.563971309222927,0.24039359994266873,1.1189258102467177,1.585329887573429,1.201281454403533,2.2336294977591002,4.813400338521963,0.16061449512792184,4.1052216513364925,0.6717700450197364,6.740567055034101,0.16599746615054886,0.26095470433577983
0.0,0.0005942657203968129,0.005759952442217581,0.0,0.0002093302598048783,0.4538396756224267,0.0018285453729194392,0.0019654747752258007,0.02919751171261709,0.00039597661885037105,0.0005283889379269223,0.9017700554117705,0.07276008456334433,0.0014106653387137352,0.21218499976092609,0.0061251183663048585,0.0,0.0020422561104765334,0.00119748124401741,0.0,0.014526019656088249,0.014168842711427215,0.0319561225674621,0.0023033599147292347,0.0,0.004205472128106428,0.010705588819036462,0.008935140446259824,0.0008246886826550119,0.0033779787899044086,0.0,0.002796122746368226,0.0017914257088471703,0.006196773574164907,108.91068916944208,0.9660459761182517,0.5197114766234616,0.04918769557249353,2.588514139735567,0.14713759132712992,0.030822236739687064,0.0019956907753346234,3.9005390325607685,1.8058230276532639,0.30000818335817026,2.7798928941214185,0.1791020847556802,0.2717076193445982,0.003042262593149271,0.016451854158922835,0.002068524034339874,0.04612727659885632,0.0007846391185347407,0.00036368329382859476,2.7709378141232386,0.23974778154387777,0.628935277078201,0.04783201004885969,0.0860509157230025,0.12183327071971696,6.189129518037394,0.00121987961469036,0.06039264677568947,1.4708566322092986,0.15492172556984454,0.014260862834842443,0.007541325169637922,0.0034272200456717974,0.007148346571068688,0.41224443588787324,0.01418214559374279,0.7095762313832913,0.14273997768616672,0.0,0.022812936130829777,0.14778878719780847,0.2233011723007096,0.06037354558627498,0.1496926412564976,0.0006248657580156221,0.012210348720207794,0.016205551380224458,0.16599746615054886,298.262627443315,27.825791012636934
0.012833097127540525,0.010255873161161168,0.5352616756239065,0.007540043227152528,0.011415766865064245,0.08040357952019131,0.751195093679372,0.07229335515862402,0.17749303955307993,0.11619164678399879,0.02798027772261463,0.14091097758901833,0.168617728005717,0.050079725052300995,0.03584405657466011,0.17939699829016462,0.03571677479732959,0.046632226815476484,0.06527272203637005,0.012125725128665303,2.168018247832551,0.07810715225360397,4.122441104152837,0.30670316679332715,0.0,0.1915599519133017,1.095575375408539,1.062879820234694,0.06476884114315541,0.7006153439185071,0.004027442362597697,0.1312463996064795,0.021034049016270408,0.1340307299443087,24.365515979213693,1.2834715327899398,4.609634389804082,0.417874498832212,7.0921381977284925,0.0667730711638518,0.10262893611629503,0.007576848513839365,1.3747376736211343,4.493236194043685,0.46942230092606935,8.43046760650291,0.12131459439018354,0.2218959516187752,0.007322992716081637,0.04854548095304312,0.028804157563050495,0.39535682847177,0.012500252429025997,0.0031487695586456133,0.06117873237695815,0.784998541793138,0.15937072311710337,0.09335806189570464,0.2432570632238374,0.1337361913220518,0.16193808807134008,0.005419805008326872,0.20072420051691114,0.04304825837196313,0.7816126078786058,0.1071376599372433,0.0544465095540239,0.032953804133497036,0.028422900001905265,1.6128369401731084,0.06862246747627383,4.181751651739991,0.434274155953738,0.0020436947796872084,0.32010217051065243,1.4119201116403153,0.7482598911008659,0.2211195348929842,0.5558121586217475,0.017936444322923024,0.04830118765278306,0.0396262851355418,0.26095470433577983,27.825791012636934,1.8462119148065972
