5.370495579871353,0.0008899442857706742,0.5138098960388676,0.0006472565794735547,0.00038675422662864744,0.009314892196862054,3.042428622990848,0.07201512952330076,0.1508001883567393,0.04829506480111377,0.02574560206187458,0.007014810278048049,0.0008370901643287997,3.641011983157085,0.009565013942952541,0.0008023924404271936,0.2779947370286978,0.004672253459996756,0.048880695817791316,0.00518331020010329,0.09690746578716103,0.0016806051296907848,0.38454685831599916,0.1193252234746996,0.0,0.2241855894854426,0.19067599142112476,0.163678927782898,3.4647561804754443,1.2608395196222317,0.0,0.002541566561635947,0.10070870620443911,0.24852239268813173,0.008219586563821457,0.6039433736408525,0.057556240142743395,0.16678247557254774,0.036497160318697715,0.08330259566925084,0.04119410370730901,0.001046297349760852,0.06355163659207996,0.0002124539178818522,0.004920343495701814,0.0005741003759294049,0.05998022785864246,0.0007994292343636727,0.0,0.014466180199091698,0.0,0.0,0.0,0.0,0.0035659716922640714,0.10435643020613973,0.02455076337594017,0.10417266532346874,0.0006764954279744567,0.0,0.0,0.0,0.034867071688080335,0.001159000681150692,0.0002329381479209638,0.0,0.0,0.0,0.0,0.0008847080900823363,0.003940767476771313,0.0005488971836881396,0.1662630468275687,0.0,0.0,0.0,0.091856447504071,0.020188152231327913,0.061751630634924795,0.0,0.0,0.0007581319620943459,0.00594369102634904,0.0014346288113765268,0.10427546911175932,0.05893542024767474
0.0008899442857706742,1.9718177951451783,0.09000885486542691,0.0,0.0,0.0,0.0009134746845855601,0.0,1.677028263895342,0.0001968996039685114,0.013809071555548462,0.004803582110203004,0.30198522844619813,0.003398123777524623,0.0692070423508072,0.10009064224420769,0.11158183762280856,0.005918337628836844,0.05675849530506827,0.0,0.008648121478883834,2.02910873401206,0.03180644312786994,1.198380455390413,1.4521204370475913,0.21632269508076377,10.177870680363887,0.026652770722643385,0.01067349546620418,0.011999343265411898,0.018341117811293956,0.0,0.0012618422198645359,0.06233928768900978,0.004365143424876063,0.21812377569359215,0.31079833481144753,0.12353017259216809,0.055986993444258344,0.051776763408918604,0.0,0.07896049325998318,0.1833314988053283,0.20981038503750382,0.15042503957330436,0.02974476280261713,0.0,0.0,0.023685892257259016,0.0005081332448908022,1.6392196470817944,0.23135075754319231,0.0004768609951383486,0.0,0.0,0.0029313552925148848,0.0,0.025464943543769835,0.0,0.11365466979804735,0.0,0.5439233912904703,0.0,0.0,0.025591480218215754,0.16241719747876432,0.012629451877430281,0.062194310637289,0.0,0.00462269925977058,0.2594571341696908,0.09220150784005854,0.036376353180753294,0.2587440145944751,0.8254961987464284,4.057581842446879,0.011919233620128573,0.005013036137578753,0.004165192996123698,0.0419293990770543,0.00023183842331967283,0.0007589547522365745,0.06933183258113074,0.003389542313552499,0.05845912249473387,0.009382366808535186
0.5138098960388676,0.09000885486542691,16.78723271772144,0.0015104499424039271,0.0,0.034463648352174095,1.1847822673669925,0.5794010073387114,0.014604028816685556,0.01784938191184119,0.012436999386055811,0.0,0.0026785244971383087,2.5638541029813555,0.0006176918594182283,0.07198188299134645,4.10371370299755,0.026187518981273708,0.2910267510153202,0.0,0.30292169975503136,0.02253160062591435,8.380120784139736,0.18758781737804375,0.0005379375410667339,11.84065174103309,12.654778968925708,0.2683922592151957,0.5849660102925847,1.3980207658975898,0.010488105318147086,0.0003999573912448298,0.01669089701836362,0.4246747940196024,0.040511445096944446,2.743491192126824,1.477993504338952,1.0027761417788676,0.5856557234045721,0.03570730754948379,0.0076341518836527044,0.005015717189553139,0.1987760604264588,0.2947517473890064,0.16712656355025982,0.06384330125162324,0.0031123521661344357,0.0008128817894753717,0.0,0.0,0.14527280778598559,1.9870281850458067,0.0,0.0,0.0,0.0,0.0,0.005432273004521438,0.0,0.0015317555167722408,0.0,0.0,0.0,0.0,0.15216284383567488,0.41756112355534347,0.00022271424034349993,0.020431643307312543,0.0,0.020172373314035708,0.04833337034314398,1.3292815545328343,0.00687587708013175,0.0004936701277323902,0.4958114956970585,4.709422213702095,0.0033225179623652414,0.0,0.0038858065484348343,0.0,0.0,0.0,0.11347995508007688,0.00726525690322808,0.4060216505314037,0.024131750021890247
0.0006472565794735547,0.0,0.0015104499424039271,12.268595014037587,0.0,0.23297303603883784,0.0860770390542801,0.22479989566732791,0.6266986530972044,3.5498030740802604,0.004628331179387082,6.7375262257718855,0.0031718319095892377,0.08457811090620908,0.5565465433439258,0.00022108667145868258,0.0,0.0,0.0,15.248936200951798,0.0001947326855591689,0.0009965875040858839,0.0012358032741743557,1.7665284573162665,0.0,0.0,0.00043503518018428797,4.9307822021956405,0.03105228461531689,0.0,0.0,0.0004685564411199809,0.0,0.047385418555923424,0.0008913574822417354,0.3482075055492027,0.0006950388133014248,0.05193688445771474,0.01097708205496374,2.1358610703119005,0.0329254046881536,0.0,0.02166868759142787,0.0,0.0,0.0,0.22857709894057582,0.0,0.0,0.0,0.0,0.0,0.06749464178308848,0.0,0.020517806240942835,0.012618660880322305,0.012343286551547029,0.21476442303439966,0.15048263794642375,0.0,0.09995263768710122,0.0,0.01861886088417584,0.008860563830261398,0.0,0.0,0.0,0.0,0.051706935944829516,0.0,0.001826907832678055,0.0,0.3156265677643024,0.0,0.0,0.0,0.026077249908925102,0.0,0.0,0.0,0.0,0.0,0.0,0.0,0.010906948323564822,0.15469821494143318
0.00038675422662864744,0.0,0.0,0.0,4.403025526325522,0.508682335592888,0.0070461250077478,0.01018732927964953,0.00020668002677712147,0.008653368689707034,0.03676873013750882,0.0014802222190518066,0.0033080809923679475,0.003866878907662749,0.531207835341152,0.0,0.0,0.0015360921226904626,0.0,0.0018256290968190496,0.0,0.0,0.0,0.0012219557915569322,0.0002552000173366443,0.0012245235064926986,0.0,0.0005370983201170691,0.0031318667702399114,0.002684296501334505,0.0007246754564288079,0.8008441888821174,0.0,0.0749700825919684,0.0005620488871624721,0.016015563999562284,0.0,0.017726047051619804,0.007280789493187968,0.18480663271821168,1.4638166897483864,0.0010968879161205862,0.0,0.0,0.0014388090734447523,0.00036324881097286367,0.0,0.0,0.0005632286215866852,0.0,0.0,0.0,0.0,0.0,0.0,0.0,0.0,0.0,0.0,0.0,0.0,0.0,0.0,0.0,0.0,0.0,0.0,0.0,0.0,0.0,0.0,0.0,0.0,0.0,0.0,0.0,0.0,0.0,0.0,0.0,0.0,0.0,0.0008176015358473031,0.0,0.00504737706423023,1.2124675281822372
0.009314892196862054,0.0,0.034463648352174095,0.23297303603883784,0.508682335592888,32.24205120075356,1.0717616453965932,7.474802713057435,0.04883524457764663,9.886978228911762,0.09272675590897854,3.8237764174518194,0.006382172644971447,0.15969379284988205,1.2807784583843687,0.0002375565158434572,0.0006272715225103691,0.004734548973343697,0.0012526717586186596,0.20491185781899282,0.04248723980285839,0.001289813580441721,0.09644241712125948,0.14728141459379546,0.0,0.004063537440687007,0.013564072864150121,1.228845878216202,0.10091634660639712,0.013466570970272405,0.0013983891646333249,0.8765870111591488,0.0009726464086010941,0.12139950029896919,1.5957376879000686,0.18542829671613698,0.004618416369482315,0.1259534067699186,0.043777775211583,0.7927004872733944,0.2516433549526878,0.004140628228357684,0.00626299700901343,0.0006153316554106382,0.0038880500704296136,0.0006763752294502804,0.029866147787921186,0.0,0.0016100005656019016,0.0,0.0,0.0,0.0026407937270521023,0.0,0.01591563285797831,0.01936525471909916,0.016936070910444637,0.028488823898629067,0.03500533689587011,0.0,0.006664190839959749,0.0013803028400145331,0.022730931352244993,0.005137792035968975,0.0,0.0,0.0,0.0,0.011548033033517383,0.0,0.0,0.0,0.11761659694459739,0.0,0.0,0.0,0.009177303617319,0.0,0.0,0.0,0.0,0.0,0.00398832489892522,0.602667479686648,0.14219158535899865,1.8330282108911846
3.042428622990848,0.0009134746845855601,1.1847822673669925,0.0860770390542801,0.0070461250077478,1.0717616453965932,48.116723672349295,4.083643303403588,0.9916122517233696,7.178565405225875,0.09733346810339055,0.17359022443549396,0.048471462163643404,12.672747817633322,0.10896648251046874,0.11500640544323094,0.13563023915767417,0.0005712284521293967,0.009468472975624968,0.06773733267507516,2.138483602550407,0.03457154842311037,3.139746430831635,1.8097243243694554,0.0,0.062198826683307916,0.8801065813322732,19.740668770274535,3.2001238972546204,10.04451894463509,0.0,0.014110789516731647,0.0860097814370884,1.0368676260815823,0.053409975596067034,4.400510438775845,0.11717123901468517,1.3075546932204702,0.3618997140344868,1.391905432383441,0.5451452189682892,0.005917183575972966,0.48464862437612133,0.006105943509872108,0.07632523498741177,0.005778579729364502,0.8873523456249076,0.0046226191274211376,0.0001754605614530216,0.15831150691800855,0.0007502940136007021,0.000743133979882337,0.080158812642773,0.0,0.08665108176922552,1.8247629785273416,0.44949624463126525,1.2957372573233106,0.39286027024269293,0.0,0.03278650794187944,0.00033213393429324365,0.5405400577636802,0.04436742006254563,0.001750275992624102,0.0,0.0,0.0,0.09474958698073227,0.003629467781797661,0.023013091739269236,0.004444694312432772,3.6883177745281825,0.0,0.0,0.001198023027876059,1.1783126260599377,0.198003061463011,0.3651877700630011,0.0,0.0,0.009664659622231132,0.07003010567818639,0.005660706685180549,0.915338601519326,0.8106640238310975
0.07201512952330076,0.0,0.5794010073387114,0.22479989566732791,0.01018732927964953,7.474802713057435,4.083643303403588,16.654901840801195,0.17171407363222413,2.9737175974509795,0.2983387762453554,1.0024188883992176,0.025577168715383333,5.206113503979399,0.164781551986732,0.0002435747493507431,0.008129497965995889,0.04412080523398746,0.012949823363036649,0.30578716589238986,0.32339337034714805,0.000505423546214146,0.8683262292161159,0.37544130960307937,0.0010067582719080657,0.03665518325998287,0.08071066537461657,1.0519546393894539,0.5648148900870614,0.2357657286597579,0.005692664911953813,1.042654492341313,0.005680262727757847,0.2871017225612037,0.002856688287867298,0.6231664105811408,0.021392169097679475,0.3140480983470072,0.1347774851407158,0.7376198152067057,0.17767986373924338,0.011324754264447791,0.010179179611415444,0.0004316059689760245,0.015000888945592337,0.0011700184871150327,0.060628017514282144,0.001178287263387164,0.0006835726092544447,0.0,0.0,0.0,0.028946132698523086,0.00024884495840331056,0.014748255172873152,0.17642818447000874,0.07645996192313052,0.15525837797378933,0.13990203281864969,0.0,0.011134362411972078,0.00028615166417538364,0.0877659131072748,0.0044298888439019005,0.0,0.0,0.0,0.0,0.03113831063780454,0.0,0.0005598010644865556,0.0,0.8342351269143602,0.0,0.0,0.0,0.060236306648491944,0.001376302581668901,0.0,0.0,0.0,0.0,0.008034148262838771,0.0018445728743349027,0.07121032155813828,2.312422493877996
0.1508001883567393,1.677028263895342,0.014604028816685556,0.6266986530972044,0.00020668002677712147,0.04883524457764663,0.9916122517233696,0.17171407363222413,5.203101206767905,0.27706268069375056,0.018858237776648915,0.6168115822182312,0.08301619957690433,0.2834953629272995,0.5138845245334291,0.05266772590239153,0.010135784390919505,0.0,0.0018100225008361238,0.2215030256685012,0.04100621450818264,3.211346956412067,0.045323081047383654,9.458124475452477,0.6614530088704199,0.011080749545004261,2.112206595706623,2.271805655749914,0.5301508011632625,0.24675550867795698,0.0007526818840983654,0.008094112157617179,0.02746198433742254,0.16410988324628323,0.01575654135058797,0.7458543475686932,0.045528824162810205,0.1829741566429536,0.061725259188994866,0.38725720067352004,0.0462589281203135,0.010299146241881631,0.49935824629751413,0.012853649264639827,0.19172349046206377,0.018309534625970864,0.303700481492757,0.03360180004871244,0.001422344301658249,0.108324561777509,0.014640874099805029,0.023554371032108407,0.33472240849434914,0.005542375857381879,0.06865400323134885,0.929782464381242,0.3783206817172201,1.9870146434261615,0.8470885678348928,0.0022433988066076316,0.17904783580352276,0.012964660884507314,0.3412952478800622,0.04402370740809464,0.057956537067250735,0.00454625914922796,0.0,0.0,0.1834823813048871,0.0984897866420808,0.17131828095443122,0.10302562986015637,1.971971196618618,0.017885486877424563,0.0024544874849015625,0.07249815447274614,2.374066089650552,0.34948614027481123,0.47331783086486906,0.0,0.005796523592388937,0.018827819254987086,0.12167828260510558,0.008355990262826107,0.2801283095248194,0.22199988541906887
0.04829506480111377,0.0001968996039685114,0.01784938191184119,3.5498030740802604,0.008653368689707034,9.886978228911762,7.178565405225875,2.9737175974509795,0.27706268069375056,80.69519543046134,0.1587900612910299,6.963567815200734,0.0919524682605178,2.5092166904307565,0.2171350200606845,0.0030700554939851175,0.0019068870852300347,0.0008001421917260157,0.0037583099644089724,4.959029970723148,0.03014844449796076,0.0026766960582631453,0.05070870961167078,0.5886927510764549,0.0,0.0002630229930885383,0.015864006893444586,9.41064953016861,1.4324096679581992,0.016089020270574027,0.0,0.01723457765961857,0.004950018832706798,0.8736018940564181,0.019112615616475974,3.1248270920267087,0.01725274251148929,1.3776476258585646,0.21338215475859862,3.274138778728315,0.5959878340365702,0.009334627140423197,0.10166956004733295,0.0,0.0008903886649831814,0.0,0.8706816763763058,0.0,0.0,0.0,0.0,0.0,0.07998655476548269,0.0,0.12188209342817158,0.13406628032431417,0.14060257744726498,0.26113247236178766,0.39101808245750336,0.0,0.23401565644100317,0.0,0.19249853983344498,0.06546566810114839,0.0,0.0,0.0,0.0,0.13325905103891184,0.0,0.0,0.0,1.1919973646909228,0.0038099564398835118,0.0,0.0,0.040634157620423716,0.00024535001171266396,0.0,0.0,0.0,0.0,0.01159783914828556,0.0006602773756051524,0.3091565701991144,0.711010822930784
0.02574560206187458,0.013809071555548462,0.012436999386055811,0.004628331179387082,0.03676873013750882,0.09272675590897854,0.09733346810339055,0.2983387762453554,0.018858237776648915,0.1587900612910299,22.411738365946434,0.09607741135338779,5.6882913531619375,0.7727969996875375,0.02340569804118028,0.004686408373926131,0.23078067618441986,6.635359202628867,0.7509662810425249,0.034016130426601544,0.07003759822439727,0.0051462994939180644,0.09030556612310943,0.019071797312658085,0.06546195867177021,2.2946313155958173,0.1982418893263639,0.043864840406061645,3.1431317303333266,0.053489631133531564,0.62663296287612,1.0123840023175354,0.008869235032662792,6.826025253962856,0.018137072337673713,1.0780538849666585,0.9047324952515522,2.630699293355019,0.39021214087690204,0.21459649939826594,0.1941208731842175,3.016967368120462,0.05664089659778128,0.05445433191732572,0.08696524750672556,0.007960966916851053,0.04366952159034957,0.0031344321571716437,0.043137416164993635,0.0,0.01423800813707561,0.0014022185352300634,0.0,0.0,0.003504960073142987,0.012989479723282252,0.02600815412425195,0.007329258096121585,0.009238790075747514,0.2049429008951269,0.002408395504530345,0.5078958779725089,0.008081851271013513,0.002200251114203982,0.0001926464508686523,0.000268427319678884,0.00296910186852323,0.0017215131841906007,0.004226420850061779,0.0,0.001799915936914723,0.0,0.0031799978615988985,0.16654266944514085,0.09608486226508416,0.12681774548632907,0.0108363895598922,0.0012849821266340165,0.0,0.05908702674423581,0.0011096505243519384,0.0,0.02764346452918527,0.004104300129713754,0.07288963730441468,0.23126955268228397
0.007014810278048049,0.004803582110203004,0.0,6.7375262257718855,0.0014802222190518066,3.8237764174518194,0.17359022443549396,1.0024188883992176,0.6168115822182312,6.963567815200734,0.09607741135338779,46.78560114531085,0.01413821402916079,0.2966076166088622,2.164751607296648,0.0,0.0,0.004770746789530165,0.0,11.291685400713574,0.0012358109320823678,0.007805097171004061,0.0020446149529303598,2.8017403346858183,0.0,0.0012906089001363268,0.0018238992550411346,1.7227870677050257,0.19668238125688844,0.001895538163575859,0.0,0.019162177107030567,0.0009886117622586207,0.2491949514122704,0.8925617226699886,0.4017144927860029,0.004464828092095915,0.41149549476525926,0.09436713145031393,1.3198538804160664,0.11119662224360563,0.0031998664203390635,0.015189750490741338,0.0008435264828556392,0.0016902909742722713,0.0006082146285036743,0.08248224047220858,0.0,0.0004478623476433532,0.0,0.0,0.0,0.07875165615367692,0.0,0.022196993505901857,0.026586434284396127,0.027816986794477937,0.12158696566658192,0.31213172317501237,0.0,0.428965299907462,0.0,0.025454135098884275,0.0070533095100138825,0.0,0.0,0.0,0.0,0.06234799216961607,0.0,0.0016960666052537037,0.0,0.2373082102713364,0.0,0.0,0.0,0.08122503426408638,0.0,0.0,0.0,0.0,0.0,0.0012844739723635755,0.3163526420325879,0.0987702211204287,0.3892511796885174
0.0008370901643287997,0.30198522844619813,0.0026785244971383087,0.0031718319095892377,0.0033080809923679475,0.006382172644971447,0.048471462163643404,0.025577168715383333,0.08301619957690433,0.0919524682605178,5.6882913531619375,0.01413821402916079,13.454769141841169,0.025494132585237028,0.0,0.00016862389974790773,0.007715849337962402,0.14490493250808675,0.021851315244127284,0.02773889136279188,0.0029581818877390063,0.08644334990121445,0.0021834821213005846,0.02643068189445784,3.4429672837000336,0.4874104159781678,4.425844162963078,0.024382708121809697,0.07411925681174236,0.0023094751087828712,1.2396393208495338,0.04427910230387402,0.00022611106779035626,0.2504717407290799,0.0016886630868184803,0.6064934714795979,0.9682740814458703,0.6397799357114734,0.07356211084811146,0.08853471678690199,0.011995930019410257,2.285209935875099,0.17114749518436692,0.35113564863724356,0.05204193364265591,0.004829785560009963,0.08323757816781635,0.005264403598628962,0.20357132563196928,0.0014196205369361508,0.10466382935485623,0.000533922285474046,0.0025206319853424038,0.0,0.010873063538672584,0.03765769913662029,0.046075520157419135,0.015733656139712678,0.034299655416075776,1.3637021369545574,0.009284200367526352,5.895269658997184,0.01972015402107045,0.0011797743678600443,0.0,0.004783224156003852,0.03045108025635612,0.010442967488609012,0.003502415172646771,0.0,0.024778234414677715,0.001822756450112525,0.01784279459162097,1.6502013947386578,0.7414853674461344,1.3276922236166668,0.035646572350210355,0.002494305347363985,0.0032989881026670824,0.5997739702043775,0.002358553673279194,0.0,0.018339394377653473,0.0002716751548674374,0.012993663538619778,0.011904790009193473
3.641011983157085,0.003398123777524623,2.5638541029813555,0.08457811090620908,0.003866878907662749,0.15969379284988205,12.672747817633322,5.206113503979399,0.2834953629272995,2.5092166904307565,0.7727969996875375,0.2966076166088622,0.025494132585237028,14.463316564995473,0.03848136893355631,0.004050844807355913,0.2785275906255401,0.37379964918730557,0.1957311079960361,0.11748690249196116,0.6820156036790354,0.0019648442282767372,2.6569622605578296,0.4908571852991857,0.0015176757361099803,0.6108111620342054,0.4138101934372446,0.9273893760056043,5.104208659376659,2.1056201603975095,0.01168085354222577,0.35328388249844583,0.042830793356612586,0.795326520854476,0.015649584354086647,1.2853277281696809,0.15525445494391463,0.8033819190891441,0.15036220488196975,0.3488432582967324,0.19417307338157827,0.01485320244024814,0.025894453304395947,0.0002881699211480496,0.01335754499081577,0.0015660184430358387,0.1351911830489186,0.000242499603571011,0.0009629152292041721,0.0050821693050957005,0.0006149342038584332,0.0,0.05297926169373223,0.0,0.03885647050752003,0.3402679175020893,0.21794594888757385,0.29218704046725286,0.4053489611694804,0.0,0.036760914819664946,0.0015529128830520291,0.1438646106790856,0.011461134560885577,0.0,0.0,0.0,0.0,0.057987693382401985,0.0009101854231778166,0.0029084645189352085,0.0,0.8636282733662983,0.0006494370125589609,0.0,0.0,0.19986642075404146,0.004783098076206312,0.010162024549674327,0.0,0.0,0.0007917331470843921,0.011883946543626296,0.002886261829832656,0.26328282277074355,1.4839849802457044
0.009565013942952541,0.0692070423508072,0.0006176918594182283,0.5565465433439258,0.531207835341152,1.2807784583843687,0.10896648251046874,0.164781551986732,0.5138845245334291,0.2171350200606845,0.02340569804118028,2.164751607296648,0.0,0.03848136893355631,1.2555519576153282,0.0,0.0,0.0024068273610117078,0.0019514573963947668,0.25655808267776953,0.0014038262303120077,0.07003369421063957,0.0007977962988169168,0.739342721211206,0.014140503118771427,0.0,0.08427569605089154,0.32232684882990453,0.031683949645065185,0.0041913442863876,0.0,0.039529433814255166,0.0019513031600010592,0.022166277661366664,0.000607675805843221,0.0414310182699134,0.00020683333196921684,0.024339870384764452,0.01220641964100247,0.4560773279203677,0.02091514223837992,0.0004842424342931898,0.005190891234972603,0.00025237073276845407,0.002150615764658166,0.0,0.00607653144561827,0.0,0.0,0.0010933790994269463,0.0,0.0,0.002008274932455245,0.0,0.0007225401131057841,0.021079874426033526,0.004532125420135351,0.03256752697457662,0.0016218740968392627,0.0,0.000745183456614393,0.0,0.005685504927246067,0.001078369403678842,0.007781848044087308,0.0,0.0,0.0,0.0004628934732812391,0.010343946131002282,0.01619154863148178,0.0017980232818861266,0.04794620414556923,0.0,0.0,0.0008353075258698785,0.020082407242738354,0.0010702090633841754,0.004325006527839485,0.0,0.0,0.0,0.0006571491263081302,0.0,0.005854986022585332,2.2186860132563466
0.0008023924404271936,0.10009064224420769,0.07198188299134645,0.00022108667145868258,0.0,0.0002375565158434572,0.11500640544323094,0.0002435747493507431,0.05266772590239153,0.0030700554939851175,0.004686408373926131,0.0,0.00016862389974790773,0.004050844807355913,0.0,21.690231205336094,0.06426595669447177,0.0003938775881571184,0.01337815740810869,0.0,2.4236748210677757,4.859034266639991,8.01455988712802,3.0863426195329495,0.004495727015769555,0.04383952924344365,6.3152779840341955,1.969239325284112,0.02529255518797985,0.19478281918734688,0.0,0.0,0.008664795305432757,0.053211424689825156,0.02045880005026692,1.868348160819897,0.4370591260268971,0.41435614214255656,0.2379510843096962,0.022148136273326107,0.010077413181723371,0.001961321737622551,0.26487610255763094,0.0957097652368548,0.08061391297551178,0.042923499121080705,0.007694299053611935,0.0012524714890083,0.0,0.0012248232063806976,0.02608582225692355,0.0253402194165084,0.0,0.0,0.0,0.006171350180065378,0.0,0.032066001046235415,0.0,0.00025285441849121385,0.0,0.0,0.0,0.0,4.240166318121032,0.026934987863955536,0.0,0.0,0.0,1.3196486156687128,1.3892320361851276,1.7773050502178371,0.6362764259725923,0.0005724875347332772,0.001309476074066742,1.8562624680129536,0.48488938254690717,0.011021129226863659,0.41885426353498373,0.0,0.0,0.009839135585008742,0.01924837054976641,0.004440855752346418,0.3567341094323209,0.02292568957233263
0.2779947370286978,0.11158183762280856,4.10371370299755,0.0,0.0,0.0006272715225103691,0.13563023915767417,0.008129497965995889,0.010135784390919505,0.0019068870852300347,0.23078067618441986,0.0,0.007715849337962402,0.2785275906255401,0.0,0.06426595669447177,5.294900188423581,0.2618728111317291,5.052095051047712,0.0,0.864434456091359,0.030350333958032633,5.474258077913022,0.055776068877996084,0.005873889158051791,7.021546583591523,5.437802592187042,0.07749750561013657,0.98779674637559,3.9455164343620126,0.008884582105206306,0.0013127025896393885,0.06502763458654495,2.73679437597666,0.026604051295653915,1.8613235348313992,1.7237500693521925,0.8588587682483517,0.4109030121753978,0.02491818410492469,0.011366282437959535,0.008734907668205172,0.0406360965292167,0.10069147618096826,0.04496738912130169,0.022996412791111417,0.00046880699561751806,0.0,0.0,0.0,0.06835061043054615,0.6902364448409889,0.0,0.0,0.0,0.0,0.0,0.0025095521319441743,0.0,0.0004497527359311785,0.0,0.0003306447468693862,0.0,0.0,0.01072848388949356,0.18177582959000305,0.0,0.013789819060192138,0.0,0.0015160212971575277,0.0146516660403673,0.28019879890171917,0.0010573932541342737,0.0011475322961315077,0.2828014820877105,1.441756325316788,0.0,0.0,0.000925125156278311,0.0,0.0,0.0,0.03581550586224237,0.007293277641996138,0.32236661920108434,0.005084098460777054
0.004672253459996756,0.005918337628836844,0.026187518981273708,0.0,0.0015360921226904626,0.004734548973343697,0.0005712284521293967,0.04412080523398746,0.0,0.0008001421917260157,6.635359202628867,0.004770746789530165,0.14490493250808675,0.37379964918730557,0.0024068273610117078,0.0003938775881571184,0.2618728111317291,4.5465694536767,3.1017289533866887,0.0,0.055174213511085965,0.0005762615233392661,0.05604118894937311,0.0,0.010183675036219529,3.0597199412643725,0.36463194923602565,0.00024638124398468597,0.5093105418212723,0.04599466428882129,0.15060536133800617,0.06900124929356777,0.008841249924609136,1.416400477482321,0.03236547853633439,0.6483161047260397,0.820087641952202,2.0230276604222746,0.5250357781952738,0.045351063533369686,0.023049484176593152,0.02417360010934956,0.0018687796073328482,0.007092122066817613,0.0022279875301633232,0.000861673372337324,0.0,0.0,0.00035899508199832206,0.0,0.0029848993363317984,0.0,0.0,0.0,0.0,0.0,0.0,0.0,0.0,0.01680285532719868,0.0,0.060423631294386874,0.0,0.0,0.0,0.0014807969052270675,0.0012209893023024123,0.004010845642389703,0.0,0.0,0.0,0.0,0.0,0.005731387779338925,0.08724072055512483,0.10908943182871673,0.0,0.0,0.0,0.02018683972715772,0.0,0.0,0.00024832892567710335,0.0045937759170798205,0.13878922069327965,0.06814977637723044
0.048880695817791316,0.05675849530506827,0.2910267510153202,0.0,0.0,0.0012526717586186596,0.009468472975624968,0.012949823363036649,0.0018100225008361238,0.0037583099644089724,0.7509662810425249,0.0,0.021851315244127284,0.1957311079960361,0.0019514573963947668,0.01337815740810869,5.052095051047712,3.1017289533866887,11.847727889095843,0.0,0.27833809083970595,0.007952431963949048,0.3760928688853806,0.001005186244298483,0.003959201102834311,8.803266700276108,2.961740092548162,0.007156610192386872,0.6282307672368722,0.6283965479697966,0.02688487847152475,0.007639076322842627,0.066413441305954,3.4287479506397975,0.023409942445886043,1.0483708100683375,1.1458000147033862,1.1682655729669724,0.41124605049284935,0.013025130066435344,0.015098347514089705,0.004792244019893892,0.009236533602698688,0.03296665788763071,0.022054073846127023,0.006773671870689516,0.0005601644781692253,0.0,0.0,0.0,0.037355349171351936,0.08777076856402972,0.0,0.0,0.0,0.0,0.0,0.0,0.0,0.0016396720185159516,0.0,0.007233130594563425,0.0,0.0,0.0,0.05459595111728811,0.0005953182458088227,0.013818980177863559,0.0,0.0001378893086538914,0.0015762957966849096,0.004073253745363404,0.0,0.0075562023933143764,0.3268097407875066,0.5171769014722107,0.0,0.0,0.0,0.0021946365075859228,0.0,0.0,0.01181041010350714,0.002086453706685803,0.16664875074454522,0.036130216904056475
0.00518331020010329,0.0,0.0,15.248936200951798,0.0018256290968190496,0.20491185781899282,0.06773733267507516,0.30578716589238986,0.2215030256685012,4.959029970723148,0.034016130426601544,11.291685400713574,0.02773889136279188,0.11748690249196116,0.25655808267776953,0.0,0.0,0.0,0.0,3.42350453850653,0.00017140647720354445,0.0002904250464050501,0.0,1.0261421909829325,0.0,0.0,0.0006461102947915434,0.999005956653621,0.0955860622456793,0.0004631531682577802,0.0,0.004381139888019109,0.00017723257686194527,0.10344891223449154,0.0016580122058485363,0.34175509028350687,0.0011511691775524335,0.17836912317225193,0.03300614724421833,0.8859825203713949,0.07009500774737873,0.0010541642880310662,0.023765999709317486,0.0,0.0,0.0,0.18792111897789862,0.0,0.0,0.0,0.0,0.0,0.05971531092399661,0.0,0.019375873872751317,0.024879443949046443,0.018682944157590604,0.10069682125372965,0.218187134602425,0.0,0.12792078245753105,0.0,0.03878239829565099,0.024118451948225338,0.0,0.0,0.0,0.0,0.0615268727746175,0.0,0.0006583010717157435,0.0,0.36590456484593586,0.001911458537744878,0.0,0.0,0.06075095984851793,0.0,0.0,0.0,0.0,0.0,0.006428343728469287,0.0,0.014278655847208317,0.12950800933590373
0.09690746578716103,0.008648121478883834,0.30292169975503136,0.0001947326855591689,0.0,0.04248723980285839,2.138483602550407,0.32339337034714805,0.04100621450818264,0.03014844449796076,0.07003759822439727,0.0012358109320823678,0.0029581818877390063,0.6820156036790354,0.0014038262303120077,2.4236748210677757,0.864434456091359,0.055174213511085965,0.27833809083970595,0.00017140647720354445,26.07348529580403,0.08942355856671914,22.110436554451788,0.4707061362203073,0.000516942657216007,0.24898472290696247,1.2379989163061684,5.1934581957943395,0.6298605346887024,9.397856074290928,0.0,0.0024639821758463895,0.20570337319967844,2.94353377716118,0.10610667386401319,6.813990756390686,0.7454838064566163,2.7085044640331972,1.0934573136113424,0.10531331792657839,0.06778638066920294,0.012301198909654804,0.25871535954812314,0.023973740497259928,0.02279388319119293,0.01388288817707966,0.008250371023212464,0.00032580700745078674,0.0,0.0017343114966522737,0.010402422173895932,0.0038512958735311925,0.0,0.0,0.0,0.00990546300530356,0.0,0.051892098450849904,0.0,0.0,0.0,0.00018882368445178165,0.0004620370496070146,0.0,0.45592043331362747,0.004683253903952056,0.0,0.0,0.0,1.2700820669372073,0.24376490293813224,0.26831243574287145,0.5168793767241514,0.0,0.0027885953828275267,0.1185193809077856,0.7645909363643804,0.019534146069752834,0.8772541056657285,0.0,0.0,0.015199367793982958,0.017635407635786686,0.025807524665732905,1.8546398958089665,0.15410378870100236
0.0016806051296907848,2.02910873401206,0.02253160062591435,0.0009965875040858839,0.0,0.001289813580441721,0.03457154842311037,0.000505423546214146,3.211346956412067,0.0026766960582631453,0.0051462994939180644,0.007805097171004061,0.08644334990121445,0.0019648442282767372,0.07003369421063957,4.859034266639991,0.030350333958032633,0.0005762615233392661,0.007952431963949048,0.0002904250464050501,0.08942355856671914,6.478510421791074,0.21546915389212484,6.219967853392447,0.4118465225965168,0.028228026661188687,5.580911021759191,0.35031558841056526,0.02251342792009319,0.0517824380290303,0.0021301005476600725,0.0,0.0046496796502929144,0.01591884895879607,0.001419020009916089,0.08973546404510115,0.062075633243205225,0.031931318563141076,0.01869897834665167,0.04022658596511515,0.0,0.01914754922844969,0.12044854292375942,0.05705327847304992,0.029936200345495167,0.007562468718535961,0.0028856926696038147,0.0,0.0017772177382794389,0.0004532858251300568,0.10827641410831089,0.038390949293556846,0.004273349429314938,0.0,0.0,0.013417773175315485,0.001240426028546557,0.13916475238436796,0.0103487774990414,0.01280656006536079,0.002242602114615909,0.10709072166012788,0.002459226529201691,0.0,0.9742616315658966,0.01861024312784607,0.0,0.0030402514918728505,0.0018544817171977275,0.3009173914964001,2.5601111428218326,0.2813551289824081,0.46984785856042555,0.047391263598183166,0.03206442647007406,1.3284752798148547,0.4187641812595273,0.010392804882906996,0.18947269441037895,0.00299874066811751,0.0,0.005319037430145705,0.015879780235779756,0.001110529848234284,0.027076484561895015,0.01743262493281886
0.38454685831599916,0.03180644312786994,8.380120784139736,0.0012358032741743557,0.0,0.09644241712125948,3.139746430831635,0.8683262292161159,0.045323081047383654,0.05070870961167078,0.09030556612310943,0.0020446149529303598,0.0021834821213005846,2.6569622605578296,0.0007977962988169168,8.01455988712802,5.474258077913022,0.05604118894937311,0.3760928688853806,0.0,22.110436554451788,0.21546915389212484,44.07650013725175,0.5509775072823454,0.0010737305738261363,1.6460169523225958,11.895607291496455,3.4730276048399125,0.6606557137418623,6.477054443675593,0.0013267943166381465,0.0006856402321653259,0.09323801116656606,2.770873294350729,0.2689041516352349,13.462458035551224,3.4729738006232687,5.244730294806893,2.716759481642191,0.21140239393023016,0.07883345313628558,0.04077064071661866,0.3108120674744553,0.15418400335152035,0.14848044466720667,0.09497344514099583,0.01616139165494703,0.0015455365900113754,0.0,0.0,0.017996581288467175,0.11169148782591566,0.0,0.0,0.0,0.0025583951759479712,0.0,0.048441854583808806,0.0,0.0,0.0,0.0,0.0,0.0,3.0712356134244376,0.036512098091373735,0.0,0.0001918820813750705,0.0,1.104162144661263,0.38362915293742655,2.7327182984726766,0.22019936726426775,0.0006000363380726243,0.011181354153650567,2.333055527031209,0.15000460052507722,0.004165879095671051,0.27201200216447036,0.0,0.0,0.0066655414743854915,0.03844395648739041,0.0651951972717797,3.8028726705113853,0.27833719862603273
0.1193252234746996,1.198380455390413,0.18758781737804375,1.7665284573162665,0.0012219557915569322,0.14728141459379546,1.8097243243694554,0.37544130960307937,9.458124475452477,0.5886927510764549,0.019071797312658085,2.8017403346858183,0.02643068189445784,0.4908571852991857,0.739342721211206,3.0863426195329495,0.055776068877996084,0.0,0.001005186244298483,1.0261421909829325,0.4707061362203073,6.219967853392447,0.5509775072823454,28.073712286106897,0.2766237873369827,0.08012991917204994,3.767213196767145,14.405244260000071,0.5641269341647727,0.4712607921630751,0.0,0.005297513636030676,0.051140503156509226,0.23122549529167133,0.006427923107150616,1.0371676006250476,0.06716846954856222,0.28252243766057267,0.09708736735938701,1.533205598849899,0.06278809443437432,0.002006761460273497,0.9229533255354005,0.03585951218379776,0.23349554752676085,0.02739316636939944,0.9152852053405226,0.02602232249159409,0.0,0.15122553742278372,0.023186891220832007,0.01164047921328284,0.6023358395220129,0.0012352086529329532,0.1624210245826205,2.1875205927419845,1.216986485835672,1.9146326373631977,2.549119007463929,0.0,0.41749341510179133,0.0,0.7831451855059701,0.05728981007899048,0.21402062416431183,0.003434342619263333,0.0,0.0,0.43676559016672134,0.3375993910471263,0.4953389723983215,0.15272530147133553,4.741066637980017,0.002079055824470878,0.00017070886016253107,0.1365793673220919,4.568051349036755,0.39548717730314376,1.1700124478314702,0.0,0.001014147565013361,0.04095834460662384,0.13362936889540347,0.002869587733725356,0.22194811803441633,0.35112551935690395
0.0,1.4521204370475913,0.0005379375410667339,0.0,0.0002552000173366443,0.0,0.0,0.0010067582719080657,0.6614530088704199,0.0,0.06546195867177021,0.0,3.4429672837000336,0.0015176757361099803,0.014140503118771427,0.004495727015769555,0.005873889158051791,0.010183675036219529,0.003959201102834311,0.0,0.000516942657216007,0.4118465225965168,0.0010737305738261363,0.2766237873369827,3.3330696241907525,0.19582199312656887,2.689562767446635,0.0009443926978923036,0.0027283722831787306,0.00018533437398143292,0.05402149124852518,0.00017084030662199408,0.0,0.02342034753344074,0.0009510544529783996,0.054622046927540364,0.4061657555128125,0.051985994915866376,0.014324678183500862,0.015885731055191234,0.0,0.41370672160981625,0.031190946098404174,0.17270410990015256,0.06588516081573471,0.0068981023508734645,0.00038575639508821503,0.0,0.08664929966988333,0.0,0.08724202215443391,0.003058117893626158,0.0,0.0,0.0,0.0,0.0,0.011977614239362076,0.0,0.3670726753131956,0.0,1.9417615715619583,0.0,0.0,0.00017512089341151967,0.013451890417537023,0.026796594517922535,0.027592998719336553,0.0,0.0,0.010404029954746447,0.0005003282437805979,0.0002873098339306304,1.315496583320499,0.6444269665465239,1.339803919358754,0.0,0.002045901260928806,0.0,0.16638827765103514,0.0,0.0,0.018919815247782582,0.00044802187718308284,0.005777714005926795,0.0
0.2241855894854426,0.21632269508076377,11.84065174103309,0.0,0.0012245235064926986,0.004063537440687007,0.062198826683307916,0.03665518325998287,0.011080749545004261,0.0002630229930885383,2.2946313155958173,0.0012906089001363268,0.4874104159781678,0.6108111620342054,0.0,0.04383952924344365,7.021546583591523,3.0597199412643725,8.803266700276108,0.0,0.24898472290696247,0.028228026661188687,1.6460169523225958,0.08012991917204994,0.19582199312656887,47.05214347517153,11.420111478836416,0.032500602127182913,1.0855766819478714,1.0345723825148194,1.2646865130747458,0.058442143920204186,0.04298395210500146,2.330631294286758,0.12161178471365218,4.643973748497038,5.494082349464073,4.543624489007403,1.7769345919949562,0.0680096023286575,0.031013788605798752,0.08007543261742006,0.19775164131555356,0.6082739829760054,0.36927126984423303,0.07657615218797635,0.0027628934218478776,0.001216677226195138,0.0025259964418004694,0.0,0.36610770016799943,1.222370062350167,0.0,0.0,0.0,0.0,0.0,0.0020106820641231453,0.0,0.2505383311648201,0.0,1.3336365605293596,0.0,0.0,0.0020129643412587963,0.7768432574324956,0.08925769412367127,0.3116575241912258,0.0,0.0002684553047379268,0.028816994050724094,0.117164226037306,0.0,0.325136338146976,5.207603377110731,8.275613055039857,0.0,0.0,0.0,0.631182521750521,0.0,0.0,0.163692539254917,0.012618964648091069,0.6979992331729573,0.07486561459936106
0.19067599142112476,10.177870680363887,12.654778968925708,0.00043503518018428797,0.0,0.013564072864150121,0.8801065813322732,0.08071066537461657,2.112206595706623,0.015864006893444586,0.1982418893263639,0.0018238992550411346,4.425844162963078,0.4138101934372446,0.08427569605089154,6.3152779840341955,5.437802592187042,0.36463194923602565,2.961740092548162,0.0006461102947915434,1.2379989163061684,5.580911021759191,11.895607291496455,3.767213196767145,2.689562767446635,11.420111478836416,59.88944015860713,2.6900274866019434,0.6764832865144568,1.032774245748863,1.8994567167970213,0.014384111305611683,0.05834375640458028,3.7818579503754024,0.2342972990921825,12.08467165651072,4.8354263691588715,5.870924486730239,2.9969718850319143,0.20814262631193733,0.04353143315158192,0.09683716506435684,0.9859953205197627,1.843975233341443,1.1127416840356894,0.3133669401597491,0.009985472534160655,0.002661752306292523,0.015081147485112719,0.0,2.4755485869034324,3.2867159281109863,0.0,0.0,0.0,0.0005579760563541784,0.0,0.06163926177645156,0.0,0.26002177849954267,0.0,1.8606201534808564,0.0,0.0,2.0092856998564215,1.1786696871587095,0.09927844801234516,0.431682967954567,0.0,0.3503226825250115,1.2904522692311835,4.445613186212054,0.19712629990443173,0.890489423044053,7.227401811771586,34.41247710932939,0.053848999296555344,0.0036147044623924835,0.08484222394430327,0.6918296880292027,0.0010101530041512906,0.0017733325200911395,0.4629864709774116,0.03876485323197054,2.0025852394854984,0.09427226497953177
0.163678927782898,0.026652770722643385,0.2683922592151957,4.9307822021956405,0.0005370983201170691,1.228845878216202,19.740668770274535,1.0519546393894539,2.271805655749914,9.41064953016861,0.043864840406061645,1.7227870677050257,0.024382708121809697,0.9273893760056043,0.32232684882990453,1.969239325284112,0.07749750561013657,0.00024638124398468597,0.007156610192386872,0.999005956653621,5.1934581957943395,0.35031558841056526,3.4730276048399125,14.405244260000071,0.0009443926978923036,0.032500602127182913,2.6900274866019434,47.37972496734516,1.1351038060413015,6.605198515059642,0.0,0.0008379854656704224,0.16466994320932385,0.6431186135506146,0.05557597249564331,4.2077072809130565,0.151248369947252,0.8311303971357982,0.31054290581653504,2.198577609425338,0.18237148615606158,0.0028643182843372623,0.9890095047745724,0.03360814428855333,0.14230141680334638,0.020726818315131384,0.8215489355135104,0.007023064608442473,0.0,0.15363578915520584,0.006199042645759061,0.0017974502008083842,0.12020296897031098,0.0,0.05767619932359676,1.3582956316710046,0.2515473361934236,1.899429871467494,0.24374822135565374,0.0,0.13212697695913792,0.0,0.3472903290931467,0.050634674047486304,0.07440323639914166,0.0,0.0,0.0,0.12576496905628332,0.224879607444469,0.27851717220709904,0.047662581502451985,4.173075063945102,0.0028279598113670006,0.0,0.008829775278484381,2.14378906870949,0.3432619543400309,1.567879543329774,0.0,0.0,0.04796172239992527,0.10214319297081184,0.008427976068467498,0.6726229434413669,0.33935681075293506
3.4647561804754443,0.01067349546620418,0.5849660102925847,0.03105228461531689,0.0031318667702399114,0.10091634660639712,3.2001238972546204,0.5648148900870614,0.5301508011632625,1.4324096679581992,3.1431317303333266,0.19668238125688844,0.07411925681174236,5.104208659376659,0.031683949645065185,0.02529255518797985,0.98779674637559,0.5093105418212723,0.6282307672368722,0.0955860622456793,0.6298605346887024,0.02251342792009319,0.6606557137418623,0.5641269341647727,0.0027283722831787306,1.0855766819478714,0.6764832865144568,1.1351038060413015,27.567280843006323,4.699942944448457,0.05201467596234758,0.4110761392681317,4.055871798382865,4.850709391155826,0.025723692750291197,1.7880301996826444,0.18928499549495081,1.1151354798427398,0.29168730943002324,0.25684215984529574,0.2868472506087502,0.04634258544770496,0.1411083237528596,0.00762824737926888,0.045626904749480876,0.003141324176362202,0.03525441460566643,0.0002798801928395945,0.002546129706852177,0.011350234427906065,0.004335663027577466,0.0,0.0,0.0004071684940201518,0.0010248846872068825,0.09077257697784456,0.002782722576056574,0.27509638293326955,0.0,0.001386132787005923,0.00030330687294835064,0.0029249706189196797,0.01226966212512795,0.0,0.002031860370186604,0.0003634625217433665,0.0,0.0,0.0,0.011248855022758662,0.02812294614621426,0.00361232536479424,0.3387394295962871,0.0022765895522334828,0.0010639841031184938,0.00510057962661303,0.2117136995432351,0.030948792399474987,0.19854003595781866,0.0,0.0,0.011928098892298,0.02183489186180202,0.009524004019897194,0.4206452078957132,0.5812919145263865
1.2608395196222317,0.011999343265411898,1.3980207658975898,0.0,0.002684296501334505,0.013466570970272405,10.04451894463509,0.2357657286597579,0.24675550867795698,0.016089020270574027,0.053489631133531564,0.001895538163575859,0.0023094751087828712,2.1056201603975095,0.0041913442863876,0.19478281918734688,3.9455164343620126,0.04599466428882129,0.6283965479697966,0.0004631531682577802,9.397856074290928,0.0517824380290303,6.477054443675593,0.4712607921630751,0.00018533437398143292,1.0345723825148194,1.032774245748863,6.605198515059642,4.699942944448457,21.833972357844274,0.00018128919741055666,0.002019045761696677,1.3210698716162321,4.100605064745264,0.08688874710087845,6.0739512536713836,0.4829560670041516,2.0113525508624273,0.6916519578966142,0.18365249234586595,0.12142613287343615,0.0063670233302444874,0.6505915243582244,0.03387558828383272,0.09214251457593134,0.011366640913823119,0.10847521841166563,0.002380812651068806,0.0,0.03990946616203033,0.008344388764986688,0.00420270361054401,0.0,0.0,0.0015200510721438086,0.3178580130298501,0.006982308548100902,0.32110913500477545,0.0014774798180447726,0.0,0.0,0.0,0.037107570267259964,0.002110633005994085,0.06634217577250862,0.001286813567409123,0.0,0.0,0.0,0.36709013909277716,0.09662225235762284,0.04786892396864396,0.839866690934364,0.0,0.0007131134611420724,0.01448903384713331,1.2849104381389973,0.17170373268730713,1.4697966907149498,0.0,0.0,0.03890078464021957,0.047047900609938256,0.02271558884994096,1.3803049838734496,0.1292299871353379
0.0,0.018341117811293956,0.010488105318147086,0.0,0.0007246754564288079,0.0013983891646333249,0.0,0.005692664911953813,0.0007526818840983654,0.0,0.62663296287612,0.0,1.2396393208495338,0.01168085354222577,0.0,0.0,0.008884582105206306,0.15060536133800617,0.02688487847152475,0.0,0.0,0.0021301005476600725,0.0013267943166381465,0.0,0.05402149124852518,1.2646865130747458,1.8994567167970213,0.0,0.05201467596234758,0.00018128919741055666,0.3956363211757726,0.02340808561761427,0.0002200197349563402,0.09104187799743808,0.0013409040305312433,0.10328591764454509,0.7884876585484092,0.4397440735239308,0.08874710555742872,0.0031690187862701215,0.0036091037257774206,0.16873134323598926,0.0006594190037591251,0.05409828902625612,0.007153348646479812,0.0006669040023356088,0.0,0.0,0.0016465644420440542,0.0,0.015141032387038362,0.0,0.0,0.0,0.0,0.0,0.0,0.0,0.0,0.17476307149652337,0.0,0.9435404099172503,0.0,0.0,0.0,0.0010488966642882443,0.007640709822011417,0.006229398874933954,0.0,0.0,0.0008561476832207874,0.0,0.0,0.11766431030626374,0.40634573879798014,0.5651761975264545,0.0,0.0,0.0,0.24091788395376493,0.0,0.0,0.0012760217003627968,0.0,0.014279930846008194,0.0029303735242023
0.002541566561635947,0.0,0.0003999573912448298,0.0004685564411199809,0.8008441888821174,0.8765870111591488,0.014110789516731647,1.042654492341313,0.008094112157617179,0.01723457765961857,1.0123840023175354,0.019162177107030567,0.04427910230387402,0.35328388249844583,0.039529433814255166,0.0,0.0013127025896393885,0.06900124929356777,0.007639076322842627,0.004381139888019109,0.0024639821758463895,0.0,0.0006856402321653259,0.005297513636030676,0.00017084030662199408,0.058442143920204186,0.014384111305611683,0.0008379854656704224,0.4110761392681317,0.002019045761696677,0.02340808561761427,5.442525088029754,0.0011137371884052645,0.9954574712123029,0.0019454383787177029,0.31151405786709263,0.01718787642833846,0.4363556579398254,0.20477292240334602,0.1683111426243866,1.9586995588853258,0.03847979046105136,0.003416993769565184,0.0017828943188154635,0.03518043226700583,0.002853878828091374,0.0,0.0010887429896631674,0.004539725593648341,0.0,0.0,0.0,0.0,0.0,0.0,0.0,0.0,0.0025923723703477892,0.0,0.0014508385564472182,0.0,0.0019887739042891,0.0,0.0,0.0,0.0,0.0,0.0,0.0,0.0,0.0,0.0,0.0,0.0007522826436588481,0.0,0.0,0.0,0.0,0.0,0.0,0.0,0.0,0.020045214437626916,0.0010663963563952703,0.017825652480933856,0.9117995101746722
0.10070870620443911,0.0012618422198645359,0.01669089701836362,0.0,0.0,0.0009726464086010941,0.0860097814370884,0.005680262727757847,0.02746198433742254,0.004950018832706798,0.008869235032662792,0.0009886117622586207,0.00022611106779035626,0.042830793356612586,0.0019513031600010592,0.008664795305432757,0.06502763458654495,0.008841249924609136,0.066413441305954,0.00017723257686194527,0.20570337319967844,0.0046496796502929144,0.09323801116656606,0.051140503156509226,0.0,0.04298395210500146,0.05834375640458028,0.16466994320932385,4.055871798382865,1.3210698716162321,0.0002200197349563402,0.0011137371884052645,0.8819397073249925,1.2198914758208341,0.008729489618643668,0.1196105030318051,0.016013426475267073,0.17462444376949468,0.0455490812409189,0.006006384567122885,0.010666780399825649,0.000642641715809771,0.011486766644986183,0.000954861560504966,0.0009482365511246798,0.00015411595013282327,0.0,0.0,0.0,0.0015933708486031198,0.0008212684117623329,0.0010128067449625112,0.0,0.0,0.0,0.002121276297372302,0.0004319742347092089,0.014548309363370883,0.0,0.0,0.0,0.0,0.000340837312160934,0.0,0.0019272865391642803,0.0,0.0,0.0,0.0,0.007225869243658856,0.0047907553715867655,0.001926552311196638,0.025417610835268688,0.0,0.0,0.0013303666388313551,0.03293974233814711,0.0016651113071244204,0.037704283379571206,0.0,0.0,0.0008390804852530309,0.0009087198343632929,0.0,0.07136739596030532,0.005377500068637206
0.24852239268813173,0.06233928768900978,0.4246747940196024,0.047385418555923424,0.0749700825919684,0.12139950029896919,1.0368676260815823,0.2871017225612037,0.16410988324628323,0.8736018940564181,6.826025253962856,0.2491949514122704,0.2504717407290799,0.795326520854476,0.022166277661366664,0.053211424689825156,2.73679437597666,1.416400477482321,3.4287479506397975,0.10344891223449154,2.94353377716118,0.01591884895879607,2.770873294350729,0.23122549529167133,0.02342034753344074,2.330631294286758,3.7818579503754024,0.6431186135506146,4.850709391155826,4.100605064745264,0.09104187799743808,0.9954574712123029,1.2198914758208341,8.473422349056822,0.06331071761748054,2.085531495541186,0.7242959833656234,2.597289303893452,0.4399717389019926,0.18230501419122147,1.5988738669057014,0.6387113015060621,0.0727108697764707,0.03406416852032561,0.17473595920619361,0.009012478995652511,0.024634303825276597,0.004582726254218153,0.031967169420957633,0.003516210581489704,0.06606144400804537,0.08334472922183277,0.0,0.0,0.000849260993934206,0.025814994471019884,0.008818584465062177,0.08967043041917565,0.001192194833014026,0.008916596485887487,0.003922807562771677,0.046197863986322446,0.005370355987872798,0.000862998913330105,0.007624623546923193,0.025087686911964766,0.0014214588269441826,0.008161670479414362,0.0,0.015226285230375069,0.004254156200040312,0.05498735488258815,0.11065806432622105,0.014498918564522742,0.1723368971231915,0.5140319416396927,0.04515169907548576,0.012088592225697593,0.05627222252043432,0.00419387182487475,0.0034243474442087326,0.0010103766150652705,0.05393988546856385,0.01825758634315204,0.24881042270848974,0.27576426979440416
0.008219586563821457,0.004365143424876063,0.040511445096944446,0.0008913574822417354,0.0005620488871624721,1.5957376879000686,0.053409975596067034,0.002856688287867298,0.01575654135058797,0.019112615616475974,0.018137072337673713,0.8925617226699886,0.0016886630868184803,0.015649584354086647,0.000607675805843221,0.02045880005026692,0.026604051295653915,0.03236547853633439,0.023409942445886043,0.0016580122058485363,0.10610667386401319,0.001419020009916089,0.2689041516352349,0.006427923107150616,0.0009510544529783996,0.12161178471365218,0.2342972990921825,0.05557597249564331,0.025723692750291197,0.08688874710087845,0.0013409040305312433,0.0019454383787177029,0.008729489618643668,0.06331071761748054,139.26963556458566,1.3958846430362901,0.5552066198441868,0.16916671677318137,0.44441458889611374,0.020359810953895087,0.10583493325547431,0.06888525255937362,0.37972949456893484,0.23216641085823014,0.05975423841068384,0.24450137137685843,0.019397707009592147,0.030349838264710112,0.0044914347276965635,0.0009011684876717875,0.007789874622171155,0.017357220293966146,0.0,0.0009218019672749109,0.7887071426341422,0.008829708231968146,0.0013320463182486192,0.005562188200950883,0.0025610812515099897,0.002563924259049339,0.0442650849749833,0.001173189302127957,0.0023891966512880683,0.0005626419645696195,0.0016110198147794635,0.007555021482635504,0.0061028445199100174,0.005422079410007071,0.0,0.023146608480468896,0.002292590218036439,0.059416683829266716,0.000848137156112161,0.0004359529651438407,0.02570988231969587,0.05645845778296713,0.0019193522603141592,0.01045086828095897,0.012613387657117137,0.0,0.006102990865595311,0.0013862034358020855,0.03242706470685156,76.2697416014416,20.231293074633406,0.07427776758014687
0.6039433736408525,0.21812377569359215,2.743491192126824,0.3482075055492027,0.016015563999562284,0.18542829671613698,4.400510438775845,0.6231664105811408,0.7458543475686932,3.1248270920267087,1.0780538849666585,0.4017144927860029,0.6064934714795979,1.2853277281696809,0.0414310182699134,1.868348160819897,1.8613235348313992,0.6483161047260397,1.0483708100683375,0.34175509028350687,6.813990756390686,0.08973546404510115,13.462458035551224,1.0371676006250476,0.054622046927540364,4.643973748497038,12.08467165651072,4.2077072809130565,1.7880301996826444,6.0739512536713836,0.10328591764454509,0.31151405786709263,0.1196105030318051,2.085531495541186,1.3958846430362901,5.876986512174439,10.460615320116183,3.2872573453932015,2.0764430884488454,2.269584688242407,0.9007242221393904,1.0328559286102623,0.7783668048726403,0.2705226743497169,0.2155031197773261,0.08506788091652717,0.25492877472492664,0.12284678993579011,0.017744933290678014,0.0636798386593496,0.12085016738644165,0.33783435537948636,0.0447026229432963,0.0037476697974572213,0.046727986638387904,0.37761226083831856,0.11382570222626559,0.5044668874222725,0.4801016436069064,0.0059661780382603375,0.07240733760174223,0.014175307122183567,0.11571651450489043,0.012196954993562333,0.1561525356650543,0.12496005601237016,0.005489498394636371,0.021756513148782703,0.05132439873822747,0.18399553747579114,0.09415091230447314,0.3760864408128892,0.81898533298462,0.031410085284212914,0.27660262106302425,1.4161086994489815,0.7604900443713127,0.15335212939880302,0.7051929361397972,0.001615184258672902,0.015929051424231074,0.024855873386035593,0.5844793392477229,0.3981293546365105,2.066534418973309,1.1276907257583422
0.057556240142743395,0.31079833481144753,1.477993504338952,0.0006950388133014248,0.0,0.004618416369482315,0.11717123901468517,0.021392169097679475,0.045528824162810205,0.01725274251148929,0.9047324952515522,0.004464828092095915,0.9682740814458703,0.15525445494391463,0.00020683333196921684,0.4370591260268971,1.7237500693521925,0.820087641952202,1.1458000147033862,0.0011511691775524335,0.7454838064566163,0.062075633243205225,3.4729738006232687,0.06716846954856222,0.4061657555128125,5.494082349464073,4.8354263691588715,0.151248369947252,0.18928499549495081,0.4829560670041516,0.7884876585484092,0.01718787642833846,0.016013426475267073,0.7242959833656234,0.5552066198441868,10.460615320116183,1.2304504357429582,7.3669478603525915,5.16652578484705,0.11562892407594322,0.10203247127321506,0.6751302841900273,0.11439366806650718,0.1186594190009225,0.07283042933705218,0.07060496999476681,0.00839377766467367,0.005145573058637626,0.0059602653000938345,0.0,0.08659538612281535,0.2333545031477531,0.0,0.0,0.0005595687541890709,0.00036679423859313243,0.00036329863025923387,0.0038755552194203544,0.0,0.09661854769452645,0.0,0.3921696940170861,0.00027693889451931535,0.0,0.05084808042533556,0.07542943960657089,0.008723395234899095,0.023477089936234125,0.0,0.02789413351550874,0.030404812315637762,0.16594640040572586,0.013928700882735146,0.08163829739915676,0.4743604305784295,1.4887637896116122,0.01841019404073322,0.0015323240521157848,0.017841335398691215,0.09053850734644608,0.0,0.0004800833938196481,0.021639485145558492,0.1808691658120466,2.709673807852488,0.05814251397034612
0.16678247557254774,0.12353017259216809,1.0027761417788676,0.05193688445771474,0.017726047051619804,0.1259534067699186,1.3075546932204702,0.3140480983470072,0.1829741566429536,1.3776476258585646,2.630699293355019,0.41149549476525926,0.6397799357114734,0.8033819190891441,0.024339870384764452,0.41435614214255656,0.8588587682483517,2.0230276604222746,1.1682655729669724,0.17836912317225193,2.7085044640331972,0.031931318563141076,5.244730294806893,0.28252243766057267,0.051985994915866376,4.543624489007403,5.870924486730239,0.8311303971357982,1.1151354798427398,2.0113525508624273,0.4397440735239308,0.4363556579398254,0.17462444376949468,2.597289303893452,0.16916671677318137,3.2872573453932015,7.3669478603525915,2.3860690037310808,3.0500265819838788,0.18981432695646588,0.5887147178652323,2.217416923947664,0.07992158914178067,0.11330198132799345,0.3643703587495887,0.07144245762290014,0.03355955073306628,0.010676818875755315,0.04331395661400297,0.0035365508918687814,0.09766174402038479,0.20007637020518154,0.0,0.0005683606207154317,0.0027989174464067403,0.02250424934759112,0.003259331607642313,0.0941583785074801,0.0,0.017532402818221365,0.002306467437842261,0.07983045903170732,0.00576593486912677,0.0,0.0692599889307674,0.07135084583653939,0.006156845305866148,0.01969621139400405,0.0,0.033262650870299226,0.02141559216325567,0.23418026930007083,0.11155813351813439,0.042784334458299975,0.45832718258848176,1.4471167460818326,0.03951388271053688,0.011971818710072473,0.03871480090014392,0.029955210397610163,0.007828135270481233,0.0003194159012128536,0.09605958623082211,0.07585664113894285,1.1417481322923775,0.23749738320540384
0.036497160318697715,0.055986993444258344,0.5856557234045721,0.01097708205496374,0.007280789493187968,0.043777775211583,0.3618997140344868,0.1347774851407158,0.061725259188994866,0.21338215475859862,0.39021214087690204,0.09436713145031393,0.07356211084811146,0.15036220488196975,0.01220641964100247,0.2379510843096962,0.4109030121753978,0.5250357781952738,0.41124605049284935,0.03300614724421833,1.0934573136113424,0.01869897834665167,2.716759481642191,0.09708736735938701,0.014324678183500862,1.7769345919949562,2.9969718850319143,0.31054290581653504,0.29168730943002324,0.6916519578966142,0.08874710555742872,0.20477292240334602,0.0455490812409189,0.4399717389019926,0.44441458889611374,2.0764430884488454,5.16652578484705,3.0500265819838788,0.3792680246701218,0.3182529749410237,0.4567418733482991,0.4391470539482668,0.0849603090083914,0.17245600456088395,0.8881299349957237,0.25779663674601827,0.040122012513925075,0.039408882548459645,0.07032190232330635,0.0006933991387956188,0.04474699122046857,0.10559313711345973,0.0,0.004760041009622557,0.008750068341141356,0.008678996963232639,0.028124433863319812,0.035430056261328155,0.0029093696346517437,0.013882001771163987,0.00351967060811981,0.056545373642113296,0.018556166326431835,0.0,0.03924123468278278,0.033709207379215525,0.004671374025840523,0.012793391882068423,0.0,0.031513919937195864,0.006569323327701771,0.15303528542743866,0.018794237012598306,0.013913578658623532,0.1679705538327829,0.65004090736768,0.01145888518212275,0.04505874200910835,0.014606439072779902,0.006164995366185115,0.04415303928022823,0.0005293478800698755,0.09012385939204853,0.2936799522319672,1.7932152823882634,0.23049639809789255
0.08330259566925084,0.051776763408918604,0.03570730754948379,2.1358610703119005,0.18480663271821168,0.7927004872733944,1.391905432383441,0.7376198152067057,0.38725720067352004,3.274138778728315,0.21459649939826594,1.3198538804160664,0.08853471678690199,0.3488432582967324,0.4560773279203677,0.022148136273326107,0.02491818410492469,0.045351063533369686,0.013025130066435344,0.8859825203713949,0.10531331792657839,0.04022658596511515,0.21140239393023016,1.533205598849899,0.015885731055191234,0.0680096023286575,0.20814262631193733,2.198577609425338,0.25684215984529574,0.18365249234586595,0.0031690187862701215,0.1683111426243866,0.006006384567122885,0.18230501419122147,0.020359810953895087,2.269584688242407,0.11562892407594322,0.18981432695646588,0.3182529749410237,0.984450171187097,0.17072782483081997,0.019998690502233147,0.16981716041468542,0.022355946460294124,0.05162916096902537,0.01885335029145985,0.4480949180279005,0.026251976597737422,0.00230858696299049,0.04672877879689808,0.0011407858384564632,0.014139150781226906,0.22381765584815821,0.0019044616603514787,0.1179204403612127,0.7058359224247122,0.44256099541047556,0.34690643534634064,1.6965490376403507,0.0008277749870004514,0.3238336587174505,0.0018524544912831963,0.25664520945408154,0.03645602092185996,0.009074381198843877,0.014144838401403141,0.0003301727011668062,0.0054812244232394286,0.22655620835820708,0.008050055428648084,0.015362827837704787,0.011607113904112221,1.0171410621464536,0.00322756585779219,0.02036906342214628,0.04286188434061898,0.712357169822497,0.04474759395296617,0.07119969843462662,0.0,0.0008467657411872182,0.001145130947715744,0.10981153624974062,0.029735026097273756,0.0497580869666833,0.964727352312059
0.04119410370730901,0.0,0.0076341518836527044,0.0329254046881536,1.4638166897483864,0.2516433549526878,0.5451452189682892,0.17767986373924338,0.0462589281203135,0.5959878340365702,0.1941208731842175,0.11119662224360563,0.011995930019410257,0.19417307338157827,0.02091514223837992,0.010077413181723371,0.011366282437959535,0.023049484176593152,0.015098347514089705,0.07009500774737873,0.06778638066920294,0.0,0.07883345313628558,0.06278809443437432,0.0,0.031013788605798752,0.04353143315158192,0.18237148615606158,0.2868472506087502,0.12142613287343615,0.0036091037257774206,1.9586995588853258,0.010666780399825649,1.5988738669057014,0.10583493325547431,0.9007242221393904,0.10203247127321506,0.5887147178652323,0.4567418733482991,0.17072782483081997,0.5661759404317193,0.05155825063998526,0.013814285843493555,0.028089643693152675,0.05472851590087983,0.02041387094466966,0.002187499190285889,0.0015008956668084324,0.011074214506853655,0.00036814587773642207,0.000811414901879646,0.0023368152126867193,0.0,0.00038574289266480645,0.0,0.001436139330668947,0.0008138608009410701,0.027587707006878306,0.0,0.0008728837409934009,0.0,0.005455482420590382,0.002043497927583284,0.0,0.00022917023663077265,0.0013711297567009536,0.0003159266887637278,0.00046998372814178806,0.0,0.005075637170823811,0.0022648341610746244,0.003815622287095666,0.015123439280706233,0.0,0.004458738964739398,0.008124105548984071,0.0006981352792170269,0.0,0.0,0.0,0.00020732927034479762,0.0,0.019253646860640072,0.04860535934971318,0.21490132730328257,0.305544203052774
0.001046297349760852,0.07896049325998318,0.005015717189553139,0.0,0.0010968879161205862,0.004140628228357684,0.005917183575972966,0.011324754264447791,0.010299146241881631,0.009334627140423197,3.016967368120462,0.0031998664203390635,2.285209935875099,0.01485320244024814,0.0004842424342931898,0.001961321737622551,0.008734907668205172,0.02417360010934956,0.004792244019893892,0.0010541642880310662,0.012301198909654804,0.01914754922844969,0.04077064071661866,0.002006761460273497,0.41370672160981625,0.08007543261742006,0.09683716506435684,0.0028643182843372623,0.04634258544770496,0.0063670233302444874,0.16873134323598926,0.03847979046105136,0.000642641715809771,0.6387113015060621,0.06888525255937362,1.0328559286102623,0.6751302841900273,2.217416923947664,0.4391470539482668,0.019998690502233147,0.05155825063998526,3.2502235180110075,0.020090644051839295,0.08269410383672941,0.09171882423726752,0.016513927665242234,0.0009684424744076158,0.003769892470636527,0.041623084888492395,0.0,0.012376891669638627,0.0,0.0,0.0,0.0,0.00034211379353182,0.0029249746500424594,0.0027870836015118686,0.0002977944779601244,0.20788705350763861,0.0,0.34570619956288096,0.0006928074336855883,0.0,0.0,0.0,0.005089493916446748,0.0004806806861393613,0.0,0.0,0.005112151901875468,0.0,0.0007024924695919875,0.07358583753442469,0.08715706270086925,0.06985454262329263,0.0003459187078335305,0.0015332001290451341,0.0003701734712305374,0.06026262646174269,0.001308318823260459,0.0,0.04264127317011106,0.011187086226451187,0.10879377926150126,0.013433981315288637
0.06355163659207996,0.1833314988053283,0.1987760604264588,0.02166868759142787,0.0,0.00626299700901343,0.48464862437612133,0.010179179611415444,0.49935824629751413,0.10166956004733295,0.05664089659778128,0.015189750490741338,0.17114749518436692,0.025894453304395947,0.005190891234972603,0.26487610255763094,0.0406360965292167,0.0018687796073328482,0.009236533602698688,0.023765999709317486,0.25871535954812314,0.12044854292375942,0.3108120674744553,0.9229533255354005,0.031190946098404174,0.19775164131555356,0.9859953205197627,0.9890095047745724,0.1411083237528596,0.6505915243582244,0.0006594190037591251,0.003416993769565184,0.011486766644986183,0.0727108697764707,0.37972949456893484,0.7783668048726403,0.11439366806650718,0.07992158914178067,0.0849603090083914,0.16981716041468542,0.013814285843493555,0.020090644051839295,4.134526299025166,14.292949021664915,3.5235683040666705,1.6471300097460753,3.8818397005861525,1.7590663653682954,0.3227384330084642,0.4402815319250101,0.25724868067634044,2.200930602489439,0.11805118364093026,0.22410529532746049,0.32694032361873526,2.9762413030816717,1.0050576167823524,0.6019707687048055,2.9600796424687403,0.31604361199451747,0.3763580635631606,0.10801807405462518,1.4611413017343298,0.06365255540775516,1.3277628488019695,1.8701838085678524,0.6488855454058485,0.964666770001387,0.13523686011770747,6.583434375418665,0.1295049078954111,11.226943080493928,1.004162389875592,0.15964859835182488,3.1670502721762808,10.912894202057297,2.902979943056096,2.006120956670111,4.682577552357963,0.08237266170206721,0.6579307038439222,0.14721300092655729,3.134458728580868,1.596297068122691,1.6859646022107804,0.018120192139693316
0.0002124539178818522,0.20981038503750382,0.2947517473890064,0.0,0.0,0.0006153316554106382,0.006105943509872108,0.0004316059689760245,0.012853649264639827,0.0,0.05445433191732572,0.0008435264828556392,0.35113564863724356,0.0002881699211480496,0.00025237073276845407,0.0957097652368548,0.10069147618096826,0.007092122066817613,0.03296665788763071,0.0,0.023973740497259928,0.05705327847304992,0.15418400335152035,0.03585951218379776,0.17270410990015256,0.6082739829760054,1.843975233341443,0.03360814428855333,0.00762824737926888,0.03387558828383272,0.05409828902625612,0.0017828943188154635,0.000954861560504966,0.03406416852032561,0.23216641085823014,0.2705226743497169,0.1186594190009225,0.11330198132799345,0.17245600456088395,0.022355946460294124,0.028089643693152675,0.08269410383672941,14.292949021664915,2.7425757368989303,9.816418036506265,5.433729044353533,0.1342480920606094,0.17999964978619706,0.5456096725963577,0.040776502863581636,0.22109827714692928,2.143127808144265,0.0003817139018483066,0.006904235109926667,0.010974557738924286,0.13014019124381146,0.024937551615933067,0.04111043069652177,0.011782731250510752,2.1330714536214512,0.003890666918503195,0.7066657933750068,0.07212347004034783,0.0003812304856839091,0.5820984461702439,2.9522936198110568,0.994792429809237,1.1368479009013952,0.0007690097692475553,1.2025512040823982,0.08292507879109966,5.511978389257342,0.08950299072607028,0.3012421243750415,5.645921840866254,6.615511627291789,0.2375235983442416,0.15691598453106081,0.4357501518214919,0.43911441138632984,0.06051956084208642,0.019082684578859276,1.343538234793861,0.6978070517592766,3.660427603312302,0.01599848757534698
0.004920343495701814,0.15042503957330436,0.16712656355025982,0.0,0.0014388090734447523,0.0038880500704296136,0.07632523498741177,0.015000888945592337,0.19172349046206377,0.0008903886649831814,0.08696524750672556,0.0016902909742722713,0.05204193364265591,0.01335754499081577,0.002150615764658166,0.08061391297551178,0.04496738912130169,0.0022279875301633232,0.022054073846127023,0.0,0.02279388319119293,0.029936200345495167,0.14848044466720667,0.23349554752676085,0.06588516081573471,0.36927126984423303,1.1127416840356894,0.14230141680334638,0.045626904749480876,0.09214251457593134,0.007153348646479812,0.03518043226700583,0.0009482365511246798,0.17473595920619361,0.05975423841068384,0.2155031197773261,0.07283042933705218,0.3643703587495887,0.8881299349957237,0.05162916096902537,0.05472851590087983,0.09171882423726752,3.5235683040666705,9.816418036506265,2.5169926622128256,3.3245382149519767,0.29977769581322306,0.2813920560152273,1.8498888573992458,0.3061997596160262,0.19393838072728906,0.7540767105346344,0.04861110166573163,0.019216315183961576,0.13060350428468306,1.7796141767141451,0.6174616843537944,0.27041274285020606,1.3953241597931065,4.711017287939015,0.3380151740505232,0.6620155884812384,1.3614455693642784,0.027848474298835163,0.34578078297993103,1.0903119529945526,1.8864144278950272,1.4727221825739716,0.055768400726765574,2.950052983916398,0.041770930188217176,5.522686089890784,0.43689392778508934,0.4249418305529132,3.889457072265726,5.337554067453721,1.2653250164570666,2.7136165123879,2.061831378333833,0.19462066924627525,0.3092748983803399,0.17915065880397277,6.1428589980456785,0.19146531700769825,1.0483423462858925,0.01256759919946162
0.0005741003759294049,0.02974476280261713,0.06384330125162324,0.0,0.00036324881097286367,0.0006763752294502804,0.005778579729364502,0.0011700184871150327,0.018309534625970864,0.0,0.007960966916851053,0.0006082146285036743,0.004829785560009963,0.0015660184430358387,0.0,0.042923499121080705,0.022996412791111417,0.000861673372337324,0.006773671870689516,0.0,0.01388288817707966,0.007562468718535961,0.09497344514099583,0.02739316636939944,0.0068981023508734645,0.07657615218797635,0.3133669401597491,0.020726818315131384,0.003141324176362202,0.011366640913823119,0.0006669040023356088,0.002853878828091374,0.00015411595013282327,0.009012478995652511,0.24450137137685843,0.08506788091652717,0.07060496999476681,0.07144245762290014,0.25779663674601827,0.01885335029145985,0.02041387094466966,0.016513927665242234,1.6471300097460753,5.433729044353533,3.3245382149519767,0.28077850569949453,0.21724049821100058,0.229603296940628,0.18250539265414747,0.02124259575731676,0.037930812017769724,0.32356040681770193,0.0011108759121605596,0.013089386188023442,0.03301218826765987,0.17919860434115747,0.09015071530787092,0.03866499411147985,0.057801435452461615,0.4018909316727731,0.03751852582346667,0.061088938751554654,0.07638371252512934,0.004253860151442865,0.16432109622773994,0.3300857080914423,0.40422455772822535,0.2497276015048022,0.008744350861250179,1.3068228186321067,0.013172935790091517,2.418508618903732,0.06348451478329198,0.0394946900081263,0.9759526375069665,1.9923022489177291,0.25392831236839686,0.19031436301123505,0.557108648409499,0.058808747360487246,0.12084381847834016,0.017497140884162658,1.022821524200366,0.6299508072478583,2.496669905976641,0.008584876850544074
0.05998022785864246,0.0,0.0031123521661344357,0.22857709894057582,0.0,0.029866147787921186,0.8873523456249076,0.060628017514282144,0.303700481492757,0.8706816763763058,0.04366952159034957,0.08248224047220858,0.08323757816781635,0.1351911830489186,0.00607653144561827,0.007694299053611935,0.00046880699561751806,0.0,0.0005601644781692253,0.18792111897789862,0.008250371023212464,0.0028856926696038147,0.01616139165494703,0.9152852053405226,0.00038575639508821503,0.0027628934218478776,0.009985472534160655,0.8215489355135104,0.03525441460566643,0.10847521841166563,0.0,0.0,0.0,0.024634303825276597,0.019397707009592147,0.25492877472492664,0.00839377766467367,0.03355955073306628,0.040122012513925075,0.4480949180279005,0.002187499190285889,0.0009684424744076158,3.8818397005861525,0.1342480920606094,0.29977769581322306,0.21724049821100058,4.892456728125843,1.0696772847493252,0.019635376298852168,0.06529389972959146,0.011981116451875868,0.02477724055299682,0.6271895410763264,3.5208593169750775,4.102106253054433,1.118898756223927,2.1690960393395553,0.42815566717844095,2.1476751661726614,0.07228560636872225,1.8967788628753217,0.01528099477103362,0.5466052763594528,6.469032744941197,0.046188508179197285,0.06492113949054981,0.01087632139653116,0.010122749994343268,0.44629182088572245,0.4179711448467722,0.013319010973568562,0.4545749423064696,0.8070815039264793,0.03232860235202449,0.020822809861253847,0.14087562367398274,1.2213814731327914,0.7337478356667072,0.30710501915420113,0.0,1.2717757227227464,0.009826486264805402,0.7303713331286452,0.07429204803475721,0.13694289294499715,0.023149249282478742
0.0007994292343636727,0.0,0.0008128817894753717,0.0,0.0,0.0,0.0046226191274211376,0.001178287263387164,0.03360180004871244,0.0,0.0031344321571716437,0.0,0.005264403598628962,0.000242499603571011,0.0,0.0012524714890083,0.0,0.0,0.0,0.0,0.00032580700745078674,0.0,0.0015455365900113754,0.02602232249159409,0.0,0.001216677226195138,0.002661752306292523,0.007023064608442473,0.0002798801928395945,0.002380812651068806,0.0,0.0010887429896631674,0.0,0.004582726254218153,0.030349838264710112,0.12284678993579011,0.005145573058637626,0.010676818875755315,0.039408882548459645,0.026251976597737422,0.0015008956668084324,0.003769892470636527,1.7590663653682954,0.17999964978619706,0.2813920560152273,0.229603296940628,1.0696772847493252,0.640654616598069,0.05305126527797279,0.025523430234218807,0.00048084815539811996,0.010220263761041614,0.013086457313893107,0.9585783215398666,0.11971436176125079,0.3071411718316146,0.18058167939288364,0.04294299947535104,0.3507179733218923,0.13544114911280267,0.0948205162156155,0.025542108950096218,0.16121900027942848,0.1113667445325198,0.005118307132293961,0.00869006955080774,0.012433801676469932,0.007332694622163572,0.015517888896212948,0.026103883978215447,0.0015788840470668032,0.050236000121624776,0.06771197128883344,0.029642697334680303,0.02655492794771152,0.045141883426300315,0.11575703103812222,0.3382438506277716,0.049563278804782784,0.0009150473493330837,1.2395185622688516,0.0029553035925595317,0.9826356384234959,0.0961903529008537,0.18548637894651665,0.0
0.0,0.023685892257259016,0.0,0.0,0.0005632286215866852,0.0016100005656019016,0.0001754605614530216,0.0006835726092544447,0.001422344301658249,0.0,0.043137416164993635,0.0004478623476433532,0.20357132563196928,0.0009629152292041721,0.0,0.0,0.0,0.00035899508199832206,0.0,0.0,0.0,0.0017772177382794389,0.0,0.0,0.08664929966988333,0.0025259964418004694,0.015081147485112719,0.0,0.002546129706852177,0.0,0.0016465644420440542,0.004539725593648341,0.0,0.031967169420957633,0.0044914347276965635,0.017744933290678014,0.0059602653000938345,0.04331395661400297,0.07032190232330635,0.00230858696299049,0.011074214506853655,0.041623084888492395,0.3227384330084642,0.5456096725963577,1.8498888573992458,0.18250539265414747,0.019635376298852168,0.05305126527797279,0.7267595093629508,0.002582623939215692,0.14440902808460715,0.0016800956888917981,0.0,0.002190940911452679,0.00945931765865795,0.014562771255264034,0.02886060100931344,0.024154609122362385,0.01511956031137085,1.4859627383289564,0.006653619275611126,1.0279172599489808,0.04293075434565882,0.0006102507743494601,0.0014056419509335426,0.0047513206985886685,0.019078604653764965,0.0012357839884988148,0.0,0.016286611622562876,0.052432591037609465,0.02467001910748966,0.005163001893653403,0.9478175611486915,0.06585802393433077,0.06987340635422752,0.005800912468124082,0.08272259049487389,0.013392647468850645,0.014098141703604584,0.08062308314269424,0.0005518907518253522,1.8680426079131616,0.022806159822455443,0.03952243247689616,0.0016232786674427384
0.014466180199091698,0.0005081332448908022,0.0,0.0,0.0,0.0,0.15831150691800855,0.0,0.108324561777509,0.0,0.0,0.0,0.0014196205369361508,0.0050821693050957005,0.0010933790994269463,0.0012248232063806976,0.0,0.0,0.0,0.0,0.0017343114966522737,0.0004532858251300568,0.0,0.15122553742278372,0.0,0.0,0.0,0.15363578915520584,0.011350234427906065,0.03990946616203033,0.0,0.0,0.0015933708486031198,0.003516210581489704,0.0009011684876717875,0.0636798386593496,0.0,0.0035365508918687814,0.0006933991387956188,0.04672877879689808,0.00036814587773642207,0.0,0.4402815319250101,0.040776502863581636,0.3061997596160262,0.02124259575731676,0.06529389972959146,0.025523430234218807,0.002582623939215692,4.553154908320258,0.00047286084706659137,0.44639292162878724,0.0,0.0017160051143888233,0.0069374842394431865,5.0802194610551155,0.2034530597799883,0.15401118852989615,0.021506906884049017,0.011876739508731705,0.003282900479787054,0.0009137610903452488,3.7114860750929535,0.0030604998951031174,0.0014003839700284912,0.2447902765061864,0.0007789980705639266,0.00966840970591145,0.0014846892789646164,0.24860447465519217,0.003422937678480458,1.8345897158612565,0.15763044155684805,0.0006184888944842309,0.042333378634388116,0.05949683646910901,0.16233876429045052,5.964146851075367,2.7780601254907493,0.0,0.009831618190418228,0.03048527777795899,0.2780072527949856,0.008206655542877077,0.0952041390317627,0.0010332231810735667
0.0,1.6392196470817944,0.14527280778598559,0.0,0.0,0.0,0.0007502940136007021,0.0,0.014640874099805029,0.0,0.01423800813707561,0.0,0.10466382935485623,0.0006149342038584332,0.0,0.02608582225692355,0.06835061043054615,0.0029848993363317984,0.037355349171351936,0.0,0.010402422173895932,0.10827641410831089,0.017996581288467175,0.023186891220832007,0.08724202215443391,0.36610770016799943,2.4755485869034324,0.006199042645759061,0.004335663027577466,0.008344388764986688,0.015141032387038362,0.0,0.0008212684117623329,0.06606144400804537,0.007789874622171155,0.12085016738644165,0.08659538612281535,0.09766174402038479,0.04474699122046857,0.0011407858384564632,0.000811414901879646,0.012376891669638627,0.25724868067634044,0.22109827714692928,0.19393838072728906,0.037930812017769724,0.011981116451875868,0.00048084815539811996,0.14440902808460715,0.00047286084706659137,1.265226023550118,0.05950624012284305,0.0,0.0,0.0,0.0036721315434254964,0.0,1.0386135145952733,0.0,0.1563098251012784,0.00226976949287294,0.7100853812762277,0.00022255449025602035,0.011480512866481078,0.11153945472874112,0.30771039990339166,0.011559021580146767,0.07385081477662739,0.0,0.012759091646476985,1.306990004462501,0.03182828329773351,1.1720154999971457,1.0699653176490553,0.2505979218192885,9.579924749512417,0.04495943438052114,0.005275059877819152,0.009694177941490216,0.041124224512519764,0.0029477511308766188,0.001015222808814318,0.1050002067381483,0.004546592249847578,0.0707483649226918,0.00038818288594756953
0.0,0.23135075754319231,1.9870281850458067,0.0,0.0,0.0,0.000743133979882337,0.0,0.023554371032108407,0.0,0.0014022185352300634,0.0,0.000533922285474046,0.0,0.0,0.0253402194165084,0.6902364448409889,0.0,0.08777076856402972,0.0,0.0038512958735311925,0.038390949293556846,0.11169148782591566,0.01164047921328284,0.003058117893626158,1.222370062350167,3.2867159281109863,0.0017974502008083842,0.0,0.00420270361054401,0.0,0.0,0.0010128067449625112,0.08334472922183277,0.017357220293966146,0.33783435537948636,0.2333545031477531,0.20007637020518154,0.10559313711345973,0.014139150781226906,0.0023368152126867193,0.0,2.200930602489439,2.143127808144265,0.7540767105346344,0.32356040681770193,0.02477724055299682,0.010220263761041614,0.0016800956888917981,0.44639292162878724,0.05950624012284305,20.040955497439818,0.0,0.0,0.0017609902758727654,2.564701938930503,0.3137490069747566,0.04816305171772098,0.004342919318136356,0.015639005254356568,0.0,0.0011347602043468713,0.8459886571770691,0.0,0.04372336316533474,4.240871701506031,0.01935180352403194,0.21714421817616747,0.0,0.44726844100116997,0.012445502384039252,11.925932042282952,0.14564500056791704,0.004141126801053589,8.683155074011616,11.045049271874296,0.525653176223823,0.34723483785774384,0.35855594733780966,0.00044681633867202814,0.0,0.025760060853846554,0.5508220885566477,0.03761229725016122,0.4605058692542705,0.004620920983256072
0.0,0.0004768609951383486,0.0,0.06749464178308848,0.0,0.0026407937270521023,0.080158812642773,0.028946132698523086,0.33472240849434914,0.07998655476548269,0.0,0.07875165615367692,0.0025206319853424038,0.05297926169373223,0.002008274932455245,0.0,0.0,0.0,0.0,0.05971531092399661,0.0,0.004273349429314938,0.0,0.6023358395220129,0.0,0.0,0.0,0.12020296897031098,0.0,0.0,0.0,0.0,0.0,0.0,0.0,0.0447026229432963,0.0,0.0,0.0,0.22381765584815821,0.0,0.0,0.11805118364093026,0.0003817139018483066,0.04861110166573163,0.0011108759121605596,0.6271895410763264,0.013086457313893107,0.0,0.0,0.0,0.0,13.766629974410929,0.009723176919806838,0.21289994725713868,0.03303656417303534,0.20842634430519846,0.6254839882222037,4.882902782984422,0.0,5.214761121825275,0.0,0.033225767175113156,0.3633934500964194,0.0,0.0,0.0,0.0,13.423763533657754,0.0,0.0007839064955366486,0.0,1.2653540515929629,0.0,0.0,0.0,4.670006909820122,0.020598480561984083,0.0,0.0,0.001274230105214666,0.0,0.0334340838009802,0.0015932209251432012,0.00624439968750878,0.0
0.0,0.0,0.0,0.0,0.0,0.0,0.0,0.00024884495840331056,0.005542375857381879,0.0,0.0,0.0,0.0,0.0,0.0,0.0,0.0,0.0,0.0,0.0,0.0,0.0,0.0,0.0012352086529329532,0.0,0.0,0.0,0.0,0.0004071684940201518,0.0,0.0,0.0,0.0,0.0,0.0009218019672749109,0.0037476697974572213,0.0,0.0005683606207154317,0.004760041009622557,0.0019044616603514787,0.00038574289266480645,0.0,0.22410529532746049,0.006904235109926667,0.019216315183961576,0.013089386188023442,3.5208593169750775,0.9585783215398666,0.002190940911452679,0.0017160051143888233,0.0,0.0,0.009723176919806838,2.153928471308788,1.202015232822552,0.030024637285720503,0.569361930281641,0.04701055457315038,0.046684569473391134,0.009123126442172856,0.09033052213033264,0.0,0.31745866741356066,2.8646591052063632,0.0,0.0,0.0,0.00042034435972584857,0.008877857898348815,0.00035319070629337266,0.001090794573851508,0.0002739656902910902,0.03792389118033972,0.0,0.0005426030204393235,0.0,0.021502821959872413,0.12710173327075325,0.0007385979987974138,0.00017343045616507777,0.7443003887624399,0.0,0.06499692418218755,0.0024210602630762683,0.007307309747586284,0.0
0.0035659716922640714,0.0,0.0,0.020517806240942835,0.0,0.01591563285797831,0.08665108176922552,0.014748255172873152,0.06865400323134885,0.12188209342817158,0.003504960073142987,0.022196993505901857,0.010873063538672584,0.03885647050752003,0.0007225401131057841,0.0,0.0,0.0,0.0,0.019375873872751317,0.0,0.0,0.0,0.1624210245826205,0.0,0.0,0.0,0.05767619932359676,0.0010248846872068825,0.0015200510721438086,0.0,0.0,0.0,0.000849260993934206,0.7887071426341422,0.046727986638387904,0.0005595687541890709,0.0027989174464067403,0.008750068341141356,0.1179204403612127,0.0,0.0,0.32694032361873526,0.010974557738924286,0.13060350428468306,0.03301218826765987,4.102106253054433,0.11971436176125079,0.00945931765865795,0.0069374842394431865,0.0,0.0017609902758727654,0.21289994725713868,1.202015232822552,29.415037707423423,0.9586825668650149,14.99129340248627,0.09972796962648614,6.228907680761058,0.024141275822320597,6.3277474094778015,0.00489629357215468,0.9784067887913288,2.2156399062707015,0.0,0.0,0.0020567488652928146,0.00035720023989719316,0.18468491236554727,0.002714665546784262,0.0013370312610382117,0.00795189979447906,0.22500857193306056,0.003596331437950338,0.0010719640353530273,0.0,1.2342210250587158,0.3502421525647255,0.005324012668834255,0.0,1.1148275057382901,0.0017901264471430272,0.1687839501234026,3.2817945779740865,0.16227446649759017,0.005072885641590387
0.10435643020613973,0.0029313552925148848,0.0,0.012618660880322305,0.0,0.01936525471909916,1.8247629785273416,0.17642818447000874,0.929782464381242,0.13406628032431417,0.012989479723282252,0.026586434284396127,0.03765769913662029,0.3402679175020893,0.021079874426033526,0.006171350180065378,0.0,0.0,0.0,0.024879443949046443,0.00990546300530356,0.013417773175315485,0.0025583951759479712,2.1875205927419845,0.0,0.0,0.0005579760563541784,1.3582956316710046,0.09077257697784456,0.3178580130298501,0.0,0.0,0.002121276297372302,0.025814994471019884,0.008829708231968146,0.37761226083831856,0.00036679423859313243,0.02250424934759112,0.008678996963232639,0.7058359224247122,0.001436139330668947,0.00034211379353182,2.9762413030816717,0.13014019124381146,1.7796141767141451,0.17919860434115747,1.118898756223927,0.3071411718316146,0.014562771255264034,5.0802194610551155,0.0036721315434254964,2.564701938930503,0.03303656417303534,0.030024637285720503,0.9586825668650149,45.64784464947863,8.450499432284301,0.9270013759292384,5.272023295212627,0.011243478546448197,0.16124175474224564,0.0033530930606774875,10.034683346819781,0.1191124943499825,0.018438963759662908,0.021088325460516377,0.0,0.00036175175734589514,0.029901577975408412,0.8194672836092123,0.054851238630818755,3.0973815899946167,1.6652039566492156,0.009224905345065506,0.17641759999136417,0.4433040451778757,21.227682611897045,3.3936218720719076,6.689820528985284,0.0,0.08252490729699954,0.06512082344860846,1.3255947675301065,0.049795057533177825,0.6028344378382454,0.022101782625301228
0.02455076337594017,0.0,0.0,0.012343286551547029,0.0,0.016936070910444637,0.44949624463126525,0.07645996192313052,0.3783206817172201,0.14060257744726498,0.02600815412425195,0.027816986794477937,0.046075520157419135,0.21794594888757385,0.004532125420135351,0.0,0.0,0.0,0.0,0.018682944157590604,0.0,0.001240426028546557,0.0,1.216986485835672,0.0,0.0,0.0,0.2515473361934236,0.002782722576056574,0.006982308548100902,0.0,0.0,0.0004319742347092089,0.008818584465062177,0.0013320463182486192,0.11382570222626559,0.00036329863025923387,0.003259331607642313,0.028124433863319812,0.44256099541047556,0.0008138608009410701,0.0029249746500424594,1.0050576167823524,0.024937551615933067,0.6174616843537944,0.09015071530787092,2.1690960393395553,0.18058167939288364,0.02886060100931344,0.2034530597799883,0.0,0.3137490069747566,0.20842634430519846,0.569361930281641,14.99129340248627,8.450499432284301,34.149577750433394,0.5018436875489644,7.353901285938274,0.17139417524604855,1.7891467575420037,0.03424922431799253,8.76788102836742,0.34830474844650533,0.0,0.011230216029981746,0.02090518340469358,0.01419370896486514,0.24451823830521588,0.09030696162674981,0.005737653099842994,0.6505000610985187,1.1544550758642782,0.013438051156449641,0.021076238720867255,0.013077726637114947,2.2069414998311245,1.5460794875978414,0.38368913044490216,0.00025298167454341233,0.9628345922537214,0.0063124426017250185,0.6781332818463257,0.009190350364569251,0.09927170613716224,0.000980080583173674
0.10417266532346874,0.025464943543769835,0.005432273004521438,0.21476442303439966,0.0,0.028488823898629067,1.2957372573233106,0.15525837797378933,1.9870146434261615,0.26113247236178766,0.007329258096121585,0.12158696566658192,0.015733656139712678,0.29218704046725286,0.03256752697457662,0.032066001046235415,0.0025095521319441743,0.0,0.0,0.10069682125372965,0.051892098450849904,0.13916475238436796,0.048441854583808806,1.9146326373631977,0.011977614239362076,0.0020106820641231453,0.06163926177645156,1.899429871467494,0.27509638293326955,0.32110913500477545,0.0,0.0025923723703477892,0.014548309363370883,0.08967043041917565,0.005562188200950883,0.5044668874222725,0.0038755552194203544,0.0941583785074801,0.035430056261328155,0.34690643534634064,0.027587707006878306,0.0027870836015118686,0.6019707687048055,0.04111043069652177,0.27041274285020606,0.03866499411147985,0.42815566717844095,0.04294299947535104,0.024154609122362385,0.15401118852989615,1.0386135145952733,0.04816305171772098,0.6254839882222037,0.04701055457315038,0.09972796962648614,0.9270013759292384,0.5018436875489644,4.568240306667234,0.6623005736928655,0.04184713133527179,0.45242470585943956,0.2444214282206219,0.5816079756144985,0.9029174989700932,0.01869656360608635,0.019396623777061577,0.0004976157269937885,0.0010977502088155107,0.2718360729022889,0.060859872613462436,2.526108548072338,0.14957184197355564,11.544283411909074,0.6941023964678847,0.02094952250829957,2.9441684940081805,2.5348419387028396,0.5138593766619147,0.5216020231152181,0.002562712618717183,0.01546114384684657,0.0497777599608317,0.21407003272950673,0.014817159546603911,0.2120043662119538,0.07815780548161233
0.0006764954279744567,0.0,0.0,0.15048263794642375,0.0,0.03500533689587011,0.39286027024269293,0.13990203281864969,0.8470885678348928,0.39101808245750336,0.009238790075747514,0.31213172317501237,0.034299655416075776,0.4053489611694804,0.0016218740968392627,0.0,0.0,0.0,0.0,0.218187134602425,0.0,0.0103487774990414,0.0,2.549119007463929,0.0,0.0,0.0,0.24374822135565374,0.0,0.0014774798180447726,0.0,0.0,0.0,0.001192194833014026,0.0025610812515099897,0.4801016436069064,0.0,0.0,0.0029093696346517437,1.6965490376403507,0.0,0.0002977944779601244,2.9600796424687403,0.011782731250510752,1.3953241597931065,0.057801435452461615,2.1476751661726614,0.3507179733218923,0.01511956031137085,0.021506906884049017,0.0,0.004342919318136356,4.882902782984422,0.046684569473391134,6.228907680761058,5.272023295212627,7.353901285938274,0.6623005736928655,83.61918671536414,0.018877919617212743,9.198555864049837,0.01067866531377745,2.1557512499974654,0.34362573011309616,0.0002991510916804592,0.0013995492212971054,0.0003780371257897973,0.0007783986830405802,6.193632477667447,0.0005620197993646785,0.003416275470046211,0.004799001921546696,0.7353291993076306,0.00779001177836683,0.0,0.00013203905901678056,7.492812140823558,0.7698102955599488,0.005134425386806035,0.0,0.09011182983553001,0.0005437214793467795,0.7959017619768901,0.01716123987175961,0.23538287829985532,0.001978208907362406
0.0,0.11365466979804735,0.0015317555167722408,0.0,0.0,0.0,0.0,0.0,0.0022433988066076316,0.0,0.2049429008951269,0.0,1.3637021369545574,0.0,0.0,0.00025285441849121385,0.0004497527359311785,0.01680285532719868,0.0016396720185159516,0.0,0.0,0.01280656006536079,0.0,0.0,0.3670726753131956,0.2505383311648201,0.26002177849954267,0.0,0.001386132787005923,0.0,0.17476307149652337,0.0014508385564472182,0.0,0.008916596485887487,0.002563924259049339,0.0059661780382603375,0.09661854769452645,0.017532402818221365,0.013882001771163987,0.0008277749870004514,0.0008728837409934009,0.20788705350763861,0.31604361199451747,2.1330714536214512,4.711017287939015,0.4018909316727731,0.07228560636872225,0.13544114911280267,1.4859627383289564,0.011876739508731705,0.1563098251012784,0.015639005254356568,0.0,0.009123126442172856,0.024141275822320597,0.011243478546448197,0.17139417524604855,0.04184713133527179,0.018877919617212743,22.955028037878375,0.008271647938625797,2.1846588675968364,0.30763205955342837,0.0038921028804031945,0.0007901179778842298,1.0621792064782105,4.746060231693887,1.431896771604801,0.0,0.0470745351815874,0.09335939970513923,0.09034332337117837,0.005633127262461772,0.3586560297138874,4.4690699831821785,0.5319280227121188,0.0013907594622270252,1.6689957668735125,0.01739353765928617,0.19229570829140324,0.7134356441946517,0.0024199048991785203,10.280882593232178,0.013079033995170956,0.0643962757383382,0.0
0.0,0.0,0.0,0.09995263768710122,0.0,0.006664190839959749,0.03278650794187944,0.011134362411972078,0.17904783580352276,0.23401565644100317,0.002408395504530345,0.428965299907462,0.009284200367526352,0.036760914819664946,0.000745183456614393,0.0,0.0,0.0,0.0,0.12792078245753105,0.0,0.002242602114615909,0.0,0.41749341510179133,0.0,0.0,0.0,0.13212697695913792,0.00030330687294835064,0.0,0.0,0.0,0.0,0.003922807562771677,0.0442650849749833,0.07240733760174223,0.0,0.002306467437842261,0.00351967060811981,0.3238336587174505,0.0,0.0,0.3763580635631606,0.003890666918503195,0.3380151740505232,0.03751852582346667,1.8967788628753217,0.0948205162156155,0.006653619275611126,0.003282900479787054,0.00226976949287294,0.0,5.214761121825275,0.09033052213033264,6.3277474094778015,0.16124175474224564,1.7891467575420037,0.45242470585943956,9.198555864049837,0.008271647938625797,49.934142462898684,0.006128802622596886,0.3967696623636385,1.8395972329384036,0.0,0.0,0.0,0.0,7.104054352367879,0.0,0.0006783713581319522,0.0,1.3321808096883525,0.001643160140478974,0.0003366746694074633,0.0016257732585464695,2.512181062223922,0.2973398166276832,0.0006271612241296765,0.0,0.047197249640985504,0.0,0.27557600224561113,0.36137622257939095,0.026130649775776275,0.001819984262906481
0.0,0.5439233912904703,0.0,0.0,0.0,0.0013803028400145331,0.00033213393429324365,0.00028615166417538364,0.012964660884507314,0.0,0.5078958779725089,0.0,5.895269658997184,0.0015529128830520291,0.0,0.0,0.0003306447468693862,0.060423631294386874,0.007233130594563425,0.0,0.00018882368445178165,0.10709072166012788,0.0,0.0,1.9417615715619583,1.3336365605293596,1.8606201534808564,0.0,0.0029249706189196797,0.0,0.9435404099172503,0.0019887739042891,0.0,0.046197863986322446,0.001173189302127957,0.014175307122183567,0.3921696940170861,0.07983045903170732,0.056545373642113296,0.0018524544912831963,0.005455482420590382,0.34570619956288096,0.10801807405462518,0.7066657933750068,0.6620155884812384,0.061088938751554654,0.01528099477103362,0.025542108950096218,1.0279172599489808,0.0009137610903452488,0.7100853812762277,0.0011347602043468713,0.0,0.0,0.00489629357215468,0.0033530930606774875,0.03424922431799253,0.2444214282206219,0.01067866531377745,2.1846588675968364,0.006128802622596886,10.56869283302714,0.03810061948702217,0.0003812073771806888,0.0031389359872955667,0.015012559658667554,0.04584994374638725,0.017042078804205787,0.0,0.0005733438726389347,0.368836816652805,0.0002693598445797802,0.07736348894844941,4.541948533183578,0.3728053429556376,4.9663655099947,0.0,0.14219983895423402,0.0005896836673666662,2.1313489128195204,0.10783447974113415,0.0003352300571345683,2.1056139023305738,0.0011252023264714482,0.01459073405123689,0.0011798614107056836
0.034867071688080335,0.0,0.0,0.01861886088417584,0.0,0.022730931352244993,0.5405400577636802,0.0877659131072748,0.3412952478800622,0.19249853983344498,0.008081851271013513,0.025454135098884275,0.01972015402107045,0.1438646106790856,0.005685504927246067,0.0,0.0,0.0,0.0,0.03878239829565099,0.0004620370496070146,0.002459226529201691,0.0,0.7831451855059701,0.0,0.0,0.0,0.3472903290931467,0.01226966212512795,0.037107570267259964,0.0,0.0,0.000340837312160934,0.005370355987872798,0.0023891966512880683,0.11571651450489043,0.00027693889451931535,0.00576593486912677,0.018556166326431835,0.25664520945408154,0.002043497927583284,0.0006928074336855883,1.4611413017343298,0.07212347004034783,1.3614455693642784,0.07638371252512934,0.5466052763594528,0.16121900027942848,0.04293075434565882,3.7114860750929535,0.00022255449025602035,0.8459886571770691,0.033225767175113156,0.31745866741356066,0.9784067887913288,10.034683346819781,8.76788102836742,0.5816079756144985,2.1557512499974654,0.30763205955342837,0.3967696623636385,0.03810061948702217,21.917626732150577,0.04419397486643917,0.0016938570353598886,0.21206100726080293,0.042860385853431916,0.03861104362266355,0.05954837703265254,0.28489949057287084,0.007098562232677448,2.63517412328761,0.8250540395553252,0.004071160061059971,0.0846738907387435,0.06571955903280494,1.024784425439718,6.437609086854354,1.805282444283084,0.0013135267275734305,0.8433704340617773,0.01516508292321813,1.0231150140885898,0.021166182908926703,0.21414262486992564,0.004821200493757906
0.001159000681150692,0.0,0.0,0.008860563830261398,0.0,0.005137792035968975,0.04436742006254563,0.0044298888439019005,0.04402370740809464,0.06546566810114839,0.002200251114203982,0.0070533095100138825,0.0011797743678600443,0.011461134560885577,0.001078369403678842,0.0,0.0,0.0,0.0,0.024118451948225338,0.0,0.0,0.0,0.05728981007899048,0.0,0.0,0.0,0.050634674047486304,0.0,0.002110633005994085,0.0,0.0,0.0,0.000862998913330105,0.0005626419645696195,0.012196954993562333,0.0,0.0,0.0,0.03645602092185996,0.0,0.0,0.06365255540775516,0.0003812304856839091,0.027848474298835163,0.004253860151442865,6.469032744941197,0.1113667445325198,0.0006102507743494601,0.0030604998951031174,0.011480512866481078,0.0,0.3633934500964194,2.8646591052063632,2.2156399062707015,0.1191124943499825,0.34830474844650533,0.9029174989700932,0.34362573011309616,0.0038921028804031945,1.8395972329384036,0.0003812073771806888,0.04419397486643917,7.518752113076248,0.0,0.0,0.0,0.0,0.17123997656600387,0.000371800157924352,0.020103949195284875,0.0005299506615780566,0.7693135898987421,0.0015063705686790291,0.0001873260181921718,0.027123935900580792,0.5235733172747176,0.03495324480366516,0.002385776188473921,0.0,0.06618847305534499,0.0,0.029571473778823534,0.0,0.0072821959261946765,0.0
0.0002329381479209638,0.025591480218215754,0.15216284383567488,0.0,0.0,0.0,0.001750275992624102,0.0,0.057956537067250735,0.0,0.0001926464508686523,0.0,0.0,0.0,0.007781848044087308,4.240166318121032,0.01072848388949356,0.0,0.0,0.0,0.45592043331362747,0.9742616315658966,3.0712356134244376,0.21402062416431183,0.00017512089341151967,0.0020129643412587963,2.0092856998564215,0.07440323639914166,0.002031860370186604,0.06634217577250862,0.0,0.0,0.0019272865391642803,0.007624623546923193,0.0016110198147794635,0.1561525356650543,0.05084808042533556,0.0692599889307674,0.03924123468278278,0.009074381198843877,0.00022917023663077265,0.0,1.3277628488019695,0.5820984461702439,0.34578078297993103,0.16432109622773994,0.046188508179197285,0.005118307132293961,0.0014056419509335426,0.0014003839700284912,0.11153945472874112,0.04372336316533474,0.0,0.0,0.0,0.018438963759662908,0.0,0.01869656360608635,0.0002991510916804592,0.0007901179778842298,0.0,0.0031389359872955667,0.0016938570353598886,0.0,17.59065714273352,0.08679398688510123,0.0,0.0056121764759085755,0.0,4.259868534907748,3.83998491916006,4.891672767706394,3.07313086229063,0.012524343904260908,0.01767532674191939,7.339403250103845,1.9695437967594553,0.005595762552631255,0.06683398853285272,0.0,0.0,0.002199147333974605,0.06713549186431658,0.029547189180216916,0.4069261445360829,0.0016939403533990725
0.0,0.16241719747876432,0.41756112355534347,0.0,0.0,0.0,0.0,0.0,0.00454625914922796,0.0,0.000268427319678884,0.0,0.004783224156003852,0.0,0.0,0.026934987863955536,0.18177582959000305,0.0014807969052270675,0.05459595111728811,0.0,0.004683253903952056,0.01861024312784607,0.036512098091373735,0.003434342619263333,0.013451890417537023,0.7768432574324956,1.1786696871587095,0.0,0.0003634625217433665,0.001286813567409123,0.0010488966642882443,0.0,0.0,0.025087686911964766,0.007555021482635504,0.12496005601237016,0.07542943960657089,0.07135084583653939,0.033709207379215525,0.014144838401403141,0.0013711297567009536,0.0,1.8701838085678524,2.9522936198110568,1.0903119529945526,0.3300857080914423,0.06492113949054981,0.00869006955080774,0.0047513206985886685,0.2447902765061864,0.30771039990339166,4.240871701506031,0.0,0.0,0.0,0.021088325460516377,0.011230216029981746,0.019396623777061577,0.0013995492212971054,1.0621792064782105,0.0,0.015012559658667554,0.21206100726080293,0.0,0.08679398688510123,4.692857191237086,0.21431926929494685,4.391814759948312,0.0,0.5680181595591937,0.02458260630525042,6.193039287303122,0.05063415057739999,0.03414361202563299,7.455415773385078,6.079235956815811,0.06269274313837252,1.1903709647704475,1.271878346102976,0.010050245019296553,0.006314788996992896,0.28689122047866367,5.434387790490605,0.029589183138325658,0.44011899960314926,0.0016764110956407864
0.0,0.012629451877430281,0.00022271424034349993,0.0,0.0,0.0,0.0,0.0,0.0,0.0,0.00296910186852323,0.0,0.03045108025635612,0.0,0.0,0.0,0.0,0.0012209893023024123,0.0005953182458088227,0.0,0.0,0.0,0.0,0.0,0.026796594517922535,0.08925769412367127,0.09927844801234516,0.0,0.0,0.0,0.007640709822011417,0.0,0.0,0.0014214588269441826,0.0061028445199100174,0.005489498394636371,0.008723395234899095,0.006156845305866148,0.004671374025840523,0.0003301727011668062,0.0003159266887637278,0.005089493916446748,0.6488855454058485,0.994792429809237,1.8864144278950272,0.40422455772822535,0.01087632139653116,0.012433801676469932,0.019078604653764965,0.0007789980705639266,0.011559021580146767,0.01935180352403194,0.0,0.0,0.0020567488652928146,0.0,0.02090518340469358,0.0004976157269937885,0.0003780371257897973,4.746060231693887,0.0,0.04584994374638725,0.042860385853431916,0.0,0.0,0.21431926929494685,4.839638509517559,3.0162474519129563,0.0,0.005543977107568413,0.0029342578479469414,0.013456935900684218,0.0,0.016747203128695348,4.503099467824088,0.4413914898316623,0.0002963337902067282,0.30746456162346425,0.003848196528242178,0.08768893500725211,0.07723395205267555,0.000948885182059715,0.774800795564732,0.0168209869621276,0.12592839073694895,0.0009843617580905348
0.0,0.062194310637289,0.020431643307312543,0.0,0.0,0.0,0.0,0.0,0.0,0.0,0.0017215131841906007,0.0,0.010442967488609012,0.0,0.0,0.0,0.013789819060192138,0.004010845642389703,0.013818980177863559,0.0,0.0,0.0030402514918728505,0.0001918820813750705,0.0,0.027592998719336553,0.3116575241912258,0.431682967954567,0.0,0.0,0.0,0.006229398874933954,0.0,0.0,0.008161670479414362,0.005422079410007071,0.021756513148782703,0.023477089936234125,0.01969621139400405,0.012793391882068423,0.0054812244232394286,0.00046998372814178806,0.0004806806861393613,0.964666770001387,1.1368479009013952,1.4727221825739716,0.2497276015048022,0.010122749994343268,0.007332694622163572,0.0012357839884988148,0.00966840970591145,0.07385081477662739,0.21714421817616747,0.0,0.00042034435972584857,0.00035720023989719316,0.00036175175734589514,0.01419370896486514,0.0010977502088155107,0.0007783986830405802,1.431896771604801,0.0,0.017042078804205787,0.03861104362266355,0.0,0.0056121764759085755,4.391814759948312,3.0162474519129563,9.235225611633911,0.0,0.046860500573470375,0.0037384423981336847,0.2546744857903485,0.00020875530759601602,0.04602600196773961,6.737170151367001,1.5944547986368114,0.001807155625129076,0.257159262764225,0.047847835376504444,0.015314541921824729,0.03799789124858895,0.0126172616151175,2.6928246016586166,0.016616917828634812,0.1755085428169633,0.0008567258001388386
0.0,0.0,0.0,0.051706935944829516,0.0,0.011548033033517383,0.09474958698073227,0.03113831063780454,0.1834823813048871,0.13325905103891184,0.004226420850061779,0.06234799216961607,0.003502415172646771,0.057987693382401985,0.0004628934732812391,0.0,0.0,0.0,0.0,0.0615268727746175,0.0,0.0018544817171977275,0.0,0.43676559016672134,0.0,0.0,0.0,0.12576496905628332,0.0,0.0,0.0,0.0,0.0,0.0,0.0,0.05132439873822747,0.0,0.0,0.0,0.22655620835820708,0.0,0.0,0.13523686011770747,0.0007690097692475553,0.055768400726765574,0.008744350861250179,0.44629182088572245,0.015517888896212948,0.0,0.0014846892789646164,0.0,0.0,13.423763533657754,0.008877857898348815,0.18468491236554727,0.029901577975408412,0.24451823830521588,0.2718360729022889,6.193632477667447,0.0,7.104054352367879,0.0,0.05954837703265254,0.17123997656600387,0.0,0.0,0.0,0.0,2.1006114777254994,0.0,0.0,0.0,1.1415576653678978,0.0016451957472080378,0.0,0.0,1.9777712603944924,0.0347358564851866,0.0,0.0,0.007042090000878786,0.0,0.041426545340979566,0.0006202029670979665,0.011688287116418356,0.0005858886287031274
0.0008847080900823363,0.00462269925977058,0.020172373314035708,0.0,0.0,0.0,0.003629467781797661,0.0,0.0984897866420808,0.0,0.0,0.0,0.0,0.0009101854231778166,0.010343946131002282,1.3196486156687128,0.0015160212971575277,0.0,0.0001378893086538914,0.0,1.2700820669372073,0.3009173914964001,1.104162144661263,0.3375993910471263,0.0,0.0002684553047379268,0.3503226825250115,0.224879607444469,0.011248855022758662,0.36709013909277716,0.0,0.0,0.007225869243658856,0.015226285230375069,0.023146608480468896,0.18399553747579114,0.02789413351550874,0.033262650870299226,0.031513919937195864,0.008050055428648084,0.005075637170823811,0.0,6.583434375418665,1.2025512040823982,2.950052983916398,1.3068228186321067,0.4179711448467722,0.026103883978215447,0.016286611622562876,0.24860447465519217,0.012759091646476985,0.44726844100116997,0.0,0.00035319070629337266,0.002714665546784262,0.8194672836092123,0.09030696162674981,0.060859872613462436,0.0005620197993646785,0.0470745351815874,0.0,0.0005733438726389347,0.28489949057287084,0.000371800157924352,4.259868534907748,0.5680181595591937,0.005543977107568413,0.046860500573470375,0.0,33.18681638884256,0.27625380236056307,27.88031010522497,0.5339968583293094,0.002123551909064822,0.07178369934612013,1.6076002951132689,5.383190389040775,0.6276616409968929,12.253347979049913,0.0,0.0015474075333391736,0.40807349829881023,3.81317779381786,0.16814738955847247,2.3203645479185226,0.0035192079724545994
0.003940767476771313,0.2594571341696908,0.04833337034314398,0.001826907832678055,0.0,0.0,0.023013091739269236,0.0005598010644865556,0.17131828095443122,0.0,0.001799915936914723,0.0016960666052537037,0.024778234414677715,0.0029084645189352085,0.01619154863148178,1.3892320361851276,0.0146516660403673,0.0,0.0015762957966849096,0.0006583010717157435,0.24376490293813224,2.5601111428218326,0.38362915293742655,0.4953389723983215,0.010404029954746447,0.028816994050724094,1.2904522692311835,0.27851717220709904,0.02812294614621426,0.09662225235762284,0.0008561476832207874,0.0,0.0047907553715867655,0.004254156200040312,0.002292590218036439,0.09415091230447314,0.030404812315637762,0.02141559216325567,0.006569323327701771,0.015362827837704787,0.0022648341610746244,0.005112151901875468,0.1295049078954111,0.08292507879109966,0.041770930188217176,0.013172935790091517,0.013319010973568562,0.0015788840470668032,0.052432591037609465,0.003422937678480458,1.306990004462501,0.012445502384039252,0.0007839064955366486,0.001090794573851508,0.0013370312610382117,0.054851238630818755,0.005737653099842994,2.526108548072338,0.003416275470046211,0.09335939970513923,0.0006783713581319522,0.368836816652805,0.007098562232677448,0.020103949195284875,3.83998491916006,0.02458260630525042,0.0029342578479469414,0.0037384423981336847,0.0,0.27625380236056307,5.363844902849775,0.14250970760062143,5.4980726647819695,0.45423503176046537,0.025117564074666986,5.338752913872121,0.6703719286798294,0.021402736655410634,0.133841449891544,0.018492009794405923,0.0,0.005374221773353742,0.019529920889459377,0.0024124521373316077,0.028847597722222736,0.00415283891584271
0.0005488971836881396,0.09220150784005854,1.3292815545328343,0.0,0.0,0.0,0.004444694312432772,0.0,0.10302562986015637,0.0,0.0,0.0,0.001822756450112525,0.0,0.0017980232818861266,1.7773050502178371,0.28019879890171917,0.0,0.004073253745363404,0.0,0.26831243574287145,0.2813551289824081,2.7327182984726766,0.15272530147133553,0.0005003282437805979,0.117164226037306,4.445613186212054,0.047662581502451985,0.00361232536479424,0.04786892396864396,0.0,0.0,0.001926552311196638,0.05498735488258815,0.059416683829266716,0.3760864408128892,0.16594640040572586,0.23418026930007083,0.15303528542743866,0.011607113904112221,0.003815622287095666,0.0,11.226943080493928,5.511978389257342,5.522686089890784,2.418508618903732,0.4545749423064696,0.050236000121624776,0.02467001910748966,1.8345897158612565,0.03182828329773351,11.925932042282952,0.0,0.0002739656902910902,0.00795189979447906,3.0973815899946167,0.6505000610985187,0.14957184197355564,0.004799001921546696,0.09034332337117837,0.0,0.0002693598445797802,2.63517412328761,0.0005299506615780566,4.891672767706394,6.193039287303122,0.013456935900684218,0.2546744857903485,0.0,27.88031010522497,0.14250970760062143,44.705025807585685,0.4553105045022347,0.0043397388725383255,1.7420221880522422,17.58748115367037,3.41482993063958,2.543807205409064,6.20257692644266,0.0009008446378050768,0.0033121522180787222,0.41946139770005847,4.520638255119861,0.2693558315419179,4.178951896606953,0.010927079934508399
0.1662630468275687,0.036376353180753294,0.00687587708013175,0.3156265677643024,0.0,0.11761659694459739,3.6883177745281825,0.8342351269143602,1.971971196618618,1.1919973646909228,0.0031799978615988985,0.2373082102713364,0.01784279459162097,0.8636282733662983,0.04794620414556923,0.6362764259725923,0.0010573932541342737,0.0,0.0,0.36590456484593586,0.5168793767241514,0.46984785856042555,0.22019936726426775,4.741066637980017,0.0002873098339306304,0.0,0.19712629990443173,4.173075063945102,0.3387394295962871,0.839866690934364,0.0,0.0,0.025417610835268688,0.11065806432622105,0.000848137156112161,0.81898533298462,0.013928700882735146,0.11155813351813439,0.018794237012598306,1.0171410621464536,0.015123439280706233,0.0007024924695919875,1.004162389875592,0.08950299072607028,0.43689392778508934,0.06348451478329198,0.8070815039264793,0.06771197128883344,0.005163001893653403,0.15763044155684805,1.1720154999971457,0.14564500056791704,1.2653540515929629,0.03792389118033972,0.22500857193306056,1.6652039566492156,1.1544550758642782,11.544283411909074,0.7353291993076306,0.005633127262461772,1.3321808096883525,0.07736348894844941,0.8250540395553252,0.7693135898987421,3.07313086229063,0.05063415057739999,0.0,0.00020875530759601602,1.1415576653678978,0.5339968583293094,5.4980726647819695,0.4553105045022347,30.50977218837042,0.4454510467897843,0.10134122448442452,5.190135255385018,13.39612115293697,0.636788846506474,0.8007040829092851,0.000615231477721175,0.02025625435036259,0.04912844442107277,0.3422533106911698,0.014992460088411126,0.18486151193360628,0.12907563294462351
0.0,0.2587440145944751,0.0004936701277323902,0.0,0.0,0.0,0.0,0.0,0.017885486877424563,0.0038099564398835118,0.16654266944514085,0.0,1.6502013947386578,0.0006494370125589609,0.0,0.0005724875347332772,0.0011475322961315077,0.005731387779338925,0.0075562023933143764,0.001911458537744878,0.0,0.047391263598183166,0.0006000363380726243,0.002079055824470878,1.315496583320499,0.325136338146976,0.890489423044053,0.0028279598113670006,0.0022765895522334828,0.0,0.11766431030626374,0.0007522826436588481,0.0,0.014498918564522742,0.0004359529651438407,0.031410085284212914,0.08163829739915676,0.042784334458299975,0.013913578658623532,0.00322756585779219,0.0,0.07358583753442469,0.15964859835182488,0.3012421243750415,0.4249418305529132,0.0394946900081263,0.03232860235202449,0.029642697334680303,0.9478175611486915,0.0006184888944842309,1.0699653176490553,0.004141126801053589,0.0,0.0,0.003596331437950338,0.009224905345065506,0.013438051156449641,0.6941023964678847,0.00779001177836683,0.3586560297138874,0.001643160140478974,4.541948533183578,0.004071160061059971,0.0015063705686790291,0.012524343904260908,0.03414361202563299,0.016747203128695348,0.04602600196773961,0.0016451957472080378,0.002123551909064822,0.45423503176046537,0.0043397388725383255,0.4454510467897843,3.3546575274690777,0.42178954487152737,3.2405971888894602,0.0035843070888094044,0.010479404035483041,0.0007999589655557336,0.08404427062774057,0.0071154025727782275,0.0002455161331796106,0.2585568555186776,0.001250464577992146,0.008960177738411203,0.0
0.0,0.8254961987464284,0.4958114956970585,0.0,0.0,0.0,0.0,0.0,0.0024544874849015625,0.0,0.09608486226508416,0.0,0.7414853674461344,0.0,0.0,0.001309476074066742,0.2828014820877105,0.08724072055512483,0.3268097407875066,0.0,0.0027885953828275267,0.03206442647007406,0.011181354153650567,0.00017070886016253107,0.6444269665465239,5.207603377110731,7.227401811771586,0.0,0.0010639841031184938,0.0007131134611420724,0.40634573879798014,0.0,0.0,0.1723368971231915,0.02570988231969587,0.27660262106302425,0.4743604305784295,0.45832718258848176,0.1679705538327829,0.02036906342214628,0.004458738964739398,0.08715706270086925,3.1670502721762808,5.645921840866254,3.889457072265726,0.9759526375069665,0.020822809861253847,0.02655492794771152,0.06585802393433077,0.042333378634388116,0.2505979218192885,8.683155074011616,0.0,0.0005426030204393235,0.0010719640353530273,0.17641759999136417,0.021076238720867255,0.02094952250829957,0.0,4.4690699831821785,0.0003366746694074633,0.3728053429556376,0.0846738907387435,0.0001873260181921718,0.01767532674191939,7.455415773385078,4.503099467824088,6.737170151367001,0.0,0.07178369934612013,0.025117564074666986,1.7420221880522422,0.10134122448442452,0.42178954487152737,44.3512881566054,14.509544450088688,0.10736107541539903,0.416945052170524,0.04074712714069611,0.906155320935435,0.08248124230984623,0.008396879460493245,1.8924734489152168,0.06688888839396764,0.5846918470160152,0.0024841933800226917
0.0,4.057581842446879,4.709422213702095,0.0,0.0,0.0,0.001198023027876059,0.0,0.07249815447274614,0.0,0.12681774548632907,0.0,1.3276922236166668,0.0,0.0008353075258698785,1.8562624680129536,1.441756325316788,0.10908943182871673,0.5171769014722107,0.0,0.1185193809077856,1.3284752798148547,2.333055527031209,0.1365793673220919,1.339803919358754,8.275613055039857,34.41247710932939,0.008829775278484381,0.00510057962661303,0.01448903384713331,0.5651761975264545,0.0,0.0013303666388313551,0.5140319416396927,0.05645845778296713,1.4161086994489815,1.4887637896116122,1.4471167460818326,0.65004090736768,0.04286188434061898,0.008124105548984071,0.06985454262329263,10.912894202057297,6.615511627291789,5.337554067453721,1.9923022489177291,0.14087562367398274,0.045141883426300315,0.06987340635422752,0.05949683646910901,9.579924749512417,11.045049271874296,0.0,0.0,0.0,0.4433040451778757,0.013077726637114947,2.9441684940081805,0.00013203905901678056,0.5319280227121188,0.0016257732585464695,4.9663655099947,0.06571955903280494,0.027123935900580792,7.339403250103845,6.079235956815811,0.4413914898316623,1.5944547986368114,0.0,1.6076002951132689,5.338752913872121,17.58748115367037,5.190135255385018,3.2405971888894602,14.509544450088688,64.98447609755716,3.725765463465011,0.30575258758284307,0.30676291272451356,1.6235678593086453,0.03495132177431022,0.028436746803671125,3.1949535405100673,0.20323406567784183,2.413362671869625,0.007674244671139085
0.091856447504071,0.011919233620128573,0.0033225179623652414,0.026077249908925102,0.0,0.009177303617319,1.1783126260599377,0.060236306648491944,2.374066089650552,0.040634157620423716,0.0108363895598922,0.08122503426408638,0.035646572350210355,0.19986642075404146,0.020082407242738354,0.48488938254690717,0.0,0.0,0.0,0.06075095984851793,0.7645909363643804,0.4187641812595273,0.15000460052507722,4.568051349036755,0.0,0.0,0.053848999296555344,2.14378906870949,0.2117136995432351,1.2849104381389973,0.0,0.0,0.03293974233814711,0.04515169907548576,0.0019193522603141592,0.7604900443713127,0.01841019404073322,0.03951388271053688,0.01145888518212275,0.712357169822497,0.0006981352792170269,0.0003459187078335305,2.902979943056096,0.2375235983442416,1.2653250164570666,0.25392831236839686,1.2213814731327914,0.11575703103812222,0.005800912468124082,0.16233876429045052,0.04495943438052114,0.525653176223823,4.670006909820122,0.021502821959872413,1.2342210250587158,21.227682611897045,2.2069414998311245,2.5348419387028396,7.492812140823558,0.0013907594622270252,2.512181062223922,0.0,1.024784425439718,0.5235733172747176,1.9695437967594553,0.06269274313837252,0.0002963337902067282,0.001807155625129076,1.9777712603944924,5.383190389040775,0.6703719286798294,3.41482993063958,13.39612115293697,0.0035843070888094044,0.10736107541539903,3.725765463465011,47.3317909455343,0.8960316479732595,10.973124332167972,0.0,0.01712190743489665,0.18787831458032167,0.7882869722988473,0.043904767439660805,0.535480753624122,0.01231539950147387
0.020188152231327913,0.005013036137578753,0.0,0.0,0.0,0.0,0.198003061463011,0.001376302581668901,0.34948614027481123,0.00024535001171266396,0.0012849821266340165,0.0,0.002494305347363985,0.004783098076206312,0.0010702090633841754,0.011021129226863659,0.0,0.0,0.0,0.0,0.019534146069752834,0.010392804882906996,0.004165879095671051,0.39548717730314376,0.002045901260928806,0.0,0.0036147044623924835,0.3432619543400309,0.030948792399474987,0.17170373268730713,0.0,0.0,0.0016651113071244204,0.012088592225697593,0.01045086828095897,0.15335212939880302,0.0015323240521157848,0.011971818710072473,0.04505874200910835,0.04474759395296617,0.0,0.0015332001290451341,2.006120956670111,0.15691598453106081,2.7136165123879,0.19031436301123505,0.7337478356667072,0.3382438506277716,0.08272259049487389,5.964146851075367,0.005275059877819152,0.34723483785774384,0.020598480561984083,0.12710173327075325,0.3502421525647255,3.3936218720719076,1.5460794875978414,0.5138593766619147,0.7698102955599488,1.6689957668735125,0.2973398166276832,0.14219983895423402,6.437609086854354,0.03495324480366516,0.005595762552631255,1.1903709647704475,0.30746456162346425,0.257159262764225,0.0347358564851866,0.6276616409968929,0.021402736655410634,2.543807205409064,0.636788846506474,0.010479404035483041,0.416945052170524,0.30575258758284307,0.8960316479732595,35.61303965226867,5.437274084165088,0.014773944550378315,0.9334768468157059,3.4183625846119785,6.815150999258026,0.04910714472797797,0.4593339441195979,0.0052875236683535155
0.061751630634924795,0.004165192996123698,0.0038858065484348343,0.0,0.0,0.0,0.3651877700630011,0.0,0.47331783086486906,0.0,0.0,0.0,0.0032989881026670824,0.010162024549674327,0.004325006527839485,0.41885426353498373,0.000925125156278311,0.0,0.0,0.0,0.8772541056657285,0.18947269441037895,0.27201200216447036,1.1700124478314702,0.0,0.0,0.08484222394430327,1.567879543329774,0.19854003595781866,1.4697966907149498,0.0,0.0,0.037704283379571206,0.05627222252043432,0.012613387657117137,0.7051929361397972,0.017841335398691215,0.03871480090014392,0.014606439072779902,0.07119969843462662,0.0,0.0003701734712305374,4.682577552357963,0.4357501518214919,2.061831378333833,0.557108648409499,0.30710501915420113,0.049563278804782784,0.013392647468850645,2.7780601254907493,0.009694177941490216,0.35855594733780966,0.0,0.0007385979987974138,0.005324012668834255,6.689820528985284,0.38368913044490216,0.5216020231152181,0.005134425386806035,0.01739353765928617,0.0006271612241296765,0.0005896836673666662,1.805282444283084,0.002385776188473921,0.06683398853285272,1.271878346102976,0.003848196528242178,0.047847835376504444,0.0,12.253347979049913,0.133841449891544,6.20257692644266,0.8007040829092851,0.0007999589655557336,0.04074712714069611,0.30676291272451356,10.973124332167972,5.437274084165088,20.104510969185775,0.0,0.011522049335038757,2.81414557966798,3.618956493676209,0.1217919853241228,1.4566852292041488,0.011159643445316723
0.0,0.0419293990770543,0.0,0.0,0.0,0.0,0.0,0.0,0.0,0.0,0.05908702674423581,0.0,0.5997739702043775,0.0,0.0,0.0,0.0,0.02018683972715772,0.0021946365075859228,0.0,0.0,0.00299874066811751,0.0,0.0,0.16638827765103514,0.631182521750521,0.6918296880292027,0.0,0.0,0.0,0.24091788395376493,0.0,0.0,0.00419387182487475,0.0,0.001615184258672902,0.09053850734644608,0.029955210397610163,0.006164995366185115,0.0,0.0,0.06026262646174269,0.08237266170206721,0.43911441138632984,0.19462066924627525,0.058808747360487246,0.0,0.0009150473493330837,0.014098141703604584,0.0,0.041124224512519764,0.00044681633867202814,0.0,0.00017343045616507777,0.0,0.0,0.00025298167454341233,0.002562712618717183,0.0,0.19229570829140324,0.0,2.1313489128195204,0.0013135267275734305,0.0,0.0,0.010050245019296553,0.08768893500725211,0.015314541921824729,0.0,0.0,0.018492009794405923,0.0009008446378050768,0.000615231477721175,0.08404427062774057,0.906155320935435,1.6235678593086453,0.0,0.014773944550378315,0.0,0.394470062513197,0.005269122536325806,0.0,0.051592248369831256,0.0028732856088520223,0.010030591421097473,0.0
0.0,0.00023183842331967283,0.0,0.0,0.0,0.0,0.0,0.0,0.005796523592388937,0.0,0.0011096505243519384,0.0,0.002358553673279194,0.0,0.0,0.0,0.0,0.0,0.0,0.0,0.0,0.0,0.0,0.001014147565013361,0.0,0.0,0.0010101530041512906,0.0,0.0,0.0,0.0,0.0,0.0,0.0034243474442087326,0.006102990865595311,0.015929051424231074,0.0,0.007828135270481233,0.04415303928022823,0.0008467657411872182,0.00020732927034479762,0.001308318823260459,0.6579307038439222,0.06051956084208642,0.3092748983803399,0.12084381847834016,1.2717757227227464,1.2395185622688516,0.08062308314269424,0.009831618190418228,0.0029477511308766188,0.0,0.001274230105214666,0.7443003887624399,1.1148275057382901,0.08252490729699954,0.9628345922537214,0.01546114384684657,0.09011182983553001,0.7134356441946517,0.047197249640985504,0.10783447974113415,0.8433704340617773,0.06618847305534499,0.0,0.006314788996992896,0.07723395205267555,0.03799789124858895,0.007042090000878786,0.0015474075333391736,0.0,0.0033121522180787222,0.02025625435036259,0.0071154025727782275,0.08248124230984623,0.03495132177431022,0.01712190743489665,0.9334768468157059,0.011522049335038757,0.005269122536325806,1.7362347469102952,0.00042405294367108166,0.9040364201333794,0.012526011551573072,0.05947594308623412,0.0002932751604830359
0.0007581319620943459,0.0007589547522365745,0.0,0.0,0.0,0.0,0.009664659622231132,0.0,0.018827819254987086,0.0,0.0,0.0,0.0,0.0007917331470843921,0.0,0.009839135585008742,0.0,0.0,0.0,0.0,0.015199367793982958,0.005319037430145705,0.0066655414743854915,0.04095834460662384,0.0,0.0,0.0017733325200911395,0.04796172239992527,0.011928098892298,0.03890078464021957,0.0,0.0,0.0008390804852530309,0.0010103766150652705,0.0013862034358020855,0.024855873386035593,0.0004800833938196481,0.0003194159012128536,0.0005293478800698755,0.001145130947715744,0.0,0.0,0.14721300092655729,0.019082684578859276,0.17915065880397277,0.017497140884162658,0.009826486264805402,0.0029553035925595317,0.0005518907518253522,0.03048527777795899,0.001015222808814318,0.025760060853846554,0.0,0.0,0.0017901264471430272,0.06512082344860846,0.0063124426017250185,0.0497777599608317,0.0005437214793467795,0.0024199048991785203,0.0,0.0003352300571345683,0.01516508292321813,0.0,0.002199147333974605,0.28689122047866367,0.000948885182059715,0.0126172616151175,0.0,0.40807349829881023,0.005374221773353742,0.41946139770005847,0.04912844442107277,0.0002455161331796106,0.008396879460493245,0.028436746803671125,0.18787831458032167,3.4183625846119785,2.81414557966798,0.0,0.00042405294367108166,2.203778188673612,1.6843936760411706,0.0066962519890167264,0.05440125109730165,0.000872277014131015
0.00594369102634904,0.06933183258113074,0.11347995508007688,0.0,0.0008176015358473031,0.00398832489892522,0.07003010567818639,0.008034148262838771,0.12167828260510558,0.01159783914828556,0.02764346452918527,0.0012844739723635755,0.018339394377653473,0.011883946543626296,0.0006571491263081302,0.01924837054976641,0.03581550586224237,0.00024832892567710335,0.01181041010350714,0.006428343728469287,0.017635407635786686,0.015879780235779756,0.03844395648739041,0.13362936889540347,0.018919815247782582,0.163692539254917,0.4629864709774116,0.10214319297081184,0.02183489186180202,0.047047900609938256,0.0012760217003627968,0.020045214437626916,0.0009087198343632929,0.05393988546856385,0.03242706470685156,0.5844793392477229,0.021639485145558492,0.09605958623082211,0.09012385939204853,0.10981153624974062,0.019253646860640072,0.04264127317011106,3.134458728580868,1.343538234793861,6.1428589980456785,1.022821524200366,0.7303713331286452,0.9826356384234959,1.8680426079131616,0.2780072527949856,0.1050002067381483,0.5508220885566477,0.0334340838009802,0.06499692418218755,0.1687839501234026,1.3255947675301065,0.6781332818463257,0.21407003272950673,0.7959017619768901,10.280882593232178,0.27557600224561113,2.1056139023305738,1.0231150140885898,0.029571473778823534,0.06713549186431658,5.434387790490605,0.774800795564732,2.6928246016586166,0.041426545340979566,3.81317779381786,0.019529920889459377,4.520638255119861,0.3422533106911698,0.2585568555186776,1.8924734489152168,3.1949535405100673,0.7882869722988473,6.815150999258026,3.618956493676209,0.051592248369831256,0.9040364201333794,1.6843936760411706,12.579919284120212,0.10708730309647455,0.4036911918602212,0.0072466813056768446
0.0014346288113765268,0.003389542313552499,0.00726525690322808,0.0,0.0,0.602667479686648,0.005660706685180549,0.0018445728743349027,0.008355990262826107,0.0006602773756051524,0.004104300129713754,0.3163526420325879,0.0002716751548674374,0.002886261829832656,0.0,0.004440855752346418,0.007293277641996138,0.0045937759170798205,0.002086453706685803,0.0,0.025807524665732905,0.001110529848234284,0.0651951972717797,0.002869587733725356,0.00044802187718308284,0.012618964648091069,0.03876485323197054,0.008427976068467498,0.009524004019897194,0.02271558884994096,0.0,0.0010663963563952703,0.0,0.01825758634315204,76.2697416014416,0.3981293546365105,0.1808691658120466,0.07585664113894285,0.2936799522319672,0.029735026097273756,0.04860535934971318,0.011187086226451187,1.596297068122691,0.6978070517592766,0.19146531700769825,0.6299508072478583,0.07429204803475721,0.0961903529008537,0.022806159822455443,0.008206655542877077,0.004546592249847578,0.03761229725016122,0.0015932209251432012,0.0024210602630762683,3.2817945779740865,0.049795057533177825,0.009190350364569251,0.014817159546603911,0.01716123987175961,0.013079033995170956,0.36137622257939095,0.0011252023264714482,0.021166182908926703,0.0,0.029547189180216916,0.029589183138325658,0.0168209869621276,0.016616917828634812,0.0006202029670979665,0.16814738955847247,0.0024124521373316077,0.2693558315419179,0.014992460088411126,0.001250464577992146,0.06688888839396764,0.20323406567784183,0.043904767439660805,0.04910714472797797,0.1217919853241228,0.0028732856088520223,0.012526011551573072,0.0066962519890167264,0.10708730309647455,176.53672284680223,20.307573884246317,0.046856125004115984
0.10427546911175932,0.05845912249473387,0.4060216505314037,0.010906948323564822,0.00504737706423023,0.14219158535899865,0.915338601519326,0.07121032155813828,0.2801283095248194,0.3091565701991144,0.07288963730441468,0.0987702211204287,0.012993663538619778,0.26328282277074355,0.005854986022585332,0.3567341094323209,0.32236661920108434,0.13878922069327965,0.16664875074454522,0.014278655847208317,1.8546398958089665,0.027076484561895015,3.8028726705113853,0.22194811803441633,0.005777714005926795,0.6979992331729573,2.0025852394854984,0.6726229434413669,0.4206452078957132,1.3803049838734496,0.014279930846008194,0.017825652480933856,0.07136739596030532,0.24881042270848974,20.231293074633406,2.066534418973309,2.709673807852488,1.1417481322923775,1.7932152823882634,0.0497580869666833,0.21490132730328257,0.10879377926150126,1.6859646022107804,3.660427603312302,1.0483423462858925,2.496669905976641,0.13694289294499715,0.18548637894651665,0.03952243247689616,0.0952041390317627,0.0707483649226918,0.4605058692542705,0.00624439968750878,0.007307309747586284,0.16227446649759017,0.6028344378382454,0.09927170613716224,0.2120043662119538,0.23538287829985532,0.0643962757383382,0.026130649775776275,0.01459073405123689,0.21414262486992564,0.0072821959261946765,0.4069261445360829,0.44011899960314926,0.12592839073694895,0.1755085428169633,0.011688287116418356,2.3203645479185226,0.028847597722222736,4.178951896606953,0.18486151193360628,0.008960177738411203,0.5846918470160152,2.413362671869625,0.535480753624122,0.4593339441195979,1.4566852292041488,0.010030591421097473,0.05947594308623412,0.05440125109730165,0.4036911918602212,20.307573884246317,1.5454528739080067,0.06961771262849838
0.05893542024767474,0.009382366808535186,0.024131750021890247,0.15469821494143318,1.2124675281822372,1.8330282108911846,0.8106640238310975,2.312422493877996,0.22199988541906887,0.711010822930784,0.23126955268228397,0.3892511796885174,0.011904790009193473,1.4839849802457044,2.2186860132563466,0.02292568957233263,0.005084098460777054,0.06814977637723044,0.036130216904056475,0.12950800933590373,0.15410378870100236,0.01743262493281886,0.27833719862603273,0.35112551935690395,0.0,0.07486561459936106,0.09427226497953177,0.33935681075293506,0.5812919145263865,0.1292299871353379,0.0029303735242023,0.9117995101746722,0.005377500068637206,0.27576426979440416,0.07427776758014687,1.1276907257583422,0.05814251397034612,0.23749738320540384,0.23049639809789255,0.964727352312059,0.305544203052774,0.013433981315288637,0.018120192139693316,0.01599848757534698,0.01256759919946162,0.008584876850544074,0.023149249282478742,0.0,0.0016232786674427384,0.0010332231810735667,0.00038818288594756953,0.004620920983256072,0.0,0.0,0.005072885641590387,0.022101782625301228,0.000980080583173674,0.07815780548161233,0.001978208907362406,0.0,0.001819984262906481,0.0011798614107056836,0.004821200493757906,0.0,0.0016939403533990725,0.0016764110956407864,0.0009843617580905348,0.0008567258001388386,0.0005858886287031274,0.0035192079724545994,0.00415283891584271,0.010927079934508399,0.12907563294462351,0.0,0.0024841933800226917,0.007674244671139085,0.01231539950147387,0.0052875236683535155,0.011159643445316723,0.0,0.0002932751604830359,0.000872277014131015,0.0072466813056768446,0.046856125004115984,0.06961771262849838,1.1180805166924466
