1.0745494161361562,0.005784842258382634,0.03253271481896043,0.00020146307625942153,0.0018702476192161927,0.00134291244171551,1.4117932038361114,0.30954055347584986,0.028001204289390704,0.010619877822047815,0.0023527078483574705,0.0,0.000846178525006923,2.366107671571876,0.0008506145433987469,0.0062606635289400425,0.05755174592273664,0.0043980053478236735,0.030583781474490927,0.0,0.018543405830287574,0.003881310913962656,0.041705972658706576,0.1489843922370617,0.0028721714563064507,0.10082818424841537,0.1161069147129611,0.2873003112533279,3.533460521954537,0.5511885703845243,0.0,0.11340075060230995,0.002418752678312611,0.07798081830410185,0.0007061731648907405,0.013954286946236847,0.003737963422123395,0.03198333283609793,0.005998459520685341,0.015076401409817192,0.005505768346529143,0.0,0.019794091858585033,0.0,0.0006143294035246064,0.0,0.0013333735106492322,0.0,0.0,0.0,0.0008902673270688342,0.0,0.0,0.0,0.0,0.0013408991221519565,0.0,0.022296498364553267,0.0,0.0,0.0,0.0,0.0,0.0,0.0003155393495888766,0.0,0.0,0.0,0.0,0.0008635978461642767,0.002314130066175955,0.0,0.10509164310159377,0.0,0.0,0.0004377894532035233,0.03916641968828713,0.0011686182482458936,0.009344684924581263,0.0,0.0,0.0,0.0,0.0,0.007119457396240402
0.005784842258382634,1.4270716110579453,0.08372259901078218,0.0019264227408892886,0.0017484383468687756,0.0,0.037542383600725024,0.000824081102889062,1.1730299645420534,0.0004256778322036533,0.015533791834859046,0.00023625771372794824,0.03318458984779474,0.010489172134120123,0.010903109856377597,0.3688119031785912,0.15300414600361298,0.022290437018500902,0.15357608051208052,0.0,0.01251171051725026,1.4525933160057751,0.06054306620338094,1.0176667192098319,1.4110517321027782,0.4622932190664117,8.165017216061825,0.026809153879912274,0.018244087564432295,0.03780430579903722,0.007322734805727496,0.001989070992210333,0.0009441248415380577,0.10667073619264178,0.0007472795063516511,0.30125447064422156,0.09834055262116886,0.25593563252701507,0.14108395647079,0.045561933594131424,0.007361026276835443,0.058647205890544535,0.15265391759743316,0.042722839174446935,0.07992476966535206,0.03925980097730147,0.0017639983374668797,0.0,0.002262449351790019,0.0,1.1176276214363372,0.0667552030387258,0.0,0.0,0.0,0.0006198184629179194,0.0,0.0071026663463065855,0.0,0.006937276731959232,0.0,0.05405731060332793,0.001221737185824094,0.0,0.06582651639165345,0.06261365346128396,0.003404184343364936,0.013527833829160557,0.0,0.004396691688540027,0.17851503390884413,0.08582383519673485,0.030936278842110546,0.048403566889352385,0.13971806869070522,1.0455814887693766,0.010498168231580356,0.005784349370556574,0.004234943223598303,0.011837173845330349,0.0,0.0,0.03397280237410545,0.00348929497186234,0.07232317131274268
0.03253271481896043,0.08372259901078218,20.109582862420194,0.0,0.004861852617365551,0.0013134532660386865,3.277416447228284,0.047168484381224465,0.003948866712097209,0.017844296491609304,0.0721650723145139,0.0,0.009271471791850632,0.5837969679474537,0.0005090934633602727,0.16081323545339027,4.504322758622311,0.058552649960097534,0.6090887063928171,0.0,0.5518838520983672,0.012948010962761474,12.938338787872574,0.13485885566517708,0.0032536554507384603,11.900140698657193,12.299023872495999,2.0239023415185717,0.060792187772158016,0.40237734389899665,0.0005935947337716502,0.02205352194394178,0.0003774759469330526,0.5948250416141779,0.021475172205468365,2.975862402201056,0.6595880307669243,1.9701269678399842,1.4663005758489616,0.1572344774829868,0.03293543733024702,0.0022324315186552203,0.4131600595156093,0.11638758045958689,0.2627474111979214,0.09557051932041667,0.0018322820327902668,0.0002929078864470064,0.0,0.0,0.23974553519446098,0.5240515467399154,0.0,0.0,0.0,0.0,0.0,0.003378174837302452,0.0,0.002679490911420859,0.0,0.013556696758741755,0.0,0.0,0.07721458692535042,0.24577123042994667,0.0005887673406392129,0.011606749653327239,0.0,0.011289548799285566,0.05618465894070004,0.5303837957115292,0.02239675830436798,0.005729796836725161,0.21079012703867883,2.5276690779792164,0.003222006859230677,0.0,0.0009103568253889052,0.00598854823984527,0.0,0.0,0.10773310100747382,0.0021561009473074523,0.3884577671031601
0.00020146307625942153,0.0019264227408892886,0.0,24.803602762060528,0.4923586745448946,0.280445933354188,0.032223155180004064,0.12578122229922184,1.503666632366519,2.854111629229373,0.021784749191951457,6.666368670235097,0.0,0.07878427094715577,0.5329964356292448,0.0,0.0,0.0,0.0,21.88384412367662,0.0,0.0018878612438557407,0.0,3.4136173934733867,0.0,0.0,0.0,9.041698870152228,0.02419823486200851,0.00039133364332578967,0.0,0.14420685399531907,0.0,0.07634886555180596,0.0,0.11602064968414214,0.0,0.00482621871466195,0.0,0.6996503271001535,0.05385522346342358,0.0,0.01953194344349209,0.0,0.00022601724924027364,0.000789552060108423,0.33389008916047735,0.0,0.0,0.0,0.0,0.0,0.18385173151263032,0.0027797010312635715,0.03766982208258893,0.004425888568494558,0.01634496130361233,0.7155262927768987,0.04317988568232531,0.0,0.17644317442442883,0.0,0.0011628512649797054,0.11326422314871704,0.0,0.0,0.0,0.0,0.07984777421264998,0.0,0.0036651893873051707,0.0,0.47828014342410463,0.0,0.0,0.0,0.09548603659969744,0.0,0.001012500963812832,0.0,0.0,0.0,0.0,0.0,0.02246392987086117
0.0018702476192161927,0.0017484383468687756,0.004861852617365551,0.4923586745448946,0.6371884685235218,0.6745668524787287,0.11763937371020217,0.12473147166645392,0.13897901809058952,4.0559579118413325,0.23454536974109996,1.9132548812397192,0.03407667747698239,0.017323351983595334,0.5272468161469694,0.0011113227922645997,0.0016229049337650818,0.08139285579313463,0.01668614440742113,0.3696166457591297,0.0005688210118345855,0.0009961127930632131,0.007204601685369871,0.39255231441664334,0.003914652664616412,0.11802483083342118,0.05447455352566807,0.5137188837612092,0.018730558972294094,0.0011075701350260494,0.034033050180637354,0.32713360009059733,0.0,0.23759076241629432,0.017097581415905408,0.8778171592021125,0.048386419285539106,0.19089731833143708,0.004008921892587035,2.98454971457333,0.15348919625623567,0.006823423628060963,0.01640053657269349,0.0,0.0,0.0,0.10423917384059618,0.0020520899997370106,0.0,0.0,0.0,0.0,0.03771325323026764,0.009337260015401276,0.025341955998616824,0.002367339166161365,0.010625326077709859,0.03722382613095361,0.03807024782886532,0.0,0.037295488917597715,0.0016019581237498377,0.0008111401554869194,0.054130982613785746,0.0,0.0,0.0,0.0,0.027018736814820598,0.0,0.0,0.0,0.09375650315690463,0.0006074570431247556,0.0,0.0014902460345453123,0.05105568439609466,0.0,0.0,0.0,0.0,0.0012013567914274425,0.0,0.000685727392264868,0.05752379877761816
0.00134291244171551,0.0,0.0013134532660386865,0.280445933354188,0.6745668524787287,20.516829148539397,0.16190079506956925,2.999012091671034,0.05420578486942738,11.189006742081569,0.004763000930479374,5.68092431798313,0.0,0.041094296909559354,1.2533787888367078,0.0,0.0,0.0,0.0,0.27415617431859257,0.00021941910836633294,0.0,0.0021176516849975395,0.21236050354970762,0.0,0.0009215999377807015,0.0006772903576439763,0.4757922435741844,0.0188017806480976,0.0008643856000085632,0.0,0.03725798628368075,0.0,0.015914896741799467,1.602739512827109,0.03168379314814497,0.0008547281857541446,0.0015817055083553993,0.002738764446744224,0.12646218810992244,0.008954554732722345,0.0003942707012138304,0.006511303935886677,0.0013809537086488185,0.0,0.0008898334012634909,0.035486465375071406,0.0,0.0,0.0,0.0,0.0,0.0032449553935045487,0.0010428187651796029,0.004725036658048228,0.0013787540254863687,0.0005238262523136085,0.04665380767020716,0.004154064469028413,0.0,0.020497105201537903,0.0,0.0,0.011363130158082988,0.0,0.0,0.0,0.0,0.00390680133617566,0.0,0.0,0.0,0.02739915316054327,0.0,0.0,0.0,0.004304793871665575,0.0,0.0,0.0,0.0,0.0,0.0,0.4320491774681744,0.1167718503745512
1.4117932038361114,0.037542383600725024,3.277416447228284,0.032223155180004064,0.11763937371020217,0.16190079506956925,47.47481768693058,1.7753412406464424,0.3102832562126038,3.7845830521046375,0.08696675571912435,0.0008474045660008991,0.012427955567911857,9.563245344912797,0.004610125956102767,0.09072766263621183,1.1510550044583914,0.025571480313881314,0.380399698876697,0.003011614790105715,1.2581038671232265,0.044795510162463276,3.709867072213458,2.307360120583468,0.008007933189288751,1.658724032946663,1.1129427724556857,27.734095825229563,3.485342732293407,7.377393376896131,0.0,1.1435885695489296,0.07780274924129067,1.1121228795713407,0.062444375610599206,1.103106458889462,0.12599761727657877,0.49833738209617495,0.21350610838169307,0.8456181763677785,0.4521842641239345,0.0028267750337453747,0.35100717329216496,0.00816043489129957,0.02068093611744429,0.004866838975907996,0.04544528822338601,0.0008945151925922929,0.0008146576356186765,0.01359544168385397,0.02185289377157305,0.0005805729896697134,0.00850905839265226,0.0,0.0,0.01419275454755472,0.006804920205302293,0.23675283324831478,0.002768680361412215,0.0,0.0,0.0005008076919034702,0.009949170186807207,0.005676356767211942,0.002675866969755263,0.0,0.0,0.0,0.00035669755190726555,0.001692229508648985,0.027085325778397885,0.0014741649891055653,1.3718887451978756,0.0006271562849976352,0.0,0.01034713038963858,0.5210317365923772,0.030291228506418976,0.11744587535733675,0.0,0.0,0.012126557877373085,0.022121284514530177,0.002669103041881406,0.3666860410531777
0.30954055347584986,0.000824081102889062,0.047168484381224465,0.12578122229922184,0.12473147166645392,2.999012091671034,1.7753412406464424,14.206696598176265,0.05370750689703282,7.666914409640248,0.008989865560456094,0.0715255371084312,0.000828269111757068,2.1310136093317187,0.0278213849995222,0.004755376210222091,0.021224033892353958,0.0,0.004471640189004019,0.053677877377310244,0.006903173060039266,0.0019093139278794115,0.018998021559667715,0.40236173246690105,0.0016255899562729827,0.038065616318804514,0.022655360918548244,1.3056436006398398,0.17622011244728045,0.01954555224970492,0.0,0.09866642465251699,0.003533821585799242,0.05036260718805342,0.0009657980390460188,0.0801116169541075,0.0013008186890983596,0.01184927113819576,0.0038445828869529608,0.0978324588841714,0.03284029340111847,0.0,0.0034374957603096018,0.0,0.0,0.0,0.03493618235524089,0.0,0.0,0.0,0.0,0.0,0.0006575691692626755,0.0,0.0017716969489620957,0.0,0.0,0.059760444892567426,0.0,0.0,0.0028026778793290405,0.0,0.0,0.005839557294227054,0.0,0.0,0.0,0.0,0.0034298473042743954,0.0,0.0014200451928927157,0.0,0.13380231887845354,0.0,0.0,0.0,0.015123948366544753,0.0,0.002201844320402919,0.0,0.0,0.0,0.0,0.0,0.02085243180958095
0.028001204289390704,1.1730299645420534,0.003948866712097209,1.503666632366519,0.13897901809058952,0.05420578486942738,0.3102832562126038,0.05370750689703282,5.372209489606319,0.8519414693467349,0.012213510342127025,0.4025901767763138,0.009042359518787043,0.09933194807515118,0.800410506024435,0.0222655465047945,0.012010336018325527,0.0006952418117371904,0.012061936634945035,0.2708032678453759,0.006338936981344384,3.439585754375647,0.008841622361734936,13.885984487781032,0.23712644770010188,0.06095940799789152,1.4025714497552975,0.9497100335716704,0.31950972084585527,0.06599806852965039,0.0005184602681007961,0.06495614529384353,0.011776970351175335,0.10670267799369546,0.01631837148713544,0.24612738827946973,0.012528522444324418,0.08311388774566915,0.03690688630057549,0.7018172929809724,0.0729589905695686,0.007933196011334997,0.5601654096857682,0.0073231538442516415,0.10870912329575286,0.029103746661060283,0.1091164586416003,0.03035335613623708,0.0012778041126085442,0.06436210177494273,0.01645973238662396,0.0004739389590683205,0.25048437319872463,0.0013562154925279269,0.045046698379421664,0.17611159607723265,0.19937314425866043,2.0599897397150935,0.31240658695504736,0.0,0.05526149010714091,0.0006909273448510743,0.18346674904905502,0.013776844854633008,0.007216520694306337,0.0019807502740840704,0.0,0.0,0.11306753356384719,0.012200193683081523,0.03686567474168215,0.008936487164825195,1.5691403880184736,0.00554646391085854,0.00017657418407848754,0.013162071880022283,0.7864889830765325,0.19446051109719922,0.2293836078398053,0.0,0.0017434666659274772,0.03570714763779467,0.08044597258301897,0.004721786142513804,0.1775939916919506
0.010619877822047815,0.0004256778322036533,0.017844296491609304,2.854111629229373,4.0559579118413325,11.189006742081569,3.7845830521046375,7.666914409640248,0.8519414693467349,93.23427174604937,0.2746281076114178,6.3464464277060095,0.00258332423306394,2.699273622099753,0.43570704361315044,0.0010409137243766998,0.000894602922711306,0.0,0.0,9.865893944076202,0.0010158427041332112,0.002841518250784872,0.006734698130053322,2.1818019233577153,0.0,0.0032462470783224404,0.0012792655264106609,9.242489188112794,0.25370259638904213,0.006734516225649467,0.0,1.8838333466764854,0.0005149260345357011,0.9667970950895209,1.0083636511276604,0.7661925689933061,0.010110002825350437,0.10239813962411966,0.006380390664742422,1.5533691752769838,0.31062010105084475,0.0,0.03481569525518579,0.0,0.0,0.007577919453911947,0.40744873209154386,0.0,0.0,0.0,0.0,0.0,0.011656906175714016,0.0,0.020961217213068928,0.0009051494361514334,0.002309572545203752,0.6104486845233543,0.001422808663684219,0.0,0.14080141942786503,0.0,0.0,0.12306372680089228,0.0,0.0,0.0,0.0,0.029087985167966075,0.0,0.00036283583654712464,0.0,0.5119865448626979,0.0,0.0,0.0,0.012120545931932656,0.0,0.0,0.0,0.0,0.0,0.0,0.06337743555378121,0.23380299356000397
0.0023527078483574705,0.015533791834859046,0.0721650723145139,0.021784749191951457,0.23454536974109996,0.004763000930479374,0.08696675571912435,0.008989865560456094,0.012213510342127025,0.2746281076114178,33.01262282762059,0.019776343325822687,6.266741701548147,0.004668289850798789,0.002424570515972198,0.044295483137219524,0.37758896535671876,7.717672157212335,0.46991788926611366,0.010237535369669882,0.05503109156599287,0.007796971692142287,0.16619575603878503,0.10255222167043825,0.15715135102853045,3.733400147615404,0.47029715220400015,0.1826890703994686,0.017228267729399564,0.04584237706596105,1.1500271205158492,0.5485058406157767,0.0006673374063952789,8.072316375228116,0.008654363848530643,0.3194935233581129,0.949521638397076,3.476568228616869,0.2745661409040232,0.08605669164897466,0.1528330040556434,1.165730531951863,0.019093479351823983,0.011180679356046871,0.008107609813275525,0.0031078116763637196,0.0010004445585507094,0.0,0.007560913090558275,0.0,0.01016790751360974,0.0035792085308235595,0.0,0.0,0.0,0.0,0.0,0.0072483660425525205,0.0,0.021491322850695025,0.0,0.22147532791614963,0.0,0.0,0.0025199011721449764,0.0019599419227732244,0.0,0.0002157427047605424,0.0,0.0003052291315489614,0.005386394374779002,0.002853768512211823,0.002868393218105851,0.03847562637090279,0.029338381954690608,0.11948974887787324,0.0007846671866940627,0.0,0.0,0.02266229765071324,0.0,0.0,0.007767211821342796,0.0009550660007270606,0.07583199339316266
0.0,0.00023625771372794824,0.0,6.666368670235097,1.9132548812397192,5.68092431798313,0.0008474045660008991,0.0715255371084312,0.4025901767763138,6.3464464277060095,0.019776343325822687,29.20832401974823,0.0,0.01907629796157095,3.430507705381965,0.0,0.0,0.0,0.0,8.166591437852729,0.0,0.0002013473888048431,0.0,0.34873595556939174,0.0,0.0,0.0005224978874714545,0.6594968068057067,0.0032171364747054726,0.0,0.0,0.08286577180225216,0.0,0.03561673471888425,1.1868995914621507,0.025205570106992543,0.0,0.005124848852638229,0.0013197741679944757,0.40891694736823836,0.00896876424422586,0.0,0.0127688032955232,0.0,0.0,0.0011147007932492128,0.0639639870658966,0.0022134785838766437,0.0,0.0,0.0,0.0,0.18291026503628072,0.003969586256931624,0.025408808110615116,0.0006656066795796367,0.010892821249358092,0.06650771708590832,0.11531650810893387,0.0,0.05308175778860622,0.0,0.0008563508574678171,0.036512122194324884,0.0,0.0,0.0,0.0,0.06414151948765176,0.0,0.0,0.0,0.028210833521646706,0.0,0.0,0.0,0.15275585812258244,0.0,0.0,0.0,0.00024057206179538553,0.0,0.0,0.10349006537932998,0.05126727016656591
0.000846178525006923,0.03318458984779474,0.009271471791850632,0.0,0.03407667747698239,0.0,0.012427955567911857,0.000828269111757068,0.009042359518787043,0.00258332423306394,6.266741701548147,0.0,19.404316006090685,0.0012076815235382025,0.0,0.019165274404622644,0.001574048259738158,0.05083649388088282,0.02227459581904302,0.0,0.0064039111711553225,0.017516372070321376,0.01074545684754447,0.04420656213356427,5.2735083454097795,0.2774088974550939,3.131443333007267,0.03941220277377361,0.022524014154937332,0.0023416580609411223,3.7029182361436854,0.09801790411254788,0.0,0.2432221465941525,0.11305846038801287,0.8733294485774772,1.1342407512640296,1.9705254958702823,0.2385308705016235,0.048302201963806475,0.731771564707979,3.220001311177365,0.17139963886722703,0.12262888904124152,0.11331742464430704,0.01453787264634467,0.08257685872550588,0.005427215810022485,0.04525262907984078,0.003970069695178259,0.025304751536673026,0.0032311755582913686,0.0029987260670064123,0.001266540213937749,0.0016682147445005715,0.002818141920351477,0.0033073001260120064,0.005833454263787335,0.0018065528129955165,0.11832349505138937,0.0,2.138221946368737,0.0009629852794719095,0.0032195224236161377,0.00786563479646667,0.0,0.0009814858925183407,0.0015430857342558632,0.0,0.0091895664998334,0.00952906428652885,0.01768199335312989,0.07068011811433829,0.4646068460263556,0.15151918633777828,0.8965959380082879,0.09519543115359984,0.015991656052866805,0.023561976227696815,0.374948492471643,0.0,0.0011993811024375637,0.04136432142329234,0.10622590896946225,0.07484359941076978
2.366107671571876,0.010489172134120123,0.5837969679474537,0.07878427094715577,0.017323351983595334,0.041094296909559354,9.563245344912797,2.1310136093317187,0.09933194807515118,2.699273622099753,0.004668289850798789,0.01907629796157095,0.0012076815235382025,11.895374274700426,0.00320168961346574,0.028764444079471107,0.47345496059861913,0.0,0.09254907611501366,0.038727975628049964,0.08201827086731577,0.02020221711099132,0.3499778495188853,0.5943459668925654,0.0014643984713491023,0.7800820639476874,0.5155444107495714,1.4135354111498788,0.6008297247313116,0.15375372797827144,0.0,0.23085844100923109,0.004064878751341356,0.11813106617843863,0.0030677952236725704,0.09897644105842186,0.023718131366362208,0.09963742878078433,0.028751169181695593,0.0914623773051965,0.025110728788064203,0.0,0.013939845165189434,0.00019165343431284135,0.0,0.0,0.01694298703743405,0.0,0.0,0.0,0.003335698907908094,0.0,0.0,0.0,0.0,0.0015442914223095445,0.0,0.06510846467209064,0.0,0.0,0.0006251329007932768,0.0011111422717488427,0.0,0.0011989088890611607,0.0,0.0,0.0,0.0,0.0,0.0006723283499407832,0.009671353572248886,0.0,0.21961267071354,0.0,0.0,0.00030718606116667793,0.03714069333018225,0.0007695971763591123,0.004788589189388211,0.0,0.0,0.0,0.0,0.0,0.015716258279024387
0.0008506145433987469,0.010903109856377597,0.0005090934633602727,0.5329964356292448,0.5272468161469694,1.2533787888367078,0.004610125956102767,0.0278213849995222,0.800410506024435,0.43570704361315044,0.002424570515972198,3.430507705381965,0.0,0.00320168961346574,2.031800182704317,0.0,0.0,0.0,0.0,0.2385730458477245,0.0,0.008782975224493672,0.001199931190972189,0.7257470272276931,0.00020843724329674477,0.0016194580459056337,0.009752805969408609,0.09448975375614058,0.005520721355414713,0.0,0.0,0.002812971644476976,0.0,0.004883021660241213,0.07605616870130644,0.36882657995502266,0.0005978018095425147,0.0008034783358453085,0.0014479246113659674,2.4026963158033574,0.01891779142926165,0.0,0.032718180512106794,0.0,0.0014197092295912042,0.0018471635268114857,0.2141584051329559,0.006094908246622106,0.0,0.0,0.0,0.0,0.11235602943829558,0.021827130387914253,0.07520495500424926,0.0030726690679180506,0.013680155933247663,0.06458322538614386,0.18401975721016975,0.0,0.11486847961706667,0.0,0.0,0.09662199325732798,0.0,0.0,0.0,0.0,0.09992829702583632,0.0,0.0,0.0,0.047687531313044026,0.0,0.0,0.0,0.15455291278028543,0.0,0.0,0.0,0.0,0.0,0.0,0.08542906057852584,0.00906568570074978
0.0062606635289400425,0.3688119031785912,0.16081323545339027,0.0,0.0011113227922645997,0.0,0.09072766263621183,0.004755376210222091,0.0222655465047945,0.0010409137243766998,0.044295483137219524,0.0,0.019165274404622644,0.028764444079471107,0.0,23.90178892060606,0.27599634986045357,0.0017466692066740643,0.034133150973319294,0.0,9.734290673560913,3.6183707874688804,8.515218923265566,3.3253472770024897,0.03211080809583682,0.07259800915706806,4.8878581086428134,2.685605542938685,0.10331839341619256,0.32898072614060025,0.0008341646847881969,0.004136888306797155,0.007278473437011792,0.7351847602737214,0.06756534623562632,4.461043759376737,0.7905437834739981,1.5930898040337327,2.1478002562507768,1.0739352204385868,0.0293623135457657,0.0033528675076800814,1.3076023219872792,0.2743820738185244,0.32790852295765915,0.17332190890936314,0.04815515743584803,0.00041240290647082063,0.00039010514208628335,0.0042919015700273195,0.06567799851210998,0.06025942652314119,0.0,0.0,0.0,0.016939683836300738,0.001013285670307542,0.02995824224178252,0.0011490854084343053,0.0023547150592432044,0.0,0.024159419260751977,0.006730555426047599,0.0004711873421871002,3.658403967732831,0.008956225351266516,0.0,0.000524863888823196,0.0,0.8713694811436351,2.138852161144313,2.980013797080026,0.9931978886098126,0.0007792148632396876,0.012166509706683067,1.7347004334007037,0.37741400294099314,0.030742708694807195,0.38502662520650494,0.0004155332334196397,0.0,0.025171401070822018,0.12174756666368784,0.008595889152135125,0.8256053041001405
0.05755174592273664,0.15300414600361298,4.504322758622311,0.0,0.0016229049337650818,0.0,1.1510550044583914,0.021224033892353958,0.012010336018325527,0.000894602922711306,0.37758896535671876,0.0,0.001574048259738158,0.47345496059861913,0.0,0.27599634986045357,6.700708500089058,0.37478510309282576,5.084876668025555,0.0,0.5697407492966073,0.022135269221098413,7.346240004101327,0.14228719156182876,0.01584520971403858,4.679089713669747,8.219138891287173,0.8064320829347102,0.08065377987765197,0.6416961444320343,0.003134205777512937,0.0049348122469559256,0.0005182114128675794,1.7896770914891769,0.0009517828869393648,0.34842209877612934,0.09531993925937904,0.3265937618474628,0.185944266551013,0.006707598036287716,0.005041185170021801,0.00082901070804033,0.06447855479921956,0.042671126658591775,0.0808420084544856,0.04224307106897679,0.0,0.0,0.0,0.0,0.13836816571293212,0.1707634318141993,0.0,0.0,0.0,0.0,0.0,0.0,0.0,0.0001776794773401476,0.0,0.002405122973991426,0.0,0.0,0.0033394462392742183,0.07467261051523341,0.0004160690357557901,0.014976796077036126,0.0,0.0005993291467418995,0.025518957328846778,0.04652312581590805,0.00015815517849457802,0.007192964374546556,0.2575483488851074,0.9898521237610839,0.0,0.0,0.0,0.0007055988373461784,0.0,0.0,0.02502622639935939,0.0,0.019215498947206887
0.0043980053478236735,0.022290437018500902,0.058552649960097534,0.0,0.08139285579313463,0.0,0.025571480313881314,0.0,0.0006952418117371904,0.0,7.717672157212335,0.0,0.05083649388088282,0.0,0.0,0.0017466692066740643,0.37478510309282576,8.132671222849385,2.4856078272324256,0.0,0.024069010549420528,0.0032754855308349596,0.09642613919141003,0.0,0.04476507955324748,4.829130583675576,1.0572255703840796,0.0034268077268368286,0.01151925095116164,0.049311622881938445,0.12287375445514562,0.17071843087610725,0.0003084313927221955,2.384593102009802,0.0028134008594712734,0.9279554739128306,0.5194456150131855,1.8957846042038387,0.8362181829849515,0.008700618756995,0.03639834347091788,0.050376762909643276,0.003558344390649588,0.005521314092864792,0.006179055521250559,0.0012573621561589757,0.0,0.0,0.0005004479928240592,0.0,0.011572836678393175,0.0012116146453778431,0.0,0.0,0.0,0.0,0.0,0.0,0.0,0.001083553637522829,0.0,0.02344878065237372,0.0,0.0,0.0,0.0,0.00030924486731520205,0.0016384177323807486,0.0,0.0,0.0,0.0,0.0,0.01447901403981712,0.0462020883627278,0.15441511323996682,0.0,0.0,0.0,0.01055006123999395,0.0,0.0,0.0003945704318084493,0.0023452385289499137,0.07059666314721055
0.030583781474490927,0.15357608051208052,0.6090887063928171,0.0,0.01668614440742113,0.0,0.380399698876697,0.004471640189004019,0.012061936634945035,0.0,0.46991788926611366,0.0,0.02227459581904302,0.09254907611501366,0.0,0.034133150973319294,5.084876668025555,2.4856078272324256,12.379413356122273,0.0,0.11298671276483377,0.01124581698444151,0.7354851984545276,0.01017721609020963,0.0768249957509215,10.27803383236525,5.074169726098149,0.10244818103217741,0.03731991599653105,0.30116282062719096,0.020866862966840854,0.019517048837480507,0.001109979148738558,2.083485104473557,0.0023084675035581134,0.5686653539031521,0.2348092578153773,0.7774540147853275,0.4246629845150715,0.0029865778778116205,0.008497911006177455,0.001345165942748931,0.02197799676751704,0.06324085162637018,0.05932260366237873,0.028180520305282956,0.0,0.0,0.0,0.0,0.1126734125322293,0.05992756419930909,0.0,0.0,0.0,0.0,0.0,0.0005444088900757527,0.0,0.0008302776785735762,0.0,0.021737881193096775,0.0,0.0,0.0,0.035782074121856924,0.002646708587051811,0.028077810967384535,0.0,0.0,0.0038360054366141784,0.00398856317910412,0.0,0.029897726673869234,0.4191998064294608,0.9510896753264326,0.0,0.0,0.0,0.021940295839208243,0.0,0.0,0.01297126766375596,0.0,0.04028144605868773
0.0,0.0,0.0,21.88384412367662,0.3696166457591297,0.27415617431859257,0.003011614790105715,0.053677877377310244,0.2708032678453759,9.865893944076202,0.010237535369669882,8.166591437852729,0.0,0.038727975628049964,0.2385730458477245,0.0,0.0,0.0,0.0,4.885043456811386,0.0,0.0,0.0,0.194868941699625,0.0,0.0,0.0,1.7092904778581313,0.0043826907527385155,0.0,0.0,0.08235585661688503,0.0,0.03620359327243757,0.00039399012139407517,0.024223332833123466,0.0,0.003659328984602187,0.0,0.19567742163076043,0.010483680810182628,0.0,0.01128848844744084,0.0,0.0,0.0,0.05997326672673738,0.0,0.0,0.0,0.0,0.0,0.04768017316598123,0.0003318814186921459,0.0067363591592314205,0.0,0.0017641533888499352,0.1381859442588984,0.0010459558298462977,0.0,0.028621907657894016,0.0,0.0,0.021217212428283498,0.0,0.0,0.0,0.0,0.01782954473360376,0.0,0.0005908342264577141,0.0,0.06854872876776816,0.0,0.0,0.0,0.005083001963294122,0.0,0.0,0.0,0.0,0.0,0.0,0.0,0.004931925512271898
0.018543405830287574,0.01251171051725026,0.5518838520983672,0.0,0.0005688210118345855,0.00021941910836633294,1.2581038671232265,0.006903173060039266,0.006338936981344384,0.0010158427041332112,0.05503109156599287,0.0,0.0064039111711553225,0.08201827086731577,0.0,9.734290673560913,0.5697407492966073,0.024069010549420528,0.11298671276483377,0.0,36.283076048593315,0.056096787972632976,19.647675769300346,1.474627970159001,0.0022651648617723575,0.2268014100077914,0.7955706319825537,11.356497322421225,0.23996466199490527,8.613871159598222,0.0008583144409313989,0.008183825969227456,0.014472037943723617,3.990041439381588,0.04609782874863615,2.1969751439002065,0.1382674020098881,1.963562875100716,1.5000231385286134,0.9001695921574041,0.025902875274934588,0.0,0.10174121974999689,0.00837529440985086,0.010745742585492674,0.005347463666182605,0.0012632156953360787,0.0,0.0,0.0,0.004841929968424124,0.0013490877278889927,0.0,0.0,0.0,0.0,0.0,0.0047324081267813185,0.0,0.0,0.0,0.0006778832488593549,0.0,0.0,0.08692403338775298,0.00031562266244886784,0.0,0.0,0.0,0.09226037819792182,0.09724395354570244,0.03451713250836693,0.1612066661345212,0.0,0.0023497734883523107,0.01986751518854311,0.040382217533871285,0.004385458193471665,0.04499100152388814,0.0,0.0,0.00274211372156654,0.012034989579634277,0.005011221392395334,0.49592860069514344
0.003881310913962656,1.4525933160057751,0.012948010962761474,0.0018878612438557407,0.0009961127930632131,0.0,0.044795510162463276,0.0019093139278794115,3.439585754375647,0.002841518250784872,0.007796971692142287,0.0002013473888048431,0.017516372070321376,0.02020221711099132,0.008782975224493672,3.6183707874688804,0.022135269221098413,0.0032754855308349596,0.01124581698444151,0.0,0.056096787972632976,5.855018825994738,0.08564458942364797,7.68855531265138,0.33267131306187114,0.03380314013801398,2.479052977537762,0.2169504246275664,0.11371332985716652,0.12734915427674323,0.0037678162929996807,0.002786668768113715,0.007380173836605576,0.07767874745683764,0.006875052188037393,0.28380417287088683,0.044151773744660665,0.11715534001425819,0.10987101584778124,0.12398757179659066,0.014962498234330872,0.027040780167451435,0.2828397678060855,0.034788403849372894,0.05614519997125909,0.02674737357805261,0.0072781707149822805,0.0005137311380135472,0.0003802719321058201,0.011544183764316783,0.029134361355352106,0.01797839242583459,0.0,0.0,0.0,0.043901028476737644,0.004476658404930369,0.27461799801521797,0.0023589803561653907,0.0014667952117912951,0.0,0.021571983440196823,0.018815626155092018,0.0,0.3965669721759818,0.009360122531942933,0.0002742839396147196,0.0,0.0,0.11366489970025086,1.5222609286411874,0.25721912693591853,0.7800835632157194,0.013381613189902383,0.0033606647806125136,0.37342984143469443,0.22364241351028136,0.05293652992831272,0.2195369150708194,0.0009242120755147777,0.0,0.0097412118386901,0.04578051391253739,0.005743860928147722,0.14622304733533445
0.041705972658706576,0.06054306620338094,12.938338787872574,0.0,0.007204601685369871,0.0021176516849975395,3.709867072213458,0.018998021559667715,0.008841622361734936,0.006734698130053322,0.16619575603878503,0.0,0.01074545684754447,0.3499778495188853,0.001199931190972189,8.515218923265566,7.346240004101327,0.09642613919141003,0.7354851984545276,0.0,19.647675769300346,0.08564458942364797,50.49760020473752,0.6375361236386852,0.005242800138485331,2.7394313129437085,10.312360192402913,8.35044658168398,0.17583739798061687,2.2182275597161856,0.0024129514333316856,0.015807217931589217,0.006530502336071527,3.8158586432015773,0.09261625151166179,7.21926462736549,1.2834307687396613,4.43779563934122,4.788700661100251,1.5099243791485757,0.04341400548462377,0.004235654849617836,0.2890168398801854,0.11720776654648486,0.11537752560887105,0.04843443505882692,0.0037880123507042667,0.0,0.0005424509819512914,0.0,0.033203755160472935,0.06416446478586377,0.0,0.0,0.0,0.00042354368103577467,0.0,0.0025318020507493397,0.0,0.0,0.0,0.002945503827073288,0.0,0.0,0.7309938220640495,0.008383731011133034,0.0,0.0006649781427614089,0.0,0.05927451062899399,0.21429801591721634,0.8940970965937923,0.07712798657624886,0.001973619378223555,0.016780513093613014,0.8589781127956151,0.009660070620653875,0.0,0.01937239435418211,0.0,0.0,0.0005173121931263851,0.02138518809617088,0.006450225628744403,1.3292964389769597
0.1489843922370617,1.0176667192098319,0.13485885566517708,3.4136173934733867,0.39255231441664334,0.21236050354970762,2.307360120583468,0.40236173246690105,13.885984487781032,2.1818019233577153,0.10255222167043825,0.34873595556939174,0.04420656213356427,0.5943459668925654,0.7257470272276931,3.3253472770024897,0.14228719156182876,0.0,0.01017721609020963,0.194868941699625,1.474627970159001,7.68855531265138,0.6375361236386852,55.014411514593334,0.11634717340098198,0.06868987376673243,2.215362914549345,23.399931808217993,1.8035368948026358,0.9744823584247615,0.0,0.5147029710069231,0.08340100073345032,1.150730465866141,0.09850090131823368,2.6189951168503685,0.13388893563851129,0.9001303626897281,0.5207345847823878,2.7774165569690537,0.658597617635864,0.005207401944077945,2.833380621167472,0.026797071054968032,0.3570990327074715,0.09052193758995297,0.6739173908668888,0.0242788182193708,0.0023260607752573718,0.2017536843474874,0.026279352613798514,0.003170809478251366,1.3541330231228343,0.012813492439430418,0.5486970131140274,1.030813562002281,1.7183871867308136,1.9442313858650742,1.3855063260721099,0.0,0.15554823681304028,0.004231595835896136,0.34806744331188405,0.1162456571144217,0.15911754092654995,0.0,0.0,0.0,0.4688708260182477,0.11875870978775283,0.37042457757272274,0.07533157802654945,8.964597434818318,0.0009077728127344079,0.0,0.08067770794610277,5.748589124138428,0.4770041416510283,1.333020394585777,0.0,0.0,0.13510873679282573,0.19598759282245382,0.01491074919221684,0.6968343499023149
0.0028721714563064507,1.4110517321027782,0.0032536554507384603,0.0,0.003914652664616412,0.0,0.008007933189288751,0.0016255899562729827,0.23712644770010188,0.0,0.15715135102853045,0.0,5.2735083454097795,0.0014643984713491023,0.00020843724329674477,0.03211080809583682,0.01584520971403858,0.04476507955324748,0.0768249957509215,0.0,0.0022651648617723575,0.33267131306187114,0.005242800138485331,0.11634717340098198,3.3053818416235448,0.22819029902871701,5.07575516051395,0.008128193122013705,0.012560795518836793,0.004472789361303851,0.3697950670284544,0.002913030654920942,0.0018029174647370037,0.050969920516494446,0.002862909386734292,0.15848508527268074,0.4016538136180201,0.17767828862219626,0.07909427632389196,0.009942874362581448,0.02080040181022312,1.0081625125801539,0.09715804783853886,0.10099774873168278,0.11196919751310042,0.044360577711317364,0.009936585471774862,0.0,0.02879054606839963,0.0006314625533950964,0.21560283584620224,0.005466206228498284,0.0,0.0,0.0,0.0016586222751366793,0.0007984667038714813,0.003219842199620358,0.002564110610109863,0.03980282133834895,0.0,1.0287954347275559,0.0013923856588637074,0.0,0.0017512428031142206,0.012002119287508908,0.008049605387221555,0.024652277535902854,0.0,0.0049442563327613005,0.01283613521131453,0.006196743610253364,0.015496076997775839,1.3929368710036523,0.31041785140892775,1.9498921621489589,0.021014393183611695,0.009938009282960679,0.008054753115504921,0.20551395811479636,0.00276350512311065,0.0,0.038398922541167856,0.0010034238040581196,0.02915623264456127
0.10082818424841537,0.4622932190664117,11.900140698657193,0.0,0.11802483083342118,0.0009215999377807015,1.658724032946663,0.038065616318804514,0.06095940799789152,0.0032462470783224404,3.733400147615404,0.0,0.2774088974550939,0.7800820639476874,0.0016194580459056337,0.07259800915706806,4.679089713669747,4.829130583675576,10.27803383236525,0.0,0.2268014100077914,0.03380314013801398,2.7394313129437085,0.06868987376673243,0.22819029902871701,61.696297275244596,21.255427155135422,0.4570490140158993,0.188459499435222,0.736289899951759,0.8959718624679056,0.23841099948339334,0.0009311200815174823,2.4333898357329287,0.00979523374229246,4.9696544427598175,3.6202673950393605,4.791375320173338,2.7478726382328027,0.036042767651185595,0.11843777792942865,0.22595863077327996,0.3233001358499781,0.29492000699033327,0.37703042484427646,0.17219751761435279,0.001814128188555546,0.0,0.005359089570412993,0.0,0.4049544649165087,0.47304797821413497,0.0,0.0,0.0,0.0,0.0,0.0007967371372852707,0.0,0.030576519290982603,0.0,1.0157822964247007,0.0,0.0,0.005581419960003984,0.2923858188928224,0.012590927124348677,0.11363050165156578,0.0,0.00026430051487025236,0.025059246151400764,0.05616844919366634,0.002569412523098886,0.2107306417684745,2.2435812336825345,6.0198005877865866,0.0,0.00022444675989343862,0.0,0.5330152039337801,0.0,0.0,0.10603732143441842,0.004965678697054533,0.37951271457954416
0.1161069147129611,8.165017216061825,12.299023872495999,0.0,0.05447455352566807,0.0006772903576439763,1.1129427724556857,0.022655360918548244,1.4025714497552975,0.0012792655264106609,0.47029715220400015,0.0005224978874714545,3.131443333007267,0.5155444107495714,0.009752805969408609,4.8878581086428134,8.219138891287173,1.0572255703840796,5.074169726098149,0.0,0.7955706319825537,2.479052977537762,10.312360192402913,2.215362914549345,5.07575516051395,21.255427155135422,65.77609282311742,1.3679376895661903,0.19100759077162524,0.9936696818713326,0.6442523543969624,0.08885916599890083,0.0036295440220939943,3.710074606840195,0.05797662376976204,9.8918270081294,3.0747593583038952,7.959553246250121,5.777610346084778,0.6196361104418339,0.2113173002453558,0.19905544417047727,2.436501353629395,0.8825042097250938,1.6847095400688485,0.7012939462109413,0.018632307277786565,0.0008792915147623997,0.006349622093275609,0.0,2.230782972944693,1.7689721183395681,0.0,0.0,0.0,0.0026647235532220965,0.0,0.01740774680645154,0.0,0.048806032444767604,0.0,2.0919768426398244,0.0,0.00037857707455171333,0.9443876730487105,1.0159192737956928,0.027403443786811477,0.22986940151991692,0.0,0.10972142921521437,0.7391233786653232,3.318229181086555,0.18595589196599005,0.8570966579612235,3.4842304113543734,19.890701379613652,0.06132168164736703,0.0048376149633593225,0.00733419573372071,0.8075269469359962,0.0,0.0019346904519073167,0.519984977017089,0.00434268612600031,1.3534592775736165
0.2873003112533279,0.026809153879912274,2.0239023415185717,9.041698870152228,0.5137188837612092,0.4757922435741844,27.734095825229563,1.3056436006398398,0.9497100335716704,9.242489188112794,0.1826890703994686,0.6594968068057067,0.03941220277377361,1.4135354111498788,0.09448975375614058,2.685605542938685,0.8064320829347102,0.0034268077268368286,0.10244818103217741,1.7092904778581313,11.356497322421225,0.2169504246275664,8.35044658168398,23.399931808217993,0.008128193122013705,0.4570490140158993,1.3679376895661903,90.78439245262824,3.9209823115009557,11.573780332405237,0.0,1.0657525858712178,0.20811901522030068,3.5467426502658386,0.15371462332612254,4.356660318303877,0.2709169790657961,2.240945699013473,1.3739514147845817,3.300781595090897,0.9020494683249267,0.009385556899698121,0.6832880390840566,0.02360489707012941,0.043617770833488494,0.012060103891811932,0.32123890791123877,0.0018639986514848246,0.0011919545158174173,0.020556003535439283,0.005423115838804159,0.0010685948414687677,0.060084545183688325,0.0,0.026753828605325772,0.06754461036370792,0.03970736547524884,0.7659773767125644,0.0148459814952864,0.0002323462168873709,0.0728561704926637,0.003411610622454388,0.011733234077136272,0.09593467600128265,0.06029089720115474,0.0,0.0,0.0,0.02608803276641366,0.0649978672698123,0.15343886980916355,0.01838311074141396,3.195213431883208,0.0,0.0,0.019082038483219023,1.2355974619939483,0.08782401685345945,0.4950575248208618,0.0,0.0,0.03253091601603268,0.050678556504010756,0.006016385316933806,0.9936351751105503
3.533460521954537,0.018244087564432295,0.060792187772158016,0.02419823486200851,0.018730558972294094,0.0188017806480976,3.485342732293407,0.17622011244728045,0.31950972084585527,0.25370259638904213,0.017228267729399564,0.0032171364747054726,0.022524014154937332,0.6008297247313116,0.005520721355414713,0.10331839341619256,0.08065377987765197,0.01151925095116164,0.03731991599653105,0.0043826907527385155,0.23996466199490527,0.11371332985716652,0.17583739798061687,1.8035368948026358,0.012560795518836793,0.188459499435222,0.19100759077162524,3.9209823115009557,14.303411636703391,2.744437392227243,0.0007640661390264495,0.8371546830782711,2.3729057209124917,1.2491787813652282,0.01218537130484634,0.13887524889010014,0.01293688350986692,0.27937631215000536,0.03489497570286,0.21750017355045811,0.051325496462034735,0.0006883763078738823,0.18272100072403635,0.004441983480772743,0.0064165342436520514,0.001232667301865546,0.01834492462752508,0.0,0.0005975385073561378,0.001569476117079452,0.00844569699163688,0.0,0.0,0.0,0.0,0.0014213293851446755,0.0,0.2831753089238753,0.0,0.0,0.0,0.006175379187538095,0.0,0.0007214844190743041,0.006847004969636043,0.0,0.0,0.0,0.0,0.013818023074403642,0.034598092255337956,0.0010300222733303401,1.160439483267312,0.00022703460270290623,0.00028101760367282375,0.0003371082941925053,0.3423137106345687,0.014315914103295378,0.12165943144288473,0.0,0.0,0.004529682567140999,0.0066292269149315335,0.0,0.07413781504854461
0.5511885703845243,0.03780430579903722,0.40237734389899665,0.00039133364332578967,0.0011075701350260494,0.0008643856000085632,7.377393376896131,0.01954555224970492,0.06599806852965039,0.006734516225649467,0.04584237706596105,0.0,0.0023416580609411223,0.15375372797827144,0.0,0.32898072614060025,0.6416961444320343,0.049311622881938445,0.30116282062719096,0.0,8.613871159598222,0.12734915427674323,2.2182275597161856,0.9744823584247615,0.004472789361303851,0.736289899951759,0.9936696818713326,11.573780332405237,2.744437392227243,31.032514175771702,0.0004345443613921998,0.05025389103488545,0.11611423444664479,2.601031833393413,0.0037740816716870305,0.21763029227412578,0.03495615831882125,0.3899328739888799,0.11682349438095546,0.0746569889206465,0.008571516380326098,0.001459934663365718,0.15090905182062628,0.009371979154085086,0.01376480899801251,0.005619241146791677,0.0033115714756973415,0.0006741342819890992,0.0,0.0011824604003600515,0.0213461157207658,0.0,0.0,0.0,0.0,0.0029259132833210915,0.0,0.05009184370602682,0.0,0.0,0.0,0.0012516899482603616,0.0,0.0,0.02886265873050902,0.0,0.0,0.0,0.0,0.06311163522570838,0.05888757590467589,0.013696464229889595,0.44213747652467045,0.0007822584385762393,0.0003313348807391374,0.006652547596288479,0.1942500744710707,0.01616822583366496,0.14203088277713846,0.0,0.0,0.010029702591925423,0.012266906218082012,0.0,0.04622459011781129
0.0,0.007322734805727496,0.0005935947337716502,0.0,0.034033050180637354,0.0,0.0,0.0,0.0005184602681007961,0.0,1.1500271205158492,0.0,3.7029182361436854,0.0,0.0,0.0008341646847881969,0.003134205777512937,0.12287375445514562,0.020866862966840854,0.0,0.0008583144409313989,0.0037678162929996807,0.0024129514333316856,0.0,0.3697950670284544,0.8959718624679056,0.6442523543969624,0.0,0.0007640661390264495,0.0004345443613921998,0.9824090488969068,0.06446160574840384,0.0,0.26681677897476297,0.00030185825968491963,0.38567136432113736,1.091739329294741,0.7002539565883346,0.21289788912374996,0.005761563023775677,0.053964321821326225,0.3531720356490795,0.017078482110496472,0.020420030993021414,0.010959107616713874,0.000637188942610038,0.0,0.0,0.01695685422534223,0.0,0.013269699332607073,0.0018966500097154072,0.0,0.0,0.0,0.0,0.0,0.0,0.0,0.07230942761238558,0.0,1.5718372166435877,0.0,0.0,0.0,0.0,0.0013588206688854465,0.0,0.0,0.0,0.004112538865384662,0.00022048008925111857,0.0,0.1874931927264341,0.13180465041845174,0.623954015576991,0.0,0.0,0.0,0.30424547334351215,0.0,0.0,0.011328170362654577,0.0,0.03450522943511173
0.11340075060230995,0.001989070992210333,0.02205352194394178,0.14420685399531907,0.32713360009059733,0.03725798628368075,1.1435885695489296,0.09866642465251699,0.06495614529384353,1.8838333466764854,0.5485058406157767,0.08286577180225216,0.09801790411254788,0.23085844100923109,0.002812971644476976,0.004136888306797155,0.0049348122469559256,0.17071843087610725,0.019517048837480507,0.08235585661688503,0.008183825969227456,0.002786668768113715,0.015807217931589217,0.5147029710069231,0.002913030654920942,0.23841099948339334,0.08885916599890083,1.0657525858712178,0.8371546830782711,0.05025389103488545,0.06446160574840384,0.2645671157286721,0.00898770673693957,0.9417377966858583,0.006250165032223742,0.11972415610953861,0.03578273510316308,0.37781937192162207,0.006111732244275904,0.3908888544460957,0.031822025999207505,0.02387294466474972,0.00962765847936509,0.0011077982529056145,0.0,0.0,0.01980147188226276,0.0,0.0,0.0,0.0,0.0003090706371999457,0.0,0.0,0.0,0.0,0.0,0.06675178093504404,0.0,0.0,0.0008631490470564117,0.0023827201738971624,0.0,0.0032689657264152777,0.0,0.0,0.0,0.0,0.0,0.0,0.002492040848531921,0.0,0.15510479565864368,0.0018739624222223875,0.0011952765741735578,0.0031770379252984296,0.025325217200943145,0.0006889190995439274,0.0003385408001096474,0.0,0.0,0.0,0.0003027147606173648,0.0007704532299741873,0.024008626590664436
0.002418752678312611,0.0009441248415380577,0.0003774759469330526,0.0,0.0,0.0,0.07780274924129067,0.003533821585799242,0.011776970351175335,0.0005149260345357011,0.0006673374063952789,0.0,0.0,0.004064878751341356,0.0,0.007278473437011792,0.0005182114128675794,0.0003084313927221955,0.001109979148738558,0.0,0.014472037943723617,0.007380173836605576,0.006530502336071527,0.08340100073345032,0.0018029174647370037,0.0009311200815174823,0.0036295440220939943,0.20811901522030068,2.3729057209124917,0.11611423444664479,0.0,0.00898770673693957,0.21821105036931404,0.06730201027679025,0.0,0.007511335928036426,0.0,0.011566524666870087,0.0009579423632395841,0.001946359759901172,0.0038945443230521716,0.0,0.01177672852022268,0.0006002434914016341,0.0005356693710626875,0.000655385421781498,0.0023139477563907202,0.0,0.0,0.00041697007272379423,0.0,0.0,0.0,0.0,0.0,0.00046622553018525536,0.0,0.005337874649549656,0.0,0.0,0.0,0.0,0.0,0.0,0.000539143964641682,0.0,0.0,0.0,0.0,0.002645773036753049,0.004049851627559169,0.0002992102806466464,0.04951722894177721,0.0,0.0,0.0,0.021367409061955406,0.001963999524649478,0.01749924841196631,0.0,0.0,0.0014581762028731962,0.0011300048344401962,0.0,0.002069855614431371
0.07798081830410185,0.10667073619264178,0.5948250416141779,0.07634886555180596,0.23759076241629432,0.015914896741799467,1.1121228795713407,0.05036260718805342,0.10670267799369546,0.9667970950895209,8.072316375228116,0.03561673471888425,0.2432221465941525,0.11813106617843863,0.004883021660241213,0.7351847602737214,1.7896770914891769,2.384593102009802,2.083485104473557,0.03620359327243757,3.990041439381588,0.07767874745683764,3.8158586432015773,1.150730465866141,0.050969920516494446,2.4333898357329287,3.710074606840195,3.5467426502658386,1.2491787813652282,2.601031833393413,0.26681677897476297,0.9417377966858583,0.06730201027679025,7.456710107614376,0.02632904795197782,0.4867707796240378,0.20376663646778176,1.1909221496290294,0.21973288125963122,0.24780167556693522,0.12939077101125931,0.044482721716843567,0.08448255282144819,0.036066575810624155,0.046548654064396094,0.018973661326723703,0.004291419669434145,0.0,0.0,0.0014687345422662733,0.07001837167182418,0.06269768065915597,0.0002716253647462662,0.0,0.0,0.0003992806277901861,0.0,0.05630341429349675,0.0,0.000875909180390774,0.0,0.012569494919073306,0.0005628082835887617,0.0009388534020448059,0.0295156856435047,0.03360001048304539,0.001254878049043131,0.013554446137313906,0.0,0.02424186993049281,0.047945975129558324,0.03761666389291159,0.21729252154484532,0.017162284503433343,0.16731071581481213,0.5667758607337081,0.06945363884719115,0.004565598293765781,0.05381259738915859,0.006877457567296251,0.0,0.002658920812523721,0.014390266399599737,0.0018225799147562787,0.1296422389273815
0.0007061731648907405,0.0007472795063516511,0.021475172205468365,0.0,0.017097581415905408,1.602739512827109,0.062444375610599206,0.0009657980390460188,0.01631837148713544,1.0083636511276604,0.008654363848530643,1.1868995914621507,0.11305846038801287,0.0030677952236725704,0.07605616870130644,0.06756534623562632,0.0009517828869393648,0.0028134008594712734,0.0023084675035581134,0.00039399012139407517,0.04609782874863615,0.006875052188037393,0.09261625151166179,0.09850090131823368,0.002862909386734292,0.00979523374229246,0.05797662376976204,0.15371462332612254,0.01218537130484634,0.0037740816716870305,0.00030185825968491963,0.006250165032223742,0.0,0.02632904795197782,265.6176038638958,2.2823722201685515,0.24258324813036597,0.1617034671628135,1.255798002615355,0.8916017751616134,0.45620552849521995,0.021085732294203265,0.7004350274861831,0.23046645110938885,0.09298358204904801,1.6454303597375095,0.16269859891899321,0.054733176674511407,0.00123116602090291,0.0,0.012235102652073827,0.004920518262362988,0.0,0.0,0.22146195097409893,0.0,0.000527544522029408,0.002128658138543759,0.04660684591642767,0.0018836940352453956,0.6179961287761011,0.002735937317099635,0.0006401306134584493,0.0024687466287930896,0.0,0.002361314220559892,0.00035349663268613863,0.004149051662846493,0.0,0.002298323715536831,0.0009186401925148493,0.016226719093731284,0.0038725540334442056,0.00039892285776692944,0.008933786653953361,0.022114992660246045,0.0,0.000643534027661088,0.0006703562394898517,0.0,0.0005613401320687689,0.0,0.036978949408307565,85.49210379933483,30.092401321557237
0.013954286946236847,0.30125447064422156,2.975862402201056,0.11602064968414214,0.8778171592021125,0.03168379314814497,1.103106458889462,0.0801116169541075,0.24612738827946973,0.7661925689933061,0.3194935233581129,0.025205570106992543,0.8733294485774772,0.09897644105842186,0.36882657995502266,4.461043759376737,0.34842209877612934,0.9279554739128306,0.5686653539031521,0.024223332833123466,2.1969751439002065,0.28380417287088683,7.21926462736549,2.6189951168503685,0.15848508527268074,4.9696544427598175,9.8918270081294,4.356660318303877,0.13887524889010014,0.21763029227412578,0.38567136432113736,0.11972415610953861,0.007511335928036426,0.4867707796240378,2.2823722201685515,3.137050625775941,13.6173965029419,1.4998769745448957,3.0552642544371813,2.533737143535265,0.9674506556101983,0.13495273716683961,0.8943225348745742,0.33090857561421716,0.3619790693070794,0.16393198909970583,0.08606715018068005,0.015922120623758036,0.015243306870899002,0.007192904238317756,0.2994980110302476,0.38180571558183407,0.005348326094070175,0.0016091295297895908,0.0058723660662355695,0.020034781844421843,0.0049636573956716905,0.1929167014776322,0.010552575918456233,0.02248412105001069,0.007013180772216922,0.16167984412287253,0.0066594381569138085,0.008918989884637596,0.5150373077366752,0.12855836745688923,0.007483654195882973,0.02937101493097305,0.0019773724408434718,0.31142071844264807,0.28307714005297463,0.8476866937624109,1.3330995639449792,0.06313452628668931,0.5338518558988411,2.6424452419150946,0.6139489905477451,0.06971377482337666,0.5071107400112104,0.06603344597971471,0.0037299549874354205,0.03253097467052273,0.17353387090169878,0.361591073378218,2.4223945717747792
0.003737963422123395,0.09834055262116886,0.6595880307669243,0.0,0.048386419285539106,0.0008547281857541446,0.12599761727657877,0.0013008186890983596,0.012528522444324418,0.010110002825350437,0.949521638397076,0.0,1.1342407512640296,0.023718131366362208,0.0005978018095425147,0.7905437834739981,0.09531993925937904,0.5194456150131855,0.2348092578153773,0.0,0.1382674020098881,0.044151773744660665,1.2834307687396613,0.13388893563851129,0.4016538136180201,3.6202673950393605,3.0747593583038952,0.2709169790657961,0.01293688350986692,0.03495615831882125,1.091739329294741,0.03578273510316308,0.0,0.20376663646778176,0.24258324813036597,13.6173965029419,1.2896236519730622,9.27169678363879,4.414703613846844,0.47849208274304056,0.6573438148259431,0.3515508705003067,0.4890845159530779,0.11274634989380178,0.19340579177492498,0.07513973894154978,0.027618912649470126,0.0041829541258223924,0.02182669144376717,0.0,0.0822341442446628,0.19204815283465643,0.0,0.0,0.0,0.002904144947000195,0.0034950150706767815,0.010586912544874818,0.0,0.034862594510341655,0.0003983967286688852,0.39980348543265165,0.00036672411482051363,0.0,0.15621439404245074,0.09154231122763233,0.0027417650236986747,0.032994475199210185,0.0,0.04242804085490482,0.04202854604596685,0.3992746020058649,0.057363826134674584,0.11663811885021635,0.44678451365628813,1.4584481315330975,0.04444728854780935,0.003983156314277375,0.012431192454245206,0.12421585860835371,0.0003741210946222913,0.0015209448804171975,0.08536284766906943,0.12287351539196895,2.614832625886635
0.03198333283609793,0.25593563252701507,1.9701269678399842,0.00482621871466195,0.19089731833143708,0.0015817055083553993,0.49833738209617495,0.01184927113819576,0.08311388774566915,0.10239813962411966,3.476568228616869,0.005124848852638229,1.9705254958702823,0.09963742878078433,0.0008034783358453085,1.5930898040337327,0.3265937618474628,1.8957846042038387,0.7774540147853275,0.003659328984602187,1.963562875100716,0.11715534001425819,4.43779563934122,0.9001303626897281,0.17767828862219626,4.791375320173338,7.959553246250121,2.240945699013473,0.27937631215000536,0.3899328739888799,0.7002539565883346,0.37781937192162207,0.011566524666870087,1.1909221496290294,0.1617034671628135,1.4998769745448957,9.27169678363879,2.715020029219988,2.210146007635375,0.38535844738360314,2.261573839785516,2.16352106686469,0.4127582710868613,0.10878526600778442,0.2101560581486966,0.08868820886289791,0.007961249583040843,0.0,0.0012134506036045592,0.0,0.19546362334471012,0.28476991268878143,0.0,0.0,0.0,0.004875451344958928,0.0,0.05312391951948481,0.0,0.004342977301650243,0.0,0.07570037211647411,0.0008592994617354471,0.0,0.12802501314891282,0.14428006707213503,0.0026365214511817284,0.03459822306771108,0.0,0.07576280599094598,0.12003559931806412,0.3658682975986883,0.39072101521000613,0.0691138065160288,0.5156231671509689,2.0951951932317243,0.19250721710731467,0.014132294125485832,0.15920307477319276,0.03584123470954459,0.0,0.011098430216759492,0.08050037052676304,0.03223130822401026,0.6661815313242411
0.005998459520685341,0.14108395647079,1.4663005758489616,0.0,0.004008921892587035,0.002738764446744224,0.21350610838169307,0.0038445828869529608,0.03690688630057549,0.006380390664742422,0.2745661409040232,0.0013197741679944757,0.2385308705016235,0.028751169181695593,0.0014479246113659674,2.1478002562507768,0.185944266551013,0.8362181829849515,0.4246629845150715,0.0,1.5000231385286134,0.10987101584778124,4.788700661100251,0.5207345847823878,0.07909427632389196,2.7478726382328027,5.777610346084778,1.3739514147845817,0.03489497570286,0.11682349438095546,0.21289788912374996,0.006111732244275904,0.0009579423632395841,0.21973288125963122,1.255798002615355,3.0552642544371813,4.414703613846844,2.210146007635375,1.056008684872332,3.776298352518099,3.2594831153455806,0.08252950931531122,0.34074496736312637,0.09683580733927322,0.1509611808868027,0.1203367432258893,0.008837828956679828,0.00836421677692829,0.0002440734105445204,0.0,0.11818512579648668,0.1653906115016545,0.0,0.0,0.0028276707308622835,0.001103062489940499,0.0,0.015013971002054856,0.001620143755475099,0.0019369051761162976,0.0012824810114036198,0.04691393811084008,0.0,0.0,0.2053209517551219,0.06493305807021761,0.0005024214592057649,0.020305312609587282,0.0,0.09230079708247979,0.10125396529910162,0.39997411236456437,0.1693768674317476,0.04634731367890381,0.30179388288745534,1.5139472918004937,0.08847097596225843,0.010020539728958524,0.08868453354962827,0.016575501937918083,0.0,0.004922628342264933,0.04841039935463438,0.6950528868130191,7.02221466964432
0.015076401409817192,0.045561933594131424,0.1572344774829868,0.6996503271001535,2.98454971457333,0.12646218810992244,0.8456181763677785,0.0978324588841714,0.7018172929809724,1.5533691752769838,0.08605669164897466,0.40891694736823836,0.048302201963806475,0.0914623773051965,2.4026963158033574,1.0739352204385868,0.006707598036287716,0.008700618756995,0.0029865778778116205,0.19567742163076043,0.9001695921574041,0.12398757179659066,1.5099243791485757,2.7774165569690537,0.009942874362581448,0.036042767651185595,0.6196361104418339,3.300781595090897,0.21750017355045811,0.0746569889206465,0.005761563023775677,0.3908888544460957,0.001946359759901172,0.24780167556693522,0.8916017751616134,2.533737143535265,0.47849208274304056,0.38535844738360314,3.776298352518099,0.962783459785859,0.8629460189844241,0.007960539858120112,0.26568241459922204,0.015759750205950607,0.012775447118683463,0.011890678244672695,0.36190789757705627,0.016260504723001865,0.00046827799001860574,0.001874231986851927,0.007035770523014139,0.004994093190973227,0.16782457818455906,0.027467861443921902,0.0959098102018608,0.008491337216142807,0.027496113813251618,0.28939422507760715,0.25734034612676276,0.0,0.14325455236001855,0.003108170089405695,0.0018615858775106785,0.18807392001263884,0.045854013370320246,0.0,0.0,0.0,0.08625878439432466,0.016817063661435205,0.08190932874898325,0.019014207515009176,0.9732892361589943,0.00048626283215981886,0.0019116371545077327,0.06438870137648695,0.4671044447233049,0.018154948801090327,0.09047485226475029,0.0,0.0006176517414541035,0.006860286884702765,0.0120528181402697,0.13672422825196132,0.6758969041826379
0.005505768346529143,0.007361026276835443,0.03293543733024702,0.05385522346342358,0.15348919625623567,0.008954554732722345,0.4521842641239345,0.03284029340111847,0.0729589905695686,0.31062010105084475,0.1528330040556434,0.00896876424422586,0.731771564707979,0.025110728788064203,0.01891779142926165,0.0293623135457657,0.005041185170021801,0.03639834347091788,0.008497911006177455,0.010483680810182628,0.025902875274934588,0.014962498234330872,0.04341400548462377,0.658597617635864,0.02080040181022312,0.11843777792942865,0.2113173002453558,0.9020494683249267,0.051325496462034735,0.008571516380326098,0.053964321821326225,0.031822025999207505,0.0038945443230521716,0.12939077101125931,0.45620552849521995,0.9674506556101983,0.6573438148259431,2.261573839785516,3.2594831153455806,0.8629460189844241,0.22247188911691773,0.37187722287805014,0.06795398803485418,0.00652011867411111,0.008863542380579972,0.01474841077157995,0.011178443957388248,0.0012145543871700953,0.0008871260128871409,0.0,0.0034464839738012074,0.007456687612373359,0.00021426816498937488,0.0,0.000975281642545209,0.0,0.0,0.0573639869592474,0.0,0.0,0.00047928395431145337,0.0016782109737047263,0.0,0.0,0.0010036370626138299,0.0005236407553921159,0.0,0.00024243413217352153,0.0,0.00036920541222413357,0.004655395326552357,0.0030451583088502636,0.15590272902042468,0.0004073286221079886,0.005486799294346613,0.0358176088039766,0.016583489362668357,0.0005936477408798842,0.002837377154325947,0.002801053614047242,0.0,0.0,0.002253543556523667,0.16749977766003257,0.5994460669472335
0.0,0.058647205890544535,0.0022324315186552203,0.0,0.006823423628060963,0.0003942707012138304,0.0028267750337453747,0.0,0.007933196011334997,0.0,1.165730531951863,0.0,3.220001311177365,0.0,0.0,0.0033528675076800814,0.00082901070804033,0.050376762909643276,0.001345165942748931,0.0,0.0,0.027040780167451435,0.004235654849617836,0.005207401944077945,1.0081625125801539,0.22595863077327996,0.19905544417047727,0.009385556899698121,0.0006883763078738823,0.001459934663365718,0.3531720356490795,0.02387294466474972,0.0,0.044482721716843567,0.021085732294203265,0.13495273716683961,0.3515508705003067,2.16352106686469,0.08252950931531122,0.007960539858120112,0.37187722287805014,1.4380979673335046,0.03635492823096311,0.02655592857965506,0.048687939149634506,0.009717996710253566,0.008666037322167506,0.0035086073960403142,0.011835303974855596,0.0030227351558157053,0.002931341982826914,0.0,0.0,0.0,0.0,0.0,0.0,0.0,0.0,0.009537100210267033,0.0,0.07106718731344029,0.0,0.0,0.003067958466554947,0.0,0.00030195186084439957,0.0006934372565876487,0.0,0.001791626615194723,0.00019580203731636684,0.00590406317070987,0.004289126580813566,0.017199489524523808,0.01298760126178657,0.04288931898509473,0.006824585492991145,0.0018636761077043798,0.0009862256533824411,0.006020995285867557,0.0,0.0,0.02913405221711407,0.004916443159194683,0.14867888144933536
0.019794091858585033,0.15265391759743316,0.4131600595156093,0.01953194344349209,0.01640053657269349,0.006511303935886677,0.35100717329216496,0.0034374957603096018,0.5601654096857682,0.03481569525518579,0.019093479351823983,0.0127688032955232,0.17139963886722703,0.013939845165189434,0.032718180512106794,1.3076023219872792,0.06447855479921956,0.003558344390649588,0.02197799676751704,0.01128848844744084,0.10174121974999689,0.2828397678060855,0.2890168398801854,2.833380621167472,0.09715804783853886,0.3233001358499781,2.436501353629395,0.6832880390840566,0.18272100072403635,0.15090905182062628,0.017078482110496472,0.00962765847936509,0.01177672852022268,0.08448255282144819,0.7004350274861831,0.8943225348745742,0.4890845159530779,0.4127582710868613,0.34074496736312637,0.26568241459922204,0.06795398803485418,0.03635492823096311,5.458391037290134,12.492074358435184,5.224784477770987,3.5281735434666452,6.1830194387802475,1.3081517257628867,0.09330261293436107,0.14304052542489895,0.8092516866043512,2.688546211614466,0.32309214289067956,0.1755626534578775,0.4180997910095238,2.6640213653055,1.0106398740102833,0.6363125982597424,3.2904143484897084,0.6794408748683533,0.4059883088877178,0.6255170707607641,0.9913964146801607,0.12336007868161437,1.2569505307739604,1.1595881352352604,0.7424013508334129,0.9015383686571443,0.20982962523728255,5.4058055452167295,0.5718751020648339,14.067554006887383,2.430768976358558,0.10335090905553773,5.432752939566082,11.894553386073683,5.542270025162903,1.3179844815344983,2.575370848774028,0.4039761174585665,0.3205062580592295,0.48491469798675496,2.412722582284977,3.3471427201129353,3.8082655513715435
0.0,0.042722839174446935,0.11638758045958689,0.0,0.0,0.0013809537086488185,0.00816043489129957,0.0,0.0073231538442516415,0.0,0.011180679356046871,0.0,0.12262888904124152,0.00019165343431284135,0.0,0.2743820738185244,0.042671126658591775,0.005521314092864792,0.06324085162637018,0.0,0.00837529440985086,0.034788403849372894,0.11720776654648486,0.026797071054968032,0.10099774873168278,0.29492000699033327,0.8825042097250938,0.02360489707012941,0.004441983480772743,0.009371979154085086,0.020420030993021414,0.0011077982529056145,0.0006002434914016341,0.036066575810624155,0.23046645110938885,0.33090857561421716,0.11274634989380178,0.10878526600778442,0.09683580733927322,0.015759750205950607,0.00652011867411111,0.02655592857965506,12.492074358435184,1.4550859716640698,8.468305463644496,5.613247656226115,0.15798646408205588,0.08514377127570093,0.5319175884693795,0.011148491180973318,0.2208700438988678,0.6518655487394553,0.0,0.010318717992520075,0.003112920627822651,0.1552201142301577,0.02309496216086189,0.011734603231731025,0.011927721001387519,1.3112348732541537,0.0,2.1290925230730684,0.045320814519108334,0.0003052973754050813,0.23809725583346833,0.3028388598471113,0.5704235692657582,0.41217946340723155,0.0,0.40079742805152024,0.1164874802669836,3.095223561677434,0.11135963828802113,0.21529752835024174,5.236909526707089,3.609621103643878,0.25193375607869256,0.1315641166861637,0.11633353286319348,1.3172296907447787,0.023226624968172693,0.024522645717191656,1.4282593356149105,0.3520056901644709,2.7969936142982728
0.0006143294035246064,0.07992476966535206,0.2627474111979214,0.00022601724924027364,0.0,0.0,0.02068093611744429,0.0,0.10870912329575286,0.0,0.008107609813275525,0.0,0.11331742464430704,0.0,0.0014197092295912042,0.32790852295765915,0.0808420084544856,0.006179055521250559,0.05932260366237873,0.0,0.010745742585492674,0.05614519997125909,0.11537752560887105,0.3570990327074715,0.11196919751310042,0.37703042484427646,1.6847095400688485,0.043617770833488494,0.0064165342436520514,0.01376480899801251,0.010959107616713874,0.0,0.0005356693710626875,0.046548654064396094,0.09298358204904801,0.3619790693070794,0.19340579177492498,0.2101560581486966,0.1509611808868027,0.012775447118683463,0.008863542380579972,0.048687939149634506,5.224784477770987,8.468305463644496,3.2692397821671193,2.295067720518402,0.3824750181093463,0.7581180710934283,1.5955490607686271,0.20086637268391322,0.44844992894890606,1.3359085566455404,0.08759573914180918,0.11687526555130066,0.23019408727958082,1.6467649352738012,0.6548072469860499,0.19203961191057653,1.8973717301642865,2.779872594961924,0.39316596642790563,1.192353208586311,1.301707261665727,0.006492327083607519,0.3498048623588108,1.185590535395742,1.653788613312614,1.4930465615689628,0.12638904857487765,3.0264363898409083,0.23952087463084393,7.815091477870169,0.7501546993948506,0.16204726019572704,4.679726270119578,7.328647498237351,2.522006679967178,2.614952251858815,1.4889103807085649,0.5705811770815608,0.6217591284255646,0.18917854273158427,5.266589146757638,0.21595509995179274,1.2471579060940952
0.0,0.03925980097730147,0.09557051932041667,0.000789552060108423,0.0,0.0008898334012634909,0.004866838975907996,0.0,0.029103746661060283,0.007577919453911947,0.0031078116763637196,0.0011147007932492128,0.01453787264634467,0.0,0.0018471635268114857,0.17332190890936314,0.04224307106897679,0.0012573621561589757,0.028180520305282956,0.0,0.005347463666182605,0.02674737357805261,0.04843443505882692,0.09052193758995297,0.044360577711317364,0.17219751761435279,0.7012939462109413,0.012060103891811932,0.001232667301865546,0.005619241146791677,0.000637188942610038,0.0,0.000655385421781498,0.018973661326723703,1.6454303597375095,0.16393198909970583,0.07513973894154978,0.08868820886289791,0.1203367432258893,0.011890678244672695,0.01474841077157995,0.009717996710253566,3.5281735434666452,5.613247656226115,2.295067720518402,0.2958591732489415,0.24974880063094057,0.12881868606436933,0.20134349138452126,0.023593581534259788,0.24721217976996077,0.5358365445088097,0.0035906059956650263,0.01792319546143963,0.016806938492999402,0.3485968857036597,0.07333024558997789,0.045862264852105004,0.052520124551831436,0.47631753274999383,0.008883098536809428,0.1671377647197007,0.07277718899277885,0.0004099677246922192,0.1816429673882293,0.3646425831603702,0.4743934852922904,0.4352637602499557,0.0031868367337774756,1.0210537876250445,0.09501511250378218,3.1505385250674003,0.18885223079156077,0.05039086594563429,1.9219130497321562,3.3527323770448625,0.7415082945943742,0.12278005888374324,0.3807069429213779,0.2163174944957765,0.055956588448820975,0.013796811410569937,0.512255993008,0.9410832631101126,4.947551146637998
0.0013333735106492322,0.0017639983374668797,0.0018322820327902668,0.33389008916047735,0.10423917384059618,0.035486465375071406,0.04544528822338601,0.03493618235524089,0.1091164586416003,0.40744873209154386,0.0010004445585507094,0.0639639870658966,0.08257685872550588,0.01694298703743405,0.2141584051329559,0.04815515743584803,0.0,0.0,0.0,0.05997326672673738,0.0012632156953360787,0.0072781707149822805,0.0037880123507042667,0.6739173908668888,0.009936585471774862,0.001814128188555546,0.018632307277786565,0.32123890791123877,0.01834492462752508,0.0033115714756973415,0.0,0.01980147188226276,0.0023139477563907202,0.004291419669434145,0.16269859891899321,0.08606715018068005,0.027618912649470126,0.007961249583040843,0.008837828956679828,0.36190789757705627,0.011178443957388248,0.008666037322167506,6.1830194387802475,0.15798646408205588,0.3824750181093463,0.24974880063094057,4.026085509788697,1.7537769821815106,0.02252971429221417,0.03483881998357776,0.011253748536456687,0.01386030675518001,0.17474069789529684,4.2092140451524465,3.7796058226806264,0.4590627608234578,2.666817353693358,0.6309529736558205,2.020643319671251,0.03721418858038613,1.5071860590557238,0.1287810089836679,0.9425109109369662,3.8602223864101695,0.046403593836286616,0.017482360923203433,0.009374998811921076,0.011582218964508267,0.23365997091842555,0.26306924653948005,0.019856990188272715,0.5622314723704187,0.6980190295140346,0.004450004300560375,0.029873375429208607,0.11916747633950099,0.7647691969054383,1.1055352421565454,0.17393634168513597,0.002888519536236865,1.9059474773841183,0.010731543236480602,0.5355086676709055,0.07585577646089259,0.21568987547493934
0.0,0.0,0.0002929078864470064,0.0,0.0020520899997370106,0.0,0.0008945151925922929,0.0,0.03035335613623708,0.0,0.0,0.0022134785838766437,0.005427215810022485,0.0,0.006094908246622106,0.00041240290647082063,0.0,0.0,0.0,0.0,0.0,0.0005137311380135472,0.0,0.0242788182193708,0.0,0.0,0.0008792915147623997,0.0018639986514848246,0.0,0.0006741342819890992,0.0,0.0,0.0,0.0,0.054733176674511407,0.015922120623758036,0.0041829541258223924,0.0,0.00836421677692829,0.016260504723001865,0.0012145543871700953,0.0035086073960403142,1.3081517257628867,0.08514377127570093,0.7581180710934283,0.12881868606436933,1.7537769821815106,0.6934796331706511,0.15492943726919586,0.014094931452980096,0.0,0.0015688820236986417,0.03322402881376239,3.299564788195182,0.20471694591926512,0.2594521399391961,0.28861042171666784,0.080088052247147,0.6481980663893361,0.17222086205944495,0.19475297198778654,0.14411510186412033,0.22761994116021023,0.5878728403758383,0.0004258331631600661,0.0,0.022462636746240508,0.0023066568746774227,0.0518367241883926,0.004716889499061156,0.00139832153239406,0.007072165019010504,0.12820486280044788,0.018448484134019442,0.0257497340908087,0.00768350435753883,0.2948308518719499,0.4555618755230745,0.04487170089121852,0.01108420446204402,2.6847263018310015,0.004158460172942347,1.4828093316611444,0.142189324881768,0.43005856868272124
0.0,0.002262449351790019,0.0,0.0,0.0,0.0,0.0008146576356186765,0.0,0.0012778041126085442,0.0,0.007560913090558275,0.0,0.04525262907984078,0.0,0.0,0.00039010514208628335,0.0,0.0005004479928240592,0.0,0.0,0.0,0.0003802719321058201,0.0005424509819512914,0.0023260607752573718,0.02879054606839963,0.005359089570412993,0.006349622093275609,0.0011919545158174173,0.0005975385073561378,0.0,0.01695685422534223,0.0,0.0,0.0,0.00123116602090291,0.015243306870899002,0.02182669144376717,0.0012134506036045592,0.0002440734105445204,0.00046827799001860574,0.0008871260128871409,0.011835303974855596,0.09330261293436107,0.5319175884693795,1.5955490607686271,0.20134349138452126,0.02252971429221417,0.15492943726919586,0.6472282924677033,0.0006533248263634974,0.12850453690727015,0.0,0.0,0.014219411950890326,0.00795162012612198,0.00292024698839895,0.01309618640687989,0.008361649692440453,0.005299340816299653,1.0305074488877417,0.005207655978407555,2.2728041334873437,0.023220510684905417,0.0,0.00151624001030789,0.00041497198990812263,0.019251122156229594,0.0010294503780739698,0.00020268854412801838,0.004810840684382367,0.0626380387859368,0.009277613906645476,0.0026999040438574593,0.831046736397019,0.06555719102098934,0.06520072928920748,0.008080558351295095,0.1287160817062661,0.002778334141213006,0.07875493414073716,0.07872044107904728,0.0,2.561710345953049,0.004000159364686798,0.012891291707466217
0.0,0.0,0.0,0.0,0.0,0.0,0.01359544168385397,0.0,0.06436210177494273,0.0,0.0,0.0,0.003970069695178259,0.0,0.0,0.0042919015700273195,0.0,0.0,0.0,0.0,0.0,0.011544183764316783,0.0,0.2017536843474874,0.0006314625533950964,0.0,0.0,0.020556003535439283,0.001569476117079452,0.0011824604003600515,0.0,0.0,0.00041697007272379423,0.0014687345422662733,0.0,0.007192904238317756,0.0,0.0,0.0,0.001874231986851927,0.0,0.0030227351558157053,0.14304052542489895,0.011148491180973318,0.20086637268391322,0.023593581534259788,0.03483881998357776,0.014094931452980096,0.0006533248263634974,2.9239101533396714,0.010698152881998964,0.19274659731993743,0.011154203535605813,0.0023724406530117024,0.0193532794066439,3.716122948593848,0.32712173540276357,0.09893020667064184,0.09335160891979145,0.021806012171474654,0.007545886176456068,0.0015241701085415998,5.0161893464280665,0.0007185157414397361,0.0026219385694617073,0.4437368422625435,0.0011900867421428276,0.0244913475918532,0.0019085899027815529,0.09646617535402259,0.0059984254686505905,0.5978722101533059,0.19460729418213443,0.00020416421617127617,0.21343861228644873,0.08961037935398287,0.33783775353940093,4.1323654573103585,1.9774504588497037,0.0,0.007296186743531331,0.08597530537091364,0.23885703077310103,0.0021114419553866395,0.026594603052281663
0.0008902673270688342,1.1176276214363372,0.23974553519446098,0.0,0.0,0.0,0.02185289377157305,0.0,0.01645973238662396,0.0,0.01016790751360974,0.0,0.025304751536673026,0.003335698907908094,0.0,0.06567799851210998,0.13836816571293212,0.011572836678393175,0.1126734125322293,0.0,0.004841929968424124,0.029134361355352106,0.033203755160472935,0.026279352613798514,0.21560283584620224,0.4049544649165087,2.230782972944693,0.005423115838804159,0.00844569699163688,0.0213461157207658,0.013269699332607073,0.0,0.0,0.07001837167182418,0.012235102652073827,0.2994980110302476,0.0822341442446628,0.19546362334471012,0.11818512579648668,0.007035770523014139,0.0034464839738012074,0.002931341982826914,0.8092516866043512,0.2208700438988678,0.44844992894890606,0.24721217976996077,0.011253748536456687,0.0,0.12850453690727015,0.010698152881998964,2.026788974172299,0.22759905895959734,0.0002869604944944019,0.0,0.0002736929774554944,0.014042180042535275,0.004397896775511,1.2639182283720054,0.0,0.020069870956505868,0.0,0.6951848533488263,0.026545713766022792,0.009966689860820612,0.2721258933960037,0.47653177189526896,0.009262511242142559,0.10094143304052666,0.0,0.027411177358954823,2.8098787767093842,0.2877839604939726,1.454547531972671,1.7370327306467614,0.4780666120746932,9.674975746465694,0.10143540768004403,0.03883708414844377,0.04567049198405459,0.02807004630668403,0.0002781707641066592,0.0019829343151172717,0.2084640680107551,0.00821370194684158,0.17997191577095276
0.0,0.0667552030387258,0.5240515467399154,0.0,0.0,0.0,0.0005805729896697134,0.0,0.0004739389590683205,0.0,0.0035792085308235595,0.0,0.0032311755582913686,0.0,0.0,0.06025942652314119,0.1707634318141993,0.0012116146453778431,0.05992756419930909,0.0,0.0013490877278889927,0.01797839242583459,0.06416446478586377,0.003170809478251366,0.005466206228498284,0.47304797821413497,1.7689721183395681,0.0010685948414687677,0.0,0.0,0.0018966500097154072,0.0003090706371999457,0.0,0.06269768065915597,0.004920518262362988,0.38180571558183407,0.19204815283465643,0.28476991268878143,0.1653906115016545,0.004994093190973227,0.007456687612373359,0.0,2.688546211614466,0.6518655487394553,1.3359085566455404,0.5358365445088097,0.01386030675518001,0.0015688820236986417,0.0,0.19274659731993743,0.22759905895959734,22.827750213923167,0.00022389205839844464,0.0,0.0009167373323841191,1.2716403773297595,0.16980094463659656,0.016041071789733057,0.03648003424629933,0.03352751198174785,0.0,0.024843368161093397,0.5242505710977906,0.0,0.018935615362957993,4.494561537173388,0.023271251194096246,0.29175606362401724,0.0,0.5965317879273877,0.12160329904002004,15.744918519348538,0.1332062524506226,0.014923414326524902,11.676727888497588,16.312378759301893,0.7265735066925533,0.17560437676181942,0.37542050839936303,0.0334679702377257,0.0,0.014228280241391009,0.6963416043092049,0.03007278638112271,0.44099078044798407
0.0,0.0,0.0,0.18385173151263032,0.03771325323026764,0.0032449553935045487,0.00850905839265226,0.0006575691692626755,0.25048437319872463,0.011656906175714016,0.0,0.18291026503628072,0.0029987260670064123,0.0,0.11235602943829558,0.0,0.0,0.0,0.0,0.04768017316598123,0.0,0.0,0.0,1.3541330231228343,0.0,0.0,0.0,0.060084545183688325,0.0,0.0,0.0,0.0,0.0,0.0002716253647462662,0.0,0.005348326094070175,0.0,0.0,0.0,0.16782457818455906,0.00021426816498937488,0.0,0.32309214289067956,0.0,0.08759573914180918,0.0035906059956650263,0.17474069789529684,0.03322402881376239,0.0,0.011154203535605813,0.0002869604944944019,0.00022389205839844464,20.458518233051237,0.005818730505053392,0.24893295764622952,0.3636501265577591,0.19815522271795163,1.3370112506997354,3.8494226582516338,0.0,2.9923116090282655,0.00476928381045878,0.08372925858790116,0.06888836296529313,0.0005096368980490313,0.0,0.0,0.0,16.013194956320874,0.00023062684074997102,0.0,0.00024556185909013284,3.6212067653306055,0.0,0.0,0.000732155734060406,10.149874290963822,0.09066441237958409,0.0026850345295545324,0.0,0.0013933364598890236,0.0035698393566988445,0.033219108518403886,0.005176286058631397,0.030495098429697394
0.0,0.0,0.0,0.0027797010312635715,0.009337260015401276,0.0010428187651796029,0.0,0.0,0.0013562154925279269,0.0,0.0,0.003969586256931624,0.001266540213937749,0.0,0.021827130387914253,0.0,0.0,0.0,0.0,0.0003318814186921459,0.0,0.0,0.0,0.012813492439430418,0.0,0.0,0.0,0.0,0.0,0.0,0.0,0.0,0.0,0.0,0.0,0.0016091295297895908,0.0,0.0,0.0,0.027467861443921902,0.0,0.0,0.1755626534578775,0.010318717992520075,0.11687526555130066,0.01792319546143963,4.2092140451524465,3.299564788195182,0.014219411950890326,0.0023724406530117024,0.0,0.0,0.005818730505053392,2.447818172237453,1.3842428972580032,0.018606327294670412,0.40698480859632685,0.08876494502529124,0.037062103820099314,0.030710535071526806,0.06968096841376292,0.014974470739628955,0.06096242460138885,4.450439507007387,0.0,0.00021930138002625838,0.007069064466624077,0.0015680304851932603,0.005691245530140422,0.000192141289818494,0.0004999079269942338,0.0004359927191186084,0.05984619115904633,0.0012721443736815933,0.0025598924632341145,0.00026545543240254503,0.0256083572276816,0.11857408928679666,0.00020682853627218854,0.001002171259510029,2.187665428108804,0.0,0.10544996259832394,0.009784488647897757,0.041199409865404504
0.0,0.0,0.0,0.03766982208258893,0.025341955998616824,0.004725036658048228,0.0,0.0017716969489620957,0.045046698379421664,0.020961217213068928,0.0,0.025408808110615116,0.0016682147445005715,0.0,0.07520495500424926,0.0,0.0,0.0,0.0,0.0067363591592314205,0.0,0.0,0.0,0.5486970131140274,0.0,0.0,0.0,0.026753828605325772,0.0,0.0,0.0,0.0,0.0,0.0,0.22146195097409893,0.0058723660662355695,0.0,0.0,0.0028276707308622835,0.0959098102018608,0.000975281642545209,0.0,0.4180997910095238,0.003112920627822651,0.23019408727958082,0.016806938492999402,3.7796058226806264,0.20471694591926512,0.00795162012612198,0.0193532794066439,0.0002736929774554944,0.0009167373323841191,0.24893295764622952,1.3842428972580032,43.87573125553729,1.2932101078839813,10.70354861294264,0.29611401911013363,12.440384618149263,0.00584863642497393,6.703153771725979,0.0054894028212213305,1.0599851841536096,3.4539196967667865,0.0,0.0,0.0010950107493397296,0.0003109324000473907,0.25665111980405797,0.0002323769419991595,0.0013180083826800312,0.0016323535067228078,0.23852450177864512,0.0007421460922240929,0.0008814844741856404,0.00030628245212380135,0.6535941639654973,0.6217855878070931,0.0035236348553105254,0.0,1.0154594993507964,0.004063791378731792,0.09254190564554433,2.8313526869067487,0.15731660569281908
0.0013408991221519565,0.0006198184629179194,0.0,0.004425888568494558,0.002367339166161365,0.0013787540254863687,0.01419275454755472,0.0,0.17611159607723265,0.0009051494361514334,0.0,0.0006656066795796367,0.002818141920351477,0.0015442914223095445,0.0030726690679180506,0.016939683836300738,0.0,0.0,0.0,0.0,0.0,0.043901028476737644,0.00042354368103577467,1.030813562002281,0.0016586222751366793,0.0,0.0026647235532220965,0.06754461036370792,0.0014213293851446755,0.0029259132833210915,0.0,0.0,0.00046622553018525536,0.0003992806277901861,0.0,0.020034781844421843,0.002904144947000195,0.004875451344958928,0.001103062489940499,0.008491337216142807,0.0,0.0,2.6640213653055,0.1552201142301577,1.6467649352738012,0.3485968857036597,0.4590627608234578,0.2594521399391961,0.00292024698839895,3.716122948593848,0.014042180042535275,1.2716403773297595,0.3636501265577591,0.018606327294670412,1.2932101078839813,48.7238968092084,6.239525107007138,0.5496732206615884,11.15434942133014,0.007118831096009045,0.05574222549448547,0.001885351248247162,9.697572108431872,0.03208794427927906,0.03677953912736953,0.24371976954015326,0.0,0.01061422768646565,0.022794847474388306,1.8311341803702235,0.02509507136615161,3.892658363256601,1.3916136639684022,0.0,0.08390545860497921,0.516279476940117,26.80128092096488,2.725053428316841,9.16854297082154,0.0,0.03640229827367127,0.2480811125746847,0.8888831545203159,0.08029706527176991,0.3907756933841038
0.0,0.0,0.0,0.01634496130361233,0.010625326077709859,0.0005238262523136085,0.006804920205302293,0.0,0.19937314425866043,0.002309572545203752,0.0,0.010892821249358092,0.0033073001260120064,0.0,0.013680155933247663,0.001013285670307542,0.0,0.0,0.0,0.0017641533888499352,0.0,0.004476658404930369,0.0,1.7183871867308136,0.0007984667038714813,0.0,0.0,0.03970736547524884,0.0,0.0,0.0,0.0,0.0,0.0,0.000527544522029408,0.0049636573956716905,0.0034950150706767815,0.0,0.0,0.027496113813251618,0.0,0.0,1.0106398740102833,0.02309496216086189,0.6548072469860499,0.07333024558997789,2.666817353693358,0.28861042171666784,0.01309618640687989,0.32712173540276357,0.004397896775511,0.16980094463659656,0.19815522271795163,0.40698480859632685,10.70354861294264,6.239525107007138,56.082404055469816,0.4802185907967441,7.53042921885793,0.039830886784933045,1.4481075337523366,0.024156688723701785,21.23906717961032,0.12923760797847597,0.003341928724864599,0.12726528678515053,0.01088218359500399,0.009603505018874902,0.3135024337824856,0.14818463393224435,0.005997226979610841,1.1799524532972783,0.854730461117817,0.0010466446985946776,0.07124727647546926,0.04275218366913326,1.534936505363595,2.102223257706588,0.38943065241064473,0.001699255606437126,2.5852981280315976,0.0503188179628206,0.30436098092059327,0.03522652750456577,0.11929322456279233
0.022296498364553267,0.0071026663463065855,0.003378174837302452,0.7155262927768987,0.03722382613095361,0.04665380767020716,0.23675283324831478,0.059760444892567426,2.0599897397150935,0.6104486845233543,0.0072483660425525205,0.06650771708590832,0.005833454263787335,0.06510846467209064,0.06458322538614386,0.02995824224178252,0.0,0.0,0.0005444088900757527,0.1381859442588984,0.0047324081267813185,0.27461799801521797,0.0025318020507493397,1.9442313858650742,0.003219842199620358,0.0007967371372852707,0.01740774680645154,0.7659773767125644,0.2831753089238753,0.05009184370602682,0.0,0.06675178093504404,0.005337874649549656,0.05630341429349675,0.002128658138543759,0.1929167014776322,0.010586912544874818,0.05312391951948481,0.015013971002054856,0.28939422507760715,0.0573639869592474,0.0,0.6363125982597424,0.011734603231731025,0.19203961191057653,0.045862264852105004,0.6309529736558205,0.080088052247147,0.008361649692440453,0.09893020667064184,1.2639182283720054,0.016041071789733057,1.3370112506997354,0.08876494502529124,0.29611401911013363,0.5496732206615884,0.4802185907967441,9.94802636515001,0.9354901174102352,0.0009842580440625366,1.0901496476564008,0.12649516605875782,0.32275410434410334,1.295011747544721,0.016385306310911067,0.04466105785608153,0.0,0.002954559152148922,0.6336338362379931,0.02515406840342622,2.7188898092427234,0.02966854545102679,13.660273781107955,0.7032116560831507,0.019383017568572355,1.5845829312966513,1.8135843317250007,0.39296484570319884,0.3546560391460805,0.0,0.00922953419493131,0.07901150680073887,0.1605837723646907,0.022479742064583426,0.1467396603574341
0.0,0.0,0.0,0.04317988568232531,0.03807024782886532,0.004154064469028413,0.002768680361412215,0.0,0.31240658695504736,0.001422808663684219,0.0,0.11531650810893387,0.0018065528129955165,0.0,0.18401975721016975,0.0011490854084343053,0.0,0.0,0.0,0.0010459558298462977,0.0,0.0023589803561653907,0.0,1.3855063260721099,0.002564110610109863,0.0,0.0,0.0148459814952864,0.0,0.0,0.0,0.0,0.0,0.0,0.04660684591642767,0.010552575918456233,0.0,0.0,0.001620143755475099,0.25734034612676276,0.0,0.0,3.2904143484897084,0.011927721001387519,1.8973717301642865,0.052520124551831436,2.020643319671251,0.6481980663893361,0.005299340816299653,0.09335160891979145,0.0,0.03648003424629933,3.8494226582516338,0.037062103820099314,12.440384618149263,11.15434942133014,7.53042921885793,0.9354901174102352,132.0377519311223,0.0016735628709652855,9.348307911182344,0.001665345818639309,2.2054657481029674,0.10697419162695018,0.0009611704569908822,0.003696332992449936,0.0,0.0,4.809199488585495,0.020996012493556183,0.0009070062785078197,0.09272643974435525,0.5772516788787478,0.0,0.0,0.00995715185234641,5.34445320501004,1.570801978957266,0.039231263988317035,0.0,0.03526044903444452,0.02840220493633702,0.6318296748815042,1.2261289947779563,0.26844200398995616
0.0,0.006937276731959232,0.002679490911420859,0.0,0.0,0.0,0.0,0.0,0.0,0.0,0.021491322850695025,0.0,0.11832349505138937,0.0,0.0,0.0023547150592432044,0.0001776794773401476,0.001083553637522829,0.0008302776785735762,0.0,0.0,0.0014667952117912951,0.0,0.0,0.03980282133834895,0.030576519290982603,0.048806032444767604,0.0002323462168873709,0.0,0.0,0.07230942761238558,0.0,0.0,0.000875909180390774,0.0018836940352453956,0.02248412105001069,0.034862594510341655,0.004342977301650243,0.0019369051761162976,0.0,0.0,0.009537100210267033,0.6794408748683533,1.3112348732541537,2.779872594961924,0.47631753274999383,0.03721418858038613,0.17222086205944495,1.0305074488877417,0.021806012171474654,0.020069870956505868,0.03352751198174785,0.0,0.030710535071526806,0.00584863642497393,0.007118831096009045,0.039830886784933045,0.0009842580440625366,0.0016735628709652855,33.155463384232945,0.001514782538490082,7.0653288111079515,0.16600498569283068,0.0,0.006773505427981191,0.6225798284381805,7.493681285134999,1.5500750727746726,0.0,0.07541174098945676,0.007253007114022039,0.15114770999312166,0.0020732739159152027,0.1074948018071667,3.6792635896379324,0.27261716612678233,0.011699725560975831,1.8801826922100942,0.12669236640318066,0.38710535562549636,0.35723390420614276,0.009053950539251985,9.419253200263217,0.004573400934506644,0.042805347436299025
0.0,0.0,0.0,0.17644317442442883,0.037295488917597715,0.020497105201537903,0.0,0.0028026778793290405,0.05526149010714091,0.14080141942786503,0.0,0.05308175778860622,0.0,0.0006251329007932768,0.11486847961706667,0.0,0.0,0.0,0.0,0.028621907657894016,0.0,0.0,0.0,0.15554823681304028,0.0,0.0,0.0,0.0728561704926637,0.0,0.0,0.0,0.0008631490470564117,0.0,0.0,0.6179961287761011,0.007013180772216922,0.0003983967286688852,0.0,0.0012824810114036198,0.14325455236001855,0.00047928395431145337,0.0,0.4059883088877178,0.0,0.39316596642790563,0.008883098536809428,1.5071860590557238,0.19475297198778654,0.005207655978407555,0.007545886176456068,0.0,0.0,2.9923116090282655,0.06968096841376292,6.703153771725979,0.05574222549448547,1.4481075337523366,1.0901496476564008,9.348307911182344,0.001514782538490082,38.120738362292855,0.0016932989326491129,0.50702665895353,2.7313411158955967,0.0,0.0,0.0,0.0,6.3990362138444326,0.0,0.0,0.0,0.6590760042715323,0.0,0.0,0.0,1.064394434780517,0.31125880922302657,0.00037292466044668113,0.0,0.030427130694201922,0.00020704892394846723,0.10921855001055321,2.1777284638430885,0.1382114514415341
0.0,0.05405731060332793,0.013556696758741755,0.0,0.0016019581237498377,0.0,0.0005008076919034702,0.0,0.0006909273448510743,0.0,0.22147532791614963,0.0,2.138221946368737,0.0011111422717488427,0.0,0.024159419260751977,0.002405122973991426,0.02344878065237372,0.021737881193096775,0.0,0.0006778832488593549,0.021571983440196823,0.002945503827073288,0.004231595835896136,1.0287954347275559,1.0157822964247007,2.0919768426398244,0.003411610622454388,0.006175379187538095,0.0012516899482603616,1.5718372166435877,0.0023827201738971624,0.0,0.012569494919073306,0.002735937317099635,0.16167984412287253,0.39980348543265165,0.07570037211647411,0.04691393811084008,0.003108170089405695,0.0016782109737047263,0.07106718731344029,0.6255170707607641,2.1290925230730684,1.192353208586311,0.1671377647197007,0.1287810089836679,0.14411510186412033,2.2728041334873437,0.0015241701085415998,0.6951848533488263,0.024843368161093397,0.00476928381045878,0.014974470739628955,0.0054894028212213305,0.001885351248247162,0.024156688723701785,0.12649516605875782,0.001665345818639309,7.0653288111079515,0.0016932989326491129,18.10786605191844,0.0355305547921947,0.0029135568678909916,0.005655802562060081,0.013987186453777938,0.14793315077937447,0.029237179629008583,0.000834991341264928,0.00509333977522427,0.4360566214940671,0.022576347840852776,0.06294657820580343,3.7840419700955565,0.8853870233089284,2.891126106700899,0.04025157276497782,0.2869197890331758,0.0156891887705839,1.7757878870674275,0.11431021195424053,0.0026087353542946054,2.1944168220521254,0.006850861530312269,0.024926436729886273
0.0,0.001221737185824094,0.0,0.0011628512649797054,0.0008111401554869194,0.0,0.009949170186807207,0.0,0.18346674904905502,0.0,0.0,0.0008563508574678171,0.0009629852794719095,0.0,0.0,0.006730555426047599,0.0,0.0,0.0,0.0,0.0,0.018815626155092018,0.0,0.34806744331188405,0.0013923856588637074,0.0,0.0,0.011733234077136272,0.0,0.0,0.0,0.0,0.0,0.0005628082835887617,0.0006401306134584493,0.0066594381569138085,0.00036672411482051363,0.0008592994617354471,0.0,0.0018615858775106785,0.0,0.0,0.9913964146801607,0.045320814519108334,1.301707261665727,0.07277718899277885,0.9425109109369662,0.22761994116021023,0.023220510684905417,5.0161893464280665,0.026545713766022792,0.5242505710977906,0.08372925858790116,0.06096242460138885,1.0599851841536096,9.697572108431872,21.23906717961032,0.32275410434410334,2.2054657481029674,0.16600498569283068,0.50702665895353,0.0355305547921947,29.423977204756806,0.0080042173239038,0.006933498759353351,0.882840902657154,0.06102931188371519,0.08827870131594893,0.13255824924716986,0.3740464823507237,0.01153872833759816,3.022322032840099,0.6597137876709691,0.003218023658813703,0.44228024879433037,0.16854151112144547,1.209924151139075,8.239912123795254,2.4096753288673787,0.011894901130316817,1.0552074077153677,0.06154202411663391,0.581813841188014,0.01980818931708758,0.12034577218719732
0.0,0.0,0.0,0.11326422314871704,0.054130982613785746,0.011363130158082988,0.005676356767211942,0.005839557294227054,0.013776844854633008,0.12306372680089228,0.0,0.036512122194324884,0.0032195224236161377,0.0011989088890611607,0.09662199325732798,0.0004711873421871002,0.0,0.0,0.0,0.021217212428283498,0.0,0.0,0.0,0.1162456571144217,0.0,0.0,0.00037857707455171333,0.09593467600128265,0.0007214844190743041,0.0,0.0,0.0032689657264152777,0.0,0.0009388534020448059,0.0024687466287930896,0.008918989884637596,0.0,0.0,0.0,0.18807392001263884,0.0,0.0,0.12336007868161437,0.0003052973754050813,0.006492327083607519,0.0004099677246922192,3.8602223864101695,0.5878728403758383,0.0,0.0007185157414397361,0.009966689860820612,0.0,0.06888836296529313,4.450439507007387,3.4539196967667865,0.03208794427927906,0.12923760797847597,1.295011747544721,0.10697419162695018,0.0,2.7313411158955967,0.0029135568678909916,0.0080042173239038,7.856467203929337,0.00036570350432828713,0.0,0.0,0.0,0.05229564285924721,0.0012311589197396724,0.0064001887078391625,0.002318007497003147,0.6466075633085587,0.002381397512351467,0.00020490655332393174,0.003575107846693196,0.09709244694311499,0.015500853103176162,0.0027691863752073178,0.0,0.13385723350171616,0.0015460696486383142,0.008900313084462392,0.05184111006530274,0.002426092625149833
0.0003155393495888766,0.06582651639165345,0.07721458692535042,0.0,0.0,0.0,0.002675866969755263,0.0,0.007216520694306337,0.0,0.0025199011721449764,0.0,0.00786563479646667,0.0,0.0,3.658403967732831,0.0033394462392742183,0.0,0.0,0.0,0.08692403338775298,0.3965669721759818,0.7309938220640495,0.15911754092654995,0.0017512428031142206,0.005581419960003984,0.9443876730487105,0.06029089720115474,0.006847004969636043,0.02886265873050902,0.0,0.0,0.000539143964641682,0.0295156856435047,0.0,0.5150373077366752,0.15621439404245074,0.12802501314891282,0.2053209517551219,0.045854013370320246,0.0010036370626138299,0.003067958466554947,1.2569505307739604,0.23809725583346833,0.3498048623588108,0.1816429673882293,0.046403593836286616,0.0004258331631600661,0.00151624001030789,0.0026219385694617073,0.2721258933960037,0.018935615362957993,0.0005096368980490313,0.0,0.0,0.03677953912736953,0.003341928724864599,0.016385306310911067,0.0009611704569908822,0.006773505427981191,0.0,0.005655802562060081,0.006933498759353351,0.00036570350432828713,25.882543469548473,0.04577038859033626,0.00028144160462404024,0.005066520023641027,0.0,7.3156425076666185,4.985147489713608,13.606951947150764,3.178075254682705,0.02310228129346276,0.018868547028926423,6.066383476558904,3.3420103054461454,0.014289565293029797,0.1361676680274901,0.0,0.0,0.0021552476894259307,0.10185352471643822,0.016613559098596624,0.3385502819797914
0.0,0.06261365346128396,0.24577123042994667,0.0,0.0,0.0,0.0,0.0,0.0019807502740840704,0.0,0.0019599419227732244,0.0,0.0,0.0,0.0,0.008956225351266516,0.07467261051523341,0.0,0.035782074121856924,0.0,0.00031562266244886784,0.009360122531942933,0.008383731011133034,0.0,0.012002119287508908,0.2923858188928224,1.0159192737956928,0.0,0.0,0.0,0.0,0.0,0.0,0.03360001048304539,0.002361314220559892,0.12855836745688923,0.09154231122763233,0.14428006707213503,0.06493305807021761,0.0,0.0005236407553921159,0.0,1.1595881352352604,0.3028388598471113,1.185590535395742,0.3646425831603702,0.017482360923203433,0.0,0.00041497198990812263,0.4437368422625435,0.47653177189526896,4.494561537173388,0.0,0.00021930138002625838,0.0,0.24371976954015326,0.12726528678515053,0.04466105785608153,0.003696332992449936,0.6225798284381805,0.0,0.013987186453777938,0.882840902657154,0.0,0.04577038859033626,8.319243013016857,0.38949817625354466,6.981248649894739,0.0,0.8518122605924004,0.12470513391331418,9.131631035104657,0.12150776798566632,0.018161535102032625,6.276421786531824,7.140755195059429,0.2665986057291412,0.5138916865496463,1.6836601982142627,0.032827660893021,0.0022783207311916744,0.01881753870243954,2.117298795905714,0.01246913873613092,0.16958430833151936
0.0,0.003404184343364936,0.0005887673406392129,0.0,0.0,0.0,0.0,0.0,0.0,0.0,0.0,0.0,0.0009814858925183407,0.0,0.0,0.0,0.0004160690357557901,0.00030924486731520205,0.002646708587051811,0.0,0.0,0.0002742839396147196,0.0,0.0,0.008049605387221555,0.012590927124348677,0.027403443786811477,0.0,0.0,0.0,0.0013588206688854465,0.0,0.0,0.001254878049043131,0.00035349663268613863,0.007483654195882973,0.0027417650236986747,0.0026365214511817284,0.0005024214592057649,0.0,0.0,0.00030195186084439957,0.7424013508334129,0.5704235692657582,1.653788613312614,0.4743934852922904,0.009374998811921076,0.022462636746240508,0.019251122156229594,0.0011900867421428276,0.009262511242142559,0.023271251194096246,0.0,0.007069064466624077,0.0010950107493397296,0.0,0.01088218359500399,0.0,0.0,7.493681285134999,0.0,0.14793315077937447,0.06102931188371519,0.0,0.00028144160462404024,0.38949817625354466,6.013273973770724,2.758014194797411,0.0,0.016970738523139735,0.0010939364607632134,0.05852061813642295,0.0,0.0057838986563712455,4.051539596635472,0.36231683424919114,0.0015217451451691518,0.562191387443223,0.027366236053859433,0.2712450826237117,0.05715680012176241,0.0032200092027643724,1.2894679864232574,0.00400782923604105,0.04112494494297384
0.0,0.013527833829160557,0.011606749653327239,0.0,0.0,0.0,0.0,0.0,0.0,0.0,0.0002157427047605424,0.0,0.0015430857342558632,0.0,0.0,0.000524863888823196,0.014976796077036126,0.0016384177323807486,0.028077810967384535,0.0,0.0,0.0,0.0006649781427614089,0.0,0.024652277535902854,0.11363050165156578,0.22986940151991692,0.0,0.0,0.0,0.0,0.0,0.0,0.013554446137313906,0.004149051662846493,0.02937101493097305,0.032994475199210185,0.03459822306771108,0.020305312609587282,0.0,0.00024243413217352153,0.0006934372565876487,0.9015383686571443,0.41217946340723155,1.4930465615689628,0.4352637602499557,0.011582218964508267,0.0023066568746774227,0.0010294503780739698,0.0244913475918532,0.10094143304052666,0.29175606362401724,0.0,0.0015680304851932603,0.0003109324000473907,0.01061422768646565,0.009603505018874902,0.002954559152148922,0.0,1.5500750727746726,0.0,0.029237179629008583,0.08827870131594893,0.0,0.005066520023641027,6.981248649894739,2.758014194797411,10.268483045697247,0.0,0.08540168918677579,0.010236445452942769,0.38889358422225406,0.004122907234682558,0.02327130411733245,3.889380198700103,1.4967564283720753,0.01285691536765246,0.5389023578928798,0.19671291665037888,0.06271591521621868,0.016775379889165495,0.01115272706677847,2.0747346198386367,0.003163040498142527,0.05652232541707586
0.0,0.0,0.0,0.07984777421264998,0.027018736814820598,0.00390680133617566,0.00035669755190726555,0.0034298473042743954,0.11306753356384719,0.029087985167966075,0.0,0.06414151948765176,0.0,0.0,0.09992829702583632,0.0,0.0,0.0,0.0,0.01782954473360376,0.0,0.0,0.0,0.4688708260182477,0.0,0.0,0.0,0.02608803276641366,0.0,0.0,0.0,0.0,0.0,0.0,0.0,0.0019773724408434718,0.0,0.0,0.0,0.08625878439432466,0.0,0.0,0.20982962523728255,0.0,0.12638904857487765,0.0031868367337774756,0.23365997091842555,0.0518367241883926,0.00020268854412801838,0.0019085899027815529,0.0,0.0,16.013194956320874,0.005691245530140422,0.25665111980405797,0.022794847474388306,0.3135024337824856,0.6336338362379931,4.809199488585495,0.0,6.3990362138444326,0.000834991341264928,0.13255824924716986,0.05229564285924721,0.0,0.0,0.0,0.0,2.8687204216192876,0.0,0.00045128082462831976,0.0,0.6880357241613702,0.0,0.0,0.0004245016670963295,1.7719665253197383,0.09616063002500845,0.0005013346876789142,0.0,0.005461453844897192,0.0002608115232634385,0.04381748310956535,0.001182679418126887,0.006642583839529569
0.0008635978461642767,0.004396691688540027,0.011289548799285566,0.0,0.0,0.0,0.001692229508648985,0.0,0.012200193683081523,0.0,0.0003052291315489614,0.0,0.0091895664998334,0.0006723283499407832,0.0,0.8713694811436351,0.0005993291467418995,0.0,0.0,0.0,0.09226037819792182,0.11366489970025086,0.05927451062899399,0.11875870978775283,0.0049442563327613005,0.00026430051487025236,0.10972142921521437,0.0649978672698123,0.013818023074403642,0.06311163522570838,0.0,0.0,0.002645773036753049,0.02424186993049281,0.002298323715536831,0.31142071844264807,0.04242804085490482,0.07576280599094598,0.09230079708247979,0.016817063661435205,0.00036920541222413357,0.001791626615194723,5.4058055452167295,0.40079742805152024,3.0264363898409083,1.0210537876250445,0.26306924653948005,0.004716889499061156,0.004810840684382367,0.09646617535402259,0.027411177358954823,0.5965317879273877,0.00023062684074997102,0.000192141289818494,0.0002323769419991595,1.8311341803702235,0.14818463393224435,0.02515406840342622,0.020996012493556183,0.07541174098945676,0.0,0.00509333977522427,0.3740464823507237,0.0012311589197396724,7.3156425076666185,0.8518122605924004,0.016970738523139735,0.08540168918677579,0.0,42.938365110202895,0.18800013502658777,30.25446091814391,0.6592633081315321,0.00033624007913645766,0.13691225215314143,1.0735516665808824,10.264069961909973,0.3165323171117951,10.58464531023364,0.0002561247275715716,0.0009419308057573949,0.08263860108926126,3.0297873079954094,0.09453981460852501,1.8819857399560154
0.002314130066175955,0.17851503390884413,0.05618465894070004,0.0036651893873051707,0.0,0.0,0.027085325778397885,0.0014200451928927157,0.03686567474168215,0.00036283583654712464,0.005386394374779002,0.0,0.00952906428652885,0.009671353572248886,0.0,2.138852161144313,0.025518957328846778,0.0,0.0038360054366141784,0.0005908342264577141,0.09724395354570244,1.5222609286411874,0.21429801591721634,0.37042457757272274,0.01283613521131453,0.025059246151400764,0.7391233786653232,0.15343886980916355,0.034598092255337956,0.05888757590467589,0.004112538865384662,0.002492040848531921,0.004049851627559169,0.047945975129558324,0.0009186401925148493,0.28307714005297463,0.04202854604596685,0.12003559931806412,0.10125396529910162,0.08190932874898325,0.004655395326552357,0.00019580203731636684,0.5718751020648339,0.1164874802669836,0.23952087463084393,0.09501511250378218,0.019856990188272715,0.00139832153239406,0.0626380387859368,0.0059984254686505905,2.8098787767093842,0.12160329904002004,0.0,0.0004999079269942338,0.0013180083826800312,0.02509507136615161,0.005997226979610841,2.7188898092427234,0.0009070062785078197,0.007253007114022039,0.0,0.4360566214940671,0.01153872833759816,0.0064001887078391625,4.985147489713608,0.12470513391331418,0.0010939364607632134,0.010236445452942769,0.00045128082462831976,0.18800013502658777,8.749957391807266,0.8333668152390388,7.771464883575747,0.7243131919392477,0.05003334001787423,4.720844652616213,0.3289151658112705,0.03131204996469935,0.1064034547408452,0.01122004220816849,0.0,0.003345965680248535,0.0839512372322744,0.009712989160050733,0.21822082411404164
0.0,0.08582383519673485,0.5303837957115292,0.0,0.0,0.0,0.0014741649891055653,0.0,0.008936487164825195,0.0,0.002853768512211823,0.0,0.01768199335312989,0.0,0.0,2.980013797080026,0.04652312581590805,0.0,0.00398856317910412,0.0,0.03451713250836693,0.25721912693591853,0.8940970965937923,0.07533157802654945,0.006196743610253364,0.05616844919366634,3.318229181086555,0.01838311074141396,0.0010300222733303401,0.013696464229889595,0.00022048008925111857,0.0,0.0002992102806466464,0.03761666389291159,0.016226719093731284,0.8476866937624109,0.3992746020058649,0.3658682975986883,0.39997411236456437,0.019014207515009176,0.0030451583088502636,0.00590406317070987,14.067554006887383,3.095223561677434,7.815091477870169,3.1505385250674003,0.5622314723704187,0.007072165019010504,0.009277613906645476,0.5978722101533059,0.2877839604939726,15.744918519348538,0.00024556185909013284,0.0004359927191186084,0.0016323535067228078,3.892658363256601,1.1799524532972783,0.02966854545102679,0.09272643974435525,0.15114770999312166,0.0,0.022576347840852776,3.022322032840099,0.002318007497003147,13.606951947150764,9.131631035104657,0.05852061813642295,0.38889358422225406,0.0,30.25446091814391,0.8333668152390388,61.89151448589048,1.1783262821639158,0.004992616023212504,2.4082272511895995,20.846809903610836,6.988695880770646,0.4796488689017057,5.402881789750479,0.015147341289656807,0.0025661278437004017,0.07311284407864745,4.304922347196847,0.322948424111445,5.009035727809723
0.10509164310159377,0.030936278842110546,0.02239675830436798,0.47828014342410463,0.09375650315690463,0.02739915316054327,1.3718887451978756,0.13380231887845354,1.5691403880184736,0.5119865448626979,0.002868393218105851,0.028210833521646706,0.07068011811433829,0.21961267071354,0.047687531313044026,0.9931978886098126,0.00015815517849457802,0.0,0.0,0.06854872876776816,0.1612066661345212,0.7800835632157194,0.07712798657624886,8.964597434818318,0.015496076997775839,0.002569412523098886,0.18595589196599005,3.195213431883208,1.160439483267312,0.44213747652467045,0.0,0.15510479565864368,0.04951722894177721,0.21729252154484532,0.0038725540334442056,1.3330995639449792,0.057363826134674584,0.39072101521000613,0.1693768674317476,0.9732892361589943,0.15590272902042468,0.004289126580813566,2.430768976358558,0.11135963828802113,0.7501546993948506,0.18885223079156077,0.6980190295140346,0.12820486280044788,0.0026999040438574593,0.19460729418213443,1.454547531972671,0.1332062524506226,3.6212067653306055,0.05984619115904633,0.23852450177864512,1.3916136639684022,0.854730461117817,13.660273781107955,0.5772516788787478,0.0020732739159152027,0.6590760042715323,0.06294657820580343,0.6597137876709691,0.6466075633085587,3.178075254682705,0.12150776798566632,0.0,0.004122907234682558,0.6880357241613702,0.6592633081315321,7.771464883575747,1.1783262821639158,48.36090014802545,0.34905612665270025,0.04353364648387525,2.9295349460165228,23.207703494426855,0.9182492141952799,1.4362675833661638,0.0,0.00794031346670644,0.22521696229019808,0.561183393642231,0.04554063032808769,0.584658236220672
0.0,0.048403566889352385,0.005729796836725161,0.0,0.0006074570431247556,0.0,0.0006271562849976352,0.0,0.00554646391085854,0.0,0.03847562637090279,0.0,0.4646068460263556,0.0,0.0,0.0007792148632396876,0.007192964374546556,0.01447901403981712,0.029897726673869234,0.0,0.0,0.013381613189902383,0.001973619378223555,0.0009077728127344079,1.3929368710036523,0.2107306417684745,0.8570966579612235,0.0,0.00022703460270290623,0.0007822584385762393,0.1874931927264341,0.0018739624222223875,0.0,0.017162284503433343,0.00039892285776692944,0.06313452628668931,0.11663811885021635,0.0691138065160288,0.04634731367890381,0.00048626283215981886,0.0004073286221079886,0.017199489524523808,0.10335090905553773,0.21529752835024174,0.16204726019572704,0.05039086594563429,0.004450004300560375,0.018448484134019442,0.831046736397019,0.00020416421617127617,1.7370327306467614,0.014923414326524902,0.0,0.0012721443736815933,0.0007421460922240929,0.0,0.0010466446985946776,0.7032116560831507,0.0,0.1074948018071667,0.0,3.7840419700955565,0.003218023658813703,0.002381397512351467,0.02310228129346276,0.018161535102032625,0.0057838986563712455,0.02327130411733245,0.0,0.00033624007913645766,0.7243131919392477,0.004992616023212504,0.34905612665270025,4.227607466433413,0.11636134606471733,5.35134027928569,0.00311409816283942,0.01988076911831694,0.0,0.0736222014732341,0.004513421770012223,0.0,0.43957529990518407,0.0011090268519957918,0.008257040569718228
0.0,0.13971806869070522,0.21079012703867883,0.0,0.0,0.0,0.0,0.0,0.00017657418407848754,0.0,0.029338381954690608,0.0,0.15151918633777828,0.0,0.0,0.012166509706683067,0.2575483488851074,0.0462020883627278,0.4191998064294608,0.0,0.0023497734883523107,0.0033606647806125136,0.016780513093613014,0.0,0.31041785140892775,2.2435812336825345,3.4842304113543734,0.0,0.00028101760367282375,0.0003313348807391374,0.13180465041845174,0.0011952765741735578,0.0,0.16731071581481213,0.008933786653953361,0.5338518558988411,0.44678451365628813,0.5156231671509689,0.30179388288745534,0.0019116371545077327,0.005486799294346613,0.01298760126178657,5.432752939566082,5.236909526707089,4.679726270119578,1.9219130497321562,0.029873375429208607,0.0257497340908087,0.06555719102098934,0.21343861228644873,0.4780666120746932,11.676727888497588,0.0,0.0025598924632341145,0.0008814844741856404,0.08390545860497921,0.07124727647546926,0.019383017568572355,0.0,3.6792635896379324,0.0,0.8853870233089284,0.44228024879433037,0.00020490655332393174,0.018868547028926423,6.276421786531824,4.051539596635472,3.889380198700103,0.0,0.13691225215314143,0.05003334001787423,2.4082272511895995,0.04353364648387525,0.11636134606471733,53.335646419746034,15.788326181719126,0.056961088610298666,0.9905502331497424,0.5238667841318214,1.109510683392459,0.060190746532586235,0.01707430508886137,1.6558491198682204,0.0219635815459384,0.30999633448095526
0.0004377894532035233,1.0455814887693766,2.5276690779792164,0.0,0.0014902460345453123,0.0,0.01034713038963858,0.0,0.013162071880022283,0.0,0.11948974887787324,0.0,0.8965959380082879,0.00030718606116667793,0.0,1.7347004334007037,0.9898521237610839,0.15441511323996682,0.9510896753264326,0.0,0.01986751518854311,0.37342984143469443,0.8589781127956151,0.08067770794610277,1.9498921621489589,6.0198005877865866,19.890701379613652,0.019082038483219023,0.0003371082941925053,0.006652547596288479,0.623954015576991,0.0031770379252984296,0.0,0.5667758607337081,0.022114992660246045,2.6424452419150946,1.4584481315330975,2.0951951932317243,1.5139472918004937,0.06438870137648695,0.0358176088039766,0.04288931898509473,11.894553386073683,3.609621103643878,7.328647498237351,3.3527323770448625,0.11916747633950099,0.00768350435753883,0.06520072928920748,0.08961037935398287,9.674975746465694,16.312378759301893,0.000732155734060406,0.00026545543240254503,0.00030628245212380135,0.516279476940117,0.04275218366913326,1.5845829312966513,0.00995715185234641,0.27261716612678233,0.0,2.891126106700899,0.16854151112144547,0.003575107846693196,6.066383476558904,7.140755195059429,0.36231683424919114,1.4967564283720753,0.0004245016670963295,1.0735516665808824,4.720844652616213,20.846809903610836,2.9295349460165228,5.35134027928569,15.788326181719126,82.88153944214424,2.063293838306822,0.6230916148779118,0.6750055036608849,0.6112259909349959,0.012393717616909142,0.03181271149565251,3.163972380243159,0.16096929699089604,2.167504693281563
0.03916641968828713,0.010498168231580356,0.003222006859230677,0.09548603659969744,0.05105568439609466,0.004304793871665575,0.5210317365923772,0.015123948366544753,0.7864889830765325,0.012120545931932656,0.0007846671866940627,0.15275585812258244,0.09519543115359984,0.03714069333018225,0.15455291278028543,0.37741400294099314,0.0,0.0,0.0,0.005083001963294122,0.040382217533871285,0.22364241351028136,0.009660070620653875,5.748589124138428,0.021014393183611695,0.0,0.06132168164736703,1.2355974619939483,0.3423137106345687,0.1942500744710707,0.0,0.025325217200943145,0.021367409061955406,0.06945363884719115,0.0,0.6139489905477451,0.04444728854780935,0.19250721710731467,0.08847097596225843,0.4671044447233049,0.016583489362668357,0.006824585492991145,5.542270025162903,0.25193375607869256,2.522006679967178,0.7415082945943742,0.7647691969054383,0.2948308518719499,0.008080558351295095,0.33783775353940093,0.10143540768004403,0.7265735066925533,10.149874290963822,0.0256083572276816,0.6535941639654973,26.80128092096488,1.534936505363595,1.8135843317250007,5.34445320501004,0.011699725560975831,1.064394434780517,0.04025157276497782,1.209924151139075,0.09709244694311499,3.3420103054461454,0.2665986057291412,0.0015217451451691518,0.01285691536765246,1.7719665253197383,10.264069961909973,0.3289151658112705,6.988695880770646,23.207703494426855,0.00311409816283942,0.056961088610298666,2.063293838306822,98.25794732453512,2.466618419942907,11.467600053805276,0.0,0.012161381087238557,0.7459974113052471,2.133167152043037,0.12118952305094931,1.39226990875674
0.0011686182482458936,0.005784349370556574,0.0,0.0,0.0,0.0,0.030291228506418976,0.0,0.19446051109719922,0.0,0.0,0.0,0.015991656052866805,0.0007695971763591123,0.0,0.030742708694807195,0.0,0.0,0.0,0.0,0.004385458193471665,0.05293652992831272,0.0,0.4770041416510283,0.009938009282960679,0.00022444675989343862,0.0048376149633593225,0.08782401685345945,0.014315914103295378,0.01616822583366496,0.0,0.0006889190995439274,0.001963999524649478,0.004565598293765781,0.000643534027661088,0.06971377482337666,0.003983156314277375,0.014132294125485832,0.010020539728958524,0.018154948801090327,0.0005936477408798842,0.0018636761077043798,1.3179844815344983,0.1315641166861637,2.614952251858815,0.12278005888374324,1.1055352421565454,0.4555618755230745,0.1287160817062661,4.1323654573103585,0.03883708414844377,0.17560437676181942,0.09066441237958409,0.11857408928679666,0.6217855878070931,2.725053428316841,2.102223257706588,0.39296484570319884,1.570801978957266,1.8801826922100942,0.31125880922302657,0.2869197890331758,8.239912123795254,0.015500853103176162,0.014289565293029797,0.5138916865496463,0.562191387443223,0.5389023578928798,0.09616063002500845,0.3165323171117951,0.03131204996469935,0.4796488689017057,0.9182492141952799,0.01988076911831694,0.9905502331497424,0.6230916148779118,2.466618419942907,38.064121668622924,5.609897191427753,0.08819686549791099,2.115047416652346,6.393596073875384,4.19822730250631,0.042738918570403864,0.22111454054153656
0.009344684924581263,0.004234943223598303,0.0009103568253889052,0.001012500963812832,0.0,0.0,0.11744587535733675,0.002201844320402919,0.2293836078398053,0.0,0.0,0.0,0.023561976227696815,0.004788589189388211,0.0,0.38502662520650494,0.0,0.0,0.0,0.0,0.04499100152388814,0.2195369150708194,0.01937239435418211,1.333020394585777,0.008054753115504921,0.0,0.00733419573372071,0.4950575248208618,0.12165943144288473,0.14203088277713846,0.0,0.0003385408001096474,0.01749924841196631,0.05381259738915859,0.0006703562394898517,0.5071107400112104,0.012431192454245206,0.15920307477319276,0.08868453354962827,0.09047485226475029,0.002837377154325947,0.0009862256533824411,2.575370848774028,0.11633353286319348,1.4889103807085649,0.3807069429213779,0.17393634168513597,0.04487170089121852,0.002778334141213006,1.9774504588497037,0.04567049198405459,0.37542050839936303,0.0026850345295545324,0.00020682853627218854,0.0035236348553105254,9.16854297082154,0.38943065241064473,0.3546560391460805,0.039231263988317035,0.12669236640318066,0.00037292466044668113,0.0156891887705839,2.4096753288673787,0.0027691863752073178,0.1361676680274901,1.6836601982142627,0.027366236053859433,0.19671291665037888,0.0005013346876789142,10.58464531023364,0.1064034547408452,5.402881789750479,1.4362675833661638,0.0,0.5238667841318214,0.6750055036608849,11.467600053805276,5.609897191427753,40.79544430353152,0.0,0.005360941995510371,0.8801464418086787,4.241974903082468,0.046841599944862124,0.7320146562289432
0.0,0.011837173845330349,0.00598854823984527,0.0,0.0,0.0,0.0,0.0,0.0,0.0,0.02266229765071324,0.0,0.374948492471643,0.0,0.0,0.0004155332334196397,0.0007055988373461784,0.01055006123999395,0.021940295839208243,0.0,0.0,0.0009242120755147777,0.0,0.0,0.20551395811479636,0.5330152039337801,0.8075269469359962,0.0,0.0,0.0,0.30424547334351215,0.0,0.0,0.006877457567296251,0.0,0.06603344597971471,0.12421585860835371,0.03584123470954459,0.016575501937918083,0.0,0.002801053614047242,0.006020995285867557,0.4039761174585665,1.3172296907447787,0.5705811770815608,0.2163174944957765,0.002888519536236865,0.01108420446204402,0.07875493414073716,0.0,0.02807004630668403,0.0334679702377257,0.0,0.001002171259510029,0.0,0.0,0.001699255606437126,0.0,0.0,0.38710535562549636,0.0,1.7757878870674275,0.011894901130316817,0.0,0.0,0.032827660893021,0.2712450826237117,0.06271591521621868,0.0,0.0002561247275715716,0.01122004220816849,0.015147341289656807,0.0,0.0736222014732341,1.109510683392459,0.6112259909349959,0.0,0.08819686549791099,0.0,0.4583056675654309,0.018663728010020128,0.0,0.24129827792361128,0.0008431511928823338,0.014447219839516348
0.0,0.0,0.0,0.0,0.0,0.0,0.0,0.0,0.0017434666659274772,0.0,0.0,0.00024057206179538553,0.0,0.0,0.0,0.0,0.0,0.0,0.0,0.0,0.0,0.0,0.0,0.0,0.00276350512311065,0.0,0.0,0.0,0.0,0.0,0.0,0.0,0.0,0.0,0.0005613401320687689,0.0037299549874354205,0.0003741210946222913,0.0,0.0,0.0006176517414541035,0.0,0.0,0.3205062580592295,0.023226624968172693,0.6217591284255646,0.055956588448820975,1.9059474773841183,2.6847263018310015,0.07872044107904728,0.007296186743531331,0.0002781707641066592,0.0,0.0013933364598890236,2.187665428108804,1.0154594993507964,0.03640229827367127,2.5852981280315976,0.00922953419493131,0.03526044903444452,0.35723390420614276,0.030427130694201922,0.11431021195424053,1.0552074077153677,0.13385723350171616,0.0,0.0022783207311916744,0.05715680012176241,0.016775379889165495,0.005461453844897192,0.0009419308057573949,0.0,0.0025661278437004017,0.00794031346670644,0.004513421770012223,0.060190746532586235,0.012393717616909142,0.012161381087238557,2.115047416652346,0.005360941995510371,0.018663728010020128,3.348296017266013,0.0030425375183208286,0.3890277729608549,0.020435313898466704,0.08386098580891314
0.0,0.0,0.0,0.0,0.0012013567914274425,0.0,0.012126557877373085,0.0,0.03570714763779467,0.0,0.0,0.0,0.0011993811024375637,0.0,0.0,0.025171401070822018,0.0,0.0,0.0,0.0,0.00274211372156654,0.0097412118386901,0.0005173121931263851,0.13510873679282573,0.0,0.0,0.0019346904519073167,0.03253091601603268,0.004529682567140999,0.010029702591925423,0.0,0.0,0.0014581762028731962,0.002658920812523721,0.0,0.03253097467052273,0.0015209448804171975,0.011098430216759492,0.004922628342264933,0.006860286884702765,0.0,0.0,0.48491469798675496,0.024522645717191656,0.18917854273158427,0.013796811410569937,0.010731543236480602,0.004158460172942347,0.0,0.08597530537091364,0.0019829343151172717,0.014228280241391009,0.0035698393566988445,0.0,0.004063791378731792,0.2480811125746847,0.0503188179628206,0.07901150680073887,0.02840220493633702,0.009053950539251985,0.00020704892394846723,0.0026087353542946054,0.06154202411663391,0.0015460696486383142,0.0021552476894259307,0.01881753870243954,0.0032200092027643724,0.01115272706677847,0.0002608115232634385,0.08263860108926126,0.003345965680248535,0.07311284407864745,0.22521696229019808,0.0,0.01707430508886137,0.03181271149565251,0.7459974113052471,6.393596073875384,0.8801464418086787,0.0,0.0030425375183208286,5.932514663226632,1.2969274193341536,0.001339053322943121,0.014852211843432288
0.0,0.03397280237410545,0.10773310100747382,0.0,0.0,0.0,0.022121284514530177,0.0,0.08044597258301897,0.0,0.007767211821342796,0.0,0.04136432142329234,0.0,0.0,0.12174756666368784,0.02502622639935939,0.0003945704318084493,0.01297126766375596,0.0,0.012034989579634277,0.04578051391253739,0.02138518809617088,0.19598759282245382,0.038398922541167856,0.10603732143441842,0.519984977017089,0.050678556504010756,0.0066292269149315335,0.012266906218082012,0.011328170362654577,0.0003027147606173648,0.0011300048344401962,0.014390266399599737,0.036978949408307565,0.17353387090169878,0.08536284766906943,0.08050037052676304,0.04841039935463438,0.0120528181402697,0.002253543556523667,0.02913405221711407,2.412722582284977,1.4282593356149105,5.266589146757638,0.512255993008,0.5355086676709055,1.4828093316611444,2.561710345953049,0.23885703077310103,0.2084640680107551,0.6963416043092049,0.033219108518403886,0.10544996259832394,0.09254190564554433,0.8888831545203159,0.30436098092059327,0.1605837723646907,0.6318296748815042,9.419253200263217,0.10921855001055321,2.1944168220521254,0.581813841188014,0.008900313084462392,0.10185352471643822,2.117298795905714,1.2894679864232574,2.0747346198386367,0.04381748310956535,3.0297873079954094,0.0839512372322744,4.304922347196847,0.561183393642231,0.43957529990518407,1.6558491198682204,3.163972380243159,2.133167152043037,4.19822730250631,4.241974903082468,0.24129827792361128,0.3890277729608549,1.2969274193341536,10.844378340738391,0.18619447331172767,0.33762487014317843
0.0,0.00348929497186234,0.0021561009473074523,0.0,0.000685727392264868,0.4320491774681744,0.002669103041881406,0.0,0.004721786142513804,0.06337743555378121,0.0009550660007270606,0.10349006537932998,0.10622590896946225,0.0,0.08542906057852584,0.008595889152135125,0.0,0.0023452385289499137,0.0,0.0,0.005011221392395334,0.005743860928147722,0.006450225628744403,0.01491074919221684,0.0010034238040581196,0.004965678697054533,0.00434268612600031,0.006016385316933806,0.0,0.0,0.0,0.0007704532299741873,0.0,0.0018225799147562787,85.49210379933483,0.361591073378218,0.12287351539196895,0.03223130822401026,0.6950528868130191,0.13672422825196132,0.16749977766003257,0.004916443159194683,3.3471427201129353,0.3520056901644709,0.21595509995179274,0.9410832631101126,0.07585577646089259,0.142189324881768,0.004000159364686798,0.0021114419553866395,0.00821370194684158,0.03007278638112271,0.005176286058631397,0.009784488647897757,2.8313526869067487,0.08029706527176991,0.03522652750456577,0.022479742064583426,1.2261289947779563,0.004573400934506644,2.1777284638430885,0.006850861530312269,0.01980818931708758,0.05184111006530274,0.016613559098596624,0.01246913873613092,0.00400782923604105,0.003163040498142527,0.001182679418126887,0.09453981460852501,0.009712989160050733,0.322948424111445,0.04554063032808769,0.0011090268519957918,0.0219635815459384,0.16096929699089604,0.12118952305094931,0.042738918570403864,0.046841599944862124,0.0008431511928823338,0.020435313898466704,0.001339053322943121,0.18619447331172767,292.5974436046331,28.701437845133846
0.007119457396240402,0.07232317131274268,0.3884577671031601,0.02246392987086117,0.05752379877761816,0.1167718503745512,0.3666860410531777,0.02085243180958095,0.1775939916919506,0.23380299356000397,0.07583199339316266,0.05126727016656591,0.07484359941076978,0.015716258279024387,0.00906568570074978,0.8256053041001405,0.019215498947206887,0.07059666314721055,0.04028144605868773,0.004931925512271898,0.49592860069514344,0.14622304733533445,1.3292964389769597,0.6968343499023149,0.02915623264456127,0.37951271457954416,1.3534592775736165,0.9936351751105503,0.07413781504854461,0.04622459011781129,0.03450522943511173,0.024008626590664436,0.002069855614431371,0.1296422389273815,30.092401321557237,2.4223945717747792,2.614832625886635,0.6661815313242411,7.02221466964432,0.6758969041826379,0.5994460669472335,0.14867888144933536,3.8082655513715435,2.7969936142982728,1.2471579060940952,4.947551146637998,0.21568987547493934,0.43005856868272124,0.012891291707466217,0.026594603052281663,0.17997191577095276,0.44099078044798407,0.030495098429697394,0.041199409865404504,0.15731660569281908,0.3907756933841038,0.11929322456279233,0.1467396603574341,0.26844200398995616,0.042805347436299025,0.1382114514415341,0.024926436729886273,0.12034577218719732,0.002426092625149833,0.3385502819797914,0.16958430833151936,0.04112494494297384,0.05652232541707586,0.006642583839529569,1.8819857399560154,0.21822082411404164,5.009035727809723,0.584658236220672,0.008257040569718228,0.30999633448095526,2.167504693281563,1.39226990875674,0.22111454054153656,0.7320146562289432,0.014447219839516348,0.08386098580891314,0.014852211843432288,0.33762487014317843,28.701437845133846,2.070355747289106
