3.2593504057563525,0.0006425202449547525,0.10336966311372504,0.0020706030702727805,0.0,0.025825573617540086,2.876864974780901,0.3234440585178371,0.07021203380019564,0.052241655166020064,0.02032724774157605,0.007886992354298046,0.012264353877312546,4.314930539808332,0.004132196126280378,0.001595329247708129,0.43547694987896585,0.0006560545727152622,0.030437496514669187,0.004740049451716754,0.24771335659473348,0.00389004168826251,0.6618344459888472,0.13963811949501143,0.0035989610125639043,0.16502877947867478,0.042973898595885004,0.22009703927756033,4.566956216480972,4.132753685581236,0.0,0.005221321183261694,0.06179314301115746,0.20069616565771384,0.0056535120525016405,0.28593539916267285,0.03522198819419602,0.21801634357744087,0.11813921066395233,0.04247111227992379,0.011544145500498308,0.005314155208792065,0.0039311808024036846,0.0,0.0,0.0006589587499892564,0.0011661135735083709,0.0,0.0,0.0,0.0012680834578973727,0.0,0.0,0.0,0.0,0.0,0.0,0.00994666519738481,0.0,0.0010250581604683557,0.0,0.0008594186713880624,0.0,0.0,0.00844130188589117,0.0,0.0,0.0,0.0016025421604116477,0.0,0.00623740706199623,0.0,0.020908486082061608,0.0,0.0,0.0,0.006207987095330283,0.0018362491671730157,0.0005365867075499144,0.0,0.0,0.0,0.0,0.0,0.0930678756265459
0.0006425202449547525,1.0756626699979126,0.17050927921202216,0.0,0.0,0.0,0.0014414227923231853,0.00020471054085464445,0.40385055966098016,0.0,0.11992592408219219,0.0,0.6453806081815684,0.002130155173284546,0.006281056675018108,0.3868406559758474,0.21172821101046155,0.007906282132308448,0.08362563806390959,0.0,0.03216219472252037,1.1093682633384527,0.0821580645079535,0.4817264206386667,1.5408327715521393,0.8072897324077943,13.656913590097416,0.04091405009616771,0.008636479669836479,0.0028916824323036465,0.05402189123586949,0.0008023791056012517,0.0004825239813764544,0.12046653860427556,0.0011918242285092148,0.3664070393713945,0.13341615813701124,0.20484820155592154,0.15030086743731724,0.012134204509283764,0.0028581624867697023,0.09990422320325407,0.18350608969134927,0.06861216469661757,0.1174234900030891,0.10283414345621866,0.0007849907437350086,0.0,0.026890623663372186,0.0,1.6250994458305839,0.030236254309181428,0.0,0.0,0.0,0.0,0.0,0.00924199070611751,0.0,0.029137957235894258,0.0,0.059371372977006585,0.0,0.0,0.008328505312938026,0.10798702672222371,0.00808232746135748,0.0796519322122633,0.0,0.0010974541021312194,0.05756883020595767,0.017670349928406714,0.002317413329733587,0.11199743307762565,0.3399024470212716,1.8571862171403264,0.0,0.0026330786026400282,0.0032567623463835007,0.023326204235319222,0.0,0.0,0.04278190850436646,0.0,0.1266589381106372
0.10336966311372504,0.17050927921202216,33.805412549121634,0.0,0.0,0.0007749194122692603,0.5821406712947064,0.04446449354748832,0.004614371921400787,0.009940495453669247,0.00742942092600824,0.0,0.05260340671875847,0.13986585052815612,0.0,0.049717023286573986,2.4842833267161093,0.011281761445636938,0.20132692789925657,0.0,2.7581874503643373,0.05286858661753009,18.295879878640505,0.12783886342360753,0.0018743793841051641,11.140212048106164,13.330872261357635,1.0139193553307349,0.07544192942903874,0.6495222004377866,0.00023949377339087445,0.0027674072712394393,0.008937792683032367,0.5600850326067413,0.014145372773990274,2.3970950515708758,1.0848001333925166,1.3729953442920373,1.3598894511608597,0.1910735696759545,0.019691076035554405,0.005530148077636229,0.26159450310235305,0.07195614746850977,0.27692720260253284,0.1875898764160274,0.007988532750291648,0.0004544230898047232,0.0,0.0,0.2922264024711322,0.11503705971577667,0.0,0.0,0.00040069553227980916,0.0,0.0,0.002614229454429293,0.0,0.0015731931999303822,0.0008626225431720202,0.002566052609373736,0.0,0.0,0.02363457407732516,0.3810857594259416,0.00022876200681167246,0.08154205533871983,0.0,0.001687479269769801,0.11403196663907984,0.049167499926221554,0.0060036456685045895,0.0,0.3732745013926469,1.9193485411910012,0.0,0.0007969350587591613,0.00018594808018137593,0.0,0.0,0.0,0.055996130215843085,0.0,1.1950632085257993
0.0020706030702727805,0.0,0.0,12.072369899367263,0.011473999195980149,0.051835560940057396,0.23371180516267573,0.10677589291133686,0.8653037546331732,3.8270350391088956,0.00128419513296429,1.967370539778619,0.0026801149014444173,0.05404582495270236,0.0844690064306064,0.0,0.0,0.0,0.0,17.00387480069566,0.0,0.0,0.0,2.4896261656323655,0.001368405966373919,0.0,0.0,5.563727743865074,0.03323037228329812,0.00015597097381237233,0.0,0.00025044090956884504,0.0007340800273825469,0.021230804753760733,0.0036820799651909653,0.2296185096779594,0.0014045425205037845,0.042772730650983845,0.009355608326444565,0.2236154490837391,0.02338928497857528,0.0008886641627364253,0.004774045362210972,0.0,0.0010891194167901915,0.0,0.12139937931518162,0.0004133398679889676,0.0,0.0,0.0,0.0,0.14613586959230795,0.0,0.012691263211337053,0.028428613453898008,0.006133768607547328,0.2891909885346014,0.02120694068807675,0.0011345156476094667,0.26555111677744825,0.0,0.001736009906528046,0.025922694315739875,0.0,0.0,0.0,0.0,0.45087124664789563,0.0,0.0012843751789839925,0.0,0.6308056919537288,0.0,0.0,0.0,0.08372883184661488,0.0008514790194759643,0.0,0.0,0.0,0.0,0.0016490472389129396,0.0,0.02329255256178912
0.0,0.0,0.0,0.011473999195980149,3.27087885180216,1.8064683723821922,0.008423948789696491,0.07640178798741964,0.06287927576722094,0.01073524148128016,0.0011641451352159924,0.09870685129662878,0.0008529664085290218,0.005009583496984931,1.282085015015946,0.0,0.0,0.0,0.0,0.010685998848564528,0.00025555537004603144,0.00398883546172623,0.0,0.07192718801708124,0.0,0.0,0.0,0.01538883722603934,0.0033682586873450856,0.0005377506021077661,0.0,0.9935525352205177,0.0,0.28558295362421093,0.0013844148671980124,0.07922879512378231,0.001097431008617564,0.0032429737815057504,0.0030917691977295388,3.9330864462243573,2.106078846013499,0.0022689258572308065,0.0004609669160132949,0.0,0.0011861810724962257,0.0,0.0033037001676820615,0.0,0.0004426628627442444,0.0,0.0,0.0,0.0,0.0,0.0,0.0,0.0,0.0,0.0,0.00047255786785030575,0.004209549158980339,0.0,0.0,0.0007132287618735573,0.0,0.0,0.0,0.0,0.0,0.0,0.0,0.0,0.0026933801793474843,0.0,0.0,0.0,0.0,0.0,0.0,0.0,0.0,0.0,0.0,0.0,0.006030963418956273
0.025825573617540086,0.0,0.0007749194122692603,0.051835560940057396,1.8064683723821922,24.378278589087977,1.543446182796662,11.731078050264259,0.27876299011948136,8.470115431006349,0.05111579905328255,3.09926935390257,0.054906761391421775,1.193937776296011,2.7073108005231985,0.0,0.0,0.008481134537193083,0.0008344491166574489,0.21891955224122844,0.010588662027968336,0.0,0.0035393002750696485,0.10659500299395477,0.02966529620728265,0.0065558942140281915,0.0,0.25078908021302426,0.40007481401422734,0.014213395702891238,0.0015879514144256437,0.9155065846313508,0.0018333032270052185,0.43329177289222065,0.4784536428131669,1.3020246846884458,0.014654843052326182,0.3129773897361439,0.13929336178029683,5.911658469565659,1.070299376691035,0.07772468057608832,0.007879898453102219,0.0018511200928392406,0.027710060594791662,0.015927236542781234,0.05964513652865366,0.006006580027171061,0.012521127737113728,0.0,0.0,0.0,0.012721534997425957,0.00025500161214134654,0.0035925340321222746,0.0034298426952765306,0.00041957033351599897,0.09149561319713309,0.00987337710951131,0.019707306467336,0.10810921305528928,0.003977624105176866,0.0,0.006800340515344634,0.0,0.0,0.0,0.0,0.0803522525338716,0.0005158258472403225,0.00040334445326444955,0.0,0.2764205723978611,0.0,0.0,0.0,0.038780511190383386,0.0,0.0,0.0,0.0,0.0,0.005867662153924367,0.13260292102646629,0.15997178600574505
2.876864974780901,0.0014414227923231853,0.5821406712947064,0.23371180516267573,0.008423948789696491,1.543446182796662,46.499878178555655,6.155670036923635,0.6395647499325428,10.673222988473606,0.02129968810714013,0.0947717285681059,0.16414362188184106,10.629107471387982,0.0342158049971049,0.007381544458771232,0.0480777655664549,0.0,0.003481213973192458,0.1497036988575645,1.0344920970478202,0.012837570962627637,0.36429322610184195,2.336897212999849,0.02970354664019861,0.21063139800233643,0.0889959947199817,18.23847107052489,2.166222222516601,4.0827087318644,0.0,0.04083730421209348,0.09350252686992895,0.8626777179655333,0.09995909276629933,4.26487278956329,0.1761013967646986,1.1008487030591574,0.42863772793577093,0.5446736776066415,0.4129239080495151,0.02464588709196426,0.20634672619934571,0.002162834579777824,0.0407804170125381,0.00830329302152099,0.07628307356840498,0.0,0.0011942911577819215,0.0015528956460000697,0.00924274673494298,0.0,0.021658784531208838,0.0,0.05985513102525751,0.09253598123374966,0.05495227622839591,0.29316762319737516,0.03061576026871683,0.006541758875837566,0.1661206950520758,0.01813220523822415,0.005939041853589864,0.001025896892794815,0.0330126477020488,0.0,0.0,0.0,0.3438135467395866,0.003550305341917283,0.03187583670510889,0.0015840074731250729,1.004129825140701,0.0,0.0,0.0009269697930877457,0.3720489903523326,0.01828223617581841,0.019754886424975894,0.0,0.0,0.008194591933813384,0.029986494148679366,0.0,0.8808323582279912
0.3234440585178371,0.00020471054085464445,0.04446449354748832,0.10677589291133686,0.07640178798741964,11.731078050264259,6.155670036923635,20.916523768776646,0.6496259292858568,5.354914662488037,0.16610581005488556,2.2105244907321127,0.09577649355245145,11.886727617865091,0.48087814715871186,0.00034796993676112744,0.05172474485015833,0.040334647655273184,0.0036437728176629673,0.4812446373753732,0.2367306133109667,0.0023698141220474143,0.260926063955422,0.26029507383625916,0.051580194197923715,0.04904051794824732,0.004223121288761199,0.6136376840517291,1.0596353292811176,0.8642786549414403,0.008814074267900176,1.6906864933560624,0.024079130608189163,0.5115436445439251,0.03542497116882302,1.7818871747735103,0.06781383493556034,0.4438382748967065,0.3207487750577236,3.178136316623151,0.5211065458891364,0.12967346953476785,0.009416787815697485,0.0012845717054800953,0.0723631756267397,0.0283623559395711,0.021645862193141713,0.01930764370385595,0.0377005557986631,0.0,0.00046558265388012515,0.0,0.0002585823575601486,0.0,0.0019505720893496733,0.0,0.0,0.17756297220320744,0.0,0.050637582023784676,0.044145396247221635,0.006371699156214436,0.0,0.0019123176839787401,0.0,0.0,0.0,0.0,0.0337386545428089,0.0,0.012076630920470536,0.0,0.21710403738956396,0.00030890803437283064,0.0,0.0,0.016695936827813264,0.0,0.0,0.0,0.00024114436896070072,0.0,0.010390965962373407,0.0,0.21685098318370846
0.07021203380019564,0.40385055966098016,0.004614371921400787,0.8653037546331732,0.06287927576722094,0.27876299011948136,0.6395647499325428,0.6496259292858568,3.6130985936628264,1.06583022308384,0.026557018100572014,0.5038209202320657,0.08961515483353824,0.6496498757075964,0.5446241157530052,0.02463191492554589,0.0022933650139449215,0.0,0.0006390577466645512,0.4922044019297423,0.011393171620228635,3.8766277334614943,0.011484383181655882,14.27993872982071,0.21169263024099896,0.013123927856633471,1.3371661485800828,2.2823150574876605,0.5508879968067549,0.04600462539459291,0.0023781481819873697,0.03796370127932954,0.02218304164192981,0.2542048095865443,0.03599496589827798,1.5473634904313212,0.02098860269260937,0.2820141146836682,0.11775225422037636,0.5987849055210135,0.12665676048726787,0.024683946314293236,0.8624033281905272,0.004277750350349767,0.42986830160934225,0.08910328849313648,0.38311908375126014,0.07822839211502797,0.0029032072306050525,0.016612422656453258,0.005949306017052786,0.0007965645202055485,0.2479598780231328,0.002074358499476173,0.1129708430233184,0.29104764749203443,0.2672792171208047,1.6990302524096086,0.7486852280434769,0.029030367126864926,0.09314172913489617,0.003798435209221344,0.2715349740958915,0.019963126196731407,0.02186295823473225,0.0024864438824038692,0.0,0.0,0.29995212115699915,0.018256667127834355,0.1702159849060663,0.011590038230279667,1.078607801533702,0.0026910126425192075,0.002958285399652294,0.008429603341906764,0.9733257205560121,0.25542760170727996,0.11946804158635842,0.0,0.0016911236439569202,0.019898569043685546,0.21243671587482701,0.006500490755353045,0.42235172722206726
0.052241655166020064,0.0,0.009940495453669247,3.8270350391088956,0.01073524148128016,8.470115431006349,10.673222988473606,5.354914662488037,1.06583022308384,64.18810421171237,0.019122577010670418,2.838991396598758,0.068848768792774,2.6630541800887153,0.0646940123767406,0.00015929074168016057,0.0009848474426369424,0.0,0.0005799421504379892,6.230500698059443,0.031904934729200786,0.0,0.008491144463538788,0.6054214948763246,0.011940482392659367,0.003275504759477963,0.0009955202130483567,4.173755787469419,0.7749967104982979,0.024768619585469543,0.0,0.0443050800187311,0.00462977407895159,0.663498176139336,0.2226108436809003,3.0541487435665404,0.01859529229861581,0.9796247557862031,0.19597095219027372,0.672037919223047,0.4169656167477356,0.03585605529821414,0.004208139435475205,0.0,0.0007823174436900669,0.00028392564733874243,0.0908147182613345,0.0,0.0017067082217352184,0.0,0.0003159782861429416,0.0,0.0108737145090607,0.0,0.0038975748063148365,0.01948363985785031,0.0008470219018513753,0.8087565549728785,0.0,0.0023708396639903558,0.19888372701494425,0.002556955201099494,0.0,0.007425603860054761,0.0,0.0,0.0,0.0,0.1968042586412653,0.0,0.0016605616601891523,0.0,1.1405881699256608,0.0,0.0,0.0,0.06685520359938676,0.0,0.0,0.0,0.0,0.0,0.0,0.021531314126579153,0.3437458420587607
0.02032724774157605,0.11992592408219219,0.00742942092600824,0.00128419513296429,0.0011641451352159924,0.05111579905328255,0.02129968810714013,0.16610581005488556,0.026557018100572014,0.019122577010670418,26.906937197475354,0.024719060059714457,3.4443127114306558,0.7008051237981109,0.002907149411517422,0.0012595827748977555,0.21476644954777033,5.24496758832907,1.603362030572284,0.002714701341110016,0.012690838066004672,0.02719874976110108,0.023542261867918836,0.006847018007656249,0.506488697302233,3.377763137976482,0.1433108657198123,0.0063003973537268665,1.8948964288883317,0.010277371400815513,0.5784979081523277,0.37000343761776233,0.018479305056790244,5.457146474690246,0.0016607372589123462,0.27258268628678467,1.0722157064618685,1.7600727108327858,0.2640183799737369,0.051609246428759165,0.03302908880133961,1.1269435892720796,0.0015554125841955315,0.1477228327688063,0.004128730570473829,0.0015561913822525967,0.0,0.0010760398598424834,0.27721495601713236,0.0,0.030564236601406395,0.0,0.0,0.0,0.0,0.0,0.0003345085492960063,0.0,0.0,0.4007955736125963,0.0,0.5698374059239611,0.0,0.0,0.0,0.0,0.0010627957065978473,0.0,0.0,0.0,0.0073972545105349535,0.0,0.0,0.12963286354029602,0.06405420081331746,0.07720955534018939,0.0,0.003026066981646984,0.0,0.2764991142253467,0.0010567892967955825,0.0,0.043035257853201635,0.0,0.04536030307961259
0.007886992354298046,0.0,0.0,1.967370539778619,0.09870685129662878,3.09926935390257,0.0947717285681059,2.2105244907321127,0.5038209202320657,2.838991396598758,0.024719060059714457,27.47782139878697,0.014088216014991502,1.0298692806252843,1.1103120406695333,0.0,0.0,0.0,0.0,4.433176669931335,0.0,0.0,0.0,0.7954698215742134,0.014706655180090327,0.0,0.0,0.6457876658378834,0.270217661138701,0.0009720302877649086,0.0,0.05273626318165301,0.0001542250740680858,0.2861331640223859,0.19172942337911061,0.6289965737621358,0.005167863683184862,0.3215578997277054,0.09985084744541352,1.4715996967655316,0.08917704165935887,0.040078765988008656,0.015556224942745691,0.0,0.008504163541886536,0.005264033204261792,0.244656373050074,0.0,0.001924827917483975,0.0,0.0,0.0,0.1729977903345062,0.00019528926747715506,0.048334538928251625,0.03824211862565679,0.026288218797329878,0.11892345488727431,0.1068217118785364,0.004535876964251002,0.7050035069884464,0.0015728684314700308,0.005796015130045148,0.028968719246953614,0.0,0.0,0.0,0.0,0.528673721639282,0.0,0.0008882183560056553,0.0,0.42302918957459124,0.0,0.0,0.0,0.13334738219047523,0.0038263028725192545,0.0003911045667448073,0.0,0.0,0.0,0.0012473022141454336,0.11957822135383019,0.05381070099557922
0.012264353877312546,0.6453806081815684,0.05260340671875847,0.0026801149014444173,0.0008529664085290218,0.054906761391421775,0.16414362188184106,0.09577649355245145,0.08961515483353824,0.068848768792774,3.4443127114306558,0.014088216014991502,16.057551332161513,0.11206436814452517,0.0037779227257893184,0.04364312697580601,0.0229294652565949,0.03127844277250335,0.028404110494693057,0.015321662294665929,0.09724202790714205,0.21486782815019,0.1983042483098634,0.10070766649826815,6.925144109276187,0.19503653224900952,2.031769932288669,0.15891594987809038,0.29156482740208434,0.08754706468268018,1.6780442312452286,0.1067178076054687,0.010703775155980881,0.9384364880624659,0.1526129636650446,1.7270442189651862,0.7745738202231889,1.0609497255877574,0.49401558269407103,0.6774328118571835,0.12630675249580958,1.889252933722657,0.11730057404702117,0.4791213098329853,0.035000480364977125,0.019736868527441758,0.0936461645524135,0.008104790234869298,0.48242028575571416,0.0,0.17573638749777698,0.0007918539761688134,0.0008220060211154346,0.0,0.0021414168746201915,0.0,0.003389554948879754,0.018885245480415227,0.0014196525578465096,1.5831029787872388,0.006590487046682526,3.285202285190664,0.007499656419668152,0.0,0.005893802691091635,0.0,0.0006097443413923745,0.0,0.013031386877831352,0.009841646946030234,0.05139795949451449,0.00557128760871145,0.009272455463181598,0.8370057725578092,0.2735020769948414,0.5134375609247681,0.00972927614381058,0.01253099001089892,0.004148905754261041,1.4246637437368557,0.006441009971226488,0.0,0.13802602935959787,0.040411512794066386,0.049312317184616684
4.314930539808332,0.002130155173284546,0.13986585052815612,0.05404582495270236,0.005009583496984931,1.193937776296011,10.629107471387982,11.886727617865091,0.6496498757075964,2.6630541800887153,0.7008051237981109,1.0298692806252843,0.11206436814452517,28.360843245065027,0.1004783769540709,0.0021117676637168997,0.3673609671935027,0.1932002332582175,0.05592004181359948,0.2907941924272546,0.41913410518483335,0.010879970407564653,0.8516810050748608,0.6028661376907809,0.04853075024537568,0.3498036291265774,0.023490702969681313,0.9562988002057192,9.185547276373303,3.4348114060686474,0.04372653585973706,0.5258356490385415,0.06917019391690078,0.8537961210201022,0.0169360347618026,1.2089443028587554,0.09910234265812205,0.8796641061765892,0.3654064181208291,0.6137624248123107,0.12147871136008458,0.1118104811592351,0.007336164870569374,0.002020430222951676,0.045066386661731336,0.02332323982265679,0.002104245003760258,0.01653227913049637,0.023218180109527427,0.0,0.0,0.0,0.0,0.0,0.0,0.0004359598140553638,0.0,0.11825562738259167,0.0,0.027535531064218445,0.00044965917820985165,0.0046111027183677955,0.0,0.0,0.001211646060690816,0.0,0.0,0.0,0.0,0.0,0.014772354767172076,0.0,0.011824291455388356,0.0010513841174719608,0.0,0.0,0.00014975817007487164,0.0,0.0,0.0,0.0,0.0,0.008599376859468997,0.0,0.15769014750510987
0.004132196126280378,0.006281056675018108,0.0,0.0844690064306064,1.282085015015946,2.7073108005231985,0.0342158049971049,0.48087814715871186,0.5446241157530052,0.0646940123767406,0.002907149411517422,1.1103120406695333,0.0037779227257893184,0.1004783769540709,2.320706222067387,0.0,0.0,0.0,0.0,0.08393120907397757,0.0007531235363486344,0.014036190903417869,0.0,0.6424293632923913,0.002508720101092237,0.0,0.0021257575150877956,0.11735359765773204,0.03783107212656155,0.0014555701173676933,0.0,0.044139337778570945,0.00034868452697480855,0.03201652999934673,0.4838458324175472,0.13712435848755733,0.0006896380543655179,0.01779100499011058,0.013528331947780779,3.1358171959363443,0.07867456425374622,0.0039559521513204965,0.002020142167850547,0.0,0.002025475148094867,0.0004233830911509852,0.02804504587342698,0.0007364835131909572,0.00035903643189182474,0.0,0.0,0.0,0.01644756055248684,0.00030409189020695225,0.0021547951648132556,0.001415873652939917,0.00078663196987026,0.007963115917979586,0.009148334347666612,0.001520957339777022,0.03224162208317935,0.0005813040886686169,0.0,0.004094971744893416,0.0,0.0,0.0,0.0,0.027603147737215693,0.0,0.0,0.0,0.04009603431919519,0.0,0.0,0.0,0.011248933355829577,0.0,0.0,0.0,0.0,0.0,0.0,0.06905941896449401,0.03532246246666605
0.001595329247708129,0.3868406559758474,0.049717023286573986,0.0,0.0,0.0,0.007381544458771232,0.00034796993676112744,0.02463191492554589,0.00015929074168016057,0.0012595827748977555,0.0,0.04364312697580601,0.0021117676637168997,0.0,17.107391146187496,0.04582157278239649,0.0,0.003191595021939959,0.0,4.915281972552969,3.8800609584994907,6.05332058001623,2.092793254087607,0.07641460492224285,0.0451171198568313,5.528498399564486,1.0113669604036948,0.007945481275487545,0.024374127232699615,0.00040426263469004207,0.0,0.003611082142368891,0.09823613013907484,0.011418729816345929,1.1628590883051986,0.414726471296656,0.25023606094175016,0.2984659580869295,0.07935240629421211,0.0044585414080365576,0.0027466354200850816,0.27525246855493046,0.0953340267413618,0.06767582826009381,0.09155139141002852,0.007915227232258681,0.0,0.0007697566106055173,0.002541592988146767,0.041438007118607664,0.0439029513683133,0.0,0.0,0.0,0.0,0.0010600067305176018,0.009366204728436184,0.0,0.0019126702132977829,0.0009786415414742343,0.007378464613285043,0.0,0.0,2.2678685398291294,0.004559044726911903,0.0,0.0,0.0012605342647211797,0.28074222980642577,1.6201114487928132,1.4927039740110095,0.13704774244369441,0.00074567787021285,0.004053724390040768,1.2226714617362482,0.11088786525785037,0.010766722515086117,0.05486605984956383,0.0,0.0,0.0022338737485596517,0.009765337140225743,0.0,0.45291376096401303
0.43547694987896585,0.21172821101046155,2.4842833267161093,0.0,0.0,0.0,0.0480777655664549,0.05172474485015833,0.0022933650139449215,0.0009848474426369424,0.21476644954777033,0.0,0.0229294652565949,0.3673609671935027,0.0,0.04582157278239649,6.905615524159587,0.20201088040931434,4.3833571412549155,0.0,0.7427777426655918,0.04298020986554673,6.252288212715178,0.02267162809915648,0.001972663710488311,3.337983373218187,3.5693333609612052,0.08383474231366918,0.7735699216046319,0.6827866474321167,0.00040912547546929266,0.0020430104213055027,0.09467658161252604,5.735652372748167,0.003769264140600539,0.8720578555180294,1.2387929070387587,1.4159078650770411,0.5416992352714125,0.05283776995654801,0.004437696651331312,0.0015734603156771017,0.05295287698110932,0.029788148650397243,0.08855514306506772,0.04346619778131977,0.0008980784872131155,0.0,0.0,0.0,0.1345799686710723,0.043671498978742264,0.0,0.0,0.0,0.0,0.0,0.0,0.0,0.0,0.0,0.0,0.0,0.0,0.0024940588469261225,0.13859591451646897,0.0,0.04199164509684608,0.0,0.0,0.028036856350623654,0.005490811021939268,0.0,0.0013190123687884304,0.21715225339167532,0.7528086158704983,0.0,0.0,0.0,0.0,0.0,0.0,0.023174234774450516,0.0,0.19544806602819145
0.0006560545727152622,0.007906282132308448,0.011281761445636938,0.0,0.0,0.008481134537193083,0.0,0.040334647655273184,0.0,0.0,5.24496758832907,0.0,0.03127844277250335,0.1932002332582175,0.0,0.0,0.20201088040931434,2.2359925277106028,2.6180096561744937,0.0,0.0030377518826228,0.00023868316094965053,0.026076972131965054,0.0,0.0061260620101865285,1.8487899794436116,0.19154821431029634,0.0,0.4434447111834564,0.0035963508896087303,0.03351386690190179,0.06504882057621866,0.009537777339578342,1.3913515908128962,0.001309992788203137,0.5110726233096728,0.8648681595900856,1.3466210962845193,0.5679159101086451,0.016958918893495913,0.016092303963603227,0.027320678093061376,0.0012890029616122107,0.0011201770309074584,0.0,0.0,0.0,0.0,0.000844099773250317,0.0,0.0043993513195934204,0.0,0.0,0.0,0.0,0.0,0.0,0.0,0.0,0.0010168751001427656,0.0,0.0012237565818405808,0.0,0.0,0.0,0.0,0.0,0.0,0.0,0.0,0.0002029253682393416,0.0,0.0,0.004624959544614423,0.01157183146162181,0.03015126530311582,0.0,0.0,0.0,0.002435914707031283,0.0,0.0,0.0,0.0,0.09798744742880462
0.030437496514669187,0.08362563806390959,0.20132692789925657,0.0,0.0,0.0008344491166574489,0.003481213973192458,0.0036437728176629673,0.0006390577466645512,0.0005799421504379892,1.603362030572284,0.0,0.028404110494693057,0.05592004181359948,0.0,0.003191595021939959,4.3833571412549155,2.6180096561744937,8.579098997530643,0.0,0.12330591237510848,0.008596637892311493,0.45871391972360415,0.0009815837060725965,0.0034173970054782155,2.5657704042047444,1.0953095453957737,0.008122177218536874,0.17851244525873572,0.05574031956634439,0.0066415694240477266,0.013767477801290132,0.017411884972525545,3.9405919196499597,0.0031039157373484436,1.250512868149228,1.3363766447337477,2.1145095756679906,1.1940630151306364,0.0176279638108541,0.011861379777297676,0.006012753430641017,0.010588994729757125,0.013463341044347021,0.016073424703489055,0.0012138751059261662,0.0005673380257014551,0.0,0.0,0.0,0.04011380670048232,0.003303074118046067,0.0,0.0,0.0,0.0,0.0,0.0,0.0,0.0002808543953265343,0.0,0.0,0.0,0.0,0.0,0.012300403558600936,0.0,0.010377587023616245,0.0,0.0,0.0032165109659009084,0.00037258435633489765,0.0,0.0027699193915303446,0.10957091719902254,0.2596451536605173,0.0,0.0,0.0,0.000400287678128906,0.0,0.0,0.0009882405908971672,0.0,0.23001666512062238
0.004740049451716754,0.0,0.0,17.00387480069566,0.010685998848564528,0.21891955224122844,0.1497036988575645,0.4812446373753732,0.4922044019297423,6.230500698059443,0.002714701341110016,4.433176669931335,0.015321662294665929,0.2907941924272546,0.08393120907397757,0.0,0.0,0.0,0.0,6.95133662277375,0.0002844030831496496,0.0,0.0,0.7253167222587242,0.004704856245614896,0.0,0.0,1.8033322192116075,0.09861854453787669,0.0005420318430531321,0.0,0.004606419321370211,0.0,0.10978135371520614,0.0019014331921414765,0.45992125755845,0.001308504356814961,0.12057730403668784,0.02687980139894156,0.3020930957340838,0.05880142677404248,0.00925955512996699,0.03351432266872371,0.0,0.010128187789021732,0.0,0.18373069324429273,0.0,0.0,0.001600994501225657,0.0,0.0,0.10732001600292272,0.0010064811775389205,0.047879913521200156,0.0848457062271136,0.033590177889019426,0.28945308480073645,0.12039459559196676,0.00021271863943961216,0.23849501100601722,0.0030217298599576957,0.0018529508965697923,0.015172618228381677,0.0,0.0,0.0,0.0,0.541152532029799,0.0003926028424091152,0.0003963958304213262,0.0,0.8288988340470961,0.0,0.0,0.0,0.21737334297813676,0.0007548660427130333,0.002806751507467203,0.0,0.0,0.0009384256698747252,0.011401504718903959,0.0,0.041231316916985505
0.24771335659473348,0.03216219472252037,2.7581874503643373,0.0,0.00025555537004603144,0.010588662027968336,1.0344920970478202,0.2367306133109667,0.011393171620228635,0.031904934729200786,0.012690838066004672,0.0,0.09724202790714205,0.41913410518483335,0.0007531235363486344,4.915281972552969,0.7427777426655918,0.0030377518826228,0.12330591237510848,0.0002844030831496496,39.81330146301265,0.4188804044648304,23.25278533955354,0.4471662358543995,0.03682454726359963,0.8194096360213241,1.7272636162047668,5.835112841300554,0.6741039053973022,12.030158556386635,0.0,0.0028939417052574728,0.16793848976860376,3.8664820530655115,0.08463140249707554,6.354507171442908,1.4505649430756622,3.1468482495419714,2.936505267126573,0.6341186434941638,0.02997791646027741,0.008069470303979814,0.08379826840198687,0.025130526758841025,0.01065993787631141,0.0112967516723484,0.004980122265429725,0.0,0.0010026467972409467,0.0,0.019574367729455932,0.008802771220604784,0.0,0.0,0.0,0.0,0.0,0.00461081535815678,0.0,0.010438858168870715,0.003004117685578214,0.020486160161933713,0.0,0.0,0.8678957235271038,0.0012522965281278023,0.0,0.0,0.00043879950552993977,0.2710358554445167,0.7225638980896814,0.3068220574270334,0.20338254243371712,0.0,0.00036849915546258085,0.15375647806970033,0.16844444050975527,0.02004442884566758,0.10092627861629065,0.0,0.0,0.006455908831473911,0.0050799154761323965,0.0003934085906197812,2.7956216358017087
0.00389004168826251,1.1093682633384527,0.05286858661753009,0.0,0.00398883546172623,0.0,0.012837570962627637,0.0023698141220474143,3.8766277334614943,0.0,0.02719874976110108,0.0,0.21486782815019,0.010879970407564653,0.014036190903417869,3.8800609584994907,0.04298020986554673,0.00023868316094965053,0.008596637892311493,0.0,0.4188804044648304,5.560043264212828,0.546863250745988,5.815289513646012,0.4831164043897102,0.06770939231956645,7.41572651843521,0.4427232456462548,0.023409953128966713,0.040512050764793875,0.02635688672320301,0.0,0.0060198576162100335,0.039552991631124246,0.0008997608624225976,0.25106620013008324,0.0732681411695347,0.08473103634631987,0.06566830588675136,0.05268200716022238,0.0014539958786361456,0.023182328576145352,0.20932192777147357,0.05927297086675522,0.07855134202487538,0.07000616589674999,0.005114114676719466,0.002491607251561179,0.0038827731959340988,0.0026684547617184472,0.34169260935270124,0.024734618949722835,0.0,0.0,0.0,0.009062733734097156,0.004336127799588939,0.08962731663757618,0.00029692196803637855,0.007293119267586425,0.0,0.010276127119056901,0.010269983746419879,0.0006744339752319766,0.8197347183751048,0.041550313608750354,0.0,0.00423039627831183,0.00046811284131311013,0.2087254779049488,2.5350940145217633,0.47794308035293015,0.20985112902511285,0.008095274653326446,0.03108324069056824,0.7737102545288758,0.11786869583924389,0.023280629614634937,0.058179349094996266,0.0023165579316267097,0.0,0.0020914451632327194,0.010743871587557168,0.0,0.1355622053653531
0.6618344459888472,0.0821580645079535,18.295879878640505,0.0,0.0,0.0035393002750696485,0.36429322610184195,0.260926063955422,0.011484383181655882,0.008491144463538788,0.023542261867918836,0.0,0.1983042483098634,0.8516810050748608,0.0,6.05332058001623,6.252288212715178,0.026076972131965054,0.45871391972360415,0.0,23.25278533955354,0.546863250745988,47.03199408607222,0.39575440146649615,0.023334781888976693,3.0525763034189897,9.252778381097274,1.7085464037159839,1.279957579538201,3.518394846886126,0.0,0.005464138893860863,0.15911295795618008,6.3960445284902425,0.10251142834972922,10.419411537804598,3.9451494341825852,6.181356417097677,6.025078292871162,1.373298173520644,0.060930250016766226,0.02801165802649722,0.36253034609305157,0.11222091343340725,0.2091027490748242,0.15806143651684681,0.018419007174581715,0.0,0.00032195688876050815,0.0,0.13983837580203554,0.16108044965771126,0.0,0.0,0.0,0.0,0.0,0.005285443948937134,0.0,0.0063586841661366165,0.0009462228229944346,0.005632163871096478,0.0,0.0,1.489259990881682,0.09692711136671538,0.0,0.002130136897675443,0.0,0.07081218715288998,1.0723323466455743,1.184695432029822,0.032328531452725316,0.00028714324320178056,0.035578747239665955,2.348715679631795,0.012335402068083926,0.004532361248962169,0.006797430558901481,0.0,0.0,0.0,0.018153715792278,0.001405821257228845,6.753523851362746
0.13963811949501143,0.4817264206386667,0.12783886342360753,2.4896261656323655,0.07192718801708124,0.10659500299395477,2.336897212999849,0.26029507383625916,14.27993872982071,0.6054214948763246,0.006847018007656249,0.7954698215742134,0.10070766649826815,0.6028661376907809,0.6424293632923913,2.092793254087607,0.02267162809915648,0.0,0.0009815837060725965,0.7253167222587242,0.4471662358543995,5.815289513646012,0.39575440146649615,28.36946735808882,0.15116952464915479,0.06745980890435631,2.278800188760262,9.170977296019187,0.781727093209639,0.19065112157098746,0.0,0.011271121230825779,0.05520461214953862,0.2648689048628072,0.04545415340504766,1.7827316293228914,0.12207690039750081,0.3373407030083496,0.23311743676989682,0.6776759189200106,0.10831268606640058,0.004770451494951141,1.4401732983446576,0.024838923826921364,0.3789656896209027,0.1001269816956388,0.44318452931632857,0.007810572558975411,0.0004817794066558268,0.017233865379688986,0.009606322119347794,0.0035158148897347237,0.31056209321690725,0.0013064468104513314,0.21520855975285233,0.5104555460712207,0.18612185749343774,0.8950425732221038,0.7195195048067012,0.017057224587748995,0.26152183944270546,0.02442238942183851,0.03944359227153834,0.016222432380696098,0.557448990355817,0.0002755863873046896,0.0,0.0,1.0681531258483157,0.2611522032733495,0.8141677703781053,0.15580184214161377,3.9046641814831387,0.00037309007417205746,0.0,0.07787645020973288,2.505455122933042,0.1996483349301548,0.3785164934942788,0.0,0.0,0.0628937780073739,0.18969259196672203,0.0,0.4747083934946527
0.0035989610125639043,1.5408327715521393,0.0018743793841051641,0.001368405966373919,0.0,0.02966529620728265,0.02970354664019861,0.051580194197923715,0.21169263024099896,0.011940482392659367,0.506488697302233,0.014706655180090327,6.925144109276187,0.04853075024537568,0.002508720101092237,0.07641460492224285,0.001972663710488311,0.0061260620101865285,0.0034173970054782155,0.004704856245614896,0.03682454726359963,0.4831164043897102,0.023334781888976693,0.15116952464915479,3.899188797634763,0.17053485283469905,5.689855147397014,0.06357662961465922,0.05626127490685068,0.024013379796127034,0.5038738781988276,0.03929890106620375,0.0012815505666241513,0.2576023081018834,0.0017753176147006086,0.3011736723777747,0.09802767628326718,0.2426987502469468,0.28086675172295733,0.21371900872303454,0.05373909353410828,0.7470557403157371,0.2861115341672869,0.1077286798397486,0.06914471122059081,0.013765406762477464,0.16289773350263348,0.0019762593265548233,0.19713760482476167,0.000447500224220562,0.12839472635881138,0.0006564596936318523,0.009536683258310485,0.0,0.006883386064416238,0.009742179221840962,0.009524550523841189,0.01251665179954945,0.01469211982842518,0.26132847505549417,0.02527804481176527,1.2859742970272128,0.004250095416068343,0.0,0.014836768726535469,0.0008576868200048901,0.002415425224460901,0.0014232707578406174,0.041250941794155616,0.02689564404731406,0.039716559096964275,0.021438056357078097,0.031246167560406563,1.829552847382736,0.19984744664898346,1.0641768573115438,0.05804399640163031,0.008916795618003114,0.017584886798839544,0.43919688681872865,0.0005577974860232501,0.00243849075720954,0.042018600334724286,0.0003624361816078114,0.020971633789558387
0.16502877947867478,0.8072897324077943,11.140212048106164,0.0,0.0,0.0065558942140281915,0.21063139800233643,0.04904051794824732,0.013123927856633471,0.003275504759477963,3.377763137976482,0.0,0.19503653224900952,0.3498036291265774,0.0,0.0451171198568313,3.337983373218187,1.8487899794436116,2.5657704042047444,0.0,0.8194096360213241,0.06770939231956645,3.0525763034189897,0.06745980890435631,0.17053485283469905,50.52257670574436,23.239363765942954,0.21512812766220848,0.603773173913359,0.4601685816543816,1.0100922058736328,0.08656786450748916,0.021012326471567713,1.7301301751526053,0.0041726122072933865,3.9667708433906954,6.064114588143088,3.033803226400386,1.6531493138126492,0.061280643776452225,0.02629526473952869,0.11651078523784382,0.2749604234297084,0.24684047976711918,0.2909091510812024,0.18105473709783565,0.04775540039502784,0.0,0.004135332269444533,0.0,0.6435937966101053,0.07659616225838387,0.0,0.0,0.0,0.0,0.0,0.0,0.0,0.03861275023663361,0.0005780967308527575,0.3357561291998094,0.0,0.0,0.012952042232254844,0.2841548795660894,0.014218140366030895,0.2124059481109439,0.0,0.0,0.050243535790446034,0.01731992383316912,0.000668231872801708,0.20050764576618388,2.779930032385175,7.436958446015498,0.0,0.0,0.0,0.34723305623407047,0.0,0.0,0.07306001573036033,0.0,0.5732323730126474
0.042973898595885004,13.656913590097416,13.330872261357635,0.0,0.0,0.0,0.0889959947199817,0.004223121288761199,1.3371661485800828,0.0009955202130483567,0.1433108657198123,0.0,2.031769932288669,0.023490702969681313,0.0021257575150877956,5.528498399564486,3.5693333609612052,0.19154821431029634,1.0953095453957737,0.0,1.7272636162047668,7.41572651843521,9.252778381097274,2.278800188760262,5.689855147397014,23.239363765942954,63.15077735796358,1.220933355218953,0.1300468569176609,0.22451029861363606,2.0088463137213903,0.007981527737118533,0.014750999162024582,2.069177227969968,0.03264759523612711,9.469256810499799,4.243353045437595,4.7723231836397755,4.198866206321405,0.5302939836588723,0.053918035489292464,0.06415004335386708,1.6159320521883658,0.6965202850361987,1.354750486103061,0.8668902663164263,0.02660623417690511,0.0007091120708991174,0.016119034253981347,0.0,3.4199318147525193,0.5828884820142024,0.0,0.0,0.0,0.0,0.0,0.01767250098381209,0.0,0.1291696994165947,0.0007056102881563979,1.6174333336344602,0.0,0.0,0.5693228248101599,1.2761918451959953,0.016251941316455243,0.40337592981621256,0.0,0.026662516567297824,1.8257281619479462,0.8844521458606305,0.025032202406789283,1.4928367238198594,4.552433105038253,22.887318602310035,0.008185761977149401,0.0,0.0010558758406225318,0.9821651233009524,0.0,0.0,0.2563674304528778,0.0,3.3015647430299064
0.22009703927756033,0.04091405009616771,1.0139193553307349,5.563727743865074,0.01538883722603934,0.25078908021302426,18.23847107052489,0.6136376840517291,2.2823150574876605,4.173755787469419,0.0063003973537268665,0.6457876658378834,0.15891594987809038,0.9562988002057192,0.11735359765773204,1.0113669604036948,0.08383474231366918,0.0,0.008122177218536874,1.8033322192116075,5.835112841300554,0.4427232456462548,1.7085464037159839,9.170977296019187,0.06357662961465922,0.21512812766220848,1.220933355218953,49.1771233415247,1.232825048105137,8.443253305259967,0.0,0.0092863861330807,0.18475894615032198,1.0883126504034213,0.0855566019187069,5.165208916703796,0.42774914036150324,1.2598059188456685,1.0510773196450396,0.7516915584443707,0.20245593368235199,0.006213986197205206,0.8363287480555207,0.04074588330344819,0.0617886527588574,0.013536080018497858,0.14333508142303938,0.0,0.0020114847755564103,0.005451824735173165,0.009926029231985574,0.0016751304129041249,0.021353533251648064,0.0,0.11073706021270736,0.18015306976973425,0.05751017299397217,0.8043238635800462,0.030271263323086123,0.027664606896562766,0.17190564415025042,0.05376655592593046,0.007610773223249573,0.009111546137201295,0.43580348932459434,0.0,0.0,0.0,0.44087211042797514,0.12509261005408845,0.5395632631037822,0.07800107075432999,2.6558265458493175,0.0,0.0,0.017219294310673743,0.9583223595766082,0.08408343330471266,0.1538479466130606,0.0,0.0,0.029716116344713203,0.09250870646224958,0.0,1.297189588634857
4.566956216480972,0.008636479669836479,0.07544192942903874,0.03323037228329812,0.0033682586873450856,0.40007481401422734,2.166222222516601,1.0596353292811176,0.5508879968067549,0.7749967104982979,1.8948964288883317,0.270217661138701,0.29156482740208434,9.185547276373303,0.03783107212656155,0.007945481275487545,0.7735699216046319,0.4434447111834564,0.17851244525873572,0.09861854453787669,0.6741039053973022,0.023409953128966713,1.279957579538201,0.781727093209639,0.05626127490685068,0.603773173913359,0.1300468569176609,1.232825048105137,30.462719861416794,5.264237543256502,0.11952308759357626,0.653156598250173,3.607511667610775,3.1477805138183936,0.05183156965357945,1.0789819482345673,0.11726757418038589,1.478838584251767,0.4025877272905311,0.2881456247942225,0.17079661675807156,0.11282528106280608,0.04823922459681457,0.0081024190730311,0.02559790674591286,0.014308699553069607,0.002334615901155461,0.006755984094877929,0.02256490960233586,0.001460684288307346,0.004179642595535937,0.0005440422295433355,0.0,0.0,0.0,0.0,0.0002015015384655944,0.08449980993500306,0.0,0.02516822565750057,0.0008639396262479924,0.022097164427364032,0.0,0.0,0.04007788905989063,0.0,0.0,0.0,0.0,0.010161351441248698,0.05365229491845991,0.0023691893695395655,0.11086271321340335,0.003777109773884826,0.0007076443009093181,0.0005507265162000577,0.030902844596821334,0.0015310212938264222,0.010297696287088947,0.0006531044632069854,0.0,0.003887719852038504,0.005667885402126142,0.0,0.4026844229013033
4.132753685581236,0.0028916824323036465,0.6495222004377866,0.00015597097381237233,0.0005377506021077661,0.014213395702891238,4.0827087318644,0.8642786549414403,0.04600462539459291,0.024768619585469543,0.010277371400815513,0.0009720302877649086,0.08754706468268018,3.4348114060686474,0.0014555701173676933,0.024374127232699615,0.6827866474321167,0.0035963508896087303,0.05574031956634439,0.0005420318430531321,12.030158556386635,0.040512050764793875,3.518394846886126,0.19065112157098746,0.024013379796127034,0.4601685816543816,0.22451029861363606,8.443253305259967,5.264237543256502,30.51345510450847,0.0,0.0028982060487923924,0.7361818258752217,2.9160074029773515,0.08592613893882992,3.4323341037895254,0.44065906176207165,1.2139803679681216,0.8569663717172746,0.24081968547382587,0.058506561217382416,0.004362865548453911,0.09205940722551942,0.008767322630817044,0.0006353859938082811,0.0019617751419625743,0.0015857557239141308,0.0,0.0014795180562843127,0.0,0.00654378576596717,0.0002819012240689243,0.0,0.0,0.0,0.0010796685295137954,0.0009327959831477864,0.016063323260119826,0.0,0.009525324897764743,0.0011649840991724751,0.017476508012732494,0.0,0.0,0.22155036595388655,0.0,0.0,0.0,0.0,0.08701160668508712,0.1763535374448918,0.042572908175418395,0.17168789115957822,0.0,0.0,0.003687894179978624,0.10268325019477986,0.013616713511450041,0.043619386368926163,0.0,0.0,0.0017665868767585337,0.0044504573811288495,0.0,1.0894462900494297
0.0,0.05402189123586949,0.00023949377339087445,0.0,0.0,0.0015879514144256437,0.0,0.008814074267900176,0.0023781481819873697,0.0,0.5784979081523277,0.0,1.6780442312452286,0.04372653585973706,0.0,0.00040426263469004207,0.00040912547546929266,0.03351386690190179,0.0066415694240477266,0.0,0.0,0.02635688672320301,0.0,0.0,0.5038738781988276,1.0100922058736328,2.0088463137213903,0.0,0.11952308759357626,0.0,1.2942788772515363,0.04014896921560566,0.00048564580980497865,0.19953259634316262,0.0,0.08043071068501009,1.105727015484966,0.41412692245200583,0.07842886820420249,0.0010061169856480342,0.0030425353785364247,0.1743072660550008,0.007694499324502464,0.08962786778964303,0.003866393235388828,0.0008755250652903679,0.0,0.0,0.029529504134919463,0.0,0.029073846283350205,0.0004912709797463985,0.0,0.0,0.0,0.0,0.0,0.0,0.0,0.18707697262789924,0.0,1.211551481970016,0.0,0.0,0.0,0.0,0.002566779557049338,0.0,0.0,0.0,0.003572971845619034,0.0,0.0,0.17023590328164317,0.4256256441113856,0.8624262157966706,0.0,0.0,0.0,0.7560781711432543,0.0,0.0,0.006002483557497951,0.0,0.008489017532400674
0.005221321183261694,0.0008023791056012517,0.0027674072712394393,0.00025044090956884504,0.9935525352205177,0.9155065846313508,0.04083730421209348,1.6906864933560624,0.03796370127932954,0.0443050800187311,0.37000343761776233,0.05273626318165301,0.1067178076054687,0.5258356490385415,0.044139337778570945,0.0,0.0020430104213055027,0.06504882057621866,0.013767477801290132,0.004606419321370211,0.0028939417052574728,0.0,0.005464138893860863,0.011271121230825779,0.03929890106620375,0.08656786450748916,0.007981527737118533,0.0092863861330807,0.653156598250173,0.0028982060487923924,0.04014896921560566,2.6593121059661886,0.0015617035862300246,1.8432096499715096,0.01847769902683752,0.43726409575046665,0.02207691580527686,0.2767784390517923,0.0981523219365588,0.6217892319460633,1.3194239832559305,0.09350936200564058,0.002092524211711814,0.002636287535540071,0.041636914794545815,0.02310726554212225,0.001316476390604781,0.01107016396501525,0.027364907047524423,0.0,0.0,0.0,0.0,0.0,0.0,0.0,0.0003511841739887791,0.0008770686246248853,0.0,0.02688366863595881,0.0,0.0015031280354105673,0.0,0.0,0.0,0.0,0.0,0.0,0.0,0.0,0.0,0.0,0.0,0.0,0.0,0.0,0.0,0.0,0.0,0.0,0.0,0.0,0.006363135076076507,0.0,0.08129609894860763
0.06179314301115746,0.0004825239813764544,0.008937792683032367,0.0007340800273825469,0.0,0.0018333032270052185,0.09350252686992895,0.024079130608189163,0.02218304164192981,0.00462977407895159,0.018479305056790244,0.0001542250740680858,0.010703775155980881,0.06917019391690078,0.00034868452697480855,0.003611082142368891,0.09467658161252604,0.009537777339578342,0.017411884972525545,0.0,0.16793848976860376,0.0060198576162100335,0.15911295795618008,0.05520461214953862,0.0012815505666241513,0.021012326471567713,0.014750999162024582,0.18475894615032198,3.607511667610775,0.7361818258752217,0.00048564580980497865,0.0015617035862300246,2.0706812135808073,0.6841699512395664,0.020134414632575356,0.0790788518465717,0.014043131998285115,0.21068305661730052,0.06984372269357009,0.015501578867931663,0.006406599408240102,0.0,0.02306007376166251,0.0018287322168965316,0.0007469171024368689,0.0,0.000751786938442923,0.0,0.0,0.0,0.0009630168685383234,0.0,0.0,0.0,0.0,0.0020122258642451367,0.0,0.0059333195611782795,0.0,0.0012924800989200962,0.0009137483974932263,0.002469535573767835,0.0,0.0,0.040340942618181004,0.0,0.0,0.0,0.0,0.02716181450031337,0.018059655621620117,0.008237434200377433,0.05630306107947127,0.0,0.0,0.0014257680074838146,0.032125000510944364,0.003366543189041797,0.013838255216560381,0.0,0.0,0.0013289360476936983,0.0,0.0,0.08181485433660986
0.20069616565771384,0.12046653860427556,0.5600850326067413,0.021230804753760733,0.28558295362421093,0.43329177289222065,0.8626777179655333,0.5115436445439251,0.2542048095865443,0.663498176139336,5.457146474690246,0.2861331640223859,0.9384364880624659,0.8537961210201022,0.03201652999934673,0.09823613013907484,5.735652372748167,1.3913515908128962,3.9405919196499597,0.10978135371520614,3.8664820530655115,0.039552991631124246,6.3960445284902425,0.2648689048628072,0.2576023081018834,1.7301301751526053,2.069177227969968,1.0883126504034213,3.1477805138183936,2.9160074029773515,0.19953259634316262,1.8432096499715096,0.6841699512395664,11.92786822596204,0.05706320675803354,0.8769902945651529,0.5872995451501827,3.7002680940130865,0.9645147009554135,0.21014562565304784,0.5186731997853772,1.1383229838394422,0.045043609554691645,0.03085045956693083,0.10447615883603861,0.032682642017307646,0.008019339011085494,0.02526632373017929,0.08608042453782362,0.0,0.05923271946310944,0.009748238454870826,0.0,0.0003228319175121404,0.0011418467147895704,0.0014055590752016938,0.0048909141879179075,0.05560871707892537,0.0,0.0893974589975755,0.0021491999793787834,0.02693436593998625,0.008482055382364006,0.0,0.045388034498128525,0.025383955116678434,0.0,0.005761191142205704,0.0020153403615833184,0.017823411235313447,0.04816152008871197,0.016137132689275753,0.06284236054243061,0.01730020516900138,0.07324271735357749,0.25043716685613004,0.030759075140014722,0.004663240112596863,0.011002685459328938,0.01234153073221423,0.012071562218505107,0.0006764220789136189,0.0192592566777142,0.002232511833492029,0.3235555086254456
0.0056535120525016405,0.0011918242285092148,0.014145372773990274,0.0036820799651909653,0.0013844148671980124,0.4784536428131669,0.09995909276629933,0.03542497116882302,0.03599496589827798,0.2226108436809003,0.0016607372589123462,0.19172942337911061,0.1526129636650446,0.0169360347618026,0.4838458324175472,0.011418729816345929,0.003769264140600539,0.001309992788203137,0.0031039157373484436,0.0019014331921414765,0.08463140249707554,0.0008997608624225976,0.10251142834972922,0.04545415340504766,0.0017753176147006086,0.0041726122072933865,0.03264759523612711,0.0855566019187069,0.05183156965357945,0.08592613893882992,0.0,0.01847769902683752,0.020134414632575356,0.05706320675803354,177.54435611614957,4.472209821451012,0.44120884699175406,0.17951613219061135,0.7095343287315982,0.2143733288732735,0.15920322796471198,0.02670178123861143,0.734514424052949,0.07347326954779458,0.06998649677824499,0.47472114971924634,0.01253978530412942,0.02010864919707323,0.0056525321879999256,0.0,0.0,0.00045115951538139866,0.0,0.0,0.06646259939036053,0.0,0.0,0.008249340678636734,0.0005174773693302529,0.017741388877140017,0.24599014916931547,0.0,0.0,0.04344105839545357,0.0,0.000497330606547283,0.0,0.0,0.0,0.0012731271090754147,0.002238764361779098,0.0030155922664898424,0.0,0.0,0.0,0.0008843670551342388,0.0,0.0,0.0,0.0,0.0,0.0,0.0010843204248277862,84.71093675986769,25.569934152521963
0.28593539916267285,0.3664070393713945,2.3970950515708758,0.2296185096779594,0.07922879512378231,1.3020246846884458,4.26487278956329,1.7818871747735103,1.5473634904313212,3.0541487435665404,0.27258268628678467,0.6289965737621358,1.7270442189651862,1.2089443028587554,0.13712435848755733,1.1628590883051986,0.8720578555180294,0.5110726233096728,1.250512868149228,0.45992125755845,6.354507171442908,0.25106620013008324,10.419411537804598,1.7827316293228914,0.3011736723777747,3.9667708433906954,9.469256810499799,5.165208916703796,1.0789819482345673,3.4323341037895254,0.08043071068501009,0.43726409575046665,0.0790788518465717,0.8769902945651529,4.472209821451012,7.28153115056508,15.894619773378638,2.2339783564205082,2.1335541186421008,6.501792453284699,0.8866472882891764,0.45560801852315763,1.0441074230432361,0.10252433814503015,0.19671398008558538,0.11072973069744826,0.10789782904490015,0.006041933278039835,0.017285258361338436,0.007145815924115359,0.2691666897048659,0.037927171533229435,0.010315168070509303,0.00034643432233652456,0.04099129714654882,0.1339958442899437,0.019627170353539954,0.4914374633532042,0.0077473615701553625,0.10186037714773026,0.11441534186239524,0.17093703430834428,0.011032610124659885,0.0031742440451600204,0.3147137873565923,0.051725137092445195,0.0002599284291339528,0.00620886723152402,0.20537664436020184,0.17133103677518952,0.27450945210214195,0.1565770303605291,1.9296237685200583,0.007722308061121575,0.08643178662683605,0.6998983003508724,0.9793949691987157,0.1000048860109844,0.2587338413739218,0.0016536946290229121,0.000881720612590887,0.04440130980994088,0.08842075885158802,0.6923449474121011,2.75976251527386
0.03522198819419602,0.13341615813701124,1.0848001333925166,0.0014045425205037845,0.001097431008617564,0.014654843052326182,0.1761013967646986,0.06781383493556034,0.02098860269260937,0.01859529229861581,1.0722157064618685,0.005167863683184862,0.7745738202231889,0.09910234265812205,0.0006896380543655179,0.414726471296656,1.2387929070387587,0.8648681595900856,1.3363766447337477,0.001308504356814961,1.4505649430756622,0.0732681411695347,3.9451494341825852,0.12207690039750081,0.09802767628326718,6.064114588143088,4.243353045437595,0.42774914036150324,0.11726757418038589,0.44065906176207165,1.105727015484966,0.02207691580527686,0.014043131998285115,0.5872995451501827,0.44120884699175406,15.894619773378638,2.1627753344340412,5.340779095667011,7.6937088008122645,0.35592328575582194,0.1541106844596244,0.26532219816557545,0.11361966716051859,0.08347900292673949,0.05406896687703393,0.04004779760935924,0.004275714843583194,0.0008631336232442982,0.04711834688507662,0.0,0.11135135783292988,0.018784623937574296,0.0,0.0,0.0,0.0,0.0,0.004459122174002366,0.0,0.02747221482271431,0.0,0.04821863700734643,0.0,0.0,0.03423462566640386,0.05711606557556206,0.0,0.014718995594041525,0.0001655525467497969,0.015611904365434592,0.0529499764056825,0.037596480269935416,0.013466173358405241,0.03522417062388853,0.1155611803500858,0.6259528234493645,0.014754746449432529,0.002549733208498931,0.011443538249230013,0.020784688565275322,0.0,0.0005260387857228544,0.009759626904157043,0.07042696429792279,5.195534181799622
0.21801634357744087,0.20484820155592154,1.3729953442920373,0.042772730650983845,0.0032429737815057504,0.3129773897361439,1.1008487030591574,0.4438382748967065,0.2820141146836682,0.9796247557862031,1.7600727108327858,0.3215578997277054,1.0609497255877574,0.8796641061765892,0.01779100499011058,0.25023606094175016,1.4159078650770411,1.3466210962845193,2.1145095756679906,0.12057730403668784,3.1468482495419714,0.08473103634631987,6.181356417097677,0.3373407030083496,0.2426987502469468,3.033803226400386,4.7723231836397755,1.2598059188456685,1.478838584251767,1.2139803679681216,0.41412692245200583,0.2767784390517923,0.21068305661730052,3.7002680940130865,0.17951613219061135,2.2339783564205082,5.340779095667011,3.325570065494487,2.937639481574076,0.2124596623844865,0.3246095353751466,1.3731052503770527,0.11625655934308031,0.04607934964653916,0.13127116963161364,0.07521625830488415,0.009415549533156565,0.022859710325751275,0.048096105186514686,0.0,0.13773257105958356,0.03322244789580478,0.0,0.0,0.0004311203215828008,0.0,0.005313511497366509,0.06385589180834582,0.0,0.0488204840272138,0.00430247511846824,0.017530958707619084,0.006891500909699,0.0,0.045320437780058315,0.09392455233116787,0.0,0.021841196628474068,0.0003181818057493565,0.009666665956953594,0.08024630196007797,0.034148456424282006,0.09072445038379909,0.010991231285022642,0.13455008719315972,0.6920917056901585,0.025691258452971225,0.0038865599183540746,0.010801600576955268,0.0024356835286831967,0.004314264148722508,0.002656505478230229,0.030656987483338675,0.017642913305425355,1.0315297711750546
0.11813921066395233,0.15030086743731724,1.3598894511608597,0.009355608326444565,0.0030917691977295388,0.13929336178029683,0.42863772793577093,0.3207487750577236,0.11775225422037636,0.19597095219027372,0.2640183799737369,0.09985084744541352,0.49401558269407103,0.3654064181208291,0.013528331947780779,0.2984659580869295,0.5416992352714125,0.5679159101086451,1.1940630151306364,0.02687980139894156,2.936505267126573,0.06566830588675136,6.025078292871162,0.23311743676989682,0.28086675172295733,1.6531493138126492,4.198866206321405,1.0510773196450396,0.4025877272905311,0.8569663717172746,0.07842886820420249,0.0981523219365588,0.06984372269357009,0.9645147009554135,0.7095343287315982,2.1335541186421008,7.6937088008122645,2.937639481574076,1.6332693543538226,0.8075217433500088,0.8648426826382006,0.553382660045908,0.08697700910401696,0.04317340921636406,0.1279548617489296,0.09954879425846773,0.006591609433139592,0.023675585505414157,0.0326658856927136,0.0,0.10763230470069708,0.0304568262604407,0.0,0.0,0.0011706904206937277,0.0,0.004878939645175268,0.027019647309471498,0.0,0.04662362056440764,0.002006157748203776,0.011757304098010521,0.0066883041521389455,0.0002039520914954191,0.036461503238475905,0.05673552028051558,0.0,0.008305736822535575,0.0004000682665861706,0.007599601336456749,0.06516553922459788,0.02643676879676729,0.05219574230758947,0.0035584770176270626,0.08342385676269776,0.47048035816329553,0.011442591843685655,0.005954862369713276,0.00817839904925915,0.0004523632039778291,0.007077009749860842,0.0,0.024337401099081436,0.16689417443205112,5.272876168665839
0.04247111227992379,0.012134204509283764,0.1910735696759545,0.2236154490837391,3.9330864462243573,5.911658469565659,0.5446736776066415,3.178136316623151,0.5987849055210135,0.672037919223047,0.051609246428759165,1.4715996967655316,0.6774328118571835,0.6137624248123107,3.1358171959363443,0.07935240629421211,0.05283776995654801,0.016958918893495913,0.0176279638108541,0.3020930957340838,0.6341186434941638,0.05268200716022238,1.373298173520644,0.6776759189200106,0.21371900872303454,0.061280643776452225,0.5302939836588723,0.7516915584443707,0.2881456247942225,0.24081968547382587,0.0010061169856480342,0.6217892319460633,0.015501578867931663,0.21014562565304784,0.2143733288732735,6.501792453284699,0.35592328575582194,0.2124596623844865,0.8075217433500088,4.733222294350906,0.6647878791100504,0.04607909216660128,0.41411228468512334,0.006876398608799167,0.0729881378292522,0.03359250150879466,0.1940623897038685,0.011233510826417884,0.016624343449448215,0.0007777256100419864,0.008811646310379442,0.0023083165236974126,0.13179923822600464,0.003035954422034585,0.025688207503330833,0.057771344766763204,0.008775225754673906,0.18691659588883938,0.17632644146860926,0.14231806220269413,0.31378372171238345,0.19962280745976038,0.005669933463240172,0.027879910399703143,0.038110541420654793,0.0011030566534005392,0.0,0.0,0.2563510011783,0.023207736652842377,0.04441246349061372,0.009897035626709669,0.7173424887711956,0.0,0.0006449777468853765,0.018973320724955774,0.5068433275635239,0.03156691267668271,0.04969152832545387,0.0,0.0006600705972801226,0.01928562960928722,0.0334276467359186,0.02136842967978021,0.11448444198673505
0.011544145500498308,0.0028581624867697023,0.019691076035554405,0.02338928497857528,2.106078846013499,1.070299376691035,0.4129239080495151,0.5211065458891364,0.12665676048726787,0.4169656167477356,0.03302908880133961,0.08917704165935887,0.12630675249580958,0.12147871136008458,0.07867456425374622,0.0044585414080365576,0.004437696651331312,0.016092303963603227,0.011861379777297676,0.05880142677404248,0.02997791646027741,0.0014539958786361456,0.060930250016766226,0.10831268606640058,0.05373909353410828,0.02629526473952869,0.053918035489292464,0.20245593368235199,0.17079661675807156,0.058506561217382416,0.0030425353785364247,1.3194239832559305,0.006406599408240102,0.5186731997853772,0.15920322796471198,0.8866472882891764,0.1541106844596244,0.3246095353751466,0.8648426826382006,0.6647878791100504,0.5414966548118649,0.10209868990910413,0.007021141710841251,0.005546957271783855,0.08106356528690917,0.03228220208876226,0.007078747797347248,0.02535056057564092,0.03947364579265318,0.0,0.0016051955518557978,0.0,0.00020369324494065057,0.0,0.0014224999162749672,0.0,0.006179553224013749,0.03435844125033222,0.0,0.05252026745217795,0.0,0.0070337912350630265,0.005902436237074559,0.0,0.0013367444811957028,0.0,0.0,0.0,0.0,0.0,0.005952692621764762,0.0,0.012686082782628305,0.0,0.0007224251456581799,0.0032594899752511905,0.0,0.0017035907363696916,0.000871414767304668,0.0005018035676656955,0.007791365218091469,0.0,0.0163695161389019,0.0087857904696779,0.19722023875569444
0.005314155208792065,0.09990422320325407,0.005530148077636229,0.0008886641627364253,0.0022689258572308065,0.07772468057608832,0.02464588709196426,0.12967346953476785,0.024683946314293236,0.03585605529821414,1.1269435892720796,0.040078765988008656,1.889252933722657,0.1118104811592351,0.0039559521513204965,0.0027466354200850816,0.0015734603156771017,0.027320678093061376,0.006012753430641017,0.00925955512996699,0.008069470303979814,0.023182328576145352,0.02801165802649722,0.004770451494951141,0.7470557403157371,0.11651078523784382,0.06415004335386708,0.006213986197205206,0.11282528106280608,0.004362865548453911,0.1743072660550008,0.09350936200564058,0.0,1.1383229838394422,0.02670178123861143,0.45560801852315763,0.26532219816557545,1.3731052503770527,0.553382660045908,0.04607909216660128,0.10209868990910413,0.6229873730149339,0.008814919960708946,0.10589116203491997,0.045043784933366346,0.015222730562358337,0.004684820642081692,0.0115578848208324,0.3835664790934047,0.0,0.003703450985316727,0.0,0.0,0.0,0.0017582680812373347,0.0,0.0015436537237522093,0.0,0.0,0.16009020257170814,0.0007044104909444141,0.10859639816243628,0.004608488368164667,0.0,0.0,0.0,0.0002466357378172328,0.0,0.0002459002893196531,0.0,0.0012963395415869496,0.0005242612800614327,0.0003593622890132997,0.02151051451456611,0.013396662959380736,0.010893059577158467,0.0,0.003939160537891899,0.0,0.05610446390358374,0.0060880910504791975,0.0,0.029770988965274817,0.006136876109658714,0.12362659321405223
0.0039311808024036846,0.18350608969134927,0.26159450310235305,0.004774045362210972,0.0004609669160132949,0.007879898453102219,0.20634672619934571,0.009416787815697485,0.8624033281905272,0.004208139435475205,0.0015554125841955315,0.015556224942745691,0.11730057404702117,0.007336164870569374,0.002020142167850547,0.27525246855493046,0.05295287698110932,0.0012890029616122107,0.010588994729757125,0.03351432266872371,0.08379826840198687,0.20932192777147357,0.36253034609305157,1.4401732983446576,0.2861115341672869,0.2749604234297084,1.6159320521883658,0.8363287480555207,0.04823922459681457,0.09205940722551942,0.007694499324502464,0.002092524211711814,0.02306007376166251,0.045043609554691645,0.734514424052949,1.0441074230432361,0.11361966716051859,0.11625655934308031,0.08697700910401696,0.41411228468512334,0.007021141710841251,0.008814919960708946,5.388133629366764,13.960045617785134,2.925792638688785,1.9041924610222394,8.26736284536706,1.0175936412582296,0.4704246870908715,0.06750829007652238,0.5860055680958881,1.2353808148473138,0.20260675966684943,0.05443275991259337,0.8248189145015248,2.1848332320243493,1.5401152017192816,0.8098151150233175,1.463497431170554,2.0064102479105106,0.7049701507358497,0.579925507565783,1.3039284591389868,0.13916135170510097,2.359251269522562,0.47246206286856585,0.41490816616312715,1.04773233205051,0.4797969917381486,4.90334313524309,1.1398405678932346,11.23114006208001,2.11643334476988,0.012656157410825724,3.9185274213451176,10.769290225008325,5.882999316043389,0.8595471048755965,1.7388379937552207,0.09280093001208092,0.6171791968336525,0.09036074792716141,0.8067458560600945,4.506775138183845,1.9681833596192524
0.0,0.06861216469661757,0.07195614746850977,0.0,0.0,0.0018511200928392406,0.002162834579777824,0.0012845717054800953,0.004277750350349767,0.0,0.1477228327688063,0.0,0.4791213098329853,0.002020430222951676,0.0,0.0953340267413618,0.029788148650397243,0.0011201770309074584,0.013463341044347021,0.0,0.025130526758841025,0.05927297086675522,0.11222091343340725,0.024838923826921364,0.1077286798397486,0.24684047976711918,0.6965202850361987,0.04074588330344819,0.0081024190730311,0.008767322630817044,0.08962786778964303,0.002636287535540071,0.0018287322168965316,0.03085045956693083,0.07347326954779458,0.10252433814503015,0.08347900292673949,0.04607934964653916,0.04317340921636406,0.006876398608799167,0.005546957271783855,0.10589116203491997,13.960045617785134,2.2720573537576643,7.198344991782913,8.446912098589971,0.22427770878165634,0.14366363648999445,0.4121886743424559,0.006042086084368415,0.17193649907651282,0.25624065518153977,0.0002958048164179011,0.00046743411900905345,0.015698526015742963,0.06513103490935826,0.0428200662273643,0.01790429722815771,0.005666798431900126,0.6848188306205248,0.004082734336815059,0.3611078869436613,0.06402275297209421,0.0013128934447007245,0.670755068679223,0.4378702068243329,0.5023613909668846,0.702439182176928,0.0005579897389453617,0.7705319678448596,0.2845593951060244,2.1352600651716562,0.1167541675003068,0.07547496153857393,4.191371631412825,3.641380111614874,0.2941602325737862,0.04143189784191037,0.24143626556474942,0.8384564096041742,0.03099900457474119,0.0021596182810429375,0.293424276181047,0.26499430816633474,3.6924323692243624
0.0,0.1174234900030891,0.27692720260253284,0.0010891194167901915,0.0011861810724962257,0.027710060594791662,0.0407804170125381,0.0723631756267397,0.42986830160934225,0.0007823174436900669,0.004128730570473829,0.008504163541886536,0.035000480364977125,0.045066386661731336,0.002025475148094867,0.06767582826009381,0.08855514306506772,0.0,0.016073424703489055,0.010128187789021732,0.01065993787631141,0.07855134202487538,0.2091027490748242,0.3789656896209027,0.06914471122059081,0.2909091510812024,1.354750486103061,0.0617886527588574,0.02559790674591286,0.0006353859938082811,0.003866393235388828,0.041636914794545815,0.0007469171024368689,0.10447615883603861,0.06998649677824499,0.19671398008558538,0.05406896687703393,0.13127116963161364,0.1279548617489296,0.0729881378292522,0.08106356528690917,0.045043784933366346,2.925792638688785,7.198344991782913,2.8303524166912517,2.1290944060315793,0.5979971058115279,0.5616051066254117,3.0856995142477843,0.14750977944714144,0.3189412209942111,1.1782274982760723,0.10861163810947953,0.008241814995908274,0.3543406423403425,1.8283072375733782,0.8488851378739245,0.3772225134519581,1.5438074667231199,1.8382867716506206,0.591780933362732,0.6589822868080407,1.4004418603771154,0.043088141721517405,0.44537626118961904,1.0645593812018597,1.6846484063988485,2.1085389143237454,0.3542887088963519,3.7588641033114323,0.3905991095840789,8.492687039499609,0.82543612753308,0.02544808010600209,4.215999495048158,6.55299844918617,3.3788656527314354,1.4072736389241534,1.46429067081545,0.6041104303591515,0.4700429314710249,0.2788601186583575,3.13978192150344,0.7955217945111215,1.4412998365383323
0.0006589587499892564,0.10283414345621866,0.1875898764160274,0.0,0.0,0.015927236542781234,0.00830329302152099,0.0283623559395711,0.08910328849313648,0.00028392564733874243,0.0015561913822525967,0.005264033204261792,0.019736868527441758,0.02332323982265679,0.0004233830911509852,0.09155139141002852,0.04346619778131977,0.0,0.0012138751059261662,0.0,0.0112967516723484,0.07000616589674999,0.15806143651684681,0.1001269816956388,0.013765406762477464,0.18105473709783565,0.8668902663164263,0.013536080018497858,0.014308699553069607,0.0019617751419625743,0.0008755250652903679,0.02310726554212225,0.0,0.032682642017307646,0.47472114971924634,0.11072973069744826,0.04004779760935924,0.07521625830488415,0.09954879425846773,0.03359250150879466,0.03228220208876226,0.015222730562358337,1.9041924610222394,8.446912098589971,2.1290944060315793,1.3238925804067325,1.2008659314876935,1.0739228874289042,0.36898657794417933,0.0491969427431896,0.2340361622249353,0.7126510552655745,0.012038113591856395,0.002296885547138299,0.056376503791969325,0.5625615422942358,0.21905216953453882,0.10675707593653701,0.1451360293750293,1.010407934381535,0.048822719604416094,0.21459224666186075,0.30510311253843575,0.008197096815665965,0.5627979797789172,0.43346681360710065,0.6552087417623571,1.0457550882963393,0.032511118476986685,2.313566862135375,0.3449478195578575,6.538098267998986,0.4166860419114233,0.009870573262783391,2.451963469043501,4.997993162488254,1.764459761590371,0.2939659379372248,0.6623641064721796,0.15944840802362703,0.10111574009546061,0.07391733054096095,0.585708810631498,1.037729311869882,6.543384924229992
0.0011661135735083709,0.0007849907437350086,0.007988532750291648,0.12139937931518162,0.0033037001676820615,0.05964513652865366,0.07628307356840498,0.021645862193141713,0.38311908375126014,0.0908147182613345,0.0,0.244656373050074,0.0936461645524135,0.002104245003760258,0.02804504587342698,0.007915227232258681,0.0008980784872131155,0.0,0.0005673380257014551,0.18373069324429273,0.004980122265429725,0.005114114676719466,0.018419007174581715,0.44318452931632857,0.16289773350263348,0.04775540039502784,0.02660623417690511,0.14333508142303938,0.002334615901155461,0.0015857557239141308,0.0,0.001316476390604781,0.000751786938442923,0.008019339011085494,0.01253978530412942,0.10789782904490015,0.004275714843583194,0.009415549533156565,0.006591609433139592,0.1940623897038685,0.007078747797347248,0.004684820642081692,8.26736284536706,0.22427770878165634,0.5979971058115279,1.2008659314876935,5.4303392714691645,0.7743710601229752,0.09528582506556729,0.014067348014213096,0.03979805787862534,0.006413878902994786,0.49000377783763954,2.2274450684863756,5.555346305022339,0.5539532258012861,2.430167323864552,0.9264124885104207,0.9456734180665152,0.4051803610089623,1.9562867416648833,0.22864903254374427,1.0488898655266627,2.8480682962114643,0.054661153210728675,0.002917711590172618,0.021665537542494482,0.007490053004019195,0.6991575945118315,0.15060286481300833,0.23001486830859816,0.33331463466441447,1.3797801733204609,0.009594089436521966,0.06551635482888814,0.20857614266813976,1.4891771109596637,0.3575041866417743,0.050359306620337684,0.014545368366655612,1.0042375059444675,0.013913964081423744,0.212972346483116,0.08011537931836843,0.07132146112477822
0.0,0.0,0.0004544230898047232,0.0004133398679889676,0.0,0.006006580027171061,0.0,0.01930764370385595,0.07822839211502797,0.0,0.0010760398598424834,0.0,0.008104790234869298,0.01653227913049637,0.0007364835131909572,0.0,0.0,0.0,0.0,0.0,0.0,0.002491607251561179,0.0,0.007810572558975411,0.0019762593265548233,0.0,0.0007091120708991174,0.0,0.006755984094877929,0.0,0.0,0.01107016396501525,0.0,0.02526632373017929,0.02010864919707323,0.006041933278039835,0.0008631336232442982,0.022859710325751275,0.023675585505414157,0.011233510826417884,0.02535056057564092,0.0115578848208324,1.0175936412582296,0.14366363648999445,0.5616051066254117,1.0739228874289042,0.7743710601229752,0.6315983035222245,0.17685735621695226,0.0004886955781322181,0.001709998989523672,0.0056760867148978305,0.012859273978070563,0.6412378710823622,0.5142904823970743,0.20139812469227164,0.4994302803208868,0.08232067076709032,0.16353056994473866,0.5034067122726431,0.06583253899938035,0.038870021602987574,0.25948761689088823,0.07838104284613101,0.011919695416064269,0.00024014104033731327,0.007578941281534769,0.006848130017088143,0.03724479606462664,0.05841069685728405,0.003471520812489703,0.0611702859781419,0.1146999873811122,0.0,0.03290511558159664,0.03365998353525738,0.36067544860090106,0.1805744460762421,0.04586855265612634,0.002318727864879264,3.690464954945168,0.009388132934591044,0.1600453143287005,0.2596465381016051,0.28604552179859866
0.0,0.026890623663372186,0.0,0.0,0.0004426628627442444,0.012521127737113728,0.0011942911577819215,0.0377005557986631,0.0029032072306050525,0.0017067082217352184,0.27721495601713236,0.001924827917483975,0.48242028575571416,0.023218180109527427,0.00035903643189182474,0.0007697566106055173,0.0,0.000844099773250317,0.0,0.0,0.0010026467972409467,0.0038827731959340988,0.00032195688876050815,0.0004817794066558268,0.19713760482476167,0.004135332269444533,0.016119034253981347,0.0020114847755564103,0.02256490960233586,0.0014795180562843127,0.029529504134919463,0.027364907047524423,0.0,0.08608042453782362,0.0056525321879999256,0.017285258361338436,0.04711834688507662,0.048096105186514686,0.0326658856927136,0.016624343449448215,0.03947364579265318,0.3835664790934047,0.4704246870908715,0.4121886743424559,3.0856995142477843,0.36898657794417933,0.09528582506556729,0.17685735621695226,1.5215831901417085,0.0010483660708768736,0.03164992797487282,0.005249583243005977,0.0009895247014388465,0.0,0.02930631563297175,0.006904669632625432,0.04454319817613814,0.004439766925764919,0.00654276738139205,3.3135750436231506,0.012733512238658403,1.8460712617304937,0.07954995738257346,0.0016423149121886946,0.0016244765510882012,0.0016790812915239936,0.11447305455662111,0.0033242559543475727,0.00960525670229577,0.0,0.013832644396099084,0.010893881863753023,0.004558171574363507,0.09808216861365099,0.4793483641705882,0.08480629596474681,0.005902111804477727,0.07530161531315471,0.0021731496671021076,0.7277740681402,0.06873491611429576,0.001656641576781326,0.6518979897690715,0.006045540846215709,0.1229187636091216
0.0,0.0,0.0,0.0,0.0,0.0,0.0015528956460000697,0.0,0.016612422656453258,0.0,0.0,0.0,0.0,0.0,0.0,0.002541592988146767,0.0,0.0,0.0,0.001600994501225657,0.0,0.0026684547617184472,0.0,0.017233865379688986,0.000447500224220562,0.0,0.0,0.005451824735173165,0.001460684288307346,0.0,0.0,0.0,0.0,0.0,0.0,0.007145815924115359,0.0,0.0,0.0,0.0007777256100419864,0.0,0.0,0.06750829007652238,0.006042086084368415,0.14750977944714144,0.0491969427431896,0.014067348014213096,0.0004886955781322181,0.0010483660708768736,5.182574674594857,0.0009788828767989873,0.026352080701269265,0.001348726517169691,0.0,0.012648645139475796,1.8592764177206813,0.39708233683773064,0.021604803408293783,0.045273804042658704,0.005574882645702891,0.008744129423597712,0.00158583320415804,3.4069713521781395,0.00201249917609507,0.00338405722177899,0.2954594793964894,0.0018649188031121529,0.062245608398721605,0.011654285566583393,0.052996854894949756,0.006949039464470668,0.1733289182783079,0.06385017841052709,0.0,0.16750302175142082,0.03571883253982841,0.13795189045989228,3.07153457918306,2.3111607629611877,0.0,0.0012181333228468792,0.007489806063247815,0.11600981165847103,0.0,0.007770024807873731
0.0012680834578973727,1.6250994458305839,0.2922264024711322,0.0,0.0,0.0,0.00924274673494298,0.00046558265388012515,0.005949306017052786,0.0003159782861429416,0.030564236601406395,0.0,0.17573638749777698,0.0,0.0,0.041438007118607664,0.1345799686710723,0.0043993513195934204,0.04011380670048232,0.0,0.019574367729455932,0.34169260935270124,0.13983837580203554,0.009606322119347794,0.12839472635881138,0.6435937966101053,3.4199318147525193,0.009926029231985574,0.004179642595535937,0.00654378576596717,0.029073846283350205,0.0,0.0009630168685383234,0.05923271946310944,0.0,0.2691666897048659,0.11135135783292988,0.13773257105958356,0.10763230470069708,0.008811646310379442,0.0016051955518557978,0.003703450985316727,0.5860055680958881,0.17193649907651282,0.3189412209942111,0.2340361622249353,0.03979805787862534,0.001709998989523672,0.03164992797487282,0.0009788828767989873,2.1920258919364386,0.04607563295745747,0.0,0.0005624172310895426,0.0,0.0033259335116524987,0.002411861318545036,0.5723664329252557,0.0,0.034411438188845574,0.0010653902755967315,0.5280748251342755,0.002152937549907123,0.00803977291403099,0.17990011424985194,0.22579068734720992,0.01796119904356767,0.16156313229407437,0.0,0.015760382466911773,1.8187472257085178,0.08938683514742575,0.2967109887762977,1.3671431661421343,0.4563919239759826,13.834859467314967,0.021347670892559355,0.00594381555155335,0.0133695089134504,0.02758065185219157,0.0006968408448368715,0.0,0.09585202926228849,0.0,0.14612752339495474
0.0,0.030236254309181428,0.11503705971577667,0.0,0.0,0.0,0.0,0.0,0.0007965645202055485,0.0,0.0,0.0,0.0007918539761688134,0.0,0.0,0.0439029513683133,0.043671498978742264,0.0,0.003303074118046067,0.0,0.008802771220604784,0.024734618949722835,0.16108044965771126,0.0035158148897347237,0.0006564596936318523,0.07659616225838387,0.5828884820142024,0.0016751304129041249,0.0005440422295433355,0.0002819012240689243,0.0004912709797463985,0.0,0.0,0.009748238454870826,0.00045115951538139866,0.037927171533229435,0.018784623937574296,0.03322244789580478,0.0304568262604407,0.0023083165236974126,0.0,0.0,1.2353808148473138,0.25624065518153977,1.1782274982760723,0.7126510552655745,0.006413878902994786,0.0056760867148978305,0.005249583243005977,0.026352080701269265,0.04607563295745747,19.644634846868463,0.0005357441996540242,0.0,0.01866292914658834,1.1336713729787096,0.3061793014753633,0.0052093023760209885,0.0564423569150142,0.03883774677308024,0.0005031649036582555,0.0011511081866116828,0.3956675179816074,0.0,0.035756091654137845,2.0808754962567146,0.04397213331596015,0.42008385873274395,0.0,0.8016019913091771,0.07583105335058904,10.825390855249676,0.05913062945538853,0.0002698495369459254,16.83975715175506,6.355027936383528,0.37511115717475013,0.03681651491335086,0.5175651557205688,0.0,0.0011924248451682861,0.005244771395577081,0.49553236156714603,0.0002655026752140165,0.21639040974920287
0.0,0.0,0.0,0.14613586959230795,0.0,0.012721534997425957,0.021658784531208838,0.0002585823575601486,0.2479598780231328,0.0108737145090607,0.0,0.1729977903345062,0.0008220060211154346,0.0,0.01644756055248684,0.0,0.0,0.0,0.0,0.10732001600292272,0.0,0.0,0.0,0.31056209321690725,0.009536683258310485,0.0,0.0,0.021353533251648064,0.0,0.0,0.0,0.0,0.0,0.0,0.0,0.010315168070509303,0.0,0.0,0.0,0.13179923822600464,0.00020369324494065057,0.0,0.20260675966684943,0.0002958048164179011,0.10861163810947953,0.012038113591856395,0.49000377783763954,0.012859273978070563,0.0009895247014388465,0.001348726517169691,0.0,0.0005357441996540242,14.597023627037713,0.003651099321731547,0.14961751883306512,0.16935593140626437,0.13469253769068723,0.2221896082401931,2.9539930002083525,0.006756869581725266,2.3248013821854006,0.006366701784715716,0.10931508135975851,0.09583372679568489,0.0,0.0,0.0,0.0,15.47081408108471,0.0002734979878215142,0.0011774623329895292,0.0007816513683854655,2.4205213590652686,0.0,0.0,0.0,5.373036917340442,0.05398402288826387,0.00041377204329267,0.0,0.0,0.0007066812759105664,0.07741087447000915,0.0,0.018799256944458647
0.0,0.0,0.0,0.0,0.0,0.00025500161214134654,0.0,0.0,0.002074358499476173,0.0,0.0,0.00019528926747715506,0.0,0.0,0.00030409189020695225,0.0,0.0,0.0,0.0,0.0010064811775389205,0.0,0.0,0.0,0.0013064468104513314,0.0,0.0,0.0,0.0,0.0,0.0,0.0,0.0,0.0,0.0003228319175121404,0.0,0.00034643432233652456,0.0,0.0,0.0,0.003035954422034585,0.0,0.0,0.05443275991259337,0.00046743411900905345,0.008241814995908274,0.002296885547138299,2.2274450684863756,0.6412378710823622,0.0,0.0,0.0005624172310895426,0.0,0.003651099321731547,1.375389707687715,0.6501972461015938,0.0025020450101475703,0.029222176269006857,0.026495234659187628,0.005406022480080213,0.006817305712315216,0.043360828309355545,0.0,0.0029987664065617902,0.9988113471596984,0.00016653370837963467,0.0,0.0006397264162254528,0.0,0.007769499459391825,0.000738414404256018,0.0023691934925540396,0.0,0.025786363784635242,0.0,0.0,0.0,0.008897513669087599,0.000909894027523958,0.0,0.0,1.3424409740758516,0.0,0.027204084849178634,0.0,0.0037416058940097146
0.0,0.0,0.00040069553227980916,0.012691263211337053,0.0,0.0035925340321222746,0.05985513102525751,0.0019505720893496733,0.1129708430233184,0.0038975748063148365,0.0,0.048334538928251625,0.0021414168746201915,0.0,0.0021547951648132556,0.0,0.0,0.0,0.0,0.047879913521200156,0.0,0.0,0.0,0.21520855975285233,0.006883386064416238,0.0,0.0,0.11073706021270736,0.0,0.0,0.0,0.0,0.0,0.0011418467147895704,0.06646259939036053,0.04099129714654882,0.0,0.0004311203215828008,0.0011706904206937277,0.025688207503330833,0.0014224999162749672,0.0017582680812373347,0.8248189145015248,0.015698526015742963,0.3543406423403425,0.056376503791969325,5.555346305022339,0.5142904823970743,0.02930631563297175,0.012648645139475796,0.0,0.01866292914658834,0.14961751883306512,0.6501972461015938,18.45600642719464,0.8353630027358302,8.071130469807459,0.1073825966569512,9.84429259441843,0.06491067394988996,4.047224825099037,0.010778881713285974,0.8257537922247956,1.3226868530607157,0.00038213675547046693,0.004941168198400334,0.008007901386744643,0.0010859709740716089,0.48733575574922716,0.01753132324695502,0.004850754938278409,0.0256527650749018,0.12913054584662328,0.0,0.017414202952109627,0.0008240685938506401,0.2727480965084647,0.2251548145829003,0.020860326354465008,0.002388733477319226,0.9857415298376747,0.0030249219301917976,0.15899322393653267,0.5923131292799176,0.03961358170302968
0.0,0.0,0.0,0.028428613453898008,0.0,0.0034298426952765306,0.09253598123374966,0.0,0.29104764749203443,0.01948363985785031,0.0,0.03824211862565679,0.0,0.0004359598140553638,0.001415873652939917,0.0,0.0,0.0,0.0,0.0848457062271136,0.0,0.009062733734097156,0.0,0.5104555460712207,0.009742179221840962,0.0,0.0,0.18015306976973425,0.0,0.0010796685295137954,0.0,0.0,0.0020122258642451367,0.0014055590752016938,0.0,0.1339958442899437,0.0,0.0,0.0,0.057771344766763204,0.0,0.0,2.1848332320243493,0.06513103490935826,1.8283072375733782,0.5625615422942358,0.5539532258012861,0.20139812469227164,0.006904669632625432,1.8592764177206813,0.0033259335116524987,1.1336713729787096,0.16935593140626437,0.0025020450101475703,0.8353630027358302,45.618577620532356,5.043820949973739,0.41310095481940173,5.312846585944912,0.06335832268077864,0.04539583978146246,0.004412857226349668,10.917543809318957,0.03234203234469148,0.014825330442048994,0.4548635176230145,0.0003671225203067617,0.06090283399727584,0.11233561688897312,1.2906206446978299,0.04425490419496415,1.077381938253606,1.6234093403395742,0.0,0.5759516234169233,0.24825686033079097,17.190143958776144,2.116022643179476,5.708292940623766,0.0,0.024337656216392792,0.11216096761725762,1.180701170669467,0.00669625367149015,0.4602896318653302
0.0,0.0,0.0,0.006133768607547328,0.0,0.00041957033351599897,0.05495227622839591,0.0,0.2672792171208047,0.0008470219018513753,0.0003345085492960063,0.026288218797329878,0.003389554948879754,0.0,0.00078663196987026,0.0010600067305176018,0.0,0.0,0.0,0.033590177889019426,0.0,0.004336127799588939,0.0,0.18612185749343774,0.009524550523841189,0.0,0.0,0.05751017299397217,0.0002015015384655944,0.0009327959831477864,0.0,0.0003511841739887791,0.0,0.0048909141879179075,0.0,0.019627170353539954,0.0,0.005313511497366509,0.004878939645175268,0.008775225754673906,0.006179553224013749,0.0015436537237522093,1.5401152017192816,0.0428200662273643,0.8488851378739245,0.21905216953453882,2.430167323864552,0.4994302803208868,0.04454319817613814,0.39708233683773064,0.002411861318545036,0.3061793014753633,0.13469253769068723,0.029222176269006857,8.071130469807459,5.043820949973739,16.914187761475347,0.18096305225835646,5.858739502838272,0.14103022846313065,1.4079927329520712,0.019911632444438904,11.58351504536398,0.2596772573737425,0.001181484217794064,0.18216835114673144,0.027942043347634716,0.010097348219830013,0.6868411026033088,0.2302961404950039,0.03503728173202794,0.4766427596355173,0.308587515223227,0.0,0.27263488025664767,0.034219750721956675,0.714445180462477,0.769105785821866,1.4485612378377613,0.009029402439638396,0.9348848800101176,0.013216577145636062,0.28846083719568233,0.004143867615877634,0.07302859539520289
0.00994666519738481,0.00924199070611751,0.002614229454429293,0.2891909885346014,0.0,0.09149561319713309,0.29316762319737516,0.17756297220320744,1.6990302524096086,0.8087565549728785,0.0,0.11892345488727431,0.018885245480415227,0.11825562738259167,0.007963115917979586,0.009366204728436184,0.0,0.0,0.0,0.28945308480073645,0.00461081535815678,0.08962731663757618,0.005285443948937134,0.8950425732221038,0.01251665179954945,0.0,0.01767250098381209,0.8043238635800462,0.08449980993500306,0.016063323260119826,0.0,0.0008770686246248853,0.0059333195611782795,0.05560871707892537,0.008249340678636734,0.4914374633532042,0.004459122174002366,0.06385589180834582,0.027019647309471498,0.18691659588883938,0.03435844125033222,0.0,0.8098151150233175,0.01790429722815771,0.3772225134519581,0.10675707593653701,0.9264124885104207,0.08232067076709032,0.004439766925764919,0.021604803408293783,0.5723664329252557,0.0052093023760209885,0.2221896082401931,0.026495234659187628,0.1073825966569512,0.41310095481940173,0.18096305225835646,4.399034324057698,0.6502203588289627,0.031076138659158446,0.22353789530887636,0.11825833191794584,0.28155168740982606,0.3929138661058259,0.06938973159376512,0.016384839113728122,0.0,0.0064064225934592645,0.2272110565220326,0.006021052966125512,3.1307398345171227,0.013769532985027491,11.525396517055984,0.18329125610762576,0.030242801934122425,1.5683861752586994,1.3607916099036448,0.35120933539107935,0.10290242274165166,0.002553681041183949,0.023176889428278318,0.02636677170831232,0.20733516133630212,0.007695264016290911,0.25283097962090706
0.0,0.0,0.0,0.02120694068807675,0.0,0.00987337710951131,0.03061576026871683,0.0,0.7486852280434769,0.0,0.0,0.1068217118785364,0.0014196525578465096,0.0,0.009148334347666612,0.0,0.0,0.0,0.0,0.12039459559196676,0.0,0.00029692196803637855,0.0,0.7195195048067012,0.01469211982842518,0.0,0.0,0.030271263323086123,0.0,0.0,0.0,0.0,0.0,0.0,0.0005174773693302529,0.0077473615701553625,0.0,0.0,0.0,0.17632644146860926,0.0,0.0,1.463497431170554,0.005666798431900126,1.5438074667231199,0.1451360293750293,0.9456734180665152,0.16353056994473866,0.00654276738139205,0.045273804042658704,0.0,0.0564423569150142,2.9539930002083525,0.005406022480080213,9.84429259441843,5.312846585944912,5.858739502838272,0.6502203588289627,53.86685845205501,0.08401044400799194,2.107642589519047,0.014358775463224581,3.0095145204532874,0.09972426258553871,0.0,0.0037029420478221983,0.0,0.0004586271747882147,5.140752672376231,0.023198814935943373,0.002970795899532058,0.02344644528151348,0.6877372080427936,0.0,0.006614532895611415,0.00588743374555319,7.681717977849007,1.0348345782910509,0.01253314785306407,0.0,0.038829720931635225,0.004859377979839588,1.2526306186080634,0.006706007878286455,0.19810541719923044
0.0010250581604683557,0.029137957235894258,0.0015731931999303822,0.0011345156476094667,0.00047255786785030575,0.019707306467336,0.006541758875837566,0.050637582023784676,0.029030367126864926,0.0023708396639903558,0.4007955736125963,0.004535876964251002,1.5831029787872388,0.027535531064218445,0.001520957339777022,0.0019126702132977829,0.0,0.0010168751001427656,0.0002808543953265343,0.00021271863943961216,0.010438858168870715,0.007293119267586425,0.0063586841661366165,0.017057224587748995,0.26132847505549417,0.03861275023663361,0.1291696994165947,0.027664606896562766,0.02516822565750057,0.009525324897764743,0.18707697262789924,0.02688366863595881,0.0012924800989200962,0.0893974589975755,0.017741388877140017,0.10186037714773026,0.02747221482271431,0.0488204840272138,0.04662362056440764,0.14231806220269413,0.05252026745217795,0.16009020257170814,2.0064102479105106,0.6848188306205248,1.8382867716506206,1.010407934381535,0.4051803610089623,0.5034067122726431,3.3135750436231506,0.005574882645702891,0.034411438188845574,0.03883774677308024,0.006756869581725266,0.006817305712315216,0.06491067394988996,0.06335832268077864,0.14103022846313065,0.031076138659158446,0.08401044400799194,28.524979305268808,0.07452666924026942,5.773339126848529,0.43801514990415835,0.006948542768623063,0.01853618594442728,0.22073150632556393,5.920706346480361,1.4198003229791816,0.05601508168661795,0.061586213443065814,0.023874077011683554,0.15619023483033295,0.052443627944193404,0.5631300546725927,4.397251475224336,0.36508749274794977,0.1294784413027494,1.0344215786644098,0.0367791584796857,2.554558599439705,0.3672221215193351,0.011863320744268895,7.2966227222115165,0.08595664522715767,0.10888163518317104
0.0,0.0,0.0008626225431720202,0.26555111677744825,0.004209549158980339,0.10810921305528928,0.1661206950520758,0.044145396247221635,0.09314172913489617,0.19888372701494425,0.0,0.7050035069884464,0.006590487046682526,0.00044965917820985165,0.03224162208317935,0.0009786415414742343,0.0,0.0,0.0,0.23849501100601722,0.003004117685578214,0.0,0.0009462228229944346,0.26152183944270546,0.02527804481176527,0.0005780967308527575,0.0007056102881563979,0.17190564415025042,0.0008639396262479924,0.0011649840991724751,0.0,0.0,0.0009137483974932263,0.0021491999793787834,0.24599014916931547,0.11441534186239524,0.0,0.00430247511846824,0.002006157748203776,0.31378372171238345,0.0,0.0007044104909444141,0.7049701507358497,0.004082734336815059,0.591780933362732,0.048822719604416094,1.9562867416648833,0.06583253899938035,0.012733512238658403,0.008744129423597712,0.0010653902755967315,0.0005031649036582555,2.3248013821854006,0.043360828309355545,4.047224825099037,0.04539583978146246,1.4079927329520712,0.22353789530887636,2.107642589519047,0.07452666924026942,32.364835676234,0.03087246429206498,1.1922964829417297,1.9668762249950171,0.000434753809158666,0.0,0.0009024166859820269,0.0,9.027967047901315,0.00033742401853379875,0.005665076517445081,0.0,0.8035624265409231,0.0002485717015798774,0.0,0.0018059987026280758,0.45035205611972573,0.44859076327462394,0.0016986548047355388,0.0,0.05030497270172886,0.000965288765328604,0.5313087302296291,1.6279776951574483,0.07500087354593066
0.0008594186713880624,0.059371372977006585,0.002566052609373736,0.0,0.0,0.003977624105176866,0.01813220523822415,0.006371699156214436,0.003798435209221344,0.002556955201099494,0.5698374059239611,0.0015728684314700308,3.285202285190664,0.0046111027183677955,0.0005813040886686169,0.007378464613285043,0.0,0.0012237565818405808,0.0,0.0030217298599576957,0.020486160161933713,0.010276127119056901,0.005632163871096478,0.02442238942183851,1.2859742970272128,0.3357561291998094,1.6174333336344602,0.05376655592593046,0.022097164427364032,0.017476508012732494,1.211551481970016,0.0015031280354105673,0.002469535573767835,0.02693436593998625,0.0,0.17093703430834428,0.04821863700734643,0.017530958707619084,0.011757304098010521,0.19962280745976038,0.0070337912350630265,0.10859639816243628,0.579925507565783,0.3611078869436613,0.6589822868080407,0.21459224666186075,0.22864903254374427,0.038870021602987574,1.8460712617304937,0.00158583320415804,0.5280748251342755,0.0011511081866116828,0.006366701784715716,0.0,0.010778881713285974,0.004412857226349668,0.019911632444438904,0.11825833191794584,0.014358775463224581,5.773339126848529,0.03087246429206498,16.233258294677835,0.03867870689830044,0.0004482306579280654,0.01751571221702768,0.003262429823549285,0.013530988802093849,0.0015030633179811254,0.034447870580845474,0.015498947261291533,0.26607887767451155,0.021010843101295633,0.024422856040527175,4.90015902472007,0.16419734039421352,2.8307570803701685,0.04060331895976261,0.11768255186954871,0.008422037274483143,2.80848884419685,0.050996858852899396,0.0038503558209084542,0.44773662440122775,0.0,0.01456831210833623
0.0,0.0,0.0,0.001736009906528046,0.0,0.0,0.005939041853589864,0.0,0.2715349740958915,0.0,0.0,0.005796015130045148,0.007499656419668152,0.0,0.0,0.0,0.0,0.0,0.0,0.0018529508965697923,0.0,0.010269983746419879,0.0,0.03944359227153834,0.004250095416068343,0.0,0.0,0.007610773223249573,0.0,0.0,0.0,0.0,0.0,0.008482055382364006,0.0,0.011032610124659885,0.0,0.006891500909699,0.0066883041521389455,0.005669933463240172,0.005902436237074559,0.004608488368164667,1.3039284591389868,0.06402275297209421,1.4004418603771154,0.30510311253843575,1.0488898655266627,0.25948761689088823,0.07954995738257346,3.4069713521781395,0.002152937549907123,0.3956675179816074,0.10931508135975851,0.0029987664065617902,0.8257537922247956,10.917543809318957,11.58351504536398,0.28155168740982606,3.0095145204532874,0.43801514990415835,1.1922964829417297,0.03867870689830044,30.690010908455797,0.11651947845172156,0.006533425337065171,0.49003000023285753,0.20293409904677245,0.0734221288344072,0.6753217607409527,0.35770898728670947,0.04006286290736225,0.6525753057314245,0.47674759863997346,0.0028137281112175444,0.7600365508351621,0.07259991225001587,1.1184651678637147,8.924441149523918,3.470332729746268,0.08669517791328671,0.634612687537009,0.05452926017818524,1.0963896715914752,0.003623192431888628,0.07825538542130117
0.0,0.0,0.0,0.025922694315739875,0.0007132287618735573,0.006800340515344634,0.001025896892794815,0.0019123176839787401,0.019963126196731407,0.007425603860054761,0.0,0.028968719246953614,0.0,0.0,0.004094971744893416,0.0,0.0,0.0,0.0,0.015172618228381677,0.0,0.0006744339752319766,0.0,0.016222432380696098,0.0,0.0,0.0,0.009111546137201295,0.0,0.0,0.0,0.0,0.0,0.0,0.04344105839545357,0.0031742440451600204,0.0,0.0,0.0002039520914954191,0.027879910399703143,0.0,0.0,0.13916135170510097,0.0013128934447007245,0.043088141721517405,0.008197096815665965,2.8480682962114643,0.07838104284613101,0.0016423149121886946,0.00201249917609507,0.00803977291403099,0.0,0.09583372679568489,0.9988113471596984,1.3226868530607157,0.03234203234469148,0.2596772573737425,0.3929138661058259,0.09972426258553871,0.006948542768623063,1.9668762249950171,0.0004482306579280654,0.11651947845172156,1.827174085346431,0.0033958494832721543,0.0,0.0,0.0,0.13447451866134816,0.0,0.07538684836461632,0.00021267124793616208,0.3974356083457057,0.0012274119121279605,0.0006303063936501053,0.013848846082594363,0.1287378928099875,0.04042360583873094,0.00020564711370435454,0.0,0.1275265329629392,0.0007059839189708674,0.026001088340105557,0.6685422962523656,0.024236088059540483
0.00844130188589117,0.008328505312938026,0.02363457407732516,0.0,0.0,0.0,0.0330126477020488,0.0,0.02186295823473225,0.0,0.0,0.0,0.005893802691091635,0.001211646060690816,0.0,2.2678685398291294,0.0024940588469261225,0.0,0.0,0.0,0.8678957235271038,0.8197347183751048,1.489259990881682,0.557448990355817,0.014836768726535469,0.012952042232254844,0.5693228248101599,0.43580348932459434,0.04007788905989063,0.22155036595388655,0.0,0.0,0.040340942618181004,0.045388034498128525,0.0,0.3147137873565923,0.03423462566640386,0.045320437780058315,0.036461503238475905,0.038110541420654793,0.0013367444811957028,0.0,2.359251269522562,0.670755068679223,0.44537626118961904,0.5627979797789172,0.054661153210728675,0.011919695416064269,0.0016244765510882012,0.00338405722177899,0.17990011424985194,0.035756091654137845,0.0,0.00016653370837963467,0.00038213675547046693,0.014825330442048994,0.001181484217794064,0.06938973159376512,0.0,0.01853618594442728,0.000434753809158666,0.01751571221702768,0.006533425337065171,0.0033958494832721543,16.223763817826892,0.043427447282339174,0.00020430145906459826,0.010460483507184226,0.0,7.113727353610619,8.399008037835387,5.265471504530778,2.364552127650647,0.013088994319372957,0.030274724790622702,5.355080263955073,1.6081415011266529,0.02381549626077004,0.1007754651629773,0.0,0.0,0.007727545331838908,0.11677669463222153,0.013156625121801784,0.7903968743515687
0.0,0.10798702672222371,0.3810857594259416,0.0,0.0,0.0,0.0,0.0,0.0024864438824038692,0.0,0.0,0.0,0.0,0.0,0.0,0.004559044726911903,0.13859591451646897,0.0,0.012300403558600936,0.0,0.0012522965281278023,0.041550313608750354,0.09692711136671538,0.0002755863873046896,0.0008576868200048901,0.2841548795660894,1.2761918451959953,0.0,0.0,0.0,0.0,0.0,0.0,0.025383955116678434,0.000497330606547283,0.051725137092445195,0.05711606557556206,0.09392455233116787,0.05673552028051558,0.0011030566534005392,0.0,0.0,0.47246206286856585,0.4378702068243329,1.0645593812018597,0.43346681360710065,0.002917711590172618,0.00024014104033731327,0.0016790812915239936,0.2954594793964894,0.22579068734720992,2.0808754962567146,0.0,0.0,0.004941168198400334,0.4548635176230145,0.18216835114673144,0.016384839113728122,0.0037029420478221983,0.22073150632556393,0.0,0.003262429823549285,0.49003000023285753,0.0,0.043427447282339174,6.804897307782232,0.2101493591237249,3.432282090433176,0.0,0.6352593045643382,0.10038791916307648,5.565846682122688,0.030694143279074746,0.001405617353316398,3.6802472706645073,3.7994914796552983,0.17537461960354053,0.4994082018100065,2.5543334279299352,0.002382004671371383,0.001382896995633451,0.029705540731516444,3.202401571570391,0.0008820896687123277,0.09120123569652076
0.0,0.00808232746135748,0.00022876200681167246,0.0,0.0,0.0,0.0,0.0,0.0,0.0,0.0010627957065978473,0.0,0.0006097443413923745,0.0,0.0,0.0,0.0,0.0,0.0,0.0,0.0,0.0,0.0,0.0,0.002415425224460901,0.014218140366030895,0.016251941316455243,0.0,0.0,0.0,0.002566779557049338,0.0,0.0,0.0,0.0,0.0002599284291339528,0.0,0.0,0.0,0.0,0.0,0.0002466357378172328,0.41490816616312715,0.5023613909668846,1.6846484063988485,0.6552087417623571,0.021665537542494482,0.007578941281534769,0.11447305455662111,0.0018649188031121529,0.01796119904356767,0.04397213331596015,0.0,0.0006397264162254528,0.008007901386744643,0.0003671225203067617,0.027942043347634716,0.0,0.0,5.920706346480361,0.0009024166859820269,0.013530988802093849,0.20293409904677245,0.0,0.00020430145906459826,0.2101493591237249,3.597816668529984,3.4151762631254075,0.0,0.02338424360895302,0.0038629064622718325,0.10880921577738648,0.0,0.004232545654399532,1.9858620083882519,0.35721391217754644,0.0001662556249511538,0.4592851481956509,0.01905401070089,0.038508081352848195,0.10040404270918224,0.013833092113777588,2.222424556615244,0.0,0.053154584948254854
0.0,0.0796519322122633,0.08154205533871983,0.0,0.0,0.0,0.0,0.0,0.0,0.0,0.0,0.0,0.0,0.0,0.0,0.0,0.04199164509684608,0.0,0.010377587023616245,0.0,0.0,0.00423039627831183,0.002130136897675443,0.0,0.0014232707578406174,0.2124059481109439,0.40337592981621256,0.0,0.0,0.0,0.0,0.0,0.0,0.005761191142205704,0.0,0.00620886723152402,0.014718995594041525,0.021841196628474068,0.008305736822535575,0.0,0.0,0.0,1.04773233205051,0.702439182176928,2.1085389143237454,1.0457550882963393,0.007490053004019195,0.006848130017088143,0.0033242559543475727,0.062245608398721605,0.16156313229407437,0.42008385873274395,0.0,0.0,0.0010859709740716089,0.06090283399727584,0.010097348219830013,0.0064064225934592645,0.0004586271747882147,1.4198003229791816,0.0,0.0015030633179811254,0.0734221288344072,0.0,0.010460483507184226,3.432282090433176,3.4151762631254075,10.31117718284029,0.0,0.10945135950773276,0.03780742531826107,0.865868399797674,0.003570024214552042,0.002363204165466238,5.6990020357594835,1.8325106758226712,0.01445592340111552,0.16628531979317251,0.5183207571075482,0.009580411023303403,0.01647268797466214,0.005079895694928137,3.0857164335820095,0.00038903444287073213,0.09769753254703024
0.0016025421604116477,0.0,0.0,0.45087124664789563,0.0,0.0803522525338716,0.3438135467395866,0.0337386545428089,0.29995212115699915,0.1968042586412653,0.0,0.528673721639282,0.013031386877831352,0.0,0.027603147737215693,0.0012605342647211797,0.0,0.0,0.0,0.541152532029799,0.00043879950552993977,0.00046811284131311013,0.0,1.0681531258483157,0.041250941794155616,0.0,0.0,0.44087211042797514,0.0,0.0,0.0,0.0,0.0,0.0020153403615833184,0.0,0.20537664436020184,0.0001655525467497969,0.0003181818057493565,0.0004000682665861706,0.2563510011783,0.0,0.0002459002893196531,0.4797969917381486,0.0005579897389453617,0.3542887088963519,0.032511118476986685,0.6991575945118315,0.03724479606462664,0.00960525670229577,0.011654285566583393,0.0,0.0,15.47081408108471,0.007769499459391825,0.48733575574922716,0.11233561688897312,0.6868411026033088,0.2272110565220326,5.140752672376231,0.05601508168661795,9.027967047901315,0.034447870580845474,0.6753217607409527,0.13447451866134816,0.0,0.0,0.0,0.0,7.9239876390538955,0.001574126298329692,0.00019242513903476715,0.0,0.7184812570534415,0.0,0.0,0.0,1.3661009058155984,0.287102427709531,0.0018071511314996104,0.0,0.014369480823980721,0.002351662249705867,0.27531280415808884,0.0,0.0275728951880005
0.0,0.0010974541021312194,0.001687479269769801,0.0,0.0,0.0005158258472403225,0.003550305341917283,0.0,0.018256667127834355,0.0,0.0,0.0,0.009841646946030234,0.0,0.0,0.28074222980642577,0.0,0.0,0.0,0.0003926028424091152,0.2710358554445167,0.2087254779049488,0.07081218715288998,0.2611522032733495,0.02689564404731406,0.0,0.026662516567297824,0.12509261005408845,0.010161351441248698,0.08701160668508712,0.0,0.0,0.02716181450031337,0.017823411235313447,0.0012731271090754147,0.17133103677518952,0.015611904365434592,0.009666665956953594,0.007599601336456749,0.023207736652842377,0.0,0.0,4.90334313524309,0.7705319678448596,3.7588641033114323,2.313566862135375,0.15060286481300833,0.05841069685728405,0.0,0.052996854894949756,0.015760382466911773,0.8016019913091771,0.0002734979878215142,0.000738414404256018,0.01753132324695502,1.2906206446978299,0.2302961404950039,0.006021052966125512,0.023198814935943373,0.061586213443065814,0.00033742401853379875,0.015498947261291533,0.35770898728670947,0.0,7.113727353610619,0.6352593045643382,0.02338424360895302,0.10945135950773276,0.001574126298329692,41.581436872411025,0.575716098832503,18.424837892835022,0.6966300618253283,0.0,0.3921020198409361,0.858154479951594,4.209636209470458,0.3937900462324131,10.63307418227922,0.00017209111495676197,0.0001744989785726772,0.11569593601705812,5.252455585720838,0.06140264636899903,1.9444095252731752
0.00623740706199623,0.05756883020595767,0.11403196663907984,0.0012843751789839925,0.0,0.00040334445326444955,0.03187583670510889,0.012076630920470536,0.1702159849060663,0.0016605616601891523,0.0073972545105349535,0.0008882183560056553,0.05139795949451449,0.014772354767172076,0.0,1.6201114487928132,0.028036856350623654,0.0002029253682393416,0.0032165109659009084,0.0003963958304213262,0.7225638980896814,2.5350940145217633,1.0723323466455743,0.8141677703781053,0.039716559096964275,0.050243535790446034,1.8257281619479462,0.5395632631037822,0.05365229491845991,0.1763535374448918,0.003572971845619034,0.0,0.018059655621620117,0.04816152008871197,0.002238764361779098,0.27450945210214195,0.0529499764056825,0.08024630196007797,0.06516553922459788,0.04441246349061372,0.005952692621764762,0.0012963395415869496,1.1398405678932346,0.2845593951060244,0.3905991095840789,0.3449478195578575,0.23001486830859816,0.003471520812489703,0.013832644396099084,0.006949039464470668,1.8187472257085178,0.07583105335058904,0.0011774623329895292,0.0023691934925540396,0.004850754938278409,0.04425490419496415,0.03503728173202794,3.1307398345171227,0.002970795899532058,0.023874077011683554,0.005665076517445081,0.26607887767451155,0.04006286290736225,0.07538684836461632,8.399008037835387,0.10038791916307648,0.0038629064622718325,0.03780742531826107,0.00019242513903476715,0.575716098832503,9.817715058576448,1.1979829721147988,8.068614686461409,0.4560346066558209,0.12624921875894246,7.9499332231183395,0.6941672116037151,0.03982171381314893,0.11705183844403451,0.011573468819535611,0.00018473467470532886,0.005684093701658648,0.06328414604854145,0.004393237468203307,0.42674179342041246
0.0,0.017670349928406714,0.049167499926221554,0.0,0.0,0.0,0.0015840074731250729,0.0,0.011590038230279667,0.0,0.0,0.0,0.00557128760871145,0.0,0.0,1.4927039740110095,0.005490811021939268,0.0,0.00037258435633489765,0.0,0.3068220574270334,0.47794308035293015,1.184695432029822,0.15580184214161377,0.021438056357078097,0.01731992383316912,0.8844521458606305,0.07800107075432999,0.0023691893695395655,0.042572908175418395,0.0,0.0,0.008237434200377433,0.016137132689275753,0.0030155922664898424,0.1565770303605291,0.037596480269935416,0.034148456424282006,0.02643676879676729,0.009897035626709669,0.0,0.0005242612800614327,11.23114006208001,2.1352600651716562,8.492687039499609,6.538098267998986,0.33331463466441447,0.0611702859781419,0.010893881863753023,0.1733289182783079,0.08938683514742575,10.825390855249676,0.0007816513683854655,0.0,0.0256527650749018,1.077381938253606,0.4766427596355173,0.013769532985027491,0.02344644528151348,0.15619023483033295,0.0,0.021010843101295633,0.6525753057314245,0.00021267124793616208,5.265471504530778,5.565846682122688,0.10880921577738648,0.865868399797674,0.0,18.424837892835022,1.1979829721147988,48.031600726381434,0.38994214168258456,0.0021087426450580055,3.2462674665006688,10.067067232805801,3.054009586245753,0.3794746483559062,4.727414538693928,0.00027557837290576764,0.0017403402067130485,0.04456479215174594,5.079125791406178,0.07680525988352446,5.6156061586184505
0.020908486082061608,0.002317413329733587,0.0060036456685045895,0.6308056919537288,0.0026933801793474843,0.2764205723978611,1.004129825140701,0.21710403738956396,1.078607801533702,1.1405881699256608,0.0,0.42302918957459124,0.009272455463181598,0.011824291455388356,0.04009603431919519,0.13704774244369441,0.0,0.0,0.0,0.8288988340470961,0.20338254243371712,0.20985112902511285,0.032328531452725316,3.9046641814831387,0.031246167560406563,0.000668231872801708,0.025032202406789283,2.6558265458493175,0.11086271321340335,0.17168789115957822,0.0,0.0,0.05630306107947127,0.06284236054243061,0.0,1.9296237685200583,0.013466173358405241,0.09072445038379909,0.05219574230758947,0.7173424887711956,0.012686082782628305,0.0003593622890132997,2.11643334476988,0.1167541675003068,0.82543612753308,0.4166860419114233,1.3797801733204609,0.1146999873811122,0.004558171574363507,0.06385017841052709,0.2967109887762977,0.05913062945538853,2.4205213590652686,0.025786363784635242,0.12913054584662328,1.6234093403395742,0.308587515223227,11.525396517055984,0.6877372080427936,0.052443627944193404,0.8035624265409231,0.024422856040527175,0.47674759863997346,0.3974356083457057,2.364552127650647,0.030694143279074746,0.0,0.003570024214552042,0.7184812570534415,0.6966300618253283,8.068614686461409,0.38994214168258456,29.597549330577003,0.02676205111674975,0.03311035731959135,1.3052073913482083,11.866641859227459,0.7887111997924071,0.469733367112973,0.0,0.006926786142410446,0.12056673932168425,0.4590863467452442,0.013724131901559182,0.4421070902026592
0.0,0.11199743307762565,0.0,0.0,0.0,0.0,0.0,0.00030890803437283064,0.0026910126425192075,0.0,0.12963286354029602,0.0,0.8370057725578092,0.0010513841174719608,0.0,0.00074567787021285,0.0013190123687884304,0.004624959544614423,0.0027699193915303446,0.0,0.0,0.008095274653326446,0.00028714324320178056,0.00037309007417205746,1.829552847382736,0.20050764576618388,1.4928367238198594,0.0,0.003777109773884826,0.0,0.17023590328164317,0.0,0.0,0.01730020516900138,0.0,0.007722308061121575,0.03522417062388853,0.010991231285022642,0.0035584770176270626,0.0,0.0,0.02151051451456611,0.012656157410825724,0.07547496153857393,0.02544808010600209,0.009870573262783391,0.009594089436521966,0.0,0.09808216861365099,0.0,1.3671431661421343,0.0002698495369459254,0.0,0.0,0.0,0.0,0.0,0.18329125610762576,0.0,0.5631300546725927,0.0002485717015798774,4.90015902472007,0.0028137281112175444,0.0012274119121279605,0.013088994319372957,0.001405617353316398,0.004232545654399532,0.002363204165466238,0.0,0.0,0.4560346066558209,0.0021087426450580055,0.02676205111674975,2.884190861752346,0.04958728191167422,4.538127787387784,0.0012912705385024908,0.011583417792439779,0.0,0.22563669799143826,0.002653640562245748,0.0,0.05942454704300159,0.0,0.0006248737893313314
0.0,0.3399024470212716,0.3732745013926469,0.0,0.0,0.0,0.0,0.0,0.002958285399652294,0.0,0.06405420081331746,0.0,0.2735020769948414,0.0,0.0,0.004053724390040768,0.21715225339167532,0.01157183146162181,0.10957091719902254,0.0,0.00036849915546258085,0.03108324069056824,0.035578747239665955,0.0,0.19984744664898346,2.779930032385175,4.552433105038253,0.0,0.0007076443009093181,0.0,0.4256256441113856,0.0,0.0,0.07324271735357749,0.0,0.08643178662683605,0.1155611803500858,0.13455008719315972,0.08342385676269776,0.0006449777468853765,0.0007224251456581799,0.013396662959380736,3.9185274213451176,4.191371631412825,4.215999495048158,2.451963469043501,0.06551635482888814,0.03290511558159664,0.4793483641705882,0.16750302175142082,0.4563919239759826,16.83975715175506,0.0,0.0,0.017414202952109627,0.5759516234169233,0.27263488025664767,0.030242801934122425,0.006614532895611415,4.397251475224336,0.0,0.16419734039421352,0.7600365508351621,0.0006303063936501053,0.030274724790622702,3.6802472706645073,1.9858620083882519,5.6990020357594835,0.0,0.3921020198409361,0.12624921875894246,3.2462674665006688,0.03311035731959135,0.04958728191167422,64.30012234051603,11.829624984480017,0.19088175220671325,0.7212040649011523,1.090026508198629,1.6439326091721125,0.1916833616404805,0.013376906898545192,2.421678085310778,0.00041284225720273997,0.32380977015648865
0.0,1.8571862171403264,1.9193485411910012,0.0,0.0,0.0,0.0009269697930877457,0.0,0.008429603341906764,0.0,0.07720955534018939,0.0,0.5134375609247681,0.0,0.0,1.2226714617362482,0.7528086158704983,0.03015126530311582,0.2596451536605173,0.0,0.15375647806970033,0.7737102545288758,2.348715679631795,0.07787645020973288,1.0641768573115438,7.436958446015498,22.887318602310035,0.017219294310673743,0.0005507265162000577,0.003687894179978624,0.8624262157966706,0.0,0.0014257680074838146,0.25043716685613004,0.0008843670551342388,0.6998983003508724,0.6259528234493645,0.6920917056901585,0.47048035816329553,0.018973320724955774,0.0032594899752511905,0.010893059577158467,10.769290225008325,3.641380111614874,6.55299844918617,4.997993162488254,0.20857614266813976,0.03365998353525738,0.08480629596474681,0.03571883253982841,13.834859467314967,6.355027936383528,0.0,0.0,0.0008240685938506401,0.24825686033079097,0.034219750721956675,1.5683861752586994,0.00588743374555319,0.36508749274794977,0.0018059987026280758,2.8307570803701685,0.07259991225001587,0.013848846082594363,5.355080263955073,3.7994914796552983,0.35721391217754644,1.8325106758226712,0.0,0.858154479951594,7.9499332231183395,10.067067232805801,1.3052073913482083,4.538127787387784,11.829624984480017,53.51640058008474,1.2079574992078919,0.10461517556898065,0.5252276294953994,1.4053445835154699,0.012876977032490992,0.012865029578879982,1.7755297143551305,0.007585629505901939,1.7959921859806147
0.006207987095330283,0.0,0.0,0.08372883184661488,0.0,0.038780511190383386,0.3720489903523326,0.016695936827813264,0.9733257205560121,0.06685520359938676,0.0,0.13334738219047523,0.00972927614381058,0.00014975817007487164,0.011248933355829577,0.11088786525785037,0.0,0.0,0.0,0.21737334297813676,0.16844444050975527,0.11786869583924389,0.012335402068083926,2.505455122933042,0.05804399640163031,0.0,0.008185761977149401,0.9583223595766082,0.030902844596821334,0.10268325019477986,0.0,0.0,0.032125000510944364,0.030759075140014722,0.0,0.9793949691987157,0.014754746449432529,0.025691258452971225,0.011442591843685655,0.5068433275635239,0.0,0.0,5.882999316043389,0.2941602325737862,3.3788656527314354,1.764459761590371,1.4891771109596637,0.36067544860090106,0.005902111804477727,0.13795189045989228,0.021347670892559355,0.37511115717475013,5.373036917340442,0.008897513669087599,0.2727480965084647,17.190143958776144,0.714445180462477,1.3607916099036448,7.681717977849007,0.1294784413027494,0.45035205611972573,0.04060331895976261,1.1184651678637147,0.1287378928099875,1.6081415011266529,0.17537461960354053,0.0001662556249511538,0.01445592340111552,1.3661009058155984,4.209636209470458,0.6941672116037151,3.054009586245753,11.866641859227459,0.0012912705385024908,0.19088175220671325,1.2079574992078919,49.33490515243227,2.2957374373676376,7.6586883216266335,0.0,0.008631623638980006,0.5917293089711056,2.2794257977317147,0.044819562434979636,1.4861928712765458
0.0018362491671730157,0.0026330786026400282,0.0007969350587591613,0.0008514790194759643,0.0,0.0,0.01828223617581841,0.0,0.25542760170727996,0.0,0.003026066981646984,0.0038263028725192545,0.01253099001089892,0.0,0.0,0.010766722515086117,0.0,0.0,0.0,0.0007548660427130333,0.02004442884566758,0.023280629614634937,0.004532361248962169,0.1996483349301548,0.008916795618003114,0.0,0.0,0.08408343330471266,0.0015310212938264222,0.013616713511450041,0.0,0.0,0.003366543189041797,0.004663240112596863,0.0,0.1000048860109844,0.002549733208498931,0.0038865599183540746,0.005954862369713276,0.03156691267668271,0.0017035907363696916,0.003939160537891899,0.8595471048755965,0.04143189784191037,1.4072736389241534,0.2939659379372248,0.3575041866417743,0.1805744460762421,0.07530161531315471,3.07153457918306,0.00594381555155335,0.03681651491335086,0.05398402288826387,0.000909894027523958,0.2251548145829003,2.116022643179476,0.769105785821866,0.35120933539107935,1.0348345782910509,1.0344215786644098,0.44859076327462394,0.11768255186954871,8.924441149523918,0.04042360583873094,0.02381549626077004,0.4994082018100065,0.4592851481956509,0.16628531979317251,0.287102427709531,0.3937900462324131,0.03982171381314893,0.3794746483559062,0.7887111997924071,0.011583417792439779,0.7212040649011523,0.10461517556898065,2.2957374373676376,33.207059266814134,4.426284493576902,0.26888522242807045,0.5090168401717163,2.2264454597601437,3.137676336879004,0.008105290011396276,0.14774226505719074
0.0005365867075499144,0.0032567623463835007,0.00018594808018137593,0.0,0.0,0.0,0.019754886424975894,0.0,0.11946804158635842,0.0,0.0,0.0003911045667448073,0.004148905754261041,0.0,0.0,0.05486605984956383,0.0,0.0,0.0,0.002806751507467203,0.10092627861629065,0.058179349094996266,0.006797430558901481,0.3785164934942788,0.017584886798839544,0.0,0.0010558758406225318,0.1538479466130606,0.010297696287088947,0.043619386368926163,0.0,0.0,0.013838255216560381,0.011002685459328938,0.0,0.2587338413739218,0.011443538249230013,0.010801600576955268,0.00817839904925915,0.04969152832545387,0.000871414767304668,0.0,1.7388379937552207,0.24143626556474942,1.46429067081545,0.6623641064721796,0.050359306620337684,0.04586855265612634,0.0021731496671021076,2.3111607629611877,0.0133695089134504,0.5175651557205688,0.00041377204329267,0.0,0.020860326354465008,5.708292940623766,1.4485612378377613,0.10290242274165166,0.01253314785306407,0.0367791584796857,0.0016986548047355388,0.008422037274483143,3.470332729746268,0.00020564711370435454,0.1007754651629773,2.5543334279299352,0.01905401070089,0.5183207571075482,0.0018071511314996104,10.63307418227922,0.11705183844403451,4.727414538693928,0.469733367112973,0.0,1.090026508198629,0.5252276294953994,7.6586883216266335,4.426284493576902,24.373943203477346,0.0,0.0003145200129842337,0.4984148081690707,4.303437333086189,0.017047376061205894,0.42411130401295477
0.0,0.023326204235319222,0.0,0.0,0.0,0.0,0.0,0.0,0.0,0.0,0.2764991142253467,0.0,1.4246637437368557,0.0,0.0,0.0,0.0,0.002435914707031283,0.000400287678128906,0.0,0.0,0.0023165579316267097,0.0,0.0,0.43919688681872865,0.34723305623407047,0.9821651233009524,0.0,0.0006531044632069854,0.0,0.7560781711432543,0.0,0.0,0.01234153073221423,0.0,0.0016536946290229121,0.020784688565275322,0.0024356835286831967,0.0004523632039778291,0.0,0.0005018035676656955,0.05610446390358374,0.09280093001208092,0.8384564096041742,0.6041104303591515,0.15944840802362703,0.014545368366655612,0.002318727864879264,0.7277740681402,0.0,0.02758065185219157,0.0,0.0,0.0,0.002388733477319226,0.0,0.009029402439638396,0.002553681041183949,0.0,2.554558599439705,0.0,2.80848884419685,0.08669517791328671,0.0,0.0,0.002382004671371383,0.038508081352848195,0.009580411023303403,0.0,0.00017209111495676197,0.011573468819535611,0.00027557837290576764,0.0,0.22563669799143826,1.6439326091721125,1.4053445835154699,0.0,0.26888522242807045,0.0,1.5902102917206393,0.08099931942145601,0.0009772981336457374,0.6633573919882197,0.0,0.016820349565531783
0.0,0.0,0.0,0.0,0.0,0.0,0.0,0.00024114436896070072,0.0016911236439569202,0.0,0.0010567892967955825,0.0,0.006441009971226488,0.0,0.0,0.0,0.0,0.0,0.0,0.0,0.0,0.0,0.0,0.0,0.0005577974860232501,0.0,0.0,0.0,0.0,0.0,0.0,0.0,0.0,0.012071562218505107,0.0,0.000881720612590887,0.0,0.004314264148722508,0.007077009749860842,0.0006600705972801226,0.007791365218091469,0.0060880910504791975,0.6171791968336525,0.03099900457474119,0.4700429314710249,0.10111574009546061,1.0042375059444675,3.690464954945168,0.06873491611429576,0.0012181333228468792,0.0006968408448368715,0.0011924248451682861,0.0,1.3424409740758516,0.9857415298376747,0.024337656216392792,0.9348848800101176,0.023176889428278318,0.038829720931635225,0.3672221215193351,0.05030497270172886,0.050996858852899396,0.634612687537009,0.1275265329629392,0.0,0.001382896995633451,0.10040404270918224,0.01647268797466214,0.014369480823980721,0.0001744989785726772,0.00018473467470532886,0.0017403402067130485,0.006926786142410446,0.002653640562245748,0.1916833616404805,0.012876977032490992,0.008631623638980006,0.5090168401717163,0.0003145200129842337,0.08099931942145601,1.1632659401582344,0.0008439471985517723,2.439304565369174,0.0044757956908618775,0.041635979055564064
0.0,0.0,0.0,0.0,0.0,0.0,0.008194591933813384,0.0,0.019898569043685546,0.0,0.0,0.0,0.0,0.0,0.0,0.0022338737485596517,0.0,0.0,0.0,0.0009384256698747252,0.006455908831473911,0.0020914451632327194,0.0,0.0628937780073739,0.00243849075720954,0.0,0.0,0.029716116344713203,0.003887719852038504,0.0017665868767585337,0.0,0.0,0.0013289360476936983,0.0006764220789136189,0.0,0.04440130980994088,0.0005260387857228544,0.002656505478230229,0.0,0.01928562960928722,0.0,0.0,0.09036074792716141,0.0021596182810429375,0.2788601186583575,0.07391733054096095,0.013913964081423744,0.009388132934591044,0.001656641576781326,0.007489806063247815,0.0,0.005244771395577081,0.0007066812759105664,0.0,0.0030249219301917976,0.11216096761725762,0.013216577145636062,0.02636677170831232,0.004859377979839588,0.011863320744268895,0.000965288765328604,0.0038503558209084542,0.05452926017818524,0.0007059839189708674,0.007727545331838908,0.029705540731516444,0.013833092113777588,0.005079895694928137,0.002351662249705867,0.11569593601705812,0.005684093701658648,0.04456479215174594,0.12056673932168425,0.0,0.013376906898545192,0.012865029578879982,0.5917293089711056,2.2264454597601437,0.4984148081690707,0.0009772981336457374,0.0008439471985517723,2.566633290505029,0.6652260391545686,0.016428274353160348,0.055153291505946785
0.0,0.04278190850436646,0.055996130215843085,0.0016490472389129396,0.0,0.005867662153924367,0.029986494148679366,0.010390965962373407,0.21243671587482701,0.0,0.043035257853201635,0.0012473022141454336,0.13802602935959787,0.008599376859468997,0.0,0.009765337140225743,0.023174234774450516,0.0,0.0009882405908971672,0.011401504718903959,0.0050799154761323965,0.010743871587557168,0.018153715792278,0.18969259196672203,0.042018600334724286,0.07306001573036033,0.2563674304528778,0.09250870646224958,0.005667885402126142,0.0044504573811288495,0.006002483557497951,0.006363135076076507,0.0,0.0192592566777142,0.0010843204248277862,0.08842075885158802,0.009759626904157043,0.030656987483338675,0.024337401099081436,0.0334276467359186,0.0163695161389019,0.029770988965274817,0.8067458560600945,0.293424276181047,3.13978192150344,0.585708810631498,0.212972346483116,0.1600453143287005,0.6518979897690715,0.11600981165847103,0.09585202926228849,0.49553236156714603,0.07741087447000915,0.027204084849178634,0.15899322393653267,1.180701170669467,0.28846083719568233,0.20733516133630212,1.2526306186080634,7.2966227222115165,0.5313087302296291,0.44773662440122775,1.0963896715914752,0.026001088340105557,0.11677669463222153,3.202401571570391,2.222424556615244,3.0857164335820095,0.27531280415808884,5.252455585720838,0.06328414604854145,5.079125791406178,0.4590863467452442,0.05942454704300159,2.421678085310778,1.7755297143551305,2.2794257977317147,3.137676336879004,4.303437333086189,0.6633573919882197,2.439304565369174,0.6652260391545686,12.308918544233512,0.04350706894584596,0.20423400460210855
0.0,0.0,0.0,0.0,0.0,0.13260292102646629,0.0,0.0,0.006500490755353045,0.021531314126579153,0.0,0.11957822135383019,0.040411512794066386,0.0,0.06905941896449401,0.0,0.0,0.0,0.0,0.0,0.0003934085906197812,0.0,0.001405821257228845,0.0,0.0003624361816078114,0.0,0.0,0.0,0.0,0.0,0.0,0.0,0.0,0.002232511833492029,84.71093675986769,0.6923449474121011,0.07042696429792279,0.017642913305425355,0.16689417443205112,0.02136842967978021,0.0087857904696779,0.006136876109658714,4.506775138183845,0.26499430816633474,0.7955217945111215,1.037729311869882,0.08011537931836843,0.2596465381016051,0.006045540846215709,0.0,0.0,0.0002655026752140165,0.0,0.0,0.5923131292799176,0.00669625367149015,0.004143867615877634,0.007695264016290911,0.006706007878286455,0.08595664522715767,1.6279776951574483,0.0,0.003623192431888628,0.6685422962523656,0.013156625121801784,0.0008820896687123277,0.0,0.00038903444287073213,0.0,0.06140264636899903,0.004393237468203307,0.07680525988352446,0.013724131901559182,0.0,0.00041284225720273997,0.007585629505901939,0.044819562434979636,0.008105290011396276,0.017047376061205894,0.0,0.0044757956908618775,0.016428274353160348,0.04350706894584596,157.25329680456383,27.529223767196886
0.0930678756265459,0.1266589381106372,1.1950632085257993,0.02329255256178912,0.006030963418956273,0.15997178600574505,0.8808323582279912,0.21685098318370846,0.42235172722206726,0.3437458420587607,0.04536030307961259,0.05381070099557922,0.049312317184616684,0.15769014750510987,0.03532246246666605,0.45291376096401303,0.19544806602819145,0.09798744742880462,0.23001666512062238,0.041231316916985505,2.7956216358017087,0.1355622053653531,6.753523851362746,0.4747083934946527,0.020971633789558387,0.5732323730126474,3.3015647430299064,1.297189588634857,0.4026844229013033,1.0894462900494297,0.008489017532400674,0.08129609894860763,0.08181485433660986,0.3235555086254456,25.569934152521963,2.75976251527386,5.195534181799622,1.0315297711750546,5.272876168665839,0.11448444198673505,0.19722023875569444,0.12362659321405223,1.9681833596192524,3.6924323692243624,1.4412998365383323,6.543384924229992,0.07132146112477822,0.28604552179859866,0.1229187636091216,0.007770024807873731,0.14612752339495474,0.21639040974920287,0.018799256944458647,0.0037416058940097146,0.03961358170302968,0.4602896318653302,0.07302859539520289,0.25283097962090706,0.19810541719923044,0.10888163518317104,0.07500087354593066,0.01456831210833623,0.07825538542130117,0.024236088059540483,0.7903968743515687,0.09120123569652076,0.053154584948254854,0.09769753254703024,0.0275728951880005,1.9444095252731752,0.42674179342041246,5.6156061586184505,0.4421070902026592,0.0006248737893313314,0.32380977015648865,1.7959921859806147,1.4861928712765458,0.14774226505719074,0.42411130401295477,0.016820349565531783,0.041635979055564064,0.055153291505946785,0.20423400460210855,27.529223767196886,2.47292914411588
