Iteration,Cost_data,Cost_reg,Cost_total,Streamlines,Fixels_excluded,Step_min,Step_mean,Step_mean_abs,Step_var,Step_max,Coeff_min,Coeff_mean,Coeff_mean_abs,Coeff_var,Coeff_max,Coeff_norm,
0,1379.81,0,1379.81,10542,869,0,0,0,0,0,0,0,0,0,0,0,
1,1379.5690016776241,0.017559329445605253,1379.5865610070698,10542,869,-0.00019032762967170048,-3.363211539073739e-05,3.895148877103468e-05,2.9107950743100768e-09,7.0159412856094733e-05,-0.00019032762967170048,-3.363211539073739e-05,3.895148877103468e-05,2.9107950743100768e-09,7.0159412856094733e-05,3.068269087830252e-05,
2,1379.362747709888,0.042754918196993751,1379.4055026280851,10542,869,-0.00014164358039346804,-3.4442495626421719e-05,3.5645834308528956e-05,2.3209245490010405e-09,3.6856953341771954e-05,-0.00032831783470689503,-6.8074611017159462e-05,7.370313605638405e-05,1.0263366041239294e-08,0.00010701636619786669,0.0001081861414407034,
3,1379.1742754879108,0.068696996922343573,1379.2429724848332,10542,869,-0.00012062391064674761,-3.4919610033373245e-05,3.5231574514685149e-05,2.0821784348652714e-09,1.6892871211433714e-05,-0.00044487204469151711,-0.00010299422105053238,0.00010755485575616887,2.1308786994774836e-08,0.0001237040006462398,0.00022461592371192154,
4,1378.9979158186743,0.094509411577552688,1379.0924252302518,10542,869,-0.00010773261332863353,-3.525233791544772e-05,3.5328488546497519e-05,1.9348182948165778e-09,8.2300220860889095e-06,-0.00054835873271557635,-0.00013824655896597983,0.00014152116955321864,3.5699348742138286e-08,0.00012818656173282494,0.00037630683509087967,
5,1378.8306959469455,0.11992295883555346,1378.9506189057811,10542,869,-0.00010052218629912283,-3.5500410261617087e-05,3.5503714245804111e-05,1.829658787748518e-09,1.8182931013398128e-06,-0.00064220995866304373,-0.00017374696922759739,0.00017598725638585914,5.3206198437786005e-08,0.00012440838901351929,0.00056084653773270227,
6,1378.6707844203088,0.14476703641449071,1378.8155514567234,10542,869,-9.6286377589005181e-05,-3.5693874241970672e-05,3.5693874241970672e-05,1.7496344368105188e-09,-2.396171868914522e-06,-0.00072942667959748758,-0.00020944084346956614,0.0002109309669594162,7.366352735141177e-08,0.00011460654888927097,0.00077648724181123149,
7,1378.5169325318948,0.16890243214851849,1378.6858349640434,10542,869,-9.1590727842559628e-05,-3.5849811643807985e-05,3.5849811643807985e-05,1.6867150863977633e-09,-5.7755622490157887e-06,-0.00081459707945039821,-0.00024529065511337528,0.00024623444498325371,9.6947873184573037e-08,0.00010381370265516122,0.0010219275312385843,
8,1378.3682266588232,0.1922195327604995,1378.5604461915837,10542,869,-8.6909739114678577e-05,-3.5978676761567366e-05,3.5978676761567366e-05,1.6362659736435602e-09,-8.7908224205619219e-06,-0.00089480292757403103,-0.00028126933187494284,0.00028181819496062856,1.2296690821903701e-07,9.0224684634239406e-05,0.0012961941795368692,
9,1378.2239639474069,0.21464013583230532,1378.4386040832392,10542,869,-8.2803070230751282e-05,-3.6087183762746158e-05,3.6087183762746158e-05,1.5952492683671503e-09,-1.0805398273186863e-05,-0.00097075462100853268,-0.00031735651563768921,0.00031764971351576636,1.5165179255599081e-07,7.4212191972089226e-05,0.0015985615453326992,
10,1378.0835831367683,0.23611563524461568,1378.319698772013,10542,869,-7.8976521101000116e-05,-3.6179916976968506e-05,3.6179916976968506e-05,1.5615377997628224e-09,-1.2203036123498285e-05,-0.0010430079760401106,-0.00035353643261465764,0.000353661910830149,1.8295162955524607e-07,5.5984891193321123e-05,0.0019284931271418488,
11,1377.9466240434399,0.25662240100966766,1378.2032464444496,10542,869,-7.5468355214709497e-05,-3.6260084740691652e-05,3.6260084740691652e-05,1.5335740080452463e-09,-1.3274295285663024e-05,-0.0011120136968144688,-0.00038979651735534897,0.00038982730260117505,2.1682917959991808e-07,3.574613664954556e-05,0.0022855963821627363,
12,1377.8127019085371,0.27615639090094668,1378.088858299438,10542,869,-7.2299150231369019e-05,-3.6330034946367204e-05,3.6330034946367204e-05,1.5101932853018812e-09,-1.3933351033505517e-05,-0.0011781460297263094,-0.00042612655230171725,0.00042613263722877942,2.5325764767278574e-07,1.3811529433231471e-05,0.0026695888641188347,
13,1377.6814902361036,0.29472834183541585,1377.9762185779391,10542,869,-6.9365549070296429e-05,-3.6391509100893357e-05,3.6391509100893357e-05,1.4905065033774181e-09,-1.4584764775578689e-05,-0.0012417221222729934,-0.00046251806140261035,0.00046251806140261035,2.922182142557285e-07,-9.5616204380681657e-06,0.0030802721964696342,
14,1377.5527086381603,0.31235957906950323,1377.8650682172299,10542,869,-6.6683195489844634e-05,-3.6445904369546482e-05,3.6445904369546482e-05,1.4738325343856016e-09,-1.5197979371943046e-05,-0.0013030137943613386,-0.00049896396577215544,0.00049896396577215544,3.3369825899938237e-07,-3.4162972571970458e-05,0.0035175133481124897,
15,1377.426114607385,0.32907855820336968,1377.7551931655883,10542,869,-6.4234865144999472e-05,-3.6494254851613716e-05,3.6494254851613716e-05,1.4596318197885334e-09,-1.5848552986038997e-05,-0.0013622567143874087,-0.0005354582206237706,0.0005354582206237706,3.7768982309420021e-07,-5.9819978690743605e-05,0.0039812284252359643,
16,1377.3014966169471,0.34491843343642292,1377.6464150503837,10542,869,-6.1995391327152017e-05,-3.6537430975167086e-05,3.6537430975167086e-05,1.4474830299325561e-09,-1.6525236788171497e-05,-0.0014196563986948344,-0.00057199565159893329,0.00057199565159893329,4.2418863061265416e-07,-8.6390649170946156e-05,0.0044713723552879878,
17,1377.1786692044727,0.35991515453787226,1377.5385843590107,10542,869,-5.995379783793662e-05,-3.6576118924805167e-05,3.6576118924805167e-05,1.4370467054467607e-09,-1.7219189848173375e-05,-0.0014753932758662419,-0.00060857177052374076,0.00060857177052374076,4.7319320080745552e-07,-0.00011191391782548979,0.0049879295297113888,
18,1377.0574688665006,0.37410609152519064,1377.4315749580257,10542,869,-5.8088447886021114e-05,-3.6610901054038434e-05,3.6610901054038434e-05,1.4280507189942794e-09,-1.7922012120436232e-05,-0.00152962669623015,-0.0006451826715777821,0.0006451826715777821,5.247042446720609e-07,-0.00013282075751945585,0.0055309074430881936,
19,1376.9377511120624,0.38752894453246906,1377.3252800565949,10542,869,-5.6400901484042439e-05,-3.6642217810515737e-05,3.6642217810515737e-05,1.4202691134357121e-09,-1.8626988598704375e-05,-0.0015824977975329774,-0.00068182488938829753,0.00068182488938829753,5.7872405855638268e-07,-0.00015450165191315912,0.0061003303012428295,
20,1376.8193873545808,0.4002212290014594,1377.2196085835824,10542,869,-5.4850404323820706e-05,-3.6670501299622919e-05,3.6670501299622919e-05,1.4135223718774137e-09,-1.9330387013689575e-05,-0.0016341318589786114,-0.00071849539068791722,0.00071849539068791722,6.3525628871262821e-07,-0.00017691399892387375,0.006696236539319814,
21,1376.7022631465093,0.41221967365455969,1377.1144828201639,10542,869,-5.3452335737083116e-05,-3.6696040081855135e-05,3.6696040081855135e-05,1.4076547641287735e-09,-2.0027403049512229e-05,-0.0016846408523231245,-0.00075519143076977673,0.00075519143076977673,6.9430544456852589e-07,-0.00020001897737651606,0.007318673691196831,
22,1376.5862761506944,0.42355989863193499,1377.0098360493264,10542,869,-5.2170778693268141e-05,-3.6719130727698041e-05,3.6719130727698041e-05,1.4025406439340377e-09,-2.0716219352098557e-05,-0.0017341247645942634,-0.00079191056149746999,0.00079191056149746999,7.5587674991056717e-07,-0.00022313211225641867,0.0079676968208072883,
23,1376.4713345266271,0.43427631914289538,1376.9056108457698,10542,869,-5.100198652849016e-05,-3.6740015538826198e-05,3.6740015538826198e-05,1.3980737137143413e-09,-2.1389275214151366e-05,-0.0017826730590352006,-0.00082865057703629624,0.00082865057703629624,8.1997594190226294e-07,-0.00024654842439888759,0.0086433664035917533,
24,1376.3573557405389,0.44440193291452851,1376.8017576734535,10542,869,-4.9934810424383899e-05,-3.675889579277585e-05,3.675889579277585e-05,1.3941631746367044e-09,-2.2048905735804215e-05,-0.0018303664087675807,-0.00086540947282907584,0.00086540947282907584,8.8660907481926985e-07,-0.00027057635572421042,0.0093457462576699239,
25,1376.2442654166518,0.45396830097098051,1376.6982337176228,10542,869,-4.895970838904062e-05,-3.6775941221855053e-05,3.6775941221855053e-05,1.390731603341093e-09,-2.2692097867505501e-05,-0.001877728122906956,-0.00090218541405093114,0.00090218541405093114,9.557823873097648e-07,-0.00029519111871069648,0.01007490214463223,
26,1376.1319963529515,0.46300549583974926,1376.5950018487913,10542,869,-4.8067451091302182e-05,-3.679131431847671e-05,3.679131431847671e-05,1.3877140200839914e-09,-2.3317527518544469e-05,-0.0019247074365153711,-0.00093897672836941025,0.00093897672836941025,1.0275022225111648e-06,-0.0003203688306645047,0.010830900927490188,
27,1376.0204875976447,0.47154217430140805,1376.4920297719461,10542,869,-4.7250630378804518e-05,-3.680516956552442e-05,3.680516956552442e-05,1.3850558975166854e-09,-2.3924003644192651e-05,-0.0019709616500677364,-0.00097578189793492834,0.00097578189793492834,1.101774992560187e-06,-0.00034608642770266246,0.011613810196576932,
28,1375.9096839470119,0.47960549459680674,1376.3892894416088,10542,869,-4.6501978445131348e-05,-3.6817610190988385e-05,3.6817610190988385e-05,1.3827076034320854e-09,-2.4510996996098676e-05,-0.0020165504773809284,-0.0010125995081259203,0.0010125995081259203,1.1786070265736417e-06,-0.00037232154292094816,0.012423696667112757,
29,1375.7995350889091,0.48722130614765352,1376.2867563950567,10542,869,-4.5814604825381224e-05,-3.6828753722484037e-05,3.6828753722484037e-05,1.3806283158924183e-09,-2.5077971792901765e-05,-0.0020615281133602057,-0.0010494282618484065,0.0010494282618484065,1.2580045766815822e-06,-0.0003990526746703825,0.013260626242800557,
30,1375.689995242446,0.49441404918609499,1376.1844092916322,10542,869,-4.5184665799013862e-05,-3.6838702171682095e-05,3.6838702171682095e-05,1.3787823785968888e-09,-2.562468472901058e-05,-0.0021059436396410188,-0.001086266964020084,0.001086266964020084,1.339973755158333e-06,-0.0004262589133639435,0.014124663353123987,
31,1375.5810226570936,0.50120686242158841,1376.0822295195153,10542,869,-4.4605373698927011e-05,-3.6847534406638199e-05,3.6847534406638199e-05,1.3771381797524331e-09,-2.6151196013960791e-05,-0.0021498416414012463,-0.0011231144984267245,0.0011231144984267245,1.4245204876101413e-06,-0.00045392011293882568,0.0150158704598985,
32,1375.4725790784778,0.50762172435988362,1375.9802008028378,10542,869,-4.4072169899871103e-05,-3.6855326260267004e-05,3.6855326260267004e-05,1.3756686135478418e-09,-2.6657375840066872e-05,-0.0021932625137129728,-0.001159969824686988,0.001159969824686988,1.5116505130609299e-06,-0.00048201681136382204,0.015934308058175261,
33,1375.3646295655349,0.51367935153548427,1375.8783089170704,10542,869,-4.3580987756486195e-05,-3.68621506600025e-05,3.68621506600025e-05,1.3743500434805745e-09,-2.7143357484937236e-05,-0.0022362432581437028,-0.0011968319753469946,0.0011968319753469946,1.6013693247057836e-06,-0.00051053022510042173,0.016880034051723666,
34,1375.2571420033969,0.51939937765638511,1375.7765413810532,10542,869,-4.312800117479582e-05,-3.6868083146235102e-05,3.6868083146235102e-05,1.373163051890092e-09,-2.7609637678376241e-05,-0.0022788173332881664,-0.0012337000584932271,0.0012337000584932271,1.693682231403171e-06,-0.00053944218227805658,0.017853104401220826,
35,1375.1500869399797,0.52480037048689521,1375.6748873104666,10542,869,-4.2709751874605504e-05,-3.6873167246177313e-05,3.6873167246177313e-05,1.3720884760932101e-09,-2.8056414435490693e-05,-0.0023210152938257615,-0.0012705732257394038,0.0012705732257394038,1.7885942444129516e-06,-0.00056873519328715051,0.018853571930356923,
36,1375.0434372665436,0.52989985415959406,1375.5733371207032,10542,869,-4.2323313164017926e-05,-3.6877473692266414e-05,3.6877473692266414e-05,1.3711121177464529e-09,-2.8484173781301951e-05,-0.0023628650898254435,-0.0013074506994316651,0.0013074506994316651,1.8861101780390701e-06,-0.00059839244474990129,0.019881487386709838,
37,1374.937167983283,0.5347144445081744,1375.4718824277911,10542,869,-4.1965682729535486e-05,-3.6881048888530385e-05,3.6881048888530385e-05,1.3702201096337754e-09,-2.889344953048627e-05,-0.0024043922288255297,-0.0013443317483202032,0.0013443317483202032,1.9862345829109708e-06,-0.00062839774875762355,0.020936898738464542,
38,1374.8312560418656,0.5392598576461074,1375.3705158995117,10542,869,-4.1634558506626324e-05,-3.6883931554826685e-05,3.6883931554826685e-05,1.3694001235969903e-09,-2.9284535676169999e-05,-0.0024456201236406814,-0.0013812156798750275,0.0013812156798750275,2.0889717475779983e-06,-0.00065873521477604767,0.022019851191219679,
39,1374.7256802318818,0.54355085914785661,1375.2692310910297,10542,869,-4.1327690317874091e-05,-3.6886173469567282e-05,3.6886173469567282e-05,1.3686423599304793e-09,-2.965820381797261e-05,-0.0024865701617484107,-0.0014181018533445989,0.0014181018533445989,2.1943257047642841e-06,-0.00068938990054699353,0.023130387253920318,
40,1374.620420935187,0.54760144649889564,1375.1680223816859,10542,869,-4.1042674136411337e-05,-3.6887803035706468e-05,3.6887803035706468e-05,1.3679370767443649e-09,-3.0014871727691877e-05,-0.0025272618105919155,-0.0014549896563803061,0.0014549896563803061,2.3023002221449656e-06,-0.00072034715271324784,0.024268546641630081,
41,1374.5154599911557,0.55142484053179919,1375.0668848316875,10542,869,-4.0778050217914206e-05,-3.688886314196957e-05,3.688886314196957e-05,1.3672768489536377e-09,-3.0355231816057618e-05,-0.0025677130699700394,-0.0014918785195222723,0.0014918785195222723,2.4128988325528815e-06,-0.00075159304311876274,0.025434366593939925,
42,1374.4107805651931,0.55503353470780914,1374.9658140999009,10542,869,-4.0531741287601522e-05,-3.6889393394184685e-05,3.6889393394184685e-05,1.3666552020716513e-09,-3.0679822986346961e-05,-0.002607940411801422,-0.0015287679129164574,0.0015287679129164574,2.5261248498903643e-06,-0.00078311416642784114,0.026627882042694329,
43,1374.3063669638286,0.55843942480822406,1374.8648063886369,10542,869,-4.0302638802454972e-05,-3.6889421161197258e-05,3.6889421161197258e-05,1.3660659008710122e-09,-3.098887747493708e-05,-0.0026479590740188927,-0.0015656573340776503,0.0015656573340776503,2.6419813586742317e-06,-0.00081489766492968919,0.027849125501785078,
44,1374.202204765862,0.5616535927277041,1374.7638583585897,10542,869,-4.0089235407815395e-05,-3.6888983750706401e-05,3.6888983750706401e-05,1.3655041830085509e-09,-3.1283450917821899e-05,-0.0026877830527345654,-0.0016025463178283555,0.0016025463178283555,2.7604712071958937e-06,-0.00084693104029610422,0.029098126995051914,
45,1374.0982805673586,0.56468659205643257,1374.6629671594151,10542,869,-3.9890217720612839e-05,-3.6888085501085775e-05,3.6888085501085775e-05,1.3649637359128288e-09,-3.1563796310816395e-05,-0.0027274249988238821,-0.0016394344033294442,0.0016394344033294442,2.8815969489380763e-06,-0.00087920252081698095,0.030374913438756264,
46,1373.9945818119184,0.56754842141837569,1374.5621302333368,10542,869,-3.9704298061951949e-05,-3.6886775264841899e-05,3.6886775264841899e-05,1.364442362834448e-09,-3.1830709356793403e-05,-0.0027668968174011711,-0.001676321178594289,0.001676321178594289,3.005361004647101e-06,-0.00091170063066930572,0.031679510349985091,
47,1373.8910969530025,0.57024842670525366,1374.4613453797078,10542,869,-3.9530327278688291e-05,-3.6885066433320708e-05,3.6885066433320708e-05,1.3639357716881974e-09,-3.208465640041031e-05,-0.0028062094249200389,-0.0017132062450276129,0.0017132062450276129,3.1317655363735629e-06,-0.00094441443558950183,0.033011940518913728,
48,1373.7878151428515,0.57279550016778802,1374.3606106430193,10542,869,-3.9367770870733292e-05,-3.6882996043022404e-05,3.6882996043022404e-05,1.3634421158331192e-09,-3.2325946432973767e-05,-0.0028453728482056499,-0.0017500892410706372,0.0017500892410706372,3.2608125749397461e-06,-0.00097733353731853444,0.034372225352439861,
49,1373.684726250968,0.57519807996990469,1374.2599243309378,10542,869,-3.9215631209729751e-05,-3.6880577590539408e-05,3.6880577590539408e-05,1.3629582259213039e-09,-3.255527425606741e-05,-0.0028843963580951937,-0.0017869698186611658,0.0017869698186611658,3.3925039405482658e-06,-0.0010104479813392718,0.035760384037319272,
50,1373.5818208780322,0.57746408988002251,1374.1592849679123,10542,869,-3.9073016084545469e-05,-3.6877833607302381e-05,3.6877833607302381e-05,1.3624819518454284e-09,-3.2773320391184021e-05,-0.0029232887151266532,-0.0018238476522684718,0.0018238476522684718,3.5268412556180779e-06,-0.0010437480575663661,0.037176433675470161,
51,1373.4790902438406,0.57960108099442664,1374.0586913248351,10542,869,-3.8939339977337055e-05,-3.6874764700289994e-05,3.6874764700289994e-05,1.3620100847641636e-09,-3.2980362011583741e-05,-0.0029620578241436111,-0.0018607224169687752,0.0018607224169687752,3.6638259085589354e-06,-0.0010772245135747063,0.038620388902119739,
52,1373.3765262025222,0.58161606939076904,1373.9581422719129,10542,869,-3.8813697340800741e-05,-3.6871415069367209e-05,3.6871415069367209e-05,1.3615429465813781e-09,-3.3177052649622263e-05,-0.003000711095420789,-0.0018975938320381339,0.0018975938320381339,3.8034592079656197e-06,-0.0011108687039477572,0.040092263511165599,
53,1373.274121089901,0.58351578299372431,1373.8576368728948,10542,869,-3.86957484095245e-05,-3.6867782797770355e-05,3.6867782797770355e-05,1.3610777315598704e-09,-3.3363675191689579e-05,-0.0030392553625328612,-0.0019344616148358885,0.0019344616148358885,3.9457422422347703e-06,-0.001144672254919528,0.041592068975396711,
54,1373.1718677695569,0.58530652821831364,1373.7571742977752,10542,869,-3.8584702722347552e-05,-3.6863894642701734e-05,3.6863894642701734e-05,1.3606140541586383e-09,-3.3540864807128362e-05,-0.0030776969531885337,-0.0019713255094785946,0.0019713255094785946,4.0906759787574799e-06,-0.001178626927238718,0.043119815492082596,
55,1373.0697595536139,0.58699429628849498,1373.6567538499025,10542,869,-3.8480249180170242e-05,-3.685975707154242e-05,3.685975707154242e-05,1.3601502712501105e-09,-3.3708843725308176e-05,-0.003116041786700826,-0.0020081852665501461,0.0020081852665501461,4.2382612101661847e-06,-0.0012127253018264883,0.044675511416361752,
56,1372.9677902006481,0.58858473723504923,1373.5563749378832,10542,869,-3.8383000193769115e-05,-3.6855384123194805e-05,3.6855384123194805e-05,1.3596855314943618e-09,-3.386813942399717e-05,-0.0031542953676528813,-0.0020450406506733387,0.0020450406506733387,4.3884985845217049e-06,-0.0012469598614344981,0.046259163579443291,
57,1372.8659538613977,0.59008317522753906,1373.4560370366253,10542,869,-3.8291344810831807e-05,-3.6850796239601049e-05,3.6850796239601049e-05,1.3592196364815548e-09,-3.4019128540812469e-05,-0.0031924627654745384,-0.0020818914469129509,0.0020818914469129509,4.5413886402017172e-06,-0.0012813237802414539,0.047870777656366298,
58,1372.7642450975895,0.59149460052259561,1373.3557396981121,10542,869,-3.820459975523353e-05,-3.6846006623413223e-05,3.6846006623413223e-05,1.3587520623849399e-09,-3.4162162925628612e-05,-0.0032305487621865627,-0.002118737453536359,0.002118737453536359,4.6969317889367197e-06,-0.0013158103438089626,0.049510357987181966,
59,1372.662658773366,0.5928237949466566,1373.2554825683128,10542,869,-3.812252262992672e-05,-3.6841016165888576e-05,3.6841016165888576e-05,1.3582815133642611e-09,-3.4294794960066295e-05,-0.003268557734361337,-0.0021555784697022506,0.0021555784697022506,4.8551282893377797e-06,-0.0013504131674564046,0.051177907297909539,
60,1372.5611900913937,0.59407525237684322,1373.1552653437705,10542,869,-3.8044766066387487e-05,-3.6835840192274216e-05,3.6835840192274216e-05,1.3578079335382514e-09,-3.442095315721376e-05,-0.0033064937582123971,-0.0021924143098945204,0.0021924143098945204,5.0159782996939598e-06,-0.0013851259741278531,0.052873427257074029,
61,1372.4598345101476,0.59525323377814676,1373.0550877439257,10542,869,-3.7971260676849822e-05,-3.6830499038066382e-05,3.6830499038066382e-05,1.3573317127593635e-09,-3.4540187668263807e-05,-0.0033443606775486957,-0.0022292448089325746,0.0022292448089325746,5.1794819131536967e-06,-0.0014199431862134976,0.05459691884655312,
62,1372.3585878382964,0.59636173971228346,1372.9549495780088,10542,869,-3.7901581293793355e-05,-3.6824986437270489e-05,3.6824986437270489e-05,1.3568514169763449e-09,-3.4653117412419571e-05,-0.0033821621821667927,-0.0022660697953698497,0.0022660697953698497,5.3456390390936776e-06,-0.0014548594044561374,0.056348381111086455,
63,1372.2574460852034,0.59740456060986347,1372.8548506458133,10542,869,-3.7835493369926056e-05,-3.6819327739594152e-05,3.6819327739594152e-05,1.356368060097713e-09,-3.4760321982410473e-05,-0.0034199016359255313,-0.0023028891231094478,0.0023028891231094478,5.5144495709621948e-06,-0.0014898692545999353,0.058127812927512498,
64,1372.1564055616975,0.59838524476285981,1372.7547908064603,10542,869,-3.7772757128502732e-05,-3.6813527191302821e-05,3.6813527191302821e-05,1.3558811648065923e-09,-3.4862062338308065e-05,-0.0034575820816163572,-0.002339702650300745,0.002339702650300745,5.6859132809607589e-06,-0.0015249676101436853,0.059935211894607363,
65,1372.0554627536069,0.59930720520162051,1372.6547699588084,10542,869,-3.7712867131768259e-05,-3.6807582869892531e-05,3.6807582869892531e-05,1.3553899026942557e-09,-3.4958132564879551e-05,-0.0034952064102407162,-0.0023765102331706426,0.0023765102331706426,5.8600298253695985e-06,-0.001560149843402364,0.061770574389220935,
66,1371.9546143601569,0.60017364884943902,1372.5547880090064,10542,869,-3.7656235255932146e-05,-3.680151366242612e-05,3.680151366242612e-05,1.3548950176498036e-09,-3.5048861911098605e-05,-0.0035327774024692463,-0.0024133117468330789,0.0024133117468330789,6.0367988130293761e-06,-0.0015954113813632384,0.063633896288142658,
67,1371.8538573221238,0.60098757554206961,1372.4548448976659,10542,869,-3.760233294129437e-05,-3.6795319960131255e-05,3.6795319960131255e-05,1.3543959749757237e-09,-3.513495137074948e-05,-0.0035702975970631026,-0.0024501070667932059,0.0024501070667932059,6.2162197342544712e-06,-0.001630747804407735,0.065525172218776379,
68,1371.7531887575562,0.6017518564111578,1372.3549406139673,10542,869,-3.755100385623767e-05,-3.6789001095429977e-05,3.6789001095429977e-05,1.3538922479267337e-09,-3.5216399390557759e-05,-0.0036077694269751439,-0.002486896067888635,0.002486896067888635,6.3982919815576507e-06,-0.0016661550160988131,0.067444395777599198,
69,1371.6526059377077,0.60246917161075797,1372.2550751093183,10542,869,-3.7501999912231958e-05,-3.6782579676873567e-05,3.6782579676873567e-05,1.353385047819515e-09,-3.5293242311082992e-05,-0.0036451951594395171,-0.0025236786475655026,0.0025236786475655026,6.5830149553191938e-06,-0.0017016291355539514,0.06939156064401962,
70,1371.5521062979024,0.60314206280919558,1372.1552483607115,10542,869,-3.7455309799770879e-05,-3.6776058948394738e-05,3.6776058948394738e-05,1.3528741868610545e-09,-3.536590149547534e-05,-0.0036825768685174957,-0.0025604547065138975,0.0025604547065138975,6.7703879634904457e-06,-0.001737166213442244,0.071366659523152784,
71,1371.4516874069943,0.6037729553246769,1372.0554603623191,10542,869,-3.7410750895398286e-05,-3.6769442544180378e-05,3.6769442544180378e-05,1.3523595848378871e-09,-3.5434450863974417e-05,-0.0037199165540460341,-0.0025972241490580788,0.0025972241490580788,6.9604102482964084e-06,-0.0017727630776966173,0.073369684427292442,
72,1371.3513469973291,0.6043641600084948,1371.9557111573376,10542,869,-3.7368690050194948e-05,-3.6762722819892595e-05,3.6762722819892595e-05,1.3518403523964091e-09,-3.5499217744234176e-05,-0.0037572160611098636,-0.0026339868718779705,0.0026339868718779705,7.1530809359229179e-06,-0.0018084160880056776,0.075400626145563476,
73,1371.2510829439962,0.60491779535479873,1371.856000739351,10542,869,-3.7328500235537115e-05,-3.6755922948513158e-05,3.6755922948513158e-05,1.3513179050210428e-09,-3.5560338868337313e-05,-0.0037944771482775193,-0.0026707427948264835,0.0026707427948264835,7.3483991692383539e-06,-0.0018441220159942312,0.077459475642941492,
74,1371.1508931854139,0.60543592001320223,1371.7563291054271,10542,869,-3.7289893784673431e-05,-3.6749049878461702e-05,3.6749049878461702e-05,1.3507924922792717e-09,-3.5618001476548644e-05,-0.0038317014441735949,-0.0027074918447049443,0.0027074918447049443,7.5463640667552927e-06,-0.0018798778092047575,0.079546223627667542,
75,1371.0507758545898,0.60592043963141962,1371.6566962942213,10542,869,-3.725297933115184e-05,-3.6742097159477561e-05,3.6742097159477561e-05,1.3502633937152783e-09,-3.5672336946211533e-05,-0.0038688905225843632,-0.0027442339418644241,0.0027442339418644241,7.7469746221056176e-06,-0.0019156805441256509,0.08166085949161532,
76,1370.9507291126338,0.60637319809323842,1371.557102310727,10542,869,-3.7215595872718689e-05,-3.6735080838661895e-05,3.6735080838661895e-05,1.349731588055918e-09,-3.572380857672343e-05,-0.0039060458253729934,-0.0027809690227030858,0.0027809690227030858,7.9502298569229648e-06,-0.0019515274720369848,0.083803372921824978,
77,1370.8507513407872,0.60679587810680713,1371.457547218894,10542,869,-3.7183226356341419e-05,-3.6727985945325317e-05,3.6727985945325317e-05,1.3491957908605825e-09,-3.5773625837961042e-05,-0.0039431687465168574,-0.0028176970086484167,0.0028176970086484167,8.1561286438423348e-06,-0.001987415971149134,0.085973752034742057,
78,1370.7508409365162,0.60719011005916557,1371.3580310465754,10542,869,-3.7151033538066344e-05,-3.6720830453443237e-05,3.6720830453443237e-05,1.3486571377183133e-09,-3.5817491983963381e-05,-0.0039802605068690261,-0.0028544178391018559,0.0028544178391018559,8.3646698746280185e-06,-0.0020233435383370511,0.088171985148453938,
79,1370.6509963842839,0.60755743799718287,1371.2585538222811,10542,869,-3.7119843347975962e-05,-3.671361799198245e-05,3.671361799198245e-05,1.3481157649427241e-09,-3.5860310116241428e-05,-0.0040173223362215066,-0.0028911314570938249,0.0028911314570938249,8.5758524290189664e-06,-0.0020593077737128692,0.090398060454288928,
80,1370.5512163189046,0.6078993048218122,1371.1591156237264,10542,869,-3.7089807008859386e-05,-3.6706335513328963e-05,3.6706335513328963e-05,1.347570567861522e-09,-3.5900417534558094e-05,-0.0040543554126094379,-0.0029278377926071747,0.0029278377926071747,8.7896750329968984e-06,-0.0020953064565249254,0.092651964522820304,
81,1370.451499356674,0.60821711140732515,1371.0597164680814,10542,869,-3.706622403824696e-05,-3.6699007764306629e-05,3.6699007764306629e-05,1.3470232412232991e-09,-3.5938091123609228e-05,-0.0040913607931972653,-0.0029645368003714759,0.0029645368003714759,9.006136518783911e-06,-0.0021313373843025699,0.094933685044501212,
82,1370.3518442854106,0.6085121208126284,1370.9603564062231,10542,869,-3.7046502885980658e-05,-3.6691625437014392e-05,3.6691625437014392e-05,1.3464729948781329e-09,-3.597341676916052e-05,-0.0041283395188450424,-0.0030012284258084877,0.0030012284258084877,9.2252355925110799e-06,-0.0021673984852307697,0.097243208380659293,
83,1370.2522499327315,0.60878554214081904,1370.8610354748723,10542,869,-3.7027155615249232e-05,-3.6684195736531031e-05,3.6684195736531031e-05,1.3459202571975253e-09,-3.6006689395879867e-05,-0.0041652925166866927,-0.0030379126215450271,0.0030379126215450271,9.4469709656322347e-06,-0.0022034878479297846,0.099580520948729392,
84,1370.1527151587607,0.60903857945469897,1370.7617537382152,10542,869,-3.7008146110635854e-05,-3.6676714479970846e-05,3.6676714479970846e-05,1.3453646371906587e-09,-3.6037783827860183e-05,-0.0042022206944219266,-0.0030745893360249821,0.0030745893360249821,9.6713412879580193e-06,-0.0022396036149423424,0.10194560851636549,
85,1370.0532388733423,0.60927233547834425,1370.6625112088207,10542,869,-3.6989824376395267e-05,-3.6669199094194924e-05,3.6669199094194924e-05,1.3448073254924004e-09,-3.6066900095969224e-05,-0.0042391249310772062,-0.0031112585351191898,0.0031112585351191898,9.8983452528309673e-06,-0.0022757440329270822,0.10433845731009123,
86,1369.9538201029693,0.60948781929002771,1370.5633079222594,10542,869,-3.6971922247733269e-05,-3.6661645303219809e-05,3.6661645303219809e-05,1.3442479526811516e-09,-3.6094127120360174e-05,-0.0042760060455253514,-0.0031479201804223995,0.0031479201804223995,1.0127981506381885e-05,-0.002311907428235292,0.10675905305877145,
87,1369.8544578797896,0.60968605453711144,1370.4641439343268,10542,869,-3.6954344113508046e-05,-3.6654047808115416e-05,3.6654047808115416e-05,1.3436860539663994e-09,-3.6119735901244962e-05,-0.0043128647897296684,-0.003184574228230526,0.003184574228230526,1.0360248610253663e-05,-0.0023480922114178476,0.10920738060068386,
88,1369.7551513381861,0.60986794121020671,1370.3650192793964,10542,869,-3.6936883891294107e-05,-3.6646414566337125e-05,3.6646414566337125e-05,1.3431221634164649e-09,-3.6143392870937452e-05,-0.0043497018837804829,-0.0032212206427968608,0.0032212206427968608,1.0595145141817929e-05,-0.0023842968762902332,0.1116834249399028,
89,1369.6558996053361,0.61003438291774947,1370.2659339882539,10542,869,-3.6919877790041727e-05,-3.6638749998563807e-05,3.6638749998563807e-05,1.3425565501274198e-09,-3.6165487289173358e-05,-0.0043865179497543554,-0.0032578593927954157,0.0032578593927954157,1.083266967613258e-05,-0.0024205200477645048,0.11418717105611353,
90,1369.5567018931802,0.61018617593625424,1370.1668880691163,10542,869,-3.6903110029681738e-05,-3.6631063603811544e-05,3.6631063603811544e-05,1.3419898631887432e-09,-3.6186055617686477e-05,-0.0044233137399979352,-0.0032944904563992367,0.0032944904563992367,1.1072820804733584e-05,-0.0024567603141599603,0.1167186041026967,
91,1369.4575574476885,0.61032412265796054,1370.0678815703463,10542,869,-3.6886602016625033e-05,-3.662334201415016e-05,3.662334201415016e-05,1.341421085397627e-09,-3.6205155431439356e-05,-0.0044600898643079433,-0.0033311137984133872,0.0033311137984133872,1.1315597012918962e-05,-0.0024930163980737101,0.11927770811317878,
92,1369.358465575868,0.61044894456162369,1369.9689145204295,10542,869,-3.6870351669347876e-05,-3.6615592672391539e-05,3.6615592672391539e-05,1.3408507254074007e-09,-3.6222895280001521e-05,-0.0044968468692392401,-0.0033677293910857704,0.0033677293910857704,1.1560996804944109e-05,-0.0025292870836797366,0.12186446732091585,
93,1369.2594255985339,0.61056136097123415,1369.869986959505,10542,869,-3.6854357602030395e-05,-3.6607814597436506e-05,3.6607814597436506e-05,1.3402786775969919e-09,-3.6239303326435472e-05,-0.0045335852901931938,-0.0034043372056832078,0.0034043372056832078,1.1809018645651268e-05,-0.0025655712125861236,0.12447886554381002,
94,1369.1604368769313,0.61066204575335137,1369.7710989226846,10542,869,-3.6838614546369558e-05,-3.6600008783695026e-05,3.6600008783695026e-05,1.3397049852974974e-09,-3.625446568403318e-05,-0.0045703056776746891,-0.003440937214466915,0.003440937214466915,1.2059660985820134e-05,-0.0026018676811881999,0.12712088645153002,
95,1369.0614988149714,0.61075159771246113,1369.6722504126838,10542,869,-3.6823114899809004e-05,-3.6592187844979336e-05,3.6592187844979336e-05,1.3391305443774314e-09,-3.6268651686206463e-05,-0.0046070084745326173,-0.0034775294023118701,0.0034775294023118701,1.2312922326336054e-05,-0.0026381754491057075,0.12979051424190835,
96,1368.9626108355772,0.61083062091721374,1369.5734414564943,10542,869,-3.6807858081352929e-05,-3.6584343970123598e-05,3.6584343970123598e-05,1.3385547597592226e-09,-3.6281367289867249e-05,-0.0046436941514885078,-0.0035141137462819895,0.0035141137462819895,1.256880110729374e-05,-0.002674493617273586,0.13248773247198331,
97,1368.8637724439147,0.61089965536827051,1369.474672099283,10542,869,-3.6792835515338098e-05,-3.6576471433112495e-05,3.6576471433112495e-05,1.3379771946936911e-09,-3.6293187020588523e-05,-0.0046803631567747623,-0.0035506902177151246,0.0035506902177151246,1.282729569180155e-05,-0.0027108212377507509,0.13521252388728014,
98,1368.7649830680168,0.61095926427806624,1369.3759423322949,10542,869,-3.6778042803660653e-05,-3.6568590623770675e-05,3.6568590623770675e-05,1.3373993183664622e-09,-3.6303882883655563e-05,-0.0047170159224478687,-0.0035872588083388983,0.0035872588083388983,1.3088404584217656e-05,-0.0027471572006705245,0.13796487272223831,
99,1368.6662422559511,0.61100995315431461,1369.2772522091054,10542,869,-3.6763475573320565e-05,-3.6560679223286321e-05,3.6560679223286321e-05,1.336819480282669e-09,-3.6313688759649516e-05,-0.0047536528242518262,-0.0036238194875621724,0.0036238194875621724,1.3352126087477353e-05,-0.0027835006468612069,0.14074476108809877,
100,1368.5675495076273,0.61105219890350149,1369.1786017065308,10542,869,-3.6749126258809936e-05,-3.6552765773934815e-05,3.6552765773934815e-05,1.3362397573648663e-09,-3.6322538548585646e-05,-0.0047902742603546907,-0.003660372253336128,0.003660372253336128,1.3618458710358627e-05,-0.0028198508480593676,0.14355217326589029,
101,1368.4689044253548,0.61108645311055287,1369.0799908784654,10542,869,-3.6734985034222535e-05,-3.6544822854049087e-05,3.6544822854049087e-05,1.3356581269225029e-09,-3.6330506695375761e-05,-0.0048268805753522532,-0.0036969170761901723,0.0036969170761901723,1.3887400734882868e-05,-0.0028562071421366804,0.14638709114640031,
102,1368.3703066081066,0.61111311357519194,1368.9814197216817,10542,869,-3.6721051234904268e-05,-3.6536872033114661e-05,3.6536872033114661e-05,1.3350761553554123e-09,-3.6337541083967678e-05,-0.0048634721301428433,-0.0037334539482232684,0.0037334539482232684,1.4158950577542984e-05,-0.00289256867767902,0.1492494980378806,
103,1368.2717556601679,0.61113260131848757,1368.8828882614864,10542,869,-3.6707320661058984e-05,-3.6528902133339555e-05,3.6528902133339555e-05,1.3344930138373134e-09,-3.6343634825036249e-05,-0.0049000491925005477,-0.0037699828503566027,0.0037699828503566027,1.4433106573196127e-05,-0.0029289348349291373,0.15213937638806038,
104,1368.1732511616617,0.61114531880840606,1368.7843964804701,10542,869,-3.6693791286428107e-05,-3.6520931489359492e-05,3.6520931489359492e-05,1.3339100318746826e-09,-3.6348994723635111e-05,-0.0049366120981190432,-0.0038065037818459692,0.0038065037818459692,1.4709867166883022e-05,-0.0029653049449888543,0.15505670980611394,
105,1368.0747928277626,0.61115159504089234,1368.6859444228035,10542,869,-3.6680394578548059e-05,-3.6512934568363377e-05,3.6512934568363377e-05,1.3333253376360968e-09,-3.6339250695048209e-05,-0.0049731611499067331,-0.0038430167164143409,0.0038430167164143409,1.4989230608749683e-05,-0.0030016783828168219,0.15800147984683041,
106,1367.9763802660102,0.61115179925369856,1368.587532065264,10542,869,-3.6667260935114092e-05,-3.6504937593420066e-05,3.6504937593420066e-05,1.3327408350280309e-09,-3.6357744008302894e-05,-0.0050096966335547609,-0.003879521654007752,0.003879521654007752,1.5271195318340508e-05,-0.0030380545753539538,0.1609736698506273,
107,1367.8780131996261,0.61114623659917899,1368.4891594362252,10542,869,-3.665429362795186e-05,-3.6496923461664143e-05,3.6496923461664143e-05,1.3321552727106029e-09,-3.6361153961846886e-05,-0.0050462188081683828,-0.0039160185774694128,0.0039160185774694128,1.5555759592270023e-05,-0.0030744329383663783,0.1639732618621183,
108,1367.7796913285219,0.61113521795213965,1368.390826546474,10542,869,-3.6641486423176285e-05,-3.6488897452407027e-05,3.6488897452407027e-05,1.3315690272198154e-09,-3.6363989204127869e-05,-0.0050827279197996379,-0.0039525074749218094,0.0039525074749218094,1.5842921742877993e-05,-0.0031108129606746983,0.16700023809167691,
109,1367.6814143252959,0.61111905988312765,1368.292533385179,10542,869,-3.6628847271869251e-05,-3.6480868951304388e-05,3.6480868951304388e-05,1.3309827774564383e-09,-3.6366225202226296e-05,-0.0051192242040480817,-0.0039889883438731302,0.0039889883438731302,1.6132680148100612e-05,-0.0031471941218661373,0.17005458144112853,
110,1367.5831819608277,0.61109800051060303,1368.1942799613382,10542,869,-3.6616167514714614e-05,-3.6472828575627237e-05,3.6472828575627237e-05,1.3303958360862644e-09,-3.6367936215893384e-05,-0.0051557078845769775,-0.0040254611724487672,0.0040254611724487672,1.6425033100997935e-05,-0.0031835759413118862,0.17313627391761924,
111,1367.4849939630731,0.61107232334450767,1368.0960662864177,10542,869,-3.6603945806653843e-05,-3.6464778260985905e-05,3.6464778260985905e-05,1.3298083376634024e-09,-3.6369135688181045e-05,-0.0051921791738786978,-0.0040619259507097575,0.0040619259507097575,1.6719978897708593e-05,-0.0032199579734924016,0.17624529756074628,
112,1367.3868500739582,0.61104226172305898,1367.9978923356812,10542,869,-3.6591820148103866e-05,-3.6456729187289412e-05,3.6456729187289412e-05,1.3292210962590581e-09,-3.6369860511316232e-05,-0.0052286382631040506,-0.0040983826798970408,0.0040983826798970408,1.7017515924045358e-05,-0.0032563397923335551,0.17938163535536211,
113,1367.2887500901666,0.61100805767610622,1367.8997581478427,10542,869,-3.6579830360458469e-05,-3.6448660170126147e-05,3.6448660170126147e-05,1.3286325594647991e-09,-3.6370067239506876e-05,-0.0052650853520141688,-0.0041348313400671527,0.0041348313400671527,1.7317642370105635e-05,-0.0032927209891679427,0.18254526822328351,
114,1367.1906937792039,0.6109699182387166,1367.8016636974426,10542,869,-3.6567988140537721e-05,-3.6440593351007566e-05,3.6440593351007566e-05,1.3280443423047049e-09,-3.6369576412188925e-05,-0.0053015206022452585,-0.0041712719334181794,0.0041712719334181794,1.7620356619935917e-05,-0.0033291011566899849,0.1857361791307445,
115,1367.0926809319499,0.61092808089987938,1367.7036090128497,10542,869,-3.6556188891749403e-05,-3.6432510420949545e-05,3.6432510420949545e-05,1.3274551041592581e-09,-3.6368686626805971e-05,-0.0053379442207222389,-0.0042077044438391048,0.0042077044438391048,1.7925656877711145e-05,-0.0033654799523495753,0.18895434914795317,
116,1366.9947113242081,0.61088270947000667,1367.605594033678,10542,869,-3.6544521893424562e-05,-3.6424442756542464e-05,3.6424442756542464e-05,1.3268671324137856e-09,-3.6367417202467979e-05,-0.0053743563735606367,-0.004244128886595637,0.004244128886595637,1.8233541610166082e-05,-0.0034018570271449442,0.19219976211276066,
117,1366.8967848012053,0.61083401512463376,1367.50761881633,10542,869,-3.6533186531401515e-05,-3.6416349187024441e-05,3.6416349187024441e-05,1.3262774216909532e-09,-3.636579843508352e-05,-0.0054107572157103762,-0.0042805452357827026,0.0042805452357827026,1.8544008938675467e-05,-0.003438232046623435,0.19547239822257809,
118,1366.7989011580776,0.61078215611916331,1367.4096833141966,10542,869,-3.6521729385426072e-05,-3.6408266003045296e-05,3.6408266003045296e-05,1.3256886174071582e-09,-3.6363287609662124e-05,-0.0054471468991965496,-0.0043169535017857094,0.0043169535017857094,1.8857057272329683e-05,-0.0034746047069716523,0.1987722407076272,
119,1366.7010602159321,0.61072732455993195,1367.3117875404921,10542,869,-3.6510508227191554e-05,-3.6400171957023508e-05,3.6400171957023508e-05,1.3250991667372981e-09,-3.6359392301434036e-05,-0.0054835255646818902,-0.0043533536737427403,0.0043533536737427403,1.9172684855594197e-05,-0.0035109747149193872,0.20209927106281844,
120,1366.6032618301776,0.61066965723917299,1367.2139314874169,10542,869,-3.6499425395763412e-05,-3.6392075455345111e-05,3.6392075455345111e-05,1.3245096828319819e-09,-3.6354147624075661e-05,-0.0055198934057819693,-0.0043897457491981085,0.0043897457491981085,1.9490889969991557e-05,-0.0035473417698184241,0.20545347117368098,
121,1366.5055058118235,0.61060933596940103,1367.1161151477929,10542,869,-3.6488431345976163e-05,-3.6383975327301941e-05,3.6383975327301941e-05,1.3239200767291935e-09,-3.6347775559918129e-05,-0.005556250389852033,-0.0044261297245254093,0.0044261297245254093,1.98116709144617e-05,-0.0035837056273870785,0.20883482310934079,
122,1366.4077920478146,0.61054647611034019,1367.018338523925,10542,869,-3.647754758656789e-05,-3.6375869457454143e-05,3.6375869457454143e-05,1.323330195381817e-09,-3.6336556913878348e-05,-0.005592596851334424,-0.0044625055939828424,0.0044625055939828424,2.0135025933631242e-05,-0.0036200660217317769,0.21224330836640692,
123,1366.3101203955098,0.61048120915930448,1366.9206016046692,10542,869,-3.6466746201405346e-05,-3.6367760861403402e-05,3.6367760861403402e-05,1.3227402561306568e-09,-3.6327545386998929e-05,-0.0056289327625125814,-0.0044988733548442603,0.0044988733548442603,2.0460953307482326e-05,-0.0036564227043904278,0.21567890881417121,
124,1366.2124907101097,0.61041367673514391,1366.8229043868448,10542,869,-3.6456053366356572e-05,-3.6359649528265688e-05,3.6359649528265688e-05,1.3221502567751001e-09,-3.6317508212528957e-05,-0.0056652582665456825,-0.0045352330043725237,0.0045352330043725237,2.0789451314741513e-05,-0.0036927754528236468,0.21914160630869028,
125,1366.1149028635075,0.6103439863028991,1366.7252468498104,10542,869,-3.6448391444689767e-05,-3.6351539138994054e-05,3.6351539138994054e-05,1.3215604654067704e-09,-3.6307563418223754e-05,-0.0057015734746654716,-0.0045715845435114998,0.0045715845435114998,2.1120518259983063e-05,-0.003729124044009467,0.22263138297848148,
126,1366.0173567025786,0.61027228066670614,1366.6276289832454,10542,869,-3.6434947608527539e-05,-3.6343426738929188e-05,3.6343426738929188e-05,1.320970664763861e-09,-3.6297719072615764e-05,-0.0057378784740587064,-0.0046079279702504177,0.0046079279702504177,2.1454152415315952e-05,-0.0037654682811578818,0.22614822060984546,
127,1365.9198521699866,0.61019863540195562,1366.5300508053886,10542,869,-3.6424523763269533e-05,-3.6335303040734146e-05,3.6335303040734146e-05,1.3203801800620192e-09,-3.6282365976246252e-05,-0.0057741734058424175,-0.0046442632732911944,0.0046442632732911944,2.1790351967828167e-05,-0.0038018079615010601,0.22969210009287672,
128,1365.8223890980589,0.61012317243941427,1366.4325122704984,10542,869,-3.6414200962750409e-05,-3.6327190616528881e-05,3.6327190616528881e-05,1.3197906510356808e-09,-3.6278216845177604e-05,-0.0058104583020074678,-0.0046805904639076962,0.0046805904639076962,2.2129115310082447e-05,-0.0038381429138688444,0.23326300448357906,
129,1365.7249674266334,0.61004599120359138,1366.335013417837,10542,869,-3.6403951216544134e-05,-3.6319057997847365e-05,3.6319057997847365e-05,1.3191997904049294e-09,-3.6268602758405599e-05,-0.0058467332869199078,-0.0047169095219055839,0.0047169095219055839,2.2470440536080519e-05,-0.0038744729486391003,0.23686091369082474,
130,1365.6275869833241,0.60996717962672831,1366.2375541629508,10542,869,-3.6396591615113583e-05,-3.6310951358141764e-05,3.6310951358141764e-05,1.3186109529194795e-09,-3.6258995862764402e-05,-0.0058829984376062199,-0.0047532204732637102,0.0047532204732637102,2.2814326166889012e-05,-0.0039107979105737489,0.24048581212517708,
131,1365.5302477482117,0.60988681154114055,1366.1401345597528,10542,869,-3.6383676020675203e-05,-3.6302820100120713e-05,3.6302820100120713e-05,1.3180204613646515e-09,-3.6249467530836262e-05,-0.0059192538374438263,-0.0047895232933638345,0.0047895232933638345,2.3160770252558494e-05,-0.003947117632279078,0.24413767923221907,
132,1365.4329495606949,0.60980498176350872,1366.0427545424584,10542,869,-3.6376924063303895e-05,-3.6294706991096812e-05,3.6294706991096812e-05,1.3174314232595145e-09,-3.6240009109487909e-05,-0.0059554995650963121,-0.0048258180003549114,0.0048258180003549114,2.3509771227959077e-05,-0.0039834319742524807,0.24781649851391663,
133,1365.3356923943311,0.6097217550942583,1365.9454141494255,10542,869,-3.6363731208489906e-05,-3.6286575019279369e-05,3.6286575019279369e-05,1.3168411483255725e-09,-3.62305980877955e-05,-0.0059917356599854341,-0.0048621045753742083,0.0048621045753742083,2.3861327207981336e-05,-0.0040197407833821456,0.25152225009933127,
134,1365.2384761161122,0.60963723135256453,1365.8481133474647,10542,869,-3.6353836829055841e-05,-3.627845051957963e-05,3.627845051957963e-05,1.3162515506084285e-09,-3.6221278404646956e-05,-0.0060279622669929733,-0.004898383025893782,0.004898383025893782,2.4215436511898565e-05,-0.0040560439446458421,0.25525491627192276,
135,1365.1413006502464,0.60955145974513014,1365.7508521099915,10542,869,-3.634401255042955e-05,-3.6270329201379742e-05,3.6270329201379742e-05,1.3156623161094598e-09,-3.6211976572927061e-05,-0.0060641793718637866,-0.0049346533550951597,0.0049346533550951597,2.4572097470957064e-05,-0.004092341312811376,0.25901447944135841,
136,1365.0441659167029,0.6094645212919888,1365.6536304379949,10542,869,-3.6334280255900445e-05,-3.6262204007445688e-05,3.6262204007445688e-05,1.3150729346760645e-09,-3.6202764825508119e-05,-0.006100387109590307,-0.0049709155591026082,0.0049709155591026082,2.4931308286480449e-05,-0.0041286327820540735,0.26280092064779043,
137,1364.9470718266148,0.60937647274454265,1365.5564482993593,10542,869,-3.6324618508074442e-05,-3.6254083540588911e-05,3.6254083540588911e-05,1.314484027898694e-09,-3.6193572638602691e-05,-0.0061365854714437494,-0.00500716964264321,0.00500716964264321,2.5293067298507306e-05,-0.0041649182231105926,0.26661422239356553,
138,1364.8500183140193,0.60928737431622371,1365.4593056883355,10542,869,-3.6316583291013311e-05,-3.6245962824162422e-05,3.6245962824162422e-05,1.3138952369019913e-09,-3.6184425294296102e-05,-0.0061727745728263573,-0.0050434156054673654,0.0050434156054673654,2.5657372742158992e-05,-0.004201197543628324,0.27045436607509793,
139,1364.7530053255682,0.60919726520151185,1365.3622025907698,10542,869,-3.6305468899691968e-05,-3.6237839994003796e-05,3.6237839994003796e-05,1.3133064240872817e-09,-3.6175272180807574e-05,-0.0062089544080787089,-0.0050796534454613622,0.0050796534454613622,2.6024222883174038e-05,-0.004237470626849156,0.27432133341153753,
140,1364.656032764681,0.60910622395394931,1365.2651389886348,10542,869,-3.6303340070337668e-05,-3.6229719985612709e-05,3.6229719985612709e-05,1.3127179489347415e-09,-3.6166195352540641e-05,-0.0062451250849842313,-0.0051158831654469807,0.0051158831654469807,2.6393615998868484e-05,-0.0042737373897641399,0.2782151062440727,
141,1364.5591005973749,0.60901428615389142,1365.1681148835289,10542,869,-3.628654502968497e-05,-3.622159363958213e-05,3.622159363958213e-05,1.3121291457105993e-09,-3.6157157316225774e-05,-0.0062812866364466034,-0.0051521047590865413,0.0051521047590865413,2.6765550298793898e-05,-0.0043099977532244709,0.28213566569958648,
142,1364.4622087260525,0.6089214956080089,1365.0711302216605,10542,869,-3.6289819022111115e-05,-3.6213482919215278e-05,3.6213482919215278e-05,1.3115416072864312e-09,-3.6148171842266193e-05,-0.0063174391218033541,-0.005188318242005773,0.005188318242005773,2.7140024197379083e-05,-0.004346251592847062,0.28608299506457291,
143,1364.3653570967015,0.60882793583517514,1364.9741850325368,10542,869,-3.6278795821925178e-05,-3.6205354739595673e-05,3.6205354739595673e-05,1.3109529352241166e-09,-3.6139213132928848e-05,-0.0063535825719005972,-0.0052245235967453537,0.0052245235967453537,2.7517035789096588e-05,-0.0043824988583424382,0.29005707425286714,
144,1364.2685456692932,0.60873359823657736,1364.8772792675297,10542,869,-3.6276019706931687e-05,-3.6197241211166464e-05,3.6197241211166464e-05,1.3103654570358818e-09,-3.6130284636705002e-05,-0.0063897170439163606,-0.0052607208379565479,0.0052607208379565479,2.7896583465801266e-05,-0.0044187394645714634,0.29405788631301116,
145,1364.17177435997,0.60863856659268845,1364.7804129265626,10542,869,-3.6249301437737731e-05,-3.6189121103796101e-05,3.6189121103796101e-05,1.309777632807207e-09,-3.6121390257399654e-05,-0.0064258425712390788,-0.005296909959060331,0.005296909959060331,2.827866544393844e-05,-0.0044549733153337948,0.29808541244455511,
146,1364.0750431426952,0.60854286723179107,1364.683586009927,10542,869,-3.6262015829162172e-05,-3.6180997565648829e-05,3.6180997565648829e-05,1.309189693529737e-09,-3.611253349070594e-05,-0.0064619591946115905,-0.005333090956625975,0.005333090956625975,2.8663279917012871e-05,-0.0044912003601117944,0.30213963360523266,
147,1363.9783519066466,0.60844653501197044,1364.5867984416586,10542,869,-3.6239186892036809e-05,-3.6172894690242504e-05,3.6172894690242504e-05,1.3086033794750374e-09,-3.6103713149085307e-05,-0.0064980669524997503,-0.005369263851316212,0.005369263851316212,2.9050425392424673e-05,-0.0045274204933503284,0.30622053406154848,
148,1363.8817006790657,0.60834958584959642,1364.4900502649152,10542,869,-3.6247789968095902e-05,-3.6164774058799847e-05,3.6164774058799847e-05,1.3080159135943125e-09,-3.6094927516325785e-05,-0.0065341658810333467,-0.0054054286253750004,0.0054054286253750004,2.9440099906459193e-05,-0.0045636337043494651,0.31032809311398635,
149,1363.7850893224845,0.60825209642676836,1364.3933414189112,10542,869,-3.6220665593615029e-05,-3.6156667064766039e-05,3.6156667064766039e-05,1.307429563680511e-09,-3.6086181317725997e-05,-0.0065702560180974602,-0.0054415852924397604,0.0054415852924397604,2.9832301901220188e-05,-0.0045998398868939633,0.31446229434076201,
150,1363.6885178791522,0.60815405869463535,1364.2966719378469,10542,869,-3.6233400278525837e-05,-3.6148546475247128e-05,3.6148546475247128e-05,1.3068423634833285e-09,-3.6077457553637665e-05,-0.0066063373947301543,-0.0054777338389150254,0.0054777338389150254,3.0227029449899791e-05,-0.0046360390398976535,0.31862311743139371,
151,1363.5919862534163,0.60805552800282237,1364.200041781419,10542,869,-3.6206233608157394e-05,-3.6140432743353964e-05,3.6140432743353964e-05,1.3062557894516974e-09,-3.6068759586821035e-05,-0.0066424100243510859,-0.0055138742716583783,0.0055138742716583783,3.0624280905532305e-05,-0.0046722310597459129,0.322810545025216,
152,1363.4954943953348,0.6079565143008625,1364.1034509096357,10542,869,-3.6218862021793767e-05,-3.6132330618509199e-05,3.6132330618509199e-05,1.3056701860069449e-09,-3.6060103707556469e-05,-0.0066784739647560163,-0.0055500066022768895,0.0055500066022768895,3.102405464489914e-05,-0.004708415917574601,0.32702456001188185,
153,1363.3990422949571,0.60785704735113588,1364.0068993423083,10542,869,-3.6191700525935077e-05,-3.6124215282658333e-05,3.6124215282658333e-05,1.3050837588129584e-09,-3.6051472171663094e-05,-0.0067145292410839613,-0.0055861308175595694,0.0055861308175595694,3.1426348777157329e-05,-0.0047445935662983789,0.33126514246001543,
154,1363.3026298232587,0.60775717924764883,1363.9103870025065,10542,869,-3.6204178456068927e-05,-3.6116122854142384e-05,3.6116122854142384e-05,1.304499117586167e-09,-3.6042866718443338e-05,-0.0067505758793774987,-0.0056222469404136974,0.0056222469404136974,3.1831161824699691e-05,-0.0047807639675593629,0.33553227679415942,
155,1363.2062570486924,0.60765689283742175,1363.8139139415298,10542,869,-3.6177009855386339e-05,-3.6108008988310226e-05,3.6108008988310226e-05,1.3039130590794599e-09,-3.6026762401222222e-05,-0.0067866139061168373,-0.0056583549494019858,0.0056583549494019858,3.223849179014911e-05,-0.0048169270690051847,0.33982594195996174,
156,1363.1099238310824,0.60755623005172099,1363.717480061134,10542,869,-3.6189370964953981e-05,-3.6099922787036868e-05,3.6099922787036868e-05,1.3033291290246953e-09,-3.6020671898707974e-05,-0.00682264337009533,-0.005694454872189017,0.005694454872189017,3.2648337255239418e-05,-0.0048530828496618815,0.34414612300747871,
157,1363.0136301881148,0.60745523791639056,1363.6210854260312,10542,869,-3.6162168500173812e-05,-3.6091810998275714e-05,3.6091810998275714e-05,1.3027434817379854e-09,-3.6013657467830994e-05,-0.0068586642332255339,-0.0057305466831873118,0.0057305466831873118,3.3060696185109424e-05,-0.0048892312571973302,0.34849279848723846,
158,1362.9173760954286,0.60735388043218241,1363.5247299758607,10542,869,-3.6174454103142895e-05,-3.6083715189609527e-05,3.6083715189609527e-05,1.3021591194718193e-09,-3.6003340410276743e-05,-0.0068946765928553297,-0.0057666303983769296,0.0057666303983769296,3.3475567015014226e-05,-0.0049253722668062471,0.35286595190526499,
159,1362.821161493174,0.60725221228605408,1363.4284137054601,10542,869,-3.614718636710763e-05,-3.6075616725497131e-05,3.6075616725497131e-05,1.3015746965519536e-09,-3.5996369470033756e-05,-0.0069306804195082249,-0.0058027060151024197,0.0058027060151024197,3.3892947967450035e-05,-0.0049615058311120201,0.35726556452489083,
160,1362.7249863417539,0.60715023944271873,1363.3321365811967,10542,869,-3.6159441156511743e-05,-3.6067525526312197e-05,3.6067525526312197e-05,1.3009909277766408e-09,-3.5986055145323831e-05,-0.0069666757748459394,-0.005838773540628726,0.005838773540628726,3.4312837396965171e-05,-0.0049976319336910999,0.36169161900140989,
161,1362.6288506104352,0.60704799206951354,1363.2358986025047,10542,869,-3.6139273792726725e-05,-3.6059429772825002e-05,3.6059429772825002e-05,1.3004069619379851e-09,-3.5979155584098721e-05,-0.0070026626062172186,-0.0058748329704015516,0.0058748329704015516,3.4735233490848555e-05,-0.0050337505293146043,0.36614409622703464,
162,1362.5327542641166,0.60694546923001125,1363.1396997333466,10542,869,-3.6144343459615944e-05,-3.6051342374199417e-05,3.6051342374199417e-05,1.2998237282052007e-09,-3.5968874822652685e-05,-0.0070386410370377227,-0.0059108843127757523,0.0059108843127757523,3.5160134623523953e-05,-0.0050698617216377246,0.37062297906656599,
163,1362.4366972661223,0.60684271657024025,1363.0435399826927,10542,869,-3.6124654977102213e-05,-3.6043245925244287e-05,3.6043245925244287e-05,1.2992399726399885e-09,-3.5963037531010392e-05,-0.0070746109603183052,-0.0059469275587009955,0.0059469275587009955,3.5587538938098078e-05,-0.0051059651665969945,0.37512824794649186,
164,1362.3406795976668,0.60673970645626774,1362.9474193041231,10542,869,-3.6129170790943941e-05,-3.6035163362275316e-05,3.6035163362275316e-05,1.2986573487512295e-09,-3.5951778342841224e-05,-0.0071105725355548747,-0.005982962722063263,0.005982962722063263,3.6017444862427024e-05,-0.0051420612000308329,0.37965988629484326,
165,1362.2447012163564,0.6066364980288893,1362.8513377143852,10542,869,-3.6114340411276438e-05,-3.6027067868018774e-05,3.6027067868018774e-05,1.2980739230059573e-09,-3.5949674775391986e-05,-0.0071465256532673846,-0.0060189897899313232,0.0060189897899313232,3.6449850496255958e-05,-0.0051781495496426985,0.38421787408103403,
166,1362.148762112229,0.60653303555904381,1362.755295147788,10542,869,-3.6114007613933559e-05,-3.6018993997551701e-05,3.6018993997551701e-05,1.2974921865163643e-09,-3.5934738684627279e-05,-0.0071824704297973547,-0.0060550087839288608,0.0060550087839288608,3.6884754356295516e-05,-0.0052142302693330856,0.38880219566971103,
167,1362.0528621840776,0.60642943814663974,1362.6592916222244,10542,869,-3.6099181734793278e-05,-3.6010905867591478e-05,3.6010905867591478e-05,1.2969095519558256e-09,-3.5932957396441295e-05,-0.0072184067314917328,-0.006091019689796447,0.006091019689796447,3.7322154541732377e-05,-0.0052503032995722095,0.393412831024401,
168,1361.9570014878634,0.60632561271991747,1362.5633271005834,10542,869,-3.609870028497998e-05,-3.6002828784252536e-05,3.6002828784252536e-05,1.296327844217987e-09,-3.5917832908457152e-05,-0.0072543348448955861,-0.0061270225185806639,0.0061270225185806639,3.7762049436197576e-05,-0.0052863686681514947,0.39804976310695867,
169,1361.8611798903644,0.60622168846598778,1362.4674015788303,10542,869,-3.6083956521771464e-05,-3.5994746174102657e-05,3.5994746174102657e-05,1.2957458675060263e-09,-3.5916316173988961e-05,-0.0072902544837841051,-0.0061630172647547847,0.0061630172647547847,3.820443725114345e-05,-0.0053224263156912734,0.40271297306430309,
170,1361.7653974794789,0.60611754032249865,1362.3715150198013,10542,869,-3.6083351732044105e-05,-3.5986674533790319e-05,3.5986674533790319e-05,1.2951648123506775e-09,-3.5900950843141357e-05,-0.0073261659572428283,-0.0061990039392885912,0.0061990039392885912,3.8649316358898282e-05,-0.0053584762679301581,0.4074024437391468,
171,1361.6696541356516,0.60601330539658649,1362.2756674410482,10542,869,-3.6055177224095275e-05,-3.5978590218393446e-05,3.5978590218393446e-05,1.2945829732885871e-09,-3.5899730592356452e-05,-0.0073620689797303865,-0.0062349825295069565,0.0062349825295069565,3.9096684887998216e-05,-0.0053945184535978425,0.41211815540438917,
172,1361.5739499207627,0.60590886773216768,1362.1798587884948,10542,869,-3.606780503017267e-05,-3.5970521708214183e-05,3.5970521708214183e-05,1.2940024036300991e-09,-3.5884125303746583e-05,-0.0073979638636656082,-0.0062709530512151885,0.0062709530512151885,3.9546541271145015e-05,-0.0054305529137128839,0.41686009153913961,
173,1361.4782846845785,0.60580437777108442,1362.0840890623497,10542,869,-3.6042766444443873e-05,-3.5962447024823908e-05,3.5962447024823908e-05,1.2934215178554745e-09,-3.5883187588403634e-05,-0.0074338503129780971,-0.0063069154982400158,0.0063069154982400158,3.9998883722651249e-05,-0.0054665795785733195,0.42162823332046684,
174,1361.3826585226013,0.60569971290902203,1361.9883582355103,10542,869,-3.605237673019752e-05,-3.5954379670407575e-05,3.5954379670407575e-05,1.2928412908906339e-09,-3.5867344311778803e-05,-0.007469728656259258,-0.0063428698779104493,0.0063428698779104493,4.0453710572673191e-05,-0.005502598467087773,0.42642256314654808,
175,1361.2870713146508,0.60559497444758714,1361.8926662890983,10542,869,-3.6051579237696562e-05,-3.5946311857607003e-05,3.5946311857607003e-05,1.2922611598524134e-09,-3.5862799422455055e-05,-0.007505598585400548,-0.0063788161897680509,0.0063788161897680509,4.0911020100810524e-05,-0.0055386095546210053,0.43124306288264375,
176,1361.1915230975858,0.6054901099704838,1361.7970132075563,10542,869,-3.6038922492574153e-05,-3.5938246252329963e-05,3.5938246252329963e-05,1.2916813180677077e-09,-3.5850466409798733e-05,-0.0075414603899455618,-0.0064147544360203604,0.0064147544360203604,4.1370810584609951e-05,-0.0055746128452125602,0.43608971437237348,
177,1361.0960137663251,0.60538519192072526,1361.7013989582458,10542,869,-3.6036420006835421e-05,-3.5930187576300036e-05,3.5930187576300036e-05,1.2911021034675468e-09,-3.5846373496258947e-05,-0.0075773138662156387,-0.006450684623596663,0.006450684623596663,4.1833080386873567e-05,-0.0056106080782556298,0.44096250035803425,
178,1361.0005434300615,0.6052801328422045,1361.6058235629037,10542,869,-3.6021360720426842e-05,-3.5922117108979245e-05,3.5922117108979245e-05,1.2905221715357702e-09,-3.5833804504762905e-05,-0.0076131592275792198,-0.0064866067407056676,0.0064866067407056676,4.2297827614023556e-05,-0.0056465957902629028,0.44586140087942228,
179,1360.9051118920663,0.60517504196804439,1361.5102869340344,10542,869,-3.6021047201432459e-05,-3.5914072220281095e-05,3.5914072220281095e-05,1.2899442072186326e-09,-3.5833834334562377e-05,-0.0076489962322864912,-0.0065225208129259336,0.0065225208129259336,4.2765050869771972e-05,-0.0056825753886850048,0.45078640121826635,
180,1360.8097192838725,0.60506983925435798,1361.4147891231269,10542,869,-3.6005833747986536e-05,-3.590600576482232e-05,3.590600576482232e-05,1.289364823752225e-09,-3.5817330212072163e-05,-0.0076848252084024838,-0.0065584268186907871,0.0065584268186907871,4.3234748129761821e-05,-0.0057185474067857388,0.45573748003581938,
181,1360.7143654392717,0.60496461050378403,1361.3193300497755,10542,869,-3.6005734849373929e-05,-3.5897960222662707e-05,3.5897960222662707e-05,1.2887870704096387e-09,-3.5817469237606873e-05,-0.0077206458741094055,-0.0065943247789134168,0.0065943247789134168,4.3706917963126998e-05,-0.0057545113056320669,0.46071462224932169,
182,1360.6190505013769,0.60485926443637006,1361.2239097658132,10542,869,-3.5990282676978612e-05,-3.5889897035390224e-05,3.5889897035390224e-05,1.2882081820444497e-09,-3.5798876206025187e-05,-0.0077564584796038288,-0.0066302146759488036,0.0066302146759488036,4.4181558360710819e-05,-0.0057904674078069606,0.46571780668025275,
183,1360.5237742449153,0.60475392730748045,1361.1285281722228,10542,869,-3.5961283079421527e-05,-3.5881858476474726e-05,3.5881858476474726e-05,1.2876311871687688e-09,-3.5801141933470509e-05,-0.0077922627102214558,-0.0066660965344252391,0.0066660965344252391,4.4658667979693692e-05,-0.0058264156521972378,0.47074701917395123,
184,1360.4285368521364,0.60464847206095529,1361.0331853241973,10542,869,-3.5974640624263433e-05,-3.5873800866593447e-05,3.5873800866593447e-05,1.2870529590297502e-09,-3.5782611696525007e-05,-0.007828059004228281,-0.0067019703352918713,0.0067019703352918713,4.5138244765749925e-05,-0.0058623560508217175,0.47580223807576999,
185,1360.3333380947306,0.60454303810147281,1360.937881132832,10542,869,-3.5945447294993256e-05,-3.5865766256613204e-05,3.5865766256613204e-05,1.2864765061572299e-09,-3.5784831991348701e-05,-0.0078638469315507574,-0.006737836101548514,0.006737836101548514,4.5620287364375494e-05,-0.005898288556164445,0.48088344910788205,
186,1360.2381781482511,0.60443749755746468,1360.8426156458086,10542,869,-3.5959055393560174e-05,-3.5857713505759595e-05,3.5857713505759595e-05,1.2858988850599697e-09,-3.5766109373351023e-05,-0.0078996269273960227,-0.0067736938150542436,0.0067736938150542436,4.6104793741490149e-05,-0.0059342131727888499,0.48599063082904764,
187,1360.1430568011997,0.60433197411807749,1360.7473887753179,10542,869,-3.592967273050863e-05,-3.5849685818897666e-05,3.5849685818897666e-05,1.2853231867709735e-09,-3.5768564574372245e-05,-0.007935398552856571,-0.0068095435008731341,0.0068095435008731341,4.6591762569038644e-05,-0.0059701298890196637,0.49112376924023637,
188,1360.0479741726183,0.60422638806394946,1360.6522005606823,10542,869,-3.5943464155073559e-05,-3.584163920019171e-05,3.584163920019171e-05,1.2847462641672818e-09,-3.5749640942583824e-05,-0.0079711622871311335,-0.0068453851400733174,0.0068453851400733174,4.7081191803220251e-05,-0.0060060386975657508,0.49628284279774465,
189,1359.9529301509283,0.6041207820335055,1360.5570509329618,10542,869,-3.5913853133911904e-05,-3.5833613055118512e-05,3.5833613055118512e-05,1.2841709345492468e-09,-3.5752354513226947e-05,-0.0080069176795058115,-0.0068812187531284673,0.0068812187531284673,4.7573080049467733e-05,-0.0060419395959552319,0.50146783680143936,
190,1359.857924785196,0.60401514737346118,1360.4619399325695,10542,869,-3.5927957338138529e-05,-3.5825567308784188e-05,3.5825567308784188e-05,1.2835943322314084e-09,-3.573525909664437e-05,-0.0080426651048877782,-0.0069170443204372252,0.0069170443204372252,4.8067425267793256e-05,-0.0060778325905523276,0.5066787297478087,
191,1359.7629579866948,0.60390949241844938,1360.3668674791134,10542,869,-3.5898039603377287e-05,-3.5817546362196438e-05,3.5817546362196438e-05,1.2830196332129155e-09,-3.5736120088513804e-05,-0.0080784043129382248,-0.0069528618667994381,0.0069528618667994381,4.8564226118212551e-05,-0.0061137176472694007,0.51191550751207848,
192,1359.6680297856667,0.60380382846443459,1360.2718336141311,10542,869,-3.5912263063846054e-05,-3.5809505412232996e-05,3.5809505412232996e-05,1.2824436335080515e-09,-3.5654319776100552e-05,-0.0081141355429902601,-0.0069886713722116627,0.0069886713722116627,4.9063480557987901e-05,-0.0061495948010609012,0.51717814856175048,
193,1359.5731401043161,0.60369813231383451,1360.1768382366299,10542,869,-3.5919111479838361e-05,-3.5801496817511784e-05,3.5801496817511784e-05,1.2818700771447863e-09,-3.5719949148118399e-05,-0.0081498585613151812,-0.007024472869029184,0.007024472869029184,4.9565187355174015e-05,-0.0061854640219479893,0.52246663991088926,
194,1359.4782889928285,0.60359241911368589,1360.0818814119423,10542,869,-3.589658470955267e-05,-3.5793459575642015e-05,3.5793459575642015e-05,1.2812945995584481e-09,-3.5638570113852761e-05,-0.0081855736153085366,-0.0070602663286048134,0.0070602663286048134,5.0069344344412892e-05,-0.0062213253224870065,0.5277809587344563,
195,1359.3834763249813,0.60348671528690312,1359.9869630402682,10542,869,-3.5904612371879463e-05,-3.5785454439725946e-05,3.5785454439725946e-05,1.2807215472120853e-09,-3.570378862139311e-05,-0.0082212804647671146,-0.007096051783044577,0.007096051783044577,5.0575950304151901e-05,-0.0062571786749835859,0.53312109215606518,
196,1359.2887021814936,0.60338100230732628,1359.8920831838009,10542,869,-3.5858328920630751e-05,-3.5777419936597309e-05,3.5777419936597309e-05,1.280146522520123e-09,-3.5621339606417224e-05,-0.0082569793618715113,-0.0071318292029811641,0.0071318292029811641,5.1085003055162707e-05,-0.0062930241025066702,0.53848701720447012,
197,1359.1939665009625,0.60327525875568078,1359.7972417597182,10542,869,-3.5889905555555599e-05,-3.5769414536466374e-05,3.5769414536466374e-05,1.2795737083328174e-09,-3.5687653301850794e-05,-0.0082926700648433931,-0.0071675986175175942,0.0071675986175175942,5.1596501330226205e-05,-0.0063288615783722163,0.54387872052191444,
198,1359.0992692387317,0.60316954292880398,1359.7024387816605,10542,869,-3.5873162809769491e-05,-3.5761396764005648e-05,3.5761396764005648e-05,1.2790001389102584e-09,-3.5604058715129763e-05,-0.008328352747780857,-0.007203360014281574,0.007203360014281574,5.2110443187303778e-05,-0.0063646911134681563,0.54929618163736915,
199,1359.0046104258352,0.60306379814420097,1359.6076742239793,10542,869,-3.5875175310740877e-05,-3.575338399140937e-05,3.575338399140937e-05,1.2784270522448906e-09,-3.5671537685471394e-05,-0.0083640273772794278,-0.007239113398273031,0.007239113398273031,5.2626827039714586e-05,-0.0064005127143947921,0.55473938382563148,
200,1358.90998995824,0.60295810867711086,1359.512948066917,10542,869,-3.5857745614485774e-05,-3.5745374337975748e-05,3.5745374337975748e-05,1.2778543203919981e-09,-3.5586768007318943e-05,-0.0083996939575238291,-0.007274858772611012,0.007274858772611012,5.3145651156147218e-05,-0.0064363263932509344,0.56020830883694783,
201,1358.8154079115814,0.60285237260219138,1359.4182602841836,10542,869,-3.5860455770443785e-05,-3.5737369152814064e-05,3.5737369152814064e-05,1.2772820334122533e-09,-3.5635679153077845e-05,-0.0084353525349646127,-0.0073105961417638098,0.0073105961417638098,5.3666913935646588e-05,-0.0064721321025683213,0.56570293979565067,
202,1358.720864186811,0.60274668766450268,1359.3236108744754,10542,869,-3.5842250600118714e-05,-3.572936021339686e-05,3.572936021339686e-05,1.2767096086909422e-09,-3.556949792423043e-05,-0.0084710030111795585,-0.0073463255019771698,0.0073463255019771698,5.4190613557231268e-05,-0.0065079298605495162,0.57122325750677483,
203,1358.6263588221045,0.6026409933250706,1359.2289998154297,10542,869,-3.5845735033945344e-05,-3.572135250226956e-05,3.572135250226956e-05,1.2761373968208776e-09,-3.56193897027074e-05,-0.0085066454763772816,-0.007382046854479473,0.007382046854479473,5.4716748381546867e-05,-0.0065437192935831759,0.57676924468988555,
204,1358.5318917518503,0.60253533327072373,1359.1344270851209,10542,869,-3.5826414150391545e-05,-3.5713352447445627e-05,3.5713352447445627e-05,1.2755658631481364e-09,-3.5552240940297405e-05,-0.0085422798728398992,-0.0074177602069268878,0.0074177602069268878,5.5245316743134119e-05,-0.0065795013373112958,0.58234088378937676,
205,1358.4374630282562,0.60242963778731273,1359.0398926660434,10542,869,-3.5786771549698635e-05,-3.5705349792018333e-05,3.5705349792018333e-05,1.2749942682133407e-09,-3.5603139944576128e-05,-0.008577906282888445,-0.007453465556718995,0.007453465556718995,5.5776316936551428e-05,-0.0066152749240363136,0.58793815682818862,
206,1358.3430724807108,0.60232401709979877,1358.9453964978106,10542,869,-3.5810937463081126e-05,-3.5697367781899743e-05,3.5697367781899743e-05,1.2744242787918598e-09,-3.5612095256480699e-05,-0.0086135246318269163,-0.0074891629245008497,0.0074891629245008497,5.6309747527463621e-05,-0.0066510410809998985,0.593561048686994,
207,1358.2487202861837,0.60221834845314837,1358.8509386346368,10542,869,-3.5770859929109194e-05,-3.5689358193228825e-05,3.5689358193228825e-05,1.2738524459013877e-09,-3.5586921686458364e-05,-0.0086491350154097538,-0.0075248522826941002,0.0075248522826941002,5.6845606420046735e-05,-0.0066867988101098333,0.59920953727371262,
208,1358.1544062355708,0.60211275304771383,1358.7565189886186,10542,869,-3.5795389725446859e-05,-3.5681378299939957e-05,3.5681378299939957e-05,1.2732828623724701e-09,-3.5595908919210174e-05,-0.008684737312300024,-0.0075605336609940081,0.0075605336609940081,5.7383892323152139e-05,-0.0067225490976185005,0.6048836089783467,
209,1358.0601304363129,0.60200715166519125,1358.6621375879781,10542,869,-3.575483388708764e-05,-3.56733821830302e-05,3.56733821830302e-05,1.2727122463721998e-09,-3.5578830536929179e-05,-0.0087203316615795095,-0.0075962070431770026,0.0075962070431770026,5.7924603311661659e-05,-0.0067582908979006481,0.61058324350822557,
210,1357.9658927778962,0.60190159764583751,1358.567794375542,10542,869,-3.5780022461724205e-05,-3.5665402489603744e-05,3.5665402489603744e-05,1.2721429326542358e-09,-3.5579425441144851e-05,-0.0087559179925413462,-0.0076318724456666542,0.0076318724456666542,5.8467737888947753e-05,-0.0067940249418298407,0.61630842508739825,
211,1357.8716933585672,0.60179600732091965,1358.4734893658881,10542,869,-3.5738942439696557e-05,-3.565741432733471e-05,3.565741432733471e-05,1.2715731398014697e-09,-3.5562702642872491e-05,-0.0087914964293001989,-0.0076675298599939972,0.0076675298599939972,5.9013294248782728e-05,-0.0068297510560712425,0.62205913467641871,
212,1357.7775320300336,0.60169048614622578,1358.3792225161799,10542,869,-3.576451184544164e-05,-3.5649434385496455e-05,3.5649434385496455e-05,1.2710040621730444e-09,-3.5562906612429108e-05,-0.0088270667056624605,-0.0077031792943794766,0.0077031792943794766,5.9561270791646025e-05,-0.0068654693312402227,0.62783535541474078,
213,1357.6834088689941,0.60158496982511156,1358.2849938388192,10542,869,-3.5738403621023481e-05,-3.5641447408953351e-05,3.5641447408953351e-05,1.2704346089824859e-09,-3.5546562028079534e-05,-0.0088626291303662633,-0.0077388207417884523,0.0077388207417884523,6.0111665720487655e-05,-0.006901179483780405,0.63363706835966038,
214,1357.5893237812104,0.60147949649019328,1358.1908032777005,10542,869,-3.5748999389751243e-05,-3.563347615860338e-05,3.563347615860338e-05,1.2698664058568264e-09,-3.5546383595473041e-05,-0.0088981834120436046,-0.0077744542179470381,0.0077744542179470381,6.0664477545785787e-05,-0.0069368817986325201,0.63946425781012795,
215,1357.4952768172504,0.60137404176287712,1358.0966508590134,10542,869,-3.5722785693159548e-05,-3.5625489163497596e-05,3.5625489163497596e-05,1.2692972055575098e-09,-3.5533776844104798e-05,-0.0089337298570396455,-0.0078100797071105335,0.0078100797071105335,6.1219704343850657e-05,-0.0069725760009952112,0.64531690348852977,
216,1357.4012678809686,0.60126861826157596,1358.0025364992302,10542,869,-3.5733483670528228e-05,-3.561753058067344e-05,3.561753058067344e-05,1.2687301594944918e-09,-3.5535359308680259e-05,-0.0089692681802285516,-0.0078456972376912282,0.0078456972376912282,6.1777344832881381e-05,-0.0070082623963308721,0.65119499188340269,
217,1357.3072970425224,0.60116319519508521,1357.9084602377175,10542,869,-3.5691003989775003e-05,-3.5609549576483623e-05,3.5609549576483623e-05,1.2681616410921251e-09,-3.5517683396892548e-05,-0.0090047986716234821,-0.0078813067872676931,0.0078813067872676931,6.2337396975650184e-05,-0.0070439406781734109,0.65709850152032856,
218,1357.2133641900641,0.60105782084817816,1357.8144220109123,10542,869,-3.569144726582682e-05,-3.5601590482340683e-05,3.5601590482340683e-05,1.2675948117869571e-09,-3.5519404784574163e-05,-0.0090403210293495302,-0.0079169083777500364,0.0079169083777500364,6.2899859400942224e-05,-0.0070796111550092931,0.66302741794533193,
219,1357.1194693926886,0.60095247042515565,1357.7204218631139,10542,869,-3.5675135861555689e-05,-3.5593607942286454e-05,3.5593607942286454e-05,1.2670264393073293e-09,-3.5501586986996035e-05,-0.0090758355666265,-0.0079525019856923149,0.0079525019856923149,6.3464730044080311e-05,-0.0071152735216185418,0.66898171939465056,
220,1357.025612544365,0.60084713777096155,1357.6264596821359,10542,869,-3.5695128865605506e-05,-3.5585663432107908e-05,3.5585663432107908e-05,1.2664609017937117e-09,-3.5503464803612017e-05,-0.0091113419792874326,-0.0079880876491244274,0.0079880876491244274,6.4032007803897895e-05,-0.0071509280892734124,0.67496139426088775,
221,1356.9317936864788,0.60074184480914328,1357.532535531288,10542,869,-3.5670209936721838e-05,-3.5577689813048928e-05,3.5577689813048928e-05,1.265893417913033e-09,-3.5495525439537466e-05,-0.0091468405814696171,-0.0080236653389374902,0.0080236653389374902,6.4601690521384877e-05,-0.0071865745439320767,0.68096641978591799,
222,1356.8380127836449,0.60063656182769309,1357.4386493454726,10542,869,-3.5679727678004416e-05,-3.5569737068627233e-05,3.5569737068627233e-05,1.2653275476233493e-09,-3.5487570454539164e-05,-0.0091823311760599238,-0.0080592350760060692,0.0080592350760060692,6.5173776820365487e-05,-0.007222213203752304,0.68699678146347265,
223,1356.7442698436437,0.60053130595089099,1357.3448011495946,10542,869,-3.5654707480982999e-05,-3.5561769519015424e-05,3.5561769519015424e-05,1.2647607498568278e-09,-3.5479612141237876e-05,-0.0092178138048564732,-0.0080947968455251512,0.0080947968455251512,6.574826477118094e-05,-0.0072578438546411763,0.69305245895301826,
224,1356.6505647637243,0.60042610647617523,1357.2509908702004,10542,869,-3.564813368999175e-05,-3.5553822463741931e-05,3.5553822463741931e-05,1.2641955361343362e-09,-3.5471656679646695e-05,-0.0092532884670201449,-0.0081303506679888775,0.0081303506679888775,6.6325153019149068e-05,-0.0072934665422311256,0.69913343797485028,
225,1356.5568976343704,0.60032092188690112,1357.1572185562572,10542,869,-3.5641258681805875e-05,-3.5545856095617579e-05,3.5545856095617579e-05,1.2636290763732935e-09,-3.5448742771414189e-05,-0.0092887551736351836,-0.008165896524084516,0.008165896524084516,6.6904439535411047e-05,-0.0073290812747568166,0.7052396971427678,
226,1356.4632683284851,0.6002157840405683,1357.0634841125257,10542,869,-3.5632546315313307e-05,-3.5537917346391458e-05,3.5537917346391458e-05,1.2630647063474569e-09,-3.5455755611686974e-05,-0.0093242139287549788,-0.0082014344414308785,0.0082014344414308785,6.7486123085034648e-05,-0.0073646880563449204,0.71137122343935022,
227,1356.3696769220091,0.60011066253514234,1356.9697875845443,10542,869,-3.5623452075791536e-05,-3.552995907344694e-05,3.552995907344694e-05,1.2624990754125924e-09,-3.5414862015432616e-05,-0.0093596647375942289,-0.0082369644005043131,0.0082369644005043131,6.8070201646154856e-05,-0.0074002868852043229,0.71752799555211833,
228,1356.2761232913119,0.60000560840056072,1356.8761288997125,10542,869,-3.5616820141373704e-05,-3.5522021545860544e-05,3.5522021545860544e-05,1.2619350442365707e-09,-3.5439871278936352e-05,-0.0093951076027361923,-0.0082724864220501907,0.0082724864220501907,6.8656673874821695e-05,-0.0074358777690868337,0.72370999931449553,
229,1356.1826075362512,0.59990052955574535,1356.782508065807,10542,869,-3.5607855222257798e-05,-3.5514078036663644e-05,3.5514078036663644e-05,1.2613707157057341e-09,-3.5398844419864682e-05,-0.0094305425196540404,-0.0083080005000868307,0.0083080005000868307,6.9245537959305471e-05,-0.0074714607164909881,0.729917215629039,
230,1356.0891295267318,0.59979552447615991,1356.6889250512079,10542,869,-3.5587728398863141e-05,-3.5506139471068465e-05,3.5506139471068465e-05,1.2608068624266993e-09,-3.5423998366197896e-05,-0.009465969508474139,-0.008343506639557902,0.008343506639557902,6.9836792316983493e-05,-0.0075070357156337983,0.73614962781332305,
231,1355.9956893314154,0.59969050493159248,1356.5953798363471,10542,869,-3.5592279202892855e-05,-3.5498206054075364e-05,3.5498206054075364e-05,1.2602435025902024e-09,-3.5382522478570941e-05,-0.0095013885532120833,-0.0083790048456119579,0.0083790048456119579,7.04304353176753e-05,-0.0075426027927571974,0.74240721868361537,
232,1355.9022868607306,0.59958554741343206,1356.501872408144,10542,869,-3.5571814089255299e-05,-3.549027012150426e-05,3.549027012150426e-05,1.2596800888657773e-09,-3.5408138653222737e-05,-0.0095367996783834799,-0.0084144951157334967,0.0084144951157334967,7.1026465241818073e-05,-0.0075781619237866487,0.74868997011400429,
233,1355.808922140101,0.59948060511726664,1356.4084027452184,10542,869,-3.5572353539355436e-05,-3.5482338301004476e-05,3.5482338301004476e-05,1.2591170922258218e-09,-3.5400199284495576e-05,-0.0095722028560614302,-0.0084499774540345001,0.0084499774540345001,7.1624880480137168e-05,-0.0076137131348150613,0.75499786514112588,
234,1355.7155951214233,0.59937570464983669,1356.3149708260732,10542,869,-3.5556424671264994e-05,-3.5474411044929837e-05,3.5474411044929837e-05,1.2585545465675534e-09,-3.5392275543190081e-05,-0.0096075981077248171,-0.0084854518650793933,0.0084854518650793933,7.2225679403646102e-05,-0.0076492564265485371,0.76133088659383352,
235,1355.6223058099131,0.5992708360631489,1356.2215766459763,10542,869,-3.5556582797643447e-05,-3.5466479402977421e-05,3.5466479402977421e-05,1.257991815691948e-09,-3.5371487908752711e-05,-0.0096429854418690671,-0.0085209183444823876,0.0085209183444823876,7.2828860259503811e-05,-0.0076847917829527771,0.76768901599542971,
236,1355.5290541746504,0.59916599263871007,1356.1282201672891,10542,869,-3.5559379535158296e-05,-3.5458556842164099e-05,3.5458556842164099e-05,1.2574298541578395e-09,-3.5376454969303383e-05,-0.0096783648658398894,-0.0085563769013245351,0.0085563769013245351,7.3434421510620721e-05,-0.0077203192282261947,0.77407223714345297,
237,1355.4358401865541,0.59906120134872276,1356.0349013879029,10542,869,-3.5539660183158317e-05,-3.5450631788495382e-05,3.5450631788495382e-05,1.2568678420403761e-09,-3.5355627042617783e-05,-0.0097137363786603658,-0.0085918275331130882,0.0085918275331130882,7.4042361426398569e-05,-0.0077558387321161907,0.78048053179566734,
238,1355.342663842398,0.59895642426225659,1355.9416202666603,10542,869,-3.5542678135816279e-05,-3.5442715650416623e-05,3.5442715650416623e-05,1.2563065865975988e-09,-3.5347896111641907e-05,-0.0097490999826697969,-0.0086272702487634884,0.0086272702487634884,7.4652678482589924e-05,-0.0077913503634898552,0.7869138838849804,
239,1355.2495251388307,0.59885167649665128,1355.8483768153274,10542,869,-3.5532460997569983e-05,-3.5434792781723495e-05,3.5434792781723495e-05,1.2557449805365951e-09,-3.5339537741976634e-05,-0.0097844556731947335,-0.0086627050415451958,0.0086627050415451958,7.5265370868570384e-05,-0.0078268540191479691,0.79337227432560042,
240,1355.1564240372461,0.59874695884789575,1355.755170996094,10542,869,-3.5527227685133795e-05,-3.5426875728284969e-05,3.5426875728284969e-05,1.2551839107714947e-09,-3.5331906856932963e-05,-0.0098198034337629008,-0.0086981319172734772,0.0086981319172734772,7.588043701570063e-05,-0.0078623497926387197,0.79985568658250039,
241,1355.0633605349421,0.5986422812627612,1355.6620028162049,10542,869,-3.5516921823730796e-05,-3.5418954382536059e-05,3.5418954382536059e-05,1.2546226636793443e-09,-3.5323423982106687e-05,-0.0098551433200588824,-0.0087335508716560213,0.0087335508716560213,7.6497875147694299e-05,-0.0078978375923797976,0.8063641019318456,
242,1354.9703345476073,0.59853765334404163,1355.5688722009513,10542,869,-3.5511665475905155e-05,-3.5411053729859338e-05,3.5411053729859338e-05,1.2540630054122343e-09,-3.532658246443616e-05,-0.0098904753093194374,-0.0087689619253858344,0.0087689619253858344,7.7117683977090596e-05,-0.0079333174989952016,0.81289750680251194,
243,1354.8773461240758,0.59843304612068282,1355.4757791701963,10542,869,-3.5501322741858708e-05,-3.5403144252102301e-05,3.5403144252102301e-05,1.2535028498757601e-09,-3.530736467372887e-05,-0.0099257993623617213,-0.008804365069637993,0.008804365069637993,7.7739861626798524e-05,-0.0079687894397710776,0.81945588140808323,
244,1354.7843951932318,0.59832850516861136,1355.3827236984005,10542,869,-3.548971654427501e-05,-3.5395234882272881e-05,3.5395234882272881e-05,1.2529428245050315e-09,-3.5310665824753743e-05,-0.0099611155634640666,-0.0088397603045202618,0.0088397603045202618,7.8364406459884898e-05,-0.008004253495876152,0.82603920849364676,
245,1354.6914818226726,0.59822395521719696,1355.2897057778898,10542,869,-3.5485822040781396e-05,-3.5387328964603759e-05,3.5387328964603759e-05,1.2523831705469643e-09,-3.5291292946621792e-05,-0.0099964238439516542,-0.0088751476334848079,0.0088751476334848079,7.8991316823505951e-05,-0.0080397096307633104,0.83264747063657618,
246,1354.5986059223615,0.59811947576852809,1355.19672539813,10542,869,-3.5474036025661193e-05,-3.537941611118315e-05,3.537941611118315e-05,1.2518231498754275e-09,-3.5294902711594539e-05,-0.010031724276883515,-0.0089105270495960891,0.0089105270495960891,7.9620590939737316e-05,-0.0080751578574967623,0.83928064909577105,
247,1354.5057675045541,0.59801499878666753,1355.1037825033409,10542,869,-3.5452961129285269e-05,-3.5371525559636173e-05,3.5371525559636173e-05,1.2512648327299422e-09,-3.5275147079660676e-05,-0.010067016821061842,-0.0089458985751556808,0.0089458985751556808,8.0252227510047995e-05,-0.0081105981741790012,0.84593873018341592,
248,1354.4129665164926,0.59791060044414512,1355.0108771169366,10542,869,-3.5458356484618048e-05,-3.5363615170680529e-05,3.5363615170680529e-05,1.2507052362780438e-09,-3.5278966379782427e-05,-0.010102301475159654,-0.0089812621903263851,0.0089812621903263851,8.0886224525522697e-05,-0.0081460305796776152,0.85262169272353472,
249,1354.3202029755566,0.5978061928054027,1354.918009168362,10542,869,-3.5437091893083237e-05,-3.5355734315623826e-05,3.5355734315623826e-05,1.2501478555715778e-09,-3.5259094761119215e-05,-0.010137578234858195,-0.0090166179246419526,0.0090166179246419526,8.152258080141141e-05,-0.0081814550762157739,0.85932952422767772,
250,1354.2274768778861,0.59770183833639856,1354.8251787162226,10542,869,-3.544273055542766e-05,-3.5347819060276388e-05,3.5347819060276388e-05,1.2495881634387981e-09,-3.5262728457433293e-05,-0.01017284712816127,-0.0090519657437022685,0.0090519657437022685,8.2161294096059356e-05,-0.0082168716834853037,0.86606220106656162,
251,1354.1347881179761,0.59759750273782697,1354.732385620714,10542,869,-3.5454849441896078e-05,-3.533995754077163e-05,3.533995754077163e-05,1.2490323989114356e-09,-3.5243064068968441e-05,-0.010208108134850367,-0.0090873057012430571,0.0090873057012430571,8.2802363653612958e-05,-0.0082522803785589575,0.87281971527273416,
252,1354.0421368038965,0.59749321504993258,1354.6396300189465,10542,869,-3.5427100020974791e-05,-3.5332035515246742e-05,3.5332035515246742e-05,1.2484724773073247e-09,-3.5246841358635439e-05,-0.010243361260523755,-0.0091226377367582701,0.0091226377367582701,8.3445786759461343e-05,-0.0082876811156044009,0.87960203823148198,
253,1353.9495227246962,0.59738899600630735,1354.5469117207024,10542,869,-3.5439608443182038e-05,-3.5324182310237384e-05,3.5324182310237384e-05,1.2479175481027763e-09,-3.5242314053809934e-05,-0.010278606522431614,-0.0091579619190685219,0.0091579619190685219,8.4091562946628093e-05,-0.0083230740220800129,0.88640916502040679,
254,1353.8569461451127,0.59728477567723071,1354.45423092079,10542,869,-3.5407978102485942e-05,-3.5316251388446638e-05,3.5316251388446638e-05,1.2473572496403066e-09,-3.5221799850103048e-05,-0.01031384391287195,-0.009193278170456955,0.009193278170456955,8.4739689145431425e-05,-0.008358458968584585,0.8932410632819926,
255,1353.764406729023,0.59718063902406171,1354.3615873680471,10542,869,-3.5416440204787892e-05,-3.5308407976385518e-05,3.5308407976385518e-05,1.2468032580151918e-09,-3.5226563887711465e-05,-0.010349073442132432,-0.0092285865784333468,0.0092285865784333468,8.5390165287525509e-05,-0.0083938360619624907,0.90009773229580636,
256,1353.6719047366278,0.59707649650494832,1354.2689812331328,10542,869,-3.5392274247774219e-05,-3.5300499118202041e-05,3.5300499118202041e-05,1.2462447682262208e-09,-3.5206356853398456e-05,-0.010384295100633068,-0.0092638870775515452,0.0092638870775515452,8.6042988496573875e-05,-0.0084292052208050534,0.90697914174238525,
257,1353.5794398811061,0.59697243657794841,1354.176412317684,10542,869,-3.5400919741035787e-05,-3.5292655327661433e-05,3.5292655327661433e-05,1.2456909976419969e-09,-3.5210852573606897e-05,-0.010419508900299053,-0.0092991797328791908,0.0092991797328791908,8.6698158306535919e-05,-0.0084645664806983507,0.91388528670919511,
258,1353.4870124003969,0.59686835635448454,1354.0838807567513,10542,869,-3.5365942202505304e-05,-3.5284760834877688e-05,3.5284760834877688e-05,1.2451337710552455e-09,-3.5190504460535512e-05,-0.010454714840031085,-0.009334464493714072,0.009334464493714072,8.7355672107110736e-05,-0.008499919858037483,0.92081613968105425,
259,1353.3946220366493,0.59676439293739814,1353.9913864295866,10542,869,-3.5385407423566463e-05,-3.5276902996492758e-05,3.5276902996492758e-05,1.2445792565627497e-09,-3.5195149138184994e-05,-0.010489912931880757,-0.0093697413967105542,0.0093697413967105542,8.8015528915294066e-05,-0.0085352653535778634,0.92777169029611473,
260,1353.3022689705306,0.59666042926899365,1353.8989293997995,10542,869,-3.5350192834792254e-05,-3.526902043931958e-05,3.526902043931958e-05,1.2440231196474567e-09,-3.5174634547468734e-05,-0.010525103171501758,-0.0094050104171498894,0.0094050104171498894,8.867772661721276e-05,-0.0085706029870887025,0.93475191627203968,
261,1353.2099530505504,0.59655650677390248,1353.8065095573243,10542,869,-3.5369912642450693e-05,-3.5261172485619964e-05,3.5261172485619964e-05,1.2434695505607756e-09,-3.5179457247627473e-05,-0.01056028558798849,-0.0094402715896354985,0.0094402715896354985,8.9342264166286976e-05,-0.0086059327286473839,0.94175680657683103,
262,1353.1176743605467,0.59645261684513817,1353.714126977392,10542,869,-3.5335097123721771e-05,-3.5253291939627071e-05,3.5253291939627071e-05,1.2429138036318212e-09,-3.5158779685436668e-05,-0.010595460138136982,-0.0094755248815751314,0.0094755248815751314,9.000913931732635e-05,-0.0086412546031537866,0.94878633754393704,
263,1353.0254327811747,0.59634878084436715,1353.6217815620191,10542,869,-3.5354456859228299e-05,-3.5245442526749164e-05,3.5245442526749164e-05,1.2423603782926325e-09,-3.5162390389996432e-05,-0.010630626865985735,-0.0095107703241018998,0.0095107703241018998,9.0678350967043298e-05,-0.0086765686492609011,0.95584049754360345,
264,1352.9332284451839,0.59624494717958065,1353.5294733923636,10542,869,-3.5319505194507577e-05,-3.5237558790040947e-05,3.5237558790040947e-05,1.2418046548090885e-09,-3.5142924321897766e-05,-0.01066578573427221,-0.0095460078828919371,0.0095460078828919371,9.1349896818679793e-05,-0.0087118747797357982,0.96291926236570369,
265,1352.8410611162576,0.59614120886789435,1353.4372023251256,10542,869,-3.5338968517953316e-05,-3.5229724273143011e-05,3.5229724273143011e-05,1.2412525250122233e-09,-3.514693299840662e-05,-0.010700936785601831,-0.0095812376071650988,0.0095812376071650988,9.2023776147783897e-05,-0.0087471730708348055,0.97002262437379005,
266,1352.7489309912012,0.59603747100434823,1353.3449684622055,10542,869,-3.5303875149136418e-05,-3.5221846523221604e-05,3.5221846523221604e-05,1.2406974715789e-09,-3.5127076019343243e-05,-0.010736079971906525,-0.0096164594536882995,0.0096164594536882995,9.2699986459652761e-05,-0.0087824634760493153,0.9771505572711997,
267,1352.6568378768748,0.59593382555329089,1353.2527717024282,10542,869,-3.5323488356553771e-05,-3.5214001591181341e-05,3.5214001591181341e-05,1.2401448545186649e-09,-3.5118758111351695e-05,-0.010771215351696426,-0.009651673455279489,0.009651673455279489,9.3378526724638731e-05,-0.0088177460143556916,0.98430305020441689,
268,1352.564781901463,0.59583017544310923,1353.1606120769061,10542,869,-3.5287314244749393e-05,-3.5206140674134059e-05,3.5206140674134059e-05,1.2395912334069478e-09,-3.5111238834285007e-05,-0.010806342874070124,-0.0096868795959535927,0.0096868795959535927,9.4059394987166931e-05,-0.0088530206723064706,0.99148008255972664,
269,1352.4727629095657,0.59572661514714087,1353.068489524713,10542,869,-3.5308025382728852e-05,-3.5198297728970774e-05,3.5198297728970774e-05,1.2390390030719922e-09,-3.5103811819829106e-05,-0.010841462563068524,-0.0097220778936825628,0.0097220778936825628,9.474258992411533e-05,-0.0088882874731593727,0.99868164039009966,
270,1352.38078100864,0.59562305698214091,1352.9764040656221,10542,869,-3.5298833371090886e-05,-3.5190443236846355e-05,3.5190443236846355e-05,1.2384860820909373e-09,-3.5095397805011786e-05,-0.01087657442274054,-0.0097572683369194259,0.0097572683369194259,9.5428109654208899e-05,-0.0089235463622577491,1.0059077038650159,
271,1352.288836116596,0.59551955187514738,1352.8843556684712,10542,869,-3.529042157039299e-05,-3.5182595173601643e-05,3.5182595173601643e-05,1.2379337366646384e-09,-3.508799251782327e-05,-0.01091167846336784,-0.0097924509320930029,0.0097924509320930029,9.6115952647715444e-05,-0.0089587976849981096,1.0131582568595685,
272,1352.1969282494015,0.59541606641690725,1352.7923443158184,10542,869,-3.5283777945914868e-05,-3.5174750259422838e-05,3.5174750259422838e-05,1.237381737208818e-09,-3.5079575027269935e-05,-0.010946774683109686,-0.0098276256823524605,0.0098276256823524605,9.680611730390763e-05,-0.008994040783086554,1.0204332825004903,
273,1352.1050573377026,0.59531262889677605,1352.7003699665995,10542,869,-3.5274908304924995e-05,-3.516691585353845e-05,3.516691585353845e-05,1.2368305989781893e-09,-3.5072141222480323e-05,-0.010981863089396759,-0.0098627925982059869,0.0098627925982059869,9.7498602173891108e-05,-0.0090292763134485234,1.0277327655149862,
274,1352.0132234340219,0.5952092236622385,1352.6084326576843,10542,869,-3.5268382598301546e-05,-3.5159060229211436e-05,3.5159060229211436e-05,1.2362780912385125e-09,-3.5063763315455283e-05,-0.011016943678571667,-0.0098979516584352216,0.0098979516584352216,9.8193405195439335e-05,-0.0090645039208369724,1.0350566841651261,
275,1351.9214263929732,0.59510590239214012,1352.5165322953653,10542,869,-3.52594235540976e-05,-3.5151237893268645e-05,3.5151237893268645e-05,1.2357280470729065e-09,-3.5056288048134232e-05,-0.011052016457790052,-0.0099331028963284777,0.0099331028963284777,9.8890525368976198e-05,-0.0090997236052831158,1.0424050279143782,
276,1351.8296663306089,0.595002579559467,1352.4246689101683,10542,869,-3.5253134615841412e-05,-3.5143398898701694e-05,3.5143398898701694e-05,1.2351769550245566e-09,-3.5048065541052573e-05,-0.011087081424001626,-0.0099682462952271379,0.0099682462952271379,9.9589960707901603e-05,-0.0091349354306392867,1.0497777758219908,
277,1351.7379431330019,0.59489934392870891,1352.3328424769306,10542,869,-3.5243983278347573e-05,-3.5135564369583322e-05,3.5135564369583322e-05,1.2346262995677224e-09,-3.5040440505353843e-05,-0.011122138595382766,-0.010003381859596719,0.010003381859596719,0.00010029170964779031,-0.0091701393764744305,1.0571749113973576,
278,1351.646256853159,0.59479611432149393,1352.2410529674805,10542,869,-3.5237901559429564e-05,-3.5127736220943473e-05,3.5127736220943473e-05,1.2340762150374681e-09,-3.5032251917884861e-05,-0.011157187926824789,-0.010038509595817657,0.010038509595817657,0.00010099577067070667,-0.0092053354907277937,1.0645964186399191,
279,1351.5546074322569,0.59469296406201277,1352.1493003963189,10542,869,-3.5228543165309153e-05,-3.5119896633720423e-05,3.5119896633720423e-05,1.2335254485589808e-09,-3.5024709159672759e-05,-0.011192229469144926,-0.010073629492451422,0.010073629492451422,0.00010170214189932822,-0.0092405237445632067,1.0720422777608187,
280,1351.4629948582312,0.59458981971986213,1352.0575846779511,10542,869,-3.5231048106872519e-05,-3.5112085949565111e-05,3.5112085949565111e-05,1.2329768377029877e-09,-3.5016455493694376e-05,-0.011227263190269678,-0.010108741578401021,0.010108741578401021,0.00010241082224677616,-0.0092757042689259363,1.0795124773032676,
281,1351.3714191295262,0.59448677518660464,1351.9659059047128,10542,869,-3.5186543436132328e-05,-3.5104234768791465e-05,3.5104234768791465e-05,1.23242550144791e-09,-3.5016694407570838e-05,-0.011262289129787263,-0.010143845813169808,0.010143845813169808,0.00010312180927966141,-0.0093108768086608267,1.0870069916169109,
282,1351.2798801583049,0.59438372772475179,1351.8742638860297,10542,869,-3.5215701924675604e-05,-3.5096450026747791e-05,3.5096450026747791e-05,1.2318789575251031e-09,-3.501385398402313e-05,-0.011297307215677555,-0.010178942263196517,0.010178942263196517,0.00010383510265877041,-0.0093460416247017637,1.094525817126099,
283,1351.1883780229489,0.59428077525943768,1351.7826587982083,10542,869,-3.5169742423115547e-05,-3.5088596893656694e-05,3.5088596893656694e-05,1.2313277290163873e-09,-3.4988230539691833e-05,-0.011332317592641023,-0.010214030860090161,0.010214030860090161,0.00010455069938986367,-0.0093811984671196436,1.1020689222685529,
284,1351.0969126055313,0.59417782795205909,1351.6910904334834,10542,869,-3.5200371985635425e-05,-3.5080814326511356e-05,3.5080814326511356e-05,1.2307815809000184e-09,-3.4998127208348069e-05,-0.011367320082722289,-0.010249111674416672,0.010249111674416672,0.00010526859922359988,-0.009416347613851973,1.1096363044159663,
285,1351.0054840088676,0.59407493137342005,1351.599558940241,10542,869,-3.5188224828799806e-05,-3.5072974349805705e-05,3.5072974349805705e-05,1.2302315221551361e-09,-3.4972457326197118e-05,-0.011402314875751576,-0.010284184648766568,0.010284184648766568,0.00010598879936885376,-0.0094514887771252071,1.1172279341470874,
286,1350.9140920626076,0.59397206427297755,1351.5080641268805,10542,869,-3.5185142729325493e-05,-3.5065198879078811e-05,3.5065198879078811e-05,1.2296861146483269e-09,-3.4984042029295248e-05,-0.011437301788593457,-0.010319249847645614,0.010319249847645614,0.00010671129948333802,-0.0094866222543786953,1.1248438078538661,
287,1350.8227368647706,0.59386928007857875,1351.4166061448491,10542,869,-3.5171106483692638e-05,-3.5057364295538349e-05,3.5057364295538349e-05,1.2291366788230296e-09,-3.4956756923333238e-05,-0.01147228098506467,-0.010354307211941114,0.010354307211941114,0.00010743609673686238,-0.0095217478317499021,1.1324838957032664,
288,1350.7314183466117,0.59376647709909469,1351.3251848237107,10542,869,-3.5169776893422195e-05,-3.5049587016905817e-05,3.5049587016905817e-05,1.228591387520061e-09,-3.4968478990779401e-05,-0.011507252332955223,-0.010389356798958027,0.010389356798958027,0.00010816319063467379,-0.0095568656010314654,1.1401481924800965,
289,1350.6401365413199,0.59366375479770861,1351.2338002961176,10542,869,-3.5155544956753637e-05,-3.5041758737518674e-05,3.5041758737518674e-05,1.228042638489798e-09,-3.4941030638340487e-05,-0.011542215974387692,-0.010424398557695525,0.010424398557695525,0.00010889257851468716,-0.0095919755357090474,1.1478366701233174,
290,1350.5488913466465,0.5935610308407181,1351.1424523774872,10542,869,-3.5154456151598985e-05,-3.5033990216176194e-05,3.5033990216176194e-05,1.2274982036966462e-09,-3.4952922174547967e-05,-0.011577171769328997,-0.010459432547911745,0.010459432547911745,0.00010962425994436117,-0.0096270776839151931,1.1555493240735111,
291,1350.4576828509014,0.59345837181967909,1351.0511412227211,10542,869,-3.5140186325143329e-05,-3.5026164952220936e-05,3.5026164952220936e-05,1.2269499095203173e-09,-3.4925319452060462e-05,-0.011612119861139939,-0.0104944587128639,0.0104944587128639,0.00011035823213700865,-0.009662171985080726,1.1632861249562081,
292,1350.3665109466949,0.59335574968549254,1350.9598666963805,10542,869,-3.5139152071253204e-05,-3.5018377617279916e-05,3.5018377617279916e-05,1.2264043990448591e-09,-3.4913262301430314e-05,-0.011647060109443512,-0.010529477090481217,0.010529477090481217,0.00011109449420939063,-0.0096972585269244852,1.1710470634611867,
293,1350.2753756495179,0.59325321343173287,1350.8686288629497,10542,869,-3.512441319387973e-05,-3.5010568557885951e-05,3.5010568557885951e-05,1.2258574839082442e-09,-3.490944636344958e-05,-0.011681992623914205,-0.010564487659039097,0.010564487659039097,0.00011183304410868456,-0.0097323372498635645,1.1788321179496439,
294,1350.1842769657426,0.59315068338057297,1350.7774276491232,10542,869,-3.51220590380952e-05,-3.500277827946693e-05,3.500277827946693e-05,1.2253120085233733e-09,-3.4898382547864185e-05,-0.011716917303615087,-0.010599490437318559,0.010599490437318559,0.00011257388056709755,-0.0097674081540541583,1.1866412750577753,
295,1350.0932148117415,0.59304823906649795,1350.6862630508081,10542,869,-3.5117385034279575e-05,-3.4994987510563397e-05,3.4994987510563397e-05,1.2247666187569625e-09,-3.4914085612714304e-05,-0.011751834289915357,-0.010634485424829133,0.010634485424829133,0.00011331700195329323,-0.0098024711988828148,1.1944745175896638,
296,1350.0021892559682,0.59294579278465709,1350.5951350487528,10542,869,-3.5101153804951937e-05,-3.4987199552572833e-05,3.4987199552572833e-05,1.2242215486524674e-09,-3.4882804541675241e-05,-0.011786743518527414,-0.010669472624381695,0.010669472624381695,0.00011406240666727335,-0.0098375263750580082,1.2023318286797284,
297,1349.9112002021577,0.59284343807645379,1350.5040436402342,10542,869,-3.5102206060579946e-05,-3.4979405918800077e-05,3.4979405918800077e-05,1.2236762013436549e-09,-3.4898575198294407e-05,-0.011821644977328221,-0.010704452030300557,0.010704452030300557,0.00011481009297967557,-0.0098725738702015089,1.2102131900987603,
298,1349.8202476811803,0.5927410788635511,1350.4129887600438,10542,869,-3.5093645554303289e-05,-3.4971633698552475e-05,3.4971633698552475e-05,1.2231324759527337e-09,-3.4867027418863041e-05,-0.011856538684511824,-0.010739423663999105,0.010739423663999105,0.00011556005968308565,-0.009907613400242531,1.2181185891194057,
299,1349.7293316616715,0.59263880840471195,1350.3219704700762,10542,869,-3.5087121181260005e-05,-3.4963833489727734e-05,3.4963833489727734e-05,1.2225869104012278e-09,-3.4879243765606803e-05,-0.011891424628785468,-0.010774387497488776,0.010774387497488776,0.00011631230458250548,-0.0099426452256319662,1.2260480026041902,
300,1349.638452093581,0.59253656780278463,1350.2309886613839,10542,869,-3.508208543346705e-05,-3.4956070597801614e-05,3.4956070597801614e-05,1.222044077841625e-09,-3.4851274700055958e-05,-0.011926302823968161,-0.010809343568086599,0.010809343568086599,0.00011706682680382735,-0.009977669137746786,1.2340014213391441,
301,1349.5476090377072,0.59243433103729115,1350.1400433687445,10542,869,-3.5071929610828145e-05,-3.4948288470137241e-05,3.4948288470137241e-05,1.221500019802623e-09,-3.4867559052474693e-05,-0.011961173257836693,-0.010844291856556739,0.010844291856556739,0.00011782362433054561,-0.010012685364833674,1.2419788240682812,
302,1349.4568024013161,0.5923321529915383,1350.0491345543076,10542,869,-3.5067101356610633e-05,-3.4940516252306652e-05,3.4940516252306652e-05,1.220956777587589e-09,-3.4835527636419244e-05,-0.011996035953930064,-0.010879232372809026,0.010879232372809026,0.00011858269572817445,-0.010047694703125283,1.2499801956706869,
303,1349.366032288968,0.59222998142698557,1349.9582622703949,10542,869,-3.504777000304912e-05,-3.4932721742463819e-05,3.4932721742463819e-05,1.2204120973620226e-09,-3.4852063493730623e-05,-0.012030890896310372,-0.010914165094551511,0.010914165094551511,0.00011934403888581255,-0.010082694834920249,1.2580055138953501,
304,1349.2752984994258,0.59212787193723815,1349.8674263713631,10542,869,-3.5051870010980746e-05,-3.4924974225743527e-05,3.4924974225743527e-05,1.2198708205497754e-09,-3.4844284113468009e-05,-0.012065738063110308,-0.010949090068777234,0.010949090068777234,0.00012010765321647243,-0.010117688313710974,1.2660547725548359,
305,1349.1846011664443,0.59202577194965245,1349.776626938394,10542,869,-3.503243911052607e-05,-3.4917193994248404e-05,3.4917193994248404e-05,1.2193273797876938e-09,-3.4836532342314175e-05,-0.012100577482641692,-0.010984007262771499,0.010984007262771499,0.00012087353636148374,-0.010152672668814269,1.2741279467864002,
306,1349.0939401074959,0.59192377151992148,1349.6858638790159,10542,869,-3.5036640985346365e-05,-3.4909441312913039e-05,3.4909441312913039e-05,1.2187859844404511e-09,-3.482879045746464e-05,-0.012135409161803536,-0.011018916704084359,0.011018916704084359,0.00012164168730646442,-0.010187650505620753,1.2822250258974415,
307,1349.0033155047493,0.59182171064794431,1349.5951372153972,10542,869,-3.5054677760595538e-05,-3.4901678827027714e-05,3.4901678827027714e-05,1.2182440261007497e-09,-3.4816708510761887e-05,-0.012170233110598226,-0.011053818382911433,0.011053818382911433,0.00012241210418837344,-0.010222619265140981,1.2903459902496444,
308,1348.9127271074422,0.59171981828078724,1349.504446925723,10542,869,-3.5021416565405728e-05,-3.4893915562445506e-05,3.4893915562445506e-05,1.2177021320872644e-09,-3.4813320041215406e-05,-0.012205049319213578,-0.011088712298473863,0.011088712298473863,0.00012318478539608555,-0.010257582665622961,1.2984908228601377,
309,1348.8221751858975,0.59161779506693501,1349.4137929809644,10542,869,-3.5037521647330892e-05,-3.4886164727538357e-05,3.4886164727538357e-05,1.2171612272873074e-09,-3.4801642275757685e-05,-0.012239857797964906,-0.011123598463201415,0.011123598463201415,0.0001239597295459348,-0.010292535266521149,1.3066595091436988,
310,1348.7316594087861,0.59151600009468264,1349.3231754088808,10542,869,-3.500620944822612e-05,-3.4878392055057751e-05,3.4878392055057751e-05,1.2166189172712236e-09,-3.4787858422887458e-05,-0.012274658541257919,-0.011158476855256491,0.011158476855256491,0.00012473693456829295,-0.01032748280136964,1.314852027284376,
311,1348.6411800339426,0.59141407272003244,1349.2325941066626,10542,869,-3.5022371479810188e-05,-3.4870661189227382e-05,3.4870661189227382e-05,1.2160796459082693e-09,-3.4786035741821261e-05,-0.012309451558593471,-0.011193347516445672,0.011193347516445672,0.00012551639973211264,-0.010362419796646092,1.3230683695761993,
312,1348.5507367988075,0.59131233472002875,1349.1420491335275,10542,869,-3.499101050954042e-05,-3.4862895953161616e-05,3.4862895953161616e-05,1.215538095291057e-09,-3.4772641550226753e-05,-0.012344236822256894,-0.011228210412398854,0.011228210412398854,0.00012629812268086644,-0.010397351781856566,1.3313085111790133,
313,1348.4603299037465,0.59121049916696389,1349.0515404029134,10542,869,-3.5007558785298962e-05,-3.4855165372980525e-05,3.4855165372980525e-05,1.2149990831781885e-09,-3.4749369954826758e-05,-0.0123790143949553,-0.011263065577771837,0.011263065577771837,0.00012708210254413279,-0.010432273156710458,1.3395724429177036,
314,1348.3699590865081,0.59110890478358824,1348.9610679912917,10542,869,-3.4975857814251594e-05,-3.4847394745412288e-05,3.4847394745412288e-05,1.2144573966114955e-09,-3.4757087998310108e-05,-0.012413784240723475,-0.011297912972517246,0.011297912972517246,0.00012786833684620862,-0.010467189668583432,1.3478601386958851,
315,1348.2796246100343,0.59100715864282594,1348.8706317686772,10542,869,-3.4992537247521027e-05,-3.4839676332069528e-05,3.4839676332069528e-05,1.213919473316926e-09,-3.4733739364706572e-05,-0.012448546466376945,-0.011332752648849349,0.011332752648849349,0.00012865682508250484,-0.010502095523752556,1.3561715931946834,
316,1348.189326186626,0.59090563576079169,1348.7802318223867,10542,869,-3.4960639634674644e-05,-3.4831912529849209e-05,3.4831912529849209e-05,1.2133785031873868e-09,-3.4741484387707941e-05,-0.012483300824614683,-0.011367584561379184,0.011367584561379184,0.00012944756466634676,-0.010536996501304388,1.3645067791479613,
317,1348.0990640330388,0.59080400882507245,1348.6898680418637,10542,869,-3.4977585635247891e-05,-3.4824192991662911e-05,3.4824192991662911e-05,1.212840740254598e-09,-3.471815342733641e-05,-0.012518047597557969,-0.011402408754370862,0.011402408754370862,0.00013024055493733279,-0.010571886821686461,1.3728656895944249,
318,1348.0088379716674,0.59070254423146795,1348.5995405158988,10542,869,-3.4919626546877811e-05,-3.4816428907170285e-05,3.4816428907170285e-05,1.2122999900589974e-09,-3.4725891985568473e-05,-0.012552786433565622,-0.011437225183277994,0.011437225183277994,0.00013103579330702789,-0.01060677222999431,1.3812482972493809,
319,1347.9186480945157,0.59060099478022776,1348.509249089296,10542,869,-3.4962697145499079e-05,-3.4808724749092056e-05,3.4808724749092056e-05,1.2117635377839035e-09,-3.470253084711802e-05,-0.01258751777694757,-0.01147203390802708,0.01147203390802708,0.00013183327947491021,-0.010641646964600966,1.3896545989450286,
320,1347.8284943338745,0.59049955250498898,1348.4189938863794,10542,869,-3.4904238949399997e-05,-3.480096366373621e-05,3.480096366373621e-05,1.2112232376921936e-09,-3.4710333031151753e-05,-0.012622241201262274,-0.011506834871690873,0.011506834871690873,0.00013263301056577533,-0.010676516917915733,1.3980845643738378,
321,1347.7383766432345,0.59039811765777772,1348.3287747608922,10542,869,-3.494780903028288e-05,-3.4793258244428138e-05,3.4793258244428138e-05,1.2106869342321026e-09,-3.4686927949052803e-05,-0.012656957129341905,-0.01154162812993526,0.01154162812993526,0.00013343498622244603,-0.010711376188464714,1.4065381897708036,
322,1347.6482950447012,0.59029674709555624,1348.2385917917968,10542,869,-3.4896727737778641e-05,-3.4785515402543506e-05,3.4785515402543506e-05,1.2101481437711718e-09,-3.4694790307253115e-05,-0.012691665142458178,-0.011576413645337826,0.011576413645337826,0.00013423920397952061,-0.010746230668436257,1.4150154491481268,
323,1347.5582494737848,0.59019542327483898,1348.1484448970596,10542,869,-3.4861972120960278e-05,-3.4777799653677309e-05,3.4777799653677309e-05,1.2096113585632536e-09,-3.4671341390498879e-05,-0.012726365666199802,-0.011611191444991488,0.011611191444991488,0.00013504566285985317,-0.010781075417212904,1.4235163322057123,
324,1347.4682399770018,0.59009413229368468,1348.0583341092954,10542,869,-3.4881681198227248e-05,-3.4770066189712654e-05,3.4770066189712654e-05,1.2090734617270985e-09,-3.4689886226461214e-05,-0.012761058381340928,-0.011645961511181194,0.011645961511181194,0.00013585436081140834,-0.010815912768919571,1.4320408173130554,
325,1347.3782664839655,0.58999289627692886,1347.9682593802424,10542,869,-3.4842403755016592e-05,-3.4762347999916336e-05,3.4762347999916336e-05,1.2085367448815791e-09,-3.4655736579276745e-05,-0.012795743447716831,-0.011680723859181091,0.011680723859181091,0.00013666529660728654,-0.010850742424723366,1.4405888915374074,
326,1347.288329022949,0.58989170579082939,1347.87822072874,10542,869,-3.4866480968602776e-05,-3.4754616140884447e-05,3.4754616140884447e-05,1.2079991979867227e-09,-3.4674494684172261e-05,-0.012830420759171221,-0.011715478475322014,0.011715478475322014,0.00013747846829931376,-0.010885564462745526,1.4491605343430662,
327,1347.1984275369521,0.58979053711163598,1347.7882180740637,10542,869,-3.486705237235266e-05,-3.474691374821952e-05,3.474691374821952e-05,1.2074638192911651e-09,-3.4640168977436678e-05,-0.012865090438844148,-0.011750225389070201,0.011750225389070201,0.00013829387496860554,-0.010920378705081111,1.4577557360440709,
328,1347.1085620154281,0.58968943656185602,1347.69825145199,10542,869,-3.4842913699032344e-05,-3.4739188560344456e-05,3.4739188560344456e-05,1.2069269728649506e-09,-3.4659110672252892e-05,-0.012899752366274411,-0.011784964577630546,0.011784964577630546,0.00013911151448913256,-0.010955185287058279,1.4663744742299463,
329,1347.0187324686112,0.58958830695943443,1347.6083207755707,10542,869,-3.4851938355592225e-05,-3.4731496941422423e-05,3.4731496941422423e-05,1.2063925808423715e-09,-3.4624608134458778e-05,-0.012934406708959904,-0.011819696074572011,0.011819696074572011,0.0001399313860097996,-0.010989984064710369,1.4750167399292977,
330,1346.9289388373511,0.58948730945042382,1347.5184261468016,10542,869,-3.4827658754942174e-05,-3.472375805844053e-05,3.472375805844053e-05,1.2058550227461914e-09,-3.4625744640381116e-05,-0.012969053233114694,-0.011854419832630433,0.011854419832630433,0.00014075348683692895,-0.011024775157081494,1.4836825047480682,
331,1346.8391811302574,0.58938627337287985,1347.4285674036303,10542,869,-3.4836821513363693e-05,-3.4716075843686696e-05,3.4716075843686696e-05,1.2053215200604877e-09,-3.4609057484205798e-05,-0.013003692179087381,-0.011889135908474152,0.011889135908474152,0.00014157781669588249,-0.011059558483558335,1.4923717657912974,
332,1346.7494593143456,0.58928535418824268,1347.3387446685338,10542,869,-3.4814097463734439e-05,-3.4708346823417296e-05,3.4708346823417296e-05,1.2047848855875412e-09,-3.4610877201693691e-05,-0.013038323327544357,-0.011923844255297515,0.011923844255297515,0.00014240437286490825,-0.011094334128776868,1.5010844943689978,
333,1346.6597733970575,0.5891843906609322,1347.2489577877184,10542,869,-3.4821701734010998e-05,-3.4700666619224058e-05,3.4700666619224058e-05,1.2042517591626594e-09,-3.4593476823830337e-05,-0.01307294682449138,-0.011958544921916737,0.011958544921916737,0.0001432331549095465,-0.011129102004426728,1.5098206859015295,
334,1346.5701233272434,0.58908354849238498,1347.1592068757359,10542,869,-3.4799005340291899e-05,-3.4692942210338036e-05,3.4692942210338036e-05,1.2037156825083463e-09,-3.4595300854055451e-05,-0.013107562617305309,-0.011993237864127095,0.011993237864127095,0.0001440641601692545,-0.011163862206463064,1.5185803123441117,
335,1346.480509136547,0.58898264519205146,1347.0694917817391,10542,869,-3.480891468171772e-05,-3.4685268748766646e-05,3.4685268748766646e-05,1.2031832599751269e-09,-3.45779450070953e-05,-0.013142170774221447,-0.01202792313287583,0.01202792313287583,0.00014489738825698554,-0.011198614643132026,1.5273633696168847,
336,1346.3909307671381,0.58888188945708264,1346.9798126565952,10542,869,-3.4781660429771673e-05,-3.4677535671139682e-05,3.4677535671139682e-05,1.2026468201480733e-09,-3.4579760687074646e-05,-0.013176771228330629,-0.012062600668547002,0.012062600668547002,0.00014573283614694604,-0.01123335938279975,1.5361698258249583,
337,1346.3013882216837,0.58878105606480413,1346.8901692777486,10542,869,-3.4793976860294576e-05,-3.4669879133380565e-05,3.4669879133380565e-05,1.2021158097284694e-09,-3.4562422939283617e-05,-0.013211364049216493,-0.012097270547680332,0.012097270547680332,0.00014657050405556454,-0.011268096387841103,1.5449996832497059,
338,1346.2118814452451,0.58868038788075894,1346.8005618331258,10542,869,-3.4741763090398696e-05,-3.4662148358467162e-05,3.4662148358467162e-05,1.20157976602478e-09,-3.4570365240062542e-05,-0.013245949190224303,-0.012131932696038846,0.012131932696038846,0.00014741038863511668,-0.011302825704464317,1.5538529066027649,
339,1346.1224104516616,0.58857964597216206,1346.7109900976338,10542,869,-3.4778899128839008e-05,-3.4654497447291967e-05,3.4654497447291967e-05,1.2010493818183678e-09,-3.4546927906569253e-05,-0.013280526646073288,-0.012166587193486133,0.012166587193486133,0.00014825249016555076,-0.011337547310785049,1.5627294988350706,
340,1346.0329751648244,0.58847910528474479,1346.6214542701091,10542,869,-3.4726601571209621e-05,-3.4646766794592415e-05,3.4646766794592415e-05,1.2005135842771434e-09,-3.4555602996155202e-05,-0.01331509644778418,-0.012201233960280715,0.012201233960280715,0.00014909680517097374,-0.011372261220364086,1.5716294233072343,
341,1345.9435756887024,0.58837845098680919,1346.5319541396891,10542,869,-3.4744729468626378e-05,-3.4639113713303061e-05,3.4639113713303061e-05,1.1999832839662406e-09,-3.4531418716055452e-05,-0.013349658583361295,-0.012235873073994081,0.012235873073994081,0.00014994333388727206,-0.011406967479739159,1.5805526825057348,
342,1345.8542118547127,0.58827800160782151,1346.4424898563207,10542,869,-3.4737816582236647e-05,-3.4631396589711898e-05,3.4631396589711898e-05,1.1994486618954646e-09,-3.4540157344351908e-05,-0.013384213074265057,-0.012270504470583773,0.012270504470583773,0.00015079207319748975,-0.011441665990487418,1.5894992435747395,
343,1345.7648837464262,0.58817746946418636,1346.3530612158904,10542,869,-3.4729586866577191e-05,-3.4623753812423368e-05,3.4623753812423368e-05,1.1989193100624807e-09,-3.4515913599065842e-05,-0.013418759893838922,-0.012305128224396182,0.012305128224396182,0.00015164302328910702,-0.011476356768575688,1.5984691084904772,
344,1345.6755913245584,0.58807708771140821,1346.2636684122697,10542,869,-3.4715068362718104e-05,-3.4616033422290179e-05,3.4616033422290179e-05,1.1983847001635586e-09,-3.4524673104188269e-05,-0.013453299075536582,-0.012339744257818412,0.012339744257818412,0.00015249618068523854,-0.011511039918338656,1.6074622406030994,
345,1345.586334558838,0.5879766417550556,1346.1743112005929,10542,869,-3.4723958905328777e-05,-3.4608400223599499e-05,3.4608400223599499e-05,1.1978562467977916e-09,-3.4500441466877227e-05,-0.013487830603638718,-0.012374352658042027,0.012374352658042027,0.00015335154591737541,-0.011545715297709626,1.6164786455150542,
346,1345.4971134580317,0.58787632623309138,1346.0849897842647,10542,869,-3.4702685155205379e-05,-3.4600685877004877e-05,3.4600685877004877e-05,1.1973222921135383e-09,-3.4509204161216163e-05,-0.013522354493146541,-0.012408953343919057,0.012408953343919057,0.00015420911540717108,-0.011580384262193467,1.6255182855069903,
347,1345.4079279820362,0.58777593050965815,1345.9957039125459,10542,869,-3.4709166270544658e-05,-3.4593063358840193e-05,3.4593063358840193e-05,1.1967948123312227e-09,-3.448496113937059e-05,-0.013556870733817689,-0.012443546407277904,0.012443546407277904,0.00015506888981179165,-0.011615043613413647,1.6345811675060957,
348,1345.3187781590411,0.58767565639844832,1345.9064538154396,10542,869,-3.4687673002411614e-05,-3.4585347858436488e-05,3.4585347858436488e-05,1.1962610142670274e-09,-3.4493665322110572e-05,-0.013591379330445248,-0.012478131755136316,0.012478131755136316,0.00015593086524857096,-0.011649696940871486,1.6436672505851864,
349,1345.2296638668458,0.58757534102614417,1345.817239207872,10542,869,-3.4694273971896097e-05,-3.4577734541176911e-05,3.4577734541176911e-05,1.1957344027574574e-09,-3.4469486383173657e-05,-0.01362588027274551,-0.012512709489677521,0.012512709489677521,0.00015679504267208743,-0.01168434084434219,1.6527765448064735,
350,1345.1405852356388,0.58747513242446769,1345.7280603680633,10542,869,-3.4684773997531664e-05,-3.4570013121922077e-05,3.4570013121922077e-05,1.1952004327940319e-09,-3.447822206537808e-05,-0.013660373576852698,-0.012547279502799383,0.012547279502799383,0.00015766141779851534,-0.011718978784675187,1.6619090050141503,
351,1345.0515420614827,0.58737495292593911,1345.6389170144087,10542,869,-3.467929141479646e-05,-3.4562393821258453e-05,3.4562393821258453e-05,1.1946736418726985e-09,-3.4454015243677705e-05,-0.013694859239278819,-0.012581841896620673,0.012581841896620673,0.00015852999158205114,-0.011753607319522347,1.671064641266401,
352,1344.9625345133716,0.5872748342159273,1345.5498093475876,10542,869,-3.4669970882524166e-05,-3.4554694257888681e-05,3.4554694257888681e-05,1.1941414186019716e-09,-3.4462766266562236e-05,-0.013729337267800358,-0.012616396590878617,0.012616396590878617,0.00015940076043207324,-0.011788229890336344,1.6802434157144841,
353,1344.8735624086644,0.58717471726566228,1345.4607371259301,10542,869,-3.4664300274685195e-05,-3.4547080603843051e-05,3.4547080603843051e-05,1.1936152523915293e-09,-3.4438560529997375e-05,-0.013763807657513711,-0.012650943671482442,0.012650943671482442,0.00016027372489158814,-0.011822843053093907,1.6894453340822306,
354,1344.7846259029739,0.58707468973871413,1345.3717005927126,10542,869,-3.4654919041183112e-05,-3.4539371728108997e-05,3.4539371728108997e-05,1.1930826206955707e-09,-3.4449676490699845e-05,-0.013798270489840361,-0.012685483043210551,0.012685483043210551,0.00016114888101499765,-0.011857450292563194,1.6986703547790902,
355,1344.6957248179615,0.58697468598518265,1345.2826995039466,10542,869,-3.4649311280570865e-05,-3.4531746662349765e-05,3.4531746662349765e-05,1.1925558997873488e-09,-3.4423113618634092e-05,-0.013832725542704706,-0.012720014789872915,0.012720014789872915,0.00016202622929460401,-0.01189204813097499,1.707918482994421,
356,1344.606859256857,0.58687472690062104,1345.1937339837575,10542,869,-3.4639690231570154e-05,-3.4524077392150756e-05,3.4524077392150756e-05,1.1920262404468019e-09,-3.4434295465285115e-05,-0.01386717308578236,-0.012754538867265042,0.012754538867265042,0.00016290576705581288,-0.011926640023919291,1.7171896905353237,
357,1344.5180290999624,0.58677479619938644,1345.1048038961617,10542,869,-3.4634331060001733e-05,-3.4516450611673801e-05,3.4516450611673801e-05,1.1914996333845919e-09,-3.4407688560765762e-05,-0.013901612874570781,-0.012789055317876668,0.012789055317876668,0.00016378749375798058,-0.011961222510773289,1.7264839717028733,
358,1344.4292344385456,0.58667492598934168,1345.015909364535,10542,869,-3.4593490671365645e-05,-3.4508771406950167e-05,3.4508771406950167e-05,1.1909695209001419e-09,-3.4419705328671415e-05,-0.013936045164948722,-0.012823564089283701,0.012823564089283701,0.00016467140653173408,-0.011995799080578367,1.735801296251009,
359,1344.3404751519206,0.58657504428722707,1344.9270501962078,10542,869,-3.4623407643605575e-05,-3.4501164727170869e-05,3.4501164727170869e-05,1.1904445364392811e-09,-3.4392268128421862e-05,-0.013970469792002321,-0.012858065254010837,0.012858065254010837,0.00016555750558617776,-0.01203036625486315,1.7451416663838997,
360,1344.2517513458129,0.58647525382500343,1344.8382265996379,10542,869,-3.4582457735931653e-05,-3.4493470375978907e-05,3.4493470375978907e-05,1.1899136141540655e-09,-3.440438917525818e-05,-0.014004886793083829,-0.012892558724386792,0.012892558724386792,0.00016644578715531024,-0.012064927490438594,1.7545050424041253,
361,1344.1630628198304,0.58637544172687739,1344.7494382615573,10542,869,-3.4606918882146391e-05,-3.4485894289011143e-05,3.4485894289011143e-05,1.1893909740518952e-09,-3.4376845925887109e-05,-0.014039296170567431,-0.012927044618675826,0.012927044618675826,0.00016733625262891236,-0.012099479394996657,1.7638914389613651,
362,1344.074409717678,0.58627575965899847,1344.660685477337,10542,869,-3.4567425175891649e-05,-3.4478197924970058e-05,3.4478197924970058e-05,1.1888601468754311e-09,-3.439893888738819e-05,-0.014073697931117412,-0.012961522816600754,0.012961522816600754,0.00016822889740571227,-0.012134025287975607,1.773300807553613,
363,1343.9857919174538,0.58617605082614466,1344.57196796828,10542,869,-3.4591881501729353e-05,-3.4470606009925151e-05,3.4470606009925151e-05,1.1883366450780427e-09,-3.4361445684059779e-05,-0.014108092075968946,-0.012995993422610676,0.012995993422610676,0.00016912372253003689,-0.012168561965638947,1.7827331591891189,
364,1343.8972095267118,0.58607641512980269,1344.4832859418416,10542,869,-3.4542237641554969e-05,-3.4462929786695888e-05,3.4462929786695888e-05,1.1878074424741376e-09,-3.4377981571376595e-05,-0.014142478623640582,-0.013030456352397383,0.013030456352397383,0.00017002072430137943,-0.012203092538334298,1.7921884548608404,
365,1343.8086623764884,0.58597680283772446,1344.3946391793261,10542,869,-3.4576824074709014e-05,-3.4455334094071128e-05,3.4455334094071128e-05,1.1872839135764156e-09,-3.434601178435298e-05,-0.014176857488207378,-0.013064911686491456,0.013064911686491456,0.00017091990316627664,-0.012237613859020044,1.801666699275722,
366,1343.7201505794756,0.58587725890815556,1344.3060278383837,10542,869,-3.4545521874456907e-05,-3.444766894768707e-05,3.444766894768707e-05,1.1867557083435957e-09,-3.4362867765678705e-05,-0.014211228849616203,-0.013099359355439167,0.013099359355439167,0.00017182125581836918,-0.0122721291265467,1.8111678575814296,
367,1343.631674042075,0.58577771495473752,1344.2174517570297,10542,869,-3.4561908160853502e-05,-3.4440066033137246e-05,3.4440066033137246e-05,1.1862319139312296e-09,-3.4330629164748361e-05,-0.014245592513476566,-0.013133799421472303,0.013133799421472303,0.00017272478221154249,-0.012306635103183385,1.8206919292918695,
368,1343.5432327938015,0.58567823072696501,1344.1289110245284,10542,869,-3.4530412557100607e-05,-3.4432420085040719e-05,3.4432420085040719e-05,1.1857052643092402e-09,-3.4347610482711233e-05,-0.014279948673573777,-0.013168231841557347,0.013168231841557347,0.00017363047973285712,-0.012341135040097902,1.8302388868640469,
369,1343.4548267503599,0.5855787624440989,1344.040405512804,10542,869,-3.4546908086922773e-05,-3.4424822848175808e-05,3.4424822848175808e-05,1.1851820921577176e-09,-3.4315252701612415e-05,-0.014314297137853916,-0.013202656664405498,0.013202656664405498,0.00017453834800345999,-0.012375625689104924,1.8398087263044718,
370,1343.3664559878337,0.58547938149771739,1343.9519353693313,10542,869,-3.4496332098118485e-05,-3.4417162250937674e-05,3.4417162250937674e-05,1.1846546668601249e-09,-3.4332357852902573e-05,-0.01434863810210512,-0.013237073826656511,0.013237073826656511,0.0001754483838780289,-0.012410110438283219,1.8494014144583026,
371,1343.2781203549384,0.58537999248608663,1343.8635003474246,10542,869,-3.4531606631678212e-05,-3.4409593268953484e-05,3.4409593268953484e-05,1.1841336732399545e-09,-3.4299879546350667e-05,-0.014382971372221016,-0.013271483419925376,0.013271483419925376,0.00017636058808239401,-0.012444585801992368,1.8590169589765153,
372,1343.189820033248,0.5852806866243937,1343.7751007198724,10542,869,-3.4481026419465754e-05,-3.4401915886994113e-05,3.4401915886994113e-05,1.1836053252188914e-09,-3.4317121896453811e-05,-0.01441729714689643,-0.013305885335812333,0.013305885335812333,0.00017727495630106194,-0.01247905532499557,1.8686553143694939,
373,1343.1015547838147,0.58518138994502955,1343.6867361737598,10542,869,-3.452711876459703e-05,-3.439434903160937e-05,3.439434903160937e-05,1.1830847079357211e-09,-3.428452243639853e-05,-0.014451615236157378,-0.013340279684844011,0.013340279684844011,0.00017819148978332979,-0.012513515403543497,1.8783164938060795,
374,1343.0133247442266,0.58508220681474898,1343.5984069510414,10542,869,-3.4517244097013336e-05,-3.438669062417023e-05,3.438669062417023e-05,1.1825579004730955e-09,-3.4301883411745248e-05,-0.014485925831053372,-0.013374666375468166,0.013374666375468166,0.0001791101846076232,-0.012547969570552502,1.888000455948956,
375,1342.9251298185532,0.58498299954386612,1343.510112818097,10542,869,-3.4512474099910491e-05,-3.437911248310593e-05,3.437911248310593e-05,1.1820367369582817e-09,-3.4269171768249736e-05,-0.014520228726524895,-0.013409045487951323,0.013409045487951323,0.00018003104126591377,-0.012582414255253381,1.897707205983997,
376,1342.8369700374969,0.58488384229245427,1343.4218538797893,10542,869,-3.4502476301586147e-05,-3.4371494741174108e-05,3.4371494741174108e-05,1.1815129598608526e-09,-3.4286644549963231e-05,-0.014554524129394876,-0.013443416982692401,0.013443416982692401,0.00018095405720061996,-0.012616853154922336,1.907436716951735,
377,1342.7488453763654,0.5847846802733957,1343.3336300566386,10542,869,-3.4497584087530558e-05,-3.43638991488094e-05,3.43638991488094e-05,1.1809908262018433e-09,-3.425382541206251e-05,-0.014588811850163867,-0.013477780881841246,0.013477780881841246,0.00018187923136841656,-0.012651282677626241,1.9171889778544788,
378,1342.6607557635216,0.58468561735612046,1343.2454413808778,10542,869,-3.4487596472846779e-05,-3.4356289807378976e-05,3.4356289807378976e-05,1.1804678583048587e-09,-3.4271420157559709e-05,-0.014623092089775896,-0.013512137171648668,0.013512137171648668,0.00018280656190754495,-0.012685706366088265,1.9269639690674312,
379,1342.5727012798179,0.58458654240134189,1343.1572878222194,10542,869,-3.4471810468051174e-05,-3.4348684595455727e-05,3.4348684595455727e-05,1.1799452935677844e-09,-3.423848867310941e-05,-0.014657364650984564,-0.013546485856244156,0.013546485856244156,0.00018373604729901309,-0.012720120633677881,1.9367616745788969,
380,1342.4846817954028,0.58448758194353112,1343.0691693773463,10542,869,-3.4472706335982845e-05,-3.4341077254253229e-05,3.4341077254253229e-05,1.1794226945953527e-09,-3.4257045636097963e-05,-0.014691629675885939,-0.013580826933498337,0.013580826933498337,0.00018466768597602429,-0.012754529073983868,1.9465820778732721,
381,1342.3966974087077,0.58438856855755983,1342.9810859772654,10542,869,-3.4456550630909538e-05,-3.4333495424999282e-05,3.4333495424999282e-05,1.1789019670235331e-09,-3.4223164478506465e-05,-0.014725887114230264,-0.013615160428923327,0.013615160428923327,0.00018560147699719028,-0.012788928044714494,1.9564251690273828,
382,1342.3087480068396,0.58428966929982651,1342.8930376761393,10542,869,-3.4457800095480279e-05,-3.4325879445657819e-05,3.4325879445657819e-05,1.1783790068422185e-09,-3.4238089342354187e-05,-0.014760136974212173,-0.013649486308369013,0.013649486308369013,0.00018653741793656518,-0.012823321143481095,1.9662909224693335,
383,1342.2208335965377,0.58419075818920652,1342.8050243547268,10542,869,-3.4441861161804719e-05,-3.4318315407355987e-05,3.4318315407355987e-05,1.1778597317611622e-09,-3.4207810158095673e-05,-0.014794379283515464,-0.013683804623776353,0.013683804623776353,0.00018747550857516705,-0.012857704855879433,1.9761793358908359,
384,1342.132954164364,0.58409197167490667,1342.717046136039,10542,869,-3.4442888362086814e-05,-3.4310691523628367e-05,3.4310691523628367e-05,1.1773364588653189e-09,-3.4223362416511041e-05,-0.014828614020070349,-0.013718115315300032,0.013718115315300032,0.00018841574580562211,-0.012892082740633644,1.9860903765370628,
385,1342.0451097114135,0.58399315560528908,1342.6291028670187,10542,869,-3.4447270347654959e-05,-3.4303127041384472e-05,3.4303127041384472e-05,1.1768173838141565e-09,-3.4192517732256888e-05,-0.014862841204658316,-0.013752418442341371,0.013752418442341371,0.00018935812959434999,-0.01292645127598226,1.9960240440540433,
386,1341.95730020222,0.58389445797552808,1342.5411946601955,10542,869,-3.4427902006252636e-05,-3.4295508832779679e-05,3.4295508832779679e-05,1.1762947319832233e-09,-3.4208104749036588e-05,-0.014897060823780079,-0.013786713951174142,0.013786713951174142,0.00019030265699760158,-0.012960813955401485,2.0059803074117184,
387,1341.8695256179808,0.5837957456316073,1342.4533213636123,10542,869,-3.4432090088210578e-05,-3.4287950737743983e-05,3.4287950737743983e-05,1.1757763250898235e-09,-3.417723291379814e-05,-0.014931272895019597,-0.013821001901911928,0.013821001901911928,0.00019124932801280219,-0.012995167279051019,2.0159591665829479,
388,1341.7817859534359,0.58369711185809803,1342.365483065294,10542,869,-3.4413208018420242e-05,-3.4280350960839773e-05,3.4280350960839773e-05,1.1752551688215873e-09,-3.4192821220653587e-05,-0.014965477400141973,-0.013855282252872782,0.013855282252872782,0.00019219814001110723,-0.013029514740660665,2.0259605938570813,
389,1341.694081184012,0.58359849654499374,1342.277679680557,10542,869,-3.4417384599380019e-05,-3.4272782436324566e-05,3.4272782436324566e-05,1.1747362750822022e-09,-3.4161948111485752e-05,-0.014999674360644899,-0.013889555035309085,0.013889555035309085,0.0001931490922318594,-0.013063852864475953,2.03598458121603,
390,1341.6064112837751,0.58349994983524522,1342.1899112336102,10542,869,-3.4398392419993762e-05,-3.4265195106907618e-05,3.4265195106907618e-05,1.1742162028482524e-09,-3.4177556434057977e-05,-0.015033863752566419,-0.01392382023041599,0.01392382023041599,0.00019410218265833432,-0.013098185129778098,2.0460311074015021,
391,1341.5187762682192,0.58340141953713676,1342.1021776877562,10542,869,-3.440260566284346e-05,-3.4257623947990504e-05,3.4257623947990504e-05,1.1736973581052105e-09,-3.4146667521054472e-05,-0.01506804558031684,-0.013958077854363942,0.013958077854363942,0.00019505741011216187,-0.013132508052913843,2.0561001599922983,
392,1341.4311760432561,0.58330296962409023,1342.0144790128802,10542,869,-3.4360918102835594e-05,-3.4250051968371845e-05,3.4250051968371845e-05,1.1731785664596849e-09,-3.4162303827556737e-05,-0.015102219879504448,-0.013992327906332347,0.013992327906332347,0.00019601477309163319,-0.013166825132143664,2.0661917231589055,
393,1341.3436107354798,0.58320451455954858,1341.9268152500395,10542,869,-3.4387513058376784e-05,-3.4242468192556815e-05,3.4242468192556815e-05,1.1726590866810873e-09,-3.41314023780127e-05,-0.015136386619200694,-0.014026570374524931,0.014026570374524931,0.00019697426963364686,-0.013201132861230393,2.0763057762082715,
394,1341.2560801305297,0.58310612910449877,1341.8391862596341,10542,869,-3.4357346119742245e-05,-3.423492462626627e-05,3.423492462626627e-05,1.1721424726901348e-09,-3.4147048925575055e-05,-0.015170545833224292,-0.014060805299151132,0.014060805299151132,0.00019793589937155845,-0.013235434795045267,2.0864423152755975,
395,1341.1685845153308,0.58300774822758361,1341.7515922635585,10542,869,-3.435213715787696e-05,-3.4227300665722574e-05,3.4227300665722574e-05,1.1716204673076844e-09,-3.4116149511525539e-05,-0.015204697490839515,-0.014095032599816898,0.014095032599816898,0.0001988996584644084,-0.013269727337317263,2.096601299873329,
396,1341.0811234447679,0.58290948636258211,1341.6640329311304,10542,869,-3.434241551565919e-05,-3.4219789992352749e-05,3.4219789992352749e-05,1.1711063358973992e-09,-3.4141297126463845e-05,-0.015238841597846829,-0.014129252389809178,0.014129252389809178,0.00019986554854706514,-0.013304014090520901,2.1067827472346137,
397,1340.9936973453525,0.58281120010406529,1341.5765085454566,10542,869,-3.4337239298529539e-05,-3.4212173710581208e-05,3.4212173710581208e-05,1.1705850866675793e-09,-3.4101000395665154e-05,-0.015272978216210362,-0.01416346456351983,0.01416346456351983,0.00020083356508574014,-0.013338291389387837,2.1169866095687868,
398,1340.906305801908,0.58271302476597087,1341.4890188266741,10542,869,-3.4327748046335831e-05,-3.4204657612741835e-05,3.4204657612741835e-05,1.1700708105698395e-09,-3.4126214760949128e-05,-0.015307107294006935,-0.014197669221132574,0.014197669221132574,0.00020180370936972203,-0.013372562935958459,2.1272129004662399,
399,1340.8189491718347,0.58261485062945972,1341.4015640224641,10542,869,-3.4322086838864117e-05,-3.4197040454889233e-05,3.4197040454889233e-05,1.1695497328768047e-09,-3.4085746726360789e-05,-0.015341228803454855,-0.014231866261587409,0.014231866261587409,0.0002027759769643979,-0.013406825044027031,2.1374615731817181,
400,1340.7316270713518,0.58251676650290851,1341.3141438378548,10542,869,-3.431313467311147e-05,-3.4189535967070619e-05,3.4189535967070619e-05,1.1690364787573441e-09,-3.4111157283988479e-05,-0.015375342811019804,-0.014266055797554559,0.014266055797554559,0.00020375036953200563,-0.013441081405635515,2.1477326452368715,
401,1340.6443398481756,0.5824186858444842,1341.2267585340201,10542,869,-3.430721908746732e-05,-3.4181923639526797e-05,3.4181923639526797e-05,1.1685159616438668e-09,-3.4070506158622913e-05,-0.015409449253088198,-0.014300237721194101,0.014300237721194101,0.00020472688244083849,-0.013475328331177662,2.1580260678088785,
402,1340.5570871761531,0.58232060409148367,1341.1394077802447,10542,869,-3.4298427177468809e-05,-3.4174436241885092e-05,3.4174436241885092e-05,1.1680041030147404e-09,-3.4096097072113267e-05,-0.015443548197695438,-0.014334412157435913,0.014334412157435913,0.00020570551770098238,-0.013509569556712798,2.1683418620860553,
403,1340.4698692815241,0.58222262004800873,1341.0520919015721,10542,869,-3.429240385821788e-05,-3.4166817026254612e-05,3.4166817026254612e-05,1.1674833450800627e-09,-3.4055278257835588e-05,-0.015477639581842586,-0.014368578974462257,0.014368578974462257,0.00020668627002305988,-0.013543802845639875,2.1786799723130743,
404,1340.3826859077701,0.58212465222380605,1340.964810559994,10542,869,-3.4311950450949448e-05,-3.415932691326072e-05,3.415932691326072e-05,1.1669715275710753e-09,-3.4081045783513978e-05,-0.01551172337590217,-0.014402738301375399,0.014402738301375399,0.00020766914152387761,-0.013578026887713802,2.1890404208031939,
405,1340.2955372749809,0.58202667455328738,1340.8775639495343,10542,869,-3.4277432575538165e-05,-3.4151752324056458e-05,3.4151752324056458e-05,1.1664540478166076e-09,-3.4040042326628753e-05,-0.01554579974513982,-0.014436890053699553,0.014436890053699553,0.00020865412824564757,-0.0136122455154564,2.1994231658373709,
406,1340.2084231435431,0.58192878994849029,1340.7903519334916,10542,869,-3.429753917148994e-05,-3.4144234231269231e-05,3.4144234231269231e-05,1.1659405450033305e-09,-3.4043857803121394e-05,-0.015579868502532172,-0.01447103428793081,0.01447103428793081,0.00020964123026225582,-0.0136464560383127,2.2098282081944385,
407,1340.1213437354327,0.58183089412165434,1340.7031746295543,10542,869,-3.4262533628520635e-05,-3.4136655314110301e-05,3.4136655314110301e-05,1.1654229993349452e-09,-3.402482848604573e-05,-0.015613929838235507,-0.014505170943244923,0.014505170943244923,0.0002106304442895969,-0.013680658765236189,2.2202555132566411,
408,1340.0342988026473,0.5817330728998743,1340.6160318755472,10542,869,-3.4282877892899118e-05,-3.4129148613008115e-05,3.4129148613008115e-05,1.1649105000573859e-09,-3.4029821239663366e-05,-0.015647983543049412,-0.014539300091857927,0.014539300091857927,0.00021162177086300938,-0.013714853819909226,2.230705086666982,
409,1339.9472884455718,0.58163534797877192,1340.5289237935506,10542,869,-3.4247468621195626e-05,-3.4121571615697681e-05,3.4121571615697681e-05,1.1643933125951001e-09,-3.4009627111517946e-05,-0.015682029844079629,-0.014573421663473638,0.014573421663473638,0.00021261520642195262,-0.013749041291701363,2.2411768908938026,
410,1339.8603126005048,0.58153760545383382,1340.4418502059586,10542,869,-3.426805621041461e-05,-3.4114081319694392e-05,3.4114081319694392e-05,1.1638821600652753e-09,-3.4014675405451033e-05,-0.015716068524729482,-0.014607535744793286,0.014607535744793286,0.00021361075190361501,-0.013783221155966748,2.2516709358160059,
411,1339.7733713495566,0.58143988428886406,1340.3548112338453,10542,869,-3.4229679948244932e-05,-3.4106518732353142e-05,3.4106518732353142e-05,1.163366185571073e-09,-3.3994440468835295e-05,-0.015750099811956499,-0.014641642263525644,0.014641642263525644,0.00021460840368291688,-0.013817393478994461,2.2621871832216267,
412,1339.6864645294304,0.58134220474582721,1340.2678067341762,10542,869,-3.4253403409433556e-05,-3.40990237044935e-05,3.40990237044935e-05,1.1628549340082462e-09,-3.3999469678327749e-05,-0.015784123482526308,-0.014675741287230089,0.014675741287230089,0.00021560816219502157,-0.01385155875146598,2.2727256376977225,
413,1339.5995923139287,0.58124455632134964,1340.18083687025,10542,869,-3.4214796350935276e-05,-3.4091447254373093e-05,3.4091447254373093e-05,1.1623382436995799e-09,-3.397926281713897e-05,-0.015818139763659346,-0.014709832734484512,0.014709832734484512,0.00021661002348401714,-0.013885715852395687,2.2832862575450248,
414,1339.5127544514376,0.58114695952586459,1340.0939014109633,10542,869,-3.4238701788336374e-05,-3.4083966675523874e-05,3.4083966675523874e-05,1.1618282005650886e-09,-3.4005914032429718e-05,-0.015852148430260081,-0.014743916701160044,0.014743916701160044,0.00021761398888451994,-0.013919865890140664,2.2938690568317246,
415,1339.4259511853525,0.58104936282524355,1340.0070005481778,10542,869,-3.4199855228290539e-05,-3.4076399682740013e-05,3.4076399682740013e-05,1.1613123839334899e-09,-3.3964084140293361e-05,-0.01588614968954806,-0.014777993100842771,0.014777993100842771,0.00021862005424352028,-0.013954007841218793,2.3044739917809474,
416,1339.3391821847849,0.58095185794100435,1339.920134042726,10542,869,-3.422427861313538e-05,-3.4068926450925673e-05,3.4068926450925673e-05,1.1608030670085292e-09,-3.399083483322759e-05,-0.015920143349138372,-0.014812062027293762,0.014812062027293762,0.00021962822086626861,-0.013988142757130003,2.3151010761513375,
417,1339.2524477329723,0.58085440844732261,1339.8333021414196,10542,869,-3.4162880854276946e-05,-3.406134770726066e-05,3.406134770726066e-05,1.1602866764199801e-09,-3.3948918109365247e-05,-0.015954129612724004,-0.014846123375001009,0.014846123375001009,0.00022063848402395839,-0.014022269605310876,2.3257502600965454,
418,1339.1657476248395,0.58075696441454927,1339.7465045892541,10542,869,-3.4209553704053349e-05,-3.4053869273487306e-05,3.4053869273487306e-05,1.1597772320814893e-09,-3.3975806843549471e-05,-0.015988108283286753,-0.01488017724427438,0.01488017724427438,0.00022165084520234477,-0.014056389406820021,2.3364215592779161,
419,1339.0790819646711,0.5806595707930523,1339.6597415354643,10542,869,-3.4156676070771221e-05,-3.4046323379166461e-05,3.4046323379166461e-05,1.1592633067730204e-09,-3.3933761733819516e-05,-0.016022079563035627,-0.014914223567653626,0.014914223567653626,0.00022266530081692414,-0.014090501131117816,2.3471149359111974,
420,1338.9924505778513,0.58056222233580335,1339.5730128001871,10542,869,-3.4194855599147526e-05,-3.403884619323081e-05,3.403884619323081e-05,1.1587541704175464e-09,-3.3960560552664182e-05,-0.016056043253616124,-0.014948262413846811,0.014948262413846811,0.00022368185143690155,-0.014124605839122908,2.3578303959963791,
421,1338.9058536544724,0.58046491715654625,1339.486318571629,10542,869,-3.4158402914656602e-05,-3.4031287814639533e-05,3.4031287814639533e-05,1.1582396232758305e-09,-3.3918615229684969e-05,-0.016089999557329596,-0.014982293701661478,0.014982293701661478,0.0002247004930391015,-0.01415870296137981,2.3685678971251689,
422,1338.8192909778186,0.58036766566406672,1339.3996586434826,10542,869,-3.4180157710239577e-05,-3.4023809423681214e-05,3.4023809423681214e-05,1.1577306297879725e-09,-3.3945363264016044e-05,-0.016123948275240611,-0.015016317511085208,0.015016317511085208,0.00022572122654745166,-0.014192792437592743,2.3793274490366878,
423,1338.732762733536,0.58027043326298744,1339.313033166799,10542,869,-3.4143787249618889e-05,-3.4016264204993476e-05,3.4016264204993476e-05,1.157217204342729e-09,-3.3903478276987863e-05,-0.016157889610653793,-0.015050333775290126,0.015050333775290126,0.00022674404835179265,-0.014226874307566377,2.3901090136762462,
424,1338.6462687611518,0.58017321604688865,1339.2264419771986,10542,869,-3.4165519195840708e-05,-3.4008783232219082e-05,3.4008783232219082e-05,1.1567082602724439e-09,-3.3930180690669284e-05,-0.016191823356238054,-0.015084342558522437,0.015084342558522437,0.00022776895891532414,-0.014260948649097162,2.4009125959264317,
425,1338.5598090825292,0.5800760791868661,1339.1398851617162,10542,869,-3.4129034193357853e-05,-3.4001257945440942e-05,3.4001257945440942e-05,1.1561964166618582e-09,-3.3888315918760124e-05,-0.016225749695056912,-0.01511834381646779,0.01511834381646779,0.00022879595531988378,-0.01429501543827018,2.411738165026895,
426,1338.4733836239466,0.57997900211719688,1339.0533626260637,10542,869,-3.4150727910557388e-05,-3.3993771964650276e-05,3.3993771964650276e-05,1.155687356887235e-09,-3.3916071341070182e-05,-0.01625966850360409,-0.015152337588432461,0.015152337588432461,0.0002298250372835118,-0.014329074725730721,2.4225857180054979,
427,1338.3869925170122,0.5798819298574347,1338.9668744468697,10542,869,-3.4125630678616064e-05,-3.3986243359081994e-05,3.3986243359081994e-05,1.1551755156579305e-09,-3.3873177260251629e-05,-0.016293579880968273,-0.015186323831791576,0.015186323831791576,0.00023085620190605978,-0.014363126455469876,2.4334552242917762,
428,1338.3006355242867,0.57978497535877604,1338.8804204996454,10542,869,-3.4135757057325064e-05,-3.3978765895171725e-05,3.3978765895171725e-05,1.1546672578337808e-09,-3.3901111417089387e-05,-0.016327483735371219,-0.015220302597686758,0.015220302597686758,0.00023188944929141585,-0.014397170661525172,2.4443466849808146,
429,1338.2143128588159,0.57968800003363707,1338.7940008588496,10542,869,-3.4111151806691748e-05,-3.3971249130731382e-05,3.3971249130731382e-05,1.1541564471247024e-09,-3.3858053077659821e-05,-0.016361380165209417,-0.015254273846817408,0.015254273846817408,0.00023292477663114922,-0.014431207346090635,2.455260070468944,
430,1338.128024288636,0.57959109533028941,1338.7076153839662,10542,869,-3.412115922764647e-05,-3.3963792259706244e-05,3.3963792259706244e-05,1.1536498137749568e-09,-3.3886166275081296e-05,-0.016395269076821636,-0.015288237639077187,0.015288237639077187,0.00023396218430268118,-0.014465236510548832,2.4661953847345623,
431,1338.0417700019686,0.57949418073644787,1338.6212641827051,10542,869,-3.4096513316188905e-05,-3.395627685989519e-05,3.395627685989519e-05,1.1531393215688033e-09,-3.3842942565183827e-05,-0.016429150526591718,-0.015322193915937048,0.015322193915937048,0.00023500166891432241,-0.014499258171359745,2.4771525920258726,
432,1337.9555498193038,0.57939734542802912,1338.5349471647319,10542,869,-3.4106537499482268e-05,-3.3948803763937434e-05,3.3948803763937434e-05,1.1526318092204693e-09,-3.3859341498436045e-05,-0.016463024520545811,-0.015356142719701021,0.015356142719701021,0.00023604323030034131,-0.014533272325195926,2.4881316905958979,
433,1337.8693638678421,0.57930048621708896,1338.4486643540592,10542,869,-3.408184874712861e-05,-3.3941306818104837e-05,3.3941306818104837e-05,1.1521227952109936e-09,-3.3827840127914123e-05,-0.01649689103602122,-0.015390084026519042,0.015390084026519042,0.0002370868661516409,-0.014567278996703932,2.4991326561044467,
434,1337.7832120869114,0.57920367623292146,1338.3624157631443,10542,869,-3.4091934550092535e-05,-3.3933812224006147e-05,3.3933812224006147e-05,1.1516140485474001e-09,-3.3826208689353881e-05,-0.016530750108452372,-0.015424017838743103,0.015424017838743103,0.00023813257505043362,-0.014601278199956757,2.5101554736066207,
435,1337.6970944301172,0.57910689290465445,1338.276201323022,10542,869,-3.4067186666691576e-05,-3.3926326415732883e-05,3.3926326415732883e-05,1.1511060129668092e-09,-3.3812737387008517e-05,-0.016564601600347523,-0.015457944165158827,0.015457944165158827,0.00023918035572382808,-0.014635269884802899,2.5212001296848716,
436,1337.6110108982457,0.57901016608830613,1338.1900210643339,10542,869,-3.4077283930986828e-05,-3.391883739161377e-05,3.391883739161377e-05,1.1505978684812982e-09,-3.3811650529889097e-05,-0.016598445787253974,-0.015491863002550451,0.015491863002550451,0.00024023020656040864,-0.014669254098323623,2.5322666073532676,
437,1337.5249614298962,0.57891344960029956,1338.1038748794965,10542,869,-3.405254036438226e-05,-3.3911374154636175e-05,3.3911374154636175e-05,1.1500915877394448e-09,-3.3797654626715081e-05,-0.016632282370333418,-0.015525774376705116,0.015525774376705116,0.00024128212683581133,-0.0147032307918751,2.5433548989762871,
438,1337.4389460783527,0.57881680213993492,1338.0177628804927,10542,869,-3.4062744755087503e-05,-3.3903870957943987e-05,3.3903870957943987e-05,1.1495827067514369e-09,-3.3796617577386521e-05,-0.016666111650752876,-0.015559678247663047,0.015559678247663047,0.0002423361137866432,-0.014737200061674673,2.5544649754250059,
439,1337.352964726166,0.57872017818806898,1337.9316849043541,10542,869,-3.4011484301607935e-05,-3.3896420463912279e-05,3.3896420463912279e-05,1.1490775128432423e-09,-3.3782581424540799e-05,-0.016699933337111415,-0.015593574668126935,0.015593574668126935,0.00024339216753894655,-0.014771161799123479,2.5655968380280356,
440,1337.2670174976854,0.57862358430835414,1337.8456410819938,10542,869,-3.401089441141011e-05,-3.3888921741952788e-05,3.3888921741952788e-05,1.1485691598037686e-09,-3.3781575539320223e-05,-0.016733747725581737,-0.015627463589868846,0.015627463589868846,0.00024445028505143895,-0.014805116038423225,2.5767504547272178,
441,1337.1811041745214,0.57852702826759339,1337.759631202789,10542,869,-3.4009525860597525e-05,-3.3881494473179385e-05,3.3881494473179385e-05,1.1480657633924189e-09,-3.3767520281144146e-05,-0.01676755452233232,-0.015661345084342141,0.015661345084342141,0.00024551046705215053,-0.014839063304580206,2.587925833196719,
442,1337.0952249971522,0.57843050178903521,1337.6736554989411,10542,869,-3.3996425008870746e-05,-3.3873977027920603e-05,3.3873977027920603e-05,1.1475563657073202e-09,-3.3766535234696999e-05,-0.016801354024571606,-0.015695219061369978,0.015695219061369978,0.00024657270918116374,-0.014873002408167968,2.5991229274786471,
443,1337.0093796535459,0.57833403596359045,1337.5877136895094,10542,869,-3.3995233943247779e-05,-3.3866557944587976e-05,3.3866557944587976e-05,1.1470537449809636e-09,-3.375246686470118e-05,-0.016835145936039901,-0.015729085619314635,0.015729085619314635,0.00024763701303412374,-0.014906934506503123,2.6103417543926981,
444,1336.9235684047044,0.57823761347688474,1337.5018060181812,10542,869,-3.3973359620094074e-05,-3.3859049217006896e-05,3.3859049217006896e-05,1.1465451612956201e-09,-3.375148797941339e-05,-0.016868930557404078,-0.015762944668531655,0.015762944668531655,0.00024870337425530483,-0.014940859016667987,2.6215822680251684,
445,1336.8377910254169,0.57814121445277411,1337.4159322398696,10542,869,-3.3980297377535679e-05,-3.3851622279732319e-05,3.3851622279732319e-05,1.1460422315461965e-09,-3.3737424088688468e-05,-0.016902707581638286,-0.015796796290811415,0.015796796290811415,0.00024977179390100535,-0.014974775861356489,2.6328444795104975,
446,1336.7520476560771,0.57804485813394924,1337.3300925142112,10542,869,-3.39586095075514e-05,-3.3844137228839149e-05,3.3844137228839149e-05,1.1455354748511281e-09,-3.3736461011283703e-05,-0.016936477329207944,-0.015830640428040169,0.015830640428040169,0.00025084226864215668,-0.015008685302784555,2.6441283537569737,
447,1336.6663381391108,0.57794851958283566,1337.2442866586937,10542,869,-3.3965554592129664e-05,-3.3836712421962148e-05,3.3836712421962148e-05,1.1450329123318379e-09,-3.3722378009833464e-05,-0.016970239484595081,-0.015864477140462123,0.015864477140462123,0.00025191479882423159,-0.015042587139360158,2.655433894406225,
448,1336.580662611291,0.5778522182618907,1337.1585148295528,10542,869,-3.3943833135349403e-05,-3.3829226419500666e-05,3.3829226419500666e-05,1.1445263146246031e-09,-3.369160890832437e-05,-0.017003994357427801,-0.015898306366881592,0.015898306366881592,0.00025298938104634591,-0.015076481679157192,2.6667610656095322,
449,1336.4950208959242,0.57775595612337327,1337.0727768520476,10542,869,-3.3951034316177904e-05,-3.3821800549236372e-05,3.3821800549236372e-05,1.1440239009188287e-09,-3.3707343015901877e-05,-0.017037741649771995,-0.015932128167430878,0.015932128167430878,0.00025406601566228592,-0.015110368713736382,2.6781098710961557,
450,1336.4094131674037,0.57765970281255419,1336.9870728702163,10542,869,-3.3902900614877585e-05,-3.3814319749691051e-05,3.3814319749691051e-05,1.1435178767235559e-09,-3.3677423206292909e-05,-0.017071481550627005,-0.015965942487180584,0.015965942487180584,0.00025514469945585419,-0.015144248297166089,2.6894802769641593,
451,1336.3238392262631,0.57756351267715422,1336.9014027389403,10542,869,-3.3916390478151642e-05,-3.3806884092294383e-05,3.3806884092294383e-05,1.1430150207404319e-09,-3.3692316792600197e-05,-0.017105213930112152,-0.015999749371272801,0.015999749371272801,0.00025622543233160152,-0.015178120349176653,2.7008722822074116,
452,1336.2382991858551,0.57746733246693893,1336.8157665183221,10542,869,-3.3888207711919108e-05,-3.3799426735015474e-05,3.3799426735015474e-05,1.1425108079818207e-09,-3.3661682477532463e-05,-0.017138939005071584,-0.016033548798007762,0.016033548798007762,0.00025730821207977587,-0.015211984933171841,2.7122858635329172,
453,1336.1527928854555,0.57737120992318924,1336.7301640953788,10542,869,-3.3901735265720846e-05,-3.3792002664061515e-05,3.3792002664061515e-05,1.1420089575328265e-09,-3.3677297011257734e-05,-0.017172656557635505,-0.016067340800671921,0.016067340800671921,0.00025839303826530107,-0.015245842024600997,2.7237210163545384,
454,1336.0673204777868,0.57727513473136749,1336.6445956125181,10542,869,-3.3873511012126683e-05,-3.3784524780921647e-05,3.3784524780921647e-05,1.1415035776392893e-09,-3.3646522008715377e-05,-0.017206366709490405,-0.016101125325452791,0.016101125325452791,0.00025947990765812267,-0.015279691658986586,2.7351777066242708,
455,1335.9818817528424,0.57717912795320792,1336.5590608807956,10542,869,-3.3871011356752867e-05,-3.3777111979075079e-05,3.3777111979075079e-05,1.1410027094864765e-09,-3.3662278443552934e-05,-0.017240069450743422,-0.016134902437431931,0.016134902437431931,0.00026056882084460402,-0.015313533824869031,2.7466559405229711,
456,1335.8964768686862,0.57708315421689838,1336.4735600229033,10542,869,-3.3898644512648769e-05,-3.3769649918673778e-05,3.3769649918673778e-05,1.1404986239312586e-09,-3.363126626005297e-05,-0.017273764761683835,-0.016168672087350615,0.016168672087350615,0.00026165977469955334,-0.015347368530305468,2.7581556851079916,
457,1335.811105692097,0.57698717485612538,1336.3880928669532,10542,869,-3.3876592819100015e-05,-3.3762249106467909e-05,3.3762249106467909e-05,1.1399987850002865e-09,-3.3647292634997518e-05,-0.01730745269112224,-0.016202434336457128,0.016202434336457128,0.0002627527697308292,-0.015381195783759424,2.7696769457326704,
458,1335.7257682606898,0.57689127932799467,1336.3026595400179,10542,869,-3.3913239587615574e-05,-3.3754793880810444e-05,3.3754793880810444e-05,1.1394953831241521e-09,-3.3616021033827076e-05,-0.017341133235960253,-0.016236189130337867,0.016236189130337867,0.0002638478026486427,-0.015415015619567107,2.7812196877193425,
459,1335.640464544158,0.57679537626705091,1336.217259920425,10542,869,-3.3860697423310229e-05,-3.3747383018095194e-05,3.3747383018095194e-05,1.1389950846391094e-09,-3.3632322157655078e-05,-0.017374806342238525,-0.01626993651335603,0.01626993651335603,0.00026494487340599393,-0.01544882793556519,2.7927839105725822,
460,1335.5551945353054,0.57669958185922632,1336.1318941171646,10542,869,-3.3899030267403901e-05,-3.373992474106152e-05,3.373992474106152e-05,1.1384916975054236e-09,-3.3600741201889921e-05,-0.01740847208084411,-0.016303676438097086,0.016303676438097086,0.0002660439789421193,-0.015482632862675288,2.8043695820288796,
461,1335.4699581994082,0.57660375387859819,1336.0465619532868,10542,869,-3.3846008090580656e-05,-3.3732531597089118e-05,3.3732531597089118e-05,1.1379928159366885e-09,-3.3617352021440115e-05,-0.017442130388339219,-0.016337408969694132,0.016337408969694132,0.00026714511988582408,-0.015516430216073612,2.8159767087164718,
462,1335.3847555783627,0.57650799353821347,1335.9612635719009,10542,869,-3.3884776886143947e-05,-3.3725077711997332e-05,3.3725077711997332e-05,1.1374899480347758e-09,-3.3585461247934539e-05,-0.017475781248045955,-0.016371134047406137,0.016371134047406137,0.00026824829272218759,-0.015550220238665514,2.8276052535845793,
463,1335.2995865752412,0.57641224135296665,1335.8759988165941,10542,869,-3.3857017749381796e-05,-3.3717679740186815e-05,3.3717679740186815e-05,1.1369909607487849e-09,-3.3602363290829888e-05,-0.017509424773490496,-0.0164048517271463,0.0164048517271463,0.0002693534977994983,-0.015584002682049672,2.8392552203045116,
464,1335.2144511815673,0.57631660116808536,1335.7907677827354,10542,869,-3.3870368200684676e-05,-3.3710242201377851e-05,3.3710242201377851e-05,1.136489414010077e-09,-3.3569995533985079e-05,-0.017543060856266522,-0.016438561969347645,0.016438561969347645,0.00027046073233301756,-0.015617777902874622,2.850926579522338,
465,1335.1293495332018,0.57622083431088733,1335.7055703675126,10542,869,-3.3842662216096072e-05,-3.3702839631035133e-05,3.3702839631035133e-05,1.1359903381116525e-09,-3.3587409089187793e-05,-0.017576689653124825,-0.016472264808978666,0.016472264808978666,0.0002715699959263461,-0.015651545472874687,2.8626193270596141,
466,1335.0442813246048,0.57612530574737675,1335.6204066303521,10542,869,-3.3855840658127942e-05,-3.3695410152047317e-05,3.3695410152047317e-05,1.1354895557048681e-09,-3.3492589469549463e-05,-0.017610310921300762,-0.016505960219130721,0.016505960219130721,0.00027268128625314937,-0.015685305763068664,2.8743334383944474,
467,1334.9592468756025,0.57602960542729664,1335.5352764810298,10542,869,-3.3844778949771421e-05,-3.3688009920906077e-05,3.3688009920906077e-05,1.1349908573791528e-09,-3.3572466414442506e-05,-0.017643924935065693,-0.01653964822905158,0.01653964822905158,0.00027379460271188902,-0.015719058524134327,2.8860689071860222,
468,1334.8742457952264,0.5759341637850135,1335.4501799590114,10542,869,-3.3841388453940811e-05,-3.3680595134023005e-05,3.3680595134023005e-05,1.1344912840798516e-09,-3.3477804411073496e-05,-0.017677531430573167,-0.016573328824185714,0.016573328824185714,0.00027490994339885377,-0.015752803979318129,2.8978257133673178,
469,1334.789278465443,0.57583855555383978,1335.3651170209969,10542,869,-3.3832190163528896e-05,-3.3673183262590115e-05,3.3673183262590115e-05,1.1339920188538183e-09,-3.3557504981099089e-05,-0.017711130597889434,-0.01660700200744834,0.01660700200744834,0.00027602730686223352,-0.015786541893149719,2.9096038416348033,
470,1334.704344501049,0.57574317399209352,1335.2800876750412,10542,869,-3.3826519991737187e-05,-3.3665774720813655e-05,3.3665774720813655e-05,1.1334930868414283e-09,-3.3462207320947037e-05,-0.017744722327930725,-0.016640667782169102,0.016640667782169102,0.00027714669172966783,-0.015820272547455272,2.9214032775224288,
471,1334.6194442242797,0.57564762417706417,1335.1950918484567,10542,869,-3.381696706638753e-05,-3.3658379307845802e-05,3.3658379307845802e-05,1.1329951479809038e-09,-3.3542587626885768e-05,-0.017778306746788673,-0.01667432616147695,0.01667432616147695,0.00027826809694919929,-0.01585399561666748,2.9332240099415099,
472,1334.5345773124152,0.57555230357566911,1335.1101296159909,10542,869,-3.3812006490834916e-05,-3.3650964543992059e-05,3.3650964543992059e-05,1.1324960188421835e-09,-3.3447262397442987e-05,-0.017811883731675273,-0.016707977126020946,0.016707977126020946,0.00027939152036010346,-0.015887711386356987,2.9450660161158506,
473,1334.449743997726,0.57545687706973014,1335.0252008747957,10542,869,-3.380306625780936e-05,-3.3643566699184733e-05,3.3643566699184733e-05,1.1319981356179381e-09,-3.3527689334925885e-05,-0.017845453409201219,-0.016741620692720088,0.016741620692720088,0.00028051696106773751,-0.015921419583244781,2.9569292866150212,
474,1334.3649440787206,0.57536161584425372,1334.9403056945648,10542,869,-3.3796976732672687e-05,-3.3636157709477274e-05,3.3636157709477274e-05,1.131499613646336e-09,-3.3431926040947787e-05,-0.017879015605968111,-0.016775256850429545,0.016775256850429545,0.00028164441717013432,-0.015955120065976398,2.968813801390386,
475,1334.2801777203015,0.57526626485792998,1334.8554439851594,10542,869,-3.3788945309983587e-05,-3.3628760263171371e-05,3.3628760263171371e-05,1.1310019753101151e-09,-3.3512777752773866e-05,-0.01791257053255035,-0.016808885610692718,0.016808885610692718,0.00028277388759808639,-0.015988813583945594,2.9807195491714285,
476,1334.1954447052458,0.5751710914914292,1334.7706157967373,10542,869,-3.3782270502941135e-05,-3.3621356833390522e-05,3.3621356833390522e-05,1.1305040484326793e-09,-3.3416497403291014e-05,-0.017946118012625186,-0.016842506967526236,0.016842506967526236,0.0002839053706039176,-0.016022499308712974,2.9926465115358956,
477,1334.1107451469804,0.57507587514050129,1334.685821022121,10542,869,-3.3774516802761141e-05,-3.3613972432487105e-05,3.3613972432487105e-05,1.1300075053578045e-09,-3.3497879725821569e-05,-0.017979658206647039,-0.016876120939958612,0.016876120939958612,0.00028503886539893886,-0.016056177847159826,3.0045946801702144,
478,1334.0260789116019,0.57498084275486483,1334.6010597543568,10542,869,-3.3768769818302067e-05,-3.3606566302441853e-05,3.3606566302441853e-05,1.1295096162985722e-09,-3.3401250801061059e-05,-0.018013191017316986,-0.016909727506261175,0.016909727506261175,0.00028617436969472128,-0.016089849035532348,3.0165640309520572,
479,1333.9414461445799,0.57488566352211756,1334.516331808102,10542,869,-3.3760496349586508e-05,-3.3599210938674454e-05,3.3599210938674454e-05,1.129015244686346e-09,-3.3483030294742739e-05,-0.01804671649265074,-0.016943326717199714,0.016943326717199714,0.00028731188376660075,-0.016123512654737708,3.0285545667837384,
480,1333.8568466534227,0.57479072863534963,1334.4316373820582,10542,869,-3.3754339930385932e-05,-3.3591790163886725e-05,3.3591790163886725e-05,1.1285165877665371e-09,-3.3385903319473624e-05,-0.018080234585284509,-0.016976918507363714,0.016976918507363714,0.00028845140387955914,-0.01615716902043059,3.0405662482944331,
481,1333.7722806159722,0.57469566695627772,1334.3469762829286,10542,869,-3.3746436593815048e-05,-3.3584422748764091e-05,3.3584422748764091e-05,1.1280216229700885e-09,-3.3468139194349195e-05,-0.018113745335253107,-0.017010502930112359,0.017010502930112359,0.00028959293037136553,-0.016190817400573775,3.0525990790445641,
482,1333.6877478384608,0.57460080598856256,1334.2623486444495,10542,869,-3.3712416998088761e-05,-3.3577018601615196e-05,3.3577018601615196e-05,1.1275243008777873e-09,-3.3370395202698157e-05,-0.018147248703622259,-0.017044079948714059,0.017044079948714059,0.00029073646050050176,-0.016224458878013291,3.0646530301357893,
483,1333.6032484191824,0.57450584364824941,1334.1777542628306,10542,869,-3.3732441402463295e-05,-3.3569669764204875e-05,3.3569669764204875e-05,1.1270308038736289e-09,-3.3453260969787819e-05,-0.018180744734838345,-0.017077649618478231,0.017077649618478231,0.00029188199465618805,-0.016258092684518777,3.0767281056708784,
484,1333.5187822781559,0.57441102474531069,1334.0931933029012,10542,869,-3.3697907837805622e-05,-3.3562272526349667e-05,3.3562272526349667e-05,1.1265341650794814e-09,-3.3355038819513157e-05,-0.018214233378310775,-0.017111211891004615,0.017111211891004615,0.00029302952970609793,-0.016291719336536347,3.0888242726319781,
485,1333.4343493579788,0.57431621724906723,1334.008665575228,10542,869,-3.3718276074747899e-05,-3.355492748082202e-05,3.355492748082202e-05,1.1260411351221561e-09,-3.343836888568279e-05,-0.018247714648321683,-0.017144766818485369,0.017144766818485369,0.00029417906599142336,-0.016325338406359146,3.1009415346155937,
486,1333.3499497674036,0.57422150193373689,1333.9241712693374,10542,869,-3.3683314616114434e-05,-3.3547514453629601e-05,3.3547514453629601e-05,1.125543658055e-09,-3.3339730417469692e-05,-0.018281188644254126,-0.017178314332939093,0.017178314332939093,0.00029533059963598855,-0.016358950324509961,3.1130798507629551,
487,1333.2655834450929,0.57412673230833733,1333.8397101774012,10542,869,-3.366884802061541e-05,-3.3540174324684781e-05,3.3540174324684781e-05,1.1250511756802741e-09,-3.3423551042959907e-05,-0.018314655222359401,-0.017211854507263723,0.017211854507263723,0.00029648413167434701,-0.016392553130365167,3.1252392319792919,
488,1333.18125038228,0.57403201157896577,1333.755282393859,10542,869,-3.3668630719682696e-05,-3.3532797886683451e-05,3.3532797886683451e-05,1.1245563696852818e-09,-3.340168327665312e-05,-0.018348114536540023,-0.017245387305150517,0.017245387305150517,0.00029763965936909414,-0.016426150989545023,3.1374196494096211,
489,1333.0969505059797,0.57393729871546595,1333.6708878046952,10542,869,-3.3654355190315352e-05,-3.3525454351341715e-05,3.3525454351341715e-05,1.1240638772311943e-09,-3.3408691597006473e-05,-0.018381566412795008,-0.017278912759501688,0.017278912759501688,0.00029879718238886866,-0.016459739353436777,3.1496210995610645,
490,1333.0126839002498,0.57384264574780852,1333.5865265459977,10542,869,-3.36540658833699e-05,-3.3518061043522891e-05,3.3518061043522891e-05,1.1235681568234208e-09,-3.3386867637103827e-05,-0.018415011035309924,-0.017312430820545174,0.017312430820545174,0.00029995669752349988,-0.016493322620039417,3.1618435485952121,
491,1332.9284504430993,0.5737479911815262,1333.5021984342809,10542,869,-3.363978121727536e-05,-3.3510726211380943e-05,3.3510726211380943e-05,1.1230764630252106e-09,-3.3393844720662481e-05,-0.018448448229354868,-0.017345941546756623,0.017345941546756623,0.00030111820531767824,-0.016526896369379363,3.1740870022536463,
492,1332.8442501685438,0.57365344110928396,1333.417903609653,10542,869,-3.3639564380209973e-05,-3.3503343467440667e-05,3.3503343467440667e-05,1.1225816680384186e-09,-3.3408009822823262e-05,-0.018481878176914272,-0.017379444890224208,0.017379444890224208,0.0003022817026457125,-0.016560464963651454,3.1863514275884555,
493,1332.7600830465053,0.57355884879724317,1333.3336418953027,10542,869,-3.3641706838913327e-05,-3.3496012854263321e-05,3.3496012854263321e-05,1.1220904758958897e-09,-3.3395134539504769e-05,-0.018515300700920938,-0.017412940903078322,0.017412940903078322,0.00030344718980583233,-0.016594024006187688,3.1986368277432784,
494,1332.6759491346679,0.57346437373524606,1333.2494135084032,10542,869,-3.3625107054090193e-05,-3.3488605722166905e-05,3.3488605722166905e-05,1.1215942643368327e-09,-3.3370945068297126e-05,-0.018548715927805371,-0.017446429508800532,0.017446429508800532,0.00030461466268126851,-0.016627577847764138,3.2109431593232514,
495,1332.5918483077028,0.5733698544586987,1333.1652181621614,10542,869,-3.3627585587962982e-05,-3.3481293602454184e-05,3.3481293602454184e-05,1.1211045261281831e-09,-3.338111452184744e-05,-0.018582123819540053,-0.017479910802403024,0.017479910802403024,0.00030578412309226015,-0.016661122367917044,3.2232704415155142,
496,1332.5077805580022,0.57327543226418209,1333.0810559902663,10542,869,-3.361068218252399e-05,-3.3473937635733585e-05,3.3473937635733585e-05,1.12061195857464e-09,-3.3374333213789754e-05,-0.018615524349787013,-0.017513384740038693,0.017513384740038693,0.00030695556804119202,-0.016694661403626628,3.2356186427222053,
497,1332.4237459756905,0.57318095567223981,1332.9969269313629,10542,869,-3.3627604611909687e-05,-3.3466592118675815e-05,3.3466592118675815e-05,1.1201201975349649e-09,-3.3366349125960704e-05,-0.018648917660953359,-0.017546851332157477,0.017546851332157477,0.00030812899641922801,-0.016728191183632782,3.2479877512550823,
498,1332.3397443659153,0.57308662489924533,1332.9128309908144,10542,869,-3.3596039401788074e-05,-3.3459247556096891e-05,3.3459247556096891e-05,1.1196286091646903e-09,-3.3359513100897569e-05,-0.018682303565726435,-0.017580310579713473,0.017580310579713473,0.00030930440677638243,-0.016761715606763219,3.2603777518298473,
499,1332.2557758998264,0.57299222324804322,1332.8287681230745,10542,869,-3.3613751220887415e-05,-3.3451909105261389e-05,3.3451909105261389e-05,1.11913753807392e-09,-3.3351559802422252e-05,-0.018715682222600317,-0.017613762488818824,0.017613762488818824,0.00031048179786228642,-0.01679523061726864,3.2727886312663612,
500,1332.1718403891477,0.57289796976125062,1332.744738358909,10542,869,-3.3581773594672197e-05,-3.3444561286070506e-05,3.3444561286070506e-05,1.1186459482349533e-09,-3.3344701500173012e-05,-0.018749053475274169,-0.017647207050104884,0.017647207050104884,0.00031166116786299236,-0.016828740357503872,3.2852203704438026,
501,1332.0879379584965,0.57280367097380736,1332.6607416294703,10542,869,-3.3599511411594138e-05,-3.343722990153526e-05,3.343722990153526e-05,1.1181555653245553e-09,-3.3336771389467826e-05,-0.018782417487435175,-0.017680644280006288,0.017680644280006288,0.00031284251589880395,-0.016862240691924157,3.2976729600892924,
502,1332.0040685289048,0.57270949253152903,1332.5767780214362,10542,869,-3.3567136029143277e-05,-3.3429863753813341e-05,3.3429863753813341e-05,1.117662964024342e-09,-3.3326921535021028e-05,-0.018815774149036797,-0.017714074143760212,0.017714074143760212,0.00031402583926539714,-0.016895735584603673,3.3101463716965513,
503,1331.9202320700751,0.57261532688027161,1332.4928473969553,10542,869,-3.3585052228940178e-05,-3.3422544905804248e-05,3.3422544905804248e-05,1.1171736347875725e-09,-3.3321824920149504e-05,-0.018849123519417976,-0.017747496688666067,0.017747496688666067,0.00031521113816976429,-0.01692922118664655,3.3226406074474855,
504,1331.8364286380074,0.57252119436805626,1332.4089498323756,10542,869,-3.3565695879526753e-05,-3.3415197277774369e-05,3.3415197277774369e-05,1.1166824906750642e-09,-3.3305633705042048e-05,-0.018882465545962464,-0.017780911885943742,0.017780911885943742,0.00031639841008514858,-0.016962701356896231,3.3351556407075513,
505,1331.7526581669542,0.57242710495328253,1332.3250852719075,10542,869,-3.3570439873412494e-05,-3.3407859648477722e-05,3.3407859648477722e-05,1.1161921175852819e-09,-3.3307026455914619e-05,-0.018915800288192796,-0.017814319745592198,0.017814319745592198,0.0003175876539582256,-0.0169961721624909,3.3476914603736563,
506,1331.6689206471585,0.57233306367204251,1332.2412537108305,10542,869,-3.3551797827737257e-05,-3.3400528943175439e-05,3.3400528943175439e-05,1.1157023194543575e-09,-3.3292899339027239e-05,-0.018949127692367958,-0.017847720274535333,0.017847720274535333,0.00031877886849486324,-0.017029636222035439,3.3602480528043532,
507,1331.5852161911623,0.57223900232002189,1332.1574551934823,10542,869,-3.3555856456893368e-05,-3.3393166310092519e-05,3.3393166310092519e-05,1.1152104936983353e-09,-3.3292228889392058e-05,-0.018982447814104467,-0.017881113440845513,0.017881113440845513,0.00031997205111915391,-0.017063093107008258,3.3728253908470012,
508,1331.5015445083022,0.57214503489887014,1332.073689543201,10542,869,-3.3537457848149558e-05,-3.3385880525080983e-05,3.3385880525080983e-05,1.1147239114249903e-09,-3.3277812838613766e-05,-0.01901576060319753,-0.017914499321370524,0.017914499321370524,0.00032116720309202488,-0.017096542780846737,3.3854234877930343,
509,1331.4179058415907,0.57205109561723133,1331.989956937208,10542,869,-3.3526793031416899e-05,-3.3378508139198773e-05,3.3378508139198773e-05,1.1142316477018148e-09,-3.3277433034757947e-05,-0.019049066114187024,-0.017947877829509715,0.017947877829509715,0.00032236431987941197,-0.017129985155929707,3.3980422958488816,
510,1331.3342999630072,0.57195719667264522,1331.9062571596799,10542,869,-3.35232098700756e-05,-3.3371227950997687e-05,3.3371227950997687e-05,1.1137456531654658e-09,-3.326306387124786e-05,-0.019082364294436847,-0.017981249057460645,0.017981249057460645,0.00032356340327428768,-0.017163420328734618,3.4106818339142664,
511,1331.2507270665253,0.57186332763739167,1331.8225903941627,10542,869,-3.3512454281396023e-05,-3.3363859344602556e-05,3.3363859344602556e-05,1.1132538560855074e-09,-3.3262622852095374e-05,-0.019115655145610463,-0.01801461291680536,0.01801461291680536,0.00032476444870369774,-0.01719684802764675,3.423342053785678,
512,1331.167186903831,0.57176951234192885,1331.7389564161729,10542,869,-3.3508931626297325e-05,-3.3356587021890905e-05,3.3356587021890905e-05,1.1127686010131883e-09,-3.324827390947639e-05,-0.019148938752662062,-0.01804796950382731,0.01804796950382731,0.0003259674580878878,-0.017230268518436662,3.4360229757044252,
513,1331.0836797063944,0.57167572954466006,1331.6553554359391,10542,869,-3.3505702433757331e-05,-3.3349216507806958e-05,3.3349216507806958e-05,1.1122768938964395e-09,-3.3247852895698743e-05,-0.019182215017833681,-0.018081318720335089,0.018081318720335089,0.00032717242648714332,-0.017263681576928189,3.4487245476009778,
514,1331.0002052467996,0.57158200232023892,1331.5717872491198,10542,869,-3.3494228006404523e-05,-3.3341935414818017e-05,3.3341935414818017e-05,1.111791266071778e-09,-3.3233482442191765e-05,-0.019215484041801748,-0.018114660655749973,0.018114660655749973,0.00032837935560858973,-0.017297087333304574,3.4614467874701442,
515,1330.916763660312,0.57148825930963965,1331.4882519196217,10542,869,-3.3525017575393304e-05,-3.3334608150067607e-05,3.3334608150067607e-05,1.1113026622232031e-09,-3.3225772760660957e-05,-0.019248745720278508,-0.018147995263899978,0.018147995263899978,0.00032958824235118308,-0.017330485700563936,3.4741896626238207,
516,1330.8333547867549,0.57139459916213764,1331.4047493859171,10542,869,-3.3480256520444939e-05,-3.3327320024425425e-05,3.3327320024425425e-05,1.1108167773129135e-09,-3.3218674530217515e-05,-0.019282000146826468,-0.018181322583924409,0.018181322583924409,0.00033079908664738783,-0.017363876696428211,3.4869531723501153,
517,1330.7499787981565,0.57130093890172229,1331.3212797370581,10542,869,-3.3511278342317759e-05,-3.3319973276791433e-05,3.3319973276791433e-05,1.110327087666334e-09,-3.321244060509758e-05,-0.019315247216687398,-0.018214642557201229,0.018214642557201229,0.00033201188493233482,-0.0173972604381947,3.4997372790717414,
518,1330.6666355184193,0.57120731850073747,1331.23784283692,10542,869,-3.345141554340422e-05,-3.3312692337716747e-05,3.3312692337716747e-05,1.1098418943913632e-09,-3.3208773619611532e-05,-0.019348487068265436,-0.018247955249538862,0.018247955249538862,0.00033322663811704678,-0.017430636810209593,3.5125419923917902,
519,1330.5833251030099,0.57111367840510274,1331.1544387814149,10542,869,-3.3496907892863352e-05,-3.3305358467156607e-05,3.3305358467156607e-05,1.1093532803934195e-09,-3.3197785638900237e-05,-0.019381719556738293,-0.018281260608006032,0.018281260608006032,0.00033444334282151062,-0.017464005997732571,3.5253672766815436,
520,1330.5000472612769,0.57102007812939359,1331.0710673394062,10542,869,-3.3445099457115594e-05,-3.3298121535903553e-05,3.3298121535903553e-05,1.1088712329164412e-09,-3.3194090744013006e-05,-0.019414944837523918,-0.018314558729541994,0.018314558729541994,0.00033566200111362999,-0.017497368007758855,3.5382131537387735,
521,1330.4168022893143,0.57092654905143847,1330.9877288383657,10542,869,-3.3482912981845034e-05,-3.3290738285453295e-05,3.3290738285453295e-05,1.108379540184469e-09,-3.3183057894099634e-05,-0.019448162762209075,-0.018347849467827426,0.018347849467827426,0.0003368826062204137,-0.017530722736799429,3.551079552169381,
522,1330.333589900401,0.57083299557257305,1330.9044228959735,10542,869,-3.3431460162464765e-05,-3.3283519172857889e-05,3.3283519172857889e-05,1.1078988879843553e-09,-3.3179385306651821e-05,-0.019481373440464751,-0.018381132987000299,0.018381132987000299,0.00033810516263664504,-0.017564069901567982,3.5639665193528756,
523,1330.2504102774412,0.57073956543968374,1330.8211498428809,10542,869,-3.3468608899120644e-05,-3.3276142598757839e-05,3.3276142598757839e-05,1.1074078547285425e-09,-3.316826810149505e-05,-0.019514576798550266,-0.01841440912959898,0.01841440912959898,0.00033932966320988412,-0.01759741027962778,3.5768739798953884,
524,1330.1672632428094,0.57064605593798179,1330.7379092987474,10542,869,-3.3417265133774163e-05,-3.3268933247706193e-05,3.3268933247706193e-05,1.1069280663977522e-09,-3.3164699924854047e-05,-0.019547772940174128,-0.018447678062846733,0.018447678062846733,0.00034055611255600775,-0.017630742878337994,3.5898019824528777,
525,1330.0841488753958,0.57055274698369429,1330.6547016223794,10542,869,-3.3454620406640052e-05,-3.3261558837869405e-05,3.3261558837869405e-05,1.1064373940986534e-09,-3.3153552089435582e-05,-0.019580961765429762,-0.018480939621684612,0.018480939621684612,0.00034178450320835149,-0.017664069066380909,3.6027504483192332,
526,1330.0010670688787,0.57045934398180709,1330.5715264128605,10542,869,-3.3403029076898792e-05,-3.3254356931509052e-05,3.3254356931509052e-05,1.1059583092638883e-09,-3.3150028892572504e-05,-0.019614143381875317,-0.018514193978616079,0.018514193978616079,0.00034301484000690832,-0.017697386537972967,3.6157194285128207,
527,1329.9180179324012,0.57036610066228532,1330.4883840330635,10542,869,-3.3440495911584141e-05,-3.324699151096792e-05,3.324699151096792e-05,1.1054684500282162e-09,-3.3138841100491156e-05,-0.019647317684255795,-0.018547440970127005,0.018547440970127005,0.00034424711552650915,-0.017730697950973456,3.6287088447649327,
528,1329.8350014101075,0.57027269234401945,1330.4052741024514,10542,869,-3.3436876616858845e-05,-3.3239787557406813e-05,3.3239787557406813e-05,1.1049894418228713e-09,-3.3135362479521076e-05,-0.019680484787163395,-0.018580680757684511,0.018580680757684511,0.00034548133417599587,-0.017764001279808678,3.6417187435491725,
529,1329.7520174234539,0.57017956561174876,1330.3221969890658,10542,869,-3.3426518519105529e-05,-3.3232417703493589e-05,3.3232417703493589e-05,1.1044994974534584e-09,-3.3130550263920492e-05,-0.01971364457905243,-0.018613913175388009,0.018613913175388009,0.00034671748852840108,-0.017797298083816818,3.6547490465778756,
530,1329.6690660496588,0.57008627817643331,1330.2391523278352,10542,869,-3.34241748496495e-05,-3.3225203359994325e-05,3.3225203359994325e-05,1.1040200094438246e-09,-3.3120756904486131e-05,-0.019746797146588446,-0.018647138378747988,0.018647138378747988,0.00034795558271634528,-0.017830586541236464,3.6677997974129957,
531,1329.5861471531709,0.56999325888146046,1330.1561404120523,10542,869,-3.3355988623357165e-05,-3.3217853136579689e-05,3.3217853136579689e-05,1.1035315812284005e-09,-3.3115731974229083e-05,-0.01977994237075504,-0.018680356231884576,0.018680356231884576,0.00034919561043983947,-0.017863868504909203,3.680870929646348,
532,1329.5032608151212,0.56990008233520695,1330.0731608974563,10542,869,-3.3435234086022926e-05,-3.3210651536175755e-05,3.3210651536175755e-05,1.1030531530070195e-09,-3.3111479118047823e-05,-0.019813080408216003,-0.018713566883420771,0.018713566883420771,0.00035043757556359119,-0.017897142310234565,3.693962484015815,
533,1329.4204069743917,0.56980712172562298,1329.9902140961174,10542,869,-3.334163494767547e-05,-3.3203306855871401e-05,3.3203306855871401e-05,1.1025653088144978e-09,-3.3100926639229559e-05,-0.01984621118550382,-0.01874677019027661,0.01874677019027661,0.00035168147148760922,-0.01793040954625761,3.707074390950889,
534,1329.3375856511664,0.56971400491764213,1329.907299656084,10542,869,-3.3421680304975382e-05,-3.3196113305835809e-05,3.3196113305835809e-05,1.1020876236352553e-09,-3.3096694934460735e-05,-0.019879334699714965,-0.018779966303582387,0.018779966303582387,0.00035292730223882826,-0.017963668900285126,3.7202066928994886,
535,1329.2547968549122,0.56962107674051288,1329.8244179316528,10542,869,-3.3327436773543712e-05,-3.3188757872419933e-05,3.3188757872419933e-05,1.1015992777970097e-09,-3.3086043535023495e-05,-0.019912450983364808,-0.018813155061454825,0.018813155061454825,0.00035417506048336531,-0.017996921619673509,3.7333593125551539,
536,1329.1720405029057,0.56952803421735154,1329.7415685371232,10542,869,-3.3407541645868443e-05,-3.3181569615779261e-05,3.3181569615779261e-05,1.1011221557149359e-09,-3.3081880412618058e-05,-0.019945560018375708,-0.018846336631070607,0.018846336631070607,0.00035542475086377851,-0.018030166342215419,3.7465322988550893,
537,1329.089316641549,0.56943517085131068,1329.6587518124004,10542,869,-3.3313195711498851e-05,-3.3174222789103136e-05,3.3174222789103136e-05,1.100634594809417e-09,-3.3071237133689281e-05,-0.01997866179868394,-0.018879510853859638,0.018879510853859638,0.00035667636616653334,-0.018063404437166822,3.7597255757614279,
538,1329.0066251202161,0.56934226304416413,1329.5759673832601,10542,869,-3.3393011869698424e-05,-3.3167038935366835e-05,3.3167038935366835e-05,1.100157971730446e-09,-3.306705658151624e-05,-0.020011756348507458,-0.018912677892795101,0.018912677892795101,0.00035792991090440127,-0.018096634816451455,3.7729391908432937,
539,1328.9239662131799,0.56924943570832554,1329.4932156488883,10542,869,-3.3298912334817962e-05,-3.315967457548736e-05,3.315967457548736e-05,1.0996694606615498e-09,-3.304789566484324e-05,-0.020044843716020524,-0.018945837567370633,0.018945837567370633,0.00035918537698037409,-0.018129858271848372,3.7861730587501232,
540,1328.8413394728088,0.56915664163949009,1329.4104961144483,10542,869,-3.3378966043604328e-05,-3.3152518526401718e-05,3.3152518526401718e-05,1.0991948920634757e-09,-3.3070819749737228e-05,-0.020077923752252078,-0.018978990085897061,0.018978990085897061,0.00036044277065957521,-0.018163074034392154,3.7994272455225824,
541,1328.7587453727463,0.56906386266618625,1329.3278092354124,10542,869,-3.3284643274315714e-05,-3.3145162809663573e-05,3.3145162809663573e-05,1.0987071683570638e-09,-3.3033186589115429e-05,-0.020110996644302478,-0.019012135248706721,0.019012135248706721,0.00036170208309972251,-0.018196282815568142,3.8127016579541748,
542,1328.6761833384733,0.56897118747005659,1329.2451545259432,10542,869,-3.3365018425866576e-05,-3.3138008287356011e-05,3.3138008287356011e-05,1.0982329073102179e-09,-3.3056010505966231e-05,-0.020144062216189196,-0.019045273256993948,0.019045273256993948,0.00036296332034246013,-0.018229483992338466,3.8259963597298721,
543,1328.5936540551322,0.56887841163675956,1329.1625324667689,10542,869,-3.3270472665018709e-05,-3.3130649317240197e-05,3.3130649317240197e-05,1.097745183310385e-09,-3.3003746324676744e-05,-0.020177120722798342,-0.019078403906311218,0.019078403906311218,0.00036422647329229109,-0.018262678216254196,3.8393112549740405,
544,1328.5111567111983,0.56878584543553334,1329.0799425566338,10542,869,-3.3350872072586247e-05,-3.3123493079162571e-05,3.3123493079162571e-05,1.0972710152244794e-09,-3.3041235684249485e-05,-0.020210171836370368,-0.01911152739939043,0.01911152739939043,0.00036549154813152402,-0.01829586478581402,3.8526464088543948,
545,1328.4286920587519,0.56869318010936021,1328.9973852388614,10542,869,-3.3256246446293584e-05,-3.3116148206215379e-05,3.3116148206215379e-05,1.0967844384296191e-09,-3.2989052508921113e-05,-0.020243215872786071,-0.01914464354759661,0.01914464354759661,0.00036675853632146121,-0.018329044498161775,3.8660017313645225,
546,1328.3462593663949,0.56860064602646843,1328.9148600124213,10542,869,-3.3336883827132988e-05,-3.3109007291874526e-05,3.3109007291874526e-05,1.0963114941141657e-09,-3.3026492255991671e-05,-0.020276252522483822,-0.019177752554888496,0.019177752554888496,0.00036802744410103605,-0.018362216562633212,3.879377288269021,
547,1328.2638593470192,0.56850808775049266,1328.8323674347696,10542,869,-3.3241942771834805e-05,-3.3101633382744121e-05,3.3101633382744121e-05,1.0958232054955204e-09,-3.2974431616432055e-05,-0.020309282109397666,-0.019210854188271197,0.019210854188271197,0.00036929826124688377,-0.018395381681857781,3.8927729718034016,
548,1328.1814912882164,0.5684156005674611,1328.7499068887839,10542,869,-3.332263081612952e-05,-3.3094505519423588e-05,3.3094505519423588e-05,1.0953513331391435e-09,-3.301175947050592e-05,-0.020342304315408472,-0.019243948693790602,0.019243948693790602,0.00037057099560943146,-0.018428539290792495,3.9061888647190171,
549,1328.0991557733344,0.56832312628444992,1328.6674788996188,10542,869,-3.3227534743817381e-05,-3.3087159557821806e-05,3.3087159557821806e-05,1.0948651090145395e-09,-3.295979893386837e-05,-0.020375319417916714,-0.019277035853348456,0.019277035853348456,0.00037184563750664322,-0.018461689892873483,3.9196248649575263,
550,1328.0168522525139,0.56823073185943063,1328.5850829843732,10542,869,-3.3308819845575543e-05,-3.3080008228119156e-05,3.3080008228119156e-05,1.0943918878113319e-09,-3.2997049705198551e-05,-0.02040832718269401,-0.019310115861576663,0.019310115861576663,0.00037312219287410545,-0.01849483295878214,3.9330810350859458,
551,1327.9345812572581,0.56813830005739452,1328.5027195573155,10542,869,-3.3213313249570531e-05,-3.3072682783149699e-05,3.3072682783149699e-05,1.0939072352141258e-09,-3.2945231812848712e-05,-0.02044132785597642,-0.019343188544359777,0.019343188544359777,0.00037440065365995927,-0.018527969037688431,3.9465572902296309,
552,1327.8523422206272,0.56804602438927676,1328.4203882450165,10542,869,-3.3295118865514442e-05,-3.3065501391673835e-05,3.3065501391673835e-05,1.0934322312993643e-09,-3.29906029741227e-05,-0.020474321194219752,-0.019376254045751388,0.019376254045751388,0.00037568102392745122,-0.018561097583187549,3.9600536732192633,
553,1327.7701355867807,0.56795370536242606,1328.3380892921432,10542,869,-3.321053992957728e-05,-3.3058219592210688e-05,3.3058219592210688e-05,1.0929506805295198e-09,-3.2930633918343421e-05,-0.020507307442165636,-0.019409312265343742,0.019409312265343742,0.00037696329839197055,-0.018594219164387131,3.9735701283497615,
554,1327.6879609103294,0.56786149631732064,1328.2558224066468,10542,869,-3.3281196079661942e-05,-3.3051053027795282e-05,3.3051053027795282e-05,1.092476863906938e-09,-3.2976179522101494e-05,-0.02054028635811753,-0.019442363318371396,0.019442363318371396,0.00037824748004570909,-0.018627333206144899,3.9871066871618197,
555,1327.6058186093478,0.5677692797930185,1328.1735878891409,10542,869,-3.3196696625071917e-05,-3.3043756156350651e-05,3.3043756156350651e-05,1.091994526821161e-09,-3.2916047120200924e-05,-0.02057325818715167,-0.019475407074527766,0.019475407074527766,0.0003795335624462591,-0.018660440251873987,4.000663281746017,
556,1327.5237083253176,0.56767715050134004,1328.0913854758189,10542,869,-3.3267265581064578e-05,-3.3036567793243758e-05,3.3036567793243758e-05,1.0915194770943432e-09,-3.2939147904852649e-05,-0.020606222772362147,-0.01950844364232102,0.01950844364232102,0.0003808215483360544,-0.018693539775788543,4.0142399410103495,
557,1327.4416303230062,0.56758501076294399,1328.0092153337691,10542,869,-3.3231617229278024e-05,-3.3029302728713738e-05,3.3029302728713738e-05,1.0910394549900188e-09,-3.2901495387804653e-05,-0.020639180157466283,-0.019541472945049831,0.019541472945049831,0.00038211143331013194,-0.018726632324488898,4.0278366185221008,
558,1327.3595842760674,0.56749297299967938,1327.927077249067,10542,869,-3.325323273815602e-05,-3.3022121939935325e-05,3.3022121939935325e-05,1.0905651121636574e-09,-3.2924634541889023e-05,-0.020672130325632792,-0.019574495066989623,0.019574495066989623,0.00038340321921400241,-0.018759717262305613,4.0414533337347995,
559,1327.2775705300821,0.56740088017774948,1327.8449714102599,10542,869,-3.3218216144193099e-05,-3.3014857576554799e-05,3.3014857576554799e-05,1.0900853471701449e-09,-3.2886921966535414e-05,-0.020705073302559222,-0.019607509924566242,0.019607509924566242,0.00038469690136604286,-0.018792795270736233,4.0550900372994576,
560,1327.1955887179038,0.56730889830512587,1327.7628976162089,10542,869,-3.3239666928534545e-05,-3.3007676660589408e-05,3.3007676660589408e-05,1.0896112031147667e-09,-3.2893839880249114e-05,-0.020738009066924912,-0.019640517601226856,0.019640517601226856,0.00038599248157863855,-0.018825865803257492,4.0687467483204287,
561,1327.113639177473,0.56721687698714085,1327.6808560544603,10542,869,-3.3204328962626619e-05,-3.3000406775210896e-05,3.3000406775210896e-05,1.0891312819160355e-09,-3.2872368485404868e-05,-0.020770937727563634,-0.019673518008002027,0.019673518008002027,0.00038728995497643498,-0.018858929367863268,4.082423415406601,
562,1327.0317214506592,0.56712497405206153,1327.5988464247114,10542,869,-3.3225762171732676e-05,-3.2993263456159816e-05,3.2993263456159816e-05,1.0886598272934767e-09,-3.2881206795562532e-05,-0.020803859056481674,-0.019706511271458185,0.019706511271458185,0.00038858932504482358,-0.018891985453354104,4.0961200752974856,
563,1326.9498360039197,0.56703302116285914,1327.5168690250825,10542,869,-3.3190368972963659e-05,-3.2985986355041138e-05,3.2985986355041138e-05,1.0881796376519601e-09,-3.2857833494998173e-05,-0.020836773312602832,-0.019739497257813255,0.019739497257813255,0.00038989058515520212,-0.018925034546037452,4.1098366581209858,
564,1326.8679824433368,0.5669412175173062,1327.4349236608541,10542,869,-3.3183406598125276e-05,-3.2978795007951149e-05,3.2978795007951149e-05,1.0877052156911709e-09,-3.2866595376705876e-05,-0.020869680251928289,-0.019772476052821248,0.019772476052821248,0.00039119373720686258,-0.018958076176214804,4.1235731838975385,
565,1326.7861610200691,0.56684930822025903,1327.3530103282894,10542,869,-3.3176369257645344e-05,-3.2971588505266498e-05,3.2971588505266498e-05,1.0872298991077386e-09,-3.2843301223079368e-05,-0.020902580129224916,-0.019805447641326392,0.019805447641326392,0.0003924987791774325,-0.018991109781192578,4.1373296313093162,
566,1326.7043715151767,0.56675755900542191,1327.2711290741822,10542,869,-3.316999430807869e-05,-3.2964366555771818e-05,3.2964366555771818e-05,1.0867536656881383e-09,-3.2851912119830743e-05,-0.020935472712232728,-0.019838412007882281,0.019838412007882281,0.0003938057090713406,-0.01902413731005782,4.1511059793210014,
567,1326.6226140913038,0.56666571070288485,1327.1892798020067,10542,869,-3.3162514358850067e-05,-3.2957178984007414e-05,3.2957178984007414e-05,1.0862798071939015e-09,-3.2828743664829659e-05,-0.020968358139159298,-0.019871369186866227,0.019871369186866227,0.0003951145267529838,-0.019057156780845904,4.1649022265032025,
568,1326.5408885841416,0.56657401002663932,1327.1074625941683,10542,869,-3.3156164447677005e-05,-3.2949950590444832e-05,3.2949950590444832e-05,1.0858033561306315e-09,-3.2837198004109071e-05,-0.02100123632145624,-0.019904319137456657,0.019904319137456657,0.00039642522926701488,-0.019090169964725841,4.178718341703604,
569,1326.4591950679292,0.5664822555035498,1327.0256773234328,10542,869,-3.3148685534594276e-05,-3.2942773678607275e-05,3.2942773678607275e-05,1.0853304081559913e-09,-3.2814214424624454e-05,-0.021034107399508159,-0.019937261911135332,0.019937261911135332,0.0003977378171336626,-0.019123175090289362,4.1925543304059376,
570,1326.3775335205291,0.56639055562178364,1326.943924076151,10542,869,-3.3142270746475975e-05,-3.2935552227444263e-05,3.2935552227444263e-05,1.0848546233642982e-09,-3.2818613660769088e-05,-0.021066971224621846,-0.01997019746336268,0.01997019746336268,0.00039905228726043338,-0.019156173900787821,4.2064101600122283,
571,1326.2959038681913,0.56629893479244575,1326.8622028029838,10542,869,-3.3134770442743923e-05,-3.2928351609512312e-05,3.2928351609512312e-05,1.0843803197130557e-09,-3.2799686984004462e-05,-0.021099827929032693,-0.020003125814972159,0.020003125814972159,0.00040036863897901961,-0.019189165667184004,4.2202858234778455,
572,1326.2143061696768,0.56620732965369824,1326.7805134993305,10542,869,-3.3128317812159658e-05,-3.2921140878094237e-05,3.2921140878094237e-05,1.0839054499482287e-09,-3.2806134152751337e-05,-0.021132677409551767,-0.02003604695585031,0.02003604695585031,0.00040168687052482616,-0.019222149407562471,4.2341813022021926,
573,1326.1327403489383,0.56611570534276368,1326.6988560542811,10542,869,-3.3120704049021118e-05,-3.2913985015008159e-05,3.2913985015008159e-05,1.083434303225263e-09,-3.278517324913395e-05,-0.021165519772558306,-0.020068960940865421,0.020068960940865421,0.00040300698258556009,-0.01925512649194153,4.248096603434389,
574,1326.0512064145316,0.56602416140427481,1326.617230575936,10542,869,-3.3114241136697946e-05,-3.2906762565879298e-05,3.2906762565879298e-05,1.0829588674263074e-09,-3.2791766282349455e-05,-0.02119835491353602,-0.020101867703431163,0.020101867703431163,0.00040432897116743903,-0.019288095718227028,4.262031685075975,
575,1325.9697043432141,0.56593264043566682,1326.5356369836497,10542,869,-3.3107501265791584e-05,-3.2899587639287279e-05,3.2899587639287279e-05,1.0824866660461711e-09,-3.277067799427563e-05,-0.021231182939103508,-0.020134767291070558,0.020134767291070558,0.00040565283670675602,-0.019321058483097356,4.2759865517259152,
576,1325.8882341657359,0.56584117548331192,1326.4540753412191,10542,869,-3.3100319367988515e-05,-3.2892365026429306e-05,3.2892365026429306e-05,1.0820114303818878e-09,-3.2777217903734276e-05,-0.021264003723072859,-0.020167659656096973,0.020167659656096973,0.00040697857587199766,-0.019354012276714502,4.2899611682667276,
577,1325.8067958376396,0.5657496648481678,1326.3725455024878,10542,869,-3.3040127337358264e-05,-3.2885213356496276e-05,3.2885213356496276e-05,1.0815409625467804e-09,-3.2756174070062309e-05,-0.02129681742011048,-0.020200544869453416,0.020200544869453416,0.00040830619010245845,-0.019386961152286164,4.3039555498700146,
578,1325.7253892861829,0.56565830286406205,1326.2910475890469,10542,869,-3.3029117337612166e-05,-3.287799109077821e-05,3.287799109077821e-05,1.0810659554227941e-09,-3.2762663173259359e-05,-0.021329623806407173,-0.020233422860544241,0.020233422860544241,0.00040963567516033274,-0.019419901280531893,4.3179696518650674,
579,1325.6440145500196,0.56556683370932437,1326.2095813837288,10542,869,-3.3026111646752145e-05,-3.2870872820078828e-05,3.2870872820078828e-05,1.0805978955163466e-09,-3.2741678470513268e-05,-0.021362423168987281,-0.020266293733364239,0.020266293733364239,0.00041096703374760588,-0.019452835460224013,4.3320035027335138,
580,1325.5626715466726,0.56547556135569188,1326.1281471080283,10542,869,-3.3014986217165502e-05,-3.2863639533974268e-05,3.2863639533974268e-05,1.0801223708579155e-09,-3.2747743903833333e-05,-0.021395215244264333,-0.020299157372898287,0.020299157372898287,0.00041230025989863413,-0.01948576102350099,4.3460570395915026,
581,1325.4813603708494,0.56538417347491099,1326.0467445443244,10542,869,-3.3029097811235346e-05,-3.2856506520629332e-05,3.2856506520629332e-05,1.079653545933948e-09,-3.272720445273303e-05,-0.021428000302729833,-0.020332013879418923,0.020332013879418923,0.00041363535617287167,-0.019518681230653662,4.3601302894182403,
582,1325.4000808151366,0.56529300759133949,1325.965373822728,10542,869,-3.3001109939126038e-05,-3.2849303782951251e-05,3.2849303782951251e-05,1.0791802350836543e-09,-3.2733219850889555e-05,-0.021460778076274681,-0.020364863183201874,0.020364863183201874,0.00041497231842307507,-0.019551592608746452,4.374223208497634,
583,1325.3188332275649,0.56520163943716362,1325.8840348670021,10542,869,-3.3015289357943667e-05,-3.2842142149443856e-05,3.2842142149443856e-05,1.0787097364382934e-09,-3.2712737000579022e-05,-0.021493548826374522,-0.020397705325351283,0.020397705325351283,0.00041631114679747407,-0.019584498388938054,4.3883357983921742,
584,1325.23761708028,0.56511057998311054,1325.8027276602631,10542,869,-3.298687514822363e-05,-3.2834969023207058e-05,3.2834969023207058e-05,1.0782385788550382e-09,-3.2718603296859133e-05,-0.021526312296693856,-0.020430540294374511,0.020430540294374511,0.0004176518395218566,-0.019617396202680853,4.4024680403998904,
585,1325.1564328524225,0.56501928716382288,1325.7214521395863,10542,869,-3.3001315424452892e-05,-3.2827831174197139e-05,3.2827831174197139e-05,1.0777698459134338e-09,-3.2698278414454012e-05,-0.021559068749880714,-0.020463368125548661,0.020463368125548661,0.00041899439651363709,-0.019650287168994265,4.4166199336502485,
586,1325.0752801199649,0.56492829317040538,1325.6402084131353,10542,869,-3.2972849335911648e-05,-3.2820631070295888e-05,3.2820631070295888e-05,1.0772971222573107e-09,-3.2704077051153032e-05,-0.021591817927589151,-0.020496188756618964,0.020496188756618964,0.00042033881391733953,-0.019683170389638318,4.430791437502676,
587,1324.9941592548441,0.56483708584571635,1325.5589963406899,10542,869,-3.2987337746718676e-05,-3.2813493823344059e-05,3.2813493823344059e-05,1.0768286320466283e-09,-3.268400866625291e-05,-0.021624560046606713,-0.020529002250442352,0.020529002250442352,0.00042168509280374379,-0.019716047027882922,4.4449825632442632,
588,1324.9130699251887,0.56474609392668362,1325.4778160191154,10542,869,-3.2959087393126916e-05,-3.2806307500094321e-05,3.2806307500094321e-05,1.0763570201869316e-09,-3.2689922042052232e-05,-0.021657294953938713,-0.020561808557942426,0.020561808557942426,0.00042303322983202837,-0.019748917116374037,4.4591932756594108,
589,1324.8320124156066,0.56465494590234444,1325.3966673615089,10542,869,-3.2973516624850861e-05,-3.2799156341638897e-05,3.2799156341638897e-05,1.0758878208401844e-09,-3.2669537695820047e-05,-0.021690022800030767,-0.020594607714283963,0.020594607714283963,0.00042438322497374294,-0.01978177856282639,4.4734235744482245,
590,1324.7509864029314,0.56456402373689341,1325.3155504266683,10542,869,-3.2942454317089765e-05,-3.2791973242248062e-05,3.2791973242248062e-05,1.0754166223112965e-09,-3.267530124854659e-05,-0.021722743435963927,-0.020627399687526433,0.020627399687526433,0.00042573507558845938,-0.019814633763675326,4.4876734317779503,
591,1324.669992148745,0.56447290218968527,1325.2344650509347,10542,869,-3.2959490584916617e-05,-3.2784855514956596e-05,3.2784855514956596e-05,1.0749498232216819e-09,-3.265509987798354e-05,-0.021755457012583676,-0.020660184543041239,0.020660184543041239,0.00042708878285442191,-0.019847480789997245,4.5019428600684614,
592,1324.5890294071883,0.56438208370714538,1325.1534114908955,10542,869,-3.292879008405594e-05,-3.2777625694702174e-05,3.2777625694702174e-05,1.0744757675325115e-09,-3.2660764424806734e-05,-0.021788163383090364,-0.020692962168735875,0.020692962168735875,0.00042844434085775656,-0.019880321495983871,4.5162317969816117,
593,1324.5080982667628,0.56429113853813495,1325.072389405301,10542,869,-3.2945318487095302e-05,-3.2770535252852043e-05,3.2770535252852043e-05,1.0740109595064654e-09,-3.2640678706613439e-05,-0.021820862698333172,-0.020725732703988864,0.020725732703988864,0.00042980175383623817,-0.019913154122754972,4.5305402871877867,
594,1324.4271986892325,0.5642003510523419,1324.9913990402847,10542,869,-3.2914752450218477e-05,-3.2763335306168022e-05,3.2763335306168022e-05,1.0735390707668535e-09,-3.2646346954774968e-05,-0.021853554774294442,-0.020758496039294982,0.020758496039294982,0.00043116101594155667,-0.019945980471440979,4.5448682690399487,
595,1324.346330667441,0.56410947433905412,1324.9104401417801,10542,869,-3.2931389234031061e-05,-3.275624093019252e-05,3.275624093019252e-05,1.0730742113008693e-09,-3.2626267369630195e-05,-0.021886239821297167,-0.020791252280225186,0.020791252280225186,0.00043252213004139092,-0.019978798771125968,4.5592157727663016,
596,1324.2654941437943,0.56401880463364296,1324.8295129484279,10542,869,-3.2900730699821498e-05,-3.2749034660994846e-05,3.2749034660994846e-05,1.0726021144968868e-09,-3.2631843717684741e-05,-0.021918917603127308,-0.020824001314886258,0.020824001314886258,0.00043388509017458358,-0.020011610776665443,4.5735827355302856,
597,1324.1846892227743,0.56392797175603038,1324.7486171945304,10542,869,-3.2917692379387375e-05,-3.2741946448408608e-05,3.2741946448408608e-05,1.0721378592667658e-09,-3.2611731167398914e-05,-0.021951588418597696,-0.020856743261334659,0.020856743261334659,0.00043524989978939297,-0.020044414843805272,4.5879691936799913,
598,1324.1039157680896,0.56383733945463077,1324.6677531075443,10542,869,-3.28867157494986e-05,-3.2734746769027016e-05,3.2734746769027016e-05,1.0716664034067181e-09,-3.2617091099112923e-05,-0.021984251968392637,-0.020889478008103715,0.020889478008103715,0.00043661655287827698,-0.020077212592964192,4.6023750838899176,
599,1324.0231738590223,0.56374656279310631,1324.5869204218154,10542,869,-3.2903783557881779e-05,-3.2727665685982222e-05,3.2727665685982222e-05,1.0712028153685247e-09,-3.2597313764070904e-05,-0.022016908550569186,-0.020922205673789555,0.020922205673789555,0.00043798505295923178,-0.020110002317818534,4.6168004432432621,
600,1323.9424633388778,0.563656011229138,1324.5061193501069,10542,869,-3.2872659992749281e-05,-3.2720479596825366e-05,3.2720479596825366e-05,1.0707324540137949e-09,-3.2602577088520332e-05,-0.022049557863922913,-0.020954926153386382,0.020954926153386382,0.00043935539427968106,-0.020142785725745502,4.6312452111021178,
601,1323.8617844250828,0.5635652984945253,1324.4253497235773,10542,869,-3.2889861186254324e-05,-3.271337060176657e-05,3.271337060176657e-05,1.0702672401058826e-09,-3.258291903399037e-05,-0.022082200210375345,-0.020987639523988143,0.020987639523988143,0.00044072757863121843,-0.020175561115663151,4.6457094063516733,
602,1323.7811368834098,0.5634747538872954,1324.344611637297,10542,869,-3.2858511644018266e-05,-3.270621275993167e-05,3.270621275993167e-05,1.0697989342520737e-09,-3.2587891298402222e-05,-0.022114835293034926,-0.021020345736748054,0.021020345736748054,0.00044210160254365904,-0.020208330203729235,4.6601929924127097,
603,1323.7005208459557,0.56338411202300942,1324.2639049579786,10542,869,-3.2876082087061291e-05,-3.2699104084866038e-05,3.2699104084866038e-05,1.0693339418920899e-09,-3.2568534433192881e-05,-0.022147463415865647,-0.021053044840832945,0.021053044840832945,0.00044347746675707067,-0.020241092206208303,4.6746959770862819,
604,1323.6199361579772,0.5632936417707739,1324.183229799748,10542,869,-3.2843929768314474e-05,-3.2691947137149277e-05,3.2691947137149277e-05,1.0688658998487692e-09,-3.2573362134669563e-05,-0.022180084279025576,-0.021085736787970107,0.021085736787970107,0.00044485516775220679,-0.020273846671146713,4.6892183232760116,
605,1323.5393829347358,0.56320311520001254,1324.1025860499358,10542,869,-3.2862174114481579e-05,-3.26848298516275e-05,3.26848298516275e-05,1.0684005456703455e-09,-3.2554161175106126e-05,-0.022212698186317163,-0.021118421617821844,0.021118421617821844,0.00044623470590308441,-0.020306594156717053,4.7037600349244126,
606,1323.4588610364892,0.56311271663861018,1324.0219737531279,10542,869,-3.2829591830227736e-05,-3.2677691351056182e-05,3.2677691351056182e-05,1.0679339141769466e-09,-3.255889685182588e-05,-0.022245304837417636,-0.021151099309172774,0.021151099309172774,0.00044761607880933424,-0.020339334228907362,4.7183210867291923,
607,1323.3783706257764,0.56302228353011052,1323.9413929093064,10542,869,-3.2810503673133812e-05,-3.2670546638404495e-05,3.2670546638404495e-05,1.0674669686236554e-09,-3.2539789836435094e-05,-0.022277904535380578,-0.021183769855811132,0.021183769855811132,0.00044899928491474393,-0.020372067343048892,4.7329014622863159,
608,1323.2979114312122,0.56293195713455146,1323.8608433883469,10542,869,-3.2815512968026871e-05,-3.2663453812410009e-05,3.2663453812410009e-05,1.0670035252787564e-09,-3.2547261311291628e-05,-0.022310496978835782,-0.02121643330962366,0.02121643330962366,0.00045038432490905741,-0.020404793082372544,4.747501168866374,
609,1323.217483690702,0.56284162311121066,1323.7803253138131,10542,869,-3.2796351355766688e-05,-3.2656304089525682e-05,3.2656304089525682e-05,1.0665364578048267e-09,-3.2525434953605005e-05,-0.022343082472854988,-0.021249089613713152,0.021249089613713152,0.00045177119509866558,-0.020437511872898977,4.7621201675350342,
610,1323.1370872187156,0.56275135445583724,1323.6998385731715,10542,869,-3.2801458290827373e-05,-3.2649200038207568e-05,3.2649200038207568e-05,1.0660724853476152e-09,-3.2532913895610121e-05,-0.022375660715228098,-0.02128173881375138,0.02128173881375138,0.00045315989590333482,-0.020470223265965554,4.7767584627170523,
611,1323.0567219849042,0.56266118643130425,1323.6193831713356,10542,869,-3.2782307253268379e-05,-3.2642084458793831e-05,3.2642084458793831e-05,1.0656078499794021e-09,-3.2518282798946183e-05,-0.022408232013203955,-0.021314380898210073,0.021314380898210073,0.00045455042557849867,-0.020502927754003492,4.7914160360229543,
612,1322.9763881363745,0.56257093813687509,1323.5389590745112,10542,869,-3.2787413347714539e-05,-3.263497961604395e-05,3.263497961604395e-05,1.0651440288158433e-09,-3.2518573537485858e-05,-0.022440796147175864,-0.021347015877826121,0.021347015877826121,0.00045594278303542321,-0.020535624873932429,4.8060928759763959,
613,1322.896085487695,0.56248081161195695,1323.458566299307,10542,869,-3.2768280277120227e-05,-3.2627866004296361e-05,3.2627866004296361e-05,1.0646797236888697e-09,-3.2505318576855856e-05,-0.022473353260429534,-0.021379643743830463,0.021379643743830463,0.00045733696665957316,-0.02056831509904393,4.8207889655585605,
614,1322.8158142551949,0.56239059555316562,1323.378204850748,10542,869,-3.2773430197625359e-05,-3.2620746419622504e-05,3.2620746419622504e-05,1.064215142001685e-09,-3.2504256727622524e-05,-0.022505903195360884,-0.021412264490250063,0.021412264490250063,0.00045873297465040482,-0.020600997963864054,4.8355042857899173,
615,1322.7355741130211,0.56230055135514101,1323.2978746643762,10542,869,-3.2775949840020747e-05,-3.2613645131609308e-05,3.2613645131609308e-05,1.0637518433616036e-09,-3.2490884793614076e-05,-0.022538446117871393,-0.021444878135381776,0.021444878135381776,0.00046013080654850257,-0.020633673351582959,4.8502388318277658,
616,1322.6553652574696,0.56221046321222423,1323.2175757206819,10542,869,-3.275986829221294e-05,-3.2606551397497132e-05,3.2606551397497132e-05,1.0632891489930113e-09,-3.2489929187809229e-05,-0.022570981865117173,-0.021477484686779215,0.021477484686779215,0.00046153046115738678,-0.020666342332183507,4.8649925910600142,
617,1322.5751876173306,0.56212045563102009,1323.1373080729616,10542,869,-3.2762316831041731e-05,-3.2599429500578743e-05,3.2599429500578743e-05,1.0628247090355971e-09,-3.2465983216302783e-05,-0.022603510919382425,-0.021510084116279849,0.021510084116279849,0.00046293193600928639,-0.020699003602892199,4.8797655374738875,
618,1322.4950412243199,0.56203041920605323,1323.0570716435261,10542,869,-3.2745642264809505e-05,-3.2592336523654818e-05,3.2592336523654818e-05,1.0623622658199251e-09,-3.2475650296585505e-05,-0.022636032286592177,-0.021542676452803385,0.021542676452803385,0.0004643352308257033,-0.020731658394741753,4.8945576681337384,
619,1322.4149259893193,0.56194050259663253,1322.9768664919159,10542,869,-3.2751583953929481e-05,-3.2585216595873907e-05,3.2585216595873907e-05,1.0618981582438392e-09,-3.2451564462227601e-05,-0.022668547137800005,-0.021575261669399343,0.021575261669399343,0.00046574034316799892,-0.020764305395098957,4.9093689573338768,
620,1322.3348419491233,0.5618505322244377,1322.8966924813478,10542,869,-3.2754340839924303e-05,-3.2578144336369922e-05,3.2578144336369922e-05,1.0614372662024645e-09,-3.2461339503033433e-05,-0.022701054328914307,-0.02160783981373578,0.02160783981373578,0.00046714727360011539,-0.020796945933864764,4.9241994110188161,
621,1322.2547890677401,0.56176065380838336,1322.8165497215484,10542,869,-3.2737771678650892e-05,-3.257102600378159e-05,3.257102600378159e-05,1.0609734638674977e-09,-3.2437232083269481e-05,-0.022733555015519359,-0.021640410839739499,0.021640410839739499,0.00046855601885381593,-0.020829578800116159,4.9390489947380738,
622,1322.174767365289,0.56167076909395741,1322.736438134383,10542,869,-3.2740515088075377e-05,-3.256393466355023e-05,3.256393466355023e-05,1.0605115325534295e-09,-3.2447035157572013e-05,-0.02276604804615126,-0.021672974774403088,0.021672974774403088,0.00046996657858585468,-0.020862205117862097,4.9539177048734944,
623,1322.094776807204,0.56158092706883456,1322.6563577342729,10542,869,-3.2724027124620299e-05,-3.2556835165940106e-05,3.2556835165940106e-05,1.06004916004494e-09,-3.242292032718862e-05,-0.022798534579322186,-0.021705531609568923,0.021705531609568923,0.00047137895117139187,-0.020894823669302641,4.9688055242976414,
624,1322.0148173510986,0.56149108505433665,1322.5763084361529,10542,869,-3.2726591360664184e-05,-3.2549761940780051e-05,3.2549761940780051e-05,1.0595886049016248e-09,-3.2432741039223234e-05,-0.022831013460743531,-0.021738081371509736,0.021738081371509736,0.0004727931362771205,-0.020927435760663839,4.9837124494971272,
625,1321.9348889663356,0.56140135112389267,1322.4962903174596,10542,869,-3.2710191171171623e-05,-3.2542659064904357e-05,3.2542659064904357e-05,1.0591262159131849e-09,-3.2408614786296861e-05,-0.022863485848524025,-0.021770624030574656,0.021770624030574656,0.00047420913129709647,-0.020960040084730548,4.9986384530026937,
626,1321.8549917386279,0.56131157076368132,1322.4163033093917,10542,869,-3.2712672507695e-05,-3.25355728138936e-05,3.25355728138936e-05,1.0586650142397733e-09,-3.2418452607867547e-05,-0.022895950585965871,-0.02180315960338846,0.02180315960338846,0.00047562693552195709,-0.020992637956421971,5.0135835273369498,
627,1321.7751255324958,0.56122191403602839,1322.3363474465318,10542,869,-3.2696321897355667e-05,-3.2528476633850692e-05,3.2528476633850692e-05,1.0582032608024946e-09,-3.2394322263715505e-05,-0.022928408836072261,-0.021835688080022394,0.021835688080022394,0.00047704654718183306,-0.021025228021755861,5.0285476538437024,
628,1321.6952903565989,0.56113222856418499,1322.2564225851631,10542,869,-3.269875786602931e-05,-3.2521424276949364e-05,3.2521424276949364e-05,1.0577444652981381e-09,-3.2404174480629824e-05,-0.022960859440418441,-0.021868209504299352,0.021868209504299352,0.00047846796676143902,-0.021057811655289915,5.0435308376323285,
629,1321.6154863332094,0.56104256245703354,1322.1765288956665,10542,869,-3.2682458222268963e-05,-3.25143148700407e-05,3.25143148700407e-05,1.057282054107144e-09,-3.2380240894367745e-05,-0.022993303653960146,-0.021900723819169375,0.021900723819169375,0.000479891190382529,-0.021090387517119988,5.0585330378222384,
630,1321.5357131650321,0.56095293656891221,1322.0966661016009,10542,869,-3.2684931242330225e-05,-3.2507293188036226e-05,3.2507293188036226e-05,1.056825451077704e-09,-3.2389921592902359e-05,-0.023025740091830851,-0.021933231112357503,0.021933231112357503,0.00048131622054886321,-0.021122957042466365,5.0735542808055669,
631,1321.45597116112,0.56086340475211893,1322.0168345658722,10542,869,-3.266863605016457e-05,-3.2500141633412725e-05,3.2500141633412725e-05,1.0563604986630809e-09,-3.236594218922076e-05,-0.023058170169483194,-0.021965731253990831,0.021965731253990831,0.00048274305018716334,-0.021155518764608874,5.0885944920228887,
632,1321.3762599845606,0.56077385468487195,1321.9370338392455,10542,869,-3.2670611147479043e-05,-3.249314387810055e-05,3.249314387810055e-05,1.0559056515140375e-09,-3.2375666365062638e-05,-0.023090592485567957,-0.021998224397868998,0.021998224397868998,0.00048417168463419481,-0.021188074125319322,5.1036537277290472,
633,1321.2965799471883,0.56068437197144205,1321.8572643191599,10542,869,-3.2654924235873946e-05,-3.2486007577457102e-05,3.2486007577457102e-05,1.0554418943348553e-09,-3.2351672091698256e-05,-0.023123008467361015,-0.022030710405446425,0.022030710405446425,0.00048560211643338937,-0.021220621593203766,5.1187319093243575,
634,1321.2169307736517,0.56059486442806239,1321.7775256380799,10542,869,-3.2634238838021652e-05,-3.2478991122001449e-05,3.2478991122001449e-05,1.0549860257381165e-09,-3.2361405597132348e-05,-0.023155416674456916,-0.022063189396568348,0.022063189396568348,0.00048703434950024289,-0.021253162756296708,5.1338290780820603,
635,1321.1373126815004,0.56050545319392497,1321.6978181346942,10542,869,-3.2630939244723918e-05,-3.2471853225472948e-05,3.2471853225472948e-05,1.0545223645280199e-09,-3.2337421813408582e-05,-0.023187818534788549,-0.022095661249793931,0.022095661249793931,0.00048846837711219687,-0.021285696058433622,5.1489451631396674,
636,1321.0577254005566,0.56041603389900063,1321.6181414344555,10542,869,-3.2637370788497649e-05,-3.2464844503257133e-05,3.2464844503257133e-05,1.0540672041242032e-09,-3.2347116062481485e-05,-0.023220212610356023,-0.022128126094297144,0.022128126094297144,0.00048990420352436825,-0.021318222326008582,5.1640802093503657,
637,1320.9781691032256,0.56032673082063367,1321.5384958340462,10542,869,-3.2616854385522069e-05,-3.2457730655706996e-05,3.2457730655706996e-05,1.0536053038632579e-09,-3.2323171981095593e-05,-0.023252600384257652,-0.02216058382495284,0.02216058382495284,0.00049134182278753435,-0.021350741817146131,5.1792341540033995,
638,1320.8986436858493,0.56023735283890763,1321.4588810386881,10542,869,-3.2605812493064009e-05,-3.2450714320238657e-05,3.2450714320238657e-05,1.0531498455784411e-09,-3.2332933088470091e-05,-0.02328498039961982,-0.022193034539273127,0.022193034539273127,0.00049278123779299468,-0.02138325403321005,5.1944070275759566,
639,1320.8191492344172,0.5601481112392136,1321.3792973456564,10542,869,-3.2617125474444009e-05,-3.2443591300154444e-05,3.2443591300154444e-05,1.0526875531507201e-09,-3.230893268514475e-05,-0.023317354100668253,-0.022225478130573219,0.022225478130573219,0.00049422244247702236,-0.02141575941082921,5.2095987661502923,
640,1320.7396855290779,0.56005880381761985,1321.2997443328954,10542,869,-3.2591904100428285e-05,-3.2436617387224283e-05,3.2436617387224283e-05,1.0522350464447158e-09,-3.2318602693936429e-05,-0.02334972002061745,-0.022257914747960378,0.022257914747960378,0.00049566544202825748,-0.021448257470454816,5.2248094244198624,
641,1320.6602528396099,0.55996968736330766,1321.2202225269732,10542,869,-3.2603817885189729e-05,-3.2429443094872687e-05,3.2429443094872687e-05,1.0517696313508314e-09,-3.2294688876269612e-05,-0.02338207961135113,-0.022290344191055442,0.022290344191055442,0.0004971102262127337,-0.021480748696045535,5.2400388945084257,
642,1320.5808508614768,0.55988042125795001,1321.1407312827348,10542,869,-3.2578056176529485e-05,-3.2422508790958606e-05,3.2422508790958606e-05,1.0513198899961621e-09,-3.2304424330421977e-05,-0.023414431444245369,-0.022322766699846206,0.022322766699846206,0.00049855680430100865,-0.021513232617682825,5.2552872741369319,
643,1320.5014798907914,0.55979131826276274,1321.0612712090542,10542,869,-3.258984655475484e-05,-3.2415343374527373e-05,3.2415343374527373e-05,1.0508552503177738e-09,-3.2280456644748195e-05,-0.023446776971021953,-0.022355182043220814,0.022355182043220814,0.00050000516466023378,-0.021545709707266835,5.2705544406835241,
644,1320.4221395702034,0.55970211146469495,1320.9818416816681,10542,869,-3.2564228395806108e-05,-3.240840329783441e-05,3.240840329783441e-05,1.0504053314875565e-09,-3.2290240983401221e-05,-0.023479114748052806,-0.022387590446518647,0.022387590446518647,0.00050145531593387633,-0.021578179562103516,5.2858404852589906,
645,1320.3428302450477,0.55961306659185972,1320.9024433116397,10542,869,-3.2576178985661552e-05,-3.2401239226415014e-05,3.2401239226415014e-05,1.0499409808528995e-09,-3.2266242745410767e-05,-0.023511446226736926,-0.022419991685745093,0.022419991685745093,0.00050290724678538111,-0.021610642541119305,5.3011452883647019,
646,1320.2635514834101,0.55952397430873135,1320.8230754577189,10542,869,-3.2549382725317296e-05,-3.2394303701545617e-05,3.2394303701545617e-05,1.0494915487628781e-09,-3.2276055959022125e-05,-0.023543769958189902,-0.022452385989446631,0.022452385989446631,0.00050436096606202283,-0.02164309827149995,5.3164689432597827,
647,1320.1843036344874,0.55943506519135067,1320.7437386996787,10542,869,-3.256246038140956e-05,-3.2387148749369044e-05,3.2387148749369044e-05,1.0490279937830516e-09,-3.2252016780327814e-05,-0.023576087395230809,-0.022484773138195923,0.022484773138195923,0.00050581646255107326,-0.021675546836551256,5.3318113317508633,
648,1320.1050863889677,0.55934602220825069,1320.664432411176,10542,869,-3.2536036981280033e-05,-3.2380230897014228e-05,3.2380230897014228e-05,1.0485799022081633e-09,-3.2261873571291247e-05,-0.023608397174798797,-0.022517153369093063,0.022517153369093063,0.0005072737455304601,-0.021707988523167861,5.3471725516365796,
649,1320.0259000294259,0.55925715606488113,1320.5851571854907,10542,869,-3.2548717048298275e-05,-3.2373088118368413e-05,3.2373088118368413e-05,1.048117339402318e-09,-3.2237678368555512e-05,-0.023640700528606191,-0.022549526457211335,0.022549526457211335,0.0005087328034818631,-0.021740423023447888,5.3625524815023189,
650,1319.946744287955,0.55916815114987506,1320.5059124391048,10542,869,-3.2522296833016552e-05,-3.2366143610399581e-05,3.2366143610399581e-05,1.0476677163320528e-09,-3.2250942985521521e-05,-0.023672996235189935,-0.022581892600821708,0.022581892600821708,0.00051019364403853489,-0.021772850632830104,5.3779512018101965,
651,1319.8676193716653,0.55907935956559218,1320.426698731231,10542,869,-3.2534970272012831e-05,-3.2359009032814488e-05,3.2359009032814488e-05,1.0472058854806979e-09,-3.2223409014410631e-05,-0.023705285375644671,-0.022614251609854558,0.022614251609854558,0.00051165625718212052,-0.021805270958146765,5.3933686069567326,
652,1319.7885250221943,0.55899045315180895,1320.3475154753462,10542,869,-3.2508813521540525e-05,-3.2352070377164563e-05,3.2352070377164563e-05,1.0467568310754212e-09,-3.2236745321605148e-05,-0.023737567045157473,-0.022646603680231706,0.022646603680231706,0.00051312065050068906,-0.021837684512730399,5.408804776927763,
653,1319.7094614807766,0.55890176840456729,1320.2683632491812,10542,869,-3.2521066783041861e-05,-3.2344923860672596e-05,3.2344923860672596e-05,1.0462944309587826e-09,-3.2209319105735918e-05,-0.023769842192282929,-0.022678948604092423,0.022678948604092423,0.00051458681312103658,-0.021870090837962507,5.424259597108847,
654,1319.6304285364736,0.55881294013822602,1320.1892414766119,10542,869,-3.2495006663641765e-05,-3.2337985269059243e-05,3.2337985269059243e-05,1.0458455763013355e-09,-3.2222567457736871e-05,-0.023802109887242778,-0.022711286589361477,0.022711286589361477,0.00051605475318259653,-0.021902490246432316,5.43973315329775,
655,1319.5514263490138,0.55872428376285055,1320.1101506327766,10542,869,-3.2507433749788473e-05,-3.2330871014902786e-05,3.2330871014902786e-05,1.0453854643702986e-09,-3.2195143446614476e-05,-0.023834371047610641,-0.022743617460376467,0.022743617460376467,0.0005175244612506322,-0.021934882472137221,5.4552253460429139,
656,1319.4724546083335,0.55863558711173789,1320.0310901954451,10542,869,-3.2481075585942585e-05,-3.232393255287636e-05,3.232393255287636e-05,1.0449368129739746e-09,-3.2208389705220101e-05,-0.023866624750224833,-0.022775941392929214,0.022775941392929214,0.00051899594407813225,-0.021967267793655772,5.4707362465275917,
657,1319.3935136466371,0.5585470246254528,1319.9520606712624,10542,869,-3.249376075911412e-05,-3.231682683403398e-05,3.231682683403398e-05,1.0444774507103305e-09,-3.2180980323198853e-05,-0.02389887191771543,-0.022808258219763268,0.022808258219763268,0.00052046919256545628,-0.02199964595402772,5.4862657588324746,
658,1319.3146031781428,0.55845832608333379,1319.8730615042261,10542,869,-3.2467228272720597e-05,-3.2309905943102578e-05,3.2309905943102578e-05,1.0440301315892751e-09,-3.2194308472082795e-05,-0.023931111625146613,-0.022840568125706291,0.022840568125706291,0.00052194421386139137,-0.022032017009983296,5.5018139583129262,
659,1319.2357232392569,0.55836997224890439,1319.7940932115059,10542,869,-3.2480058379810786e-05,-3.2302792908968786e-05,3.2302792908968786e-05,1.0435704963345945e-09,-3.2166842378348997e-05,-0.023963344810803571,-0.022872870918615319,0.022872870918615319,0.00052342099779000733,-0.022064381127190211,5.5173807377044675,
660,1319.1568739813581,0.5582813270414172,1319.7151553083995,10542,869,-3.2452935788453e-05,-3.2295856996101012e-05,3.2295856996101012e-05,1.0431224034009144e-09,-3.2177349566643983e-05,-0.023995570535819615,-0.022905166775611403,0.022905166775611403,0.00052489955113295753,-0.022096738193666737,5.5329661684925053,
661,1319.0780550766556,0.55819305721319001,1319.6362481338688,10542,869,-3.2466387741366281e-05,-3.2288797986862373e-05,3.2288797986862373e-05,1.0426664561647074e-09,-3.2158538173530526e-05,-0.0240277896570643,-0.022937455573598376,0.022937455573598376,0.00052637986683335889,-0.022129088357678087,5.5485701762904363,
662,1318.9992669865946,0.55810446696614002,1319.5573714535608,10542,869,-3.243955418975634e-05,-3.2281806852791189e-05,3.2281806852791189e-05,1.0422149909676656e-09,-3.2165262717042329e-05,-0.02406000173665869,-0.022969737380451136,0.022969737380451136,0.00052786194670757986,-0.022161431376907494,5.564192780244599,
663,1318.920509223411,0.55801624678776696,1319.4785254701987,10542,869,-3.2452691754565109e-05,-3.2274756008888748e-05,3.2274756008888748e-05,1.0417597713593815e-09,-3.2144224155161327e-05,-0.024092206689113237,-0.02300201213645987,0.02300201213645987,0.00052934578658583289,-0.022193767291435944,5.5798339364012648,
664,1318.841782186078,0.55792774864230343,1319.3997099347202,10542,869,-3.2425782056164588e-05,-3.2267775297460977e-05,3.2267775297460977e-05,1.0413091739112526e-09,-3.2151179236458165e-05,-0.024124404773116528,-0.023034279911757497,0.023034279911757497,0.00053083138839749662,-0.022226096279904673,5.5954936650980116,
665,1318.763085500806,0.55783948824307472,1319.320924989049,10542,869,-3.243897625803021e-05,-3.2260756930620816e-05,3.2260756930620816e-05,1.0408562473453709e-09,-3.2129883456965885e-05,-0.024156595750281357,-0.02306654066868815,0.02306654066868815,0.00053231874897795392,-0.022258418201544807,5.6111719329766121,
666,1318.6844195166132,0.55775115055054403,1319.2421706671637,10542,869,-3.2411977147343568e-05,-3.2253699463286774e-05,3.2253699463286774e-05,1.04040089421724e-09,-3.2097475654276472e-05,-0.024188779863187394,-0.023098794368151376,0.023098794368151376,0.00053380786526397513,-0.022290733168881895,5.6268687077475619,
667,1318.6057837763515,0.55766301248540073,1319.1634467888368,10542,869,-3.2424959335612977e-05,-3.224673060657762e-05,3.224673060657762e-05,1.0399513588086043e-09,-3.2114154070092497e-05,-0.024220956855339561,-0.023131041098757969,0.023131041098757969,0.00053529873991546551,-0.02232304105838142,5.6425840174489217,
668,1318.5271787951544,0.55757471613216991,1319.0847535112866,10542,869,-3.2428993082951758e-05,-3.2239680222154957e-05,3.2239680222154957e-05,1.0394966607537135e-09,-3.2087970902825984e-05,-0.024253126999406734,-0.023163280778980062,0.023163280778980062,0.00053679136784678472,-0.02235534198802043,5.6583178084729582,
669,1318.4486039312192,0.5574866364096015,1319.0060905676287,10542,869,-3.2411106672245498e-05,-3.2232747040351968e-05,3.2232747040351968e-05,1.0390496215090694e-09,-3.2100074741948268e-05,-0.02428529003045049,-0.02319551352602052,0.02319551352602052,0.000538285753083239,-0.022387635770760122,5.6740701232504227,
670,1318.370059837966,0.55739840577600164,1318.927458243742,10542,869,-3.2416014193518515e-05,-3.2225679377092713e-05,3.2225679377092713e-05,1.0385940078019126e-09,-3.207374222475002e-05,-0.024317446219355835,-0.023227739205397582,0.023227739205397582,0.00053978188808608419,-0.022419922578537893,5.6898408823154139,
671,1318.2915457892943,0.557310439208619,1318.8488562285029,10542,869,-3.2397796443487572e-05,-3.2218746206875711e-05,3.2218746206875711e-05,1.038147158130744e-09,-3.2085785875936919e-05,-0.024349595315429084,-0.023259957951604446,0.023259957951604446,0.00054127977772282926,-0.022452202435381124,5.7056301369763434,
672,1318.2130625268362,0.55722223759582956,1318.7702847644321,10542,869,-3.2402531041044471e-05,-3.2211700699704728e-05,3.2211700699704728e-05,1.037693169714796e-09,-3.2059392515854637e-05,-0.024381737563482463,-0.023292169652304035,0.023292169652304035,0.00054277941542175024,-0.022484475230050933,5.7214378179606689,
673,1318.134609318437,0.55713438982557917,1318.6917437082625,10542,869,-3.2384092143671959e-05,-3.2204716775816861e-05,3.2204716775816861e-05,1.0372432479044823e-09,-3.207138808229291e-05,-0.02441387268986971,-0.023324374369080018,0.023324374369080018,0.00054428080269043166,-0.022516741096026957,5.7372639411598403,
674,1318.0561867960548,0.55704624685382087,1318.6132330429086,10542,869,-3.2388821966748615e-05,-3.2197728382526003e-05,3.2197728382526003e-05,1.036793135159422e-09,-3.2044995711590972e-05,-0.024446000838697732,-0.023356572097462506,0.023356572097462506,0.00054578393797827414,-0.022548999909389598,5.7531084902289873,
675,1317.9777943360923,0.55695842408712792,1318.5347527601793,10542,869,-3.2370093876259376e-05,-3.2190748090257989e-05,3.2190748090257989e-05,1.0363436421894171e-09,-3.2057096788294069e-05,-0.024478122033095157,-0.023388762845552729,0.023388762845552729,0.00054728882029216064,-0.02258125167321692,5.7689714546996651,
676,1317.899432507968,0.5568703180849317,1318.4563028260529,10542,869,-3.2375256087882299e-05,-3.2183769720517237e-05,3.2183769720517237e-05,1.0358943704834698e-09,-3.2030734437436333e-05,-0.02451023628282091,-0.023420946615273261,0.023420946615273261,0.00054879544837501521,-0.022613496413986398,5.7848528213210351,
677,1317.8211007235338,0.55678256111683022,1318.3778832846506,10542,869,-3.2356512043365763e-05,-3.2176781952902248e-05,3.2176781952902248e-05,1.0354445894695517e-09,-3.2042640917536371e-05,-0.0245423435742626,-0.023453123397226192,0.023453123397226192,0.00055030382047197479,-0.022645734154832689,5.8007525715950861,
678,1317.7427995365586,0.55669449655081116,1318.2994940331093,10542,869,-3.2361685471768462e-05,-3.2169812665184167e-05,3.2169812665184167e-05,1.034996099917551e-09,-3.2016404869218439e-05,-0.024574443918558387,-0.023485293209891421,0.023485293209891421,0.00055181393604739244,-0.022677965057753293,5.816670699875564,
679,1317.6645284277743,0.55660679792187362,1318.2211352256961,10542,869,-3.2342887131624003e-05,-3.216279408762873e-05,3.216279408762873e-05,1.0345445283925289e-09,-3.202838478055546e-05,-0.024606537305155846,-0.023517456003978993,0.023517456003978993,0.00055332579150913787,-0.0227101889846845,5.8326071682978222,
680,1317.5862877792028,0.55651885024462655,1318.1428066294475,10542,869,-3.2347533944523768e-05,-3.2155853518083724e-05,3.2155853518083724e-05,1.034098083728312e-09,-3.2002021803840935e-05,-0.024638623739835226,-0.023549611857497071,0.023549611857497071,0.00055483938911130601,-0.022742405873216576,5.8485620006222767,
681,1317.5080771924629,0.5564312731656339,1318.0645084656285,10542,869,-3.2329250043084574e-05,-3.2148827739049433e-05,3.2148827739049433e-05,1.0336462455130139e-09,-3.2014100670037494e-05,-0.024670703219113677,-0.023581760685236135,0.023581760685236135,0.0005563547235701811,-0.022774615723691626,5.8645351411532793,
682,1317.4298971043215,0.55634336803537721,1317.9862404723569,10542,869,-3.2334021164635093e-05,-3.2141896274736567e-05,3.2141896274736567e-05,1.0332005774008562e-09,-3.1987473042830083e-05,-0.02470277574341067,-0.023613902581510918,0.023613902581510918,0.00055787179788147003,-0.022806818566483558,5.8805266214685759,
683,1317.3517470730183,0.55625577407667182,1317.9080028470948,10542,869,-3.2315558149143357e-05,-3.2134893688338306e-05,3.2134893688338306e-05,1.0327504283010366e-09,-3.199988953320445e-05,-0.024734841314642056,-0.023646037475199114,0.023646037475199114,0.00055939060743450276,-0.022839014398116121,5.8965363929670938,
684,1317.2736273891801,0.55616798681120105,1317.8297953759914,10542,869,-3.2320453301073973e-05,-3.2127959688868927e-05,3.2127959688868927e-05,1.032304789471211e-09,-3.1973220333446597e-05,-0.024766899932829153,-0.023678165434888043,0.023678165434888043,0.00056091115405866219,-0.022871203312323042,5.912564474932358,
685,1317.1955377299187,0.55608056753287616,1317.7516182974516,10542,869,-3.2301951756947811e-05,-3.2120933247472266e-05,3.2120933247472266e-05,1.0318532975670891e-09,-3.2004062537529721e-05,-0.024798951599409442,-0.023710286368135464,0.023710286368135464,0.00056243343214856952,-0.022903386803668289,5.9286108082780711,
686,1317.117478469668,0.55599276913919227,1317.6734712388072,10542,869,-3.2306900781962772e-05,-3.21140543763204e-05,3.21140543763204e-05,1.0314114005106731e-09,-3.1959923727256432e-05,-0.024830996318649799,-0.02374240042251187,0.02374240042251187,0.00056395744718137181,-0.022935560827569118,5.9446754507388402,
687,1317.0394492927755,0.55590534678655235,1317.5953546395622,10542,869,-3.2288342087132269e-05,-3.2106989256745335e-05,3.2106989256745335e-05,1.030957618811854e-09,-3.1989840725349264e-05,-0.024863034090651246,-0.023774507411768588,0.023774507411768588,0.00056548318917635848,-0.02296773000332001,5.9607582971079944,
688,1316.9614503645155,0.55581774262223815,1317.5172681071376,10542,869,-3.2291847059784964e-05,-3.210008322964384e-05,3.210008322964384e-05,1.0305141664404741e-09,-3.1945739849507532e-05,-0.024895064918614835,-0.023806607494998227,0.023806607494998227,0.00056701066414786415,-0.022999889929023933,5.9768594107826356,
689,1316.8834816059757,0.55573026142709014,1317.4392118674027,10542,869,-3.22747431178632e-05,-3.2093080062036095e-05,3.2093080062036095e-05,1.0300645646157649e-09,-3.1975297425921373e-05,-0.024927088797669767,-0.023838700575060118,0.023838700575060118,0.00056853986630944916,-0.023032045069178077,5.9929787307679039,
690,1316.8055429205954,0.55564275815693553,1317.3611856787522,10542,869,-3.2319222735322807e-05,-3.2086168614641527e-05,3.2086168614641527e-05,1.0296209573164817e-09,-3.1931490925647319e-05,-0.024959105743721555,-0.023870786743674922,0.023870786743674922,0.00057007079853878392,-0.023064190978382464,6.0091162873973216,
691,1316.7276344135735,0.55555539777544682,1317.2831898113488,10542,869,-3.2261384223159563e-05,-3.2079147900985501e-05,3.2079147900985501e-05,1.0291704179441041e-09,-3.1961244135895136e-05,-0.024991115739638484,-0.023902865891575951,0.023902865891575951,0.00057160345444130442,-0.023096332165709454,6.0252720132657895,
692,1316.649756008874,0.55546791210578783,1317.2052239209797,10542,869,-3.2305935389182231e-05,-3.2072260237452959e-05,3.2072260237452959e-05,1.0287285313836865e-09,-3.1917271162214318e-05,-0.025023118799610326,-0.023934938151813391,0.023934938151813391,0.00057313783883491639,-0.023128464101861597,6.0414459591588541,
693,1316.5719077465437,0.55538063431734541,1317.127288380861,10542,869,-3.2247791978732769e-05,-3.206521524720206e-05,3.206521524720206e-05,1.0282766266961473e-09,-3.1954307888558838e-05,-0.025055115001288365,-0.023967003367060462,0.023967003367060462,0.00057467394311882191,-0.023160591353945648,6.0576380344155014,
694,1316.4940894873885,0.55529326843665816,1317.049382755825,10542,869,-3.229261570878121e-05,-3.2058346563816717e-05,3.2058346563816717e-05,1.0278361525170153e-09,-3.1902935135869111e-05,-0.025087104221100578,-0.023999061713624203,0.023999061713624203,0.00057621177411460757,-0.023192709298611138,6.0738483109420782,
695,1316.4163014441635,0.55520602643819705,1316.9715074706016,10542,869,-3.2234198375696339e-05,-3.2051302061753867e-05,3.2051302061753867e-05,1.027384479355795e-09,-3.192463520823323e-05,-0.02511908653527252,-0.024031113015686209,0.024031113015686209,0.00057775132230171141,-0.023224822519762611,6.0900766883823403,
696,1316.338543315024,0.55511873979050386,1316.8936620548145,10542,869,-3.2279210775532262e-05,-3.204444127088756e-05,3.204444127088756e-05,1.0269446995093092e-09,-3.1888703585546273e-05,-0.025151061879333438,-0.024063157456956946,0.024063157456956946,0.00057929259494825692,-0.02325692808114176,6.1063232433495758,
697,1316.2608153971632,0.55503155831351991,1316.8158469554767,10542,869,-3.222058889972739e-05,-3.2037397700721264e-05,3.2037397700721264e-05,1.0264932827740308e-09,-3.1912547310306717e-05,-0.025183030327245556,-0.024095194854657616,0.024095194854657616,0.00058083558212785723,-0.02328902638381496,6.1225878712097428,
698,1316.1831173387211,0.55494433852278724,1316.7380616772439,10542,869,-3.2265476257225358e-05,-3.2030551619216271e-05,3.2030551619216271e-05,1.026054635132051e-09,-3.1874372646754945e-05,-0.025214991812644826,-0.024127225406276952,0.024127225406276952,0.00058238029181956186,-0.023321117558601043,6.1388706560700017,
699,1316.1054494961925,0.55485720851758091,1316.6603067047101,10542,869,-3.2207024442044104e-05,-3.2023503975848048e-05,3.2023503975848048e-05,1.0256031528940508e-09,-3.1898350433960528e-05,-0.025246946405815325,-0.024159248910252777,0.024159248910252777,0.00058392671316035089,-0.023353201775407822,6.1551714834232589,
700,1316.0278114824973,0.55477004103795735,1316.5825815235353,10542,869,-3.2251952266126223e-05,-3.2016661953823027e-05,3.2016661953823027e-05,1.0251649589483846e-09,-3.1860153571817179e-05,-0.025278894040827189,-0.024191265572206664,0.024191265572206664,0.00058547485453234072,-0.023385279005144578,6.1714904416254033,
701,1315.9502035594987,0.55468299417306821,1316.5048865536719,10542,869,-3.2193453329769084e-05,-3.2009640235418478e-05,3.2009640235418478e-05,1.0247153331630529e-09,-3.1884275646359865e-05,-0.025310834789652591,-0.024223275212441948,0.024223275212441948,0.00058702470614243327,-0.023417349262797205,6.187827427447389,
702,1315.8726254690037,0.55459590750992371,1316.4272213765137,10542,869,-3.2238515104208445e-05,-3.2002794861250105e-05,3.2002794861250105e-05,1.0242771094720876e-09,-3.1845915197739612e-05,-0.025342768694209716,-0.024255278007303312,0.024255278007303312,0.00058857627498720222,-0.023449412538511332,6.2041825146400988,
703,1315.795077388505,0.55450897155115175,1316.349586360056,10542,869,-3.217989425709759e-05,-3.1995785878958793e-05,3.1995785878958793e-05,1.0238284943871032e-09,-3.1870184975460369e-05,-0.025374695539084533,-0.024287273793182282,0.024287273793182282,0.00059012955201079753,-0.023481468893913955,6.2205556077458164,
704,1315.7175592211506,0.55442193320638855,1316.271981154357,10542,869,-3.2225081409203262e-05,-3.1988920576422105e-05,3.1988920576422105e-05,1.0233891868362342e-09,-3.1831681878845536e-05,-0.025406615675971734,-0.024319262713758685,0.024319262713758685,0.00059168454262944017,-0.023513518309404263,6.2369467638569285,
705,1315.6400710256478,0.55433505505811698,1316.1944060807059,10542,869,-3.2166348405234923e-05,-3.1981919700773395e-05,3.1981919700773395e-05,1.0229412789671082e-09,-3.1856112128062465e-05,-0.02543852872471113,-0.024351244633459428,0.024351244633459428,0.00059324123915769765,-0.023545560781639999,6.2533559019612905,
706,1315.5626127071037,0.55424810932626933,1316.1168608164298,10542,869,-3.2211273684260795e-05,-3.1975043406613046e-05,3.1975043406613046e-05,1.0225014505229142e-09,-3.1851256632620371e-05,-0.025470435025217297,-0.024383219676866009,0.024383219676866009,0.00059479964614431353,-0.023577596411037967,6.2697830700072092,
707,1315.4851843336089,0.55416130422406706,1316.0393456378331,10542,869,-3.2152816642023962e-05,-3.1968056705419633e-05,3.1968056705419633e-05,1.022054651118134e-09,-3.1842037630890128e-05,-0.02550233424691286,-0.024415187733571462,0.024415187733571462,0.00059635975702553555,-0.023609625025915564,6.2862281988061701,
708,1315.4077858099963,0.55407438671563036,1315.961860196712,10542,869,-3.2197926298966503e-05,-3.1961200162590598e-05,3.1961200162590598e-05,1.0216162817235758e-09,-3.1837321171688501e-05,-0.025534226727465126,-0.024447148933734057,0.024447148933734057,0.00059792157664445415,-0.023641646693128553,6.3026913394091908,
709,1315.3304171739787,0.55398763533942919,1315.8844048093181,10542,869,-3.2139222473205424e-05,-3.1954220857801942e-05,3.1954220857801942e-05,1.0211701489581399e-09,-3.1827967362141453e-05,-0.025566112134740509,-0.024479103154591765,0.024479103154591765,0.00059948509786924458,-0.023673661412400369,6.3191724166397067,
710,1315.2530783443488,0.55390084330603617,1315.8069791876549,10542,869,-3.2184564691589674e-05,-3.1947343859453123e-05,3.1947343859453123e-05,1.0207306608057344e-09,-3.1823393031181111e-05,-0.025597990805196938,-0.024511050498451308,0.024511050498451308,0.00060105032420840459,-0.023705669205223458,6.3356714674807924,
711,1315.1757693850921,0.55381415061255945,1315.7295835357047,10542,869,-3.2126342672161002e-05,-3.1940389782833393e-05,3.1940389782833393e-05,1.0202863347494345e-09,-3.181389724861307e-05,-0.025629862406722968,-0.024542990888234185,0.024542990888234185,0.00060261725070053927,-0.023737670105530326,6.3521884396343848,
712,1315.0984902070761,0.55372745413870339,1315.6522176612148,10542,869,-3.2171087604615539e-05,-3.1933501901767177e-05,3.1933501901767177e-05,1.0198463405038181e-09,-3.1809475756008834e-05,-0.025661727276665571,-0.024574924390135859,0.024574924390135859,0.00060418587914328218,-0.023769664035672551,6.3687233520493374,
713,1315.021240978258,0.55364072429087929,1315.574881702549,10542,869,-3.2112105351718587e-05,-3.1926566961273955e-05,3.1926566961273955e-05,1.01940343218266e-09,-3.1799831734305057e-05,-0.025693585085896035,-0.02460685095709722,0.02460685095709722,0.00060575620597877651,-0.023801651129299065,6.3852761672222833,
714,1314.9440213951777,0.55355407441935822,1315.497575469597,10542,869,-3.2157681538304488e-05,-3.1919685364722878e-05,3.1919685364722878e-05,1.0189640270944474e-09,-3.179545515766134e-05,-0.025725436005463519,-0.024638770642462005,0.024638770642462005,0.00060732823246548823,-0.023833631172245365,6.4018468984187118,
715,1314.8668318231739,0.55346739877315632,1315.4202992219471,10542,869,-3.2098649996765738e-05,-3.1912718105754923e-05,3.1912718105754923e-05,1.0185192478867586e-09,-3.1766133314676458e-05,-0.02575728007028838,-0.02467068336056772,0.02467068336056772,0.00060890195310140088,-0.023865604543437471,6.418435487641867,
716,1314.7896718299694,0.5533808264506459,1315.34305265642,10542,869,-3.2143440063810106e-05,-3.1905841865090146e-05,3.1905841865090146e-05,1.0180803760053001e-09,-3.1781438205940114e-05,-0.025789117076554915,-0.024702589202432824,0.024702589202432824,0.00061047737101798012,-0.023897570759363686,6.4350419679005286,
717,1314.7125417289308,0.55329426389089864,1315.2658359928216,10542,869,-3.2085108056501913e-05,-3.1898903932457137e-05,3.1898903932457137e-05,1.0176376571445375e-09,-3.1754520026355556e-05,-0.025820947354775501,-0.024734488106365093,0.024734488106365093,0.00061205448187200248,-0.023929530266965517,6.451666293412778,
718,1314.6354413360302,0.55320766634525065,1315.1886490023755,10542,869,-3.2130168759831487e-05,-3.1892024060926149e-05,3.1892024060926149e-05,1.0171987443487616e-09,-3.1767549564979918e-05,-0.025852770617718211,-0.024766380130426029,0.024766380130426029,0.00061363328715912768,-0.023961482585323501,6.4683084799443646,
719,1314.5583706566219,0.55312115921718452,1315.1114918158391,10542,869,-3.2071632745695898e-05,-3.1885114441135547e-05,3.1885114441135547e-05,1.0167580240560121e-09,-3.1739783447359385e-05,-0.025884586939991506,-0.024798265244867296,0.024798265244867296,0.00061521378415276928,-0.023993428127877754,6.4849684987543412,
720,1314.4813296970569,0.55303463003554587,1315.0343643270926,10542,869,-3.2068873189351227e-05,-3.1878222526959623e-05,3.1878222526959623e-05,1.0163185274165596e-09,-3.1753670873158654e-05,-0.025916396479807181,-0.024830143467394233,0.024830143467394233,0.00061679597237453783,-0.0240253667093649,6.5016463448000028,
721,1314.4043184416248,0.55294821102795633,1314.9572666526528,10542,869,-3.2058142016299454e-05,-3.1871302583196082e-05,3.1871302583196082e-05,1.0158773456646782e-09,-3.1726003195630115e-05,-0.025948199085200501,-0.024862014769977358,0.024862014769977358,0.00061837984910542764,-0.024057298411596324,6.5183419894203123,
722,1314.3273368694367,0.55286169750104153,1314.8801985669377,10542,869,-3.2055355959034035e-05,-3.1864442445508201e-05,3.1864442445508201e-05,1.0154400688163611e-09,-3.1739823056332895e-05,-0.025979994902348345,-0.02489387921242282,0.02489387921242282,0.00061996541601162228,-0.024089223143560361,6.5350554501785103,
723,1314.2503849590121,0.55277536123494697,1314.8031603202471,10542,869,-3.204468380972373e-05,-3.1857503159896557e-05,3.1857503159896557e-05,1.0149978390233892e-09,-3.1712102805994699e-05,-0.026011783781381886,-0.024925736715582892,0.024925736715582892,0.00062155266786013822,-0.024121141125436511,6.5517866719137166,
724,1314.173462669256,0.5526889565410612,1314.726151625797,10542,869,-3.2041761170840137e-05,-3.1850649896424885e-05,3.1850649896424885e-05,1.0145611903401658e-09,-3.1725976096498894e-05,-0.026043565870560798,-0.024957587365479171,0.024957587365479171,0.00062314160758200176,-0.024153052107587607,6.5685356855218808,
725,1314.0965700889242,0.55260266368703181,1314.6491727526113,10542,869,-3.203122269963169e-05,-3.1843712678368278e-05,3.1843712678368278e-05,1.0141192838970943e-09,-3.1698185697079188e-05,-0.026075341023630065,-0.024989431078157581,0.024989431078157581,0.00062473222970672599,-0.024184956189724681,6.5853024333385983,
726,1314.0197070988977,0.55251627293772332,1314.5722233718354,10542,869,-3.2028287229591964e-05,-3.1836880445207854e-05,3.1836880445207854e-05,1.0136841640472819e-09,-3.1712140705808371e-05,-0.026107109386300068,-0.025021267958602798,0.025021267958602798,0.00062632453811471808,-0.024216853304924575,6.6020869562672431,
727,1313.9428736848135,0.55243012529889535,1314.4953038101125,10542,869,-3.2017772379623694e-05,-3.1829929189646798e-05,3.1829929189646798e-05,1.0132415571296748e-09,-3.1684268283763291e-05,-0.026138870814853818,-0.025053097887792496,0.025053097887792496,0.00062791852558700262,-0.024248743546133728,6.6188891782125943,
728,1313.8660699362099,0.55234379179689341,1314.4184137280067,10542,869,-3.2000156793436584e-05,-3.1823100487502288e-05,3.1823100487502288e-05,1.0128068474937817e-09,-3.1682148731467645e-05,-0.026170625454985691,-0.025084920988280069,0.025084920988280069,0.00062951419690329127,-0.024280626828410937,6.6357091495575933,
729,1313.7892956477815,0.55225771604853191,1314.3415533638301,10542,869,-3.2004316426533583e-05,-3.1816178654404423e-05,3.1816178654404423e-05,1.0123663035897781e-09,-3.1670157835178399e-05,-0.026202373220451616,-0.025116737166934314,0.025116737166934314,0.00063111154610880299,-0.024312503312387174,6.6525468075328922,
730,1313.7125510616181,0.55217148856679432,1314.2647225501848,10542,869,-3.1986707148078438e-05,-3.1809311078015154e-05,3.1809311078015154e-05,1.0119293062399673e-09,-3.1671314763641674e-05,-0.026234114045904429,-0.025148546478012367,0.025148546478012367,0.00063271057461796961,-0.024344372879400895,6.6694021670480179,
731,1313.6358359547257,0.55208551390070815,1314.1879214686264,10542,869,-3.19908653208229e-05,-3.1802378687015798e-05,3.1802378687015798e-05,1.0114882861058552e-09,-3.165625673225405e-05,-0.02626584807208359,-0.025180348856699421,0.025180348856699421,0.0006343112778288189,-0.024376235516433628,6.6862751795935802,
732,1313.5591504783736,0.55199930489980731,1314.1111497832733,10542,869,-3.1973148033963126e-05,-3.1795566475885435e-05,3.1795566475885435e-05,1.0110550008034485e-09,-3.1655864518111959e-05,-0.026297575176336026,-0.025212144423175282,0.025212144423175282,0.00063591366048110383,-0.024408090365508905,6.7031658951313151,
733,1313.4824944962074,0.55191329918701859,1314.0344077953944,10542,869,-3.197739604649506e-05,-3.1788639200151503e-05,3.1788639200151503e-05,1.0106144929062005e-09,-3.1642331221611275e-05,-0.026329295470102255,-0.025243933062375472,0.025243933062375472,0.00063751771545575745,-0.024439939678479398,6.720074238619139,
734,1313.4058680439834,0.55182716089054029,1313.957695204874,10542,869,-3.1959576907004621e-05,-3.1781821248634255e-05,3.1781821248634255e-05,1.0101810316145792e-09,-3.1642298978845675e-05,-0.026361008856187709,-0.025275714883624102,0.025275714883624102,0.00063912344698794222,-0.024471780972110144,6.7370002546998986,
735,1313.3292710248988,0.55174128012308354,1313.8810123050218,10542,869,-3.1963684530880024e-05,-3.1774884397135432e-05,3.1774884397135432e-05,1.0097401066398207e-09,-3.16284247657631e-05,-0.026392715435056932,-0.025307489768021173,0.025307489768021173,0.00064073084774783921,-0.024503616580722667,6.7539438661099735,
736,1313.2527035768203,0.55165521516752791,1313.8043587919879,10542,869,-3.1946018594196741e-05,-3.1768067152836058e-05,3.1768067152836058e-05,1.0093068791605563e-09,-3.1628351207099206e-05,-0.026424415022727112,-0.025339257835174045,0.025339257835174045,0.00064233992247394827,-0.02453544416014735,6.7709051227978883,
737,1313.1761654846971,0.55156941847567187,1313.7277349031729,10542,869,-3.1950146645651606e-05,-3.1761148575503005e-05,3.1761148575503005e-05,1.0088673042219756e-09,-3.1614525232411877e-05,-0.026456107904067768,-0.025371018983749622,0.025371018983749622,0.00064395066473373606,-0.024567266021305989,6.7878839569583116,
738,1313.099656937892,0.55148345913729901,1313.6511403970292,10542,869,-3.1932784587726363e-05,-3.175432399611464e-05,3.175432399611464e-05,1.0084337979301873e-09,-3.1591897258425392e-05,-0.026487793817500844,-0.025402773307745652,0.025402773307745652,0.00064556307797654681,-0.024599079849092157,6.8048804049507803,
739,1313.0231777874315,0.55139769900573943,1313.5745754864372,10542,869,-3.1936688865482859e-05,-3.1747416557822191e-05,3.1747416557822191e-05,1.0079951229123507e-09,-3.1600656247613965e-05,-0.026519473021823951,-0.025434520724303449,0.025434520724303449,0.00064717715667315684,-0.024630887909913447,6.8218944084917466,
740,1312.9467281877417,0.55131179162850152,1313.4980399793701,10542,869,-3.1919298523097149e-05,-3.1740568510878454e-05,3.1740568510878454e-05,1.0075603098679633e-09,-3.1578748145673493e-05,-0.026551145247891796,-0.025466261292814332,0.025466261292814332,0.00064879290256296071,-0.024662687964940928,6.8389259859161688,
741,1312.8703078571157,0.55122607073452712,1313.4215339278503,10542,869,-3.1922226426134953e-05,-3.1733713649124993e-05,3.1733713649124993e-05,1.0071251614164365e-09,-3.1586783118681548e-05,-0.026582810775678398,-0.025497995006463457,0.025497995006463457,0.00065041031394660897,-0.024694482286409934,6.8559751193112053,
742,1312.793917239364,0.55114016030817381,1313.3450573996722,10542,869,-3.1905805027396944e-05,-3.1726811145097658e-05,3.1726811145097658e-05,1.006687082609469e-09,-3.1564858845235494e-05,-0.026614469323229823,-0.025529721817608549,0.025529721817608549,0.00065202938711446303,-0.024726268580169471,6.8730417695735548,
743,1312.7175556148677,0.55105455278636295,1313.2686101676541,10542,869,-3.1908961143492777e-05,-3.1720008313492569e-05,3.1720008313492569e-05,1.0062554240257024e-09,-3.1608051493074967e-05,-0.026646121027852191,-0.025561441825922016,0.025561441825922016,0.00065365012588001635,-0.024758049191777536,6.8901259769012526,
744,1312.6412237842796,0.55096871434475903,1313.1921924986243,10542,869,-3.1913109035204582e-05,-3.1713083912312028e-05,3.1713083912312028e-05,1.0058161444879482e-09,-3.1550907718532353e-05,-0.026677765886906825,-0.025593154909834364,0.025593154909834364,0.00065527252268315905,-0.024789821769763881,6.90722766160318,
745,1312.5649209408,0.55088312445013365,1313.1158040652501,10542,869,-3.18955820173411e-05,-3.1706298017398178e-05,3.1706298017398178e-05,1.0053857477005798e-09,-3.1593956815355395e-05,-0.026709403955480666,-0.025624861207851728,0.025624861207851728,0.0006568965833118524,-0.024821587790514677,6.9243468846902365,
746,1312.4886477312157,0.55079746157150922,1313.0394451927873,10542,869,-3.1895664990824253e-05,-3.1699367591844377e-05,3.1699367591844377e-05,1.0049462761034885e-09,-3.1536981126904381e-05,-0.026741035183367921,-0.025656560575443604,0.025656560575443604,0.00065852229909742546,-0.024853347060635272,6.9414835547859619,
747,1312.412403782113,0.55071186398597971,1312.9631156460989,10542,869,-3.1882176797032029e-05,-3.1692536641410062e-05,3.1692536641410062e-05,1.0045132051200981e-09,-3.1580349388421609e-05,-0.026772659618185209,-0.025688253112085089,0.025688253112085089,0.00066014967378148672,-0.024885099520966465,6.9586377113306517,
748,1312.336189128421,0.55062630305035887,1312.8868154314714,10542,869,-3.1882092812133051e-05,-3.1685693237930431e-05,3.1685693237930431e-05,1.0040794408783174e-09,-3.1523073206766335e-05,-0.026804277221709003,-0.025719938805323046,0.025719938805323046,0.00066177870544442707,-0.024916845136183995,6.975809334089706,
749,1312.2600038187654,0.55054081005965605,1312.810544628825,10542,869,-3.184570952126162e-05,-3.1678818573610639e-05,3.1678818573610639e-05,1.0036437832760587e-09,-3.1566506224474336e-05,-0.026835888027233544,-0.025751617623896505,0.025751617623896505,0.00066340939120141697,-0.024948583883050449,6.9929983926541359,
750,1312.1838476502965,0.55045537135866596,1312.734303021655,10542,869,-3.1868519303048839e-05,-3.1672021790098206e-05,3.1672021790098206e-05,1.0032131665490663e-09,-3.1510197750312939e-05,-0.026867491972523007,-0.02578328964568671,0.02578328964568671,0.00066504173370308289,-0.02498031576076289,7.0102049149641967,
751,1312.107720934149,0.55036992281502917,1312.658090856964,10542,869,-3.183232649031722e-05,-3.1665126999248611e-05,3.1665126999248611e-05,1.0027764253490268e-09,-3.1531953673601149e-05,-0.026899089128792159,-0.025814954772685986,0.025814954772685986,0.00066667572665136173,-0.025012040756799966,7.027428834632004,
752,1312.0316232894552,0.5502845833684693,1312.5819078728236,10542,869,-3.1858767533295125e-05,-3.1658330466577762e-05,3.1658330466577762e-05,1.0023460049281706e-09,-3.1507466171085602e-05,-0.026930679445463443,-0.025846613103152487,0.025846613103152487,0.00066831137377627761,-0.025043758934896975,7.0446701909757419,
753,1311.9555550968973,0.55019918855190708,1312.5057542854493,10542,869,-3.1812688232908041e-05,-3.1651446618872093e-05,3.1651446618872093e-05,1.0019101429138075e-09,-3.1522102326918647e-05,-0.026962262917263075,-0.025878264549771383,0.025878264549771383,0.00066994866931747489,-0.025075470286900194,7.0619289232755031,
754,1311.8795160072166,0.5501138822983952,1312.4296298895149,10542,869,-3.1846370933153896e-05,-3.1644638100573178e-05,3.1644638100573178e-05,1.0014791541776046e-09,-3.1493483359654451e-05,-0.02699383957818936,-0.025909909187872025,0.025909909187872025,0.00067158761581284448,-0.025107174761179057,7.0792050582831934,
755,1311.8035062203803,0.5500286112423759,1312.3535348316227,10542,869,-3.1798710899432518e-05,-3.163777056718027e-05,3.163777056718027e-05,1.0010445143498348e-09,-3.1508467288370207e-05,-0.027025409425517569,-0.025941546958439109,0.025941546958439109,0.00067322820895912561,-0.025138872286306804,7.0964985506381426,
756,1311.7275255591001,0.54994334196240691,1312.2774689010625,10542,869,-3.1833349537193106e-05,-3.1630980467793814e-05,3.1630980467793814e-05,1.0006148758739769e-09,-3.1479465560830286e-05,-0.027056972471501864,-0.025973177938906907,0.025973177938906907,0.00067487045139461119,-0.025170563029961939,7.1138094281505966,
757,1311.6515741474743,0.54985812666763023,1312.201432274142,10542,869,-3.1785354644126906e-05,-3.1624119802524659e-05,3.1624119802524659e-05,1.0001808578274309e-09,-3.1494690588022647e-05,-0.027088528708987182,-0.026004802058709437,0.026004802058709437,0.00067651433826039628,-0.025202246827891701,7.1311376396028372,
758,1311.5756518366377,0.54977295235373247,1312.1254247889915,10542,869,-3.1820284340851391e-05,-3.1617318185679592e-05,3.1617318185679592e-05,9.9975067832863496e-10,-3.1465491380813559e-05,-0.027120078131931711,-0.026036419376895246,0.026036419376895246,0.00067815987124905522,-0.025233923890895398,7.1484832028362915,
759,1311.4997587191176,0.54968779068096041,1312.0494465097986,10542,869,-3.1771937933856177e-05,-3.161048574856859e-05,3.161048574856859e-05,9.9931863254500574e-10,-3.1480742872164632e-05,-0.027151620757275206,-0.026068029862643682,0.026068029862643682,0.00067980704752896443,-0.025265594025663335,7.1658460880028141,
760,1311.4238947080555,0.54960269595053124,1311.9734974040061,10542,869,-3.1807041706534597e-05,-3.1603666907095116e-05,3.1603666907095116e-05,9.9888754918666111e-10,-3.1451527087916818e-05,-0.027183156584711095,-0.026099633529550779,0.026099633529550779,0.00068145586644798581,-0.025297257382706922,7.1832262882282185,
761,1311.3480597942953,0.54951767493395853,1311.8975774692292,10542,869,-3.1758499582878081e-05,-3.1596838411550262e-05,3.1596838411550262e-05,9.9845594186357339e-10,-3.1466749768688636e-05,-0.027214685626256747,-0.026131230367962315,0.026131230367962315,0.00068310632628309077,-0.025328913860289345,7.2006237853500599,
762,1311.2722540093844,0.54943264256982538,1311.8216866519542,10542,869,-3.1793771314628153e-05,-3.1590034488223062e-05,3.1590034488223062e-05,9.9802598559510777e-10,-3.1437588547461279e-05,-0.027246207890399977,-0.026162820402450635,0.026162820402450635,0.00068475842694512882,-0.025360563602384655,7.2180385784286027,
763,1311.1964773669526,0.54934769771654379,1311.7458250646691,10542,869,-3.1744612785691723e-05,-3.1583173418694985e-05,3.1583173418694985e-05,9.9759250329655797e-10,-3.1452725600454155e-05,-0.027277723385131337,-0.026194403575869333,0.026194403575869333,0.00068641216424744666,-0.025392206440489593,7.2354706233323354,
764,1311.1207298915649,0.54926270981326775,1311.6699926013782,10542,869,-3.1780493217490413e-05,-3.157636604457237e-05,3.157636604457237e-05,9.9716251980211457e-10,-3.1423651786426928e-05,-0.027309232057133374,-0.026225979941913849,0.026225979941913849,0.00068806753957883007,-0.025423842498827228,7.252919934700448,
765,1311.0450114007358,0.54917780627768487,1311.5941892070134,10542,869,-3.1733689504826887e-05,-3.156956361567416e-05,3.156956361567416e-05,9.9673292774537671e-10,-3.1438684833508512e-05,-0.027340733955313397,-0.026257549505529439,0.026257549505529439,0.00068972455203109733,-0.025455471679206702,7.2703865029597967,
766,1310.9693220890076,0.54909292751490568,1311.5184150165226,10542,869,-3.1767197924434393e-05,-3.1562709471911118e-05,3.1562709471911118e-05,9.9630017595573442e-10,-3.1409742535287519e-05,-0.027372229032669275,-0.026289112215001516,0.026289112215001516,0.00069138319749326692,-0.025487094069925401,7.2878702847765267,
767,1310.8936617806867,0.54900801658759191,1311.4426697972742,10542,869,-3.1720988462559696e-05,-3.1555941748272842e-05,3.1555941748272842e-05,9.9587296039507278e-10,-3.1424655458290247e-05,-0.027403717346856954,-0.026320668156749733,0.026320668156749733,0.00069304347931413793,-0.025518709570940188,7.3053713154503281,
768,1310.8180305233932,0.54892322839745333,1311.3669537517906,10542,869,-3.1753920086074677e-05,-3.1549092586081907e-05,3.1549092586081907e-05,9.9544070638576696e-10,-3.1395751974644601e-05,-0.027435198838034899,-0.026352217249335758,0.026352217249335758,0.0006947053918252812,-0.02555031827792412,7.3228895352302894,
769,1310.7424282257052,0.54883841666218858,1311.2912666423674,10542,869,-3.1707632059707016e-05,-3.1542333505151837e-05,3.1542333505151837e-05,9.9501422295603936e-10,-3.1410647609695863e-05,-0.027466673600445714,-0.026383759582840945,0.026383759582840945,0.00069636893856671182,-0.025581920094625812,7.3404249814317089,
770,1310.6668550354234,0.54875369623939541,1311.2156087316628,10542,869,-3.1740652949351859e-05,-3.1535459681151327e-05,3.1535459681151327e-05,9.9458060063277898e-10,-3.1381823714086255e-05,-0.027498141517566167,-0.026415295042522172,0.026415295042522172,0.00069803411213688554,-0.025613515120475102,7.3579775760349104,
771,1310.5913107311808,0.54866887835721656,1311.1399796095379,10542,869,-3.1694256165455085e-05,-3.1528761019065548e-05,3.1528761019065548e-05,9.9415811361988863e-10,-3.1396654623067805e-05,-0.027529602708850326,-0.026446823803541158,0.026446823803541158,0.00069970092052933379,-0.025645103373945148,7.3755474032997075,
772,1310.5157956531468,0.54858415867226773,1311.064379811819,10542,869,-3.1727373209730904e-05,-3.1521827974824694e-05,3.1521827974824694e-05,9.9372093887082278e-10,-3.1367908242698945e-05,-0.027561057072241806,-0.026478345631516007,0.026478345631516007,0.00070136935006328649,-0.025676684765545445,7.3931343190171033,
773,1310.4403093753197,0.54849940836703948,1310.9888087836866,10542,869,-3.1680448839735806e-05,-3.1515127493205662e-05,3.1515127493205662e-05,9.9329851668752142e-10,-3.1382649468738622e-05,-0.027592504650678491,-0.026509860759009282,0.026509860759009282,0.00070303941177066187,-0.02570825934360392,7.4107384394745468,
774,1310.3648522100191,0.54841469682819555,1310.9132669068472,10542,869,-3.1714123848542568e-05,-3.1508258587996004e-05,3.1508258587996004e-05,9.9286557311242982e-10,-3.1353952258339621e-05,-0.027623945467204068,-0.02654136901759719,0.02654136901759719,0.00070471109537750365,-0.025739826915037609,7.4283596563742655,
775,1310.2894239236889,0.54833000080299843,1310.8377539244918,10542,869,-3.1666974923664901e-05,-3.150149489977176e-05,3.150149489977176e-05,9.9243935064494397e-10,-3.1368668704780841e-05,-0.027655379470719263,-0.026572870512496887,0.026572870512496887,0.00070638440528377703,-0.025771387809803634,7.4459980160962935,
776,1310.2140246965112,0.54824530972172125,1310.7622700062329,10542,869,-3.1700889193605023e-05,-3.1494658200282635e-05,3.1494658200282635e-05,9.920086303758455e-10,-3.1340061881249963e-05,-0.027686806724467009,-0.026604365170697267,0.026604365170697267,0.0007080593361992409,-0.02580294178522179,7.4636534628761986,
777,1310.1386541835811,0.54816069728313521,1310.6868148808642,10542,869,-3.1653716342389557e-05,-3.1487932280660032e-05,3.1487932280660032e-05,9.9158497033480095e-10,-3.1352812295809013e-05,-0.027718227160242994,-0.026635853102978002,0.026635853102978002,0.00070973589285743758,-0.025834489442617469,7.4813260466102491,
778,1310.0633127157,0.54807612487105084,1310.6113888405712,10542,869,-3.1688678888953997e-05,-3.1481068331012742e-05,3.1481068331012742e-05,9.9115271394733495e-10,-3.1326102286685569e-05,-0.027749640856163851,-0.026667334171308999,0.026667334171308999,0.00071141406652209551,-0.025866029651490988,7.4990156752094084,
779,1309.9879999987756,0.54799162910335952,1310.535991627879,10542,869,-3.1640400329070853e-05,-3.147432783078005e-05,3.147432783078005e-05,9.9072831955013339e-10,-3.133919647597719e-05,-0.027781047740720967,-0.026698808499139678,0.026698808499139678,0.00071309386259679969,-0.025897563807069965,7.5167224056328656,
780,1309.9127162400214,0.54790712269435304,1310.4606233627158,10542,869,-3.1675596241746653e-05,-3.1467514075353042e-05,3.1467514075353042e-05,9.9029941103200898e-10,-3.1312215307908439e-05,-0.027812447892407895,-0.026730276013215086,0.026730276013215086,0.0007147752757793854,-0.02592909047873471,7.5344461819905018,
781,1309.8374612228074,0.54782274464643477,1310.3852839674539,10542,869,-3.1626996866583087e-05,-3.146074422633304e-05,3.146074422633304e-05,9.898733543921556e-10,-3.1325293184028225e-05,-0.027843841239085673,-0.026761736757441298,0.026761736757441298,0.00071645830724053304,-0.025960610995652434,7.5521870166224589,
782,1309.7622352147898,0.54773831859838495,1310.3099735333883,10542,869,-3.1662426620122465e-05,-3.1453920067917502e-05,3.1453920067917502e-05,9.8944397517085361e-10,-3.1298347222891848e-05,-0.027875227862375302,-0.026793190677509248,0.026793190677509248,0.00071814295270560826,-0.025992124012228737,7.5699448644698171,
783,1309.6870379043214,0.5476539069877554,1310.2346918113092,10542,869,-3.1613622514283533e-05,-3.1447213043418192e-05,3.1447213043418192e-05,9.890220579029911e-10,-3.1311351159474748e-05,-0.027906607681536792,-0.026824637890552751,0.026824637890552751,0.00071982921721273625,-0.026023630989476548,7.5877197786394532,
784,1309.6118695028733,0.54756961783556768,1310.1594391207088,10542,869,-3.1649190324197281e-05,-3.1440339767977822e-05,3.1440339767977822e-05,9.8858977261985554e-10,-3.1284492055715937e-05,-0.027937980778548328,-0.026856078230320619,0.026856078230320619,0.0007215170905655946,-0.026055130755516284,7.6055116516519323,
785,1309.5367297479663,0.54748538871627805,1310.0842151366826,10542,869,-3.1600358225662467e-05,-3.1433633234427177e-05,3.1433633234427177e-05,9.8816806371282267e-10,-3.1297380160821397e-05,-0.027969347074513103,-0.026887511863555258,0.026887511863555258,0.00072320658043068962,-0.026086623939669103,7.6233205643198989,
786,1309.4616190154247,0.5474010294855205,1310.0090200449104,10542,869,-3.1635988468760705e-05,-3.1426817573357559e-05,3.1426817573357559e-05,9.8773958734859929e-10,-3.1270641481033017e-05,-0.028000706641677541,-0.026918938681128414,0.026918938681128414,0.00072489767963218035,-0.026118109996377516,7.6411464410028129,
787,1309.3865368394327,0.54731683371110595,1309.9338536731439,10542,869,-3.1587149750188264e-05,-3.1420095115113215e-05,3.1420095115113215e-05,9.8731706279826618e-10,-3.1283448726714442e-05,-0.028032059430662466,-0.026950358776243504,0.026950358776243504,0.00072659039195092793,-0.026149589527395947,7.6589893215547313,
788,1309.3114836989125,0.54723253046191733,1309.8587162293745,10542,869,-3.1622803587643547e-05,-3.1413252778539256e-05,3.1413252778539256e-05,9.868870953435499e-10,-3.1256794579179559e-05,-0.028063405492649851,-0.026981772029022119,0.026981772029022119,0.00072828470961399739,-0.026181062234069678,7.6768491240411461,
789,1309.2364591114231,0.54714830805194636,1309.7836074194749,10542,869,-3.1573772017181104e-05,-3.1406560782413762e-05,3.1406560782413762e-05,9.8646666542610073e-10,-3.1269768547860066e-05,-0.028094744777610103,-0.027013178589804523,0.027013178589804523,0.00072998063950133738,-0.026212528148323044,7.694725920983597,
790,1309.161463396945,0.5470641330444993,1309.7085275299894,10542,869,-3.1609569259132232e-05,-3.1399711880503556e-05,3.1399711880503556e-05,9.8603646801894382e-10,-3.1242968467677524e-05,-0.028126077263913907,-0.027044578301685031,0.027044578301685031,0.00073167817184397735,-0.026243987206621581,7.7126196094073656,
791,1309.0864963127749,0.54697997960164135,1309.6334762923766,10542,869,-3.1560417041971299e-05,-3.139300726758784e-05,3.139300726758784e-05,9.8561542762145442e-10,-3.1255806986327193e-05,-0.028157403051428539,-0.02707597130895258,0.02707597130895258,0.00073337731316153968,-0.026275439497166989,7.73053025803579,
792,1309.0115581256791,0.54689580579619446,1309.5584539314752,10542,869,-3.1596549494172298e-05,-3.1386167727296164e-05,3.1386167727296164e-05,9.8518600606228734e-10,-3.1229136485847996e-05,-0.028188722008719479,-0.027107357476679902,0.027107357476679902,0.00073507805488498622,-0.026306884953571287,7.7484577765426401,
793,1308.9366483592298,0.54681177601528774,1309.4834601352452,10542,869,-3.1549524858960905e-05,-3.1379490985898977e-05,3.1379490985898977e-05,9.8476689862238006e-10,-3.1241821772124478e-05,-0.028220034309718079,-0.027138736967665847,0.027138736967665847,0.00073678040454105726,-0.026338323890779475,7.7664022442672849,
794,1308.8617674411112,0.54672776418058433,1309.4084952052917,10542,869,-3.1583283356735068e-05,-3.1372647861259144e-05,3.1372647861259144e-05,9.8433743071412266e-10,-3.1215318234858663e-05,-0.02825133979535201,-0.02717010961552703,0.02717010961552703,0.00073848435190394378,-0.026369755673551602,7.7843635534194711,
795,1308.7869150473191,0.54664380048058514,1309.3335588477996,10542,869,-3.1533131442590879e-05,-3.1365961065744926e-05,3.1365961065744926e-05,9.8391787137238287e-10,-3.1227869381760685e-05,-0.028282638726565845,-0.02720147557659286,0.02720147557659286,0.00074018990409803573,-0.026401180912610574,7.8023417790973948,
796,1308.7120914701579,0.54655983236875005,1309.2586513025267,10542,869,-3.1570100863104758e-05,-3.1359132021517297e-05,3.1359132021517297e-05,9.8348947611501767e-10,-3.1201503507070342e-05,-0.028313930744539275,-0.027232834708614408,0.027232834708614408,0.00074189705217724488,-0.02643259906172191,7.8203368270003386,
797,1308.6372962663518,0.54647600476080649,1309.1837722711125,10542,869,-3.1519835998531422e-05,-3.1352458672256915e-05,3.1352458672256915e-05,9.8307094183514863e-10,-3.1213962981387469e-05,-0.028345216202555295,-0.027264187167286652,0.027264187167286652,0.00074360580330702674,-0.026464010695282061,7.8383487726593692,
798,1308.5625299989729,0.54639206994256229,1309.1089220689155,10542,869,-3.1556930956814345e-05,-3.1345619128597584e-05,3.1345619128597584e-05,9.8264206931260417e-10,-3.1187696821187684e-05,-0.028376494756680998,-0.027295532786415284,0.027295532786415284,0.00074531614718950352,-0.026495415263892898,7.8563775075245568,
799,1308.4877920172103,0.54630832593778123,1309.0341003431481,10542,869,-3.1506586733125457e-05,-3.1338954249995866e-05,3.1338954249995866e-05,9.822242452735862e-10,-3.1200067735367655e-05,-0.028407766701889166,-0.027326871740665212,0.027326871740665212,0.00074702809204558931,-0.026526813342533609,7.8744231182525573,
800,1308.4130829388903,0.5462244384700935,1308.9593073773603,10542,869,-3.1543770608868925e-05,-3.133213357131255e-05,3.133213357131255e-05,9.8179674063567694e-10,-3.1173902292867403e-05,-0.02843903180892533,-0.027358203874236445,0.027358203874236445,0.0007487416281331485,-0.026558204343392722,7.8924855021515183,
801,1308.3384021820978,0.54614069100409124,1308.8845428731017,10542,869,-3.1493327090758089e-05,-3.1325474108304979e-05,3.1325474108304979e-05,9.8137943430637622e-10,-3.1186184073250074e-05,-0.028470290312680512,-0.027389529348344793,0.027389529348344793,0.00075045676296905343,-0.026589588913915475,7.9105647384567925,
802,1308.2637502346506,0.54605687946335857,1308.8098071141139,10542,869,-3.1530586698705241e-05,-3.1318642659522957e-05,3.1318642659522957e-05,9.8095144115732185e-10,-3.1160104065045873e-05,-0.028501541975002345,-0.027420847991004266,0.027420847991004266,0.0007521734859121319,-0.026620965978788876,7.9286607149997828,
803,1308.1891266626935,0.54597316812750041,1308.7350998308211,10542,869,-3.148007069074713e-05,-3.1311973156695722e-05,3.1311973156695722e-05,9.8053368820051141e-10,-3.1172310218151893e-05,-0.028532787044350881,-0.027452159964160869,0.027452159964160869,0.00075389180451332285,-0.026652337189172117,7.9467735113749365,
804,1308.1145317918069,0.54588946754838652,1308.6604212593554,10542,869,-3.1517458750288926e-05,-3.1305151344945059e-05,3.1305151344945059e-05,9.8010648239093813e-10,-3.1146333203368152e-05,-0.028564025260545869,-0.027483465115506134,0.027483465115506134,0.00075561170920560212,-0.026683700824876068,7.9649030267362519,
805,1308.0399653448828,0.54580582805228584,1308.5857711729352,10542,869,-3.1466820625760758e-05,-3.1298467200899805e-05,3.1298467200899805e-05,9.7968799194624917e-10,-3.1158445105196267e-05,-0.028595256886763003,-0.027514763582706769,0.027514763582706769,0.00075733320624445663,-0.026715058572431252,7.9830493270228171,
806,1307.9654275416572,0.54572217232307019,1308.5111497139803,10542,869,-3.1504507123716801e-05,-3.1291672568617914e-05,3.1291672568617914e-05,9.7926267430387314e-10,-3.1132545354083486e-05,-0.028626481667582544,-0.027546055255275422,0.027546055255275422,0.00075905628829644588,-0.026746408746599244,8.0012123349328359,
807,1307.8909180942542,0.54563860657586327,1308.4365567008301,10542,869,-3.1453614951589249e-05,-3.1284999039638174e-05,3.1284999039638174e-05,9.7884502814484417e-10,-3.1144536154408982e-05,-0.028657699868667303,-0.027577340254315186,0.027577340254315186,0.00076078096077250134,-0.026777753008772266,8.0193921075029362,
808,1307.8164372839801,0.54555499422524478,1308.3619922782054,10542,869,-3.1491331420724944e-05,-3.1278213190081956e-05,3.1278213190081956e-05,9.7842044111855758e-10,-3.1118621169561435e-05,-0.028688911317332592,-0.027608618467505133,0.027608618467505133,0.0007625072162054517,-0.026809089723456608,8.0375885660216664,
809,1307.7419848200093,0.54547148767398823,1308.2874563076832,10542,869,-3.144036881421674e-05,-3.1271526514514881e-05,3.1271526514514881e-05,9.7800215387762315e-10,-3.1130656321618989e-05,-0.028720116061665697,-0.027639889994019673,0.027639889994019673,0.00076423505881562429,-0.026840420522628507,8.0558017549754961,
810,1307.6675609813053,0.54538792930655655,1308.2129489106119,10542,869,-3.1478204916429256e-05,-3.1264742510511007e-05,3.1264742510511007e-05,9.7757786760471229e-10,-3.1104890929784766e-05,-0.028751314074700277,-0.027671154736530292,0.027671154736530292,0.00076596448194950857,-0.026871743758316972,8.07403160422977,
811,1307.5931654163903,0.54530450792327323,1308.1384699243135,10542,869,-3.1427175739364673e-05,-3.125806371667086e-05,3.125806371667086e-05,9.7716025183436694e-10,-3.1116994921300163e-05,-0.028782505389245344,-0.027702412800246885,0.027702412800246885,0.00076769549018622916,-0.026903061088169148,8.0922781620530415,
812,1307.5187984411275,0.54522110121194189,1308.0640195423393,10542,869,-3.1465025481578474e-05,-3.125125914751685e-05,3.125125914751685e-05,9.7673485762867846e-10,-3.1091220413589904e-05,-0.028813689976430506,-0.027733664059394418,0.027733664059394418,0.00076942807528964871,-0.026934370817364765,8.1105413416281866,
813,1307.4444597168545,0.54513771333952443,1307.989597430194,10542,869,-3.1414270981055291e-05,-3.1244633513259065e-05,3.1244633513259065e-05,9.7632074520477032e-10,-3.1102940828374898e-05,-0.028844867867504339,-0.027764908692907684,0.027764908692907684,0.000771162245907765,-0.026965674793758037,8.1288212341137509,
814,1307.3701495234727,0.54505442281973782,1307.9152039462924,10542,869,-3.1451846341874453e-05,-3.123780692482792e-05,3.123780692482792e-05,9.7589415962360072e-10,-3.107745346218262e-05,-0.028876039035353122,-0.027796146499832555,0.027796146499832555,0.00077289798966858377,-0.026996971012751451,8.1471177090965412,
815,1307.2958676050037,0.54497109451606307,1307.8408386995197,10542,869,-3.1400009315048378e-05,-3.1231191882220175e-05,3.1231191882220175e-05,9.7548088923132718e-10,-3.1089250600847304e-05,-0.02890720354557523,-0.027827377691714804,0.027827377691714804,0.00077463531699350661,-0.027028261215536815,8.1654308764285535,
816,1307.2216141591873,0.54488791051459573,1307.7665020697018,10542,869,-3.1421700791012713e-05,-3.1224360520498462e-05,3.1224360520498462e-05,9.7505418253905309e-10,-3.1063731540492628e-05,-0.028938361348888234,-0.027858602052235226,0.027858602052235226,0.00077637421467828473,-0.027059543962319094,8.1837605969237988,
817,1307.1473890515751,0.54480460422077959,1307.692193655796,10542,869,-3.138566343927941e-05,-3.1217748800374248e-05,3.1217748800374248e-05,9.7464129743681632e-10,-3.1094289769703387e-05,-0.028969512436820281,-0.027889819801035488,0.027889819801035488,0.00077811469359650195,-0.027090820733187471,8.2021069852007269,
818,1307.0731924142106,0.54472142778751087,1307.617913841998,10542,869,-3.1408420386666614e-05,-3.1210916389914677e-05,3.1210916389914677e-05,9.742147167657625e-10,-3.1050017146445033e-05,-0.029000656832163949,-0.027921030717425473,0.027921030717425473,0.00077985674026894922,-0.027122090237768633,8.2204698991749936,
819,1306.9990240380155,0.54463817041339702,1307.5436622084289,10542,869,-3.1374120030111611e-05,-3.1204312518884985e-05,3.1204312518884985e-05,9.7380249914935709e-10,-3.1080508567718619e-05,-0.029031794517791986,-0.02795223502994448,0.02795223502994448,0.00078160036611384304,-0.027153353411839189,8.2388494592060191,
820,1306.9248840581872,0.54455513011032886,1307.4694391882977,10542,869,-3.1395183309427276e-05,-3.1197471106001567e-05,3.1197471106001567e-05,9.7337553358590731e-10,-3.103627391162053e-05,-0.029062925512638626,-0.027983432501050384,0.027983432501050384,0.00078334555671523854,-0.027184609369610792,8.2572455133353291,
821,1306.8507723695366,0.54447196323362601,1307.3952443327703,10542,869,-3.1360762611600095e-05,-3.1190851337252686e-05,3.1190851337252686e-05,9.7296250136315838e-10,-3.1066904475715878e-05,-0.029094049806283526,-0.028014623352387656,0.028014623352387656,0.00078509232306092917,-0.027215858630746503,8.2756581773852549,
822,1306.7766890113696,0.54438888253057549,1307.3210778939001,10542,869,-3.1381872890509219e-05,-3.1184097159559855e-05,3.1184097159559855e-05,9.7254116711905098e-10,-3.1062838331862847e-05,-0.029125167415134916,-0.028045807449547135,0.028045807449547135,0.0007868406565261039,-0.02724710124592641,8.2940873604416616,
823,1306.7026340976674,0.54430566627317767,1307.2469397639406,10542,869,-3.1347735932895831e-05,-3.1177420297485695e-05,3.1177420297485695e-05,9.7212475552122091e-10,-3.1016350696715072e-05,-0.029156278326761469,-0.028076984869844751,0.028076984869844751,0.00078859055999714114,-0.027278337141439884,8.3125330929298649,
824,1306.6286072648913,0.54422279400724971,1307.1728300588986,10542,869,-3.1368739825884022e-05,-3.117063878443747e-05,3.117063878443747e-05,9.7170189027884301e-10,-3.1043725331282789e-05,-0.029187382555244841,-0.028108155508629128,0.028108155508629128,0.00079034202656568442,-0.027309566379483934,8.3309953020288798,
825,1306.5546087819423,0.54413972092050233,1307.0987485028629,10542,869,-3.133460459401348e-05,-3.1164020838041777e-05,3.1164020838041777e-05,9.7128933251571885e-10,-3.1035035634337342e-05,-0.029218480063581579,-0.028139319529467282,0.028139319529467282,0.00079209506396301754,-0.027340788882036039,8.3494740692341676,
826,1306.4806385273932,0.54405679812740004,1307.0246953255207,10542,869,-3.1355595470867806e-05,-3.1157260069163863e-05,3.1157260069163863e-05,9.708679454971333e-10,-3.1035208646570572e-05,-0.029249570920548411,-0.028170476789536311,0.028170476789536311,0.00079384966307688204,-0.027372004663553318,8.3679692984934135,
827,1306.4066966028054,0.5439737093127055,1306.9506703121181,10542,869,-3.1321441671068988e-05,-3.1150622867438411e-05,3.1150622867438411e-05,9.7045436142716147e-10,-3.1022596904673938e-05,-0.02928065505407872,-0.02820162741240375,0.02820162741240375,0.00079560582945174189,-0.027403213766192962,8.3864810482508112,
828,1306.3327828322042,0.54389084137302757,1306.8766736735772,10542,869,-3.1342464676273587e-05,-3.1143855594035463e-05,3.1143855594035463e-05,9.7003275086707477e-10,-3.1021745607007918e-05,-0.029311732551953393,-0.028232771267997926,0.028232771267997926,0.00079736355468387949,-0.027434416187795577,8.4050092299227739,
829,1306.2588973153645,0.54380787699613475,1306.8027051923607,10542,869,-3.1308324681234351e-05,-3.1137215724390042e-05,3.1137215724390042e-05,9.6961918154668989e-10,-3.1009111952356376e-05,-0.029342803333465048,-0.028263908483722115,0.028263908483722115,0.0007991228445185575,-0.027465611978088351,8.4235539040701148,
830,1306.1850400132084,0.54372507803817105,1306.7287650912467,10542,869,-3.1329372079594387e-05,-3.1130436840572723e-05,3.1130436840572723e-05,9.6919703086668937e-10,-3.1008086573459676e-05,-0.029373867473765077,-0.028295038920562739,0.028295038920562739,0.00080088369005225683,-0.027496801121160892,8.4421149768408394,
831,1306.1112108595339,0.54364220834913168,1306.6548530678831,10542,869,-3.1295184327404852e-05,-3.112382313044564e-05,3.112382313044564e-05,9.6878526725202406e-10,-3.0995612749953761e-05,-0.02940492491143196,-0.02832616274369331,0.02832616274369331,0.00080264609917292081,-0.027527983514276447,8.460692531381758,
832,1306.0374098506793,0.54355950034976119,1306.5809693510291,10542,869,-3.1316290771087217e-05,-3.1117067656530816e-05,3.1117067656530816e-05,9.6836475596709298e-10,-3.0994459104102251e-05,-0.029435975696261735,-0.028357279811349789,0.028357279811349789,0.00080441006278548284,-0.027559159226707916,8.4792864718217746,
833,1305.963637082303,0.54347666146547335,1306.5071137437685,10542,869,-3.1283059126477415e-05,-3.1110431827332327e-05,3.1110431827332327e-05,9.6795178829230658e-10,-3.0982105526654373e-05,-0.029467019799139085,-0.02838839024317704,0.02838839024317704,0.00080617558626453888,-0.027590328140528447,8.4978968548145044,
834,1305.8898923589584,0.54339401095191509,1306.4332863699103,10542,869,-3.1303127782639567e-05,-3.1103700888796549e-05,3.1103700888796549e-05,9.6753298419274103e-10,-3.0980833138370987e-05,-0.029498057250033641,-0.028419493944065826,0.028419493944065826,0.0008079426631189485,-0.027621490477422812,8.5165236119368366,
835,1305.8161758373078,0.54331127610715357,1306.3594871134151,10542,869,-3.1269402288632766e-05,-3.1097054622552111e-05,3.1097054622552111e-05,9.6711954932740469e-10,-3.0968591073726617e-05,-0.029529087987122726,-0.028450590998688532,0.028450590998688532,0.00080971129673966221,-0.02765264609322737,8.5351667789327799,
836,1305.7424873543407,0.5432286826299777,1306.2857160369706,10542,869,-3.1290163468242333e-05,-3.1090339837347318e-05,3.1090339837347318e-05,9.6670192839839025e-10,-3.096720747822746e-05,-0.029560112106914116,-0.028481681338526067,0.028481681338526067,0.00081148148215195624,-0.027683794990111955,8.5538263033637705,
837,1305.6688270319471,0.54314601531005802,1306.2119730472571,10542,869,-3.1256412985172048e-05,-3.108369495710338e-05,3.108369495710338e-05,9.6628875347669677e-10,-3.0955084418191795e-05,-0.029591129520657698,-0.028512765033482903,0.028512765033482903,0.00081325322196767916,-0.02771493718686175,8.5725022127613055,
838,1305.5951948761742,0.5430634659021899,1306.1382583420764,10542,869,-3.1276114050698427e-05,-3.1076933216827686e-05,3.1076933216827686e-05,9.6586840048076668e-10,-3.0953575620423986e-05,-0.029622140318406973,-0.028543841966699846,0.028543841966699846,0.00081502650834419188,-0.027746072745226405,8.5911944244561269,
839,1305.5215907619911,0.54298082160249073,1306.0645715835935,10542,869,-3.1243235159764727e-05,-3.1070342500697826e-05,3.1070342500697826e-05,9.6545876668216222e-10,-3.0944648191470557e-05,-0.029653144444423102,-0.028574912309200427,0.028574912309200427,0.00081680134973801429,-0.027777201519221899,8.609903027588409,
840,1305.4480147461886,0.54289830773630776,1305.9909130539249,10542,869,-3.1252298894058929e-05,-3.1063589486039609e-05,3.1063589486039609e-05,9.6503913318181005e-10,-3.0940128483980025e-05,-0.029684141883552694,-0.028605975898686544,0.028605975898686544,0.00081857773569732101,-0.027808323662995304,8.6286279119854612,
841,1305.3744667748833,0.54281574550123313,1305.9172825203846,10542,869,-3.1230429603605393e-05,-3.1056974324367886e-05,3.1056974324367886e-05,9.6462815793285257e-10,-3.0931124073035252e-05,-0.029715132670917511,-0.028637032873010768,0.028637032873010768,0.00082035567280601168,-0.027839441759949075,8.6473691470481686,
842,1305.3009469358265,0.54273329564725314,1305.8436802314736,10542,869,-3.1239491206440191e-05,-3.1050206946384633e-05,3.1050206946384633e-05,9.6420781208615683e-10,-3.0926572442058668e-05,-0.029746116787422543,-0.028668083079957243,0.028668083079957243,0.00082213515117652777,-0.027870548840282634,8.6661266285517797,
843,1305.2274549573767,0.54265080957912493,1305.7701057669558,10542,869,-3.1223166665737461e-05,-3.1043652555790837e-05,3.1043652555790837e-05,9.6380078889152806e-10,-3.0917650909293596e-05,-0.029777094266187989,-0.028699126732513059,0.028699126732513059,0.0008239161816698936,-0.027901652832262053,8.684900470982349,
844,1305.1539910459876,0.54256853941770355,1305.6965595854053,10542,869,-3.122634912428035e-05,-3.1036859264598329e-05,3.1036859264598329e-05,9.6337901457930803e-10,-3.0912982375344623e-05,-0.029808065081521989,-0.028730163591777616,0.028730163591777616,0.00082569874945186779,-0.027932746227082125,8.703690517972138,
845,1305.0805550538353,0.54248613790561784,1305.6230411917409,10542,869,-3.1210373754882337e-05,-3.1030315771243869e-05,3.1030315771243869e-05,9.6297284217395335e-10,-3.0904183018218826e-05,-0.029839029262797714,-0.028761193907548815,0.028761193907548815,0.00082748286751816824,-0.027963836694618809,8.7224969065090114,
846,1305.0071471327426,0.54240385574347194,1305.5495509884861,10542,869,-3.1213280403545802e-05,-3.1023564083810218e-05,3.1023564083810218e-05,9.6255382858085425e-10,-3.0898028778568275e-05,-0.029869986792310392,-0.028792217471632801,0.028792217471632801,0.00082926852274515942,-0.027994916648230918,8.7413194982567255,
847,1304.9337671208839,0.54232153844024855,1305.4760886593242,10542,869,-3.1197610588346539e-05,-3.1016968384752665e-05,3.1016968384752665e-05,9.6214459409115024e-10,-3.089070103389969e-05,-0.029900937674658592,-0.02882323444001748,0.02882323444001748,0.0008310557228098811,-0.028025993725910154,8.7601583741389568,
848,1304.8604150962319,0.54223929558285378,1305.4026543918148,10542,869,-3.1229308080360846e-05,-3.1010261674649678e-05,3.1010261674649678e-05,9.617285548777237e-10,-3.0885685461156775e-05,-0.029931881920343385,-0.028854244701692223,0.028854244701692223,0.00083284446009514483,-0.028057060232308362,8.7790134538629214,
849,1304.7870909830308,0.54215699928520011,1305.329247982316,10542,869,-3.1184513309898769e-05,-3.1003671278008102e-05,3.1003671278008102e-05,9.6131981831166809e-10,-3.0877059145757549e-05,-0.029962819555234811,-0.028885248372970174,0.028885248372970174,0.00083463474005655792,-0.028088123929348886,8.7978847949361771,
850,1304.7137947874273,0.54207486657623527,1305.2558696540036,10542,869,-3.1217205216001706e-05,-3.0996943512720833e-05,3.0996943512720833e-05,9.6090265094377676e-10,-3.0872343153965257e-05,-0.029993750526914071,-0.028916245316482857,0.028916245316482857,0.00083642655356913089,-0.028119177138858149,8.8167723011722092,
851,1304.6405264865359,0.54199260441566866,1305.1825190909517,10542,869,-3.1171423299722555e-05,-3.099038703842554e-05,3.099038703842554e-05,9.60496197410065e-10,-3.0863617954656493e-05,-0.030024674883889792,-0.028947235703521167,0.028947235703521167,0.00083821990922397147,-0.028150227528112429,8.835676063129883,
852,1304.5672861812886,0.54191047415039073,1305.1091966554391,10542,869,-3.1204422840256374e-05,-3.0983632133684947e-05,3.0983632133684947e-05,9.6007752391047626e-10,-3.0859086012611635e-05,-0.03005559258076744,-0.028978219335654906,0.028978219335654906,0.00084001479438926675,-0.028181267402539869,8.8545959476572609,
853,1304.4940737335594,0.54182832339016718,1305.0359020569495,10542,869,-3.1158151742694909e-05,-3.097703943534276e-05,3.097703943534276e-05,9.5966899798199441e-10,-3.0850139340173776e-05,-0.030086503665594441,-0.029009196375090172,0.029009196375090172,0.00084181121718016007,-0.028212304517062362,8.8735320402960678,
854,1304.4208891556095,0.54174627511090456,1304.9626354307204,10542,869,-3.1191533878869688e-05,-3.0970338517962797e-05,3.0970338517962797e-05,9.5925385465607121e-10,-3.0845395458052779e-05,-0.030117408093795265,-0.029040166713608213,0.029040166713608213,0.00084360917009171507,-0.028243331179500224,8.8924842619367688,
855,1304.3477324711557,0.54166419156862355,1304.8893966627243,10542,869,-3.1145200551038491e-05,-3.0963733226745319e-05,3.0963733226745319e-05,9.588447201517224e-10,-3.0836673067530131e-05,-0.030148305912797439,-0.029071130446835059,0.029071130446835059,0.00084540865744969155,-0.028274354972855794,8.9114526581771987,
856,1304.274603607503,0.54158226607876869,1304.8161858735818,10542,869,-3.1178557324393462e-05,-3.0957019198488707e-05,3.0957019198488707e-05,9.5842894296749494e-10,-3.0831989617598111e-05,-0.030179197079724794,-0.029102087466033363,0.029102087466033363,0.00084720967167504005,-0.028305368228171039,8.9304371491265968,
857,1304.2015026284103,0.54150027298478465,1304.7430029013951,10542,869,-3.1130674242241474e-05,-3.0950421792183144e-05,3.0950421792183144e-05,9.5802047052118457e-10,-3.082321289003458e-05,-0.030210081641302719,-0.02913303788782563,0.02913303788782563,0.00084901221835719507,-0.028336378683467525,8.9494377937031935,
858,1304.1284294769241,0.54141832531892842,1304.6698478022431,10542,869,-3.1164440920203094e-05,-3.0943754090335313e-05,3.0943754090335313e-05,9.5760774792580457e-10,-3.0818383585084224e-05,-0.030240959555064912,-0.029163981641915956,0.029163981641915956,0.00085081629211185945,-0.02836737854919813,8.9684545351511105,
859,1304.0553840850237,0.54133646259719193,1304.5967205476209,10542,869,-3.1117435230459325e-05,-3.0937131332002049e-05,3.0937131332002049e-05,9.5719788240744861e-10,-3.0809615887271103e-05,-0.030271830885859014,-0.029194918773248004,0.029194918773248004,0.00085262189436784933,-0.028398375516678183,8.9874873885315001,
860,1303.9823665567324,0.54125465009099893,1304.5236212068235,10542,869,-3.1151662030412892e-05,-3.0930436045142658e-05,3.0930436045142658e-05,9.567836174886785e-10,-3.0804921142049151e-05,-0.030302695583283312,-0.029225849209293085,0.029225849209293085,0.00085442901966091209,-0.02842936203723035,9.0065362962456739,
861,1303.9093768855846,0.54117278051792583,1304.4505496661025,10542,869,-3.1104206157890217e-05,-3.0923830253408005e-05,3.0923830253408005e-05,9.5637498723939552e-10,-3.0769056933297909e-05,-0.030333553677979318,-0.029256773039546536,0.029256773039546536,0.00085623767190875187,-0.028460345829677276,9.0256012995901536,
862,1303.8364148518056,0.54109106584704525,1304.3775059176526,10542,869,-3.1138640802324146e-05,-3.0917175188170667e-05,3.0917175188170667e-05,9.559633882651881e-10,-3.0791365648833854e-05,-0.030364405168643294,-0.029287690214734541,0.029287690214734541,0.00085804784710702051,-0.028491319035422312,9.0446823563551035,
863,1303.763480752239,0.54100921724144213,1304.3044899694805,10542,869,-3.1091211765540492e-05,-3.091056482903741e-05,3.091056482903741e-05,9.5555464875839146e-10,-3.0759732433556718e-05,-0.030395250027890643,-0.029318600779563869,0.029318600779563869,0.00085985954653297722,-0.028522289421385093,9.0637794800041132,
864,1303.6905743121195,0.54092753235842517,1304.2315018444779,10542,869,-3.1125676978779707e-05,-3.090389506330704e-05,3.090389506330704e-05,9.5514231992068854e-10,-3.0777892391319803e-05,-0.03042608827511557,-0.029349504674626936,0.029349504674626936,0.00086167276557863842,-0.028553252082928977,9.0828926219644277,
865,1303.6176956671407,0.54084574588110246,1304.1585414130218,10542,869,-3.1078286494037515e-05,-3.0897310678847028e-05,3.0897310678847028e-05,9.5473536032685438e-10,-3.0746216826250043e-05,-0.030456919895211501,-0.029380401985305813,0.029380401985305813,0.00086348750792380221,-0.028584207445745823,9.102021821024799,
866,1303.5448446463743,0.54076413644920551,1304.0856087828236,10542,869,-3.1112738723523978e-05,-3.0890647619091984e-05,3.0890647619091984e-05,9.5432362200431721e-10,-3.0764453144049111e-05,-0.030487744912607289,-0.029411292632924812,0.029411292632924812,0.00086530376782587492,-0.028615156129831391,9.1211670166525476,
867,1303.4720214641513,0.54068245367149337,1304.0127039178228,10542,869,-3.105384121577878e-05,-3.0884024496963964e-05,3.0884024496963964e-05,9.5391444000150443e-10,-3.0732858387245076e-05,-0.030518563309374257,-0.029442176657421999,0.029442176657421999,0.00086712154632448966,-0.028646097972627373,9.1403282198064453,
868,1303.3992258205335,0.54060088254811189,1303.9398267030815,10542,869,-3.1100350103592239e-05,-3.0877420164044801e-05,3.0877420164044801e-05,9.5350650944953106e-10,-3.0751533386440204e-05,-0.030549375107365603,-0.029473054077586002,0.029473054077586002,0.00086894084333221104,-0.028677033262595655,9.1595054295648364,
869,1303.3264580590883,0.54051922466572366,1303.8669772837541,10542,869,-3.1040929968487134e-05,-3.087077411998458e-05,3.087077411998458e-05,9.5309608550807086e-10,-3.0719476358511957e-05,-0.030580180288340652,-0.029503924851705905,0.029503924851705905,0.00087076165513444708,-0.028707961785851086,9.1786986067722065,
870,1303.2537177740849,0.54043778881754412,1303.7941555629025,10542,869,-3.1087574246338939e-05,-3.0864141317852888e-05,3.0864141317852888e-05,9.52686570340872e-10,-3.0719628924259434e-05,-0.03061097887469336,-0.02953478899302384,0.02953478899302384,0.00087258398135424322,-0.028738883868840839,9.1979077474550781,
871,1303.1810053553259,0.54035624854729125,1303.7213616038732,10542,869,-3.1123026669985678e-05,-3.0857500811740575e-05,3.0857500811740575e-05,9.522766718493219e-10,-3.0706063277799118e-05,-0.030641770850091808,-0.029565646493835567,0.029565646493835567,0.00087440782022515028,-0.0287697991688773,9.2171328329933093,
872,1303.1083205176476,0.54027480279443563,1303.6485953204419,10542,869,-3.1077548769598029e-05,-3.0850879271278777e-05,3.0850879271278777e-05,9.5186803036428978e-10,-3.0702284812327062e-05,-0.030672556235802284,-0.029596497373106819,0.029596497373106819,0.00087623317166303635,-0.0288007079533735,9.2363738625000664,
873,1303.0356633393626,0.54019332816633892,1303.575856667529,10542,869,-3.1111145661069002e-05,-3.0844282137548009e-05,3.0844282137548009e-05,9.5146097814650534e-10,-3.0692632200451823e-05,-0.030703334758605386,-0.029627341655244343,0.029627341655244343,0.00087806003593598016,-0.028831609872685866,9.2556308388011672,
874,1302.9630337607957,0.54011189459333997,1303.5031456553891,10542,869,-3.1064552089093449e-05,-3.0837663637692085e-05,3.0837663637692085e-05,9.5105270147553674e-10,-3.0690414324859475e-05,-0.030734107016131437,-0.029658179318882094,0.029658179318882094,0.00087988841046111172,-0.028862505303250369,9.2749037346705787,
875,1302.8904317507404,0.5400305472767376,1303.4304622980171,10542,869,-3.1098337742039481e-05,-3.0831050599744111e-05,3.0831050599744111e-05,9.5064484223414865e-10,-3.0679194508587787e-05,-0.030764872374237019,-0.029689010369481794,0.029689010369481794,0.00088171829440679926,-0.028893393907194736,9.2941925413420705,
876,1302.8178573691091,0.53994921418503228,1303.3578065832942,10542,869,-3.1052207083110093e-05,-3.0824427105339575e-05,3.0824427105339575e-05,9.5023643110832404e-10,-3.0677130920561072e-05,-0.030795631460011134,-0.029719834796587106,0.029719834796587106,0.00088354968591626679,-0.028924275902695105,9.3134972392433681,
877,1302.7453105604745,0.53986787150216908,1303.2851784319766,10542,869,-3.1085674172467484e-05,-3.0817845005205232e-05,3.0817845005205232e-05,9.498306550203674e-10,-3.0665741423305345e-05,-0.030826383649511808,-0.029750652641592393,0.029750652641592393,0.00088538258622230116,-0.028955151437491614,9.3328178413692768,
878,1302.6727913976856,0.53978662642564701,1303.2125780241113,10542,869,-3.1008696727318707e-05,-3.0811171810713938e-05,3.0811171810713938e-05,9.4941934841140172e-10,-3.0663824589839275e-05,-0.030857129564881021,-0.029781463813402964,0.029781463813402964,0.00088721698867296373,-0.028986020301823706,9.352154277601711,
879,1302.6002997218352,0.53970536028251204,1303.1400050821178,10542,869,-3.1069896273673893e-05,-3.0804624639959648e-05,3.0804624639959648e-05,9.4901590138353819e-10,-3.0652301878916725e-05,-0.030887868563186961,-0.029812268438043063,0.029812268438043063,0.00088905289957440063,-0.02901688259204217,9.3715066144137573,
880,1302.5278357331647,0.53962405334879227,1303.0674597865134,10542,869,-3.0995411520706418e-05,-3.0797984341107705e-05,3.0797984341107705e-05,9.4860680473168787e-10,-3.0650600790603234e-05,-0.030918601203771226,-0.029843066422384202,0.029843066422384202,0.00089089031211021937,-0.029047738187051135,9.3908747799538226,
881,1302.4553991662322,0.53954283947643633,1302.9949420057085,10542,869,-3.1057586741451565e-05,-3.0791407998403607e-05,3.0791407998403607e-05,9.4820172569525153e-10,-3.0638856197979262e-05,-0.030949327066724729,-0.029873857830382548,0.029873857830382548,0.00089272922893472934,-0.02907858715492561,9.4102588022009819,
882,1302.3829903172784,0.53946158434171654,1302.9224519016202,10542,869,-3.0982737155113978e-05,-3.0784747495483922e-05,3.0784747495483922e-05,9.4779155851778955e-10,-3.0637309558894677e-05,-0.030980046562914355,-0.029904642577878175,0.029904642577878175,0.00089456964377459711,-0.029109429683759347,9.4296586150280284,
883,1302.3106087597046,0.53938042233406225,1302.8499891820386,10542,869,-3.1043907151773249e-05,-3.0778216670264916e-05,3.0778216670264916e-05,9.4738947025913262e-10,-3.0625811323264457e-05,-0.031010759277611221,-0.029935420794548289,0.029935420794548289,0.00089641156313586612,-0.029140265397663637,9.4490742870151649,
884,1302.2382548551693,0.53929923492983201,1302.7775540900991,10542,869,-3.0969858454740447e-05,-3.077157304376803e-05,3.077157304376803e-05,9.4698051876426538e-10,-3.0624015255579959e-05,-0.03104146562649799,-0.029966192367592095,0.029966192367592095,0.000898254979079939,-0.029171094657910207,9.4685057344816368,
885,1302.1659282057242,0.53921819935867943,1302.7051464050828,10542,869,-3.1031440847024028e-05,-3.076502183013081e-05,3.076502183013081e-05,9.4657734125175711e-10,-3.061245990550208e-05,-0.031072165195912643,-0.029996957389422197,0.029996957389422197,0.00090009989593941686,-0.02920191744793112,9.4879530030973935,
886,1302.0936293115446,0.53913697973866992,1302.6327662912834,10542,869,-3.095677788906394e-05,-3.0758398660749316e-05,3.0758398660749316e-05,9.4616982100784604e-10,-3.0610779237939752e-05,-0.031102858405412676,-0.030027715788082988,0.030027715788082988,0.00090194630815055058,-0.029232736305571876,9.5074160342149536,
887,1302.0213575461732,0.53905606024361796,1302.5604136064169,10542,869,-3.1018559623504851e-05,-3.0751829050165972e-05,3.0751829050165972e-05,9.457656813039877e-10,-3.0598990559780191e-05,-0.031133544845766359,-0.030058467617133138,0.030058467617133138,0.00090379421774641289,-0.02926354407276513,9.5268948492649379,
888,1301.9491134049204,0.53897501455068253,1302.4880884194711,10542,869,-3.0943915838169711e-05,-3.0745224824073541e-05,3.0745224824073541e-05,9.453595028806242e-10,-3.0597498078891328e-05,-0.031164224922280319,-0.030089212841957137,0.030089212841957137,0.00090564362141455613,-0.029294349069237526,9.5463894133308358,
889,1301.8768966374464,0.53889410740502008,1302.4157907448514,10542,869,-3.1005821843245481e-05,-3.0738617342777995e-05,3.0738617342777995e-05,9.4495321489547382e-10,-3.0585609154445947e-05,-0.031194898381944832,-0.030119951459300024,0.030119951459300024,0.00090749451772765091,-0.029325143331623352,9.5658997113671678,
890,1301.804707371803,0.53881305001312807,1302.3435204218163,10542,869,-3.093083557668221e-05,-3.0732071316241408e-05,3.0732071316241408e-05,9.4455078741466314e-10,-3.0584227736923975e-05,-0.031225565282872018,-0.030150683530616257,0.030150683530616257,0.00090934690915890691,-0.029355934979811961,9.5854257694440381,
891,1301.7325454108422,0.53873223427051742,1302.2712776451128,10542,869,-3.0993039335346279e-05,-3.072543220490407e-05,3.072543220490407e-05,9.4414272527895472e-10,-3.0571976553438079e-05,-0.031256225601339123,-0.030181408962821048,0.030181408962821048,0.00091120078893090436,-0.02938671594836615,9.6049675161206629,
892,1301.6604109109885,0.5386512807034356,1302.1990621916918,10542,869,-3.091783159481346e-05,-3.0718897333272547e-05,3.0718897333272547e-05,9.437411583623748e-10,-3.0570950920454528e-05,-0.03128687937433549,-0.030212127860154391,0.030212127860154391,0.00091305616207694527,-0.029417494340436896,9.6245250044530799,
893,1301.5883037673202,0.53857048294504739,1302.1268742502652,10542,869,-3.0980244838067075e-05,-3.0712270865117438e-05,3.0712270865117438e-05,9.4333404393836333e-10,-3.0558677107990914e-05,-0.031317526565024824,-0.030242840131019612,0.030242840131019612,0.00091491302187145154,-0.029448262087469007,9.6440981635469711,
894,1301.5162239899018,0.5384895886519333,1302.0547135785537,10542,869,-3.090507092080695e-05,-3.070574496412727e-05,3.070574496412727e-05,9.4293319958368822e-10,-3.0557682386896283e-05,-0.031348167212621576,-0.030273545875983639,0.030273545875983639,0.00091677137317418126,-0.029479027284872616,9.6636870446290448,
895,1301.4441715655532,0.53840888812353505,1301.9825804536767,10542,869,-3.0967432357200521e-05,-3.0699095219138115e-05,3.0699095219138115e-05,9.4252483560499132e-10,-3.0545333418071811e-05,-0.031378801288932522,-0.03030424497120288,0.03030424497120288,0.00091863120727056675,-0.029509781723713876,9.6832915558390447,
896,1301.3721464628211,0.53832808084178674,1301.910474543663,10542,869,-3.0892166224874687e-05,-3.0692584981864053e-05,3.0692584981864053e-05,9.4212512227121804e-10,-3.0544390824272431e-05,-0.031409428830331848,-0.030334937556184546,0.030334937556184546,0.00092049253144556266,-0.029540533934897532,9.702911773967676,
897,1301.3001487900954,0.53824737099681463,1301.8383961610921,10542,869,-3.0954659047207638e-05,-3.0685939067341901e-05,3.0685939067341901e-05,9.4171716789727683e-10,-3.0532000089765914e-05,-0.031440049792850679,-0.030365623495251851,0.030365623495251851,0.00092235533617082948,-0.029571275218180999,9.722547598576714,
898,1301.2281783900917,0.53816649230069624,1301.7663448823923,10542,869,-3.0879269813026786e-05,-3.067947300008909e-05,3.067947300008909e-05,9.4132034212098485e-10,-3.0531119696765191e-05,-0.031470664224499498,-0.030396302968252117,0.030396302968252117,0.00092421963123524896,-0.029602014576158679,9.7421991328507591,
899,1301.1562352726419,0.53808592752326811,1301.6943212001652,10542,869,-3.0940833270590839e-05,-3.0672784199883287e-05,3.0672784199883287e-05,9.4090992940226761e-10,-3.0518491994258317e-05,-0.031501272071225848,-0.030426975752451967,0.030426975752451967,0.00092608540185183913,-0.029632742698300699,9.7618662209202363,
900,1301.0843195431353,0.53800512657457455,1301.6223246697098,10542,869,-3.0850035490319638e-05,-3.0666294435216484e-05,3.0666294435216484e-05,9.4051181480444976e-10,-3.0517861528636923e-05,-0.031531873390143197,-0.030457642046887189,0.030457642046887189,0.00092795265898736057,-0.029663468792384632,9.7815489783857679,
901,1301.0124310680219,0.53792455240016546,1301.5503556204221,10542,869,-3.092763992412012e-05,-3.0659643029856087e-05,3.0659643029856087e-05,9.4010387589183314e-10,-3.0505213287410879e-05,-0.031562468130040051,-0.03048830168991706,0.03048830168991706,0.00092982139145071586,-0.029694186527863948,9.8012472872819956,
902,1300.940569936226,0.53784380012366884,1301.4784137363497,10542,869,-3.0837232930965731e-05,-3.0653139718412952e-05,3.0653139718412952e-05,9.3970509440648491e-10,-3.0504385755313917e-05,-0.031593056325680248,-0.030518954829635406,0.030518954829635406,0.00093169160723118895,-0.029724897608547393,9.8209612318239632,
903,1300.8687358714135,0.53776337908754435,1301.4064992505009,10542,869,-3.091508930288474e-05,-3.0646515710655066e-05,3.0646515710655066e-05,9.3929901234419179e-10,-3.051390301030377e-05,-0.031623637838092002,-0.030549601345346136,0.030549601345346136,0.00093356329757943786,-0.0297556014702255,9.8406907197848543,
904,1300.7969291998456,0.53768267282425086,1301.3346118726699,10542,869,-3.082415613828267e-05,-3.0640031521559266e-05,3.0640031521559266e-05,9.3890157298422291e-10,-3.0491033678934323e-05,-0.031654212639882981,-0.030580241376867493,0.030580241376867493,0.00093543647002056239,-0.029786299085132695,9.8604358304867485,
905,1300.7251496091733,0.53760232599357405,1301.2627519351668,10542,869,-3.0902530680398141e-05,-3.0633384446698275e-05,3.0633384446698275e-05,9.3849425425493419e-10,-3.0494478915922795e-05,-0.031684781252139617,-0.030610874761314424,0.030610874761314424,0.00093731111317947309,-0.02981698967135148,9.8801964440248256,
906,1300.6533973172395,0.53752177033604054,1301.1909190875756,10542,869,-3.0811359973109311e-05,-3.0626897270121824e-05,3.0626897270121824e-05,9.3809680214531723e-10,-3.0477845510473047e-05,-0.031715343030779365,-0.030641501658584386,0.030641501658584386,0.00093918723586205262,-0.029847674060209096,9.8999726532218961,
907,1300.5816721903086,0.53744136924347397,1301.119113559552,10542,869,-3.0889882064485561e-05,-3.0620296180031193e-05,3.0620296180031193e-05,9.3769247612944322e-10,-3.0481362332099144e-05,-0.031745898600379588,-0.030672121954764424,0.030672121954764424,0.00094106482964049294,-0.029878351523055968,9.9197643692404363,
908,1300.5099742344441,0.53736089014311184,1301.0473351245873,10542,869,-3.0797713095564304e-05,-3.0613799799481546e-05,3.0613799799481546e-05,9.3729462925475362e-10,-3.0464648990805275e-05,-0.031776447330377669,-0.030702735754564142,0.030702735754564142,0.0009429438999730309,-0.029909022816935402,9.9395716496157185,
909,1300.4383033537438,0.5372806008659945,1300.9755839546099,10542,869,-3.0877180326206457e-05,-3.0607212158431855e-05,3.0607212158431855e-05,9.3689129652328819e-10,-3.0468032188238576e-05,-0.03180698984881241,-0.030733342966722355,0.030733342966722355,0.0009448244398233632,-0.029939687388626238,9.9593944201780715,
910,1300.3666597638296,0.53720011061175899,1300.9038598744414,10542,869,-3.0784803293929017e-05,-3.0600718310181299e-05,3.0600718310181299e-05,9.3649377793682939e-10,-3.0451516454239584e-05,-0.031837525667384486,-0.030763943685032585,0.030763943685032585,0.00094670645402381232,-0.02997034554599376,9.9792327318650056,
911,1300.2950431145168,0.53711992387081364,1300.8321630383875,10542,869,-3.0864435908095435e-05,-3.0594123733932502e-05,3.0594123733932502e-05,9.3609019939517327e-10,-3.0454808723454635e-05,-0.031868055078427888,-0.030794537808766599,0.030794537808766599,0.00094858993487143754,-0.030000996972104423,9.9990865034798233,
912,1300.2234537821796,0.53703951976215492,1300.7604933019418,10542,869,-3.0788090223613829e-05,-3.0587620669786261e-05,3.0587620669786261e-05,9.3569228106053853e-10,-3.0438308497231943e-05,-0.031898577828130076,-0.030825125429436228,0.030825125429436228,0.00095047488708993296,-0.030031642013318999,10.018955784814983,
913,1300.1518914372371,0.5369593512983033,1300.6888507885353,10542,869,-3.0851718810735638e-05,-3.0581030099714602e-05,3.0581030099714602e-05,9.3528911727761004e-10,-3.0426197088378105e-05,-0.031929094194203991,-0.030855706459536041,0.030855706459536041,0.00095236130382060755,-0.030062280439249928,10.038840503573024,
914,1300.0803563197967,0.53687903476878907,1300.6172353545655,10542,869,-3.0775613302821258e-05,-3.0574524073146569e-05,3.0574524073146569e-05,9.3489118798330223e-10,-3.0425117191010125e-05,-0.03195960389626349,-0.030886280983609033,0.030886280983609033,0.00095424918933627897,-0.030092912317510559,10.058740704793717,
915,1300.0088482271644,0.53679891586894302,1300.5456471430334,10542,869,-3.0839534510707817e-05,-3.0567928359370464e-05,3.0567928359370464e-05,9.3448787552048344e-10,-3.0417155469857373e-05,-0.031990106900170803,-0.030916848911968504,0.030916848911968504,0.00095613853665991989,-0.030123537140483089,10.078656314932216,
916,1299.9373672474403,0.53671865974980015,1300.4740859071901,10542,869,-3.0762567385441386e-05,-3.0561459645647384e-05,3.0561459645647384e-05,9.3409240885734471e-10,-3.0411957771927812e-05,-0.032020603725420045,-0.030947410371614137,0.030947410371614137,0.00095802935263460955,-0.030154155926210086,10.098587406121419,
917,1299.8659133195363,0.53663861916314592,1300.4025519386994,10542,869,-3.0827607519284257e-05,-3.0554839234354597e-05,3.0554839234354597e-05,9.3368776043830404e-10,-3.0403964717163136e-05,-0.032051093731631647,-0.03097796521084863,0.03097796521084863,0.00095992162649808158,-0.030184767688246291,10.118533864916278,
918,1299.7944864373924,0.53655847674244728,1300.3310449141347,10542,869,-3.0749866037354562e-05,-3.0548376983085746e-05,3.0548376983085746e-05,9.3329285121521587e-10,-3.0398788424556916e-05,-0.032081577540517728,-0.031008513587831618,0.031008513587831618,0.00096181536701832662,-0.030215373331877973,10.138495783740181,
919,1299.7230867132116,0.53647839043674217,1300.2595651036484,10542,869,-3.081505978229673e-05,-3.0541773784329923e-05,3.0541773784329923e-05,9.328894307394575e-10,-3.0390356041634162e-05,-0.0321120545415777,-0.031039055361616084,0.031039055361616084,0.00096371056407800338,-0.030245971958487008,10.158473055946233,
920,1299.6517139367306,0.53639833667902614,1300.1881122734096,10542,869,-3.0737114273431769e-05,-3.0535285283667354e-05,3.0535285283667354e-05,9.3249308263893613e-10,-3.0385985035474403e-05,-0.032142525113751028,-0.031069590646899761,0.031069590646899761,0.00096560722377843442,-0.03027656453476801,10.178465745848477,
921,1299.5803683013412,0.53631833032482967,1300.116686631666,10542,869,-3.0802359103067236e-05,-3.0528687036977788e-05,3.0528687036977788e-05,9.3209013756005753e-10,-3.0377063192101434e-05,-0.032172989179082213,-0.031100119333936443,0.031100119333936443,0.00096750533792988342,-0.030307150084652599,10.198473767118902,
922,1299.5090495479162,0.53623826957031617,1300.0452878174865,10542,869,-3.0724208940968625e-05,-3.0522256865534624e-05,3.0522256865534624e-05,9.3169752668193367e-10,-3.0372691688839753e-05,-0.032203446765581921,-0.031130641590802071,0.031130641590802071,0.0009694049159272133,-0.030337729578369686,10.218497218788755,
923,1299.4377579310535,0.53615830940819487,1299.9739162404617,10542,869,-3.0789653194911557e-05,-3.0515624293594812e-05,3.0515624293594812e-05,9.3129265898547679e-10,-3.0353943104091108e-05,-0.032233897831656082,-0.031161157215095769,0.031161157215095769,0.00097130594386394891,-0.030368302052370469,10.238535954269885,
924,1299.3664932267382,0.53607823916951736,1299.9025714659076,10542,869,-3.071142519039463e-05,-3.0509201337339306e-05,3.0509201337339306e-05,9.3090065945626948e-10,-3.0359408824005795e-05,-0.032264342386034088,-0.031191666416433006,0.031191666416433006,0.00097320843376477327,-0.03039886858520581,10.258590100314475,
925,1299.2952555606973,0.53599841521447011,1299.8312539759117,10542,869,-3.077686954181908e-05,-3.0502546621263502e-05,3.0502546621263502e-05,9.3049461039482336e-10,-3.0344154565250362e-05,-0.032294780423737915,-0.031222168963054301,0.031222168963054301,0.00097511236979170755,-0.030429428093856591,10.278659489974389,
926,1299.2240447099603,0.53591834143064832,1299.759963051391,10542,869,-3.0698638216051713e-05,-3.0496217864470782e-05,3.0496217864470782e-05,9.3010852356369677e-10,-3.0345988128020002e-05,-0.03232521196289042,-0.031252665180918862,0.031252665180918862,0.00097701777126584107,-0.030459981655799852,10.29874432691323,
927,1299.1528611380065,0.53583843644720153,1299.6886995744537,10542,869,-3.0764190118477241e-05,-3.0489486576998137e-05,3.0489486576998137e-05,9.2969797834091723e-10,-3.0305277195464894e-05,-0.032355636999163363,-0.031283154667495643,0.031283154667495643,0.00097892461166052686,-0.030490528037251798,10.318844331513613,
928,1299.0817041846158,0.53575838513531937,1299.6174625697511,10542,869,-3.0685936779265855e-05,-3.0483181055336992e-05,3.0483181055336992e-05,9.2931347453117558e-10,-3.033255252446605e-05,-0.03238605539909279,-0.031313637848551241,0.031313637848551241,0.00098083291663049856,-0.030521068452138884,10.338959774202085,
929,1299.010574427147,0.53567859205097867,1299.546253019198,10542,869,-3.0751428047397567e-05,-3.0476446298244882e-05,3.0476446298244882e-05,9.2890288886982821e-10,-3.0295433364559557e-05,-0.03241646736245947,-0.031344114294849561,0.031344114294849561,0.00098274265794111196,-0.030551601936684051,10.35909035735726,
930,1298.9394712383928,0.53559863053007573,1299.4750698689229,10542,869,-3.0673030256539301e-05,-3.0470160987943653e-05,3.0470160987943653e-05,9.2851978152627827e-10,-3.0319263461314084e-05,-0.03244687279436969,-0.031374584455837386,0.031374584455837386,0.00098465386268470367,-0.030582129318546217,10.379236366559461,
931,1298.8683950987518,0.5355190220612791,1299.4039141208129,10542,869,-3.0738627754353439e-05,-3.0463443832778597e-05,3.0463443832778597e-05,9.2811044784656716e-10,-3.0282307621144729e-05,-0.032477272024313317,-0.031405047899670128,0.031405047899670128,0.00098656650249921642,-0.030612649592848741,10.39939750284424,
932,1298.7973458334941,0.53543902242227037,1299.3327848559163,10542,869,-3.0660195094429979e-05,-3.045711435365108e-05,3.045711435365108e-05,9.2772481244275358e-10,-3.0305825866961639e-05,-0.032507664351256384,-0.031435505014023667,0.031435505014023667,0.00098848060059254696,-0.030643163848650273,10.419574010846038,
933,1298.7263233772924,0.53535956109705074,1299.2616829383894,10542,869,-3.0695425466414585e-05,-3.0450409764389024e-05,3.0450409764389024e-05,9.2731641309549482e-10,-3.0269113471284246e-05,-0.032538050498689346,-0.031465955423788217,0.031465955423788217,0.00099039613214424189,-0.03067367108025873,10.439765628932454,
934,1298.655327785094,0.53527965441570935,1299.1906074395097,10542,869,-3.0646968881445523e-05,-3.044410400881808e-05,3.044410400881808e-05,9.2693238863015356e-10,-3.0299322723037702e-05,-0.032568429800552037,-0.031496399527797043,0.031496399527797043,0.00099231312112807424,-0.030704172312696395,10.459972609811031,
935,1298.5843591266066,0.53520014509111158,1299.1195592716977,10542,869,-3.0677791416839064e-05,-3.0437406690125261e-05,3.0437406690125261e-05,9.2652460383908227e-10,-3.0255896287339876e-05,-0.032598802998039272,-0.031526836934487143,0.031526836934487143,0.0009942315416331018,-0.030734666515653829,10.480194680354526,
936,1298.5134171697523,0.53512038559288155,1299.0485375553451,10542,869,-3.063430157749005e-05,-3.0431066400171583e-05,3.0431066400171583e-05,9.261386365047808e-10,-3.0286195670546414e-05,-0.032629169351152731,-0.031557268000887255,0.031557268000887255,0.00099615141502697115,-0.030765154284899857,10.500432065799302,
937,1298.4425019697014,0.53504105887011144,1298.9775430285715,10542,869,-3.066521079040462e-05,-3.0424426584346964e-05,3.0424426584346964e-05,9.2573452890859172e-10,-3.0242714111743486e-05,-0.032659529603853162,-0.031587692427471538,0.031587692427471538,0.00099807272116581199,-0.030795635634398442,10.520684553808824,
938,1298.3716136433973,0.53496134848243271,1298.9065749918798,10542,869,-3.0621640450617714e-05,-3.0418063251570115e-05,3.0418063251570115e-05,9.2534732822876179e-10,-3.0273307097915416e-05,-0.03268988301702435,-0.031618110490723182,0.031618110490723182,0.00099999547637961398,-0.03082611032222286,10.540952316517512,
939,1298.3007520311121,0.53488205518242116,1298.8356340862945,10542,869,-3.0652610938092512e-05,-3.0411443434864295e-05,3.0411443434864295e-05,9.2494461048326805e-10,-3.0229536417486888e-05,-0.032720230331492545,-0.031648521934158118,0.031648521934158118,0.0010019196632103779,-0.030856578646448717,10.561235169900593,
940,1298.2299172472631,0.53480242279096368,1298.7647196700541,10542,869,-3.0608942562746707e-05,-3.0405073199692694e-05,3.0405073199692694e-05,9.2455715700730069e-10,-3.0260199858855626e-05,-0.032750570808744536,-0.031678927007357804,0.031678927007357804,0.001003845296334162,-0.030887040384953095,10.581533268658402,
941,1298.1591091421769,0.53472325116530695,1298.6938323933423,10542,869,-3.06399219433887e-05,-3.039844013895877e-05,3.039844013895877e-05,9.2415380432109498e-10,-3.021637199744184e-05,-0.032780905195153129,-0.031709325447496814,0.031709325447496814,0.0010057723578556995,-0.030917495707929763,10.601846424156928,
942,1298.088327894246,0.53464364755485916,1298.622971541801,10542,869,-3.0596086537154229e-05,-3.0392089203709279e-05,3.0392089203709279e-05,9.2376769212310541e-10,-3.0228743399644553e-05,-0.032811232746094092,-0.031739717536700428,0.031739717536700428,0.0010077008644958272,-0.03094794443488073,10.622174812650515,
943,1298.0175732620496,0.53456456149301412,1298.5521378235426,10542,869,-3.0627228652675803e-05,-3.0385456012470069e-05,3.0385456012470069e-05,9.2336450418783976e-10,-3.0202529737791081e-05,-0.032841554198985747,-0.031770102992712997,0.031770102992712997,0.0010096307971840331,-0.030978386676197105,10.642518233116892,
944,1297.9468454971816,0.5344849961085858,1298.4813304932902,10542,869,-3.0566003478888156e-05,-3.0379113199987366e-05,3.0379113199987366e-05,9.2297904599468783e-10,-3.0219361097212285e-05,-0.032871868902222635,-0.031800482105912846,0.031800482105912846,0.0010115621731538319,-0.031008821971837193,10.662876867214543,
945,1297.8761443696462,0.53440588455645088,1298.4105502542027,10542,869,-3.0612979847317349e-05,-3.0372492934160727e-05,3.0372492934160727e-05,9.2257681839884844e-10,-3.0189530288552583e-05,-0.032902177258749339,-0.031830854598847026,0.031830854598847026,0.0010134949735879561,-0.031039251236527957,10.683250516590645,
946,1297.8054699796273,0.53432649002563648,1298.339796469653,10542,869,-3.0553083855744428e-05,-3.0366108725265184e-05,3.0366108725265184e-05,9.2218901536878592e-10,-3.0176749548716745e-05,-0.032932479016667779,-0.03186122070757224,0.03186122070757224,0.0010154292123350775,-0.031069674077122935,10.703639327224051,
947,1297.7348222265584,0.53424752780717999,1298.2690697543655,10542,869,-3.0600627678384392e-05,-3.0359489899598029e-05,3.0359489899598029e-05,9.2178704461079451e-10,-3.0176401410544246e-05,-0.032962774456986005,-0.03189158019747191,0.03189158019747191,0.0010173648732759264,-0.03110008991475453,10.72404312920154,
948,1297.6642012437085,0.53416817956627571,1298.1983694232747,10542,869,-3.0540207865879927e-05,-3.0353134390599762e-05,3.0353134390599762e-05,9.214011490419346e-10,-3.0168514184092649e-05,-0.032993063307800941,-0.031921933331862481,0.031921933331862481,0.0010193019719812494,-0.031130499728176397,10.74446208665435,
949,1297.593606856874,0.53408923227350158,1298.1276960891475,10542,869,-3.0587893786558142e-05,-3.0346544589505734e-05,3.0346544589505734e-05,9.2100111046319913e-10,-3.016324311686703e-05,-0.033023345815487548,-0.031952279876452022,0.031952279876452022,0.0010212404923458786,-0.031160902523668363,10.764896029817907,
950,1297.5230392191484,0.53400998585655357,1298.0570492050049,10542,869,-3.052766572598704e-05,-3.0340143466756779e-05,3.0340143466756779e-05,9.2061261035640983e-10,-3.0155536909079721e-05,-0.033053621737689776,-0.031982620019918764,0.031982620019918764,0.001023180445197461,-0.031191299366154706,10.785345072826436,
951,1297.4524982718915,0.53393104252054746,1297.9864293144121,10542,869,-3.0575341088637624e-05,-3.0333549282983714e-05,3.0333549282983714e-05,9.2021247697008462e-10,-3.0158354975811781e-05,-0.033083891181328956,-0.032012953569201717,0.032012953569201717,0.0010251218171237928,-0.031221689235804675,10.8058090743019,
952,1297.3819839831299,0.53385177549998453,1297.9158357586298,10542,869,-3.0542873058045855e-05,-3.0327194344024892e-05,3.0327194344024892e-05,9.1982694975117681e-10,-3.0141234473390951e-05,-0.033114154130090535,-0.032043280763545637,0.032043280763545637,0.001027064622081154,-0.031252072686483882,10.826288181357445,
953,1297.3114962275822,0.53377296760687276,1297.8452691951891,10542,869,-3.0562692537370369e-05,-3.0320586163651587e-05,3.0320586163651587e-05,9.1942613193158866e-10,-3.0150318936652541e-05,-0.033144410721549174,-0.032073601349709324,0.032073601349709324,0.0010290088428724004,-0.031282449832262804,10.846782212717972,
954,1297.2410350845591,0.53369381869120214,1297.7747289032504,10542,869,-3.0531127963126989e-05,-3.0314254136356227e-05,3.0314254136356227e-05,9.1904216041584434e-10,-3.0127752780185709e-05,-0.033174660808243897,-0.032103915603845568,0.032103915603845568,0.0010309544958376539,-0.031312820266702186,10.867291340624709,
955,1297.1706005511605,0.53361500380727567,1297.7042155549677,10542,869,-3.0550038596720211e-05,-3.0307666234076066e-05,3.0307666234076066e-05,9.1864274530361299e-10,-3.0137303847100166e-05,-0.033204904620358508,-0.032134223270079726,0.032134223270079726,0.0010329015635177484,-0.031343184516628021,10.887815381040586,
956,1297.1001926752776,0.53353593707398672,1297.6337286123517,10542,869,-3.0518717527909838e-05,-3.0301266968202834e-05,3.0301266968202834e-05,9.1825486312981988e-10,-3.011459620501699e-05,-0.033235141833256154,-0.032164524537048114,0.032164524537048114,0.0010348500567042022,-0.031373541898605868,10.908354447718995,
957,1297.0298113418107,0.53345712923654887,1297.5632684710472,10542,869,-3.0537448636704957e-05,-3.0294725307470024e-05,3.0294725307470024e-05,9.1785842223654807e-10,-3.0124093091515197e-05,-0.033265372667132038,-0.03219481926235556,0.03219481926235556,0.0010367999652876922,-0.031403893137591128,10.928908434097563,
958,1296.9594564922793,0.53337820889428356,1297.4928347011735,10542,869,-3.0506208075046961e-05,-3.028834503318037e-05,3.028834503318037e-05,9.1747185574848371e-10,-3.0101414192172193e-05,-0.033295596979532736,-0.03222510760738849,0.03222510760738849,0.0010387512982126502,-0.031434237774366242,10.949477434459546,
959,1296.8891281821016,0.53329958083180606,1297.4224277629335,10542,869,-3.0502176178929468e-05,-3.0281771301969031e-05,3.0281771301969031e-05,9.1707363143655863e-10,-3.0110811096599632e-05,-0.033325814925311011,-0.032255389378690845,0.032255389378690845,0.0010407040421151778,-0.031464576094341487,10.97006130793609,
960,1296.8188264519101,0.5332206976502869,1297.3520471495603,10542,869,-3.0493664799134055e-05,-3.0275411176798807e-05,3.0275411176798807e-05,9.1668845359908486e-10,-3.0088271310401775e-05,-0.03335602630724336,-0.032285664789867448,0.032285664789867448,0.001042658209309134,-0.031494907744666012,10.990660184327581,
961,1296.7485512442211,0.53314195124361197,1297.2816931954646,10542,869,-3.0489543715322113e-05,-3.0268904027098632e-05,3.0268904027098632e-05,9.162944353603341e-10,-3.0097535366984485e-05,-0.033386231419734541,-0.032315933693894475,0.032315933693894475,0.0010446137893780792,-0.03152523262226907,11.011273953834333,
962,1296.6783024559097,0.53306317784745216,1297.2113656337572,10542,869,-3.0481139435086769e-05,-3.0262507638293217e-05,3.0262507638293217e-05,9.1590722218608276e-10,-3.0075379539744911e-05,-0.033416429937237535,-0.032346196201532833,0.032346196201532833,0.0010465707881150113,-0.031555551583087649,11.031902677520334,
963,1296.6080802121207,0.53298454666332618,1297.1410647587841,10542,869,-3.0475986660051708e-05,-3.0255978877308581e-05,3.0255978877308581e-05,9.1551206911055408e-10,-3.0084252965242824e-05,-0.033446622178222044,-0.032376452180410319,0.032376452180410319,0.0010485291959663288,-0.031585863808667701,11.052546254681072,
964,1296.5378844368502,0.53290581154286232,1297.070790248393,10542,869,-3.0468448128695187e-05,-3.0249590926295307e-05,3.0249590926295307e-05,9.1512552947672189e-10,-3.0062214557442327e-05,-0.033476807827284051,-0.032406701771336449,0.032406701771336449,0.0010504890206934677,-0.031616169862298871,11.073204767129843,
965,1296.4677150982279,0.53282726923737234,1297.0005423674652,10542,869,-3.0451239583453656e-05,-3.0243082249372665e-05,3.0243082249372665e-05,9.1473175931027715e-10,-3.0070635075120932e-05,-0.03350698720529724,-0.032436944853585933,0.032436944853585933,0.0010524502534537304,-0.031646469117625552,11.093878121655772,
966,1296.3975722118348,0.53274859510928108,1296.9303208069441,10542,869,-3.0455933055666109e-05,-3.0236701188537212e-05,3.0236701188537212e-05,9.1434579985597344e-10,-3.0049266682984841e-05,-0.033537159992245366,-0.032467181554774328,0.032467181554774328,0.0010544129012480881,-0.031676762196427899,11.114566392056096,
967,1296.3274558240462,0.53267004073642366,1296.8601258647825,10542,869,-3.0438641478430618e-05,-3.0230191681145315e-05,3.0230191681145315e-05,9.1395214878160917e-10,-3.0057441254628021e-05,-0.033567326414119796,-0.032497411746455492,0.032497411746455492,0.0010563769546518044,-0.031707048729519342,11.13526947898467,
968,1296.2573657826356,0.53259139538489508,1296.7899571780206,10542,869,-3.0443445034917934e-05,-3.0223830110140862e-05,3.0223830110140862e-05,9.1356753570847581e-10,-3.0036093944602503e-05,-0.03359748636468006,-0.032527635576565614,0.032527635576565614,0.0010583424220175542,-0.031737328769943923,11.155987470487039,
969,1296.1873021661568,0.53251293747937645,1296.7198151036362,10542,869,-3.0425933497234811e-05,-3.0217319350305784e-05,3.0217319350305784e-05,9.1317397563152064e-10,-3.0044202881466353e-05,-0.033627639957825091,-0.032557852895916041,0.032557852895916041,0.0010603092925986902,-0.031767602345799333,11.176720253282793,
970,1296.1172648801362,0.53243438594377912,1296.64969926608,10542,869,-3.0430953682560384e-05,-3.0210951449793186e-05,3.0210951449793186e-05,9.1278914545238924e-10,-3.0023279665533709e-05,-0.033657787086074309,-0.032588063847365747,0.032588063847365747,0.0010622775744056389,-0.031797869819787147,11.19746791180984,
971,1296.0472539817533,0.5323559894086316,1296.579609971162,10542,869,-3.0412987878385726e-05,-3.0204467871042674e-05,3.0204467871042674e-05,9.1239739420767238e-10,-3.0030978870997153e-05,-0.033687927863429383,-0.03261826831523694,0.03261826831523694,0.0010642472588404356,-0.031828130385254741,11.218230355437031,
972,1295.9772695553099,0.53227744982053304,1296.5095470051306,10542,869,-3.0418465614921252e-05,-3.0198057305861429e-05,3.0198057305861429e-05,9.1201014924544242e-10,-3.0010072968869241e-05,-0.033718062218529625,-0.032648466372542706,0.032648466372542706,0.0010662183493667212,-0.031858384820342568,11.239007620674608,
973,1295.9073113757079,0.53219915023148057,1296.4395105259393,10542,869,-3.0400394751538431e-05,-3.019158008813519e-05,3.019158008813519e-05,9.1161894944043101e-10,-3.0017761163570501e-05,-0.033748190070498243,-0.03267865795263078,0.03267865795263078,0.0010681908406379723,-0.03188863239129501,11.259799651164867,
974,1295.8373798497239,0.53212050474368711,1296.3695003544676,10542,869,-3.0405999596710948e-05,-3.0185181552257331e-05,3.0185181552257331e-05,9.1123259721105e-10,-2.9996744044554591e-05,-0.033778311587350646,-0.032708843134183034,0.032708843134183034,0.0010701647364219397,-0.031918873897167757,11.280606486623666,
975,1295.7674743049547,0.53204233018755565,1296.2995166351423,10542,869,-3.0387602290487038e-05,-3.0178714861235102e-05,3.0178714861235102e-05,9.1084219429123793e-10,-3.0004541363411164e-05,-0.033808426580401556,-0.03273902184904412,0.03273902184904412,0.0010721400313143086,-0.03194910856785791,11.301428070084127,
976,1295.6975954718268,0.53196379355626977,1296.2295592653832,10542,869,-3.039351742703393e-05,-3.0172274943484634e-05,3.0172274943484634e-05,9.1045350828657541e-10,-2.998360795956813e-05,-0.033838535276433379,-0.032769194123987842,0.032769194123987842,0.0010741167257129704,-0.031979337104880046,11.322264405740421,
977,1295.6277426534623,0.53188564815481709,1296.1596283016172,10542,869,-3.0374861493950241e-05,-3.0165834483601475e-05,3.0165834483601475e-05,9.10064858872403e-10,-2.9990684115729333e-05,-0.033868637395709063,-0.032799359958471386,0.032799359958471386,0.0010760948185724048,-0.032009558885553527,11.343115482571719,
978,1295.5579165033848,0.53180705806909179,1296.0897235614539,10542,869,-3.0381253161407188e-05,-3.015944818102372e-05,3.015944818102372e-05,9.0967957064437282e-10,-2.9971303945376705e-05,-0.033898733229493473,-0.03282951940665238,0.03282951940665238,0.0010780743121099727,-0.032039774557459079,11.363981323951222,
979,1295.488116188309,0.53172904344578098,1296.0198452317547,10542,869,-3.0362226109279261e-05,-3.0152987026973295e-05,3.0152987026973295e-05,9.0928984118832444e-10,-2.9977580186832294e-05,-0.033928822530699974,-0.032859672393679588,0.032859672393679588,0.001080055200436562,-0.032069983444773908,11.384861867801799,
980,1295.4183425769663,0.53165064183507571,1295.9499932188014,10542,869,-3.0368833771164179e-05,-3.0146547762599665e-05,3.0146547762599665e-05,9.0890152048041211e-10,-2.9958212365419395e-05,-0.033958905550435431,-0.032889818941441953,0.032889818941441953,0.0010820374837067755,-0.032100186248309237,11.40575711575312,
981,1295.3485950046179,0.53157263137804289,1295.880167635996,10542,869,-3.0348445634027697e-05,-3.0140081738024287e-05,3.0140081738024287e-05,9.0851166463974793e-10,-2.9964394143866843e-05,-0.033988982050827954,-0.032919959023180075,0.032919959023180075,0.001084021159054393,-0.032130382318148083,11.426667037592358,
982,1295.278873947399,0.53149425911699177,1295.8103682065159,10542,869,-3.0356377332623418e-05,-3.0133700882098806e-05,3.0133700882098806e-05,9.0812703430487337e-10,-2.9986245268931772e-05,-0.034019052274585126,-0.032950092724062068,0.032950092724062068,0.0010860062308766622,-0.032160572274458184,11.447591679670897,
983,1295.2091788365517,0.53141635156208711,1295.7405951881137,10542,869,-3.0336363036089843e-05,-3.0127236235832032e-05,3.0127236235832032e-05,9.0773742838309717e-10,-2.9951187389611066e-05,-0.034049115976506013,-0.032980219960297978,0.032980219960297978,0.0010879926925440183,-0.032190755321644546,11.468530972106498,
984,1295.139510336988,0.53133799433835383,1295.6708483313264,10542,869,-3.0318026489114576e-05,-3.0120854587137868e-05,3.0120854587137868e-05,9.0735290658947924e-10,-2.9973588500422076e-05,-0.034079173403406202,-0.033010340814885214,0.033010340814885214,0.001089980548284323,-0.032220932350446839,11.489484959465049,
985,1295.0698677219623,0.53126016183762026,1295.6011278837998,10542,869,-3.0323140018586217e-05,-3.0114371051661825e-05,3.0114371051661825e-05,9.0696232569749147e-10,-2.9975156924805375e-05,-0.034109224308326025,-0.033040455185936624,0.033040455185936624,0.0010919697903232976,-0.03225110246160405,11.510453559797881,
986,1295.0002516652819,0.53118188080871642,1295.5314335460905,10542,869,-3.0305317276743732e-05,-3.0108010040207625e-05,3.0108010040207625e-05,9.0657921746282316e-10,-2.9960508567226642e-05,-0.034139268937832812,-0.033070563195976975,0.033070563195976975,0.0010939604254725989,-0.032281266618325755,11.531436844906665,
987,1294.9306613523975,0.53110418033469842,1295.4617655327322,10542,869,-3.0310313167589134e-05,-3.0101555929851279e-05,3.0101555929851279e-05,9.0619058320958129e-10,-2.9962134536787627e-05,-0.034169307048757529,-0.03310066475190683,0.03310066475190683,0.0010959524465289528,-0.032311423696159303,11.552434738861692,
988,1294.8610976831758,0.53102597089656511,1295.3921236540723,10542,869,-3.0289344372945746e-05,-3.0095172746940334e-05,3.0095172746940334e-05,9.0580629621402531e-10,-2.9947502138743732e-05,-0.034199338892286608,-0.033130759924653704,0.033130759924653704,0.0010979458569570885,-0.03234157493349922,11.57344727818467,
989,1294.7915599459609,0.53094825053429318,1295.3225081964952,10542,869,-3.0329696684804865e-05,-3.0088676007463404e-05,3.0088676007463404e-05,9.05415262425741e-10,-2.9943533162239463e-05,-0.034229364218640597,-0.03316084860066109,0.03316084860066109,0.0010999406481368408,-0.032371718851058884,11.59447437201044,
990,1294.7220485678063,0.53087014348339412,1295.2529187112896,10542,869,-3.0276141283269832e-05,-3.0082353414802714e-05,3.0082353414802714e-05,9.0503479374395424e-10,-2.9934328564768585e-05,-0.034259383280986308,-0.033190930954076027,0.033190930954076027,0.0011019368303545412,-0.032401857315576661,11.615516128767219,
991,1294.6525630722572,0.53079248948897961,1295.1833555617461,10542,869,-3.0318190791743674e-05,-3.0075888491841568e-05,3.0075888491841568e-05,9.0464583468940085e-10,-2.9936187788122569e-05,-0.034289395829160782,-0.033221006842567839,0.033221006842567839,0.0011039343931333464,-0.032431988293227951,11.636572438018604,
992,1294.5831039552281,0.53071445140782902,1295.113818406636,10542,869,-3.0263636096621581e-05,-3.0069542605521512e-05,3.0069542605521512e-05,9.0426412905819101e-10,-2.9921290958812037e-05,-0.034319402095942281,-0.033251076385173335,0.033251076385173335,0.0011059333430772887,-0.03246211392203241,11.6576433693777,
993,1294.5136707176127,0.53063687264476356,1295.0443075902574,10542,869,-3.0306020190716196e-05,-3.0063081172085495e-05,3.0063081172085495e-05,9.0387554271671629e-10,-2.9923145593217825e-05,-0.03434940187141599,-0.033281139466345463,0.033281139466345463,0.0011079336714812941,-0.032492232035788618,11.678728831084321,
994,1294.4442637272207,0.53055893057743764,1294.9748226577981,10542,869,-3.0250987410230257e-05,-3.005676840504034e-05,3.005676840504034e-05,9.034959891259759e-10,-2.9873660226908646e-05,-0.034379395381811922,-0.033311196234750436,0.033311196234750436,0.0011099353869681158,-0.032522344857066496,11.699828914030908,
995,1294.3748826855465,0.53048147468861706,1294.9053641602352,10542,869,-3.0293558797973293e-05,-3.0050250366093521e-05,3.0050250366093521e-05,9.031041697535777e-10,-2.9904404313733633e-05,-0.034409382390371279,-0.033341246485116618,0.033341246485116618,0.0011119384748525954,-0.032552450330339856,11.720943463421209,
996,1294.3055279668015,0.53040341326957174,1294.8359313800711,10542,869,-3.0238455841057752e-05,-3.0044019716511859e-05,3.0044019716511859e-05,9.0272971270111413e-10,-2.9894498224774773e-05,-0.034439363164539563,-0.033371290504833194,0.033371290504833194,0.0011139429529499788,-0.032582550411300905,11.742072667045727,
997,1294.2361990742825,0.53032596381072361,1294.7665250380933,10542,869,-3.0281336323191455e-05,-3.0037489552520748e-05,3.0037489552520748e-05,9.0233732713599301e-10,-2.985570629084351e-05,-0.034469337417461353,-0.033401327994385811,0.033401327994385811,0.0011159488003165325,-0.03261264316317284,11.76321630413657,
998,1294.1668964436822,0.53024811540183403,1294.6971445590841,10542,869,-3.0225989582329579e-05,-3.0031171675760245e-05,3.0031171675760245e-05,9.0195779347473981e-10,-2.9881543393875975e-05,-0.034499305436154516,-0.033431359166061346,0.033431359166061346,0.001117956029850467,-0.032642730422341906,11.784374510653771,
999,1294.0976197610235,0.53017069027702624,1294.6277904513004,10542,869,-3.026898245595675e-05,-3.0024678473819186e-05,3.0024678473819186e-05,9.0156779929746076e-10,-2.9848009159306729e-05,-0.034529266937551276,-0.033461383844535161,0.033461383844535161,0.0011199646287831666,-0.032672810393403549,11.805547152003358,
1000,1294.0283692000219,0.53009277311314407,1294.5584619731351,10542,869,-3.0214306696015392e-05,-3.0018463989384785e-05,3.0018463989384785e-05,9.0119462696433226e-10,-2.9868569724693308e-05,-0.034559222153899505,-0.033491402308524515,0.033491402308524515,0.0011219746144472415,-0.032702884880109542,11.826734410888372,
