6.064650745412795,0.0,0.004799310811885845,0.0,0.0,0.01197413300216702,2.2889524532336316,0.403179095007501,0.005245614347037939,0.0827652189239893,0.0013832557651192938,0.007714907281303673,0.0008231898641508481,7.031021078947085,0.0006975182426158101,0.015938338170406838,0.3597228059335306,0.0,0.20133388675654645,0.0,0.09359256865109668,0.0,0.04727280443688785,0.03480158114420079,0.0,0.43131987215350065,0.04333579420207909,0.10089163585222509,4.090937327816969,2.4116389810399466,0.0,0.005448480517583913,0.02407351816424812,0.06533939625375178,0.0,0.1184091412057735,0.02387483661304544,0.01862089534582326,0.017210669631517687,0.0018507750908363773,0.0011373173379136921,0.0,0.0033589923401679436,0.0028542235021109465,0.0,0.0,0.0,0.0,0.0,0.0,0.0,0.0,0.0,0.0,0.0,0.0,0.0,0.01052776472115975,0.0,0.0,0.0,0.0,0.0,0.0,0.0,0.0,0.0,0.0,0.0,0.0,0.005868252995699281,0.0,0.00788850472406952,0.0,0.0,0.0,0.0,0.0,0.0,0.0,0.0,0.0,0.0,0.0,0.015895364161508625
0.0,0.6098517144163457,0.0,0.0,0.0005454145001656067,0.0,0.0,0.0,0.28177683338734055,0.0,0.05676214376147522,0.00034959047258856734,0.7445877112641097,0.0,0.005339366772759951,0.1703754240441543,0.008399229253815105,0.001652731320921964,0.015049050763676183,0.0,0.0,1.7919164500774027,0.002438266166048766,0.4301863158118598,1.738148170863243,0.05714272965060685,3.554081137975234,0.00713503954401838,0.0025052676662565047,0.0,0.06052027185649345,0.0011507366366943267,0.0,0.01781632915836854,0.0,0.04935020748257651,0.044483500943517926,0.027997257222856706,0.018430047692519207,0.0010543032673599238,0.0,0.1274060906129983,0.022307678231881595,0.022672090192798845,0.016983079724698025,0.00422771343974379,0.0008793154623243224,0.0,0.0642238871810802,0.0,0.1946188843963956,0.009953876580432388,0.0,0.0,0.0,0.0,0.000582597210285563,0.0018869737275981067,0.0,0.016313186593649602,0.0,0.20294310727283926,0.0,0.0,0.02701188032960121,0.008032601555564808,0.002933328735413546,0.004118948662207498,0.0,0.004254932481423301,0.12463255821637594,0.010448673927774947,0.010878547808931379,0.07293255586340486,0.042390182777372665,0.4437767303406135,0.009583238574392567,0.0008435570318541833,0.0007351294881945557,0.007513233913675303,0.0,0.0,0.0121380005686177,0.0,0.0021617604822900247
0.004799310811885845,0.0,21.165047412101053,0.0,0.0,0.006957253836729553,0.4802264396165114,0.036249243902043114,0.0007110036239671945,0.020430442234161766,0.03551399678249218,0.0,0.05802803886780504,0.07112820415398752,0.0,0.038363086979869176,2.12086758793444,0.01844197437626434,0.3208004064315461,0.0,0.8445091406943415,0.008206902158184995,16.892121981596883,0.009492105155517419,0.0033997902237285866,12.740396701516929,7.31263170151193,0.4690594085952948,0.040958286923539144,0.6409682060090701,0.0005974019589478901,0.0019971175720405053,0.019370800202219006,0.8791459513939367,0.0108639257885897,4.219013631914426,1.727526407611973,1.6561216198643802,2.4763283956985367,0.024333508978158273,0.0063303088541414535,0.0025871844595027247,0.28241126240880043,0.2254716193447765,0.1348843733392359,0.10516986001493211,0.0068810373692149845,0.0013248885065967034,0.003161317108870742,0.0,0.02281265545531793,0.22791401197938352,0.0,0.0,0.0,0.0,0.0,0.0015232740942403454,0.0,0.0011915979119634583,0.0,0.15463448968778148,0.0,0.0,0.31741713620907813,0.005029408571038831,0.0,0.0,0.0,0.002865643255567295,0.170221363528574,1.299202790743033,0.00384472482964168,0.006362910167891766,0.004375866793023336,3.0239702067365926,0.0,0.0,0.0005717476536701335,0.0,0.0,0.0,0.00526396810834748,0.001600326747200934,0.6932828596867227
0.0,0.0,0.0,22.01487109655158,0.06830470535516078,0.16833658149263872,0.05229477942272224,0.06404154709555608,1.5857788432964988,9.731274782438769,0.00031380353775197563,9.77307917537603,0.025873162053703325,0.02023305852337196,0.5736750270493239,0.0,0.0,0.0,0.0,11.176999260555581,0.0,0.0027165671242685803,0.0,1.5029689975484035,0.0,0.0,0.0,7.675352718048195,0.029399536085627127,0.0,0.0,0.0012562384621435819,0.00046474883271195675,0.042275049870928894,0.0,0.08533721304365509,0.0002434324991516886,0.017497647885218764,0.004153059909507926,0.3350813181331528,0.007867846974531653,0.0,0.015770363816239107,0.0,0.003579503245463585,0.0,0.3715525935905573,0.0,0.0,0.0,0.0,0.0,0.1511107778885904,0.0010257811912775857,0.013087593124031616,0.036104304423903534,0.0021076359156728982,0.3638531319211802,0.038058695264771535,0.0,1.2836596209170374,0.0077072416874524475,0.0008975886698561928,0.05930061640201113,0.0,0.0,0.0,0.0,0.3055208622893873,0.0,0.010168507153827179,0.0,1.7818718635134316,0.0,0.0,0.0,0.19991325141031493,0.0,0.0,0.0,0.0,0.0,0.0006054860601026533,0.0,0.004565588398696088
0.0,0.0005454145001656067,0.0,0.06830470535516078,1.1958736378639414,0.5101132832064815,0.0018559966621101334,0.017470176371823617,0.1499856982011028,0.04025546266037948,0.0,0.10392084694034813,0.004280399693551541,0.00046305027284661955,1.0041499539520002,0.0,0.0,0.0,0.0,0.018534260579303352,0.0,0.0048364077585936706,0.0,0.17505591850334806,0.0,0.0,0.0,0.055421222456132305,0.000683058518815057,0.0,0.0,0.8916503874362441,0.0,0.3318522050939272,0.0,0.03192707368773733,0.001957673192194539,0.0,0.0,3.8680330264677556,0.233200735192307,0.0,0.0014476274480975106,0.0,0.0,0.0,0.011313479134408508,0.0,0.0,0.0,0.0,0.0,0.00046569848806458583,0.0,0.0,0.0,0.0,0.005588160987046403,0.0,0.0,0.0048891981268683535,0.0005537558289785687,0.0,0.001750656335329872,0.0,0.0,0.0,0.0,0.004360478878189808,0.0,0.003303329100966031,0.0,0.004704995776928683,0.0,0.0,0.0,0.0,0.0,0.0,0.0,0.0,0.0,0.0,0.0,0.0
0.01197413300216702,0.0,0.006957253836729553,0.16833658149263872,0.5101132832064815,31.07690881357663,1.3857783581368557,8.351903292192226,0.22569514037061852,17.37466668238528,0.046290485207960495,5.902027402129733,0.12588936685971616,0.6869358268733485,2.6242889041261344,0.01389395151961595,0.010478548756633687,0.0,0.0012983167893797411,0.11685433463330223,0.011959845227593332,0.0033500542031379226,0.020614765547746536,0.22990195759097956,0.0,0.05945685030513306,0.0,0.3856436891308429,0.3671739961042588,0.03434165053502608,0.0,1.798049512861487,0.010947156583066891,0.40468647325536783,3.394283054441374,1.3717591508747216,0.02943921804357897,0.1601222542911722,0.05655172207211793,3.2285513490296958,0.15260777433618242,0.006305042611876838,0.005447012933825255,0.0,0.003251532130200181,0.006601819812572421,0.04900042192247439,0.0011109938840289243,0.0018882169059602938,0.0,0.0,0.0,0.005203221220206949,0.0,0.006972325371868902,0.0035571578246657853,0.0,0.12359791438865703,0.0019269665427187263,0.0,0.015508922408549468,0.006298834370249848,0.0,0.006493165939236894,0.0,0.0,0.0,0.0,0.005716508014023807,0.0,0.007395630029097857,0.0,0.053588173686363386,0.0,0.0,0.0,0.010171388519743974,0.0,0.0,0.0,0.0,0.0,0.0,0.2010566347183361,0.106140517688269
2.2889524532336316,0.0,0.4802264396165114,0.05229477942272224,0.0018559966621101334,1.3857783581368557,41.99799691073408,3.880267265615438,0.17021599253622244,11.037481592514938,0.04522467210583685,0.1170541975512577,0.33342563726737384,13.094041228306516,0.03375723993389289,0.10513956262683208,0.5494020827628971,0.0,0.14728899741562212,0.009607907632971011,0.8939027521918603,0.014477335744533165,1.3457581985835052,0.5159584578186648,0.0,6.616587614960703,0.15375178189295788,22.561795721897397,7.03483173276721,8.06649209695065,0.0,0.024425938860726106,0.5343855949368937,2.2658437679333208,0.04828897217857644,5.656335421095155,0.5181290195169009,1.3930344816638622,1.1592122022528932,0.3793982109765247,0.18223384975029752,0.009214451865940224,0.17077463464252174,0.015555380333130621,0.000713553341110959,0.002834181521982316,0.10313943659256654,0.0,0.0,0.0,0.00528441229416057,0.0,0.009021956262883584,0.0,0.0,0.04084401445159071,0.0,0.2756678170714016,0.0010129246581775623,0.0,0.007308525003109626,0.05250037853935831,0.0,0.0069170898389647175,0.007779651867727969,0.0,0.0,0.0,0.016983543835858986,0.0,0.10115800720116937,0.0,1.0922960963398216,0.0,0.0,0.0,0.10440312808608793,0.001323445281399255,0.0013429252467855755,0.0,0.0,0.001130225226258444,0.0,0.0003329206434920061,1.079230588186155
0.403179095007501,0.0,0.036249243902043114,0.06404154709555608,0.017470176371823617,8.351903292192226,3.880267265615438,27.174966937737675,0.3943817240064817,8.179998451519321,0.0886927681358268,2.414221473715147,0.14881376980386896,10.479316386543925,0.2553384181229549,0.05659180385778321,0.6032548823516289,0.0024229627004853376,0.22048928886384592,0.06985725046128523,0.22971092672437396,0.009128653519534511,0.2013566060820415,0.5804533715091043,0.0009348399343854839,1.6362266226421731,0.025053609859853165,0.9328310789593933,0.9603093137216662,0.8052802986803951,0.00034426538134069986,1.4457808684833333,0.0687211934794475,0.4379330250018,0.0363660995391789,1.4410111180605367,0.09758315124691144,0.185159064941517,0.19189338101244247,0.6052747770088392,0.05382839265455524,0.022124969873697636,0.0022122677165188403,0.0012008337960309986,0.009359642454719711,0.0020705897511678764,0.0037587883888108155,0.0007208234251442467,0.0026837628537970753,0.0,0.0,0.0,0.0,0.0,0.0,0.0,0.0,0.2503170767726035,0.0,0.0,0.00028886390671590515,0.0019396977942783694,0.0,0.0,0.0,0.0,0.0,0.0,0.0,0.0,0.020291586482691592,0.0,0.006088830797082202,0.0,0.0,0.0,0.0,0.0,0.0,0.0,0.0,0.0,0.0007969971673982572,0.0025039959209496713,0.07902384587392071
0.005245614347037939,0.28177683338734055,0.0007110036239671945,1.5857788432964988,0.1499856982011028,0.22569514037061852,0.17021599253622244,0.3943817240064817,4.066186641400098,2.6541868744158927,0.04850094316316684,1.677751685475892,0.4113396697635687,0.23675689725713714,0.6753185020967897,0.06943979979053845,0.0034296121114368657,0.0,0.0028335422857510813,0.4414510697668575,0.004231894007149151,3.965565941256276,0.0018130740611966675,10.265248472525075,1.748715791321992,0.01319371602239187,1.4985111074853388,2.421916066550874,0.32725632611250904,0.04021763889926069,0.0,0.11266476391572194,0.011653570315674865,0.2401895583658226,0.004477258029130429,0.8875969348776158,0.022517503723159443,0.11655479954910715,0.04659921944282441,0.5040436030570508,0.05906553253767665,0.06613259897683352,0.7709435787593427,0.004099915411244739,0.16056086241396486,0.0648894116346779,0.7041972184605172,0.011830523185450975,0.0031245304561279227,0.02376779340850459,0.0317755582585146,0.0,0.337251264046335,0.012402501220734908,0.07354363452088149,0.2902517716464665,0.06121214052429109,1.1116866180279614,1.5313380780551928,0.0,0.40383676168962,0.04174007101957231,0.06625302834500245,0.074864320995753,0.1528297534040852,0.0,0.0,0.0,0.20273132647901865,0.03185814196319746,0.3250701621691323,0.03554801483522018,2.2056247305969805,0.01220039503104164,0.0,0.011974399209795795,2.0262225909524836,0.1274707602933267,0.06527304720941826,0.0,0.0024627428123313606,0.02301910047266414,0.07600292731926568,0.0012798110099973168,0.25509712188683253
0.0827652189239893,0.0,0.020430442234161766,9.731274782438769,0.04025546266037948,17.37466668238528,11.037481592514938,8.179998451519321,2.6541868744158927,127.31534070817087,0.07195946378888739,10.586097125475437,0.22043394782410983,5.171957750557605,0.5406928845908477,0.015900504756601937,0.015032542292447677,0.0,0.010378253342891157,2.287612692597301,0.025422785804659773,0.003515241418501418,0.0727414503566608,0.8906224234550495,0.0,0.44559613634487816,0.008667970955160276,13.249366207063273,2.6953790445003496,0.09144865338843872,0.0,0.07487588572723576,0.049548902847915084,2.9467607063249925,0.0805208519898433,4.2007046554389476,0.04034996517959986,1.4054070053649277,0.27309375500844774,0.854762628813875,0.3539743330572579,0.006589960150070913,0.04312079042799182,0.0009711298101511458,0.0,0.0,0.6786627175981718,0.0,0.0009205495471722686,0.0,0.0,0.0,0.0019914272744641524,0.0,0.0013509431402132048,0.0016082169811168939,0.0,1.505891494311672,0.0,0.0,0.454034543708332,0.04426740619687595,0.0,0.022146409475166325,0.0,0.0,0.0,0.0,0.03792862057906948,0.0,0.022780172461284123,0.0,3.9397570792960943,0.0,0.0,0.0,0.005216501438955871,0.0,0.0,0.0,0.0,0.0,0.0,0.001750658901035743,0.336264115298507
0.0013832557651192938,0.05676214376147522,0.03551399678249218,0.00031380353775197563,0.0,0.046290485207960495,0.04522467210583685,0.0886927681358268,0.04850094316316684,0.07195946378888739,27.789716294613413,0.0878408242182355,5.306452507880721,0.29371054758898957,0.010591115863338357,0.0019547642449396214,0.12377850930920713,5.6553530857680006,2.9211000383939187,0.0005846469589643816,0.022003567680600612,0.06122163994076978,0.06417185798264403,0.006610372155048796,0.12996600859655205,3.9701496190390597,0.4603345708658551,0.011790220530057237,1.715973539092822,0.022909245332710538,0.6842939874970513,0.5579496431233458,0.02158841467768468,5.842570967907005,0.0005594129288240661,1.3962419284121184,1.8012253011303279,3.109478746338649,0.5011461449235162,0.11819571823503874,0.06768596329406963,0.8141685663044138,0.004229147043544219,0.08384912452347039,0.022175339639283212,0.005455593749378962,0.00034711265778740474,0.00031979117560759687,0.12513184321795662,0.0,0.07902504701538245,0.0,0.0,0.0,0.0,0.0,0.0004698643495948307,0.0009011637619649047,0.0,0.08876483047522167,0.0,0.8983756699853337,0.0,0.0,0.0,0.0,0.005210924157594263,0.0,0.0,0.0,0.011176112696974161,0.0,0.00039142186627911217,0.17008951223235658,0.06898241666133693,0.2107085570355385,0.0,0.0016305508249491731,0.0,0.10742292422264663,0.0026958809016533578,0.0,0.01503741397340545,0.0,0.059341046091134685
0.007714907281303673,0.00034959047258856734,0.0,9.77307917537603,0.10392084694034813,5.902027402129733,0.1170541975512577,2.414221473715147,1.677751685475892,10.586097125475437,0.0878408242182355,39.931501413199896,0.17751878619046135,1.0368415704426286,1.6244680297404837,0.0,0.0,0.0,0.0,7.741260916822516,0.0,0.001029194831650944,0.0,0.658358724910695,0.0,0.0,0.0006846325167892236,4.3899897240298165,0.571507771826308,0.0002778092813653028,0.0,0.3082259784336818,0.0004027710471794376,0.8372576188703281,4.228023652200707,0.7262476292188262,0.005343204849720537,0.2232879684633671,0.02340351549007464,1.3234165267669675,0.09462886818826383,0.010107506292094445,0.03493805944064521,0.0013415385453400437,0.0028917171319778365,0.0048049201019926616,0.3575782781555295,0.0009584092907514256,0.0014832406815176718,0.0,0.0,0.0,0.0814818461510378,0.004078778547424407,0.025681264917185823,0.004648383758468832,0.00032768873117202004,0.18365167097087942,0.34850743688853264,0.0,0.34487013809890865,0.025341878866986894,0.0,0.06759213671319025,0.0,0.0,0.0,0.0,0.10263183770271038,0.0,0.0020587062463751954,0.001097909832267355,0.36490447437960843,0.0,0.0,0.0,0.23755260046397034,0.0016667387295509744,0.0,0.0,0.0,0.0,0.0006805780757298301,0.44889926693217436,0.21517780635459097
0.0008231898641508481,0.7445877112641097,0.05802803886780504,0.025873162053703325,0.004280399693551541,0.12588936685971616,0.33342563726737384,0.14881376980386896,0.4113396697635687,0.22043394782410983,5.306452507880721,0.17751878619046135,18.110476603802727,0.1659709778064911,0.05111023790591094,0.08977580095726431,0.011699763393702947,0.20261924585517851,0.06676557652841938,0.013766195715751946,0.035717493897658964,0.8910884937827331,0.06158676099082507,0.2557341789733327,6.282281580097593,1.1529183005773367,3.8510913308278285,0.4991485639130303,0.5509003137217705,0.044870886891882476,2.862328217867585,0.6156776896168212,0.008089640951786874,1.7954919474581297,0.06744440579399563,2.2069651859294623,1.2635833204986602,3.3616148558522427,0.7591741406189352,1.6946098975836679,0.2977365359245848,3.216097982377159,0.11368379241945735,0.4627173588051269,0.23700918865368334,0.05870633826818508,0.43599159884479244,0.016034270022466036,0.7033241548411738,0.0014756651689738043,1.0224430061549632,0.002673718834958108,0.005605924370048091,0.0015415676083955188,0.013897301502323505,0.022318980760739807,0.009161171307043072,0.07543426913528939,0.007505917521779953,0.48613205714326746,0.037803935440153064,6.048776993302597,0.0073898578166681625,0.028257821456384627,0.0005079279103453189,0.0,0.03066843982627144,0.009682429749003685,0.016264088401280855,0.00038603907793822464,0.12139007809987082,0.0010140252834183819,0.10084224715624478,1.640286187838594,0.5104579454274272,2.547466899550209,0.11149637516005131,0.021738482172700982,0.014506730755104742,0.817161582698197,0.032884556789958094,0.004691043061639478,0.12966208164968648,0.018734188265687818,0.1838071075809016
7.031021078947085,0.0,0.07112820415398752,0.02023305852337196,0.00046305027284661955,0.6869358268733485,13.094041228306516,10.479316386543925,0.23675689725713714,5.171957750557605,0.29371054758898957,1.0368415704426286,0.1659709778064911,29.459151112356324,0.06714679739846463,0.08236486635184,1.4336018349718205,0.016030691379044937,0.5520315980682868,0.025329410631568166,0.4318564686824096,0.013819228652743345,0.30630181781886917,0.340043494008854,0.001743397765683918,3.2619781250304047,0.08220915852793367,0.8601595682742081,12.261207982822999,4.387579648619614,0.000988921916542957,0.9281939398136623,0.09593730351146461,0.6578181544162814,0.0030391143686080463,1.0879125642345515,0.12696926546805204,0.22268099603040367,0.1620781923621929,0.20379085849849995,0.04841346413861419,0.027915193730683893,0.004022253841186934,0.0007976772671888668,0.0011649616609860055,0.0020814603027667234,0.0006071316944621106,0.0,0.0022893658325359146,0.0,0.0,0.0,0.0,0.0,0.0,0.0,0.0,0.12376030590764847,0.0,0.0,0.0,0.0058001409203182475,0.0,0.0,0.0,0.0,0.0,0.0,0.0,0.0,0.02260096150438353,0.0,0.014625814394899232,0.0,0.0,0.0,0.0,0.0,0.0,0.0,0.0,0.0,0.0,0.0008130654636242617,0.06915424378269582
0.0006975182426158101,0.005339366772759951,0.0,0.5736750270493239,1.0041499539520002,2.6242889041261344,0.03375723993389289,0.2553384181229549,0.6753185020967897,0.5406928845908477,0.010591115863338357,1.6244680297404837,0.05111023790591094,0.06714679739846463,2.854575469960341,0.0003362450160744855,0.0,0.0004411082936526191,0.0,0.2095462424633631,0.0,0.039166901665816184,0.0,0.9779442644648765,0.004985429212197131,0.0,0.01488562130714764,0.4631264208535919,0.05056818601360311,0.0015017095867004618,0.0,0.29539019810818395,0.0007904094985486864,0.05033834103905668,0.6118741587124684,0.10372963057633665,0.002626755966945729,0.015506279528122379,0.005974076316609956,3.136789407575715,0.01973787984017193,0.0030294506061527434,0.03486998433333104,0.0,0.009756101427407134,0.0022124552007820575,0.13601611034510094,0.0007715555966841908,0.00039824783288380214,0.0,0.0002757003337168583,0.0,0.05663570349200823,0.0015753808270565705,0.021322875290158565,0.011531671642847083,0.0,0.05517643235439404,0.24161740337684315,0.0,0.10779782147252398,0.025444898074758717,0.0,0.02675752893719735,0.002284775753442135,0.0,0.0,0.0,0.04804796400551633,0.0,0.01739547163698217,0.0014348361840517431,0.15268178823907344,0.0,0.0,0.0,0.2411295453877892,0.0,0.0007649684910383448,0.0,0.00022861609530110529,0.0,0.0,0.035035012866044185,0.02940100625073621
0.015938338170406838,0.1703754240441543,0.038363086979869176,0.0,0.0,0.01389395151961595,0.10513956262683208,0.05659180385778321,0.06943979979053845,0.015900504756601937,0.0019547642449396214,0.0,0.08977580095726431,0.08236486635184,0.0003362450160744855,3.7362875561839597,0.19109299601817548,0.0,0.0655833539403794,0.0,0.4372870209078112,3.1009842205891562,2.4034904554174976,4.1152422608392225,0.13520722915664005,0.5426718207575618,8.6985795838614,1.9040100086890002,0.35041730628697076,0.34304985030534063,0.0,0.003222503608810025,0.06673947286478947,0.30463294830188126,0.011047190091431314,2.0365133695730746,0.2927915106975184,0.3336047874452058,0.4136207587854073,0.02637583117439516,0.004219636785393876,0.0035774258841575505,2.032271164275629,0.20433341948004405,0.14108580456590977,0.13933366784958082,0.12730931877386814,0.0,0.0024249588822318055,0.00214883148364367,0.09803633293888064,0.0028208582807263943,0.003449668640995135,0.0,0.0023623677991286333,0.03837101832765726,0.0,0.4884429688663312,0.0,0.0,0.0067084872507149,0.0538077308843684,0.002054519765330687,0.005903003228918201,2.2744672385818343,0.00060682661013158,0.0,0.0,0.0006056296770532838,0.3897625584908371,1.6506201022640012,0.3992029897981812,3.170537483856419,0.0011322214705831043,0.0,0.2374003256953214,1.1542579207569155,0.05045263916806381,0.22237016415889913,0.0,0.0,0.06594286178919108,0.06626431881191414,0.0,0.2576259797636373
0.3597228059335306,0.008399229253815105,2.12086758793444,0.0,0.0,0.010478548756633687,0.5494020827628971,0.6032548823516289,0.0034296121114368657,0.015032542292447677,0.12377850930920713,0.0,0.011699763393702947,1.4336018349718205,0.0,0.19109299601817548,13.591064194735752,0.12053753299358938,2.9880028048110487,0.0,4.561992232614645,0.04019318173044039,10.373729365970755,0.019349014261746726,0.0001612937254139126,7.979921890301976,5.868929073745976,0.2886085815129663,1.7991245610185196,4.188291981225721,0.0023191224824790422,0.006436750431944477,0.2770744109351787,6.665003383134471,0.003478676636738318,1.9115293338543762,0.6134019583051133,1.1211450367325873,1.0305547058099191,0.0017381913539771708,0.001460232072685654,0.0006484175627639315,0.019084482633424493,0.05248395816257945,0.01357814177196227,0.006105719055357886,0.0,0.0,0.0,0.0,0.0635604117565119,0.04119421509284034,0.0,0.0,0.0,0.0,0.0,0.000499326443988233,0.0,0.0,0.0,0.005859699479881848,0.0,0.0,0.026978787135617258,0.0024841810370797935,0.0002417985825586829,0.0019349878779469176,0.0,0.0,0.20027939293859165,0.011169624793407199,0.0009237761100406572,0.000770485978937504,0.07201944385950762,0.48338464120751545,0.0,0.0,0.0,0.0,0.0,0.0,0.002020278777793705,0.0,0.14268407627657487
0.0,0.001652731320921964,0.01844197437626434,0.0,0.0,0.0,0.0,0.0024229627004853376,0.0,0.0,5.6553530857680006,0.0,0.20261924585517851,0.016030691379044937,0.0004411082936526191,0.0,0.12053753299358938,4.7841962338859405,4.831018911760772,0.0,0.0026048062280559225,0.001245928454699535,0.01101104840082433,0.0,0.01587868175419547,5.424272764660907,0.5003953596232483,0.0,0.12972391791463736,0.021414013308530832,0.05365036103061605,0.037895407360113306,0.0076770055790467695,1.0882341768188357,0.0004935018223227606,1.253788642212879,1.4842123149101765,1.817201846760033,0.49212059991083373,0.007298707423458431,0.0021354058018874487,0.09829623022968298,0.0,0.00848169958245864,0.004591268361032566,0.001687662968319454,0.0,0.0,0.0035763533095912927,0.0,0.014348039672340456,0.0,0.0,0.0,0.0,0.0,0.0,0.0,0.0,0.004132141334065819,0.0,0.07517467681930592,0.0,0.0,0.0,0.0,0.0025860796415230415,0.0009698775892402152,0.0,0.0,0.0006776078644249491,0.0,0.0,0.014527707684710855,0.053076159967639876,0.11772131313360994,0.0,0.0,0.0,0.024244004219307978,0.0,0.0,0.0,0.0,0.02869452393242978
0.20133388675654645,0.015049050763676183,0.3208004064315461,0.0,0.0,0.0012983167893797411,0.14728899741562212,0.22048928886384592,0.0028335422857510813,0.010378253342891157,2.9211000383939187,0.0,0.06676557652841938,0.5520315980682868,0.0,0.0655833539403794,2.9880028048110487,4.831018911760772,15.73061157036811,0.0,0.30994030953656737,0.033713286732735444,0.749555092159152,0.0028478326416752032,0.0038353770088332094,21.68400418433968,6.915797171937923,0.05125789901913223,1.1778365848623351,1.2418177574725675,0.02728868721784258,0.017875618991531193,0.1363383478899681,3.727404546066746,0.001457961735880049,1.7946647413569068,1.3969852311753936,1.543005393217044,0.6803283531837081,0.003159068220740447,0.00533620751273709,0.014778046813756744,0.014842608687504994,0.058751335617765174,0.02661844924966715,0.00866862173706789,0.0,0.0,0.00038290794681262785,0.0,0.11556376887265006,0.021823935791491545,0.0,0.0,0.0,0.0,0.0,0.0,0.0,0.002606232369406955,0.0,0.01851342395000371,0.0,0.0,0.0015345843202161514,0.00839302800530112,0.00662237355715521,0.032619267730844496,0.0,0.0,0.07591881055839061,0.00046735433831388625,0.00031817478090834976,0.028292751867862828,0.5627319507364618,0.9665926089412374,0.0,0.0,0.0,0.02548020558242192,0.0,0.0,0.004388729849899872,0.0,0.04523308535263699
0.0,0.0,0.0,11.176999260555581,0.018534260579303352,0.11685433463330223,0.009607907632971011,0.06985725046128523,0.4414510697668575,2.287612692597301,0.0005846469589643816,7.741260916822516,0.013766195715751946,0.025329410631568166,0.2095462424633631,0.0,0.0,0.0,0.0,5.006761099810769,0.0,0.0,0.0,0.12580517029600152,0.0,0.0,0.0,2.792842968709541,0.01732559845483284,0.0,0.0,0.004717196396709303,0.0,0.030046335955194292,0.0,0.054983917226941674,0.0,0.01241266829958848,0.0015560842157728003,0.15657627638904234,0.006908622540251265,0.0004636502725514736,0.0030865350117394237,0.0,0.0,0.0,0.11239280223786306,0.0,0.0,0.0,0.0,0.0,0.03303886531855777,0.002302183848758764,0.00869597669858044,0.00028399989158666133,0.0,0.08519097594412604,0.014648146533475785,0.0,0.1378977246103794,0.004486472261143536,0.00036601371231957035,0.021541241046321668,0.00028913002047736673,0.0,0.0,0.0,0.0739236701756153,0.0,0.0,0.0,0.32047536926352543,0.0,0.0,0.0,0.04424091204532798,0.0012952928546970369,0.0,0.0,0.0,0.0,0.0,0.0,0.002223093243108548
0.09359256865109668,0.0,0.8445091406943415,0.0,0.0,0.011959845227593332,0.8939027521918603,0.22971092672437396,0.004231894007149151,0.025422785804659773,0.022003567680600612,0.0,0.035717493897658964,0.4318564686824096,0.0,0.4372870209078112,4.561992232614645,0.0026048062280559225,0.30994030953656737,0.0,24.36689086280122,0.01209729267249715,17.058666485200742,0.027358757521296705,0.0,1.9546881981059416,0.5965224027785491,4.8557568209311155,1.1092109944178372,13.091092635467241,0.0,0.0019096046613968837,0.6095762037571271,4.285842978327,0.02960209401164389,2.4188554645051017,0.22547384764468129,0.5967277562914247,1.0485894161969103,0.02619156285139661,0.003894211632582719,0.00296990157411886,0.3829478308981401,0.028923101776811042,0.02258808594751315,0.020537782825915493,0.011820173440855019,0.0,0.0,0.0,0.000992768003512101,0.0,0.0,0.0,0.0,0.0,0.0,0.04656159076921919,0.0,0.0,0.00036348376988447524,0.020484676907107698,0.0,0.0017225570375126536,0.10611200329365975,0.0,0.0,0.0,0.003288038933268397,0.010230031482135906,0.11648408235923803,0.0058846802404345965,0.317443826167789,0.0,0.0,0.007800812855441347,0.06104774478225554,0.008329706384384615,0.019434130458926027,0.0,0.0,0.014541890093253813,0.005938702898466044,0.0,0.7110637608274737
0.0,1.7919164500774027,0.008206902158184995,0.0027165671242685803,0.0048364077585936706,0.0033500542031379226,0.014477335744533165,0.009128653519534511,3.965565941256276,0.003515241418501418,0.06122163994076978,0.001029194831650944,0.8910884937827331,0.013819228652743345,0.039166901665816184,3.1009842205891562,0.04019318173044039,0.001245928454699535,0.033713286732735444,0.0,0.01209729267249715,7.819505236390282,0.2138675690297734,4.86820734744112,1.827601131272183,0.07336957532928161,5.427394657915587,0.17821040687652928,0.02150356157486908,0.018654064415865017,0.03397426057181904,0.0018000698279189876,0.001872866663198343,0.04149276194222741,0.0018643732380897373,0.20500545389602193,0.06689293133122885,0.06389256925895244,0.03820662213192969,0.017473343000428618,0.0007965380937817798,0.14414044901135922,0.22497352373560206,0.04031653048077764,0.027962237621810382,0.0263305828549762,0.023495671076782364,0.0,0.0448905914347553,0.003895896018487573,0.1626931270409266,0.02457300302492943,0.0030458409923329447,0.0,0.0,0.03718759951054401,0.005255607427228603,0.21641716826058072,0.013177231675056368,0.006127141479112862,0.0007461495078049831,0.10154880259716838,0.02538142543702038,0.004764579148745424,0.7822765217452486,0.003350810679611859,0.0,0.0,0.0018101654111881645,0.18320062429037604,0.9036753654853634,0.18339910731226466,0.6837334478791681,0.060303572056957445,0.010117220805463468,0.5136082677982767,0.537685615090805,0.038438075084408524,0.06352756727955214,0.0,0.0,0.008676014755959364,0.027188031040823225,0.00047901825623085386,0.06755559011039193
0.04727280443688785,0.002438266166048766,16.892121981596883,0.0,0.0,0.020614765547746536,1.3457581985835052,0.2013566060820415,0.0018130740611966675,0.0727414503566608,0.06417185798264403,0.0,0.06158676099082507,0.30630181781886917,0.0,2.4034904554174976,10.373729365970755,0.01101104840082433,0.749555092159152,0.0,17.058666485200742,0.2138675690297734,37.70503623074564,0.03768217009016333,0.0003153901452318329,6.685028986957012,16.03316525971162,1.3584303354663463,0.3121154415391885,2.7880024546169233,0.0,0.0072373577978171524,0.18180192563548123,3.8569495840631145,0.045259115909294115,8.841464751888223,0.9171349003382018,2.510139686998204,4.151883791970076,0.03539097686490933,0.005604945428101601,0.002776346475338102,0.8080713519538809,0.18839904684273076,0.056887490821217565,0.05644066463300612,0.01103611666133403,0.0,0.00033310631298765696,0.0,0.014923372102094521,0.0003209978395947524,0.0,0.0,0.0,0.0007235761146537503,0.0,0.03187550080947699,0.0,0.0,0.0015046578643490472,0.04148498824454952,0.0,0.0013952669607127425,1.221385848499454,0.0,0.0,0.0,0.0,0.08686585329608179,0.5632150771414848,0.07376413786986072,0.5394163000654928,0.0,0.0006187494453179339,0.09268424711730834,0.08909029068746495,0.009407539270958522,0.05564564008666503,0.0,0.0,0.020442127835422232,0.0069828102697150176,0.0007657245920431333,1.688357003475552
0.03480158114420079,0.4301863158118598,0.009492105155517419,1.5029689975484035,0.17505591850334806,0.22990195759097956,0.5159584578186648,0.5804533715091043,10.265248472525075,0.8906224234550495,0.006610372155048796,0.658358724910695,0.2557341789733327,0.340043494008854,0.9779442644648765,4.1152422608392225,0.019349014261746726,0.0,0.0028478326416752032,0.12580517029600152,0.027358757521296705,4.86820734744112,0.03768217009016333,21.74836820087927,0.8372694898907671,0.06049456694110293,2.0710662087870695,4.750712986276593,0.7616999624208893,0.24024676486146182,0.0,0.025246369308211822,0.07551537529063644,0.6592805744102943,0.014011159941309142,2.4238913676912155,0.06587605833331642,0.3071318992002813,0.20061326732066334,0.5422336748685868,0.10448434816503371,0.005842372016565597,1.8069317570216332,0.02498057012732157,0.25636684505761215,0.0941365639873796,1.4033385570394867,0.0009036264015545072,0.006589198198005158,0.009609150999067782,0.05527483002188617,0.0,0.21751228095717773,0.0030996618044061243,0.02745743732256732,0.7257002760775636,0.02266896306667753,3.064765970132442,0.5606500739288954,0.0,0.18023447302730342,0.1032429304872138,0.01851237712636342,0.051365296431884346,0.1954636062743599,0.0,0.0,0.0,0.19024714188169403,0.03936799853185079,0.6918299947568447,0.0190652950020621,11.348521779717563,0.0007242034140948574,0.0,0.011662560314381511,5.105400266229705,0.045441443792070726,0.07182227161607296,0.0,0.0,0.05075639114630468,0.060732757812670415,0.0,0.3231645700370509
0.0,1.738148170863243,0.0033997902237285866,0.0,0.0,0.0,0.0,0.0009348399343854839,1.748715791321992,0.0,0.12996600859655205,0.0,6.282281580097593,0.001743397765683918,0.004985429212197131,0.13520722915664005,0.0001612937254139126,0.01587868175419547,0.0038353770088332094,0.0,0.0,1.827601131272183,0.0003153901452318329,0.8372694898907671,4.618011197940064,0.2205547012847353,4.209401726723971,0.001370960808714245,0.006509723299677918,0.0,0.17629460814746595,0.0027908961240007556,0.0,0.03782991329032799,0.0,0.03453031294222112,0.1662362600602264,0.03873462941287334,0.012878209184476507,0.00040105487155305393,0.00037146389737323653,0.19784162977605044,0.1296335145329502,0.20914864760262358,0.1339830476718435,0.0662980048716892,0.0033918749585358284,0.0,0.15157976545513735,0.0,1.1920015944307154,0.005615221252208253,0.0,0.0,0.0,0.0,0.0,0.015586011200415952,0.0,0.10322449881605526,0.0,1.1988699805233003,0.0005343218272742716,0.0,0.0038017184991073236,0.012766941592151346,0.014084345230715271,0.03943704317873807,0.0,0.0,0.08739150697993536,0.0023273508732999985,0.001219617579031364,0.7979612148902406,0.6386413877231198,3.6000683309982198,0.0,0.00028753749935836616,0.0,0.28804359671579455,0.0006586628800020044,0.0,0.049992007761361486,0.0,0.0006448058154792605
0.43131987215350065,0.05714272965060685,12.740396701516929,0.0,0.0,0.05945685030513306,6.616587614960703,1.6362266226421731,0.01319371602239187,0.44559613634487816,3.9701496190390597,0.0,1.1529183005773367,3.2619781250304047,0.0,0.5426718207575618,7.979921890301976,5.424272764660907,21.68400418433968,0.0,1.9546881981059416,0.07336957532928161,6.685028986957012,0.06049456694110293,0.2205547012847353,142.39476149963292,37.51841920930917,2.4637629692294105,0.6114960551281279,6.322921612202723,1.6295374121654551,0.040275275917216365,0.0574146745105764,2.956388158816935,0.00852515253354925,12.182589256399364,8.918736127660484,6.050285401165067,3.0826266281801415,0.02202530268242455,0.010352626853619729,0.2582278059381811,0.9093375333039695,1.2000878909379638,0.5948102457046331,0.25937508032689166,0.0002578828518681932,0.0002538767524621136,0.038218654306862006,0.0,0.6253481077791184,1.3806277845127781,0.0,0.0,0.0,0.0,0.0,0.0011079197303471406,0.0,0.17211217272049326,0.0,1.7074093284902507,0.0,0.0,0.06923276276785167,0.3635980796999597,0.10344821172227897,0.38112800601110275,0.0,0.0,0.43184810973783566,0.35188700279492596,0.005535118428657968,0.6170282495438275,6.815704025226711,16.94272229006028,0.0,0.0,0.0,1.1403913322713994,0.0,0.0,0.16652520841621246,0.0008144273841057592,0.32124725034503077
0.04333579420207909,3.554081137975234,7.31263170151193,0.0,0.0,0.0,0.15375178189295788,0.025053609859853165,1.4985111074853388,0.008667970955160276,0.4603345708658551,0.0006846325167892236,3.8510913308278285,0.08220915852793367,0.01488562130714764,8.6985795838614,5.868929073745976,0.5003953596232483,6.915797171937923,0.0,0.5965224027785491,5.427394657915587,16.03316525971162,2.0710662087870695,4.209401726723971,37.51841920930917,135.66368951298455,0.678549712710079,0.217268741637052,0.4768788351462106,1.5218982641912193,0.03415598854875813,0.023627403005098527,3.788444675239479,0.053743822373878085,24.316187682955363,6.972145485615082,7.502738901175211,7.089780220427704,0.03632386875582254,0.018398198427835747,0.09841551751455833,4.010730418147664,2.953769683916004,1.7646255267217357,1.091520030748486,0.019089605049553038,0.0010047509294073128,0.06666501520429421,0.0,5.799076495106518,2.809328335365551,0.0,0.0,0.0,0.0004299945631996768,0.0,0.011456966141422784,0.0,0.1046321061180067,0.0,1.547855911215884,0.0,0.0,8.412849414152168,0.8753283440885039,0.1153358473483465,0.6295130042754175,0.0,0.29297705785280403,4.269338462681656,9.232825060046826,0.29216189982137325,1.3274236904090693,9.635593742271215,55.27560317294513,0.1181671123041793,0.0012128340717299424,0.020155957732137145,0.7456334407559653,0.0,0.0017570663446923695,0.43090141183055963,0.0006372750932763159,1.87057072992536
0.10089163585222509,0.00713503954401838,0.4690594085952948,7.675352718048195,0.055421222456132305,0.3856436891308429,22.561795721897397,0.9328310789593933,2.421916066550874,13.249366207063273,0.011790220530057237,4.3899897240298165,0.4991485639130303,0.8601595682742081,0.4631264208535919,1.9040100086890002,0.2886085815129663,0.0,0.05125789901913223,2.792842968709541,4.8557568209311155,0.17821040687652928,1.3584303354663463,4.750712986276593,0.001370960808714245,2.4637629692294105,0.678549712710079,40.66911654288139,2.8828178914555886,7.187492200897852,0.0,0.010526021308375282,0.5117904516555583,2.1144179126965876,0.04035122451878011,5.941847958949625,0.39637223224197415,1.2301847817806804,1.3041306561694064,0.5743182498086359,0.15535999718446392,0.00978945974954602,0.8122373967443635,0.037009395452397176,0.013798947655210418,0.010858107549899776,0.8148067599986152,0.0,0.005030369897224268,0.0,0.0011364667594835377,0.0,0.02909691090595585,0.0,0.0042140119446063455,0.27041997922733496,0.0029878165527906534,2.6394536141570755,0.008955084080509596,0.0,0.25615072501373587,0.22074005109969225,0.0,0.07484848215811273,0.048568352548029985,0.0,0.0,0.0,0.29923536847890786,0.002925054130597797,0.3349439905567761,0.001675486409853661,10.015998611138025,0.0,0.0,0.0003858022194815211,1.3463920730839625,0.0034567511156088165,0.011468122393757163,0.0,0.0,0.008791734286019466,0.0007691891084865869,0.0,0.9526752460282555
4.090937327816969,0.0025052676662565047,0.040958286923539144,0.029399536085627127,0.000683058518815057,0.3671739961042588,7.03483173276721,0.9603093137216662,0.32725632611250904,2.6953790445003496,1.715973539092822,0.571507771826308,0.5509003137217705,12.261207982822999,0.05056818601360311,0.35041730628697076,1.7991245610185196,0.12972391791463736,1.1778365848623351,0.01732559845483284,1.1092109944178372,0.02150356157486908,0.3121154415391885,0.7616999624208893,0.006509723299677918,0.6114960551281279,0.217268741637052,2.8828178914555886,46.30170473233825,9.091256470690224,0.017257593403804637,0.9955901961163249,4.832857723590909,6.540502424978517,0.015866878615445886,1.4175157263640934,0.17924169316522393,0.5060545916954842,0.2441953244648073,0.23019443878315005,0.08938099470591655,0.060415514351704454,0.09870025066610968,0.008857352557871328,0.00972922334300673,0.0085601204137199,0.0028004770955080516,0.0003220107927885853,0.008541598207562123,0.0,0.002513363782424129,0.0,0.0,0.0,0.0,0.002133524920459734,0.0,0.21054592574820435,0.0,0.0,0.0006241102061352348,0.015376793249515092,0.0,0.0010533227609586385,0.005935741635842636,0.0,0.0,0.0,0.0,0.0,0.09703567100933927,0.0007926083084808388,0.13092655457273536,0.0011720785223161842,0.0,0.0019605684661145035,0.026716350656452136,0.002873588135889415,0.003410593941818382,0.0,0.0,0.0018366891465764102,0.0018844930654892096,0.0012844433293706956,0.26894658478628036
2.4116389810399466,0.0,0.6409682060090701,0.0,0.0,0.03434165053502608,8.06649209695065,0.8052802986803951,0.04021763889926069,0.09144865338843872,0.022909245332710538,0.0002778092813653028,0.044870886891882476,4.387579648619614,0.0015017095867004618,0.34304985030534063,4.188291981225721,0.021414013308530832,1.2418177574725675,0.0,13.091092635467241,0.018654064415865017,2.7880024546169233,0.24024676486146182,0.0,6.322921612202723,0.4768788351462106,7.187492200897852,9.091256470690224,26.0735838234023,0.0,0.0042483070935685026,1.1743549591031417,3.298421269322045,0.010897985064701637,2.156212511849537,0.3699742903619348,0.3763644726221679,0.572526517163722,0.032416744238477894,0.011408259344355876,0.0034182871170077454,0.153492047555768,0.016315874029749412,0.001758228108826768,0.007545619551686923,0.009881754087750026,0.0,0.0,0.0,0.006893970701401087,0.0,0.0,0.0,0.0,0.0019149506224717821,0.0,0.04590018796565884,0.0,0.0,0.000542177017402713,0.007322990984729613,0.0,0.0010226145783171238,0.027021613991896985,0.0,0.0,0.0,0.0,0.00476928732853205,0.07867444174354334,0.0019399755162944478,0.1741986629488207,0.0,0.0,0.0008641132169864425,0.023275835390178384,0.0025495677070430838,0.010179852095054964,0.0,0.0,0.0021021552863288266,0.002558071833022519,0.0,0.40243754319768443
0.0,0.06052027185649345,0.0005974019589478901,0.0,0.0,0.0,0.0,0.00034426538134069986,0.0,0.0,0.6842939874970513,0.0,2.862328217867585,0.000988921916542957,0.0,0.0,0.0023191224824790422,0.05365036103061605,0.02728868721784258,0.0,0.0,0.03397426057181904,0.0,0.0,0.17629460814746595,1.6295374121654551,1.5218982641912193,0.0,0.017257593403804637,0.0,1.288082677079841,0.004331890516157597,0.0,0.06201336081226536,0.0,0.2534148255303914,0.6351079857065446,0.3092997759811894,0.07259129109072579,0.0012699918033130934,0.00043559499849232477,0.12635545488138109,0.0009972960050394237,0.10368180949535498,0.01863158041566105,0.0017241052532717207,0.0,0.0,0.043075529592934425,0.0,0.14285245424443632,0.0,0.0,0.0,0.0,0.0,0.0,0.0,0.0,0.1272215339140463,0.0,1.5888490493269065,0.0,0.0,0.0,0.0,0.016573127955143464,0.000715338321459444,0.0,0.0,0.002642839766918802,0.0,0.0,0.34378880429102804,0.3427926787641364,1.0744782376609296,0.0,0.0,0.0,0.47774903238711286,0.0,0.0,0.013145837056582304,0.0,0.0031345088460880376
0.005448480517583913,0.0011507366366943267,0.0019971175720405053,0.0012562384621435819,0.8916503874362441,1.798049512861487,0.024425938860726106,1.4457808684833333,0.11266476391572194,0.07487588572723576,0.5579496431233458,0.3082259784336818,0.6156776896168212,0.9281939398136623,0.29539019810818395,0.003222503608810025,0.006436750431944477,0.037895407360113306,0.017875618991531193,0.004717196396709303,0.0019096046613968837,0.0018000698279189876,0.0072373577978171524,0.025246369308211822,0.0027908961240007556,0.040275275917216365,0.03415598854875813,0.010526021308375282,0.9955901961163249,0.0042483070935685026,0.004331890516157597,1.6493391310543213,0.0011869987120981906,5.3063189225115455,0.006761976304503201,1.540605009072412,0.06414449487032176,0.10323752848736807,0.042986872033291934,2.279365199141812,1.5377728800838377,0.0764430331415713,0.0,0.0030454418686243993,0.029537140758238333,0.01830631793486,0.00034749357124208227,0.0022462069050803763,0.015182511336323415,0.0,0.0,0.0,0.0,0.0,0.0,0.0,0.0,0.02912945801134733,0.0,0.0,0.0,0.026803336705652756,0.0,0.0,0.0,0.0,0.0,0.0,0.0,0.0,0.0008587947903160208,0.0,0.0,0.0,0.0,0.0,0.0,0.0,0.0,0.0,0.0,0.0,0.002205065279511103,0.0,0.08465727769289033
0.02407351816424812,0.0,0.019370800202219006,0.00046474883271195675,0.0,0.010947156583066891,0.5343855949368937,0.0687211934794475,0.011653570315674865,0.049548902847915084,0.02158841467768468,0.0004027710471794376,0.008089640951786874,0.09593730351146461,0.0007904094985486864,0.06673947286478947,0.2770744109351787,0.0076770055790467695,0.1363383478899681,0.0,0.6095762037571271,0.001872866663198343,0.18180192563548123,0.07551537529063644,0.0,0.0574146745105764,0.023627403005098527,0.5117904516555583,4.832857723590909,1.1743549591031417,0.0,0.0011869987120981906,3.119674478666818,2.3648688787024534,0.0,0.08460804328344217,0.014125235792578255,0.053608020453822104,0.05088599178655782,0.0015027415949537594,0.0017069605182761078,0.0,0.0369210557586809,0.003960490292094712,0.001788760665772444,0.004048177201401179,0.0018101216377428638,0.0,0.0,0.0,0.0,0.0,0.0,0.0,0.0,0.0,0.0,0.018592154777983563,0.0,0.0,0.0,0.002779878857830776,0.0,0.0,0.006171190643927715,0.0,0.0,0.0,0.0,0.006141672635919777,0.011542027613973138,0.0017981402450133537,0.06649099038376613,0.0,0.0,0.0009759449204233449,0.023517985052038688,0.0009911552070588925,0.0032064155378753486,0.0,0.0,0.0016328249790244834,0.0,0.0010941561576432387,0.04090176029302225
0.06533939625375178,0.01781632915836854,0.8791459513939367,0.042275049870928894,0.3318522050939272,0.40468647325536783,2.2658437679333208,0.4379330250018,0.2401895583658226,2.9467607063249925,5.842570967907005,0.8372576188703281,1.7954919474581297,0.6578181544162814,0.05033834103905668,0.30463294830188126,6.665003383134471,1.0882341768188357,3.727404546066746,0.030046335955194292,4.285842978327,0.04149276194222741,3.8569495840631145,0.6592805744102943,0.03782991329032799,2.956388158816935,3.788444675239479,2.1144179126965876,6.540502424978517,3.298421269322045,0.06201336081226536,5.3063189225115455,2.3648688787024534,11.99699175738846,0.031354064817541126,2.2770169854658873,0.7027052019541578,1.2248854173349288,0.5847759090417485,0.31293717508365515,0.2837940462561291,0.2716033098561313,0.10686894289315362,0.04230165789914177,0.0376318215542294,0.02662426196583158,0.01293617936872633,0.0007792325954109226,0.021739690901768464,0.0,0.06909165718957788,0.028519930197913722,0.0,0.0,0.0,0.0,0.0005335327788513965,0.26490078488345975,0.0,0.001991750866294958,0.0,0.06647256651923711,0.0,0.0,0.030172139178667092,0.006264058652062274,0.0014690223374479888,0.007022615772662465,0.0,0.009698650736018161,0.12365702948786321,0.004241421599458679,0.18367782959380669,0.022775198199025175,0.1274412039248871,0.4418449997514274,0.01727184447626873,0.0018922420604258335,0.0026754773134422803,0.0031626756657744167,0.00284769381195626,0.0,0.0015946116999496457,0.004814234318312028,0.5082696183280427
0.0,0.0,0.0108639257885897,0.0,0.0,3.394283054441374,0.04828897217857644,0.0363660995391789,0.004477258029130429,0.0805208519898433,0.0005594129288240661,4.228023652200707,0.06744440579399563,0.0030391143686080463,0.6118741587124684,0.011047190091431314,0.003478676636738318,0.0004935018223227606,0.001457961735880049,0.0,0.02960209401164389,0.0018643732380897373,0.045259115909294115,0.014011159941309142,0.0,0.00852515253354925,0.053743822373878085,0.04035122451878011,0.015866878615445886,0.010897985064701637,0.0,0.006761976304503201,0.0,0.031354064817541126,269.0120750547455,3.8653501221085285,0.19549888253986064,0.21461806180828272,1.4255897050426052,0.070187518962778,0.09610166571158936,0.008577733765506277,1.1448667185085826,0.0838608714513594,0.0832811777440258,0.8990952525631518,0.34972683541260297,0.05422815899420114,0.004567467684379909,0.0,0.0011961692488887414,0.0,0.0,0.0,0.28007078356949233,0.0,0.000770054377147311,0.0018302462210849249,0.0,0.0,0.41714926046021467,0.010663491265783713,0.0,0.04947827142145787,0.0,0.0,0.0,0.0,0.0,0.0,0.001754009587747958,0.001683433214455183,0.0,0.0,0.0,0.0,0.0,0.0,0.0012110663629624503,0.0,0.00046135274552144996,0.0,0.0033454873718424642,80.78714864379931,43.62359065927312
0.1184091412057735,0.04935020748257651,4.219013631914426,0.08533721304365509,0.03192707368773733,1.3717591508747216,5.656335421095155,1.4410111180605367,0.8875969348776158,4.2007046554389476,1.3962419284121184,0.7262476292188262,2.2069651859294623,1.0879125642345515,0.10372963057633665,2.0365133695730746,1.9115293338543762,1.253788642212879,1.7946647413569068,0.054983917226941674,2.4188554645051017,0.20500545389602193,8.841464751888223,2.4238913676912155,0.03453031294222112,12.182589256399364,24.316187682955363,5.941847958949625,1.4175157263640934,2.156212511849537,0.2534148255303914,1.540605009072412,0.08460804328344217,2.2770169854658873,3.8653501221085285,14.362768954487994,15.816725404775715,6.394538764583032,5.2136720739834645,3.6915519764376556,0.8519462771642231,0.6114853691196157,2.4489557236972246,0.3027618008337066,0.2759961546758467,0.26520160670043824,0.2704143216112192,0.018954315738756555,0.03300337731974435,0.004194359576301084,0.40216745295194645,0.2186879546435578,0.0036742480048651775,0.0002397709396261888,0.005265829512312932,0.06122528278941572,0.0032622987081330317,1.4351094668334552,0.01784988248979825,0.003191414575292023,0.018429231485161013,0.27373858989149724,0.0039042130356729396,0.008079681382217985,0.8215181749856845,0.018634408152067277,0.0027460081298112788,0.017308585744177766,0.013120066887782058,0.3262914356766358,1.0507068785783333,0.5763160567889721,2.8634480959618878,0.07385620411055492,0.3325139022653024,3.3744144742430877,1.183725330948701,0.03845850573768763,0.17623018080118558,0.0022091262599915613,0.010366916505539185,0.05220882469341478,0.08418849142474287,1.3202968763772729,8.443004756014274
0.02387483661304544,0.044483500943517926,1.727526407611973,0.0002434324991516886,0.001957673192194539,0.02943921804357897,0.5181290195169009,0.09758315124691144,0.022517503723159443,0.04034996517959986,1.8012253011303279,0.005343204849720537,1.2635833204986602,0.12696926546805204,0.002626755966945729,0.2927915106975184,0.6134019583051133,1.4842123149101765,1.3969852311753936,0.0,0.22547384764468129,0.06689293133122885,0.9171349003382018,0.06587605833331642,0.1662362600602264,8.918736127660484,6.972145485615082,0.39637223224197415,0.17924169316522393,0.3699742903619348,0.6351079857065446,0.06414449487032176,0.014125235792578255,0.7027052019541578,0.19549888253986064,15.816725404775715,3.7460505892881835,12.743485528329812,9.878892202346163,0.24452418356461517,0.06743288372519518,0.8602670275611483,0.36474669138463284,0.25707309272334317,0.11857641014727173,0.0860671431601895,0.028017865942381127,0.002649331738068261,0.11737325247879195,0.005768665935801115,0.22276108999913982,0.20217912792399248,0.0,0.0,0.0013633620953056953,0.00841357821421604,0.0016632700516577557,0.046537382880626685,0.0,0.09243281227540959,0.0016215102787079509,0.6624116563963641,0.005409906412654028,0.0022003135922364914,0.22789596798012451,0.05332042117414341,0.007985842176188205,0.053498048386516665,0.0,0.0693477075642503,0.26653331435261685,0.3639623462760925,0.22048048661535993,0.2252726761541529,0.6890041145449253,3.3293364455413395,0.20771319128433358,0.01207206787264018,0.04381819981584266,0.09256760803200613,0.008968838986133917,0.006748754565074695,0.04909098347054202,0.0613039275254482,2.299183435012547
0.01862089534582326,0.027997257222856706,1.6561216198643802,0.017497647885218764,0.0,0.1601222542911722,1.3930344816638622,0.185159064941517,0.11655479954910715,1.4054070053649277,3.109478746338649,0.2232879684633671,3.3616148558522427,0.22268099603040367,0.015506279528122379,0.3336047874452058,1.1211450367325873,1.817201846760033,1.543005393217044,0.01241266829958848,0.5967277562914247,0.06389256925895244,2.510139686998204,0.3071318992002813,0.03873462941287334,6.050285401165067,7.502738901175211,1.2301847817806804,0.5060545916954842,0.3763644726221679,0.3092997759811894,0.10323752848736807,0.053608020453822104,1.2248854173349288,0.21461806180828272,6.394538764583032,12.743485528329812,2.8904986249739757,5.016016917676386,0.10231963967105209,0.26896583271173097,1.3927734278342059,0.22623275163619994,0.13296184842449482,0.2606467059372858,0.1552875709841712,0.039700524604197714,0.01625103593586168,0.09890554377538693,0.0010139520669337492,0.17752946911699638,0.12117184355453185,0.0,0.0,0.003420544093369354,0.0022219205590796437,0.021341844539275446,0.14768526924822625,0.0,0.011269813761645157,0.0021968352147235136,0.22923371577326163,0.011417041254929575,0.0008015195994664925,0.104883691460457,0.021627103644885987,0.004253172125593367,0.023321167032460018,0.0,0.017401738592597735,0.21913655440724217,0.20651194387774274,0.14545062371105086,0.08196506934887995,0.2849097476315848,1.9377152012767815,0.013452006305223587,0.014672340185529648,0.00824148831138445,0.021719512751494096,0.11723320476921005,0.0,0.024283640635980635,0.06393030348632278,1.5609746452820408
0.017210669631517687,0.018430047692519207,2.4763283956985367,0.004153059909507926,0.0,0.05655172207211793,1.1592122022528932,0.19189338101244247,0.04659921944282441,0.27309375500844774,0.5011461449235162,0.02340351549007464,0.7591741406189352,0.1620781923621929,0.005974076316609956,0.4136207587854073,1.0305547058099191,0.49212059991083373,0.6803283531837081,0.0015560842157728003,1.0485894161969103,0.03820662213192969,4.151883791970076,0.20061326732066334,0.012878209184476507,3.0826266281801415,7.089780220427704,1.3041306561694064,0.2441953244648073,0.572526517163722,0.07259129109072579,0.042986872033291934,0.05088599178655782,0.5847759090417485,1.4255897050426052,5.2136720739834645,9.878892202346163,5.016016917676386,2.250445910082152,0.1762845068070029,0.5450820891902012,0.19326521320683598,0.27913218254496697,0.08381746038072338,0.12342440361668708,0.18427922972037458,0.0525257631326285,0.013726668623180734,0.03058508401621119,0.0,0.0750558904415683,0.07579023701400278,0.0,0.0003410888810259064,0.002057454432222512,0.0,0.0061151240257002375,0.07089015161151367,0.0,0.0012094888918986225,0.0015734456903363906,0.07660188231249317,0.0053559207226895,0.000534271138938753,0.2107331025804106,0.008891555763824922,0.0008890019406633217,0.004204459602621888,0.0030369043884686253,0.043496985205390845,0.18119490875635688,0.20443368255650615,0.22466315822807367,0.02146298349720784,0.1159949995585211,0.9622838346840463,0.06316190250323092,0.01144648833055689,0.013480483325007666,0.0015531758942998052,0.03789588752258048,0.0023932131531669994,0.013475261034084706,0.7828868101496721,8.017609009341509
0.0018507750908363773,0.0010543032673599238,0.024333508978158273,0.3350813181331528,3.8680330264677556,3.2285513490296958,0.3793982109765247,0.6052747770088392,0.5040436030570508,0.854762628813875,0.11819571823503874,1.3234165267669675,1.6946098975836679,0.20379085849849995,3.136789407575715,0.02637583117439516,0.0017381913539771708,0.007298707423458431,0.003159068220740447,0.15657627638904234,0.02619156285139661,0.017473343000428618,0.03539097686490933,0.5422336748685868,0.00040105487155305393,0.02202530268242455,0.03632386875582254,0.5743182498086359,0.23019443878315005,0.032416744238477894,0.0012699918033130934,2.279365199141812,0.0015027415949537594,0.31293717508365515,0.070187518962778,3.6915519764376556,0.24452418356461517,0.10231963967105209,0.1762845068070029,5.764778335225933,0.7963845070926237,0.06398939627640338,0.25256613991845694,0.010040640289316892,0.06553771855919875,0.022816876729837218,0.48672059344637614,0.013236442612763463,0.027467894889388143,0.0,0.0004996822322988242,0.0,0.21172674946333978,0.010042669543637826,0.06437666670542551,0.053527398638036135,0.0164467954766119,0.21722779156332866,1.1606850919538974,0.0,0.36686497216365516,0.41498911820303586,0.007756125033243499,0.07731321124919151,0.008382175726534364,0.0,0.0,0.0,0.1969571451203992,0.00028830304967014436,0.0234626624415804,0.01638792192922694,0.639425147819433,0.0009473901315911373,0.0,0.008347945768403682,0.9145851248559126,0.003286780830007423,0.0022885538804947726,0.0,0.001508216560971452,0.0009729091897514443,0.012082653849910944,0.06917573515197417,0.153833199421744
0.0011373173379136921,0.0,0.0063303088541414535,0.007867846974531653,0.233200735192307,0.15260777433618242,0.18223384975029752,0.05382839265455524,0.05906553253767665,0.3539743330572579,0.06768596329406963,0.09462886818826383,0.2977365359245848,0.04841346413861419,0.01973787984017193,0.004219636785393876,0.001460232072685654,0.0021354058018874487,0.00533620751273709,0.006908622540251265,0.003894211632582719,0.0007965380937817798,0.005604945428101601,0.10448434816503371,0.00037146389737323653,0.010352626853619729,0.018398198427835747,0.15535999718446392,0.08938099470591655,0.011408259344355876,0.00043559499849232477,1.5377728800838377,0.0017069605182761078,0.2837940462561291,0.09610166571158936,0.8519462771642231,0.06743288372519518,0.26896583271173097,0.5450820891902012,0.7963845070926237,0.2420928953050213,0.044604056062563534,0.006599311741215433,0.0028589724359451103,0.01232259090334776,0.007097616220750201,0.004397623024498945,0.001022735416805866,0.0043974491822815825,0.0,0.0,0.0,0.0,0.0,0.0,0.0,0.0005332110643663473,0.060456522920393066,0.0,0.0,0.0016398546376441207,0.011905945379263651,0.0,0.0,0.0,0.0,0.0,0.0,0.0,0.0,0.002932877405848321,0.0,0.0024348203291956277,0.0,0.0,0.0,0.0,0.0002691742418082112,0.0,0.0,0.00408303081379325,0.0,0.00033532774493621337,0.03581953550891546,0.17235406308961482
0.0,0.1274060906129983,0.0025871844595027247,0.0,0.0,0.006305042611876838,0.009214451865940224,0.022124969873697636,0.06613259897683352,0.006589960150070913,0.8141685663044138,0.010107506292094445,3.216097982377159,0.027915193730683893,0.0030294506061527434,0.0035774258841575505,0.0006484175627639315,0.09829623022968298,0.014778046813756744,0.0004636502725514736,0.00296990157411886,0.14414044901135922,0.002776346475338102,0.005842372016565597,0.19784162977605044,0.2582278059381811,0.09841551751455833,0.00978945974954602,0.060415514351704454,0.0034182871170077454,0.12635545488138109,0.0764430331415713,0.0,0.2716033098561313,0.008577733765506277,0.6114853691196157,0.8602670275611483,1.3927734278342059,0.19326521320683598,0.06398939627640338,0.044604056062563534,1.3254831634068163,0.019762315403871456,0.06584010185851329,0.08464191405839523,0.030592547654592298,0.015471172708720912,0.004028927867941458,0.27260914650152485,0.0,0.07445212571979272,0.00034727035483123373,0.0,0.0,0.00029693846469638826,0.0,0.008117414467536554,0.004162662235823241,0.0,0.05387442897421191,0.0,0.4411591337089617,0.008271271697860114,0.00041924150215630123,0.0,0.0,0.0026851800308221032,0.002068664908560279,0.00035170771184745103,0.0,0.01062989206453929,0.00024125454340202104,0.0002046521677900823,0.13636385441684556,0.01133869902187742,0.10933317404955865,0.0,0.012711481982386204,0.0,0.014361787037292637,0.04078218266098015,0.0,0.03552168221363027,0.0035313783317149445,0.04140973623212996
0.0033589923401679436,0.022307678231881595,0.28241126240880043,0.015770363816239107,0.0014476274480975106,0.005447012933825255,0.17077463464252174,0.0022122677165188403,0.7709435787593427,0.04312079042799182,0.004229147043544219,0.03493805944064521,0.11368379241945735,0.004022253841186934,0.03486998433333104,2.032271164275629,0.019084482633424493,0.0,0.014842608687504994,0.0030865350117394237,0.3829478308981401,0.22497352373560206,0.8080713519538809,1.8069317570216332,0.1296335145329502,0.9093375333039695,4.010730418147664,0.8122373967443635,0.09870025066610968,0.153492047555768,0.0009972960050394237,0.0,0.0369210557586809,0.10686894289315362,1.1448667185085826,2.4489557236972246,0.36474669138463284,0.22623275163619994,0.27913218254496697,0.25256613991845694,0.006599311741215433,0.019762315403871456,12.264607541366622,14.634514901742664,5.034033604574117,5.060458735380081,5.252963244064352,0.6695773645736072,0.6651311042294787,0.227977034335741,0.34658275590476467,2.972636549619557,0.05446002760667585,0.034008615404731796,0.4235468046692674,3.4341917715589285,1.6291621865678043,0.6844568832398249,2.565772558567999,0.9823397523371071,0.5701837114638563,1.4406649292602431,1.7519253751311494,0.16833297029291328,1.7275844955996726,0.914913944828706,1.049744200359772,1.8129659660996542,0.08576456319326195,5.000152371913356,0.4483215452670502,15.195946362834086,2.7835179555713268,0.06115267559734758,5.706907148565084,16.580553563693478,8.875381996045688,1.503045686043218,1.4519828105670762,0.24726084839489254,1.123862816903819,0.13486282122217758,1.5012655068344265,3.800809909645004,6.056745120781579
0.0028542235021109465,0.022672090192798845,0.2254716193447765,0.0,0.0,0.0,0.015555380333130621,0.0012008337960309986,0.004099915411244739,0.0009711298101511458,0.08384912452347039,0.0013415385453400437,0.4627173588051269,0.0007976772671888668,0.0,0.20433341948004405,0.05248395816257945,0.00848169958245864,0.058751335617765174,0.0,0.028923101776811042,0.04031653048077764,0.18839904684273076,0.02498057012732157,0.20914864760262358,1.2000878909379638,2.953769683916004,0.037009395452397176,0.008857352557871328,0.016315874029749412,0.10368180949535498,0.0030454418686243993,0.003960490292094712,0.04230165789914177,0.0838608714513594,0.3027618008337066,0.25707309272334317,0.13296184842449482,0.08381746038072338,0.010040640289316892,0.0028589724359451103,0.06584010185851329,14.634514901742664,2.6754134884267415,8.475133746655246,10.730290973334142,0.25537057802578333,0.034122939441110445,0.5293830562681571,0.013580839314440053,0.19946867714527589,0.9962138151775215,0.0,0.00044104042760339976,0.004612803081353057,0.24230390476004685,0.04804271663638292,0.030339925062965085,0.001477891388154049,1.1110431158413778,0.002349954976698955,1.473131553058039,0.14064189837000396,0.006741760748114528,0.31131116113069196,0.5596600659991199,0.9328252600010529,1.257758446251959,0.001033528778204887,0.6815545079622801,0.1325891884544933,3.768755012725402,0.13042741874191988,0.18042440034313767,4.550425768576516,5.748856543855934,0.493210314675167,0.08774405270764093,0.25026316342302896,0.8286423992190041,0.05291585026865057,0.012130978325513807,0.44702746616332056,0.28313236339951536,2.965220383711946
0.0,0.016983079724698025,0.1348843733392359,0.003579503245463585,0.0,0.003251532130200181,0.000713553341110959,0.009359642454719711,0.16056086241396486,0.0,0.022175339639283212,0.0028917171319778365,0.23700918865368334,0.0011649616609860055,0.009756101427407134,0.14108580456590977,0.01357814177196227,0.004591268361032566,0.02661844924966715,0.0,0.02258808594751315,0.027962237621810382,0.056887490821217565,0.25636684505761215,0.1339830476718435,0.5948102457046331,1.7646255267217357,0.013798947655210418,0.00972922334300673,0.001758228108826768,0.01863158041566105,0.029537140758238333,0.001788760665772444,0.0376318215542294,0.0832811777440258,0.2759961546758467,0.11857641014727173,0.2606467059372858,0.12342440361668708,0.06553771855919875,0.01232259090334776,0.08464191405839523,5.034033604574117,8.475133746655246,4.093695515086599,4.633722336269169,0.33110586334591646,0.13975311141671917,2.4064842379091544,0.09673436006556728,0.18274841895900296,0.7506697860257183,0.025529143120927262,0.0015267994679755159,0.2661258605636859,1.490559930279585,0.39317253461381,0.1892883176975293,1.753163550194794,3.7540294502412697,0.38508273706009766,3.1008665102277857,0.7359079961345024,0.05297060867412976,0.2060856289122324,0.5086706509217592,3.060435261827845,1.9410848205203597,0.06258703650003086,2.14776043035326,0.1320829287223013,4.999936894078175,0.5782995782788386,0.19123469217813566,3.6767262779420857,5.655513988113764,2.7170268894053713,1.3471467655475131,0.6666405152047543,0.6780333541718433,0.33588752174157965,0.11344898898364533,1.8431166305861313,0.40635310614955167,1.864213427670854
0.0,0.00422771343974379,0.10516986001493211,0.0,0.0,0.006601819812572421,0.002834181521982316,0.0020705897511678764,0.0648894116346779,0.0,0.005455593749378962,0.0048049201019926616,0.05870633826818508,0.0020814603027667234,0.0022124552007820575,0.13933366784958082,0.006105719055357886,0.001687662968319454,0.00866862173706789,0.0,0.020537782825915493,0.0263305828549762,0.05644066463300612,0.0941365639873796,0.0662980048716892,0.25937508032689166,1.091520030748486,0.010858107549899776,0.0085601204137199,0.007545619551686923,0.0017241052532717207,0.01830631793486,0.004048177201401179,0.02662426196583158,0.8990952525631518,0.26520160670043824,0.0860671431601895,0.1552875709841712,0.18427922972037458,0.022816876729837218,0.007097616220750201,0.030592547654592298,5.060458735380081,10.730290973334142,4.633722336269169,2.6839416197917405,0.201439679304631,0.19716196953466264,0.4731786074451139,0.09339874551427478,0.06497127676962693,0.4846909336656878,0.003937297719022778,0.0016826820571275648,0.03259106990366399,0.7716050753050345,0.15922312655761786,0.05269455690128646,0.22447623134881098,0.5974657281436794,0.039056526876556266,0.626628118444835,0.3734367710585799,0.00833931673635304,0.45721245728901394,0.28367851876289557,0.984875058568065,1.0045763965457364,0.0036813465933632976,2.811189839565628,0.07299112307489523,7.034410890686984,0.32893750369603403,0.0237242724349193,1.8982577879422347,4.192081472212071,2.0725138397238974,0.46575558670671147,0.6189050902507531,0.20256819531708684,0.12186208836518077,0.06919257754043483,0.57927078800134,1.4060158582882014,6.190745418398033
0.0,0.0008793154623243224,0.0068810373692149845,0.3715525935905573,0.011313479134408508,0.04900042192247439,0.10313943659256654,0.0037587883888108155,0.7041972184605172,0.6786627175981718,0.00034711265778740474,0.3575782781555295,0.43599159884479244,0.0006071316944621106,0.13601611034510094,0.12730931877386814,0.0,0.0,0.0,0.11239280223786306,0.011820173440855019,0.023495671076782364,0.01103611666133403,1.4033385570394867,0.0033918749585358284,0.0002578828518681932,0.019089605049553038,0.8148067599986152,0.0028004770955080516,0.009881754087750026,0.0,0.00034749357124208227,0.0018101216377428638,0.01293617936872633,0.34972683541260297,0.2704143216112192,0.028017865942381127,0.039700524604197714,0.0525257631326285,0.48672059344637614,0.004397623024498945,0.015471172708720912,5.252963244064352,0.25537057802578333,0.33110586334591646,0.201439679304631,6.894266960219705,0.5657216696350031,0.22211793264968316,0.009355543082518458,0.02469844439000698,0.006310778059618688,0.543126405749841,4.357855023785887,3.104767497701838,0.7452127807000601,1.1742193362662243,0.661054183722444,2.3020495194912995,0.2384838205002618,1.4035138754138252,2.093382518726219,0.6120496580785838,3.3417706521907835,0.01589011073793512,0.004178353952134365,0.06260051895585209,0.012021574405613586,0.31023654657795424,0.06428096753472913,0.07344551837703094,0.08503228157600662,1.8566393498102634,0.015309895863774311,0.019698530141130446,0.0418433204525125,2.8447015022110604,0.4623919429138879,0.043248401488497706,0.005194569691296266,1.7940910634163283,0.010629458585403347,0.23369436706775745,0.23522058612300203,0.21202784607680455
0.0,0.0,0.0013248885065967034,0.0,0.0,0.0011109938840289243,0.0,0.0007208234251442467,0.011830523185450975,0.0,0.00031979117560759687,0.0009584092907514256,0.016034270022466036,0.0,0.0007715555966841908,0.0,0.0,0.0,0.0,0.0,0.0,0.0,0.0,0.0009036264015545072,0.0,0.0002538767524621136,0.0010047509294073128,0.0,0.0003220107927885853,0.0,0.0,0.0022462069050803763,0.0,0.0007792325954109226,0.05422815899420114,0.018954315738756555,0.002649331738068261,0.01625103593586168,0.013726668623180734,0.013236442612763463,0.001022735416805866,0.004028927867941458,0.6695773645736072,0.034122939441110445,0.13975311141671917,0.19716196953466264,0.5657216696350031,0.3258894078706425,0.03286571030360937,0.0030541402060226927,0.0,0.0034708387807690618,0.0018992563248102395,0.5783474968566417,0.19672152289587844,0.12307065507355337,0.07900039583852216,0.028196253761388824,0.19691667430175872,0.04219839325970089,0.05469258335898783,0.1808366241547535,0.06071428474603789,0.030125354689791023,0.0006649256115896341,0.0007948427254042343,0.018538454773110034,0.0012022753472618088,0.008389369590329755,0.0030734731126578207,0.0002723683891731473,0.018081232438573062,0.06601809879848941,0.0019612475646540377,0.006832086720578395,0.010135566947878094,0.17249605829511025,0.1068800026968492,0.004419231195972297,0.0007173047785647124,3.864129221394961,0.0006525952985061057,0.0987209999518983,0.11806119247205223,0.1777048844093058
0.0,0.0642238871810802,0.003161317108870742,0.0,0.0,0.0018882169059602938,0.0,0.0026837628537970753,0.0031245304561279227,0.0009205495471722686,0.12513184321795662,0.0014832406815176718,0.7033241548411738,0.0022893658325359146,0.00039824783288380214,0.0024249588822318055,0.0,0.0035763533095912927,0.00038290794681262785,0.0,0.0,0.0448905914347553,0.00033310631298765696,0.006589198198005158,0.15157976545513735,0.038218654306862006,0.06666501520429421,0.005030369897224268,0.008541598207562123,0.0,0.043075529592934425,0.015182511336323415,0.0,0.021739690901768464,0.004567467684379909,0.03300337731974435,0.11737325247879195,0.09890554377538693,0.03058508401621119,0.027467894889388143,0.0043974491822815825,0.27260914650152485,0.6651311042294787,0.5293830562681571,2.4064842379091544,0.4731786074451139,0.22211793264968316,0.03286571030360937,1.1660692420744643,0.000852015475753463,0.37917509164009633,0.0025633139455878006,0.0,0.0008918239668095551,0.005691224766135481,0.014705558207362066,0.03320473616937974,0.07226771424739353,0.0028268239849257187,0.7053602232388612,0.011706527767722182,2.9926322595112445,0.023737875134736096,0.008567386226791611,0.003610132438782251,0.00048741042982481075,0.07314847102628003,0.009032149796667792,0.00666777797787411,0.003993730169360702,0.15333794850766602,0.010853610587155709,0.02698904587587752,0.5015922415595212,0.11464908016427196,0.20717077484276816,0.018115751085547957,0.04994287036375545,0.004063030323005912,0.13766364176244814,0.11534796045252554,0.0008863172110703243,0.21001020027643894,0.01688020105190082,0.1065722741404644
0.0,0.0,0.0,0.0,0.0,0.0,0.0,0.0,0.02376779340850459,0.0,0.0,0.0,0.0014756651689738043,0.0,0.0,0.00214883148364367,0.0,0.0,0.0,0.0,0.0,0.003895896018487573,0.0,0.009609150999067782,0.0,0.0,0.0,0.0,0.0,0.0,0.0,0.0,0.0,0.0,0.0,0.004194359576301084,0.005768665935801115,0.0010139520669337492,0.0,0.0,0.0,0.0,0.227977034335741,0.013580839314440053,0.09673436006556728,0.09339874551427478,0.009355543082518458,0.0030541402060226927,0.000852015475753463,5.859780885067052,0.0,0.06324632136032768,0.0017384830935082511,0.0,0.014433419746110846,4.9060500978027255,0.23825890915908327,0.0342044940004923,0.10063480070009188,0.005904979948846942,0.01469162781684285,0.0034536121309201224,5.937994395654355,0.001717335982508982,0.0009587761866910979,0.16544878942130808,0.0018510091645635397,0.011196389548701939,0.00047432726980247845,0.030943106368256524,0.007370055886484029,0.08976895006889492,0.14358716392682952,0.0,0.012913574968080958,0.037449032423244114,0.4295830971943214,4.735175058610095,1.02199021782951,0.0,0.0008804522264710164,0.07300265576634382,0.1370360103753165,0.0009886566475870854,0.03204477003159345
0.0,0.1946188843963956,0.02281265545531793,0.0,0.0,0.0,0.00528441229416057,0.0,0.0317755582585146,0.0,0.07902504701538245,0.0,1.0224430061549632,0.0,0.0002757003337168583,0.09803633293888064,0.0635604117565119,0.014348039672340456,0.11556376887265006,0.0,0.000992768003512101,0.1626931270409266,0.014923372102094521,0.05527483002188617,1.1920015944307154,0.6253481077791184,5.799076495106518,0.0011364667594835377,0.002513363782424129,0.006893970701401087,0.14285245424443632,0.0,0.0,0.06909165718957788,0.0011961692488887414,0.40216745295194645,0.22276108999913982,0.17752946911699638,0.0750558904415683,0.0004996822322988242,0.0,0.07445212571979272,0.34658275590476467,0.19946867714527589,0.18274841895900296,0.06497127676962693,0.02469844439000698,0.0,0.37917509164009633,0.0,2.052074583460908,0.06726216503570684,0.0,0.0,0.0,0.007771211289902533,0.002001256587526382,0.9696195083283702,0.0,0.08471902578516917,0.0024799626255128204,0.6827528011150016,0.009089538801603993,0.011860502426022998,0.19406216958889744,0.0879771552838389,0.0155969380098094,0.05820785957096396,0.0,0.005312890894044069,3.139035488057207,0.04921463602235684,0.9031458986619595,1.857886054437923,0.4073898993347866,9.431133789155032,0.03360051031762306,0.014163790592135924,0.007846947438504464,0.03224315274064028,0.0035352988241543733,0.0010938394181244536,0.11786469356996314,0.0,0.024650055458866327
0.0,0.009953876580432388,0.22791401197938352,0.0,0.0,0.0,0.0,0.0,0.0,0.0,0.0,0.0,0.002673718834958108,0.0,0.0,0.0028208582807263943,0.04119421509284034,0.0,0.021823935791491545,0.0,0.0,0.02457300302492943,0.0003209978395947524,0.0,0.005615221252208253,1.3806277845127781,2.809328335365551,0.0,0.0,0.0,0.0,0.0,0.0,0.028519930197913722,0.0,0.2186879546435578,0.20217912792399248,0.12117184355453185,0.07579023701400278,0.0,0.0,0.00034727035483123373,2.972636549619557,0.9962138151775215,0.7506697860257183,0.4846909336656878,0.006310778059618688,0.0034708387807690618,0.0025633139455878006,0.06324632136032768,0.06726216503570684,22.505664729280383,0.0,0.0,0.0018511407039231115,6.553500616801089,0.23718007611655553,0.0017993957669239099,0.032989495442968524,0.04477133764485677,0.0,0.014682618528408525,1.407483637869693,0.0,0.011444931541585518,4.556507943478879,0.10572259671112008,1.1541966874797789,0.0,1.3278277251133253,0.05056325471127294,16.011369803724595,0.02564247311837055,0.016028369368297272,10.729821927663727,20.23604106649177,1.8354039017142703,0.07432266663140963,1.2459222130880867,0.010972972997150979,0.0013445716790169797,0.036083792763154904,0.6103010183254913,0.004912905468147645,0.13413721004907578
0.0,0.0,0.0,0.1511107778885904,0.00046569848806458583,0.005203221220206949,0.009021956262883584,0.0,0.337251264046335,0.0019914272744641524,0.0,0.0814818461510378,0.005605924370048091,0.0,0.05663570349200823,0.003449668640995135,0.0,0.0,0.0,0.03303886531855777,0.0,0.0030458409923329447,0.0,0.21751228095717773,0.0,0.0,0.0,0.02909691090595585,0.0,0.0,0.0,0.0,0.0,0.0,0.0,0.0036742480048651775,0.0,0.0,0.0,0.21172674946333978,0.0,0.0,0.05446002760667585,0.0,0.025529143120927262,0.003937297719022778,0.543126405749841,0.0018992563248102395,0.0,0.0017384830935082511,0.0,0.0,24.19453514361101,0.027445596683836167,0.10968267242269314,0.02237954900378672,0.04410305355556999,0.3461286274986184,6.470612420731698,0.0013471939555743612,6.988536142586766,0.01902936161861167,0.04210008933434045,0.21899104382487797,0.0,0.0,0.0,0.0,12.447339697254769,0.0,0.0028299926316774195,0.0,1.9965965549782752,0.0,0.0,0.0,8.844252993930285,0.021290137790617912,0.0,0.0,0.0005631684964384909,0.0012082990927342093,0.030156705440952485,0.0,0.004753191779503431
0.0,0.0,0.0,0.0010257811912775857,0.0,0.0,0.0,0.0,0.012402501220734908,0.0,0.0,0.004078778547424407,0.0015415676083955188,0.0,0.0015753808270565705,0.0,0.0,0.0,0.0,0.002302183848758764,0.0,0.0,0.0,0.0030996618044061243,0.0,0.0,0.0,0.0,0.0,0.0,0.0,0.0,0.0,0.0,0.0,0.0002397709396261888,0.0,0.0,0.0003410888810259064,0.010042669543637826,0.0,0.0,0.034008615404731796,0.00044104042760339976,0.0015267994679755159,0.0016826820571275648,4.357855023785887,0.5783474968566417,0.0008918239668095551,0.0,0.0,0.0,0.027445596683836167,1.8530746962758933,1.0644390139854372,0.005799429625298918,0.027548851498500927,0.0794695021471885,0.04018073048500083,0.0,0.061179495577896634,0.011091707184676858,0.009066768568749838,1.0861873536157376,0.0,0.0,0.0,0.0,0.010928748973223157,0.0,0.008224513444891012,0.0,0.19896729977926786,0.0,0.0,0.0006462789686970268,0.07371436624227856,0.0034221676689161363,0.0,0.0,0.9804106916464849,0.0,0.04619627815167367,0.0,0.001821530737262023
0.0,0.0,0.0,0.013087593124031616,0.0,0.006972325371868902,0.0,0.0,0.07354363452088149,0.0013509431402132048,0.0,0.025681264917185823,0.013897301502323505,0.0,0.021322875290158565,0.0023623677991286333,0.0,0.0,0.0,0.00869597669858044,0.0,0.0,0.0,0.02745743732256732,0.0,0.0,0.0,0.0042140119446063455,0.0,0.0,0.0,0.0,0.0,0.0,0.28007078356949233,0.005265829512312932,0.0013633620953056953,0.003420544093369354,0.002057454432222512,0.06437666670542551,0.0,0.00029693846469638826,0.4235468046692674,0.004612803081353057,0.2661258605636859,0.03259106990366399,3.104767497701838,0.19672152289587844,0.005691224766135481,0.014433419746110846,0.0,0.0018511407039231115,0.10968267242269314,1.0644390139854372,34.324882711375096,1.0738478071356254,10.979609254524874,0.09592713042510471,17.467534496277153,0.0481538449609418,5.521363625474142,0.06923062443974187,0.9649390553115846,2.811674712371545,0.0,0.0,0.0009536211203908796,0.0,0.15124928073034705,0.0022291726831718244,0.0037607979310012754,0.00048613033032934817,0.21417926961173842,0.0009652500727430704,0.0,0.0005185894820719965,0.6775960612862003,0.4283342382341798,0.004413701395813862,0.0,1.3024933328665607,0.009113639133929012,0.3249225553112035,2.907875766472918,0.14106446393185182
0.0,0.0,0.0,0.036104304423903534,0.0,0.0035571578246657853,0.04084401445159071,0.0,0.2902517716464665,0.0016082169811168939,0.0,0.004648383758468832,0.022318980760739807,0.0,0.011531671642847083,0.03837101832765726,0.0,0.0,0.0,0.00028399989158666133,0.0,0.03718759951054401,0.0007235761146537503,0.7257002760775636,0.0,0.0,0.0004299945631996768,0.27041997922733496,0.002133524920459734,0.0019149506224717821,0.0,0.0,0.0,0.0,0.0,0.06122528278941572,0.00841357821421604,0.0022219205590796437,0.0,0.053527398638036135,0.0,0.0,3.4341917715589285,0.24230390476004685,1.490559930279585,0.7716050753050345,0.7452127807000601,0.12307065507355337,0.014705558207362066,4.9060500978027255,0.007771211289902533,6.553500616801089,0.02237954900378672,0.005799429625298918,1.0738478071356254,57.80580699373738,5.758594713909155,0.3214077980445291,14.68309792770335,0.005165493344522871,0.08974777348356697,0.1679537405044912,19.218184424929944,0.051519121074614434,0.008606899082824183,1.9400624916271303,0.0,0.18093888320958287,0.01734306512333718,2.2464736522426523,0.03501162617542067,7.795478093907221,0.9732939291898457,0.0,0.5266816098029131,0.7195988032184889,27.100780479471666,5.395690558351566,12.517608103333567,0.0,0.013974116796201863,0.5692766120978052,1.7071112871944294,0.07278359381215,0.9476112793546914
0.0,0.000582597210285563,0.0,0.0021076359156728982,0.0,0.0,0.0,0.0,0.06121214052429109,0.0,0.0004698643495948307,0.00032768873117202004,0.009161171307043072,0.0,0.0,0.0,0.0,0.0,0.0,0.0,0.0,0.005255607427228603,0.0,0.02266896306667753,0.0,0.0,0.0,0.0029878165527906534,0.0,0.0,0.0,0.0,0.0,0.0005335327788513965,0.000770054377147311,0.0032622987081330317,0.0016632700516577557,0.021341844539275446,0.0061151240257002375,0.0164467954766119,0.0005332110643663473,0.008117414467536554,1.6291621865678043,0.04804271663638292,0.39317253461381,0.15922312655761786,1.1742193362662243,0.07900039583852216,0.03320473616937974,0.23825890915908327,0.002001256587526382,0.23718007611655553,0.04410305355556999,0.027548851498500927,10.979609254524874,5.758594713909155,32.11175361904407,0.15332832554619172,5.979744697316591,0.2862914395363966,1.509126802857866,0.16839951714691156,15.394475959574644,0.5543163307679324,0.0018653402588906466,0.018270467545736673,0.02621713492893008,0.0037699691405073833,0.09862518929815255,0.11269124689706232,0.006461094631483715,0.2121630456035401,0.42408711216318395,0.005102765606292927,0.012569099887218872,0.012499587437057343,1.295472787509025,1.045751056814026,0.20434922685649898,0.005136177385852325,1.5618686209374046,0.06179557939561482,0.3814398416211618,0.009637439595915781,0.11447319526956531
0.01052776472115975,0.0018869737275981067,0.0015232740942403454,0.3638531319211802,0.005588160987046403,0.12359791438865703,0.2756678170714016,0.2503170767726035,1.1116866180279614,1.505891494311672,0.0009011637619649047,0.18365167097087942,0.07543426913528939,0.12376030590764847,0.05517643235439404,0.4884429688663312,0.000499326443988233,0.0,0.0,0.08519097594412604,0.04656159076921919,0.21641716826058072,0.03187550080947699,3.064765970132442,0.015586011200415952,0.0011079197303471406,0.011456966141422784,2.6394536141570755,0.21054592574820435,0.04590018796565884,0.0,0.02912945801134733,0.018592154777983563,0.26490078488345975,0.0018302462210849249,1.4351094668334552,0.046537382880626685,0.14768526924822625,0.07089015161151367,0.21722779156332866,0.060456522920393066,0.004162662235823241,0.6844568832398249,0.030339925062965085,0.1892883176975293,0.05269455690128646,0.661054183722444,0.028196253761388824,0.07226771424739353,0.0342044940004923,0.9696195083283702,0.0017993957669239099,0.3461286274986184,0.0794695021471885,0.09592713042510471,0.3214077980445291,0.15332832554619172,4.074292650413297,1.076286485910984,0.007838686600890979,0.3964228919636121,0.1581078675317571,0.21259779643786686,0.357484398868168,0.02300236922307213,0.0014823868177324387,0.00022678169382549376,0.0015583086827636677,0.16450154057562985,0.0009308655621227433,2.706369210151747,0.003871485861533975,10.576693377770212,0.6191745953747554,0.0038836233399188688,1.1607399848086197,1.9637040672785764,0.30854996613413377,0.06618640661619743,0.0,0.01712148133058434,0.03760529910169409,0.13289265341785655,0.013500956155988198,0.33780746280277296
0.0,0.0,0.0,0.038058695264771535,0.0,0.0019269665427187263,0.0010129246581775623,0.0,1.5313380780551928,0.0,0.0,0.34850743688853264,0.007505917521779953,0.0,0.24161740337684315,0.0,0.0,0.0,0.0,0.014648146533475785,0.0,0.013177231675056368,0.0,0.5606500739288954,0.0,0.0,0.0,0.008955084080509596,0.0,0.0,0.0,0.0,0.0,0.0,0.0,0.01784988248979825,0.0,0.0,0.0,1.1606850919538974,0.0,0.0,2.565772558567999,0.001477891388154049,1.753163550194794,0.22447623134881098,2.3020495194912995,0.19691667430175872,0.0028268239849257187,0.10063480070009188,0.0,0.032989495442968524,6.470612420731698,0.04018073048500083,17.467534496277153,14.68309792770335,5.979744697316591,1.076286485910984,124.25599107213907,0.03479203041360477,10.823764956999774,0.1114957649288121,4.564188349744611,0.6805441331151086,0.0,0.0,0.0,0.0,4.328363211024754,0.01765447175989024,0.0010955835349135635,0.01971351283088173,1.3075852295013537,0.0,0.0,0.0017854892343403936,18.240660923227395,2.109940963991464,0.013379405809021631,0.0,0.11474001697811254,0.04619709604864304,2.426755104173628,0.028296543511804925,0.32823156654329183
0.0,0.016313186593649602,0.0011915979119634583,0.0,0.0,0.0,0.0,0.0,0.0,0.0,0.08876483047522167,0.0,0.48613205714326746,0.0,0.0,0.0,0.0,0.004132141334065819,0.002606232369406955,0.0,0.0,0.006127141479112862,0.0,0.0,0.10322449881605526,0.17211217272049326,0.1046321061180067,0.0,0.0,0.0,0.1272215339140463,0.0,0.0,0.001991750866294958,0.0,0.003191414575292023,0.09243281227540959,0.011269813761645157,0.0012094888918986225,0.0,0.0,0.05387442897421191,0.9823397523371071,1.1110431158413778,3.7540294502412697,0.5974657281436794,0.2384838205002618,0.04219839325970089,0.7053602232388612,0.005904979948846942,0.08471902578516917,0.04477133764485677,0.0013471939555743612,0.0,0.0481538449609418,0.005165493344522871,0.2862914395363966,0.007838686600890979,0.03479203041360477,21.228811935365414,0.06799465557025554,5.045585885656137,0.6571535775529529,0.025979054335781536,0.000352725952898508,0.2174871986165746,6.018953344424982,0.9067524802263963,0.012333733013010769,0.041877196358877405,0.0353996543481251,0.10661027089899525,0.005350303844976894,0.20996816285969547,2.363313308003325,0.38309730896916583,0.004873199699193715,2.4468398777261395,0.03775876518702861,0.9880123578383117,0.8586764495262972,0.025092153833383618,7.887607489482702,0.00622504452857536,0.1138554445878361
0.0,0.0,0.0,1.2836596209170374,0.0048891981268683535,0.015508922408549468,0.007308525003109626,0.00028886390671590515,0.40383676168962,0.454034543708332,0.0,0.34487013809890865,0.037803935440153064,0.0,0.10779782147252398,0.0067084872507149,0.0,0.0,0.0,0.1378977246103794,0.00036348376988447524,0.0007461495078049831,0.0015046578643490472,0.18023447302730342,0.0,0.0,0.0,0.25615072501373587,0.0006241102061352348,0.000542177017402713,0.0,0.0,0.0,0.0,0.41714926046021467,0.018429231485161013,0.0016215102787079509,0.0021968352147235136,0.0015734456903363906,0.36686497216365516,0.0016398546376441207,0.0,0.5701837114638563,0.002349954976698955,0.38508273706009766,0.039056526876556266,1.4035138754138252,0.05469258335898783,0.011706527767722182,0.01469162781684285,0.0024799626255128204,0.0,6.988536142586766,0.061179495577896634,5.521363625474142,0.08974777348356697,1.509126802857866,0.3964228919636121,10.823764956999774,0.06799465557025554,59.05119148837931,0.14075012206520313,1.5192630593079086,1.6541713242342633,0.0003192368579828995,0.0,0.0,0.0,13.707148530311011,0.0,0.00784931832282006,0.0,1.0452573139248618,0.0,0.0,0.000537337658081116,3.2449823746924134,0.6833414465544797,0.0,0.0,0.0975412565866691,0.0016880634374591297,0.712889023837618,2.529404251739538,0.2792293076379913
0.0,0.20294310727283926,0.15463448968778148,0.0077072416874524475,0.0005537558289785687,0.006298834370249848,0.05250037853935831,0.0019396977942783694,0.04174007101957231,0.04426740619687595,0.8983756699853337,0.025341878866986894,6.048776993302597,0.0058001409203182475,0.025444898074758717,0.0538077308843684,0.005859699479881848,0.07517467681930592,0.01851342395000371,0.004486472261143536,0.020484676907107698,0.10154880259716838,0.04148498824454952,0.1032429304872138,1.1988699805233003,1.7074093284902507,1.547855911215884,0.22074005109969225,0.015376793249515092,0.007322990984729613,1.5888490493269065,0.026803336705652756,0.002779878857830776,0.06647256651923711,0.010663491265783713,0.27373858989149724,0.6624116563963641,0.22923371577326163,0.07660188231249317,0.41498911820303586,0.011905945379263651,0.4411591337089617,1.4406649292602431,1.473131553058039,3.1008665102277857,0.626628118444835,2.093382518726219,0.1808366241547535,2.9926322595112445,0.0034536121309201224,0.6827528011150016,0.014682618528408525,0.01902936161861167,0.011091707184676858,0.06923062443974187,0.1679537405044912,0.16839951714691156,0.1581078675317571,0.1114957649288121,5.045585885656137,0.14075012206520313,18.877377772034926,0.22229353647444045,0.10473824569345536,0.02257734738896578,0.004975024993285035,0.30305678681187936,0.03506857121937376,0.038793086189499615,0.018879804777286572,0.2504711307956963,0.09567402789003394,0.29861138089474026,4.364716648336117,0.6995468011298327,4.38409635056775,0.44826547875833417,0.5627126871508206,0.058776574873184446,1.8739983066967454,0.6451680978730157,0.019523629476227215,1.8587968909423123,0.05164214329194585,0.2089483022537412
0.0,0.0,0.0,0.0008975886698561928,0.0,0.0,0.0,0.0,0.06625302834500245,0.0,0.0,0.0,0.0073898578166681625,0.0,0.0,0.002054519765330687,0.0,0.0,0.0,0.00036601371231957035,0.0,0.02538142543702038,0.0,0.01851237712636342,0.0005343218272742716,0.0,0.0,0.0,0.0,0.0,0.0,0.0,0.0,0.0,0.0,0.0039042130356729396,0.005409906412654028,0.011417041254929575,0.0053559207226895,0.007756125033243499,0.0,0.008271271697860114,1.7519253751311494,0.14064189837000396,0.7359079961345024,0.3734367710585799,0.6120496580785838,0.06071428474603789,0.023737875134736096,5.937994395654355,0.009089538801603993,1.407483637869693,0.04210008933434045,0.009066768568749838,0.9649390553115846,19.218184424929944,15.394475959574644,0.21259779643786686,4.564188349744611,0.6571535775529529,1.5192630593079086,0.22229353647444045,32.38010190525107,0.1868798723084261,0.004588749307202879,0.4080711834020338,0.0731475097626732,0.009893794569937327,0.1118628427519973,0.18942486166978623,0.016677759286652986,0.9795818603270371,0.6796588630562184,0.006017557255796964,0.05405161984449679,0.120064787997727,2.155427447263882,10.796598345816998,1.4943245141755568,0.008615947623429402,0.6671640081887987,0.11378496497607248,0.8106206682373956,0.013488186543996857,0.16427795456233504
0.0,0.0,0.0,0.05930061640201113,0.001750656335329872,0.006493165939236894,0.0069170898389647175,0.0,0.074864320995753,0.022146409475166325,0.0,0.06759213671319025,0.028257821456384627,0.0,0.02675752893719735,0.005903003228918201,0.0,0.0,0.0,0.021541241046321668,0.0017225570375126536,0.004764579148745424,0.0013952669607127425,0.051365296431884346,0.0,0.0,0.0,0.07484848215811273,0.0010533227609586385,0.0010226145783171238,0.0,0.0,0.0,0.0,0.04947827142145787,0.008079681382217985,0.0022003135922364914,0.0008015195994664925,0.000534271138938753,0.07731321124919151,0.0,0.00041924150215630123,0.16833297029291328,0.006741760748114528,0.05297060867412976,0.00833931673635304,3.3417706521907835,0.030125354689791023,0.008567386226791611,0.001717335982508982,0.011860502426022998,0.0,0.21899104382487797,1.0861873536157376,2.811674712371545,0.051519121074614434,0.5543163307679324,0.357484398868168,0.6805441331151086,0.025979054335781536,1.6541713242342633,0.10473824569345536,0.1868798723084261,2.240563712893869,0.000784355308785878,0.0,0.0,0.0008209219366056413,0.10885535904680342,0.0,0.04266732844830094,0.0005484518578705002,1.0941587736619767,0.00033466588668857206,0.0,0.006116093925097953,0.4515044781037107,0.11110649371854595,0.0002751749272168633,0.0,0.3619743119442643,0.0008895792244844835,0.04728173226416073,0.411251574343825,0.04926104216348417
0.0,0.02701188032960121,0.31741713620907813,0.0,0.0,0.0,0.007779651867727969,0.0,0.1528297534040852,0.0,0.0,0.0,0.0005079279103453189,0.0,0.002284775753442135,2.2744672385818343,0.026978787135617258,0.0,0.0015345843202161514,0.00028913002047736673,0.10611200329365975,0.7822765217452486,1.221385848499454,0.1954636062743599,0.0038017184991073236,0.06923276276785167,8.412849414152168,0.048568352548029985,0.005935741635842636,0.027021613991896985,0.0,0.0,0.006171190643927715,0.030172139178667092,0.0,0.8215181749856845,0.22789596798012451,0.104883691460457,0.2107331025804106,0.008382175726534364,0.0,0.0,1.7275844955996726,0.31131116113069196,0.2060856289122324,0.45721245728901394,0.01589011073793512,0.0006649256115896341,0.003610132438782251,0.0009587761866910979,0.19406216958889744,0.011444931541585518,0.0,0.0,0.0,0.008606899082824183,0.0018653402588906466,0.02300236922307213,0.0,0.000352725952898508,0.0003192368579828995,0.02257734738896578,0.004588749307202879,0.000784355308785878,18.52471556253432,0.03053729336387509,0.0003486186645559713,0.0015917544109922237,0.0,4.551862501740239,5.591104709002574,5.66597751317629,2.8470743962722205,0.021883380693413907,0.004233273261789835,5.3933859986435735,2.4380525398084214,0.018663294198558823,0.10531552344453039,0.0,0.0003440550873264988,0.007826588890947095,0.15121532832214213,0.01257504268779994,0.37678925798893154
0.0,0.008032601555564808,0.005029408571038831,0.0,0.0,0.0,0.0,0.0,0.0,0.0,0.0,0.0,0.0,0.0,0.0,0.00060682661013158,0.0024841810370797935,0.0,0.00839302800530112,0.0,0.0,0.003350810679611859,0.0,0.0,0.012766941592151346,0.3635980796999597,0.8753283440885039,0.0,0.0,0.0,0.0,0.0,0.0,0.006264058652062274,0.0,0.018634408152067277,0.05332042117414341,0.021627103644885987,0.008891555763824922,0.0,0.0,0.0,0.914913944828706,0.5596600659991199,0.5086706509217592,0.28367851876289557,0.004178353952134365,0.0007948427254042343,0.00048741042982481075,0.16544878942130808,0.0879771552838389,4.556507943478879,0.0,0.0,0.0,1.9400624916271303,0.018270467545736673,0.0014823868177324387,0.0,0.2174871986165746,0.0,0.004975024993285035,0.4080711834020338,0.0,0.03053729336387509,7.312869637220937,0.4063077409966483,5.7747135827792695,0.0,1.0242759657977456,0.050682908610486556,10.751831609530973,0.01713855663507591,0.0021408097103681385,4.298167632980895,6.119005540295854,0.3153017049436729,0.4745066517229996,3.1281747778177236,0.004469315104376809,0.0020168303283010446,0.0597429188596572,3.4669315508700396,0.0007362318656247523,0.040358204990940824
0.0,0.002933328735413546,0.0,0.0,0.0,0.0,0.0,0.0,0.0,0.0,0.005210924157594263,0.0,0.03066843982627144,0.0,0.0,0.0,0.0002417985825586829,0.0025860796415230415,0.00662237355715521,0.0,0.0,0.0,0.0,0.0,0.014084345230715271,0.10344821172227897,0.1153358473483465,0.0,0.0,0.0,0.016573127955143464,0.0,0.0,0.0014690223374479888,0.0,0.0027460081298112788,0.007985842176188205,0.004253172125593367,0.0008890019406633217,0.0,0.0,0.0026851800308221032,1.049744200359772,0.9328252600010529,3.060435261827845,0.984875058568065,0.06260051895585209,0.018538454773110034,0.07314847102628003,0.0018510091645635397,0.0155969380098094,0.10572259671112008,0.0,0.0,0.0009536211203908796,0.0,0.02621713492893008,0.00022678169382549376,0.0,6.018953344424982,0.0,0.30305678681187936,0.0731475097626732,0.0,0.0003486186645559713,0.4063077409966483,6.150076100465629,4.4048295799183,0.0,0.04002505368423313,0.003636013605650543,0.14583829532886172,0.0,0.009221706602671928,2.7049891184808152,0.45065354964244164,0.0,0.2857816421964327,0.023550004466826188,0.19752138983658324,0.05766426698792443,0.014134502136580776,1.7880833306863608,0.0,0.058697062130695365
0.0,0.004118948662207498,0.0,0.0,0.0,0.0,0.0,0.0,0.0,0.0,0.0,0.0,0.009682429749003685,0.0,0.0,0.0,0.0019349878779469176,0.0009698775892402152,0.032619267730844496,0.0,0.0,0.0,0.0,0.0,0.03943704317873807,0.38112800601110275,0.6295130042754175,0.0,0.0,0.0,0.000715338321459444,0.0,0.0,0.007022615772662465,0.0,0.017308585744177766,0.053498048386516665,0.023321167032460018,0.004204459602621888,0.0,0.0,0.002068664908560279,1.8129659660996542,1.257758446251959,1.9410848205203597,1.0045763965457364,0.012021574405613586,0.0012022753472618088,0.009032149796667792,0.011196389548701939,0.05820785957096396,1.1541966874797789,0.0,0.0,0.0,0.18093888320958287,0.0037699691405073833,0.0015583086827636677,0.0,0.9067524802263963,0.0,0.03506857121937376,0.009893794569937327,0.0008209219366056413,0.0015917544109922237,5.7747135827792695,4.4048295799183,12.82984420290165,0.0,0.175173776627475,0.014265308048456255,1.344517466653158,0.0011979838600111297,0.009857628223522638,5.806100157139605,2.775228112809386,0.012267044278606608,0.13718840806317908,0.6524514974347911,0.02823284690671744,0.010515721485532021,0.021362209360296577,3.32128964699651,0.0022501964212655796,0.04877773374978921
0.0,0.0,0.0,0.3055208622893873,0.004360478878189808,0.005716508014023807,0.016983543835858986,0.0,0.20273132647901865,0.03792862057906948,0.0,0.10263183770271038,0.016264088401280855,0.0,0.04804796400551633,0.0006056296770532838,0.0,0.0,0.0,0.0739236701756153,0.003288038933268397,0.0018101654111881645,0.0,0.19024714188169403,0.0,0.0,0.0,0.29923536847890786,0.0,0.0,0.0,0.0,0.0,0.0,0.0,0.013120066887782058,0.0,0.0,0.0030369043884686253,0.1969571451203992,0.0,0.00035170771184745103,0.08576456319326195,0.001033528778204887,0.06258703650003086,0.0036813465933632976,0.31023654657795424,0.008389369590329755,0.00666777797787411,0.00047432726980247845,0.0,0.0,12.447339697254769,0.010928748973223157,0.15124928073034705,0.01734306512333718,0.09862518929815255,0.16450154057562985,4.328363211024754,0.012333733013010769,13.707148530311011,0.038793086189499615,0.1118628427519973,0.10885535904680342,0.0,0.0,0.0,0.0,5.767968487114123,0.0,0.0,0.0,0.7252282333967469,0.0,0.0,0.0008595337448962009,2.68324998687164,0.07507651414856953,0.0,0.0,0.006627456689823739,0.000842947395107764,0.08628639826197229,0.0011612956740534213,0.00271618724335407
0.0,0.004254932481423301,0.002865643255567295,0.0,0.0,0.0,0.0,0.0,0.03185814196319746,0.0,0.0,0.0,0.00038603907793822464,0.0,0.0,0.3897625584908371,0.0,0.0,0.0,0.0,0.010230031482135906,0.18320062429037604,0.08686585329608179,0.03936799853185079,0.0,0.0,0.29297705785280403,0.002925054130597797,0.0,0.00476928732853205,0.0,0.0,0.006141672635919777,0.009698650736018161,0.0,0.3262914356766358,0.0693477075642503,0.017401738592597735,0.043496985205390845,0.00028830304967014436,0.0,0.0,5.000152371913356,0.6815545079622801,2.14776043035326,2.811189839565628,0.06428096753472913,0.0030734731126578207,0.003993730169360702,0.030943106368256524,0.005312890894044069,1.3278277251133253,0.0,0.0,0.0022291726831718244,2.2464736522426523,0.11269124689706232,0.0009308655621227433,0.01765447175989024,0.041877196358877405,0.0,0.018879804777286572,0.18942486166978623,0.0,4.551862501740239,1.0242759657977456,0.04002505368423313,0.175173776627475,0.0,45.930513456389114,0.1513585856202583,38.501035565264935,0.29370328887854247,0.0,0.11134530832259745,1.7340525767421116,11.100407337139938,0.3158238537012156,15.619784263527244,0.0,0.006810172776414377,0.2013754782567378,4.496239570372065,0.03773170762837352,1.313479783047321
0.005868252995699281,0.12463255821637594,0.170221363528574,0.010168507153827179,0.003303329100966031,0.007395630029097857,0.10115800720116937,0.020291586482691592,0.3250701621691323,0.022780172461284123,0.011176112696974161,0.0020587062463751954,0.12139007809987082,0.02260096150438353,0.01739547163698217,1.6506201022640012,0.20027939293859165,0.0006776078644249491,0.07591881055839061,0.0,0.11648408235923803,0.9036753654853634,0.5632150771414848,0.6918299947568447,0.08739150697993536,0.43184810973783566,4.269338462681656,0.3349439905567761,0.09703567100933927,0.07867444174354334,0.002642839766918802,0.0008587947903160208,0.011542027613973138,0.12365702948786321,0.001754009587747958,1.0507068785783333,0.26653331435261685,0.21913655440724217,0.18119490875635688,0.0234626624415804,0.002932877405848321,0.01062989206453929,0.4483215452670502,0.1325891884544933,0.1320829287223013,0.07299112307489523,0.07344551837703094,0.0002723683891731473,0.15333794850766602,0.007370055886484029,3.139035488057207,0.05056325471127294,0.0028299926316774195,0.008224513444891012,0.0037607979310012754,0.03501162617542067,0.006461094631483715,2.706369210151747,0.0010955835349135635,0.0353996543481251,0.00784931832282006,0.2504711307956963,0.016677759286652986,0.04266732844830094,5.591104709002574,0.050682908610486556,0.003636013605650543,0.014265308048456255,0.0,0.1513585856202583,7.924082817065773,0.3325895062800523,6.362672948593572,0.7036106168247914,0.07001572485141529,6.317199044836235,0.5559424253216059,0.047771256288064716,0.05755710460321726,0.010138678335584135,0.0007537255366189354,0.01377947494889436,0.07286815429934,0.0030707309049954764,0.1522595144324016
0.0,0.010448673927774947,1.299202790743033,0.0,0.0,0.0,0.0,0.0,0.03554801483522018,0.0,0.0,0.001097909832267355,0.0010140252834183819,0.0,0.0014348361840517431,0.3992029897981812,0.011169624793407199,0.0,0.00046735433831388625,0.0,0.0058846802404345965,0.18339910731226466,0.07376413786986072,0.0190652950020621,0.0023273508732999985,0.35188700279492596,9.232825060046826,0.001675486409853661,0.0007926083084808388,0.0019399755162944478,0.0,0.0,0.0017981402450133537,0.004241421599458679,0.001683433214455183,0.5763160567889721,0.3639623462760925,0.20651194387774274,0.20443368255650615,0.01638792192922694,0.0,0.00024125454340202104,15.195946362834086,3.768755012725402,4.999936894078175,7.034410890686984,0.08503228157600662,0.018081232438573062,0.010853610587155709,0.08976895006889492,0.04921463602235684,16.011369803724595,0.0,0.0,0.00048613033032934817,7.795478093907221,0.2121630456035401,0.003871485861533975,0.01971351283088173,0.10661027089899525,0.0,0.09567402789003394,0.9795818603270371,0.0005484518578705002,5.66597751317629,10.751831609530973,0.14583829532886172,1.344517466653158,0.0,38.501035565264935,0.3325895062800523,63.68185401862847,0.22202141602006442,0.013333728359651005,2.719629594648853,17.80396847170797,4.8809720596382435,0.4562555931164013,5.045174300673997,0.001052455990421306,0.011203251935814356,0.14778095246148412,5.178902679259599,0.10896384981008173,3.1876962863826614
0.00788850472406952,0.010878547808931379,0.00384472482964168,1.7818718635134316,0.004704995776928683,0.053588173686363386,1.0922960963398216,0.006088830797082202,2.2056247305969805,3.9397570792960943,0.00039142186627911217,0.36490447437960843,0.10084224715624478,0.014625814394899232,0.15268178823907344,3.170537483856419,0.0009237761100406572,0.0,0.00031817478090834976,0.32047536926352543,0.317443826167789,0.6837334478791681,0.5394163000654928,11.348521779717563,0.001219617579031364,0.005535118428657968,0.29216189982137325,10.015998611138025,0.13092655457273536,0.1741986629488207,0.0,0.0,0.06649099038376613,0.18367782959380669,0.0,2.8634480959618878,0.22048048661535993,0.14545062371105086,0.22466315822807367,0.639425147819433,0.0024348203291956277,0.0002046521677900823,2.7835179555713268,0.13042741874191988,0.5782995782788386,0.32893750369603403,1.8566393498102634,0.06601809879848941,0.02698904587587752,0.14358716392682952,0.9031458986619595,0.02564247311837055,1.9965965549782752,0.19896729977926786,0.21417926961173842,0.9732939291898457,0.42408711216318395,10.576693377770212,1.3075852295013537,0.005350303844976894,1.0452573139248618,0.29861138089474026,0.6796588630562184,1.0941587736619767,2.8470743962722205,0.01713855663507591,0.0,0.0011979838600111297,0.7252282333967469,0.29370328887854247,6.362672948593572,0.22202141602006442,27.645224397699206,0.24006794176419533,0.0021227780859464614,2.8231964902927276,11.13033493302528,1.2062932752759623,0.6201179610089481,0.0,0.01761682522021123,0.21079310079870653,0.605442105790733,0.03355456082520734,0.5831151924306399
0.0,0.07293255586340486,0.006362910167891766,0.0,0.0,0.0,0.0,0.0,0.01220039503104164,0.0,0.17008951223235658,0.0,1.640286187838594,0.0,0.0,0.0011322214705831043,0.000770485978937504,0.014527707684710855,0.028292751867862828,0.0,0.0,0.060303572056957445,0.0,0.0007242034140948574,0.7979612148902406,0.6170282495438275,1.3274236904090693,0.0,0.0011720785223161842,0.0,0.34378880429102804,0.0,0.0,0.022775198199025175,0.0,0.07385620411055492,0.2252726761541529,0.08196506934887995,0.02146298349720784,0.0009473901315911373,0.0,0.13636385441684556,0.06115267559734758,0.18042440034313767,0.19123469217813566,0.0237242724349193,0.015309895863774311,0.0019612475646540377,0.5015922415595212,0.0,1.857886054437923,0.016028369368297272,0.0,0.0,0.0009652500727430704,0.0,0.005102765606292927,0.6191745953747554,0.0,0.20996816285969547,0.0,4.364716648336117,0.006017557255796964,0.00033466588668857206,0.021883380693413907,0.0021408097103681385,0.009221706602671928,0.009857628223522638,0.0,0.0,0.7036106168247914,0.013333728359651005,0.24006794176419533,4.117003259441057,0.15504658801447774,4.386223144562234,0.0015368372133507339,0.032591756668032004,0.0,0.06507649937118325,0.019958348114074275,0.0,0.20859557107556342,0.0,0.0019629995662953426
0.0,0.042390182777372665,0.004375866793023336,0.0,0.0,0.0,0.0,0.0,0.0,0.0,0.06898241666133693,0.0,0.5104579454274272,0.0,0.0,0.0,0.07201944385950762,0.053076159967639876,0.5627319507364618,0.0,0.0,0.010117220805463468,0.0006187494453179339,0.0,0.6386413877231198,6.815704025226711,9.635593742271215,0.0,0.0,0.0,0.3427926787641364,0.0,0.0,0.1274412039248871,0.0,0.3325139022653024,0.6890041145449253,0.2849097476315848,0.1159949995585211,0.0,0.0,0.01133869902187742,5.706907148565084,4.550425768576516,3.6767262779420857,1.8982577879422347,0.019698530141130446,0.006832086720578395,0.11464908016427196,0.012913574968080958,0.4073898993347866,10.729821927663727,0.0,0.0,0.0,0.5266816098029131,0.012569099887218872,0.0038836233399188688,0.0,2.363313308003325,0.0,0.6995468011298327,0.05405161984449679,0.0,0.004233273261789835,4.298167632980895,2.7049891184808152,5.806100157139605,0.0,0.11134530832259745,0.07001572485141529,2.719629594648853,0.0021227780859464614,0.15504658801447774,76.57863728417466,16.417740838401002,0.03437117448796226,0.14123406719635725,0.4912111465096424,1.8106722670871442,0.025163484352112648,0.00984490091438912,0.9323378295618524,0.0024385252397636278,0.16744572388955895
0.0,0.4437767303406135,3.0239702067365926,0.0,0.0,0.0,0.0,0.0,0.011974399209795795,0.0,0.2107085570355385,0.0,2.547466899550209,0.0,0.0,0.2374003256953214,0.48338464120751545,0.11772131313360994,0.9665926089412374,0.0,0.007800812855441347,0.5136082677982767,0.09268424711730834,0.011662560314381511,3.6000683309982198,16.94272229006028,55.27560317294513,0.0003858022194815211,0.0019605684661145035,0.0008641132169864425,1.0744782376609296,0.0,0.0009759449204233449,0.4418449997514274,0.0,3.3744144742430877,3.3293364455413395,1.9377152012767815,0.9622838346840463,0.008347945768403682,0.0,0.10933317404955865,16.580553563693478,5.748856543855934,5.655513988113764,4.192081472212071,0.0418433204525125,0.010135566947878094,0.20717077484276816,0.037449032423244114,9.431133789155032,20.23604106649177,0.0,0.0006462789686970268,0.0005185894820719965,0.7195988032184889,0.012499587437057343,1.1607399848086197,0.0017854892343403936,0.38309730896916583,0.000537337658081116,4.38409635056775,0.120064787997727,0.006116093925097953,5.3933859986435735,6.119005540295854,0.45065354964244164,2.775228112809386,0.0008595337448962009,1.7340525767421116,6.317199044836235,17.80396847170797,2.8231964902927276,4.386223144562234,16.417740838401002,103.84390337739947,4.349313758556889,0.1296835834225885,0.745433138992791,2.0147710473834874,0.021850993475302973,0.031578080461413145,2.416977768933141,0.02514032001744989,0.7818951093859391
0.0,0.009583238574392567,0.0,0.19991325141031493,0.0,0.010171388519743974,0.10440312808608793,0.0,2.0262225909524836,0.005216501438955871,0.0,0.23755260046397034,0.11149637516005131,0.0,0.2411295453877892,1.1542579207569155,0.0,0.0,0.0,0.04424091204532798,0.06104774478225554,0.537685615090805,0.08909029068746495,5.105400266229705,0.0,0.0,0.1181671123041793,1.3463920730839625,0.026716350656452136,0.023275835390178384,0.0,0.0,0.023517985052038688,0.01727184447626873,0.0,1.183725330948701,0.20771319128433358,0.013452006305223587,0.06316190250323092,0.9145851248559126,0.0,0.0,8.875381996045688,0.493210314675167,2.7170268894053713,2.0725138397238974,2.8447015022110604,0.17249605829511025,0.018115751085547957,0.4295830971943214,0.03360051031762306,1.8354039017142703,8.844252993930285,0.07371436624227856,0.6775960612862003,27.100780479471666,1.295472787509025,1.9637040672785764,18.240660923227395,0.004873199699193715,3.2449823746924134,0.44826547875833417,2.155427447263882,0.4515044781037107,2.4380525398084214,0.3153017049436729,0.0,0.012267044278606608,2.68324998687164,11.100407337139938,0.5559424253216059,4.8809720596382435,11.13033493302528,0.0015368372133507339,0.03437117448796226,4.349313758556889,63.69407285922335,4.091591755842985,8.601768483423685,0.0,0.0033911790890408344,1.06283201053626,3.2778649743963526,0.09744531437791919,2.1076568728590828
0.0,0.0008435570318541833,0.0,0.0,0.0,0.0,0.001323445281399255,0.0,0.1274707602933267,0.0,0.0016305508249491731,0.0016667387295509744,0.021738482172700982,0.0,0.0,0.05045263916806381,0.0,0.0,0.0,0.0012952928546970369,0.008329706384384615,0.038438075084408524,0.009407539270958522,0.045441443792070726,0.00028753749935836616,0.0,0.0012128340717299424,0.0034567511156088165,0.002873588135889415,0.0025495677070430838,0.0,0.0,0.0009911552070588925,0.0018922420604258335,0.0,0.03845850573768763,0.01207206787264018,0.014672340185529648,0.01144648833055689,0.003286780830007423,0.0002691742418082112,0.012711481982386204,1.503045686043218,0.08774405270764093,1.3471467655475131,0.46575558670671147,0.4623919429138879,0.1068800026968492,0.04994287036375545,4.735175058610095,0.014163790592135924,0.07432266663140963,0.021290137790617912,0.0034221676689161363,0.4283342382341798,5.395690558351566,1.045751056814026,0.30854996613413377,2.109940963991464,2.4468398777261395,0.6833414465544797,0.5627126871508206,10.796598345816998,0.11110649371854595,0.018663294198558823,0.4745066517229996,0.2857816421964327,0.13718840806317908,0.07507651414856953,0.3158238537012156,0.047771256288064716,0.4562555931164013,1.2062932752759623,0.032591756668032004,0.14123406719635725,0.1296835834225885,4.091591755842985,49.62280064932996,5.757329767003232,0.04335405494090621,0.8943514395493721,6.738867945376108,4.92882198869737,0.02735678332014014,0.3026155564125295
0.0,0.0007351294881945557,0.0005717476536701335,0.0,0.0,0.0,0.0013429252467855755,0.0,0.06527304720941826,0.0,0.0,0.0,0.014506730755104742,0.0,0.0007649684910383448,0.22237016415889913,0.0,0.0,0.0,0.0,0.019434130458926027,0.06352756727955214,0.05564564008666503,0.07182227161607296,0.0,0.0,0.020155957732137145,0.011468122393757163,0.003410593941818382,0.010179852095054964,0.0,0.0,0.0032064155378753486,0.0026754773134422803,0.0012110663629624503,0.17623018080118558,0.04381819981584266,0.00824148831138445,0.013480483325007666,0.0022885538804947726,0.0,0.0,1.4519828105670762,0.25026316342302896,0.6666405152047543,0.6189050902507531,0.043248401488497706,0.004419231195972297,0.004063030323005912,1.02199021782951,0.007846947438504464,1.2459222130880867,0.0,0.0,0.004413701395813862,12.517608103333567,0.20434922685649898,0.06618640661619743,0.013379405809021631,0.03775876518702861,0.0,0.058776574873184446,1.4943245141755568,0.0002751749272168633,0.10531552344453039,3.1281747778177236,0.023550004466826188,0.6524514974347911,0.0,15.619784263527244,0.05755710460321726,5.045174300673997,0.6201179610089481,0.0,0.4912111465096424,0.745433138992791,8.601768483423685,5.757329767003232,33.92090376403889,0.0,0.004089804918721322,1.4517893888850044,4.478820300686716,0.01322431921447174,0.3841353431894598
0.0,0.007513233913675303,0.0,0.0,0.0,0.0,0.0,0.0,0.0,0.0,0.10742292422264663,0.0,0.817161582698197,0.0,0.0,0.0,0.0,0.024244004219307978,0.02548020558242192,0.0,0.0,0.0,0.0,0.0,0.28804359671579455,1.1403913322713994,0.7456334407559653,0.0,0.0,0.0,0.47774903238711286,0.0,0.0,0.0031626756657744167,0.0,0.0022091262599915613,0.09256760803200613,0.021719512751494096,0.0015531758942998052,0.0,0.0,0.014361787037292637,0.24726084839489254,0.8286423992190041,0.6780333541718433,0.20256819531708684,0.005194569691296266,0.0007173047785647124,0.13766364176244814,0.0,0.03224315274064028,0.010972972997150979,0.0,0.0,0.0,0.0,0.005136177385852325,0.0,0.0,0.9880123578383117,0.0,1.8739983066967454,0.008615947623429402,0.0,0.0,0.004469315104376809,0.19752138983658324,0.02823284690671744,0.0,0.0,0.010138678335584135,0.001052455990421306,0.0,0.06507649937118325,1.8106722670871442,2.0147710473834874,0.0,0.04335405494090621,0.0,1.580895683574046,0.020886990335613597,0.0,0.07561581821682227,0.0,0.0070369603369454066
0.0,0.0,0.0,0.0,0.0,0.0,0.0,0.0,0.0024627428123313606,0.0,0.0026958809016533578,0.0,0.032884556789958094,0.0,0.00022861609530110529,0.0,0.0,0.0,0.0,0.0,0.0,0.0,0.0,0.0,0.0006586628800020044,0.0,0.0,0.0,0.0,0.0,0.0,0.0,0.0,0.00284769381195626,0.00046135274552144996,0.010366916505539185,0.008968838986133917,0.11723320476921005,0.03789588752258048,0.001508216560971452,0.00408303081379325,0.04078218266098015,1.123862816903819,0.05291585026865057,0.33588752174157965,0.12186208836518077,1.7940910634163283,3.864129221394961,0.11534796045252554,0.0008804522264710164,0.0035352988241543733,0.0013445716790169797,0.0005631684964384909,0.9804106916464849,1.3024933328665607,0.013974116796201863,1.5618686209374046,0.01712148133058434,0.11474001697811254,0.8586764495262972,0.0975412565866691,0.6451680978730157,0.6671640081887987,0.3619743119442643,0.0003440550873264988,0.0020168303283010446,0.05766426698792443,0.010515721485532021,0.006627456689823739,0.006810172776414377,0.0007537255366189354,0.011203251935814356,0.01761682522021123,0.019958348114074275,0.025163484352112648,0.021850993475302973,0.0033911790890408344,0.8943514395493721,0.004089804918721322,0.020886990335613597,2.7220975199993123,0.0020202312027232405,3.657795581903847,0.015298741441852037,0.14579242829885866
0.0,0.0,0.0,0.0,0.0,0.0,0.001130225226258444,0.0,0.02301910047266414,0.0,0.0,0.0,0.004691043061639478,0.0,0.0,0.06594286178919108,0.0,0.0,0.0,0.0,0.014541890093253813,0.008676014755959364,0.020442127835422232,0.05075639114630468,0.0,0.0,0.0017570663446923695,0.008791734286019466,0.0018366891465764102,0.0021021552863288266,0.0,0.0,0.0016328249790244834,0.0,0.0,0.05220882469341478,0.006748754565074695,0.0,0.0023932131531669994,0.0009729091897514443,0.0,0.0,0.13486282122217758,0.012130978325513807,0.11344898898364533,0.06919257754043483,0.010629458585403347,0.0006525952985061057,0.0008863172110703243,0.07300265576634382,0.0010938394181244536,0.036083792763154904,0.0012082990927342093,0.0,0.009113639133929012,0.5692766120978052,0.06179557939561482,0.03760529910169409,0.04619709604864304,0.025092153833383618,0.0016880634374591297,0.019523629476227215,0.11378496497607248,0.0008895792244844835,0.007826588890947095,0.0597429188596572,0.014134502136580776,0.021362209360296577,0.000842947395107764,0.2013754782567378,0.01377947494889436,0.14778095246148412,0.21079310079870653,0.0,0.00984490091438912,0.031578080461413145,1.06283201053626,6.738867945376108,1.4517893888850044,0.0,0.0020202312027232405,1.6696220429636826,2.0813724522780226,0.00646194100153047,0.1082974410953415
0.0,0.0121380005686177,0.00526396810834748,0.0006054860601026533,0.0,0.0,0.0,0.0007969971673982572,0.07600292731926568,0.0,0.01503741397340545,0.0006805780757298301,0.12966208164968648,0.0,0.0,0.06626431881191414,0.002020278777793705,0.0,0.004388729849899872,0.0,0.005938702898466044,0.027188031040823225,0.0069828102697150176,0.060732757812670415,0.049992007761361486,0.16652520841621246,0.43090141183055963,0.0007691891084865869,0.0018844930654892096,0.002558071833022519,0.013145837056582304,0.002205065279511103,0.0,0.0015946116999496457,0.0033454873718424642,0.08418849142474287,0.04909098347054202,0.024283640635980635,0.013475261034084706,0.012082653849910944,0.00033532774493621337,0.03552168221363027,1.5012655068344265,0.44702746616332056,1.8431166305861313,0.57927078800134,0.23369436706775745,0.0987209999518983,0.21001020027643894,0.1370360103753165,0.11786469356996314,0.6103010183254913,0.030156705440952485,0.04619627815167367,0.3249225553112035,1.7071112871944294,0.3814398416211618,0.13289265341785655,2.426755104173628,7.887607489482702,0.712889023837618,1.8587968909423123,0.8106206682373956,0.04728173226416073,0.15121532832214213,3.4669315508700396,1.7880833306863608,3.32128964699651,0.08628639826197229,4.496239570372065,0.07286815429934,5.178902679259599,0.605442105790733,0.20859557107556342,0.9323378295618524,2.416977768933141,3.2778649743963526,4.92882198869737,4.478820300686716,0.07561581821682227,3.657795581903847,2.0813724522780226,9.768832444767927,0.053009259937970475,0.5435589447110423
0.0,0.0,0.001600326747200934,0.0,0.0,0.2010566347183361,0.0003329206434920061,0.0025039959209496713,0.0012798110099973168,0.001750658901035743,0.0,0.44889926693217436,0.018734188265687818,0.0008130654636242617,0.035035012866044185,0.0,0.0,0.0,0.0,0.0,0.0,0.00047901825623085386,0.0007657245920431333,0.0,0.0,0.0008144273841057592,0.0006372750932763159,0.0,0.0012844433293706956,0.0,0.0,0.0,0.0010941561576432387,0.004814234318312028,80.78714864379931,1.3202968763772729,0.0613039275254482,0.06393030348632278,0.7828868101496721,0.06917573515197417,0.03581953550891546,0.0035313783317149445,3.800809909645004,0.28313236339951536,0.40635310614955167,1.4060158582882014,0.23522058612300203,0.11806119247205223,0.01688020105190082,0.0009886566475870854,0.0,0.004912905468147645,0.0,0.0,2.907875766472918,0.07278359381215,0.009637439595915781,0.013500956155988198,0.028296543511804925,0.00622504452857536,2.529404251739538,0.05164214329194585,0.013488186543996857,0.411251574343825,0.01257504268779994,0.0007362318656247523,0.0,0.0022501964212655796,0.0011612956740534213,0.03773170762837352,0.0030707309049954764,0.10896384981008173,0.03355456082520734,0.0,0.0024385252397636278,0.02514032001744989,0.09744531437791919,0.02735678332014014,0.01322431921447174,0.0,0.015298741441852037,0.00646194100153047,0.053009259937970475,238.6004545779633,44.95028747663553
0.015895364161508625,0.0021617604822900247,0.6932828596867227,0.004565588398696088,0.0,0.106140517688269,1.079230588186155,0.07902384587392071,0.25509712188683253,0.336264115298507,0.059341046091134685,0.21517780635459097,0.1838071075809016,0.06915424378269582,0.02940100625073621,0.2576259797636373,0.14268407627657487,0.02869452393242978,0.04523308535263699,0.002223093243108548,0.7110637608274737,0.06755559011039193,1.688357003475552,0.3231645700370509,0.0006448058154792605,0.32124725034503077,1.87057072992536,0.9526752460282555,0.26894658478628036,0.40243754319768443,0.0031345088460880376,0.08465727769289033,0.04090176029302225,0.5082696183280427,43.62359065927312,8.443004756014274,2.299183435012547,1.5609746452820408,8.017609009341509,0.153833199421744,0.17235406308961482,0.04140973623212996,6.056745120781579,2.965220383711946,1.864213427670854,6.190745418398033,0.21202784607680455,0.1777048844093058,0.1065722741404644,0.03204477003159345,0.024650055458866327,0.13413721004907578,0.004753191779503431,0.001821530737262023,0.14106446393185182,0.9476112793546914,0.11447319526956531,0.33780746280277296,0.32823156654329183,0.1138554445878361,0.2792293076379913,0.2089483022537412,0.16427795456233504,0.04926104216348417,0.37678925798893154,0.040358204990940824,0.058697062130695365,0.04877773374978921,0.00271618724335407,1.313479783047321,0.1522595144324016,3.1876962863826614,0.5831151924306399,0.0019629995662953426,0.16744572388955895,0.7818951093859391,2.1076568728590828,0.3026155564125295,0.3841353431894598,0.0070369603369454066,0.14579242829885866,0.1082974410953415,0.5435589447110423,44.95028747663553,6.240096090648836
