4.351879025032287,0.0,0.0936702516708854,0.000417488388055035,0.0,0.006601595195407633,3.3753390009606035,0.7014299498458378,0.0,0.006404039006963805,0.012676627437383766,0.0003290001901901606,0.00026548245106941873,6.092233726371404,0.0,0.0009282814596085433,0.13913046779747293,0.0013804515799962097,0.0018741580785301614,0.0,0.03321942066769158,0.0,0.30780181016600333,0.004180048113448807,0.0,0.03696814612619125,0.005093792776870729,0.08430216573867856,1.9879425997326532,1.4888025824640834,0.0,0.0030073629766215223,0.003086099112802063,0.02768182107524243,0.0,0.01759178011065141,0.002825213365142364,0.01805411095832838,0.006037126991931955,0.002702555051597739,0.0007965843416853592,0.0016092407624244492,0.0002946282038748862,0.0,0.0,0.0,0.0,0.0,0.0005234640592486137,0.0,0.0,0.0,0.0,0.0,0.0,0.0,0.0,0.0006145789293151664,0.0,0.0,0.0,0.0,0.0,0.0,0.0,0.0,0.0,0.0,0.0,0.0,0.0016445677448463413,0.0,0.0,0.0,0.0,0.0,0.0,0.0,0.0,0.0,0.0,0.0,0.0,0.0,0.0021720128034191646
0.0,0.7816823459749609,0.011881321230928492,0.0,0.018644252339238155,0.0024021108846363276,0.0016743781745091081,0.0031826595656938225,1.7689215328721208,0.0,0.1915767049476036,0.0017933764227254041,0.6445369608557846,0.00021095087736176237,0.07230011173053906,0.35500454918616714,0.020616447372672656,0.019407093210079076,0.014597197363474205,0.0,0.0,1.053074011512548,0.006975920037624412,0.700485982596825,1.2534838137817665,0.11022452335923838,6.560115511212903,0.016609857367152477,0.010570376191850129,0.00024377084619149261,0.07293716872919558,0.018355065010308782,0.0,0.15535242420425213,0.0,0.05489588127763116,0.08672511777099552,0.13007408986443733,0.04868107258735686,0.039367266817258266,0.0006377746797460267,0.44116758448526255,0.15751180964903408,0.1453768795643681,0.12063458783200796,0.06685259074701078,0.0016694452770795918,0.0006206692210940376,0.024202763224069817,0.0,0.9636174648983725,0.08127095507851255,0.0,0.0,0.0,0.0034938118050754363,0.0,0.04842217052105078,0.0,0.019854584455616185,0.0002607837435991273,0.2221271267204542,0.0,0.0014755858159010006,0.06949027419233057,0.08062930302690953,0.022920845618498033,0.07207382843884655,0.0,0.004779049764574366,0.7360419136873335,0.06734139177016174,0.02931463673475579,0.20357796136245457,0.2881953888324873,2.375553562114983,0.00642780064994822,0.0019879470172525396,0.00609197600931089,0.07052690368865919,0.0,0.0,0.03696685923809282,0.0008188227420697409,0.019011050891663134
0.0936702516708854,0.011881321230928492,20.595566132972696,0.0,0.0007774086876257976,0.013286402056616329,0.12981811604520252,2.1311134750203142,0.0026931341243153417,0.00763618850670115,0.05982195435139999,0.0,0.008751647606856823,0.9102452632824592,0.0,0.013633826994050916,5.451110164002368,0.0901785864289791,0.9157603142820692,0.0,3.254428740877726,0.0015944232792021943,14.164328866763052,0.002979804523342711,0.0,18.71340499722518,4.7409615679612624,0.19793522485899162,0.3481774552645163,0.32776212901397733,0.0,0.029896615572163814,0.011148867004465414,1.4001209239684964,0.011384043859741434,1.4908102020872747,0.4300213557738862,1.1017048804340235,1.1868940698984132,0.005920819080520661,0.005456009290660731,0.0007247919898801674,0.20583537619977083,0.18357918042237534,0.11464388633778186,0.11012307288038505,0.00029274502493062263,0.0,0.0,0.0,0.1295900914467917,0.6700101325699739,0.0,0.0,0.0,0.0,0.0,0.0007039427116373833,0.0,0.0,0.0,0.0,0.0,0.0,0.022772740741580127,0.20092687505706938,0.0,0.035161744718389704,0.0,0.0006379839098257102,0.049116029968960084,0.26419676614544246,0.001240549520597052,0.001990368030869497,0.03749290624578665,2.2061563089451908,0.0,0.0,0.0,0.0,0.0,0.0,0.03641634130745549,0.0005718940179149717,0.15816076069994833
0.000417488388055035,0.0,0.0,8.237876257485869,0.2345542638465659,0.6583497029585507,0.1692580213474184,0.3767664013319729,2.1648759595433957,5.109146614015741,0.00033412512311567526,5.586627911155649,0.24952870097386415,0.06699615829662306,0.947853610066932,0.0,0.0,0.0,0.0,5.547465897991353,0.0,0.006967706695018252,0.0,2.6248045370795614,0.4113449281071299,0.0,0.0,3.5802937375089585,0.286373005471766,0.0017348048659131584,0.0,0.001731608810833314,0.011594029310607875,0.31982215835889555,0.0041503988204392855,0.6957755780205795,0.004416798956315711,0.3727821256481618,0.042967596538455124,1.2126061433206718,0.06998629301739645,0.0004673089028723341,0.006733267096411877,0.0,0.0,0.0,0.6243422335109702,0.0,0.0,0.0,0.0,0.0,0.3780844141025359,0.0,0.0018733981618072907,0.0,0.0007889152056235802,2.4181257034942005,0.0005076353018173538,0.0,0.843193407819572,0.0,0.0,0.024557739600573246,0.0,0.0,0.0,0.0,0.192950745017729,0.0,0.0032844357270079734,0.0,1.4172357875166273,0.0,0.0,0.0,0.0011578826701179208,0.0,0.0,0.0,0.0,0.0,0.04349358622636056,0.0,0.1788198406562088
0.0,0.018644252339238155,0.0007774086876257976,0.2345542638465659,1.5364638429267012,1.8808373293762974,0.011249990840342347,0.13069122016693538,0.37925674357799,0.09376321784700925,0.054208531866857076,0.3620099440817405,0.05132186704829701,0.007524533157421881,0.942898135837883,0.006840037966369411,0.0010206092580653853,0.015104484052209726,0.0050345193942422555,0.08337195966266742,0.007059270639990727,0.053766879109176005,0.005741165551694555,0.7452043414947838,0.009434800132258957,0.012117867605708972,0.026504463259567203,0.08323782920676392,0.010427945459906433,0.005375715779752226,0.00025804808668763757,0.45659471011379626,0.0002354705295660486,0.783564703434799,0.07526261225257784,0.1783528600873615,0.006579066516359092,0.019687089864923853,0.0048456933464308665,4.501612762990732,0.5785368788395574,0.007346814621273698,0.011818974522774197,0.0024802743505399323,0.0037304073284967986,0.009755667324951128,0.05413461789823417,0.002457714136814318,0.002680051467712647,0.0,0.0003340593480835133,0.0014500460554490462,0.0010325077476349242,0.0,0.0005566908673507019,0.0,0.0015386777624749983,0.02879809871063484,0.0007561144876928139,0.0,0.01669168398285732,0.00217793710185278,0.0009858230865619848,0.002546689924911441,0.0,0.0,0.0,0.00035875485582936145,0.0023177713028477145,0.0,0.0013357703923113791,0.0062498917964095915,0.011357765530366,0.0,0.0010627570923827279,0.0027131371747070756,0.0,0.0,0.0,0.0,0.0,0.0,0.0024903734560128414,0.12299921049275014,0.05590020006784301
0.006601595195407633,0.0024021108846363276,0.013286402056616329,0.6583497029585507,1.8808373293762974,24.276915558622676,1.487766659000903,10.479190653262165,0.3933671739252776,21.474927119602288,0.2610323822306073,8.77336247456598,0.1876535874487719,0.3562256865629192,2.4925198686515486,0.0011925712478158901,0.001964695962763375,0.02148182146706035,0.005825169927035826,0.4684555700607094,0.012017264842829523,0.01073486934688114,0.014404225973456931,0.6175851592755995,0.019624712203813257,0.011066077126807653,0.009135940004482195,1.6583015647163932,0.34731640581761586,0.017569758935625165,0.0009606839287945984,0.5089167232286392,0.0035304837123888125,0.4881984985853225,2.042486772578728,1.0167214109191334,0.029830519822460214,0.24845848190565561,0.04507319852949607,2.0229828212776466,0.2435289160451006,0.03687802651271991,0.008235385061341373,0.0008091802197592044,0.016513404979039976,0.021374904003468767,0.09224661541370549,0.004954760335908922,0.011976197155754695,0.0,0.00043334057665776813,0.0,0.005709989444590067,0.0,0.004005466039822552,0.0,0.0,0.22104036628687146,0.0,0.00022721485662759261,0.03817115968120584,0.0015624294756211483,0.0,0.003947281449077756,0.0,0.0,0.0,0.0,0.02297271920178116,0.0,0.0023037531851335586,0.0,0.029573200090761594,0.003759732413640055,0.0,0.0,0.001034016081949169,0.0,0.0,0.0,0.0,0.0,0.007387978400502706,0.16903900246294412,0.2649063792411619
3.3753390009606035,0.0016743781745091081,0.12981811604520252,0.1692580213474184,0.011249990840342347,1.487766659000903,37.60939024579311,7.1509477350507575,0.13710577953990802,7.510377314285124,0.003982961698347621,0.04255912846146953,0.0849856403209331,10.283282179172021,0.046923660036597835,0.05206019369181795,0.036614326832884236,0.0,0.0013895777236605869,0.030924275840623676,0.24968047119218226,0.016435218541930162,0.2065075789815936,0.6954820903411504,0.00123254563805321,0.008544744410253565,0.1917035649896838,26.295116723837314,4.904667038261375,5.191792569111906,0.0,0.00819123568819572,0.3174697469370431,1.5158370647207613,0.07836223033961685,1.9803576595676384,0.058351183668293706,1.215301767710433,0.2943429264265346,0.2357981197868481,0.17148012040381927,0.005059638935844139,0.0317569753422605,0.0,0.002241236682156442,0.0,0.0020885708303068078,0.0,0.0,0.0,0.0,0.0,0.004040002856041541,0.0,0.0,0.0,0.0,0.11961515554387214,0.0,0.0,0.0008306447691790188,0.0,0.0,0.0,0.00095346263655526,0.0,0.0,0.0,0.0,0.0,0.017373811692132035,0.0,0.05820391518408735,0.0,0.0,0.0,0.005315860608711954,0.0,0.0015838776015755067,0.0,0.0,0.0,0.00023767958036854294,0.0,1.0520595583212906
0.7014299498458378,0.0031826595656938225,2.1311134750203142,0.3767664013319729,0.13069122016693538,10.479190653262165,7.1509477350507575,25.930153755180783,0.45302005240659216,9.248617542066773,1.1564345737875694,2.674728703823561,0.3166758327207478,15.698281218944588,0.18956999823369872,0.053671170403718424,1.4169335741474054,0.2816943481306635,0.09249993503046493,0.6481856320599769,0.4392368603119818,0.04909335584619055,2.7387892708916284,0.7909872840071729,0.03472326710089735,0.33590877737445807,0.08581159198339515,2.562993911387382,1.9437465956336095,2.072459581856154,0.013981731878177382,1.9662443561420506,0.04825295986761575,1.3226964493582132,0.8010414075157027,2.292121924706109,0.20756784954236646,1.6314929031210574,0.3595890669121261,0.9463748715273821,0.11433312408129871,0.0844899098535001,0.02191758656118805,0.004378359443093815,0.05108801895148628,0.06607982343353849,0.008375444293575507,0.007482151444298296,0.04120397026288666,0.0,0.0035407658705067626,0.0,0.0,0.0,0.0,0.0,0.0,0.6936324529565102,0.0,0.0019103499038677404,0.002889611694224743,0.009823496101998449,0.0,0.0004196327190397873,0.0,0.0,0.0,0.0,0.0059168260544577595,0.0,0.024171630421341725,0.0,0.02121155813707978,0.021755264374541713,0.0,0.0,0.0,0.0,0.0,0.0,0.0,0.0,0.012677054772166976,0.03793706489420368,0.4026607354608481
0.0,1.7689215328721208,0.0026931341243153417,2.1648759595433957,0.37925674357799,0.3933671739252776,0.13710577953990802,0.45302005240659216,5.49701369786617,1.122609780246427,0.021734852631488204,0.6382008353677012,0.09058732431617476,0.17433782133172093,0.8137955390587892,0.19882689827881608,0.004343174941675362,0.0,0.0,0.42196012135228567,0.012860382855227096,5.311596497631694,0.011418095831991342,7.822655492114799,0.43670086655450746,0.005019873843328484,4.796870581058183,1.5505162414593525,0.32186123296342184,0.02575722922644806,0.0,0.057787275729561355,0.01734169218275111,0.32783421560826526,0.025977844190373984,1.2510235244753334,0.044209876543058545,0.34455208925542974,0.06915981169140888,0.6433934250567857,0.12076164179002986,0.025076823126555868,0.8137930640804264,0.011814358406124815,0.3543708324146426,0.06825455729673657,0.19471296661350726,0.047571345357815646,0.0025098496026710023,0.010539355539475066,0.09689508788636735,0.014983326091229246,2.2315277046604076,0.0034664292073381875,0.12068979073854061,0.004865575967094851,0.22242629917817083,0.6821563378912864,0.40710275638220594,0.0010236016026486674,0.47079639438947085,0.0,0.1821484675726157,0.022876037250418858,0.06370323987676399,0.0021151964063966444,0.0,0.0,0.5331632077199511,0.009126162171214926,0.18617520960315848,0.008582987937689598,0.7716764522725673,0.0018566827401672848,0.0,0.18069194745202077,0.7785811740035198,0.23757241501073278,0.023416354693828675,0.0,0.001963042279427007,0.008380179284187775,0.14663257292706777,0.0029198223477771568,0.5506074692064667
0.006404039006963805,0.0,0.00763618850670115,5.109146614015741,0.09376321784700925,21.474927119602288,7.510377314285124,9.248617542066773,1.122609780246427,77.14298213365487,0.030056454839280617,6.85745698852043,0.10136813546670576,3.4733439748051107,0.38874066473966157,0.0,0.0,0.0,0.0,2.156459154483708,0.003641690906692687,0.0006628004696052438,0.00288196095677336,0.40849588188555824,0.026348025936097606,0.0,0.0,11.700178093528482,1.3554247843823646,0.008519765929174156,0.0,0.04508845971685341,0.0039880811658035776,1.7969583532815434,1.3159212407895458,1.5311253545028982,0.006169297495277894,0.9414802927349221,0.10144424535006462,0.9659488362375688,0.21346748607275698,0.010238379382105445,0.0076896520275470115,0.0,0.0,0.0,0.12017223849102157,0.0,0.0009308043149453907,0.0,0.0,0.0,0.047602405621316506,0.0,0.0003644572345534776,0.0,0.0,1.1750415508127119,0.0,0.0,0.04524049931247337,0.0,0.0,0.0,0.0,0.0,0.0,0.0,0.027042535571958404,0.0,0.0009111974569830899,0.0,0.17243115666951542,0.0,0.0,0.0,0.0020552001071919347,0.0,0.0,0.0,0.0,0.0,0.004252130906258829,0.039473411782724274,0.37981608592860966
0.012676627437383766,0.1915767049476036,0.05982195435139999,0.00033412512311567526,0.054208531866857076,0.2610323822306073,0.003982961698347621,1.1564345737875694,0.021734852631488204,0.030056454839280617,21.484081262042004,0.03252306544828232,5.3415047775305515,0.611994239793221,0.02135556722628435,0.0006950308847273244,0.23325640277634382,7.755126314711219,1.0291957789150663,0.0006400383311305489,0.02877361251413902,0.04923100997419457,0.08016035817642028,0.0032797477746077295,0.550807635833046,2.1038070494646592,0.7723133913848304,0.0068821334052323055,2.0136510624005646,0.013624507719090937,0.7803615414993651,1.7903057925419177,0.015843382919570836,7.998797592101129,0.008708978388389028,0.7138790943886063,1.4952186123865785,4.0210569779792875,0.21157434913765671,0.2576554382634767,0.08332526164907351,1.4427175887878754,0.008327380101989511,0.09166208662359558,0.0746395325158979,0.022673101862959566,0.0003287670148601847,0.002042712753862643,0.13494335921728487,0.0,0.08173407855455928,0.0011275511809860587,0.0,0.0,0.00028806173982492695,0.0,0.0021369041150982536,0.0006349232874581218,0.0,0.2281077171365821,0.0,1.3656174582882645,0.0016286314908281721,0.0,0.0006512215206074182,0.0,0.04884130654525169,0.0029270225357281034,0.0,0.0,0.011020576335143285,0.0,0.0,0.535348390059297,0.4728689192640479,0.5835793847729461,0.0,0.006968889793308611,0.0,0.28389672606832034,0.003966535635441246,0.0,0.02757998367090678,0.0,0.15152922374126793
0.0003290001901901606,0.0017933764227254041,0.0,5.586627911155649,0.3620099440817405,8.77336247456598,0.04255912846146953,2.674728703823561,0.6382008353677012,6.85745698852043,0.03252306544828232,35.49880775097235,0.1516556873338791,0.5687719520216016,1.9860714340528207,0.00046166864651507985,0.0,0.0,0.0,13.297170456307803,0.0,0.0063060536493389045,0.0,1.1860690974749346,0.0275236962609899,0.0,0.00248085908814074,0.3215840626462867,0.41016028537519716,0.0,0.0,0.15167945291362517,0.0003093252032558359,0.9427262685603914,2.4710528402354393,0.9719114396716237,0.012176517140161151,0.34150768945670307,0.06697605056354927,2.4064692600364164,0.15574989352430169,0.01584697952322169,0.05498282556151615,0.0011892204279544904,0.008490745882168553,0.005005189411821836,0.6643708249046011,0.0029177794256038197,0.002730052153627916,0.0,0.0,0.0,0.529931755675326,0.0019856176720061975,0.019090714561318584,0.0,0.012589593717312558,0.2330817784670839,0.0301743678129946,0.0014759891783771295,0.667122654262267,0.0001993660299858994,0.011074212478245513,0.03949700061405487,0.0,0.0,0.0,0.0,0.6260213103388362,0.0,0.00028039731164286846,0.000727774864590448,0.141192561390486,0.0,0.0,0.00039385480481033585,0.02129369256424221,0.0026552803903802822,0.0,0.0,0.00036243003236931324,0.0,0.01300243146426694,0.3357381915737085,0.29315159391927725
0.00026548245106941873,0.6445369608557846,0.008751647606856823,0.24952870097386415,0.05132186704829701,0.1876535874487719,0.0849856403209331,0.3166758327207478,0.09058732431617476,0.10136813546670576,5.3415047775305515,0.1516556873338791,12.77976014913018,0.07923751433141485,0.022472168880145565,0.02843256007069861,0.0029649790313135754,0.09233373513375208,0.015435010055394008,0.041480261248200395,0.15416977168788537,0.20390873888546565,0.1147066426044147,0.22820493272881628,4.787938704492419,0.19430773589377645,3.95687137859521,0.22684502066751702,0.2228563221742215,0.05127829172532394,2.1386255533331275,0.4804372322936965,0.003490035355007974,1.671025021216886,0.12148820394268474,1.3164936669331513,0.80080000615349,2.1533363399833454,0.4828274638990772,1.6961248350305358,0.1645799196849346,2.4092767940009616,0.10118870092192847,0.17499509222072765,0.2104125246870171,0.07229198165517305,0.3128382443685657,0.027761697911739065,0.2368489437163978,0.0008589443482469991,0.21626552547499245,0.0,0.034536970266766095,0.0,0.016925807463574666,0.0005254433709321914,0.03342014413632971,0.067934382446459,0.0057530995262310295,0.3236980336240606,0.04302028063463972,2.4675101729497193,0.01807426551315972,0.010673568951465933,0.0002474730795114372,0.0,0.11262186756977287,0.008030695244625432,0.07493773446044448,0.00514689280340575,0.02551740892717488,0.0010093088992027535,0.026788196306916652,1.0050894345016443,0.9513882903941256,1.2409718253895723,0.030412554031568517,0.02640564470193084,0.007096046837662564,0.7115135393918076,0.03394868519741808,0.000514965741107185,0.09039779565790063,0.0328241821926808,0.21369770474604263
6.092233726371404,0.00021095087736176237,0.9102452632824592,0.06699615829662306,0.007524533157421881,0.3562256865629192,10.283282179172021,15.698281218944588,0.17433782133172093,3.4733439748051107,0.611994239793221,0.5687719520216016,0.07923751433141485,29.46949698267122,0.0069432008417717374,0.020288315853932568,0.8574332554669726,0.2322945356139752,0.082466497634265,0.16204547005789433,0.26105645226676966,0.009287505917054779,1.6155990584409825,0.2537848004333281,0.01081450283469853,0.2960304629084033,0.12978232763645467,1.3361588122478492,12.013451808775757,3.776302601844505,0.011879941903341205,0.3360834944208314,0.04241331449564201,0.5201795342071767,0.005865507946867863,0.5815054267548485,0.05386083575284535,0.46567939133267994,0.11596339686345761,0.0841697796198531,0.024470601251933784,0.026943968980585684,0.006158651436997441,0.0015879722934892425,0.011966226772912583,0.01149433232755226,0.0010327691161296526,0.002694687048203014,0.00866369593141085,0.0,0.0032514824358948285,0.0,0.0,0.0,0.0,0.0,0.0,0.23039793474814438,0.0,0.0,0.0,0.004299809903996492,0.0,0.0,0.0,0.0,0.0,0.0,0.0020634492053328546,0.0,0.010349802340701347,0.0,0.0021376670080669215,0.011441008230293735,0.0,0.0,0.0,0.0,0.0,0.0,0.0,0.0,0.0035900532044175243,0.0,0.11885466509550908
0.0,0.07230011173053906,0.0,0.947853610066932,0.942898135837883,2.4925198686515486,0.046923660036597835,0.18956999823369872,0.8137955390587892,0.38874066473966157,0.02135556722628435,1.9860714340528207,0.022472168880145565,0.0069432008417717374,1.2095670459067602,0.014748230703917821,0.0,0.002925994405145165,0.00032264355146904367,0.5076723052784495,0.007379766410735574,0.1214047200315632,0.0056954025933604715,1.9361350152547803,0.00390785292937679,0.00048735061740267575,0.09040742960321177,0.28377776548314176,0.019304800115454792,0.007921004028176127,0.0002755455710249392,0.1070941397923166,0.0011560026838736955,0.06781590459482077,2.3593623114467124,0.13288690723346802,0.004915958410647436,0.034377385157512194,0.018962239946477725,1.0750470102103482,0.07046820524907742,0.002507305237194059,0.004071491509540124,0.0006647505870232106,0.0007900098688285233,0.006313207881349076,0.07149702398062945,0.0005761837486272868,0.0010563006412002195,0.0,0.0,0.0,0.0601500270081153,0.0,0.007709101631503988,0.0,0.0005122036767784228,0.048389306409084384,0.0023976175110693994,0.0,0.06876991177613032,0.0,0.0,0.007917659269033461,0.001988564669426209,0.0,0.0,0.0,0.05859700685241778,0.0,0.007116853853215018,0.0011765574220094826,0.0367078339281538,0.0,0.0,0.000633101540932831,0.0013361531104643751,0.0,0.0,0.0,0.0,0.0,0.0013855510930769214,0.21337095450297797,0.128706545748393
0.0009282814596085433,0.35500454918616714,0.013633826994050916,0.0,0.006840037966369411,0.0011925712478158901,0.05206019369181795,0.053671170403718424,0.19882689827881608,0.0,0.0006950308847273244,0.00046166864651507985,0.02843256007069861,0.020288315853932568,0.014748230703917821,8.984449353846994,0.04489233208580807,0.0,0.004696128093341262,0.0,2.940534822137719,1.9790792938679167,3.8049519213962104,5.6746997027684065,0.05174585893927502,0.0023202258262866905,11.094934721172379,3.165472179869606,0.04025367962793386,0.16819781460006084,0.0,0.0006562292706187878,0.02230487363027979,0.1778312857277414,0.032672663304791835,1.940637297740013,0.2229101864195072,0.5294164159554049,0.707482252958611,0.08590035323828366,0.019973128244627342,0.004142740371805605,0.849237988954394,0.09925089780212767,0.12640464671027898,0.08288550116141448,0.011899511003567044,0.0009342518627952672,0.0002203715340763589,0.005436913399988575,0.04753263577734421,0.03654647527402816,0.00043828330922681254,0.0,0.0,0.0034338490562779212,0.0,0.10626698032872384,0.0,0.0,0.00035857108617965165,0.000312873321156943,0.0,0.0013872332536742288,4.2952355295326745,0.0,0.0,0.0,0.0,1.2557773642069014,0.9681211104094841,2.025812212872512,2.093906015760662,0.0013086379615619406,0.0,1.2973527841909245,1.4617576076151857,0.02498334594255654,0.1826722308122093,0.0,0.0,0.014017482042166754,0.037513417436035035,0.0006718220388149529,0.5143697951405637
0.13913046779747293,0.020616447372672656,5.451110164002368,0.0,0.0010206092580653853,0.001964695962763375,0.036614326832884236,1.4169335741474054,0.004343174941675362,0.0,0.23325640277634382,0.0,0.0029649790313135754,0.8574332554669726,0.0,0.04489233208580807,7.628269071438604,0.3947213356902955,5.852286201654327,0.0,1.4970230614583084,0.004314844463764631,7.521241673958359,0.0035434204653053934,0.0,4.413225876397579,7.7740827426854695,0.14518285531387107,2.7044746796908448,0.693657125438937,0.0005733669890177712,0.01977480361657498,0.3509253016206597,3.759498577340001,0.0014463900351093287,0.5010550128621458,0.3082947918539864,0.45718227708267745,0.3609658239564561,0.0030276500285044508,0.003148381114666983,0.0,0.12538192677986307,0.13037923797435577,0.08752900389884043,0.06766449745143326,0.0,0.0006556216023969347,0.0,0.0,0.15041659840590776,0.2473215866656988,0.0,0.0,0.0,0.0,0.0,0.0005638185566596561,0.0,0.0,0.0,0.0,0.0,0.0,0.0019713919476191588,0.16566973723703216,0.0,0.060498114782546054,0.0,0.00031056215806675685,0.0512510692225542,0.021723549878100528,0.0,0.00029359758406818904,0.07383331087386051,1.5547603610424536,0.0,0.0,0.0,0.0,0.0,0.0,0.029862122100906385,0.0,0.013565234052366261
0.0013804515799962097,0.019407093210079076,0.0901785864289791,0.0,0.015104484052209726,0.02148182146706035,0.0,0.2816943481306635,0.0,0.0,7.755126314711219,0.0,0.09233373513375208,0.2322945356139752,0.002925994405145165,0.0,0.3947213356902955,5.400596675319096,6.113545991710521,0.0,0.00572398936661967,0.007409801898694292,0.05024674963416689,0.0,0.026645191903595142,4.028852423937634,0.7560677034086775,0.0,0.952174301270869,0.004086246031635337,0.10000746428685871,0.44376587742565754,0.007554178243102115,2.0615893638894907,0.0015902180332854055,1.2903367660729907,1.9192524507216355,3.7589856546022378,0.91802571743075,0.05552565495638059,0.02029838080022076,0.0701780248010385,0.0036490510678553367,0.14771695130879695,0.10369842761917623,0.018551986974301174,0.0,0.00046796751901091233,0.009982842759850279,0.0,0.05159858550367793,0.0,0.0,0.0,0.0,0.0,0.0,0.0,0.0,0.03325654988870036,0.0,0.16647901813506952,0.0,0.0,0.0,0.0,0.040588470956614886,0.06259589300802774,0.0,0.0,0.0,0.0,0.0,0.09758189198126868,0.7198895686800256,0.6624245755374306,0.0,0.0,0.0,0.09449613607019236,0.0,0.0,0.013611650364295253,0.00032294220420660193,0.047047653101684565
0.0018741580785301614,0.014597197363474205,0.9157603142820692,0.0,0.0050345193942422555,0.005825169927035826,0.0013895777236605869,0.09249993503046493,0.0,0.0,1.0291957789150663,0.0,0.015435010055394008,0.082466497634265,0.00032264355146904367,0.004696128093341262,5.852286201654327,6.113545991710521,11.042840670939421,0.0,0.34990136022543944,0.004052615319921522,0.9834773495066217,0.0,0.003471750085464409,7.282014276696391,2.9163941109599425,0.02512383242840356,0.4775943132152382,0.06588817773104229,0.00767793446666529,0.16911266032561606,0.05949549683563815,2.6569650053657448,0.0011746514883132443,1.1254518091974068,0.9037608475920431,1.4047292484410931,0.5705700151926993,0.007284634136447343,0.006993760250193885,0.002135721814982918,0.030963598108349585,0.10781525303416185,0.09461650662476143,0.02900011052843747,0.0,0.0,0.001864384114382425,0.0,0.09132507666601182,0.017970326013472836,0.0,0.0,0.0,0.0,0.0,0.0,0.0,0.0008789723720466673,0.0,0.0032211673972852004,0.0,0.0,0.0,0.01953305941790364,0.003745941654048177,0.08886931665101921,0.0,0.0,0.005333127839851527,0.0003399005010322114,0.0,0.00962921901942066,0.38406884075068703,0.75490991569433,0.0,0.0,0.0,0.0029695545492645623,0.0,0.0,0.014407333796377202,0.0,0.02495443189048655
0.0,0.0,0.0,5.547465897991353,0.08337195966266742,0.4684555700607094,0.030924275840623676,0.6481856320599769,0.42196012135228567,2.156459154483708,0.0006400383311305489,13.297170456307803,0.041480261248200395,0.16204547005789433,0.5076723052784495,0.0,0.0,0.0,0.0,4.1766238315346484,0.0003214467489196318,0.0007563956211653274,0.0,0.3943282417356669,0.05643582780016195,0.0,0.0,0.2549059960984497,0.13604515978433232,0.0,0.0,0.006449501756795526,0.0,0.31520577084410695,0.0,0.2648190058232176,0.0,0.17977968724530438,0.016409204462596576,0.5615891795458947,0.0565756687112385,0.0,0.01119075108929138,0.0,0.004949137869384531,0.0002177572809366958,0.1496525733139201,0.00023187122023719548,0.0,0.0,0.0,0.0,0.0848761879752661,0.0,0.0045616209123616,0.0021873521307571395,0.008194473600114206,0.2995285419058934,0.04667760145848762,0.0,0.29061469683061764,0.0,0.00961776151477981,0.012608358378884018,0.0,0.0,0.0,0.0,0.273560774580319,0.0,0.0,0.0,0.10685920272775339,0.0,0.0,0.0,0.002202931587017548,0.0014825747174569855,0.0,0.0,0.0,0.0,0.008298749632030585,0.0,0.035276071600011866
0.03321942066769158,0.0,3.254428740877726,0.0,0.007059270639990727,0.012017264842829523,0.24968047119218226,0.4392368603119818,0.012860382855227096,0.003641690906692687,0.02877361251413902,0.0,0.15416977168788537,0.26105645226676966,0.007379766410735574,2.940534822137719,1.4970230614583084,0.00572398936661967,0.34990136022543944,0.0003214467489196318,41.59318994087285,0.03693099861479913,40.744980914335024,0.05944411983896626,0.010997932610666256,0.5883052118084915,2.3253847707480984,6.789253742499438,0.6482239041187845,10.877988195931161,0.0,0.01683351696288903,0.5477345855017558,7.1277811373668865,0.24364976781803038,6.538139551069359,0.6209702277985115,4.6751007339879385,2.5973349570436484,0.33376119108027835,0.0958654429760379,0.0029855949718857007,0.5806677345061884,0.042594380347798555,0.03557441161530684,0.012030194249830355,0.0,0.0,0.0,0.0,0.0,0.009098251844512309,0.0,0.0,0.0,0.0,0.0,0.03229740591006746,0.0,0.0,0.0,0.0012264300481850433,0.0,0.0,1.01265030011202,0.0,0.0,0.0,0.0,0.17446139627485807,0.18247417365395568,0.32640532760303226,0.422611167599072,0.0,0.0,0.10272842893390415,0.21620014141330138,0.0012188121576645727,0.0643891189544712,0.0,0.0,0.0030401790222181523,0.01108808029554681,0.000341482240390578,3.1342700890840645
0.0,1.053074011512548,0.0015944232792021943,0.006967706695018252,0.053766879109176005,0.01073486934688114,0.016435218541930162,0.04909335584619055,5.311596497631694,0.0006628004696052438,0.04923100997419457,0.0063060536493389045,0.20390873888546565,0.009287505917054779,0.1214047200315632,1.9790792938679167,0.004314844463764631,0.007409801898694292,0.004052615319921522,0.0007563956211653274,0.03693099861479913,3.5279578239328138,0.03680282864577257,6.617758370540489,0.41843884653672264,0.03162033906326322,2.5287959982076997,0.27074365863300903,0.03850996588429963,0.025852420295119218,0.02468076438467446,0.011391067718657187,0.006502037189502455,0.06893476325762721,0.008874006266563032,0.1690125622393254,0.026532557545316977,0.08396355765885616,0.022634720007735826,0.08835121846532183,0.009284762927755904,0.10597954926891216,0.21199336459684603,0.027959124931115194,0.05541522146422873,0.03162133488805086,0.012072193637124256,0.005483571897155288,0.004615791480982195,0.003531362611301701,0.05790746133751049,0.016519682747247428,0.009927892604227762,0.0013081627362781531,0.0,0.0020434544884293583,0.01775648874587828,0.07865619727578872,0.0006068801660792996,0.0009221572927411252,0.0010993641040092893,0.006924179384301351,0.018068950695752182,0.0006000126141815827,0.725160124212289,0.004403584479080895,0.0,0.0,0.0009138563808665219,0.0873516370737755,1.2152551154092661,0.1224168227326975,0.6826125847784678,0.04255684082424956,0.0006581402639328833,0.6029300117954357,0.37969733798266536,0.045831717187960155,0.029873955086011546,0.0,0.00029029468176415443,0.007783548091085756,0.019102105032787014,0.002257334762775746,0.1242145113297342
0.30780181016600333,0.006975920037624412,14.164328866763052,0.0,0.005741165551694555,0.014404225973456931,0.2065075789815936,2.7387892708916284,0.011418095831991342,0.00288196095677336,0.08016035817642028,0.0,0.1147066426044147,1.6155990584409825,0.0056954025933604715,3.8049519213962104,7.521241673958359,0.05024674963416689,0.9834773495066217,0.0,40.744980914335024,0.03680282864577257,61.32725070573985,0.11426215686658414,0.002472235145369807,2.4354572834760013,17.888637700095302,1.652346157073565,3.4624571703423666,2.494281840919099,0.0,0.044519933036964034,0.3265245752741748,7.148822171054459,0.19920938824845696,11.122909051161564,1.5150908889324244,6.891255164413134,8.11729513360761,0.3446927935348273,0.0588030981697522,0.0032591903172655575,0.5393380935766829,0.35284534105799314,0.2031307281303713,0.19955132009136045,0.0005609064760142283,0.0014969190046539487,0.0004602254378702753,0.0,0.02648325547898951,0.6356179086085011,0.0,0.0,0.0,0.0,0.0,0.011819221889385298,0.0,0.0,0.0,0.0,0.0,0.0,1.8538133491952467,0.019595718253071916,0.0,0.00024497985134868083,0.0,0.2488881625522687,0.2360654789908767,2.8918056441512996,0.14490421851926025,0.0,0.002079363394546942,3.783021040553812,0.015041192954206589,0.00027774371794509633,0.01264668088506085,0.0,0.0,0.0,0.015571467840813678,0.0043890101280836535,3.629784210666493
0.004180048113448807,0.700485982596825,0.002979804523342711,2.6248045370795614,0.7452043414947838,0.6175851592755995,0.6954820903411504,0.7909872840071729,7.822655492114799,0.40849588188555824,0.0032797477746077295,1.1860690974749346,0.22820493272881628,0.2537848004333281,1.9361350152547803,5.6746997027684065,0.0035434204653053934,0.0,0.0,0.3943282417356669,0.05944411983896626,6.617758370540489,0.11426215686658414,27.290242418680414,0.29562901760806237,0.0,2.6484687850852793,5.781847917131883,0.74010488825014,0.09410264244633826,0.0,0.04586990813054447,0.08162622970190177,0.7686868405593504,0.038044005464285366,2.6030912760290774,0.06633527716734823,0.793086294087263,0.18702696308451505,1.4372435271730175,0.22733590136947707,0.003171255322324412,0.76426379204152,0.006679849301524218,0.10536515259406685,0.0340656992637304,0.4267697663960684,0.0026827352026633326,0.0,0.0,0.016580798141929413,0.00043205272804368127,4.160807176641667,0.0020653648253563307,0.015757530985536145,0.0,0.006933482492835309,1.4236418928498809,0.06566360641651857,0.0,0.7397856721974458,0.0002791980739832576,0.0,0.051756683951098365,0.3606243263478143,0.0,0.0,0.0,1.2381949634913758,0.05955384644568377,0.3801879156081041,0.03587806417523976,3.233438252312589,0.0,0.0,0.049238164111505806,0.9309920141189019,0.02664197222794638,0.033284987944368336,0.0,0.0,0.01570049925713004,0.07948176029466321,0.0,0.667464868158576
0.0,1.2534838137817665,0.0,0.4113449281071299,0.009434800132258957,0.019624712203813257,0.00123254563805321,0.03472326710089735,0.43670086655450746,0.026348025936097606,0.550807635833046,0.0275236962609899,4.787938704492419,0.01081450283469853,0.00390785292937679,0.05174585893927502,0.0,0.026645191903595142,0.003471750085464409,0.05643582780016195,0.010997932610666256,0.41843884653672264,0.002472235145369807,0.29562901760806237,3.4827183817693195,0.1138896580323359,1.9841681030158953,0.09328912441596879,0.029128311978027552,0.010488515295205005,0.15065687106748565,0.04598055941624637,0.00043182829205364276,0.27639257813830764,0.0,0.07342766356088752,0.1226729927812291,0.10169449718793794,0.018842731082709386,0.35209660767341044,0.02046988781668729,0.7897237436236118,0.24468978130583266,0.11430492055379966,0.18894039000715948,0.038771286745566805,0.5134138964197659,0.022811963737980282,0.07616417071816024,0.0033283681859484536,0.363404322232836,0.003285939813407759,0.15029779280196534,0.0028461269032376254,0.019123185741197427,0.0009200953225946696,0.018029747274932395,0.0257205958479894,0.018727535827261724,0.1444693874792913,0.08710861871722082,0.8846535139718095,0.010846504511802534,0.016556686127172492,0.003621487243805696,0.0016533738879737456,0.04482638583834232,0.015176340109203428,0.17675304387782795,0.03910480103481736,0.04264279336892066,0.002652258810946218,0.08671641106153452,1.3291569631568227,0.39872384823907076,0.9907973674582573,0.16360319908088328,0.034076397541596234,0.03727962759247181,0.29491384718501656,0.007020983077645244,0.003214961559527372,0.04752670088618131,0.0,0.019554657763100513
0.03696814612619125,0.11022452335923838,18.71340499722518,0.0,0.012117867605708972,0.011066077126807653,0.008544744410253565,0.33590877737445807,0.005019873843328484,0.0,2.1038070494646592,0.0,0.19430773589377645,0.2960304629084033,0.00048735061740267575,0.0023202258262866905,4.413225876397579,4.028852423937634,7.282014276696391,0.0,0.5883052118084915,0.03162033906326322,2.4354572834760013,0.0,0.1138896580323359,72.05316150329227,16.866998088299564,0.040479007368855666,0.7448038687774579,0.07041218068224975,0.5518945034926437,0.26377802772062353,0.00792580425268498,2.0816002148320707,0.006087198539554031,2.708842801159543,3.6003383872129096,4.003771498610908,1.5993125430013746,0.019040068963523827,0.016165854714600462,0.10605569655826966,0.33361617887448386,1.4295978129751807,1.0280926656883367,0.38339732875551386,0.00022835267539662038,0.0006800190797111614,0.048292431759334974,0.0,0.9286277248247473,0.14799302302596526,0.0,0.0,0.0,0.0,0.0,0.0013655388839651586,0.0,0.1779301110225161,0.0,0.859287277741023,0.0,0.0,0.0011873267239228098,0.19801338904189983,0.23701558339401255,0.9688886946314806,0.0,0.0003782206397407832,0.027350456230708024,0.007168845404058904,0.0,0.6189589223519406,6.454703631559793,8.394062704836474,0.0,0.0,0.0,0.5725628828777184,0.0,0.0,0.17193362971306136,0.0009155272452581795,0.08348463382146869
0.005093792776870729,6.560115511212903,4.7409615679612624,0.0,0.026504463259567203,0.009135940004482195,0.1917035649896838,0.08581159198339515,4.796870581058183,0.0,0.7723133913848304,0.00248085908814074,3.95687137859521,0.12978232763645467,0.09040742960321177,11.094934721172379,7.7740827426854695,0.7560677034086775,2.9163941109599425,0.0,2.3253847707480984,2.5287959982076997,17.888637700095302,2.6484687850852793,1.9841681030158953,16.866998088299564,72.7056596801925,2.1731887992506493,0.7213977040728231,0.10906694584901375,2.938732910734916,0.3133130440762627,0.03251382155351142,8.328117288879666,0.05918643440782934,12.473167328482509,4.081820887651067,9.925144201164823,8.795135708498005,0.20283571998166364,0.04937731924143643,0.2129708721744007,3.4164691340149536,4.071206878207677,2.8984696772497416,1.954420624442106,0.016071576920481154,0.009519508687356305,0.10418750428327352,0.0,5.8629335095386725,5.037919508526433,0.0,0.0006683347174984871,0.0,0.0,0.0,0.21097439718477556,0.0,0.12913270856717085,0.0,0.9479244521169808,0.0,0.0005052261120132547,3.3782003888076866,2.304664446376901,0.18948804891549687,1.4881882142664993,0.0,0.14559823725043347,2.776968986873655,5.388194359934113,0.2820343612014288,1.2611211812741283,5.725534989438178,46.48434156122696,0.03714642134205937,0.006305932800231109,0.004642376498958831,0.4949165197138178,0.0007227504476026037,0.0006682434279227931,0.6408583420169943,0.0011282962164799366,0.7969153553328875
0.08430216573867856,0.016609857367152477,0.19793522485899162,3.5802937375089585,0.08323782920676392,1.6583015647163932,26.295116723837314,2.562993911387382,1.5505162414593525,11.700178093528482,0.0068821334052323055,0.3215840626462867,0.22684502066751702,1.3361588122478492,0.28377776548314176,3.165472179869606,0.14518285531387107,0.0,0.02512383242840356,0.2549059960984497,6.789253742499438,0.27074365863300903,1.652346157073565,5.781847917131883,0.09328912441596879,0.040479007368855666,2.1731887992506493,38.99494472295618,4.850099629837294,6.65519892412212,0.0,0.0037748509305965115,1.2285697990386664,3.90161147522369,0.27165215272534754,7.735956688780454,0.28496980418588536,3.6077601380214848,1.3013576523164898,1.1585880063754839,0.4939922032900339,0.007622646696541985,1.1712533908279061,0.00912939231783753,0.047661302251812185,0.016680345663332364,0.13268966570184693,0.0,0.000468798865632965,0.0015136610366370787,0.0014134362840309241,0.0,0.1850946587141123,0.0,0.0,0.0008378966355797505,0.0,1.9341738870801959,0.0,0.0,0.11143933599721262,0.0007640221292702298,0.0,0.001469049574274291,0.5938935664569386,0.0,0.0,0.0,0.03710591102465231,0.10742785281361608,0.3960296100087344,0.025688462079685417,2.936009927097418,0.0,0.0,0.004477696516861974,0.6547504295475708,0.013748226983092627,0.07572030942375524,0.0,0.0,0.012050224478757603,0.024643055418040728,0.0005591234342127164,3.7676778322454316
1.9879425997326532,0.010570376191850129,0.3481774552645163,0.286373005471766,0.010427945459906433,0.34731640581761586,4.904667038261375,1.9437465956336095,0.32186123296342184,1.3554247843823646,2.0136510624005646,0.41016028537519716,0.2228563221742215,12.013451808775757,0.019304800115454792,0.04025367962793386,2.7044746796908448,0.952174301270869,0.4775943132152382,0.13604515978433232,0.6482239041187845,0.03850996588429963,3.4624571703423666,0.74010488825014,0.029128311978027552,0.7448038687774579,0.7213977040728231,4.850099629837294,31.04517842164065,13.120380346521804,0.030544110697746773,0.46995009075238453,4.55902676615685,5.051738623880805,0.02638448937092116,0.753908637558583,0.08475691362613794,0.7410422701900576,0.10529328973229334,0.1969591324998427,0.06231646639895199,0.0587116927639823,0.02320457180695373,0.0016026376364375997,0.024354764534346075,0.028215216447342848,0.0002102542058621235,0.0035258874554159616,0.014190599099383567,0.0,0.018945863708631664,0.0,0.0,0.0,0.0,0.0,0.0,0.3107346824046225,0.0,0.001631919674243891,0.0,0.006053486928068016,0.0,0.0,0.004168776407716189,0.0,0.0,0.0,0.0007621328896072441,0.0,0.021190273028224894,0.0,0.02574658009722307,0.032096399129886,0.0,0.0017928248837936471,0.001033151130806366,0.0,0.0,0.0,0.0,0.0,0.005935853870271434,0.0012840145601347734,0.330216139524048
1.4888025824640834,0.00024377084619149261,0.32776212901397733,0.0017348048659131584,0.005375715779752226,0.017569758935625165,5.191792569111906,2.072459581856154,0.02575722922644806,0.008519765929174156,0.013624507719090937,0.0,0.05127829172532394,3.776302601844505,0.007921004028176127,0.16819781460006084,0.693657125438937,0.004086246031635337,0.06588817773104229,0.0,10.877988195931161,0.025852420295119218,2.494281840919099,0.09410264244633826,0.010488515295205005,0.07041218068224975,0.10906694584901375,6.65519892412212,13.120380346521804,45.25105680590407,0.0,0.011427914859206164,1.7247871129535226,4.319986973477905,0.06634818798634133,1.9682087984339756,0.1964207766053405,0.8231324192567183,0.24225894437316223,0.08994297236319494,0.049837431717250295,0.003165519122625301,0.25401251929012497,0.0,0.009348870639964393,0.005059194474119213,0.006383158694594395,0.0,0.0,0.0013529791537493833,0.0,0.0,0.0,0.0,0.0,0.0,0.0,0.08020414654447858,0.0,0.0,0.00329793543681747,0.0,0.0,0.0,0.10991282024381621,0.0,0.0,0.0,0.0,0.01553341311558846,0.04162775990443419,0.009486961085602359,0.2309972777205495,0.0,0.0,0.0012456716396174478,0.0888184823862974,0.003908810752916917,0.013906358520955016,0.0,0.0,0.0,0.009290366603346634,0.0013436687534132566,0.8711110027850008
0.0,0.07293716872919558,0.0,0.0,0.00025804808668763757,0.0009606839287945984,0.0,0.013981731878177382,0.0,0.0,0.7803615414993651,0.0,2.1386255533331275,0.011879941903341205,0.0002755455710249392,0.0,0.0005733669890177712,0.10000746428685871,0.00767793446666529,0.0,0.0,0.02468076438467446,0.0,0.0,0.15065687106748565,0.5518945034926437,2.938732910734916,0.0,0.030544110697746773,0.0,0.7170348530619426,0.03286999847992827,0.0003512513884314789,0.07877015402066057,0.0,0.055086990281839776,0.581551369911339,0.3907948934813952,0.05200558014959557,0.003176308148931242,0.0027258865188370405,0.1801398309256508,0.0027634430881574405,0.2795279599312542,0.11863051061773819,0.017981887199694627,0.0,0.0,0.11476947352070355,0.0,0.09625339147517356,0.0,0.0,0.0,0.0,0.0,0.0,0.0,0.0,0.17312438002605524,0.0,1.2115482426361994,0.0,0.0,0.0,0.0,0.12832150792295077,0.02449006418135493,0.0,0.0,0.0013151824555065453,0.0,0.0,0.4196028354080061,1.6288792303357944,1.2485745569431983,0.0,0.0003647638960979134,0.0,0.4903006617949108,0.0004486616947828067,0.0,0.01754240436871198,0.0,0.000544329490389053
0.0030073629766215223,0.018355065010308782,0.029896615572163814,0.001731608810833314,0.45659471011379626,0.5089167232286392,0.00819123568819572,1.9662443561420506,0.057787275729561355,0.04508845971685341,1.7903057925419177,0.15167945291362517,0.4804372322936965,0.3360834944208314,0.1070941397923166,0.0006562292706187878,0.01977480361657498,0.44376587742565754,0.16911266032561606,0.006449501756795526,0.01683351696288903,0.011391067718657187,0.044519933036964034,0.04586990813054447,0.04598055941624637,0.26377802772062353,0.3133130440762627,0.0037748509305965115,0.46995009075238453,0.011427914859206164,0.03286999847992827,1.551680652998125,0.001384094545439578,2.593202593204013,0.011509344457249788,0.4801540429793979,0.04776894863858494,0.17377777191979793,0.03298780514755367,0.8576257659176869,0.9468772944622923,0.10080187149121334,0.015641122828754975,0.0024572177531285736,0.05130403427634207,0.04156305868822815,0.002754070078432411,0.007338787415785529,0.01960192515957255,0.0,0.010869195707400081,0.0,0.0,0.0,0.0,0.0,0.0003137416543972447,0.01761949899710719,0.0,0.0036107929838716767,0.0006860576118699092,0.015004346111282195,0.00047187603322151883,0.0,0.0,0.0,0.0,0.0,0.0,0.0,0.0010669653821872628,0.0,0.0,0.03102122463947865,0.0,0.0011289247184223853,0.0,0.0,0.0,0.00035912190810674036,0.000286760200480164,0.0,0.012763114596970727,0.0007943068913430433,0.172558389702836
0.003086099112802063,0.0,0.011148867004465414,0.011594029310607875,0.0002354705295660486,0.0035304837123888125,0.3174697469370431,0.04825295986761575,0.01734169218275111,0.0039880811658035776,0.015843382919570836,0.0003093252032558359,0.003490035355007974,0.04241331449564201,0.0011560026838736955,0.02230487363027979,0.3509253016206597,0.007554178243102115,0.05949549683563815,0.0,0.5477345855017558,0.006502037189502455,0.3265245752741748,0.08162622970190177,0.00043182829205364276,0.00792580425268498,0.03251382155351142,1.2285697990386664,4.55902676615685,1.7247871129535226,0.0003512513884314789,0.001384094545439578,2.8262719519597175,2.2321667563119414,0.0009017870547881105,0.0704988819691935,0.004476261235853708,0.08997722276986943,0.015113877368048144,0.006279843841258852,0.0028559015979184267,0.0,0.0019323676291545019,0.0,0.0,0.0,0.0,0.0,0.0,0.0,0.0,0.0,0.0,0.0,0.0,0.0,0.0,0.017490760078110925,0.0,0.0,0.0,0.0,0.0,0.0,0.0035321271276771695,0.0,0.0,0.0,0.0,0.0,0.006849026769818555,0.0,0.02022392503310663,0.0,0.0,0.0,0.000915586066697887,0.0,0.0,0.0,0.0,0.0,0.0,0.0,0.0179170638897689
0.02768182107524243,0.15535242420425213,1.4001209239684964,0.31982215835889555,0.783564703434799,0.4881984985853225,1.5158370647207613,1.3226964493582132,0.32783421560826526,1.7969583532815434,7.998797592101129,0.9427262685603914,1.671025021216886,0.5201795342071767,0.06781590459482077,0.1778312857277414,3.759498577340001,2.0615893638894907,2.6569650053657448,0.31520577084410695,7.1277811373668865,0.06893476325762721,7.148822171054459,0.7686868405593504,0.27639257813830764,2.0816002148320707,8.328117288879666,3.90161147522369,5.051738623880805,4.319986973477905,0.07877015402066057,2.593202593204013,2.2321667563119414,9.097137508194098,0.023276132999159052,1.207132022742327,0.37771463991308946,1.5163654271935758,0.5063291995766265,0.49310797573372167,0.13432194567770148,0.4466601930763678,0.08995584315168202,0.10524174720224178,0.07848917644931419,0.041815334738511595,0.006674578654310063,0.005672736208830153,0.016641894921546767,0.0,0.14607334030521943,0.1975557295202317,0.0,0.0,0.0,0.0,0.005588913059801268,0.4864745152679665,0.0,0.009086285483010135,0.0007915396591693035,0.08750297773865466,0.0022909614430293465,0.0007224125625340587,0.031126182881045777,0.060518825462433354,0.0028170543660788186,0.011746550598082033,0.004373989015535174,0.0018277011814312042,0.07515851503892043,0.09644008559753385,0.12622154869101923,0.1462171466038577,0.07496769606986509,0.9905838445363331,0.004514803781293817,0.00261764511288688,0.0,0.003751279388548332,0.001510034751698574,0.0,0.013357755128069955,0.00391364793698721,0.260762796348284
0.0,0.0,0.011384043859741434,0.0041503988204392855,0.07526261225257784,2.042486772578728,0.07836223033961685,0.8010414075157027,0.025977844190373984,1.3159212407895458,0.008708978388389028,2.4710528402354393,0.12148820394268474,0.005865507946867863,2.3593623114467124,0.032672663304791835,0.0014463900351093287,0.0015902180332854055,0.0011746514883132443,0.0,0.24364976781803038,0.008874006266563032,0.19920938824845696,0.038044005464285366,0.0,0.006087198539554031,0.05918643440782934,0.27165215272534754,0.02638448937092116,0.06634818798634133,0.0,0.011509344457249788,0.0009017870547881105,0.023276132999159052,194.94229530661366,2.9862479994599025,0.4524718648764158,0.2129677167450757,3.798217800009026,0.11017557626433583,0.21383903434821108,0.012373063894257009,0.6325497665259149,0.16251387029598766,0.04759913583651139,0.7508842572607711,0.0802628531010946,0.0790903866236349,0.013448876234724311,0.0,0.0014990119548134967,0.003047416764979729,0.0,0.004206828900757073,0.22922141707254473,0.0,0.030567628315632405,0.01857481388670717,0.025926801209651486,0.0,0.4784635307116978,0.0008523592150188422,0.0,0.08265116305278979,0.001252937359089538,0.0,0.0,0.0,0.0,0.0004991538671066406,0.004793460259711946,0.0038723042031144675,0.0,0.0,0.00043225405754360624,0.0014226420828556002,0.0,0.0019043230331811704,0.0,0.0,0.002039987026789409,0.0,0.02962973317624082,59.547336881920415,25.17574036697897
0.01759178011065141,0.05489588127763116,1.4908102020872747,0.6957755780205795,0.1783528600873615,1.0167214109191334,1.9803576595676384,2.292121924706109,1.2510235244753334,1.5311253545028982,0.7138790943886063,0.9719114396716237,1.3164936669331513,0.5815054267548485,0.13288690723346802,1.940637297740013,0.5010550128621458,1.2903367660729907,1.1254518091974068,0.2648190058232176,6.538139551069359,0.1690125622393254,11.122909051161564,2.6030912760290774,0.07342766356088752,2.708842801159543,12.473167328482509,7.735956688780454,0.753908637558583,1.9682087984339756,0.055086990281839776,0.4801540429793979,0.0704988819691935,1.207132022742327,2.9862479994599025,9.994100522953607,10.842458253161938,3.275240464242238,5.020691504035948,5.373486926728284,0.7643432524335858,0.44318701328359156,2.1722803944592117,0.25958519439928274,0.19676812452565076,0.19980247313646213,0.13045049803812828,0.014318152214411465,0.02359243505017541,0.0012869763034998797,0.23742326708141778,0.33586026905935695,0.13546345220467235,0.003385266794996981,0.027990802116256742,0.0012902101839581555,0.025058013686013524,1.7613832595918715,0.058760123263784325,0.0006572531262304846,0.2754907017014469,0.0023965215761957985,0.008557343440442313,0.010313156759634946,0.6895527854968337,0.06590454928806552,0.0,0.024789124529303617,0.060103455647308464,0.5067906513765815,0.30163295408856267,0.7001636818682857,1.53374858636736,0.0695823419480751,0.067342134451716,1.881434977038513,0.9078439375720495,0.015314998747221245,0.11306545835049171,0.0005512894953040058,0.006763945602275504,0.009371045592199688,0.07474898108714408,0.6521890415545375,4.775503428402807
0.002825213365142364,0.08672511777099552,0.4300213557738862,0.004416798956315711,0.006579066516359092,0.029830519822460214,0.058351183668293706,0.20756784954236646,0.044209876543058545,0.006169297495277894,1.4952186123865785,0.012176517140161151,0.80080000615349,0.05386083575284535,0.004915958410647436,0.2229101864195072,0.3082947918539864,1.9192524507216355,0.9037608475920431,0.0,0.6209702277985115,0.026532557545316977,1.5150908889324244,0.06633527716734823,0.1226729927812291,3.6003383872129096,4.081820887651067,0.28496980418588536,0.08475691362613794,0.1964207766053405,0.581551369911339,0.04776894863858494,0.004476261235853708,0.37771463991308946,0.4524718648764158,10.842458253161938,2.293799556701924,5.324324100881357,8.227708521732911,0.27625145138081886,0.06735324274802597,0.44464525321429366,0.1769209763013341,0.2844112583868691,0.217396643023678,0.10961182608015951,0.004348693266653579,0.002164903093340514,0.05892871594036417,0.0,0.22163828140535421,0.15536533235815217,0.0,0.0005951545693339155,0.0,0.0,0.004975596978635454,0.022226277539992508,0.0,0.06696436967813275,0.0006173739758587435,0.39101350560776715,0.005823111677196635,0.0006255532945640605,0.12012777222886871,0.05928580294863283,0.03512731668395465,0.1038327575376617,0.0,0.059029670197872516,0.0417860669325716,0.18287857567862895,0.03997110394787699,0.2812884465516007,0.899846653202802,1.952406993546463,0.03168341672385738,0.011276848658303236,0.0071336488082598,0.08546676917766302,0.01090471314249636,0.00045429210247214467,0.04246496383233256,0.10488843745574405,1.8868566468786356
0.01805411095832838,0.13007408986443733,1.1017048804340235,0.3727821256481618,0.019687089864923853,0.24845848190565561,1.215301767710433,1.6314929031210574,0.34455208925542974,0.9414802927349221,4.0210569779792875,0.34150768945670307,2.1533363399833454,0.46567939133267994,0.034377385157512194,0.5294164159554049,0.45718227708267745,3.7589856546022378,1.4047292484410931,0.17977968724530438,4.6751007339879385,0.08396355765885616,6.891255164413134,0.793086294087263,0.10169449718793794,4.003771498610908,9.925144201164823,3.6077601380214848,0.7410422701900576,0.8231324192567183,0.3907948934813952,0.17377777191979793,0.08997722276986943,1.5163654271935758,0.2129677167450757,3.275240464242238,5.324324100881357,4.823660005661739,5.7277931447383725,0.1507997846276687,0.0734559815250375,0.7824832514602809,0.2679826642240262,0.3234352127078539,0.4760686837337294,0.32619036749259606,0.03430793645046158,0.045695187187994736,0.13811902687812022,0.0,0.32581923862428924,0.30186123131612813,0.0,0.0016351405674477667,0.010692338632070125,0.0,0.08332747755876967,0.4732805864535282,0.0,0.013933979651264675,0.0012439367047707625,0.08630471482659952,0.05723578168500028,0.0009688587831312157,0.11776344540695899,0.09440298074011942,0.015710979362650417,0.11267742483895325,0.002415082608441048,0.014240691250743561,0.10259280652656663,0.30072670335502355,0.21932556317262428,0.2938625976387895,0.7472432207493596,2.642442674261321,0.037864444767271396,0.030145808096515406,0.002708934012162347,0.032039046088689106,0.06455608439571703,0.0012611333988848897,0.09588013676919052,0.052599410059566115,0.7506493754732084
0.006037126991931955,0.04868107258735686,1.1868940698984132,0.042967596538455124,0.0048456933464308665,0.04507319852949607,0.2943429264265346,0.3595890669121261,0.06915981169140888,0.10144424535006462,0.21157434913765671,0.06697605056354927,0.4828274638990772,0.11596339686345761,0.018962239946477725,0.707482252958611,0.3609658239564561,0.91802571743075,0.5705700151926993,0.016409204462596576,2.5973349570436484,0.022634720007735826,8.11729513360761,0.18702696308451505,0.018842731082709386,1.5993125430013746,8.795135708498005,1.3013576523164898,0.10529328973229334,0.24225894437316223,0.05200558014959557,0.03298780514755367,0.015113877368048144,0.5063291995766265,3.798217800009026,5.020691504035948,8.227708521732911,5.7277931447383725,3.3318241515954927,0.5370085750993061,0.4964173180519451,0.07252264322089025,0.2641977163254426,0.2678797111198393,0.14390625178164518,0.35093805295346303,0.014992120261731513,0.02391150956885241,0.02085888283148766,0.0,0.17514290887529657,0.33476725519514045,0.0,0.0,0.0012946599690525128,0.0,0.007837179336910808,0.07600873902756103,0.0,0.0019172174557654572,0.005946893442360092,0.004541086980889649,0.004909452256160045,0.0015500436122736026,0.1742169506596305,0.0951197050205117,0.0016562520800022377,0.03259750307382547,0.0,0.006498577736669356,0.10423960347951637,0.47882756583342445,0.02390338831399696,0.08263780627042071,0.20010841699980844,1.952658599170323,0.001025475257606373,0.0032963679293253785,0.0011692738991761584,0.0021457609626313644,0.005327582146940342,0.0,0.028305406164931095,1.0717593960151681,9.313244565592237
0.002702555051597739,0.039367266817258266,0.005920819080520661,1.2126061433206718,4.501612762990732,2.0229828212776466,0.2357981197868481,0.9463748715273821,0.6433934250567857,0.9659488362375688,0.2576554382634767,2.4064692600364164,1.6961248350305358,0.0841697796198531,1.0750470102103482,0.08590035323828366,0.0030276500285044508,0.05552565495638059,0.007284634136447343,0.5615891795458947,0.33376119108027835,0.08835121846532183,0.3446927935348273,1.4372435271730175,0.35209660767341044,0.019040068963523827,0.20283571998166364,1.1585880063754839,0.1969591324998427,0.08994297236319494,0.003176308148931242,0.8576257659176869,0.006279843841258852,0.49310797573372167,0.11017557626433583,5.373486926728284,0.27625145138081886,0.1507997846276687,0.5370085750993061,4.324137032167561,1.2913009109021552,0.07040994196368784,0.2696417818605407,0.005335358319623753,0.07778442486171025,0.054140248441207225,0.7564492645596472,0.020404123850748326,0.015541348246854348,0.0005820078963897579,0.0013992044718683849,0.0004970572913385736,2.3762502736045406,0.01883557664777343,0.15194176688047345,0.0016664226694878888,0.05484330784367668,0.3966944959337709,0.45223584915273296,0.0,1.8062188329927664,0.00350580366759273,0.012661700265975417,0.08091397802899762,0.017830854846823462,0.0,0.0,0.0,0.8106512705070408,0.0064589543946240455,0.05213430824587975,0.0019429761596811107,0.6177206220749926,0.004530915687927698,0.0,0.00456481142080156,0.2493536191615111,0.00961888562928979,0.008521644657278135,0.0,0.004351062128327098,0.0,0.19512994134212266,0.032104444679871065,0.27410916208715697
0.0007965843416853592,0.0006377746797460267,0.005456009290660731,0.06998629301739645,0.5785368788395574,0.2435289160451006,0.17148012040381927,0.11433312408129871,0.12076164179002986,0.21346748607275698,0.08332526164907351,0.15574989352430169,0.1645799196849346,0.024470601251933784,0.07046820524907742,0.019973128244627342,0.003148381114666983,0.02029838080022076,0.006993760250193885,0.0565756687112385,0.0958654429760379,0.009284762927755904,0.0588030981697522,0.22733590136947707,0.02046988781668729,0.016165854714600462,0.04937731924143643,0.4939922032900339,0.06231646639895199,0.049837431717250295,0.0027258865188370405,0.9468772944622923,0.0028559015979184267,0.13432194567770148,0.21383903434821108,0.7643432524335858,0.06735324274802597,0.0734559815250375,0.4964173180519451,1.2913009109021552,0.14939300061826533,0.013075012521208941,0.025986378223465004,0.006932938989767175,0.01514228658118866,0.02022503955598809,0.013171246263482287,0.002211143590313092,0.006000666113974147,0.0,0.0016346001894377569,0.00038053705184628824,0.0,0.0,0.0009168341418453852,0.0,0.0,0.13515492702981546,0.0,0.0,0.0024640425012003443,0.0,0.0029070001938522323,0.00028301059073845223,0.0028666833730073295,0.0,0.0,0.0,0.00019371792716244818,0.0,0.00920109895376371,0.0,0.016273425166520382,0.000753095465124463,0.0,0.0,0.0,0.0010819980615091927,0.0,0.0,0.0017333359533273592,0.0007254542857408249,0.007838154463261736,0.06164646962404387,0.3248856859763309
0.0016092407624244492,0.44116758448526255,0.0007247919898801674,0.0004673089028723341,0.007346814621273698,0.03687802651271991,0.005059638935844139,0.0844899098535001,0.025076823126555868,0.010238379382105445,1.4427175887878754,0.01584697952322169,2.4092767940009616,0.026943968980585684,0.002507305237194059,0.004142740371805605,0.0,0.0701780248010385,0.002135721814982918,0.0,0.0029855949718857007,0.10597954926891216,0.0032591903172655575,0.003171255322324412,0.7897237436236118,0.10605569655826966,0.2129708721744007,0.007622646696541985,0.0587116927639823,0.003165519122625301,0.1801398309256508,0.10080187149121334,0.0,0.4466601930763678,0.012373063894257009,0.44318701328359156,0.44464525321429366,0.7824832514602809,0.07252264322089025,0.07040994196368784,0.013075012521208941,1.5581562720288116,0.03779036349304918,0.020833165632672495,0.1080554820937388,0.056234303816102726,0.017225049836010742,0.010828666923740748,0.05754868157591521,0.0,0.03600407790829837,0.0006171574675052395,0.0009795555458173837,0.000416759397231695,0.008227066075537743,0.0,0.036124425018167663,0.0030779247454874826,0.0,0.05869565635929291,0.00036673628124581233,0.30541534597372555,0.02930798349961236,0.0021230978519714387,0.0,0.0,0.003037774540293771,0.0006146355591556932,0.0008342294137331147,0.0006209940647946271,0.0045371398025404125,0.0,0.0006327054837872961,0.3651434732428474,0.03464514339493194,0.10652500125040432,0.0,0.018613834823074334,0.0,0.02186430768933731,0.02659945555560416,0.0,0.03061198070932679,0.004603895913544893,0.03868123527459589
0.0002946282038748862,0.15751180964903408,0.20583537619977083,0.006733267096411877,0.011818974522774197,0.008235385061341373,0.0317569753422605,0.02191758656118805,0.8137930640804264,0.0076896520275470115,0.008327380101989511,0.05498282556151615,0.10118870092192847,0.006158651436997441,0.004071491509540124,0.849237988954394,0.12538192677986307,0.0036490510678553367,0.030963598108349585,0.01119075108929138,0.5806677345061884,0.21199336459684603,0.5393380935766829,0.76426379204152,0.24468978130583266,0.33361617887448386,3.4164691340149536,1.1712533908279061,0.02320457180695373,0.25401251929012497,0.0027634430881574405,0.015641122828754975,0.0019323676291545019,0.08995584315168202,0.6325497665259149,2.1722803944592117,0.1769209763013341,0.2679826642240262,0.2641977163254426,0.2696417818605407,0.025986378223465004,0.03779036349304918,9.051465708582354,18.54023045396961,3.137820899987066,2.968538865476839,2.138503758672,0.7802477279930883,0.5999117569091008,0.2086402687596971,0.211169198505994,2.720755232073179,1.664811965373048,0.021053044435728398,0.39641232684947575,0.5615314843852415,3.145417861993518,1.5352829979926366,1.2505487227113166,0.363144531283665,1.6584096274528957,0.08339610445671308,2.192271891105341,0.1635438409834764,1.8026856526122887,0.7074989848307767,0.7778327321422127,0.8061536158540432,0.3600793440179092,6.122465077359406,0.2851668502187425,11.826458155387824,2.739459317545714,0.04225546904264289,2.7657820644540183,10.830026775573634,8.685151037175677,1.6034527204332245,1.4392283936135266,0.09224515760792797,0.5813261167118462,0.08432071602938222,1.6393832847861882,3.4395814152535786,4.525868969158964
0.0,0.1453768795643681,0.18357918042237534,0.0,0.0024802743505399323,0.0008091802197592044,0.0,0.004378359443093815,0.011814358406124815,0.0,0.09166208662359558,0.0011892204279544904,0.17499509222072765,0.0015879722934892425,0.0006647505870232106,0.09925089780212767,0.13037923797435577,0.14771695130879695,0.10781525303416185,0.0,0.042594380347798555,0.027959124931115194,0.35284534105799314,0.006679849301524218,0.11430492055379966,1.4295978129751807,4.071206878207677,0.00912939231783753,0.0016026376364375997,0.0,0.2795279599312542,0.0024572177531285736,0.0,0.10524174720224178,0.16251387029598766,0.25958519439928274,0.2844112583868691,0.3234352127078539,0.2678797111198393,0.005335358319623753,0.006932938989767175,0.020833165632672495,18.54023045396961,3.0266891250098866,4.112290836580673,6.503241721930391,0.08413936553990002,0.11748219866123667,0.9578269463324324,0.010024710110057816,0.22425388229734247,1.6653499077452516,0.01241534226400942,0.0017586893466787264,0.004873674467198309,0.1748960554501603,0.2171957982594948,0.00881277460889742,0.014100213693633996,0.3733293019311862,0.00456733614305619,0.5431635477612137,0.13255012357879217,0.0025648890997810674,0.2896350767814367,0.6234344499026179,1.8384881141105653,1.5372160511053095,0.0,0.8998940844551315,0.11886757863370866,4.240383597908567,0.10183903046166981,0.17639181003923043,5.394578708802377,6.270879380456436,0.4221841479191292,0.08222775213852021,0.179445964618848,0.6783480771675835,0.029259312329752388,0.016594424112202757,0.5885841647615746,0.6117017836400008,3.3175949909026974
0.0,0.12063458783200796,0.11464388633778186,0.0,0.0037304073284967986,0.016513404979039976,0.002241236682156442,0.05108801895148628,0.3543708324146426,0.0,0.0746395325158979,0.008490745882168553,0.2104125246870171,0.011966226772912583,0.0007900098688285233,0.12640464671027898,0.08752900389884043,0.10369842761917623,0.09461650662476143,0.004949137869384531,0.03557441161530684,0.05541522146422873,0.2031307281303713,0.10536515259406685,0.18894039000715948,1.0280926656883367,2.8984696772497416,0.047661302251812185,0.024354764534346075,0.009348870639964393,0.11863051061773819,0.05130403427634207,0.0,0.07848917644931419,0.04759913583651139,0.19676812452565076,0.217396643023678,0.4760686837337294,0.14390625178164518,0.07778442486171025,0.01514228658118866,0.1080554820937388,3.137820899987066,4.112290836580673,3.518439318930236,3.203487087133374,0.23839392216417285,0.20113612314303903,1.613880892507191,0.1251113294339335,0.23499580904001824,1.326995017396593,0.9195613099897755,0.015936242897833314,0.21498498240795808,0.8095492797849438,1.920372176527187,0.6114843250929721,1.1571422871726498,2.1411009070700153,1.0407445854694788,1.2763155926743308,1.5378168372322472,0.05311272352428965,0.3311079905445762,0.4188295957913824,3.265191767471484,1.0041971012345963,0.24742593732021456,4.2885243305277445,0.13300329860151708,6.026196561455378,0.9397281624522679,0.2339741082573344,5.8142318178856645,7.02736636023284,4.154492715327926,1.660107538370033,0.8504291526002865,0.9986906316580305,0.6660228653668155,0.22186593187613993,3.372356109678043,0.25307904903006195,1.1670850246686173
0.0,0.06685259074701078,0.11012307288038505,0.0,0.009755667324951128,0.021374904003468767,0.0,0.06607982343353849,0.06825455729673657,0.0,0.022673101862959566,0.005005189411821836,0.07229198165517305,0.01149433232755226,0.006313207881349076,0.08288550116141448,0.06766449745143326,0.018551986974301174,0.02900011052843747,0.0002177572809366958,0.012030194249830355,0.03162133488805086,0.19955132009136045,0.0340656992637304,0.038771286745566805,0.38339732875551386,1.954420624442106,0.016680345663332364,0.028215216447342848,0.005059194474119213,0.017981887199694627,0.04156305868822815,0.0,0.041815334738511595,0.7508842572607711,0.19980247313646213,0.10961182608015951,0.32619036749259606,0.35093805295346303,0.054140248441207225,0.02022503955598809,0.056234303816102726,2.968538865476839,6.503241721930391,3.203487087133374,2.4233099453414275,0.7406643312384549,0.3749598375158497,0.469959523706404,0.029405661154006803,0.1195073851152915,1.1772602423923557,0.23961813202769058,0.0028870150279920745,0.055907429220076944,0.33022074502091114,0.6813460790529914,0.143565925339254,0.19714459973251436,0.12199740713078869,0.1826548638633072,0.07644398345454301,0.4322778206206,0.016112868989432542,0.3757753260644491,0.28865763892920426,0.6921486939096811,0.4738462823042826,0.029420683822320166,2.373559804775979,0.07657194665565717,5.602089750714108,0.29766586944399853,0.03899018682372006,1.8857418198248581,5.0222298131633245,1.9684165124816884,0.337785180922217,0.2611797566421072,0.1396998476993908,0.12372898865485964,0.03383682367547526,0.6284282420517198,1.956313223853686,6.065555225339458
0.0,0.0016694452770795918,0.00029274502493062263,0.6243422335109702,0.05413461789823417,0.09224661541370549,0.0020885708303068078,0.008375444293575507,0.19471296661350726,0.12017223849102157,0.0003287670148601847,0.6643708249046011,0.3128382443685657,0.0010327691161296526,0.07149702398062945,0.011899511003567044,0.0,0.0,0.0,0.1496525733139201,0.0,0.012072193637124256,0.0005609064760142283,0.4267697663960684,0.5134138964197659,0.00022835267539662038,0.016071576920481154,0.13268966570184693,0.0002102542058621235,0.006383158694594395,0.0,0.002754070078432411,0.0,0.006674578654310063,0.0802628531010946,0.13045049803812828,0.004348693266653579,0.03430793645046158,0.014992120261731513,0.7564492645596472,0.013171246263482287,0.017225049836010742,2.138503758672,0.08413936553990002,0.23839392216417285,0.7406643312384549,3.349616560963076,0.7344566812310289,0.07212565679672177,0.0030998000709411447,0.07066593079943562,0.018613094549573717,2.101717541387494,3.164496469687475,1.8951998348908081,0.023361797186197377,1.2093323377290293,0.6176678821200844,0.7405990324462033,0.1118786723698452,2.0171744361323065,0.040927902428365935,0.43260266626927874,1.663811111582307,0.019451138306394663,0.003730521535165144,0.04184936185910909,0.00166507253616626,0.815161799790589,0.12061140826153144,0.1272698882264445,0.1402144259332951,1.0579273939764724,0.009264293959612712,0.032687276590495466,0.12689468702865236,0.7751806478204385,0.23457788061402168,0.01582470033474147,0.009863057078165833,0.8334844802838837,0.004782512058369319,1.3071531598009245,0.18163405813243366,0.20160018793799003
0.0,0.0006206692210940376,0.0,0.0,0.002457714136814318,0.004954760335908922,0.0,0.007482151444298296,0.047571345357815646,0.0,0.002042712753862643,0.0029177794256038197,0.027761697911739065,0.002694687048203014,0.0005761837486272868,0.0009342518627952672,0.0006556216023969347,0.00046796751901091233,0.0,0.00023187122023719548,0.0,0.005483571897155288,0.0014969190046539487,0.0026827352026633326,0.022811963737980282,0.0006800190797111614,0.009519508687356305,0.0,0.0035258874554159616,0.0,0.0,0.007338787415785529,0.0,0.005672736208830153,0.0790903866236349,0.014318152214411465,0.002164903093340514,0.045695187187994736,0.02391150956885241,0.020404123850748326,0.002211143590313092,0.010828666923740748,0.7802477279930883,0.11748219866123667,0.20113612314303903,0.3749598375158497,0.7344566812310289,0.6959057760170214,0.12254193509618763,0.0032952876332706183,0.0025233436576134797,0.012339408858497991,0.11262089303867134,1.2087301207178085,0.3345944778087396,0.017884900372535335,0.23071910958995356,0.09696229723902167,0.1312306700617512,0.11826980591505881,0.15046021068844243,0.03739332056079554,0.10686082794735688,0.08597472889027234,0.006643609531572506,0.002057894096662238,0.038565285310855534,0.005357578646079099,0.03244565148224132,0.04028347213247986,0.004408077230341883,0.046024611885534784,0.14958343827612014,0.0028339639877572233,0.04084849705626067,0.05591998709690332,0.3563065785021593,0.12131450208022497,0.018060564013885023,0.008876933999555685,2.4719812532856973,0.004601825068774634,0.5718716930546502,0.28539059185063603,0.40424053906894625
0.0005234640592486137,0.024202763224069817,0.0,0.0,0.002680051467712647,0.011976197155754695,0.0,0.04120397026288666,0.0025098496026710023,0.0009308043149453907,0.13494335921728487,0.002730052153627916,0.2368489437163978,0.00866369593141085,0.0010563006412002195,0.0002203715340763589,0.0,0.009982842759850279,0.001864384114382425,0.0,0.0,0.004615791480982195,0.0004602254378702753,0.0,0.07616417071816024,0.048292431759334974,0.10418750428327352,0.000468798865632965,0.014190599099383567,0.0,0.11476947352070355,0.01960192515957255,0.0,0.016641894921546767,0.013448876234724311,0.02359243505017541,0.05892871594036417,0.13811902687812022,0.02085888283148766,0.015541348246854348,0.006000666113974147,0.05754868157591521,0.5999117569091008,0.9578269463324324,1.613880892507191,0.469959523706404,0.07212565679672177,0.12254193509618763,1.1340787173373146,0.0,0.05105741732746326,0.010120140495948034,0.0036726388574998985,0.0023577883616270824,0.019146447807796074,0.0006227277550294326,0.09195274567901604,0.017061871586373813,0.005840034935492131,1.1200185145605734,0.022475189269081285,1.7383755692584353,0.09240324106589239,0.007858744699892863,0.002629812898587685,0.0016085684014416329,0.11417089398240267,0.0014478884666420952,0.002325684626348923,0.013131149211332878,0.016954860114000183,0.02097052630284049,0.006074575225905279,0.2617127808357711,0.21854427129593407,0.22194546108712707,0.019086359610238128,0.07411511026784219,0.0014608245837243467,0.2779536601998137,0.1062008556282655,0.000875789872413598,1.3086446042178832,0.043775974484102406,0.1222549345638589
0.0,0.0,0.0,0.0,0.0,0.0,0.0,0.0,0.010539355539475066,0.0,0.0,0.0,0.0008589443482469991,0.0,0.0,0.005436913399988575,0.0,0.0,0.0,0.0,0.0,0.003531362611301701,0.0,0.0,0.0033283681859484536,0.0,0.0,0.0015136610366370787,0.0,0.0013529791537493833,0.0,0.0,0.0,0.0,0.0,0.0012869763034998797,0.0,0.0,0.0,0.0005820078963897579,0.0,0.0,0.2086402687596971,0.010024710110057816,0.1251113294339335,0.029405661154006803,0.0030998000709411447,0.0032952876332706183,0.0,4.047385005356419,0.0,0.004266891759640561,0.027408676604044398,0.0,0.0013784685209486036,1.4631261783195737,0.13561354206166895,0.028521818020425888,0.03218552497488497,0.0024795020959253837,0.0005988697899082574,0.0,2.761515254987574,0.0,0.007054136480703215,0.14403368168009723,0.0007565973429885653,0.05297688336398683,0.0015628307817819945,0.1063033266888602,0.0038695357804424033,0.06832257748697387,0.0753488341339655,0.0,0.003716476739465915,0.008667314031673371,0.6808890066093349,2.7495135646901976,1.479161635047541,0.0,0.0007626985657065493,0.018998622035092186,0.21710528181775976,0.0,0.03355064193542291
0.0,0.9636174648983725,0.1295900914467917,0.0,0.0003340593480835133,0.00043334057665776813,0.0,0.0035407658705067626,0.09689508788636735,0.0,0.08173407855455928,0.0,0.21626552547499245,0.0032514824358948285,0.0,0.04753263577734421,0.15041659840590776,0.05159858550367793,0.09132507666601182,0.0,0.0,0.05790746133751049,0.02648325547898951,0.016580798141929413,0.363404322232836,0.9286277248247473,5.8629335095386725,0.0014134362840309241,0.018945863708631664,0.0,0.09625339147517356,0.010869195707400081,0.0,0.14607334030521943,0.0014990119548134967,0.23742326708141778,0.22163828140535421,0.32581923862428924,0.17514290887529657,0.0013992044718683849,0.0016346001894377569,0.03600407790829837,0.211169198505994,0.22425388229734247,0.23499580904001824,0.1195073851152915,0.07066593079943562,0.0025233436576134797,0.05105741732746326,0.0,3.242717444952822,0.06988008365679384,0.0021968265087084103,0.0022066998524090642,0.002209636514139116,0.003975932509246227,0.00025993881447351893,1.675584079595143,0.0,0.05582736402780639,0.002986165247637604,0.2872963798190562,0.0011237305471968678,0.07874247937204029,0.7047117879866828,0.09931811337784172,0.02021972300694666,0.1307315975408538,0.0,0.010949026844995323,1.923217783953776,0.04080733927010841,0.9348729637208136,2.3385999731857865,0.39502872101712444,13.792641884401817,0.024950417151357675,0.01906292988630228,0.007849766529758257,0.045933147252473196,0.001884300880702762,0.0012379512850711474,0.08108672803393689,0.0021495198257918333,0.02768041877644898
0.0,0.08127095507851255,0.6700101325699739,0.0,0.0014500460554490462,0.0,0.0,0.0,0.014983326091229246,0.0,0.0011275511809860587,0.0,0.0,0.0,0.0,0.03654647527402816,0.2473215866656988,0.0,0.017970326013472836,0.0,0.009098251844512309,0.016519682747247428,0.6356179086085011,0.00043205272804368127,0.003285939813407759,0.14799302302596526,5.037919508526433,0.0,0.0,0.0,0.0,0.0,0.0,0.1975557295202317,0.003047416764979729,0.33586026905935695,0.15536533235815217,0.30186123131612813,0.33476725519514045,0.0004970572913385736,0.00038053705184628824,0.0006171574675052395,2.720755232073179,1.6653499077452516,1.326995017396593,1.1772602423923557,0.018613094549573717,0.012339408858497991,0.010120140495948034,0.004266891759640561,0.06988008365679384,20.70708541099972,0.010132954965747416,0.00047964365596246976,0.002445594431011561,1.4031902730134547,0.7980419985153928,0.002573555359355914,0.047275443834817556,0.045150006098983925,0.0,0.00025033473984735244,0.3612699826405155,0.0,0.02735345853218638,13.496108298112595,0.2701102882964956,1.9645836012591953,0.0,2.5336058503440766,0.05039272944452768,9.844195043139347,0.027505153289145278,0.0036509006287504604,9.409508692575415,15.077127119654627,1.0041223082182504,0.05461180174115703,0.1283491813810729,0.0002412718549345978,0.006896892107600029,0.02315526293584612,0.7401998837118232,0.02180518470182039,0.39607282461071663
0.0,0.0,0.0,0.3780844141025359,0.0010325077476349242,0.005709989444590067,0.004040002856041541,0.0,2.2315277046604076,0.047602405621316506,0.0,0.529931755675326,0.034536970266766095,0.0,0.0601500270081153,0.00043828330922681254,0.0,0.0,0.0,0.0848761879752661,0.0,0.009927892604227762,0.0,4.160807176641667,0.15029779280196534,0.0,0.0,0.1850946587141123,0.0,0.0,0.0,0.0,0.0,0.0,0.0,0.13546345220467235,0.0,0.0,0.0,2.3762502736045406,0.0,0.0009795555458173837,1.664811965373048,0.01241534226400942,0.9195613099897755,0.23961813202769058,2.101717541387494,0.11262089303867134,0.0036726388574998985,0.027408676604044398,0.0021968265087084103,0.010132954965747416,21.69932242261554,0.09269902942390805,1.7672653398705955,0.053050847888203245,1.4087696909292249,3.9547434520685245,11.530287250461365,0.001114359783184575,5.720979167727213,0.0020087850128180673,0.8348565821415741,0.7546327747202753,0.00457430513082212,0.0,0.0,0.0,11.891050638363232,0.004935179533625767,0.04030320649551789,0.024315462478034795,8.834323666354539,0.0,0.0,0.012256911789313282,4.346672331428438,1.0718509013957362,0.005816072003593009,0.0,0.007502863395854209,0.025264109034808146,0.48151746228933334,0.009117391310128637,0.42055184290222464
0.0,0.0,0.0,0.0,0.0,0.0,0.0,0.0,0.0034664292073381875,0.0,0.0,0.0019856176720061975,0.0,0.0,0.0,0.0,0.0,0.0,0.0,0.0,0.0,0.0013081627362781531,0.0,0.0020653648253563307,0.0028461269032376254,0.0,0.0006683347174984871,0.0,0.0,0.0,0.0,0.0,0.0,0.0,0.004206828900757073,0.003385266794996981,0.0005951545693339155,0.0016351405674477667,0.0,0.01883557664777343,0.0,0.000416759397231695,0.021053044435728398,0.0017586893466787264,0.015936242897833314,0.0028870150279920745,3.164496469687475,1.2087301207178085,0.0023577883616270824,0.0,0.0022066998524090642,0.00047964365596246976,0.09269902942390805,1.1713187985778086,1.4651384946615595,0.0003649753177767755,0.04304297104559068,0.0986902614745333,0.009201613641361146,0.05469720752241818,0.043708505819268384,0.012615859451756879,0.007321030957478523,1.0027744239508734,0.0002154123374566889,0.0003123004750109399,0.005083675746281094,0.001536827132837069,0.028759606896657196,0.0015400833892523945,0.020626185188962327,0.0056074421921028786,0.09803306127136457,0.000459290030872374,0.0029050165936690287,0.006309983200195963,0.00881995132509176,0.005900477238658275,0.0015597309406118077,0.0006607026762820792,1.1595229144869486,0.0005930781779237262,0.27401986314640775,0.028126042752428457,0.01067855883047412
0.0,0.0,0.0,0.0018733981618072907,0.0005566908673507019,0.004005466039822552,0.0,0.0,0.12068979073854061,0.0003644572345534776,0.00028806173982492695,0.019090714561318584,0.016925807463574666,0.0,0.007709101631503988,0.0,0.0,0.0,0.0,0.0045616209123616,0.0,0.0,0.0,0.015757530985536145,0.019123185741197427,0.0,0.0,0.0,0.0,0.0,0.0,0.0,0.0,0.0,0.22922141707254473,0.027990802116256742,0.0,0.010692338632070125,0.0012946599690525128,0.15194176688047345,0.0009168341418453852,0.008227066075537743,0.39641232684947575,0.004873674467198309,0.21498498240795808,0.055907429220076944,1.8951998348908081,0.3345944778087396,0.019146447807796074,0.0013784685209486036,0.002209636514139116,0.002445594431011561,1.7672653398705955,1.4651384946615595,20.511164421146606,0.46083490681553746,13.544097761943215,0.39675391615354444,15.210948274868235,0.07548824762908829,4.863366883337173,0.017984877027997333,0.4000870665712432,2.011143529805249,0.0,0.0,0.006525768001286033,0.0,0.4704209640883935,0.004970398478325153,0.03244302057565357,0.011897573102285232,0.33049530525165055,0.0009924357365353911,0.0036825923974964482,0.0012877669026112642,1.689672677583145,0.17793563529998588,0.002951490441840655,0.0024674499103171,0.9267247556722525,0.001767346434005155,0.23939293710850154,2.0385975238642176,0.13268610070051493
0.0,0.0034938118050754363,0.0,0.0,0.0,0.0,0.0,0.0,0.004865575967094851,0.0,0.0,0.0,0.0005254433709321914,0.0,0.0,0.0034338490562779212,0.0,0.0,0.0,0.0021873521307571395,0.0,0.0020434544884293583,0.0,0.0,0.0009200953225946696,0.0,0.0,0.0008378966355797505,0.0,0.0,0.0,0.0,0.0,0.0,0.0,0.0012902101839581555,0.0,0.0,0.0,0.0016664226694878888,0.0,0.0,0.5615314843852415,0.1748960554501603,0.8095492797849438,0.33022074502091114,0.023361797186197377,0.017884900372535335,0.0006227277550294326,1.4631261783195737,0.003975932509246227,1.4031902730134547,0.053050847888203245,0.0003649753177767755,0.46083490681553746,53.11059066754399,8.070149510448884,0.012296109934061031,8.388870254462775,0.006487616832168532,0.018253530236057344,0.001094533657077214,8.902759116258874,0.003926750263868954,0.006862824712985534,3.250885444738327,0.0018258488472161314,0.5337877220747497,0.0011461960892492876,0.879470227053047,0.00350962102751154,3.482554839660105,0.05218996316297913,0.0,0.10345915417801192,0.1327377305157392,14.058198234978017,1.016434861031005,12.376632136260529,0.0,0.004133121091269082,0.04440999594202659,0.5698704610366624,0.004762611039094961,0.08923010014304211
0.0,0.0,0.0,0.0007889152056235802,0.0015386777624749983,0.0,0.0,0.0,0.22242629917817083,0.0,0.0021369041150982536,0.012589593717312558,0.03342014413632971,0.0,0.0005122036767784228,0.0,0.0,0.0,0.0,0.008194473600114206,0.0,0.01775648874587828,0.0,0.006933482492835309,0.018029747274932395,0.0,0.0,0.0,0.0,0.0,0.0,0.0003137416543972447,0.0,0.005588913059801268,0.030567628315632405,0.025058013686013524,0.004975596978635454,0.08332747755876967,0.007837179336910808,0.05484330784367668,0.0,0.036124425018167663,3.145417861993518,0.2171957982594948,1.920372176527187,0.6813460790529914,1.2093323377290293,0.23071910958995356,0.09195274567901604,0.13561354206166895,0.00025993881447351893,0.7980419985153928,1.4087696909292249,0.04304297104559068,13.544097761943215,8.070149510448884,29.327751084642376,0.5388159854273781,11.554512531866445,0.7318971576936452,2.6031493259311698,0.15322146838695164,16.271393640297486,0.4798933416372231,0.027634441541945748,0.4044438281832187,0.22441227983040882,0.009479515790281497,0.6034085394674513,0.4006678702515257,0.01196456831405456,1.5534949676482543,0.4670641962132936,0.009910122779871449,0.1376692570593843,0.0068253691872099875,5.945459409819333,0.9545540861046836,0.5133836692751037,0.04302416018456737,1.823169135649218,0.048710121071038434,0.9309306732465426,0.2687890653472136,0.38176919735515025
0.0006145789293151664,0.04842217052105078,0.0007039427116373833,2.4181257034942005,0.02879809871063484,0.22104036628687146,0.11961515554387214,0.6936324529565102,0.6821563378912864,1.1750415508127119,0.0006349232874581218,0.2330817784670839,0.067934382446459,0.23039793474814438,0.048389306409084384,0.10626698032872384,0.0005638185566596561,0.0,0.0,0.2995285419058934,0.03229740591006746,0.07865619727578872,0.011819221889385298,1.4236418928498809,0.0257205958479894,0.0013655388839651586,0.21097439718477556,1.9341738870801959,0.3107346824046225,0.08020414654447858,0.0,0.01761949899710719,0.017490760078110925,0.4864745152679665,0.01857481388670717,1.7613832595918715,0.022226277539992508,0.4732805864535282,0.07600873902756103,0.3966944959337709,0.13515492702981546,0.0030779247454874826,1.5352829979926366,0.00881277460889742,0.6114843250929721,0.143565925339254,0.6176678821200844,0.09696229723902167,0.017061871586373813,0.028521818020425888,1.675584079595143,0.002573555359355914,3.9547434520685245,0.0986902614745333,0.39675391615354444,0.012296109934061031,0.5388159854273781,5.212338757697538,0.5015652721846012,0.013534427892614607,0.6845479413024672,0.014466535356783165,0.4577180322388974,0.6636079916637693,0.06327751601365657,0.002476246948838035,0.0,0.0028762672903324036,0.8092814051221994,0.009933422834189177,2.4425541551531302,0.007102263295206578,5.591835624583682,0.6167459967479814,0.007153707379164088,1.483976762728409,1.1633316427112268,0.44812824218561675,0.03188635810439344,0.0,0.0714405308580142,0.02064138225175113,0.2461485562978872,0.011957604250622611,0.6455664366341789
0.0,0.0,0.0,0.0005076353018173538,0.0007561144876928139,0.0,0.0,0.0,0.40710275638220594,0.0,0.0,0.0301743678129946,0.0057530995262310295,0.0,0.0023976175110693994,0.0,0.0,0.0,0.0,0.04667760145848762,0.0,0.0006068801660792996,0.0,0.06566360641651857,0.018727535827261724,0.0,0.0,0.0,0.0,0.0,0.0,0.0,0.0,0.0,0.025926801209651486,0.058760123263784325,0.0,0.0,0.0,0.45223584915273296,0.0,0.0,1.2505487227113166,0.014100213693633996,1.1571422871726498,0.19714459973251436,0.7405990324462033,0.1312306700617512,0.005840034935492131,0.03218552497488497,0.0,0.047275443834817556,11.530287250461365,0.009201613641361146,15.210948274868235,8.388870254462775,11.554512531866445,0.5015652721846012,99.71930957637971,0.0052253743758717205,15.252261635841462,0.0,2.7193474428367574,0.2392631422445528,0.0,0.00043974767627357115,0.0,0.0,8.544011057417324,0.016864509855007793,0.0003088700811595806,0.060452992704631094,0.17728520528489175,0.0,0.0,0.0012427467746434718,9.412957337158334,1.3038300587177494,0.019261653425990444,0.0,0.02291648545898739,0.0034565515886662928,0.6638012640063504,0.18725151973426424,0.29373405130995306
0.0,0.019854584455616185,0.0,0.0,0.0,0.00022721485662759261,0.0,0.0019103499038677404,0.0010236016026486674,0.0,0.2281077171365821,0.0014759891783771295,0.3236980336240606,0.0,0.0,0.0,0.0,0.03325654988870036,0.0008789723720466673,0.0,0.0,0.0009221572927411252,0.0,0.0,0.1444693874792913,0.1779301110225161,0.12913270856717085,0.0,0.001631919674243891,0.0,0.17312438002605524,0.0036107929838716767,0.0,0.009086285483010135,0.0,0.0006572531262304846,0.06696436967813275,0.013933979651264675,0.0019172174557654572,0.0,0.0,0.05869565635929291,0.363144531283665,0.3733293019311862,2.1411009070700153,0.12199740713078869,0.1118786723698452,0.11826980591505881,1.1200185145605734,0.0024795020959253837,0.05582736402780639,0.045150006098983925,0.001114359783184575,0.05469720752241818,0.07548824762908829,0.006487616832168532,0.7318971576936452,0.013534427892614607,0.0052253743758717205,24.690380308086883,0.04010812270151624,7.582843320116609,1.7790124051156901,0.021123584599755562,0.0,0.047998796836910364,7.836244366216999,0.5096482925225259,0.0006251167604756585,0.02991601161722481,0.010619754368899696,0.06039468377445401,0.002058608666221843,0.39987590294642006,2.1309769820746096,0.34708871739969627,0.0055229269306418085,3.525696722000444,0.026468773932747658,0.9304879159364043,1.5583236621668044,0.027584939783053524,10.389882647436695,0.0031741542939599347,0.06507373676685045
0.0,0.0002607837435991273,0.0,0.843193407819572,0.01669168398285732,0.03817115968120584,0.0008306447691790188,0.002889611694224743,0.47079639438947085,0.04524049931247337,0.0,0.667122654262267,0.04302028063463972,0.0,0.06876991177613032,0.00035857108617965165,0.0,0.0,0.0,0.29061469683061764,0.0,0.0010993641040092893,0.0,0.7397856721974458,0.08710861871722082,0.0,0.0,0.11143933599721262,0.0,0.00329793543681747,0.0,0.0006860576118699092,0.0,0.0007915396591693035,0.4784635307116978,0.2754907017014469,0.0006173739758587435,0.0012439367047707625,0.005946893442360092,1.8062188329927664,0.0024640425012003443,0.00036673628124581233,1.6584096274528957,0.00456733614305619,1.0407445854694788,0.1826548638633072,2.0171744361323065,0.15046021068844243,0.022475189269081285,0.0005988697899082574,0.002986165247637604,0.0,5.720979167727213,0.043708505819268384,4.863366883337173,0.018253530236057344,2.6031493259311698,0.6845479413024672,15.252261635841462,0.04010812270151624,44.575828157378474,0.006102199264818781,1.5778052608743607,0.6078611909706094,0.0008279245887456842,0.0,0.0029620951844180642,0.0,19.866897886813774,0.0,0.013422957990505411,0.0,1.0691711824152663,0.0006345475093691916,0.0,0.0,0.28696522662618346,0.5969897381730974,0.0,0.0,0.08951266073894379,0.0005454138179040363,0.5791461511090825,2.1553430312207698,0.33201658615395313
0.0,0.2221271267204542,0.0,0.0,0.00217793710185278,0.0015624294756211483,0.0,0.009823496101998449,0.0,0.0,1.3656174582882645,0.0001993660299858994,2.4675101729497193,0.004299809903996492,0.0,0.000312873321156943,0.0,0.16647901813506952,0.0032211673972852004,0.0,0.0012264300481850433,0.006924179384301351,0.0,0.0002791980739832576,0.8846535139718095,0.859287277741023,0.9479244521169808,0.0007640221292702298,0.006053486928068016,0.0,1.2115482426361994,0.015004346111282195,0.0,0.08750297773865466,0.0008523592150188422,0.0023965215761957985,0.39101350560776715,0.08630471482659952,0.004541086980889649,0.00350580366759273,0.0,0.30541534597372555,0.08339610445671308,0.5431635477612137,1.2763155926743308,0.07644398345454301,0.040927902428365935,0.03739332056079554,1.7383755692584353,0.0,0.2872963798190562,0.00025033473984735244,0.0020087850128180673,0.012615859451756879,0.017984877027997333,0.001094533657077214,0.15322146838695164,0.014466535356783165,0.0,7.582843320116609,0.006102199264818781,17.901599792876823,0.2920901962406917,0.004134867863457014,0.000450031579553831,0.0009031996081011837,0.19699069835986308,0.004348597282726556,0.0,0.004257334628527681,0.06383989823409378,0.0031086572702123945,0.002766020976984796,3.9852616327523562,0.6294156031538851,4.157437349649357,0.011049376153488163,0.5491577410681807,0.001118641491561625,1.9484954685250204,0.5164795738596771,0.001361863477442577,2.0986287445919682,0.011795769992418242,0.019900411660274397
0.0,0.0,0.0,0.0,0.0009858230865619848,0.0,0.0,0.0,0.1821484675726157,0.0,0.0016286314908281721,0.011074212478245513,0.01807426551315972,0.0,0.0,0.0,0.0,0.0,0.0,0.00961776151477981,0.0,0.018068950695752182,0.0,0.0,0.010846504511802534,0.0,0.0,0.0,0.0,0.0,0.0,0.00047187603322151883,0.0,0.0022909614430293465,0.0,0.008557343440442313,0.005823111677196635,0.05723578168500028,0.004909452256160045,0.012661700265975417,0.0029070001938522323,0.02930798349961236,2.192271891105341,0.13255012357879217,1.5378168372322472,0.4322778206206,0.43260266626927874,0.10686082794735688,0.09240324106589239,2.761515254987574,0.0011237305471968678,0.3612699826405155,0.8348565821415741,0.007321030957478523,0.4000870665712432,8.902759116258874,16.271393640297486,0.4577180322388974,2.7193474428367574,1.7790124051156901,1.5778052608743607,0.2920901962406917,27.04204851079442,0.08467080515324382,0.022269912983130583,1.1838242332902837,0.5666106681243239,0.07514619420654362,0.31401930041315723,0.3687196580888281,0.021373812560020647,0.7190013978415424,0.46191253168969576,0.022969204066094904,0.3356254928473507,0.029352779299817278,4.479904940515363,8.671762910987903,2.3178170650349306,0.10058162689402035,0.8338048497129964,0.05601980552431613,1.1847645736049988,0.015538893276978478,0.306762566592404
0.0,0.0014755858159010006,0.0,0.024557739600573246,0.002546689924911441,0.003947281449077756,0.0,0.0004196327190397873,0.022876037250418858,0.0,0.0,0.03949700061405487,0.010673568951465933,0.0,0.007917659269033461,0.0013872332536742288,0.0,0.0,0.0,0.012608358378884018,0.0,0.0006000126141815827,0.0,0.051756683951098365,0.016556686127172492,0.0,0.0005052261120132547,0.001469049574274291,0.0,0.0,0.0,0.0,0.0,0.0007224125625340587,0.08265116305278979,0.010313156759634946,0.0006255532945640605,0.0009688587831312157,0.0015500436122736026,0.08091397802899762,0.00028301059073845223,0.0021230978519714387,0.1635438409834764,0.0025648890997810674,0.05311272352428965,0.016112868989432542,1.663811111582307,0.08597472889027234,0.007858744699892863,0.0,0.07874247937204029,0.0,0.7546327747202753,1.0027744239508734,2.011143529805249,0.003926750263868954,0.4798933416372231,0.6636079916637693,0.2392631422445528,0.021123584599755562,0.6078611909706094,0.004134867863457014,0.08467080515324382,1.6233241009938018,0.006502738744750891,0.0,0.001236467815937712,0.00023532831913040782,0.23492829964120185,0.01694787658321499,0.1265884321070347,0.015817653301693678,0.7102814497687248,0.0010593295394932662,0.0005157435964751927,0.017200263498654465,0.14640112480722778,0.036252659707011956,0.0033059427826291556,0.0005305644617949482,0.2792721039713532,0.0009668703262560022,0.07597114428112403,0.9744069804855929,0.07637021977280439
0.0,0.06949027419233057,0.022772740741580127,0.0,0.0,0.0,0.00095346263655526,0.0,0.06370323987676399,0.0,0.0006512215206074182,0.0,0.0002474730795114372,0.0,0.001988564669426209,4.2952355295326745,0.0019713919476191588,0.0,0.0,0.0,1.01265030011202,0.725160124212289,1.8538133491952467,0.3606243263478143,0.003621487243805696,0.0011873267239228098,3.3782003888076866,0.5938935664569386,0.004168776407716189,0.10991282024381621,0.0,0.0,0.0035321271276771695,0.031126182881045777,0.001252937359089538,0.6895527854968337,0.12012777222886871,0.11776344540695899,0.1742169506596305,0.017830854846823462,0.0028666833730073295,0.0,1.8026856526122887,0.2896350767814367,0.3311079905445762,0.3757753260644491,0.019451138306394663,0.006643609531572506,0.002629812898587685,0.007054136480703215,0.7047117879866828,0.02735345853218638,0.00457430513082212,0.0002154123374566889,0.0,0.006862824712985534,0.027634441541945748,0.06327751601365657,0.0,0.0,0.0008279245887456842,0.000450031579553831,0.022269912983130583,0.006502738744750891,20.5744473505861,0.040564324430935085,0.0,0.008372882043566982,0.0007305755930578178,2.8964699029157766,5.551297395659423,1.9748446870833942,3.1153479608545114,0.033914573199701724,0.004338703321759547,10.199874344113068,1.644824490297883,0.057346444929799394,0.12148375511810583,0.0,0.0004390664136101378,0.009928048207769498,0.09180688352506314,0.03276752074983729,0.5579321219033465
0.0,0.08062930302690953,0.20092687505706938,0.0,0.0,0.0,0.0,0.0,0.0021151964063966444,0.0,0.0,0.0,0.0,0.0,0.0,0.0,0.16566973723703216,0.0,0.01953305941790364,0.0,0.0,0.004403584479080895,0.019595718253071916,0.0,0.0016533738879737456,0.19801338904189983,2.304664446376901,0.0,0.0,0.0,0.0,0.0,0.0,0.060518825462433354,0.0,0.06590454928806552,0.05928580294863283,0.09440298074011942,0.0951197050205117,0.0,0.0,0.0,0.7074989848307767,0.6234344499026179,0.4188295957913824,0.28865763892920426,0.003730521535165144,0.002057894096662238,0.0016085684014416329,0.14403368168009723,0.09931811337784172,13.496108298112595,0.0,0.0003123004750109399,0.0,3.250885444738327,0.4044438281832187,0.002476246948838035,0.00043974767627357115,0.047998796836910364,0.0,0.0009031996081011837,1.1838242332902837,0.0,0.040564324430935085,9.805062548380906,0.35307419513610816,4.932166603364939,0.0,1.115664592002991,0.029041400405789647,5.464463870881467,0.009576115218464805,0.0021300967915928,5.511478128814248,4.560703241718824,0.5009355294317537,0.4085344306946426,2.15969873710425,0.00043318797641861005,0.0007906678085476014,0.0397030408076035,2.2558330062758714,0.0033848868366355457,0.06935118133357912
0.0,0.022920845618498033,0.0,0.0,0.0,0.0,0.0,0.0,0.0,0.0,0.04884130654525169,0.0,0.11262186756977287,0.0,0.0,0.0,0.0,0.040588470956614886,0.003745941654048177,0.0,0.0,0.0,0.0,0.0,0.04482638583834232,0.23701558339401255,0.18948804891549687,0.0,0.0,0.0,0.12832150792295077,0.0,0.0,0.0028170543660788186,0.0,0.0,0.03512731668395465,0.015710979362650417,0.0016562520800022377,0.0,0.0,0.003037774540293771,0.7778327321422127,1.8384881141105653,3.265191767471484,0.6921486939096811,0.04184936185910909,0.038565285310855534,0.11417089398240267,0.0007565973429885653,0.02021972300694666,0.2701102882964956,0.0,0.005083675746281094,0.006525768001286033,0.0018258488472161314,0.22441227983040882,0.0,0.0,7.836244366216999,0.0029620951844180642,0.19699069835986308,0.5666106681243239,0.001236467815937712,0.0,0.35307419513610816,6.1618106402018125,5.684325600108106,0.0,0.1618077547761048,0.001129918784519309,0.3856202629329579,0.0,0.029228276606750887,2.9049238846540675,0.9276503058040348,0.0006684218944436247,0.9923219393849341,0.13980023785009307,0.11447972571057673,0.20215019490133748,0.053231132962859355,3.4834832805314946,0.0019873316649051667,0.06281762509228578
0.0,0.07207382843884655,0.035161744718389704,0.0,0.00035875485582936145,0.0,0.0,0.0,0.0,0.0,0.0029270225357281034,0.0,0.008030695244625432,0.0,0.0,0.0,0.060498114782546054,0.06259589300802774,0.08886931665101921,0.0,0.0,0.0,0.00024497985134868083,0.0,0.015176340109203428,0.9688886946314806,1.4881882142664993,0.0,0.0,0.0,0.02449006418135493,0.0,0.0,0.011746550598082033,0.0,0.024789124529303617,0.1038327575376617,0.11267742483895325,0.03259750307382547,0.0,0.0,0.0006146355591556932,0.8061536158540432,1.5372160511053095,1.0041971012345963,0.4738462823042826,0.00166507253616626,0.005357578646079099,0.0014478884666420952,0.05297688336398683,0.1307315975408538,1.9645836012591953,0.0,0.001536827132837069,0.0,0.5337877220747497,0.009479515790281497,0.0028762672903324036,0.0,0.5096482925225259,0.0,0.004348597282726556,0.07514619420654362,0.00023532831913040782,0.008372882043566982,4.932166603364939,5.684325600108106,14.399521522670998,0.0,0.6921309653198559,0.015709183563577145,1.2058157204675712,0.0006355829182259501,0.012432166399791429,8.663107726970663,4.328698792544098,0.08396856941327123,0.42530705035402483,1.6071268399053693,0.01172357346643352,0.013117343665210713,0.05036089311140588,3.474068388081243,0.001793560557641644,0.035900801773215
0.0,0.0,0.0,0.192950745017729,0.0023177713028477145,0.02297271920178116,0.0,0.0059168260544577595,0.5331632077199511,0.027042535571958404,0.0,0.6260213103388362,0.07493773446044448,0.0020634492053328546,0.05859700685241778,0.0,0.0,0.0,0.0,0.273560774580319,0.0,0.0009138563808665219,0.0,1.2381949634913758,0.17675304387782795,0.0,0.0,0.03710591102465231,0.0007621328896072441,0.0,0.0,0.0,0.0,0.004373989015535174,0.0,0.060103455647308464,0.0,0.002415082608441048,0.0,0.8106512705070408,0.00019371792716244818,0.0008342294137331147,0.3600793440179092,0.0,0.24742593732021456,0.029420683822320166,0.815161799790589,0.03244565148224132,0.002325684626348923,0.0015628307817819945,0.0,0.0,11.891050638363232,0.028759606896657196,0.4704209640883935,0.0011461960892492876,0.6034085394674513,0.8092814051221994,8.544011057417324,0.0006251167604756585,19.866897886813774,0.0,0.31401930041315723,0.23492829964120185,0.0007305755930578178,0.0,0.0,0.0,20.095236134304237,0.0,0.0022169819158282824,0.0,1.7055812207507213,0.0,0.0,0.00026745380805967816,0.17685608464598243,0.1688357909069314,0.0,0.0,0.004830228421520169,0.0,0.18933325028590745,0.00029193096759098594,0.062104347115131485
0.0,0.004779049764574366,0.0006379839098257102,0.0,0.0,0.0,0.0,0.0,0.009126162171214926,0.0,0.0,0.0,0.00514689280340575,0.0,0.0,1.2557773642069014,0.00031056215806675685,0.0,0.0,0.0,0.17446139627485807,0.0873516370737755,0.2488881625522687,0.05955384644568377,0.03910480103481736,0.0003782206397407832,0.14559823725043347,0.10742785281361608,0.0,0.01553341311558846,0.0,0.0,0.0,0.0018277011814312042,0.0004991538671066406,0.5067906513765815,0.059029670197872516,0.014240691250743561,0.006498577736669356,0.0064589543946240455,0.0,0.0006209940647946271,6.122465077359406,0.8998940844551315,4.2885243305277445,2.373559804775979,0.12061140826153144,0.04028347213247986,0.013131149211332878,0.1063033266888602,0.010949026844995323,2.5336058503440766,0.004935179533625767,0.0015400833892523945,0.004970398478325153,0.879470227053047,0.4006678702515257,0.009933422834189177,0.016864509855007793,0.02991601161722481,0.0,0.004257334628527681,0.3687196580888281,0.01694787658321499,2.8964699029157766,1.115664592002991,0.1618077547761048,0.6921309653198559,0.0,33.997915773022704,0.08283813142267234,34.86692130332394,0.19476675593856935,0.0002575738354479272,0.30349424223089433,1.7419035596885482,15.862235488661085,1.208151700171655,9.644946992632741,0.0,0.028103561598613994,0.5939157517178059,6.415894009442529,0.10814725953023377,2.797964217721207
0.0016445677448463413,0.7360419136873335,0.049116029968960084,0.0032844357270079734,0.0013357703923113791,0.0023037531851335586,0.017373811692132035,0.024171630421341725,0.18617520960315848,0.0009111974569830899,0.011020576335143285,0.00028039731164286846,0.02551740892717488,0.010349802340701347,0.007116853853215018,0.9681211104094841,0.0512510692225542,0.0,0.005333127839851527,0.0,0.18247417365395568,1.2152551154092661,0.2360654789908767,0.3801879156081041,0.04264279336892066,0.027350456230708024,2.776968986873655,0.3960296100087344,0.021190273028224894,0.04162775990443419,0.0013151824555065453,0.0010669653821872628,0.006849026769818555,0.07515851503892043,0.004793460259711946,0.30163295408856267,0.0417860669325716,0.10259280652656663,0.10423960347951637,0.05213430824587975,0.00920109895376371,0.0045371398025404125,0.2851668502187425,0.11886757863370866,0.13300329860151708,0.07657194665565717,0.1272698882264445,0.004408077230341883,0.016954860114000183,0.0038695357804424033,1.923217783953776,0.05039272944452768,0.04030320649551789,0.020626185188962327,0.03244302057565357,0.00350962102751154,0.01196456831405456,2.4425541551531302,0.0003088700811595806,0.010619754368899696,0.013422957990505411,0.06383989823409378,0.021373812560020647,0.1265884321070347,5.551297395659423,0.029041400405789647,0.001129918784519309,0.015709183563577145,0.0022169819158282824,0.08283813142267234,4.693265758912725,0.1567552801644498,6.5271495102044215,0.42973106735576627,0.02887619834959446,5.601840318899588,0.31980077884893543,0.026621320545367883,0.0158939626476347,0.004977163944991934,0.002537300789345534,0.0022268162301237967,0.04232384030812901,0.0044923488184423765,0.16277427908673006
0.0,0.06734139177016174,0.26419676614544246,0.0,0.0062498917964095915,0.0,0.0,0.0,0.008582987937689598,0.0,0.0,0.000727774864590448,0.0010093088992027535,0.0,0.0011765574220094826,2.025812212872512,0.021723549878100528,0.0,0.0003399005010322114,0.0,0.32640532760303226,0.1224168227326975,2.8918056441512996,0.03587806417523976,0.002652258810946218,0.007168845404058904,5.388194359934113,0.025688462079685417,0.0,0.009486961085602359,0.0,0.0,0.0,0.09644008559753385,0.0038723042031144675,0.7001636818682857,0.18287857567862895,0.30072670335502355,0.47882756583342445,0.0019429761596811107,0.0,0.0,11.826458155387824,4.240383597908567,6.026196561455378,5.602089750714108,0.1402144259332951,0.046024611885534784,0.02097052630284049,0.06832257748697387,0.04080733927010841,9.844195043139347,0.024315462478034795,0.0056074421921028786,0.011897573102285232,3.482554839660105,1.5534949676482543,0.007102263295206578,0.060452992704631094,0.06039468377445401,0.0,0.0031086572702123945,0.7190013978415424,0.015817653301693678,1.9748446870833942,5.464463870881467,0.3856202629329579,1.2058157204675712,0.0,34.86692130332394,0.1567552801644498,46.24347756059972,0.11734495157543086,0.001735270621323949,1.0651231096040237,15.612782010514044,4.668142372907652,0.5214481508755708,2.1941209816183442,0.0,0.035977213339670855,0.11812963786045537,3.5881380245266903,0.1965475647981415,4.4881380134531
0.0,0.02931463673475579,0.001240549520597052,1.4172357875166273,0.011357765530366,0.029573200090761594,0.05820391518408735,0.02121155813707978,0.7716764522725673,0.17243115666951542,0.0,0.141192561390486,0.026788196306916652,0.0021376670080669215,0.0367078339281538,2.093906015760662,0.0,0.0,0.0,0.10685920272775339,0.422611167599072,0.6826125847784678,0.14490421851926025,3.233438252312589,0.08671641106153452,0.0,0.2820343612014288,2.936009927097418,0.02574658009722307,0.2309972777205495,0.0,0.0,0.02022392503310663,0.12622154869101923,0.0,1.53374858636736,0.03997110394787699,0.21932556317262428,0.02390338831399696,0.6177206220749926,0.016273425166520382,0.0006327054837872961,2.739459317545714,0.10183903046166981,0.9397281624522679,0.29766586944399853,1.0579273939764724,0.14958343827612014,0.006074575225905279,0.0753488341339655,0.9348729637208136,0.027505153289145278,8.834323666354539,0.09803306127136457,0.33049530525165055,0.05218996316297913,0.4670641962132936,5.591835624583682,0.17728520528489175,0.002058608666221843,1.0691711824152663,0.002766020976984796,0.46191253168969576,0.7102814497687248,3.1153479608545114,0.009576115218464805,0.0,0.0006355829182259501,1.7055812207507213,0.19476675593856935,6.5271495102044215,0.11734495157543086,17.461500837562784,0.11297421228209868,0.002522452407280525,2.7421957239976504,5.603871161262369,0.8051630494974923,0.17989010716848078,0.0,0.045014113894964805,0.07154060357857335,0.42041308335594596,0.02361987533296759,0.6163800498482943
0.0,0.20357796136245457,0.001990368030869497,0.0,0.0,0.003759732413640055,0.0,0.021755264374541713,0.0018566827401672848,0.0,0.535348390059297,0.0,1.0050894345016443,0.011441008230293735,0.0,0.0013086379615619406,0.00029359758406818904,0.09758189198126868,0.00962921901942066,0.0,0.0,0.04255684082424956,0.0,0.0,1.3291569631568227,0.6189589223519406,1.2611211812741283,0.0,0.032096399129886,0.0,0.4196028354080061,0.03102122463947865,0.0,0.1462171466038577,0.0,0.0695823419480751,0.2812884465516007,0.2938625976387895,0.08263780627042071,0.004530915687927698,0.000753095465124463,0.3651434732428474,0.04225546904264289,0.17639181003923043,0.2339741082573344,0.03899018682372006,0.009264293959612712,0.0028339639877572233,0.2617127808357711,0.0,2.3385999731857865,0.0036509006287504604,0.0,0.000459290030872374,0.0009924357365353911,0.0,0.009910122779871449,0.6167459967479814,0.0,0.39987590294642006,0.0006345475093691916,3.9852616327523562,0.022969204066094904,0.0010593295394932662,0.033914573199701724,0.0021300967915928,0.029228276606750887,0.012432166399791429,0.0,0.0002575738354479272,0.42973106735576627,0.001735270621323949,0.11297421228209868,3.5119503965949046,0.33632137294970343,3.448290741565101,0.0,0.040531048163039186,0.000599138950755621,0.20016025292005404,0.051170432523447926,0.0,0.16452426640477041,0.0,0.00427890045147501
0.0,0.2881953888324873,0.03749290624578665,0.0,0.0010627570923827279,0.0,0.0,0.0,0.0,0.0,0.4728689192640479,0.0,0.9513882903941256,0.0,0.0,0.0,0.07383331087386051,0.7198895686800256,0.38406884075068703,0.0,0.0,0.0006581402639328833,0.002079363394546942,0.0,0.39872384823907076,6.454703631559793,5.725534989438178,0.0,0.0,0.0,1.6288792303357944,0.0,0.0,0.07496769606986509,0.00043225405754360624,0.067342134451716,0.899846653202802,0.7472432207493596,0.20010841699980844,0.0,0.0,0.03464514339493194,2.7657820644540183,5.394578708802377,5.8142318178856645,1.8857418198248581,0.032687276590495466,0.04084849705626067,0.21854427129593407,0.003716476739465915,0.39502872101712444,9.409508692575415,0.0,0.0029050165936690287,0.0036825923974964482,0.10345915417801192,0.1376692570593843,0.007153707379164088,0.0,2.1309769820746096,0.0,0.6294156031538851,0.3356254928473507,0.0005157435964751927,0.004338703321759547,5.511478128814248,2.9049238846540675,8.663107726970663,0.0,0.30349424223089433,0.02887619834959446,1.0651231096040237,0.002522452407280525,0.33632137294970343,67.41354003866157,15.10401009410317,0.02782310200226355,0.6640118724395777,0.24559640730338156,1.4871026623916377,0.21112987305909653,0.04183970482083609,1.7727703250039888,0.006251705845280969,0.15001743082647692
0.0,2.375553562114983,2.2061563089451908,0.0,0.0027131371747070756,0.0,0.0,0.0,0.18069194745202077,0.0,0.5835793847729461,0.00039385480481033585,1.2409718253895723,0.0,0.000633101540932831,1.2973527841909245,1.5547603610424536,0.6624245755374306,0.75490991569433,0.0,0.10272842893390415,0.6029300117954357,3.783021040553812,0.049238164111505806,0.9907973674582573,8.394062704836474,46.48434156122696,0.004477696516861974,0.0017928248837936471,0.0012456716396174478,1.2485745569431983,0.0011289247184223853,0.0,0.9905838445363331,0.0014226420828556002,1.881434977038513,1.952406993546463,2.642442674261321,1.952658599170323,0.00456481142080156,0.0,0.10652500125040432,10.830026775573634,6.270879380456436,7.02736636023284,5.0222298131633245,0.12689468702865236,0.05591998709690332,0.22194546108712707,0.008667314031673371,13.792641884401817,15.077127119654627,0.012256911789313282,0.006309983200195963,0.0012877669026112642,0.1327377305157392,0.0068253691872099875,1.483976762728409,0.0012427467746434718,0.34708871739969627,0.0,4.157437349649357,0.029352779299817278,0.017200263498654465,10.199874344113068,4.560703241718824,0.9276503058040348,4.328698792544098,0.00026745380805967816,1.7419035596885482,5.601840318899588,15.612782010514044,2.7421957239976504,3.448290741565101,15.10401009410317,74.65122644795814,2.525604224728008,0.26890916183012986,0.24920282149914963,1.109244981656801,0.06818209285451621,0.0328883160011536,2.845356182837203,0.05520014871641797,1.1871956533857968
0.0,0.00642780064994822,0.0,0.0011578826701179208,0.0,0.001034016081949169,0.005315860608711954,0.0,0.7785811740035198,0.0020552001071919347,0.0,0.02129369256424221,0.030412554031568517,0.0,0.0013361531104643751,1.4617576076151857,0.0,0.0,0.0,0.002202931587017548,0.21620014141330138,0.37969733798266536,0.015041192954206589,0.9309920141189019,0.16360319908088328,0.0,0.03714642134205937,0.6547504295475708,0.001033151130806366,0.0888184823862974,0.0,0.0,0.000915586066697887,0.004514803781293817,0.0,0.9078439375720495,0.03168341672385738,0.037864444767271396,0.001025475257606373,0.2493536191615111,0.0,0.0,8.685151037175677,0.4221841479191292,4.154492715327926,1.9684165124816884,0.7751806478204385,0.3563065785021593,0.019086359610238128,0.6808890066093349,0.024950417151357675,1.0041223082182504,4.346672331428438,0.00881995132509176,1.689672677583145,14.058198234978017,5.945459409819333,1.1633316427112268,9.412957337158334,0.0055229269306418085,0.28696522662618346,0.011049376153488163,4.479904940515363,0.14640112480722778,1.644824490297883,0.5009355294317537,0.0006684218944436247,0.08396856941327123,0.17685608464598243,15.862235488661085,0.31980077884893543,4.668142372907652,5.603871161262369,0.0,0.02782310200226355,2.525604224728008,36.60236289644067,7.415302276342183,7.240952082350816,0.0,0.018903316692110737,1.0462443808960176,3.4299619841731324,0.10250883035791866,3.5780239800044473
0.0,0.0019879470172525396,0.0,0.0,0.0,0.0,0.0,0.0,0.23757241501073278,0.0,0.006968889793308611,0.0026552803903802822,0.02640564470193084,0.0,0.0,0.02498334594255654,0.0,0.0,0.0,0.0014825747174569855,0.0012188121576645727,0.045831717187960155,0.00027774371794509633,0.02664197222794638,0.034076397541596234,0.0,0.006305932800231109,0.013748226983092627,0.0,0.003908810752916917,0.0003647638960979134,0.0,0.0,0.00261764511288688,0.0019043230331811704,0.015314998747221245,0.011276848658303236,0.030145808096515406,0.0032963679293253785,0.00961888562928979,0.0010819980615091927,0.018613834823074334,1.6034527204332245,0.08222775213852021,1.660107538370033,0.337785180922217,0.23457788061402168,0.12131450208022497,0.07411511026784219,2.7495135646901976,0.01906292988630228,0.05461180174115703,1.0718509013957362,0.005900477238658275,0.17793563529998588,1.016434861031005,0.9545540861046836,0.44812824218561675,1.3038300587177494,3.525696722000444,0.5969897381730974,0.5491577410681807,8.671762910987903,0.036252659707011956,0.057346444929799394,0.4085344306946426,0.9923219393849341,0.42530705035402483,0.1688357909069314,1.208151700171655,0.026621320545367883,0.5214481508755708,0.8051630494974923,0.040531048163039186,0.6640118724395777,0.26890916183012986,7.415302276342183,29.94688686486784,4.753278385220178,0.14084700802463707,0.35905927060584325,3.699594183130976,4.191975234868199,0.03477535122651402,0.505821257099186
0.0,0.00609197600931089,0.0,0.0,0.0,0.0,0.0015838776015755067,0.0,0.023416354693828675,0.0,0.0,0.0,0.007096046837662564,0.0,0.0,0.1826722308122093,0.0,0.0,0.0,0.0,0.0643891189544712,0.029873955086011546,0.01264668088506085,0.033284987944368336,0.03727962759247181,0.0,0.004642376498958831,0.07572030942375524,0.0,0.013906358520955016,0.0,0.0,0.0,0.0,0.0,0.11306545835049171,0.0071336488082598,0.002708934012162347,0.0011692738991761584,0.008521644657278135,0.0,0.0,1.4392283936135266,0.179445964618848,0.8504291526002865,0.2611797566421072,0.01582470033474147,0.018060564013885023,0.0014608245837243467,1.479161635047541,0.007849766529758257,0.1283491813810729,0.005816072003593009,0.0015597309406118077,0.002951490441840655,12.376632136260529,0.5133836692751037,0.03188635810439344,0.019261653425990444,0.026468773932747658,0.0,0.001118641491561625,2.3178170650349306,0.0033059427826291556,0.12148375511810583,2.15969873710425,0.13980023785009307,1.6071268399053693,0.0,9.644946992632741,0.0158939626476347,2.1941209816183442,0.17989010716848078,0.000599138950755621,0.24559640730338156,0.24920282149914963,7.240952082350816,4.753278385220178,31.41041771568517,0.0,0.00621434844091812,1.3432462205861972,3.266120534275613,0.01761840706663703,0.35949916130425597
0.0,0.07052690368865919,0.0,0.0,0.0,0.0,0.0,0.0,0.0,0.0,0.28389672606832034,0.0,0.7115135393918076,0.0,0.0,0.0,0.0,0.09449613607019236,0.0029695545492645623,0.0,0.0,0.0,0.0,0.0,0.29491384718501656,0.5725628828777184,0.4949165197138178,0.0,0.0,0.0,0.4903006617949108,0.00035912190810674036,0.0,0.003751279388548332,0.0,0.0005512894953040058,0.08546676917766302,0.032039046088689106,0.0021457609626313644,0.0,0.0,0.02186430768933731,0.09224515760792797,0.6783480771675835,0.9986906316580305,0.1396998476993908,0.009863057078165833,0.008876933999555685,0.2779536601998137,0.0,0.045933147252473196,0.0002412718549345978,0.0,0.0006607026762820792,0.0024674499103171,0.0,0.04302416018456737,0.0,0.0,0.9304879159364043,0.0,1.9484954685250204,0.10058162689402035,0.0005305644617949482,0.0,0.00043318797641861005,0.11447972571057673,0.01172357346643352,0.0,0.0,0.004977163944991934,0.0,0.0,0.20016025292005404,1.4871026623916377,1.109244981656801,0.0,0.14084700802463707,0.0,1.059440659781195,0.09082855707406205,0.0009232477080316048,0.1778299623129898,0.0005990319682475313,0.006926263541007398
0.0,0.0,0.0,0.0,0.0,0.0,0.0,0.0,0.001963042279427007,0.0,0.003966535635441246,0.00036243003236931324,0.03394868519741808,0.0,0.0,0.0,0.0,0.0,0.0,0.0,0.0,0.00029029468176415443,0.0,0.0,0.007020983077645244,0.0,0.0007227504476026037,0.0,0.0,0.0,0.0004486616947828067,0.000286760200480164,0.0,0.001510034751698574,0.002039987026789409,0.006763945602275504,0.01090471314249636,0.06455608439571703,0.005327582146940342,0.004351062128327098,0.0017333359533273592,0.02659945555560416,0.5813261167118462,0.029259312329752388,0.6660228653668155,0.12372898865485964,0.8334844802838837,2.4719812532856973,0.1062008556282655,0.0007626985657065493,0.001884300880702762,0.006896892107600029,0.007502863395854209,1.1595229144869486,0.9267247556722525,0.004133121091269082,1.823169135649218,0.0714405308580142,0.02291648545898739,1.5583236621668044,0.08951266073894379,0.5164795738596771,0.8338048497129964,0.2792721039713532,0.0004390664136101378,0.0007906678085476014,0.20215019490133748,0.013117343665210713,0.004830228421520169,0.028103561598613994,0.002537300789345534,0.035977213339670855,0.045014113894964805,0.051170432523447926,0.21112987305909653,0.06818209285451621,0.018903316692110737,0.35905927060584325,0.00621434844091812,0.09082855707406205,2.795297751652125,0.0068114475539733125,2.3649151852814154,0.012436591887897357,0.21115676835069772
0.0,0.0,0.0,0.0,0.0,0.0,0.0,0.0,0.008380179284187775,0.0,0.0,0.0,0.000514965741107185,0.0,0.0,0.014017482042166754,0.0,0.0,0.0,0.0,0.0030401790222181523,0.007783548091085756,0.0,0.01570049925713004,0.003214961559527372,0.0,0.0006682434279227931,0.012050224478757603,0.0,0.0,0.0,0.0,0.0,0.0,0.0,0.009371045592199688,0.00045429210247214467,0.0012611333988848897,0.0,0.0,0.0007254542857408249,0.0,0.08432071602938222,0.016594424112202757,0.22186593187613993,0.03383682367547526,0.004782512058369319,0.004601825068774634,0.000875789872413598,0.018998622035092186,0.0012379512850711474,0.02315526293584612,0.025264109034808146,0.0005930781779237262,0.001767346434005155,0.04440999594202659,0.048710121071038434,0.02064138225175113,0.0034565515886662928,0.027584939783053524,0.0005454138179040363,0.001361863477442577,0.05601980552431613,0.0009668703262560022,0.009928048207769498,0.0397030408076035,0.053231132962859355,0.05036089311140588,0.0,0.5939157517178059,0.0022268162301237967,0.11812963786045537,0.07154060357857335,0.0,0.04183970482083609,0.0328883160011536,1.0462443808960176,3.699594183130976,1.3432462205861972,0.0009232477080316048,0.0068114475539733125,1.5505517788082366,2.3597902493661262,0.003650156486130323,0.031566444663196
0.0,0.03696685923809282,0.03641634130745549,0.04349358622636056,0.0024903734560128414,0.007387978400502706,0.00023767958036854294,0.012677054772166976,0.14663257292706777,0.004252130906258829,0.02757998367090678,0.01300243146426694,0.09039779565790063,0.0035900532044175243,0.0013855510930769214,0.037513417436035035,0.029862122100906385,0.013611650364295253,0.014407333796377202,0.008298749632030585,0.01108808029554681,0.019102105032787014,0.015571467840813678,0.07948176029466321,0.04752670088618131,0.17193362971306136,0.6408583420169943,0.024643055418040728,0.005935853870271434,0.009290366603346634,0.01754240436871198,0.012763114596970727,0.0,0.013357755128069955,0.02962973317624082,0.07474898108714408,0.04246496383233256,0.09588013676919052,0.028305406164931095,0.19512994134212266,0.007838154463261736,0.03061198070932679,1.6393832847861882,0.5885841647615746,3.372356109678043,0.6284282420517198,1.3071531598009245,0.5718716930546502,1.3086446042178832,0.21710528181775976,0.08108672803393689,0.7401998837118232,0.48151746228933334,0.27401986314640775,0.23939293710850154,0.5698704610366624,0.9309306732465426,0.2461485562978872,0.6638012640063504,10.389882647436695,0.5791461511090825,2.0986287445919682,1.1847645736049988,0.07597114428112403,0.09180688352506314,2.2558330062758714,3.4834832805314946,3.474068388081243,0.18933325028590745,6.415894009442529,0.04232384030812901,3.5881380245266903,0.42041308335594596,0.16452426640477041,1.7727703250039888,2.845356182837203,3.4299619841731324,4.191975234868199,3.266120534275613,0.1778299623129898,2.3649151852814154,2.3597902493661262,11.240618999443175,0.1267282238424131,0.36085028583749235
0.0,0.0008188227420697409,0.0005718940179149717,0.0,0.12299921049275014,0.16903900246294412,0.0,0.03793706489420368,0.0029198223477771568,0.039473411782724274,0.0,0.3357381915737085,0.0328241821926808,0.0,0.21337095450297797,0.0006718220388149529,0.0,0.00032294220420660193,0.0,0.0,0.000341482240390578,0.002257334762775746,0.0043890101280836535,0.0,0.0,0.0009155272452581795,0.0011282962164799366,0.0005591234342127164,0.0012840145601347734,0.0013436687534132566,0.0,0.0007943068913430433,0.0,0.00391364793698721,59.547336881920415,0.6521890415545375,0.10488843745574405,0.052599410059566115,1.0717593960151681,0.032104444679871065,0.06164646962404387,0.004603895913544893,3.4395814152535786,0.6117017836400008,0.25307904903006195,1.956313223853686,0.18163405813243366,0.28539059185063603,0.043775974484102406,0.0,0.0021495198257918333,0.02180518470182039,0.009117391310128637,0.028126042752428457,2.0385975238642176,0.004762611039094961,0.2687890653472136,0.011957604250622611,0.18725151973426424,0.0031741542939599347,2.1553430312207698,0.011795769992418242,0.015538893276978478,0.9744069804855929,0.03276752074983729,0.0033848868366355457,0.0019873316649051667,0.001793560557641644,0.00029193096759098594,0.10814725953023377,0.0044923488184423765,0.1965475647981415,0.02361987533296759,0.0,0.006251705845280969,0.05520014871641797,0.10250883035791866,0.03477535122651402,0.01761840706663703,0.0005990319682475313,0.012436591887897357,0.003650156486130323,0.1267282238424131,161.15384217132993,30.107448944514005
0.0021720128034191646,0.019011050891663134,0.15816076069994833,0.1788198406562088,0.05590020006784301,0.2649063792411619,1.0520595583212906,0.4026607354608481,0.5506074692064667,0.37981608592860966,0.15152922374126793,0.29315159391927725,0.21369770474604263,0.11885466509550908,0.128706545748393,0.5143697951405637,0.013565234052366261,0.047047653101684565,0.02495443189048655,0.035276071600011866,3.1342700890840645,0.1242145113297342,3.629784210666493,0.667464868158576,0.019554657763100513,0.08348463382146869,0.7969153553328875,3.7676778322454316,0.330216139524048,0.8711110027850008,0.000544329490389053,0.172558389702836,0.0179170638897689,0.260762796348284,25.17574036697897,4.775503428402807,1.8868566468786356,0.7506493754732084,9.313244565592237,0.27410916208715697,0.3248856859763309,0.03868123527459589,4.525868969158964,3.3175949909026974,1.1670850246686173,6.065555225339458,0.20160018793799003,0.40424053906894625,0.1222549345638589,0.03355064193542291,0.02768041877644898,0.39607282461071663,0.42055184290222464,0.01067855883047412,0.13268610070051493,0.08923010014304211,0.38176919735515025,0.6455664366341789,0.29373405130995306,0.06507373676685045,0.33201658615395313,0.019900411660274397,0.306762566592404,0.07637021977280439,0.5579321219033465,0.06935118133357912,0.06281762509228578,0.035900801773215,0.062104347115131485,2.797964217721207,0.16277427908673006,4.4881380134531,0.6163800498482943,0.00427890045147501,0.15001743082647692,1.1871956533857968,3.5780239800044473,0.505821257099186,0.35949916130425597,0.006926263541007398,0.21115676835069772,0.031566444663196,0.36085028583749235,30.107448944514005,4.602390601256522
