-0.17131940769390752,-9.436344631809997e-05,-0.0036607999953949255,-0.00012866211593569993,-5.742142016980001e-05,0.0019754028520101927,0.00604031870456101,0.033010379763894426,0.001335098614913998,-0.003258311563105999,0.00019710871912739965,0.000678009468127001,0.0006860744196484998,0.26397567876660943,1.5068482264699989e-05,0.00019051289523489999,0.008783732455286908,8.43399872349997e-06,0.0006220664563412002,-0.0004790189753531998,0.0044655127792056215,0.0008578829841216001,0.027769409310771764,-0.0007122904786997994,0.0,0.0009983760135752959,-0.0011318195109621954,0.0056241581228586995,0.15537171095335145,0.18009377284311823,0.0,0.0008783252551236992,-0.0003777321225482029,0.0015656146853349068,0.0007423069885447,0.0021502551016036042,-2.9632437820299902e-05,-0.0025385667967936093,0.0027273578010304014,0.0024942089353579,0.00023734904747710003,0.0,0.0019035577608082013,0.0,-3.892404658099993e-05,0.0,0.0008884242041829003,0.0,0.0,0.0,0.0,0.0,0.0,0.0,0.0,0.0,0.0,-0.0014232877128792006,0.0,0.0,0.0,0.0,0.0,0.0,-6.151679408139977e-05,0.0,0.0,0.0,0.0,0.0,-0.0001786062356356,0.0,9.765705326249957e-05,0.0,0.0,0.0,-0.0002035908568224997,0.0,0.0,0.0,0.0,0.0,0.00019111230272240032,0.0,0.0018871787896243015
-9.436344631809997e-05,-0.1416921207291062,-0.0013484308277182996,6.060306047839996e-05,-7.049355232129984e-05,-0.00010918007987440002,-0.0007961011946121003,-0.0004173747385812,0.014203680740101643,0.0,-0.004233920958325713,-0.00037721205880660025,0.028901022901176188,-0.00011211322522960022,-0.002862658595749898,0.0014433915717068646,-0.0024312818689990953,-7.96542182907999e-05,0.0004287368459297003,0.0,0.0020543013290477002,-0.116889331651155,-0.003818784332910101,0.005621149548504234,-0.028072283401785247,0.0226448196690594,-0.01550262420513171,0.000816766459833999,-0.0014534432877001003,-8.892804605300716e-06,0.009628955660582292,-0.0005672025365737994,-0.00031642039534159993,-0.018095503247315806,0.0,-0.0006603490088580993,0.003024515495888419,-0.00031209595386459676,-0.0030397601905398086,-0.0019271231826314995,-0.0007877825162791001,-0.0014374030091863985,-0.025946363890500007,0.0015858995615651988,-0.017852368850481706,-0.011734430254445899,9.506473478530005e-05,0.0001992991967762999,0.0025388728665740002,-0.0005889839680517,-0.06853099538761809,-0.023878666907798385,0.0,0.0,0.0,-0.0021878312313597,0.0,-0.0035155486095427985,-0.00018699930635249998,0.003062691240454999,4.0435016877299974e-05,0.04508169542924001,-0.0006129071684601002,0.0,-0.015498704433863308,-0.0007793016747442982,-0.0002611897333167001,0.0012929288895967006,0.0,-0.0020051251704648002,-0.0655611447082094,-0.020294010066274903,-0.0031221679636533987,0.01894338550471622,-0.0172938358803838,-0.06093000044466934,3.4671826693899975e-05,-0.0007548313000586998,-0.0016620956925703003,0.000694444233598799,-0.0009257883400354001,-7.089394188830003e-05,-0.0111522144810993,1.0488691978600192e-05,0.0016856250401850997
-0.0036607999953949255,-0.0013484308277182996,0.5464093505499328,0.0,0.0,-0.0014339504464498005,0.028158212678639605,0.003949137180411011,0.0005380180872507998,-0.003730566246306001,0.0009597842570410993,-0.0005010807563594001,0.0023485226589460995,-0.010575204211163092,0.0,0.0028775877569339053,0.14989776994456605,0.005701612570550102,0.026633307627840608,0.0,0.05740942881257227,-0.0008727765589156,0.43278013748946265,0.004082041796441893,0.0002541047490108,1.1405164345057344,0.07011349198543382,0.013424913653906467,-0.03388307872301444,0.040836804679733385,5.101341875299992e-06,-0.00040911502535929956,-0.0018335469784724959,-0.12851248975334673,0.008423511495029401,-0.05279357369618731,0.06899372526022463,-0.09263681461053364,0.015455129973012127,0.005340812422899299,0.0001618046547333,0.0,0.010301972850947402,0.0051629337569746026,0.009754030063552604,0.007851194616206508,-0.0001634705563159,0.0,0.0,0.0,0.005220020850453498,0.03442850738930553,0.0,0.0,0.0,0.0,0.0,-0.00011627275952359999,0.0,0.0,0.0,0.0,0.0,0.0,0.0026163306070432976,0.015159431759164801,0.0,0.0005348476789726001,0.0,7.109006948170001e-05,0.0023945015426243,0.006853836875826802,0.00013239268667000021,0.00012922669315289996,0.0180379980076619,0.10538692551051587,0.0,0.0,0.00021056643554199996,0.0,0.0,0.0,0.0011989457956837965,-0.0003101369462891004,0.07523625005006407
-0.00012866211593569993,6.060306047839996e-05,0.0,0.8680686966036255,0.0015647235621384006,0.007467766915175603,0.005256500326710101,0.002757772151588199,0.0935216461747772,0.1264333793935275,0.0,0.36673824642693464,0.00017590725555340005,0.0019174922836223997,0.015881112642150502,-6.918940504800001e-05,0.0,0.0,0.0,0.45861095047047407,-0.0005606357379065998,0.00035582184590040016,-0.0001746661466788999,0.18638964002115066,0.0,-1.677270202270003e-05,0.0001250299870578001,0.80213696474671,0.0011873032168521003,-5.1544507202599954e-05,0.0,-4.1078413435100014e-05,-0.00026748913404759994,0.0005594585820914988,0.0,0.007166329743548902,0.0,0.004122064423407203,0.0011810919771939,0.0061697323665062045,0.0,0.0,0.003960444895950599,0.0,0.0,0.0,0.004980437787489599,0.0,0.0,0.0,0.0,0.0,0.003685344530751103,0.0,5.663060473699985e-05,0.00012698170174060006,-9.846873514930004e-05,0.0378737596839086,0.0003561017320008,0.0,0.006529231330383703,0.0,0.0,0.0008991305975461004,0.0,0.0,0.0,0.0,0.0021286959692037987,0.0,3.777147683909992e-05,0.0,0.027774979995416005,0.0,0.0,0.0,0.0013188415984579996,0.0,0.0,0.0,0.0,0.0,0.0,0.0,0.00037348052462999985
-5.742142016980001e-05,-7.049355232129984e-05,0.0,0.0015647235621384006,-0.052541268120881,-0.04022243128616565,0.0035934619606798994,0.0011222948101298966,0.0015139659800129032,0.0017733728571630997,-0.00029289196238730004,0.006114006800000196,-7.993361657230007e-05,0.0005391018379400005,-0.04038244348689357,5.0536209903599986e-05,0.0,0.0,0.0,0.0011686681319847004,-5.7973862890999765e-06,-5.1141117549200615e-05,0.0,0.0032890943023106065,-0.0005948103063932002,9.295124715599963e-05,0.0006826049539866001,0.0016587241443594015,0.0011225265363086004,0.00018405527044010014,0.0,-0.00589504736691715,0.0,0.006048559100153301,0.0010774194094160007,-0.012721865282543321,-0.00035318066016370043,0.0020287838754593987,0.0006974104896625005,0.033897105419212537,-0.12627618537143004,-5.444702972560002e-05,-0.0017388058139712996,0.0,-7.154108245599976e-06,-0.00020480352585439988,-0.0011137280149035,0.00012044753815860002,0.0,0.0,0.0002847262884559,0.0,0.0,0.0,0.00011298934799460001,0.0,0.0,0.0002888317480237001,0.0,0.0,-0.0004103217551960003,0.00048257734601170007,0.0,0.00016092019026499988,0.0,0.0,0.0,0.0,0.0,0.0,-0.00028940232541329984,0.0,0.0002799428703607002,3.170261932599998e-06,0.0,0.0,0.0,0.0,0.0005326988366678,0.0,0.0,0.0,0.0002008751445516,-0.0017748314479037047,-0.0020550041053625998
0.0019754028520101927,-0.00010918007987440002,-0.0014339504464498005,0.007467766915175603,-0.04022243128616565,0.30504801460003605,0.019966028070041553,0.7676440162474734,0.015393625654900212,-0.4700306197431736,-0.0008510212379449072,0.2355487035757724,0.003911915109621002,0.07966419294359639,-0.01879549593321106,-0.0001222093449392001,-0.0008051566990197002,-0.001734970545103201,-0.0006119988130604999,0.0020338229106645067,-0.0006067988463967985,0.00010105655349700038,-0.0004700675958922984,-0.0008168943781480809,-0.0009025366711405006,-0.005111653440298798,-0.0016610336864091007,0.007819914740749723,0.043154727360829925,0.011539560538753699,-2.4066948446200046e-05,0.029583586183231037,0.0013650716357027984,0.015894772815608804,-0.20855358735668794,0.0783853004699866,0.0010169089369667025,0.014227795043568858,0.0017172858900165039,-0.18702919000487306,-0.00043027875614039257,-0.00031805464967230024,0.0017198745498517992,0.00020053420791440015,7.137278493199987e-06,0.0026516848192214004,0.002072401239982799,0.00010033932554700002,0.0,0.0,0.0,0.0,0.00022673583972149984,0.0,-3.971025212519928e-05,0.0001626544596678999,1.952751297940001e-05,0.004821142973251001,-1.7609872447599977e-05,0.0,0.0031254651072848,-3.8584061190700004e-05,0.0,-0.00010848492573020002,0.0,0.0,0.0,0.0,0.0006981827191949001,0.0,-0.00015466583961060002,0.0,0.008581586920530404,-5.251642540620013e-05,0.0,0.0,0.0006824109971874,0.0,0.0,0.0,0.0,0.0,0.0,-0.028682073126902297,0.0062255986321816115
0.00604031870456101,-0.0007961011946121003,0.028158212678639605,0.005256500326710101,0.0035934619606798994,0.019966028070041553,1.9517104747540728,0.27558915712689647,0.024644591051362297,0.09212550351107485,-0.0003091417957098025,0.005017823192246501,0.0157924641041388,0.5848655329643391,0.0021144705111909023,0.013106144056838007,-2.0180812260899017e-05,0.0,-7.791131449309992e-05,0.0020275051679423985,0.09625788581668426,0.0017487877352736977,0.04411843420631789,0.10325965949707983,0.0003144838152406,0.015723108218691884,0.0025747411301257905,3.1898267365102058,0.1507068101943274,0.8907881796522918,0.0,0.019924156889897,0.01393008856463021,0.06338562723352326,0.007791567852106201,0.10686228725802227,0.002254437305993895,0.061908226659069476,0.0354211838486741,0.03289853755865629,0.007946554847297095,0.0006501223853943999,0.023835917995087885,0.0,0.001163652134028,0.0001805189979783,0.013084674829463391,0.0,0.0,3.054400062909999e-05,0.00014580468225719998,0.0,0.0002601645087015,0.0,0.00024939071096019994,0.0013374311820163048,5.954561542399891e-06,0.006152436747001888,0.0,0.0,0.0023161407517862005,0.0,0.0,7.547509806700003e-06,0.00027759777850770023,0.0,0.0,0.0,0.00014068804725900002,0.0,-5.565423518569951e-05,0.0,0.07333707128108169,0.00021102394870359996,0.0,0.0,0.0056147824750947956,-0.00012340140362210002,-0.0001526618063496,0.0,0.0,-1.2075518115500002e-05,0.0015069868036289014,0.0,0.038057150325472286
0.033010379763894426,-0.0004173747385812,0.003949137180411011,0.002757772151588199,0.0011222948101298966,0.7676440162474734,0.27558915712689647,1.4414129164931495,0.011240851884644007,0.18095858770957118,0.00190888571895928,0.14212924370652757,0.0012339383145300031,0.5786580482312793,0.006149297754261207,6.231776834299783e-06,0.001551322420522,-0.0006296953953197071,-0.002444046906950499,0.003150614842977878,0.004415659820664691,0.0006074698047231,0.016546328412964106,0.016112495676536415,-0.0017568242225617994,-0.008154362618113198,-0.0046001980806092,0.06649671213444086,0.11193129449588124,0.10518850907083976,0.0004569207054925001,0.014092295340687594,0.0033376127712420045,0.027373904384258407,0.0005159269883280998,0.05471859233047072,-0.00018761845831000157,0.01943619905983318,0.003999413041361505,-0.036294499374316946,0.0025117389762407023,-0.0005311496335643007,0.0087774661408737,2.7821032051999865e-05,0.0,0.0,0.0022164496400088017,0.0,0.0,0.0,0.0,0.0,0.0,0.0,0.0,0.00016557256800520028,0.0,0.00012192101957159834,0.0,0.0,5.635925546740002e-05,0.0004380083321604,0.0,0.00011918928244939998,0.0001635115818862001,0.0,0.0,0.0,0.0,0.0,0.0002539519763231999,0.0,0.00642882833227329,0.0002472558446671,0.0,0.0,8.008054762849957e-05,0.0,0.0,0.0,8.526468456849999e-05,0.0,0.00033467643271929996,0.0,0.0017324491798866026
0.001335098614913998,0.014203680740101643,0.0005380180872507998,0.0935216461747772,0.0015139659800129032,0.015393625654900212,0.024644591051362297,0.011240851884644007,0.20322290798136367,0.07812920555396918,0.0014635805915212997,0.13932291606055291,0.016822257570299703,0.007074859429239411,-0.0034001111667312234,0.0026167825468738012,0.00020867206397219996,0.0,0.0003734902566174,0.04328144888435159,0.0029453130710827002,0.2672803297603248,0.0011641765271622959,0.9186292551588267,0.03837966466441467,0.0024907914711920012,0.14021328472311112,0.33092363205288433,0.003912816964833393,0.013626457537208009,0.0009264870796487001,0.004943852210619701,-0.004404130757293796,0.0019055128536372007,0.0032144730336839,0.004720082297685113,0.0007216492357339024,0.009404876897298894,0.006889565879274501,-0.0007785222254924895,0.0011566221025224007,0.00026764113842040003,-0.038052783529118395,-0.0003147124925507996,-0.012443936555490795,-0.0009382758943945017,0.0028848147209339023,0.0010866747732318,0.0,0.00016756691806079976,-0.00042880135998079466,-0.00014956144886690012,0.006376138901889997,0.0003677687749508,-0.0012037904472479016,-0.025069500628653818,-0.005319614752117702,-0.37667761654178644,-0.0021274199934724347,-2.84160369737e-05,0.0018220874171009094,-3.158575010999993e-05,-0.009321196002194602,0.0007001971673897007,-0.008084807604986491,0.0,0.0,0.0,0.0014931521251504987,-0.0021599383069957,0.04633354724690475,-0.0009948545220264012,-0.07637229282886082,0.0010404322722138,-6.330579676630001e-05,-0.0022943821380379988,-0.031823960072460356,-0.005721911800851902,-0.0032673084438763003,0.0,-0.00030704802816000024,-0.0024840580457802,-0.0099230809999145,0.0006783309773758998,0.031635451856845104
-0.003258311563105999,0.0,-0.003730566246306001,0.1264333793935275,0.0017733728571630997,-0.4700306197431736,0.09212550351107485,0.18095858770957118,0.07812920555396918,-1.5209631475852916,-0.003229218031032901,0.10371455552238285,0.007319893185592202,-0.0007060140176533558,0.0013910964087635036,-0.0009092996705739008,0.0,0.0,0.0,0.08887524082587017,-0.009070255368597804,-0.0013798813666213994,-0.004985234632800595,-0.053328958854035324,0.0,0.0,-0.0013011602971262997,0.42067642637997427,0.02308973541944004,-0.0016382629093971007,0.0,0.013744493115736597,-0.002109750265644597,0.012496025151517598,-0.02090314877266808,0.03222281490021528,-0.0009437728452116011,0.025010700254177176,0.01858296216058819,0.010182187990392055,0.012671277888240198,3.319543056290019e-05,-0.001556867189788036,0.0,0.0,0.0003739523674722,0.0005154605602760987,0.0,0.0,0.0,0.0,0.0,0.0,0.0,-7.522899342669994e-05,0.0,0.0,0.05953574181078913,-8.953896606599999e-05,0.0,0.006578504564930199,0.0,0.0,0.0009144934907193997,-7.93447215819993e-06,0.0,0.0,0.0,0.0006647944660117,0.0,-0.00042846137459040014,0.0,0.031635548871829955,0.0,0.0,0.0,-3.239032203610002e-05,0.0,0.0,0.0,0.0,0.0,0.0,0.0020710052486041033,0.007834197822371304
0.00019710871912739965,-0.004233920958325713,0.0009597842570410993,0.0,-0.00029289196238730004,-0.0008510212379449072,-0.0003091417957098025,0.00190888571895928,0.0014635805915212997,-0.003229218031032901,1.0569253916569998,-0.0043131223465164015,0.634008596863588,0.010401160484826283,-0.0014111731814463995,-0.0002855599343891003,0.004248702968934703,0.19571181942970117,0.01435010473285725,-0.0004871787100893003,-0.0005250550801898001,0.004644806046800502,0.00030371548107109916,-0.0015925514358506006,0.001966168891249287,0.12641711475490114,0.030910739118347186,0.0004856298728499993,0.0472788117447821,-0.00040193761156509956,0.12113087968255287,-0.0006823843378839789,0.0012700329870338001,0.29163878938524723,-0.0010663026383936,-0.011817417105196348,0.0851765646677003,0.29878502208723856,0.04862133884169062,-0.004084166918552401,0.00014069098636800004,0.009405666127320092,-0.0019974404737847003,0.036365691922353505,0.0015239852682438996,-0.0003411458017544,-0.00010669702063780006,0.0,0.0038694776205031,0.0,0.011375846646169196,0.0,0.0,0.0,0.0,0.0,-0.0004974529690698001,-1.3498741985100014e-05,0.0,0.011860772498766409,0.0,0.22641461349278202,-8.902743915500033e-06,0.0,-9.740263130920013e-05,0.0,7.78912651359996e-06,0.0,0.0,0.0,0.006370956118647603,0.0,-1.7412696043599943e-05,0.024248542657996586,-0.0057487422678225986,0.006135370597512568,-0.0002816285895865001,0.0001857115497945999,0.0,-0.005291690302456298,0.0,0.0,-0.0005560769970065008,-7.540924251449999e-05,-0.00011132939780269385
0.000678009468127001,-0.00037721205880660025,-0.0005010807563594001,0.36673824642693464,0.006114006800000196,0.2355487035757724,0.005017823192246501,0.14212924370652757,0.13932291606055291,0.10371455552238285,-0.0043131223465164015,0.790424834767876,0.0003130330783844004,0.10573512800307572,0.06983355129805979,0.0,-0.0003575606276283,-0.0003966514351043003,-5.758143696809996e-05,0.31882197102680276,-0.00012341713578200002,-0.00023633906720290504,-8.81479992219e-05,0.06956523640855317,0.0003941471679405001,-0.00026448004748330016,4.1831447292997766e-06,0.3681633165691385,0.0505362548316855,0.000889269972416,0.0,0.004678185933889398,0.0011419881571485997,0.029945284185979304,-0.11750078607050751,0.08840844114106483,-7.390734564990085e-05,0.022412328054001895,0.0033824100233663043,0.02774320887411985,0.002758013158521401,-4.9007653735599725e-05,0.0024982784914537037,5.273263894329996e-05,3.766176636589997e-05,0.00026106143694299994,0.006719258699456193,0.0,0.0,0.0,0.0,0.0,0.002753477869515502,0.00025888522799720004,-0.0008276639684512994,0.0007778113513836997,0.0003988299367989,0.0259950253879363,0.0018391918725698952,0.0,0.013844914785116,0.0,-0.00010276410261909999,0.000529733702587399,-2.6093262836000017e-05,0.0,0.0,0.0,0.0040565179402305,0.0,-0.0001612864812899999,0.0,0.020337200455100485,0.0,0.0,4.384018800670001e-05,0.005771628645720797,0.0,0.0,0.0,9.878130511680003e-05,0.0,0.0,-0.004684155715382832,0.0022920499977769904
0.0006860744196484998,0.028901022901176188,0.0023485226589460995,0.00017590725555340005,-7.993361657230007e-05,0.003911915109621002,0.0157924641041388,0.0012339383145300031,0.016822257570299703,0.007319893185592202,0.634008596863588,0.0003130330783844004,1.0901823145255722,0.006792115209998097,0.0010392597994601004,0.0371395859659239,0.0005506038395568002,0.0027017452837316026,0.00021765122472030066,9.578256031339983e-05,0.012435597742432303,0.04968855165260788,0.01561270266453961,0.028678083134071886,-0.008175150240515627,0.11429653605042456,-0.012557716121341045,0.01994454119581701,0.010816861614286188,0.013133603761422204,0.3945283786753133,-0.01338574123432662,0.0025425748877064003,-0.004083976522832877,0.019438508126259912,0.0035414177317860673,0.06304174090171155,0.10158643628927455,-0.12604445863204095,0.00019798570777118663,-0.022873779792280502,-0.0004966218719907045,-0.02822278546307533,0.0861693130437704,0.010339259740675205,-0.05161619274038182,-0.007922544827317801,5.893000015329969e-05,0.004398057814297102,0.00021825998613540006,0.025182341740676906,0.0006925665332403992,0.0,-8.896060796499987e-06,-0.0001038244014141005,0.007219812513827504,0.00022003204930849977,0.0017934593862239997,0.0011273510897336003,0.024335235225105112,0.0010935897160605002,0.47811796409184115,0.0005255830344021994,-0.00010582280036669999,0.0005119470079799973,0.0004953413717388999,-0.0006506288633792,0.0005540142059575993,0.0007795002048461002,-0.0004908725724505,0.008415639463692198,0.0035288885176902977,0.002315104331726686,0.0692631447302896,-0.029680921507725055,0.023699845580612333,0.002971282001073411,0.0012625629184792979,-0.001724072073043599,-0.02397889982784518,0.0018005149550494991,-0.0009548268705266011,-0.000922414596639394,-0.0032164478587873857,0.03473855419885652
0.26397567876660943,-0.00011211322522960022,-0.010575204211163092,0.0019174922836223997,0.0005391018379400005,0.07966419294359639,0.5848655329643391,0.5786580482312793,0.007074859429239411,-0.0007060140176533558,0.010401160484826283,0.10573512800307572,0.006792115209998097,1.4230393891563011,0.0010710786416417012,0.0009499182659030003,0.013359731632433813,0.001712207756125697,-0.0007377652237429005,0.0031438735514858207,0.0131325414503764,0.0009281373832215993,0.08226989400094786,0.014232631865638834,-0.0011483078999281002,-0.011836968033481332,-0.01202799076045541,0.06447624355916926,0.702660715064912,0.406507846295991,0.0003884582969682,0.023812790317564697,0.03249523489562639,0.07133293232191418,0.0037399785170746016,0.064135976904655,-2.1036495413406797e-05,0.02530124219774743,0.005421834095162281,0.011731702029619817,0.0020627621090296006,0.00019467062459890046,0.0066462612580306946,-5.117535024130003e-05,0.0,0.0,0.0007258256485621999,0.0,0.0,0.0,0.0,0.0,0.0,0.0,0.0,-3.349462209700023e-06,0.0,-0.005207112893756402,0.0,0.0,4.7641553460500046e-05,0.0005360319813348001,0.0,0.0,-0.00014259829733430027,0.0,0.0,0.0,0.00013036857966090002,0.0,-0.0008011020092052006,0.0,-0.001830890694740503,-0.0002093032040799,0.0,0.0,0.00018943842530049979,0.0,0.0,0.0,0.0,0.0,-1.588606676019991e-05,0.0,0.004330573397321902
1.5068482264699989e-05,-0.002862658595749898,0.0,0.015881112642150502,-0.04038244348689357,-0.01879549593321106,0.0021144705111909023,0.006149297754261207,-0.0034001111667312234,0.0013910964087635036,-0.0014111731814463995,0.06983355129805979,0.0010392597994601004,0.0010710786416417012,0.07056050011307913,-3.850135149399984e-06,-0.00012662266702180005,-0.0006598249328062002,-0.00011201700294940001,0.0114365402336426,0.0007726812038016,-0.009806759897536696,0.0012071533366730999,0.04818706100708947,-2.2701994545499746e-05,-0.0004574853071005998,0.0020926581641895967,0.022664406195931824,0.0018116478119006019,0.0024663787323105004,0.0,-0.0002072246442847009,0.0016781032018484995,0.0004299516979512988,-0.030254442530945447,-0.05197701220566009,-9.493843846910014e-05,0.00015279460285270129,-9.996283910660049e-05,0.18347347577641449,0.004793802796495397,0.0,-0.010546801820920992,9.082297861370001e-05,-4.80106006624998e-05,0.00014340644253379997,-0.004152631436893595,0.0,0.0,0.0,0.0,0.0,0.00027915159149989946,0.00011884567500369987,0.00015101224670050102,-0.001090292035828399,-0.0009492509296322002,0.00034202746126390376,-0.002503359808362804,3.918071250139999e-05,0.0022484298648818013,0.0,0.00010838975226049995,0.0005915090284964999,-0.0019380076542884006,0.0,0.0,0.0,0.0007990390840060986,-0.0002818956948314001,-0.0016196622889357998,0.00027555809787980004,0.0021052159766676015,0.0,0.0,-8.147663657110001e-05,-0.005150448629514803,0.0,5.192727431139999e-05,0.0,0.0,-4.268317911259998e-05,-0.0004015320389222,-0.009846588067688788,-0.0006221527149200962
0.00019051289523489999,0.0014433915717068646,0.0028775877569339053,-6.918940504800001e-05,5.0536209903599986e-05,-0.0001222093449392001,0.013106144056838007,6.231776834299783e-06,0.0026167825468738012,-0.0009092996705739008,-0.0002855599343891003,0.0,0.0371395859659239,0.0009499182659030003,-3.850135149399984e-06,1.6183406832578644,-0.0010107491134223046,4.779481396700001e-05,-0.00017880396083580063,0.0,0.6181082705589498,0.7476457925439233,0.5298744646612548,0.20831068869831548,0.012067665243259307,0.006561615688833698,0.024078836629623623,0.3093149275440432,-1.9481926302099273e-05,0.015287688546367417,0.0002217181100075,0.0018302557740363986,0.0005527218760974003,-0.010092665219910701,0.015094675847511195,0.09512773357319526,0.045648698752764116,-0.052277487617913676,0.09032481801454789,0.0181160479358988,0.0021108588707073,0.0036489350199219,0.08487882924890466,0.011748378058129602,0.010797401139820417,0.017814899065247997,0.004052077592980104,0.0008939350578389999,0.0009986882176785,0.0005963746196873999,0.0013809980328916005,0.007716365310660195,0.0,0.0,0.0,-0.0025196227518183983,-5.9804257011000046e-05,0.0030494546523526025,-0.00033601659322369994,0.00012365853297030007,0.00020749545695340006,0.0021289430250914995,8.513187586989962e-05,0.0,0.5105337146277349,0.0003593297151060996,0.0,0.00014876420641999992,0.0,0.04251930505685342,0.1404876657261529,0.042399767813176226,0.07781449090281933,0.0012636263027287998,0.0004994502704299001,0.036989502697166166,0.022598017761705114,0.003344331671845703,0.012051266356868318,0.0,0.00039241572788719997,-0.0020835339992702,0.018439798883586406,0.0016511162791579001,0.2027504269258003
0.008783732455286908,-0.0024312818689990953,0.14989776994456605,0.0,0.0,-0.0008051566990197002,-2.0180812260899017e-05,0.001551322420522,0.00020867206397219996,0.0,0.004248702968934703,-0.0003575606276283,0.0005506038395568002,0.013359731632433813,-0.00012662266702180005,-0.0010107491134223046,0.09705555651986186,0.027503030684279423,0.11461741581795648,0.0,0.03297089694514366,-8.907595274619887e-05,0.3691328707292021,0.0027908078092622954,-7.95740696437e-05,0.0620537235763825,-0.07527419745879493,0.0050397966170527,0.06106054557818574,0.045227453036975895,0.0003053851754457001,-0.0003253680795744004,0.008291593065905198,0.023683580722463793,0.001657111536992899,-0.015452758173074788,0.004369248985535812,-0.015439983854367512,0.0023582288649995897,0.004226143527270399,0.0,0.0,0.00011036863845669985,0.00045007453293470024,0.00023223340031220015,0.00022070121490019986,0.0,0.0,0.0,0.0,-0.00029009660148359914,0.0009442509809176013,0.0,0.0,0.0,0.0,0.0,0.00013185635416779998,0.0,0.0,0.0,0.0,0.0,0.0,0.0010856600855050002,0.0007386856160736992,0.0,-0.00016445231626610005,0.0,-1.2729683275699996e-05,-0.00024779322597999996,0.00030877451685140016,7.789965562109998e-05,-0.00011886915128869995,0.0010119836367412996,0.007758316078458893,0.0,0.0,0.0,0.0,0.0,0.0,2.148983772339995e-05,1.3728004677899955e-05,0.018387466670796604
8.43399872349997e-06,-7.96542182907999e-05,0.005701612570550102,0.0,0.0,-0.001734970545103201,0.0,-0.0006296953953197071,0.0,0.0,0.19571181942970117,-0.0003966514351043003,0.0027017452837316026,0.001712207756125697,-0.0006598249328062002,4.779481396700001e-05,0.027503030684279423,0.16981477528726518,0.16430770669133077,0.0,-0.00011411302666150015,0.00011915364727790002,0.005446361434902,0.0,0.00040087104429720015,0.05452138451093025,0.005521681235819004,0.0,0.03573508775698847,0.00045041623788670006,0.0007833888289077006,0.0031821559454620063,0.0008456293145395989,0.08464888036553098,0.0006552436790633002,0.027305997394150905,0.059950289297302284,0.14135209899627244,0.04626873062618764,0.0009577836629033991,-5.7378187218700034e-05,-2.1846408956800126e-05,0.0001761225544299,0.0004367908825031984,0.0,0.0,0.0,0.0,-5.047257392660001e-05,0.0,-0.00015848260794639997,0.0,0.0,0.0,0.0,0.0,0.0,0.0,0.0,-0.0002491445697330001,0.0,0.0026659288387439056,0.0,0.0,0.0,0.0,0.0,-5.816557572369999e-05,0.0,0.0,0.0,0.0,0.0,-0.0005405229641883003,-0.002852185733495098,-0.0014945911299618989,0.0,0.0,0.0,-0.0012667966988115995,0.0,0.0,4.29061123599975e-07,0.0,0.002717429381267098
0.0006220664563412002,0.0004287368459297003,0.026633307627840608,0.0,0.0,-0.0006119988130604999,-7.791131449309992e-05,-0.002444046906950499,0.0003734902566174,0.0,0.01435010473285725,-5.758143696809996e-05,0.00021765122472030066,-0.0007377652237429005,-0.00011201700294940001,-0.00017880396083580063,0.11461741581795648,0.16430770669133077,0.38109356141945483,0.0,0.0032078772829641986,0.0003072439972122,0.046211486003786106,0.00027052956297690016,-2.964134051600055e-06,0.06741442436409528,0.04115224977872178,0.0006379027289859993,0.020882829041775325,0.002933607161160902,4.2537809080006594e-07,0.0006528680009645974,0.0012244235408127007,0.13185202489696257,0.0005410595649908002,0.029014248963295297,0.027374087109026946,0.0478827008245466,0.013768041341944592,0.00017146435944920095,-4.156659821070001e-05,-5.13057198454e-05,0.0,0.00022007051382969987,-6.838562582770001e-05,0.0,-7.208646399999908e-06,0.0,0.0,0.0,0.00012754008365760015,0.0,0.0,0.0,0.0,0.0,0.0,0.0,0.0,0.0,0.0,0.00026095776322890025,0.0,0.0,0.0,0.00022795921637850001,0.0,0.0,0.0,0.0,-7.631695155390001e-05,0.0,0.0,8.931915486400013e-06,0.0005596071839274012,0.0015796115879924012,0.0,0.0,0.0,0.0,0.0,0.0,-1.5607290447899945e-05,0.0,0.0018669095967719998
-0.0004790189753531998,0.0,0.0,0.45861095047047407,0.0011686681319847004,0.0020338229106645067,0.0020275051679423985,0.003150614842977878,0.04328144888435159,0.08887524082587017,-0.0004871787100893003,0.31882197102680276,9.578256031339983e-05,0.0031438735514858207,0.0114365402336426,0.0,0.0,0.0,0.0,0.03264239127530644,-0.00013082095852830005,0.00047468875322210016,0.0,0.04184581825541861,-0.00028026918462589995,0.0,0.00027799994861370003,0.22033905260365283,0.0056116897885643,-0.00022803353558970008,0.0,0.0019011110806670013,0.00011033600337139989,0.0034225637638590975,0.00015392576954000004,0.01148710804201597,-0.00038055681356379987,0.004665187084333805,0.0007732225364475986,0.0056214457521471944,0.0019700273315156006,0.0,0.0026082160931202997,0.0,0.0,0.0,0.0042457346152498035,0.0,0.0,0.0,5.9619276079799985e-05,0.0,0.0006937875439757,0.0,0.0005084516879157001,0.00023860091275859998,0.0,0.01668014392105388,0.0005954361902520012,0.0,0.006835396101427499,0.0,0.0,0.0008820088854831999,0.0,0.0,0.0,0.0,0.0027692605674484,0.0,0.0002013647440021,0.0,0.017498116781447526,0.0,0.0,0.0,0.00047325454123160055,0.0,0.0,0.0,0.0,0.0,0.0,0.0,0.00023869547645459944
0.0044655127792056215,0.0020543013290477002,0.05740942881257227,-0.0005606357379065998,-5.7973862890999765e-06,-0.0006067988463967985,0.09625788581668426,0.004415659820664691,0.0029453130710827002,-0.009070255368597804,-0.0005250550801898001,-0.00012341713578200002,0.012435597742432303,0.0131325414503764,0.0007726812038016,0.6181082705589498,0.03297089694514366,-0.00011411302666150015,0.0032078772829641986,-0.00013082095852830005,2.0709317245255363,0.0441985202419129,1.113872586477072,0.07181549419187183,0.0014549248791025007,0.003200305162693512,-0.008725859070895181,0.8675548561143476,0.065327576367056,1.0243764307158436,0.0,0.0016040412176037003,0.01660117590543031,0.10619883783070527,0.03545024159923038,0.11489531675152564,0.025490147656494266,-0.1828842986076844,0.163482288824077,0.03876503514084659,0.0026074233995846997,7.5001913723000795e-06,0.024708104158970595,0.0007908618731576021,0.0006882131519063972,0.0013376024552361997,0.0011338673625570003,0.0,9.1926156691e-05,0.0,-0.0004087791254523002,0.0004177738354281006,0.0,0.0,0.0,0.0001032157009764,0.0,-0.0008545788890706972,0.0,0.0,1.515233833549999e-05,0.0,0.0,0.0,0.0629016412128407,2.653815368320006e-05,0.0,0.0,0.0,0.0020335332803813957,0.029600879241686417,0.003236924191745205,0.01744643266047169,0.0004785365956226999,2.08732102285e-05,0.003286029701954296,-0.00018833260080580033,-8.8376932637e-05,0.0003931574199557003,0.0,0.0,-0.003060541812767499,0.0013615314728852024,0.000833527844458,0.4388259937191654
0.0008578829841216001,-0.116889331651155,-0.0008727765589156,0.00035582184590040016,-5.1141117549200615e-05,0.00010105655349700038,0.0017487877352736977,0.0006074698047231,0.2672803297603248,-0.0013798813666213994,0.004644806046800502,-0.00023633906720290504,0.04968855165260788,0.0009281373832215993,-0.009806759897536696,0.7476457925439233,-8.907595274619887e-05,0.00011915364727790002,0.0003072439972122,0.00047468875322210016,0.0441985202419129,1.116236901724486,0.009355686701726873,0.4417898643119198,0.04728343147524294,0.0146398424215776,0.22672550147285708,0.022380116944438616,0.00018491473418919685,0.004820292839038898,0.010709884036796902,0.0008990230700626003,-0.0009130960480792996,-0.004917932062519802,0.0036185646706297977,0.013935210492463934,0.017515884902349593,-0.005495814211199004,0.014361022364005202,-0.004312900498671099,-0.0002462802068442997,0.0020134757765454,-0.009235825936545428,0.0010728117524743952,-0.01892051752978602,0.003118382366945907,0.0009062095694839008,-6.290998050199935e-06,0.00014729082257089986,-0.00030169304484170024,-0.008123998256798201,-0.020715883519639017,0.0,0.0,0.0,-0.004551391091182702,-0.0011201344796899996,0.013921532879479948,-0.0002829799211440001,0.0004262737140956997,1.8360723316100083e-05,0.009321037448852994,-0.0015666718255024003,-0.00023503120031040001,0.027079491365920916,-0.0002011571160778977,0.0001196788575089,-0.00016717351649970028,0.0,-0.005210415622914494,-0.18184152890237382,-0.04212726883988771,-0.01769966899425679,0.005124842563621099,-0.0008045725968506001,-0.055955424838011414,-0.0142619719901724,-0.002526163732669999,-0.006985917029115704,2.78790703069e-05,-0.00042365809006990004,-0.0038345370421753993,-0.005310971893727305,-0.00026550215005749934,0.036509934730411
0.027769409310771764,-0.003818784332910101,0.43278013748946265,-0.0001746661466788999,0.0,-0.0004700675958922984,0.04411843420631789,0.016546328412964106,0.0011641765271622959,-0.004985234632800595,0.00030371548107109916,-8.81479992219e-05,0.01561270266453961,0.08226989400094786,0.0012071533366730999,0.5298744646612548,0.3691328707292021,0.005446361434902,0.046211486003786106,0.0,1.113872586477072,0.009355686701726873,0.9813322258391963,0.029102145747976982,0.0012137034031516995,0.18239576724892603,-0.11182075831599292,0.05913549819917474,0.10895905428431618,0.3796301339420758,-4.814417767589997e-05,-0.000447825077979299,0.016408466215292183,-0.14758931734075897,0.06453006005856221,-0.33431239123447654,0.1525132882111624,-1.0174862337329929,0.353641492676811,0.09505127434925792,0.0013466106290139996,0.0013090685124315998,0.02952456066813458,0.010033577178625602,0.011259348855782003,0.015592297821443293,0.0019011290811849005,0.0001873265352782999,0.0,0.0,0.002159198834503301,0.02980558014263751,0.0,0.0,0.0,0.00014060930109120002,0.0,-0.0010922124447324995,0.0,7.913163008639999e-05,0.0,0.0004796790431223,0.0,0.0,0.12126091911859849,0.003506531374528698,0.0,8.151327177140005e-05,0.0,-0.0017194159390979055,0.01414886184601788,0.015268080396920403,0.0006332563392231066,0.0012607382684275002,0.0023188152067727015,0.10697702290015854,-0.00031073631719009953,-0.00015224298942319997,-0.0017596023390668986,0.0,0.0,-0.0027640808086831,0.003629171707476203,0.0012143011886412008,0.8052522588052913
-0.0007122904786997994,0.005621149548504234,0.004082041796441893,0.18638964002115066,0.0032890943023106065,-0.0008168943781480809,0.10325965949707983,0.016112495676536415,0.9186292551588267,-0.053328958854035324,-0.0015925514358506006,0.06956523640855317,0.028678083134071886,0.014232631865638834,0.04818706100708947,0.20831068869831548,0.0027908078092622954,0.0,0.00027052956297690016,0.04184581825541861,0.07181549419187183,0.4417898643119198,0.029102145747976982,2.3973727002206537,0.02061900551317808,0.0072760562903630005,0.05152372282414375,1.3402285250990076,-0.010363189819331375,0.009990271420627306,0.0,0.010590490260660099,-0.017018450238684202,-0.008454042251375582,0.0109971138728834,0.043559823404716314,0.0004105147851393154,0.015600968961132278,0.02895829037789152,0.050286927988416164,0.0055514998863132985,0.0003352237411471011,0.02828831317742231,0.0006248457923935004,0.005772768263868688,0.004158394810009194,0.04615004527286998,7.083969642539994e-05,0.0,-7.305661385940097e-05,-0.0008319060051187,-8.83579930678999e-05,0.015438917823701409,0.00027836842262859995,0.004070152515391501,-0.0503385867062196,-0.007109699297352889,0.012925138264367586,0.032868896840109185,0.0,0.03217218865113841,0.0002785543791975001,-0.009186390758316204,0.0033727793194847,0.01743582284305789,0.0,0.0,0.0,0.024706214750957994,-0.0006248126938800946,0.0016765996220087787,0.0010878410628806998,0.46293109115302045,0.0016423980771365,0.0,0.00038522482590010176,0.0909302180646061,-0.0020966840848838098,-0.003214107620732709,0.0,0.0003247228049138,-0.005111473349752413,-0.011412232595345101,-0.0003301061792928999,0.08180746024661611
0.0,-0.028072283401785247,0.0002541047490108,0.0,-0.0005948103063932002,-0.0009025366711405006,0.0003144838152406,-0.0017568242225617994,0.03837966466441467,0.0,0.001966168891249287,0.0003941471679405001,-0.008175150240515627,-0.0011483078999281002,-2.2701994545499746e-05,0.012067665243259307,-7.95740696437e-05,0.00040087104429720015,-2.964134051600055e-06,-0.00028026918462589995,0.0014549248791025007,0.04728343147524294,0.0012137034031516995,0.02061900551317808,-0.09204454935296491,0.016993886019835508,0.2238508739718248,0.0008292037810407014,-0.007307515853916202,0.00029531878829879964,0.034623663869344595,-0.010516038606668499,-0.000905985465476,-0.056216819906505594,-0.00019213088080490004,-0.008505413924337492,-0.018926654084368777,-0.004134686798717993,-0.0039475227803100026,-0.0020934888954049005,-0.0036148048551517004,-0.039574613149983895,-0.015210896288456607,0.009427721517898502,-0.0014175341693147062,0.0017572719427587022,-0.0007241442221428002,-0.00039830709248970045,-0.017320978929516895,0.0,0.09214013700523305,-0.00020727106025410008,0.0,0.0,-0.00034898264915310005,7.188640946359992e-05,-0.0001995561553879,0.0019308948643046008,0.0,0.007657755758749496,-0.00015384032805769985,0.24447368433836347,-0.0005448291734335003,0.0,-0.0008224161223613982,1.517231451999998e-05,0.0004359001617573002,0.0001828837001514004,5.5067145125800056e-05,-0.0011940754482582996,0.008784260275348697,-0.0013797022151261999,-0.0023368190417732,0.15581046941685006,0.0077034867084659064,0.10967042943180993,-0.0013821234433156991,-0.003405449137366099,0.00016823153474120056,-0.001165772219407904,-0.0043138416964787,-0.00030714303089300014,-0.03312915777841449,5.139794201100019e-06,-0.0016904655087021008
0.0009983760135752959,0.0226448196690594,1.1405164345057344,-1.677270202270003e-05,9.295124715599963e-05,-0.005111653440298798,0.015723108218691884,-0.008154362618113198,0.0024907914711920012,0.0,0.12641711475490114,-0.00026448004748330016,0.11429653605042456,-0.011836968033481332,-0.0004574853071005998,0.006561615688833698,0.0620537235763825,0.05452138451093025,0.06741442436409528,0.0,0.003200305162693512,0.0146398424215776,0.18239576724892603,0.0072760562903630005,0.016993886019835508,1.1429893090589616,0.9003074193516909,0.012634629712008877,0.022153140329498333,0.02422356611021209,0.01797597935768014,-0.006041625790942418,0.0026847392823145036,-0.15021490699466788,0.005793954995313804,0.06556982244564535,0.2849962257092127,0.15617001861994595,-0.0586756945814777,0.0021698896176616106,-0.0025521058448161986,0.0006939590123229977,0.0010625725554783,0.054737697843504185,0.008244130444421391,0.003006542259329198,-2.6492640178799975e-05,7.395222498979997e-05,0.00035334999430330005,0.0,0.01909509613736121,0.004402831085759097,0.0,0.0,0.0,0.0,0.0,0.0,0.0,0.015145449637420594,0.0,0.18881583645116873,0.0,0.0,0.00028495464868379984,0.004730503914562402,-0.0005498842212941016,0.0026991936493514987,0.0,0.0,0.0014525126999536987,0.00022733180808560006,0.0,0.017673833555911234,0.013081719415175552,0.18632665601410636,0.0,-1.1051244747200032e-05,0.0,-0.010544648722395022,2.3760159132799985e-05,0.0,-0.0004837827099554992,0.0013370086332753,0.0371816420660212
-0.0011318195109621954,-0.01550262420513171,0.07011349198543382,0.0001250299870578001,0.0006826049539866001,-0.0016610336864091007,0.0025747411301257905,-0.0046001980806092,0.14021328472311112,-0.0013011602971262997,0.030910739118347186,4.1831447292997766e-06,-0.012557716121341045,-0.01202799076045541,0.0020926581641895967,0.024078836629623623,-0.07527419745879493,0.005521681235819004,0.04115224977872178,0.00027799994861370003,-0.008725859070895181,0.22672550147285708,-0.11182075831599292,0.05152372282414375,0.2238508739718248,0.9003074193516909,2.345596180770727,0.026756395851720183,-0.02213926913777642,0.006107793060270317,0.04647296952604418,-0.0033814834235394997,-0.00046642630821430026,-0.44615692105145444,0.030835850061528808,-0.3067687295398809,0.2769993587438142,-0.47563380417727696,-0.025977940372047925,0.03921678929527081,0.00022722332935519972,0.00035205472533429965,0.011361059281747576,0.062263467244347837,-0.010061127629722888,-0.00412009290327664,0.0024476789382645,0.0005995070756543001,1.6190246242500043e-05,-0.0002417790041846998,0.058991901714589456,-0.02136046519685797,0.0,0.0,0.0,-0.0006496024070212995,0.0,-0.0010685809722285004,0.0,0.006212416179783409,0.0,0.08698631813242264,0.0,0.0,0.036039808388927286,0.0627618062632952,-0.0007418499510065957,0.011062004715247709,0.0,-0.002454275079238996,-0.059233605423924196,-0.02737890275975574,-0.0016348129808825967,0.03099513974147272,-0.1983351605188819,0.4139539002938193,-0.0012537402744288995,-0.0002931351523100998,-0.0018747607372647992,-0.00755226024828598,0.0,-0.0005096133676759998,-0.043581322059764505,0.003175300918990801,0.2413577383829717
0.0056241581228586995,0.000816766459833999,0.013424913653906467,0.80213696474671,0.0016587241443594015,0.007819914740749723,3.1898267365102058,0.06649671213444086,0.33092363205288433,0.42067642637997427,0.0004856298728499993,0.3681633165691385,0.01994454119581701,0.06447624355916926,0.022664406195931824,0.3093149275440432,0.0050397966170527,0.0,0.0006379027289859993,0.22033905260365283,0.8675548561143476,0.022380116944438616,0.05913549819917474,1.3402285250990076,0.0008292037810407014,0.012634629712008877,0.026756395851720183,5.38724206858145,0.034458912751800685,0.8630953202021683,0.0,0.009107777508995794,-0.01472758537256158,-0.0284940706575445,0.011942842432892904,0.14176508252316244,0.00815720973660311,0.002674562733463226,0.048572664587787306,0.049782101319417904,0.006311939847719699,0.0014117637594114,0.07932413090472656,0.0008903992610005997,0.0028936946349241016,0.00019533037528570016,0.04490769505781178,0.0,0.0,5.770818451679999e-05,2.1460495416e-05,-7.315717772789996e-05,0.0,0.0,0.0009174886500536998,0.0034802785583223986,-0.00011843067526019985,0.19939062929684226,0.0,0.0,0.030536604989548605,0.0,-0.0003180359784034,0.003636506394087302,0.01432038942679971,0.0,0.0,0.0,0.0030105835341237997,0.00026560651891370003,0.010299801373845091,-0.00025008075520130055,0.2819890606270743,0.00015653356407220012,0.0,0.0013348667789763007,0.009841277353936084,-0.0002723317611632997,0.0014004257015352989,0.0,0.0,-0.0007734813731621014,0.0005523221816722962,0.00012093211307419999,0.09807252777569248
0.15537171095335145,-0.0014534432877001003,-0.03388307872301444,0.0011873032168521003,0.0011225265363086004,0.043154727360829925,0.1507068101943274,0.11193129449588124,0.003912816964833393,0.02308973541944004,0.0472788117447821,0.0505362548316855,0.010816861614286188,0.702660715064912,0.0018116478119006019,-1.9481926302099273e-05,0.06106054557818574,0.03573508775698847,0.020882829041775325,0.0056116897885643,0.065327576367056,0.00018491473418919685,0.10895905428431618,-0.010363189819331375,-0.007307515853916202,0.022153140329498333,-0.02213926913777642,0.034458912751800685,2.019533925067776,0.5292955872034586,0.0012709242687714006,0.11418602021261381,0.29895708393948484,0.3867830279454467,0.005496386678886897,0.13220786046277144,-0.0034614339796235905,0.11114431536856784,0.0162986179576593,0.012124806545614514,0.004436461406881503,-0.0012923861910577004,0.0050113297615439895,0.0007481124848231994,-0.0005798729132653994,-0.00019762540472279986,0.0009928457447262035,0.0,-8.230934345289994e-05,0.0,2.90271765059991e-06,0.0,0.0,0.0,0.0,-6.472522784379967e-05,0.0,-0.013287238120140002,0.0,0.0002485306618284001,0.0003498849068160998,-1.982605815402383e-06,0.0,0.0,-0.0019351715727011012,0.0,0.0,0.0,-1.6890583462700012e-05,2.0890844879993195e-07,-0.0042482274064733,-0.00022433586824099997,-0.012835085576206107,0.00026292025870960044,0.0,-0.00039600744096829994,-0.001296042991377101,-0.0005510639503541,-0.00046776823706229983,3.1863843475999905e-06,0.0,-0.00018134975358439988,-0.0017464826689625006,0.00021673350319769997,0.033899363776864005
0.18009377284311823,-8.892804605300716e-06,0.040836804679733385,-5.1544507202599954e-05,0.00018405527044010014,0.011539560538753699,0.8907881796522918,0.10518850907083976,0.013626457537208009,-0.0016382629093971007,-0.00040193761156509956,0.000889269972416,0.013133603761422204,0.406507846295991,0.0024663787323105004,0.015287688546367417,0.045227453036975895,0.00045041623788670006,0.002933607161160902,-0.00022803353558970008,1.0243764307158436,0.004820292839038898,0.3796301339420758,0.009990271420627306,0.00029531878829879964,0.02422356611021209,0.006107793060270317,0.8630953202021683,0.5292955872034586,2.3808544286757964,0.0,0.0060401506997271,-0.07709091291647474,0.03430017046564915,0.017078544808925303,0.06620691485863905,0.012188057023716115,-0.022709108091653052,0.04701365438513072,0.0300562404876831,0.0034280765931820004,0.0006798705460559001,0.020948992493919905,0.0007432569427017997,0.0020697635177605,0.00026804224752029985,0.0018889138151466991,0.0,0.0,0.0,0.00023863779186829998,6.672780984359999e-05,0.0,0.0,0.0,-0.0004453267622063998,0.0,-0.01045024609202369,0.0,0.0,0.0,0.0,2.0954700377599994e-05,0.0,0.004931234054942599,0.0,0.0,0.0,0.0,-9.363775471010055e-05,0.004031377351142007,-0.0011906961559222003,0.022103257870109805,4.79583308661e-05,0.0,0.0007323710319791996,0.0007022830688597978,-0.0008419906610837996,-2.5760119105800415e-05,0.0,0.0,-0.0009338656699619001,0.0010094599177984977,0.0006195687503418,0.16890879412678916
0.0,0.009628955660582292,5.101341875299992e-06,0.0,0.0,-2.4066948446200046e-05,0.0,0.0004569207054925001,0.0009264870796487001,0.0,0.12113087968255287,0.0,0.3945283786753133,0.0003884582969682,0.0,0.0002217181100075,0.0003053851754457001,0.0007833888289077006,4.2537809080006594e-07,0.0,0.0,0.010709884036796902,-4.814417767589997e-05,0.0,0.034623663869344595,0.01797597935768014,0.04647296952604418,0.0,0.0012709242687714006,0.0,0.03801078597948693,0.0005650114857376999,0.0,0.003569934564340703,0.0,0.0021384623233293015,0.0204509420686384,0.024645346060886697,0.0020431329345887983,0.00010168919364780002,-3.8886972343998415e-06,0.0017058086086229997,0.0,0.023834759132481703,0.0004802919022162998,0.0,0.0,0.0,0.0,0.0,0.0033758723962700014,0.0,0.0,0.0,0.0,0.0,0.0,0.0,0.0,0.008749053543022897,0.0,0.10324246233162704,0.0,0.0,0.0,0.0,0.0,-4.218828682699995e-06,0.0,0.0,2.6373661146299925e-05,0.0,0.0,0.01921850568755909,0.0022440418606002877,0.04350947372456726,0.0,0.0,0.0,0.0062298300709835025,0.0001349108566728,0.0,0.0002257859099552,0.0,2.4924448724199976e-05
0.0008783252551236992,-0.0005672025365737994,-0.00040911502535929956,-4.1078413435100014e-05,-0.00589504736691715,0.029583586183231037,0.019924156889897,0.014092295340687594,0.004943852210619701,0.013744493115736597,-0.0006823843378839789,0.004678185933889398,-0.01338574123432662,0.023812790317564697,-0.0002072246442847009,0.0018302557740363986,-0.0003253680795744004,0.0031821559454620063,0.0006528680009645974,0.0019011110806670013,0.0016040412176037003,0.0008990230700626003,-0.000447825077979299,0.010590490260660099,-0.010516038606668499,-0.006041625790942418,-0.0033814834235394997,0.009107777508995794,0.11418602021261381,0.0060401506997271,0.0005650114857376999,0.15000756137129323,0.0092063089654617,0.11122025621174159,-0.0026979628578473053,0.07613082604097787,-0.017270218896101308,0.026118880426559188,0.008447676714595398,-0.01312010934882768,-0.09203286213870232,-0.0024595684144426977,-0.0008808457544616996,0.002020414390786901,-2.3760415237600654e-05,-0.00013544431104330068,-0.0004903649724821999,0.0,-0.00019782682515140002,0.0,0.00011814015470749993,0.0,0.0,0.0,0.0,0.0,0.0,0.0004985798307553004,0.0,0.0002587887374165998,0.00010463483936259997,0.0006792173687289998,0.0,0.0,-1.4586041556699948e-05,0.0,0.0,0.0,0.0,0.0,-3.304309691239994e-05,-0.000106362181737,6.0561961735100024e-05,0.0006563817971700003,3.745474821540001e-05,0.0,0.0,0.0,0.0,0.0,0.0,0.0,-1.3619074715099972e-05,-0.0004706328804468,-0.023945538563243496
-0.0003777321225482029,-0.00031642039534159993,-0.0018335469784724959,-0.00026748913404759994,0.0,0.0013650716357027984,0.01393008856463021,0.0033376127712420045,-0.004404130757293796,-0.002109750265644597,0.0012700329870338001,0.0011419881571485997,0.0025425748877064003,0.03249523489562639,0.0016781032018484995,0.0005527218760974003,0.008291593065905198,0.0008456293145395989,0.0012244235408127007,0.00011033600337139989,0.01660117590543031,-0.0009130960480792996,0.016408466215292183,-0.017018450238684202,-0.000905985465476,0.0026847392823145036,-0.00046642630821430026,-0.01472758537256158,0.29895708393948484,-0.07709091291647474,0.0,0.0092063089654617,0.01501180781725564,0.014038559685085383,0.008918941405900702,0.018733807414679893,0.0005132324230069998,0.0275369631604353,0.009835803757449302,0.007734812585246498,0.0032493825257513993,-0.0004593787274234998,-0.0048587707630299015,0.00026440311844100014,-0.0001875503709857021,0.00027479775893339987,0.00011573165859160225,0.0,-0.0003512092254014,0.0,0.0,0.0,0.0,0.0,-2.6008016481200003e-05,-0.0014517093231840002,0.0,-0.006698378391462503,0.0,0.0,1.196505152299999e-05,0.0,0.0,-0.0001892887136767,-0.0044433812766814,0.0,0.0,0.0,0.0,-0.0013757484306535003,-0.0038178871729544987,-0.00022424001182490012,-0.02174201401457121,0.0,0.0,0.0,-0.004232132041009001,-0.00037769098721850006,-0.0012077818669495996,0.0,0.0,-0.000911014183311,-0.0032242234117398003,0.0005417760246261001,0.037815570522140296
0.0015656146853349068,-0.018095503247315806,-0.12851248975334673,0.0005594585820914988,0.006048559100153301,0.015894772815608804,0.06338562723352326,0.027373904384258407,0.0019055128536372007,0.012496025151517598,0.29163878938524723,0.029945284185979304,-0.004083976522832877,0.07133293232191418,0.0004299516979512988,-0.010092665219910701,0.023683580722463793,0.08464888036553098,0.13185202489696257,0.0034225637638590975,0.10619883783070527,-0.004917932062519802,-0.14758931734075897,-0.008454042251375582,-0.056216819906505594,-0.15021490699466788,-0.44615692105145444,-0.0284940706575445,0.3867830279454467,0.03430017046564915,0.003569934564340703,0.11122025621174159,0.014038559685085383,-0.24969811934017905,0.0247294975670906,-0.1380788788335492,-0.1216011076123249,-0.06788775743197739,-0.021001916516418473,0.015137724634702504,0.010249759580603035,-0.014799295350120312,-0.001351801083209092,0.0007326643452951059,-0.0029140324882881985,-0.0017572401003792988,0.002069499693097901,0.0,0.0011535749294966998,0.0,0.00020261597511879795,-0.0033172518806296007,0.0,0.0,0.0,-2.5351973218099705e-05,0.0,-0.0037046103776664993,0.0,0.0012352287418963999,-1.3073351698800022e-05,0.01939206964399419,-0.0001568132916315001,0.0,-0.0006554123912339005,0.00020993405149619983,1.7182201607999635e-06,0.0,0.0,-0.0006694019034347003,-0.0005262397118298984,-0.001850528735289899,-0.004239436153570392,0.003774926973677699,-0.0010216109258905995,-0.0013283446035439878,-0.0019293146603092982,0.00014432065176029924,-0.0008793169909706998,-0.0002667517591766,-0.00014518471320259998,-0.0008248169719157999,-0.0008531592628656,0.0005071809928242996,0.1272162463049859
0.0007423069885447,0.0,0.008423511495029401,0.0,0.0010774194094160007,-0.20855358735668794,0.007791567852106201,0.0005159269883280998,0.0032144730336839,-0.02090314877266808,-0.0010663026383936,-0.11750078607050751,0.019438508126259912,0.0037399785170746016,-0.030254442530945447,0.015094675847511195,0.001657111536992899,0.0006552436790633002,0.0005410595649908002,0.00015392576954000004,0.03545024159923038,0.0036185646706297977,0.06453006005856221,0.0109971138728834,-0.00019213088080490004,0.005793954995313804,0.030835850061528808,0.011942842432892904,0.005496386678886897,0.017078544808925303,0.0,-0.0026979628578473053,0.008918941405900702,0.0247294975670906,-17.6485886739203,-0.31242871353485935,0.14151844500116517,-0.014476613042931408,-0.11463010479274205,0.01190816054493593,0.007841718636287714,-0.0008955092250751999,-0.046102110906105276,0.031424868920828214,0.004646024813568503,0.07487437490807225,-0.0007124008599238979,-8.242371259669853e-05,4.070124404829999e-05,0.0,0.00010755438676570003,0.0006377211262008002,0.0,-0.00016423723690799997,-0.027204535109471517,0.0,-0.00015964328767789984,0.0003679909520741,0.0005282701482893998,-3.7514420663699994e-05,-0.06307584027291124,0.0,0.0,-0.011359193764666708,0.0013912394616592992,0.0,0.0004678650691162,0.0,0.0,0.0026974880149187004,0.0008431395721838998,0.010049970820963098,0.0008665847344500998,4.260629885209999e-05,0.00033405000006419975,0.002155375468416601,-9.936732197500002e-05,0.00012537682630390005,0.0005836729616080999,0.0,0.0002070454683985,0.0,0.0010390437322687976,-2.8142931893072642,-0.2221407102501125
0.0021502551016036042,-0.0006603490088580993,-0.05279357369618731,0.007166329743548902,-0.012721865282543321,0.0783853004699866,0.10686228725802227,0.05471859233047072,0.004720082297685113,0.03222281490021528,-0.011817417105196348,0.08840844114106483,0.0035414177317860673,0.064135976904655,-0.05197701220566009,0.09512773357319526,-0.015452758173074788,0.027305997394150905,0.029014248963295297,0.01148710804201597,0.11489531675152564,0.013935210492463934,-0.33431239123447654,0.043559823404716314,-0.008505413924337492,0.06556982244564535,-0.3067687295398809,0.14176508252316244,0.13220786046277144,0.06620691485863905,0.0021384623233293015,0.07613082604097787,0.018733807414679893,-0.1380788788335492,-0.31242871353485935,0.12303135858650549,-0.32971246735689697,-0.3008168063051069,0.013944829708208761,-0.34551659622343145,-0.02451632321505981,0.00017459985208900797,0.036461283404000344,0.011917182950828692,0.016676297493328385,0.004791644075858026,0.008889270174280206,0.0012523135992406004,0.0002892905904917,-0.0002966331919646999,0.0022008294223597007,0.007335650663287688,0.0029273010407246947,0.0001411333527522006,-0.0021601395322968023,-0.007117800932856189,-0.0004082323536254012,-0.03542038142315118,-0.017711684205759526,0.0017704760787076992,-0.002212792144547393,0.0025537183180324996,-0.0002962774256326031,-0.0005320754284898997,0.06932319417728294,0.0015982434776457997,-0.00020664774964000016,0.0006666818861619001,0.0019469674730167932,9.846868635962625e-07,0.014202905864151683,0.022636413951636986,0.045412885590935925,0.0011395540993216994,0.0030416824775464993,0.038038766650276806,-0.027906552243850413,0.0006003876131805003,-0.0031420665970649936,-0.00042304521878050016,-0.0001437075731478988,-0.0035779969060313957,-0.014571116359127001,-0.032816371219320795,0.20619437391455975
-2.9632437820299902e-05,0.003024515495888419,0.06899372526022463,0.0,-0.00035318066016370043,0.0010169089369667025,0.002254437305993895,-0.00018761845831000157,0.0007216492357339024,-0.0009437728452116011,0.0851765646677003,-7.390734564990085e-05,0.06304174090171155,-2.1036495413406797e-05,-9.493843846910014e-05,0.045648698752764116,0.004369248985535812,0.059950289297302284,0.027374087109026946,-0.00038055681356379987,0.025490147656494266,0.017515884902349593,0.1525132882111624,0.0004105147851393154,-0.018926654084368777,0.2849962257092127,0.2769993587438142,0.00815720973660311,-0.0034614339796235905,0.012188057023716115,0.0204509420686384,-0.017270218896101308,0.0005132324230069998,-0.1216011076123249,0.14151844500116517,-0.32971246735689697,-0.004892624224717146,-0.13887490591629614,0.2524922507328924,0.04484738621311407,-0.0047660083383788965,0.0049904999550026,0.024983324564208903,0.018416627119428902,0.009609990505244095,0.0174551854610496,0.002977206683707599,0.0007860522469911998,0.0027522172356891006,0.0,0.0054081924832141,0.0164253215294472,0.0,0.0001745915347764,0.0,6.710575974069963e-05,2.5136162131700004e-05,-0.00017726917278120067,0.0,0.0014445019207223048,-3.251859401880001e-05,0.057921386247684004,0.0,0.00016337777315890005,0.05199361839069899,0.0045427595867774,8.240163879090002e-05,0.0007286008137630004,0.0,0.004135915821878798,0.012831785127601691,0.023376506632579397,0.006061185146301107,0.007798435769192202,0.001422924775609194,0.047991720411998284,0.0002236969352262981,0.0004199279583728,0.00032121067948810006,-0.00030358344068730225,-1.492401469410003e-05,-0.000395016778323,0.0019802882852353945,0.03675229688551801,0.9885577632007863
-0.0025385667967936093,-0.00031209595386459676,-0.09263681461053364,0.004122064423407203,0.0020287838754593987,0.014227795043568858,0.061908226659069476,0.01943619905983318,0.009404876897298894,0.025010700254177176,0.29878502208723856,0.022412328054001895,0.10158643628927455,0.02530124219774743,0.00015279460285270129,-0.052277487617913676,-0.015439983854367512,0.14135209899627244,0.0478827008245466,0.004665187084333805,-0.1828842986076844,-0.005495814211199004,-1.0174862337329929,0.015600968961132278,-0.004134686798717993,0.15617001861994595,-0.47563380417727696,0.002674562733463226,0.11114431536856784,-0.022709108091653052,0.024645346060886697,0.026118880426559188,0.0275369631604353,-0.06788775743197739,-0.014476613042931408,-0.3008168063051069,-0.13887490591629614,-0.12120666294801286,-0.1572029840371414,-0.0012983334962939908,-0.006250129118353209,-0.00402546969338799,0.023070280359766604,0.010375815219118095,0.0019604135671457967,0.0005332282787278986,0.005656776853904498,-7.087677066269999e-05,0.00019040858735619969,0.0,0.0048318562692518975,0.0030650010386096965,0.0,0.0,-6.197836833599996e-06,-5.453397125110022e-05,-1.3121523816300013e-05,-0.0012842966778539994,0.0,0.002185902456361199,0.0004772804863167001,0.04065555859986009,0.0,-4.564819123819999e-05,0.00081002799769192,0.0011194855098011994,0.0,0.0,0.0,-0.00033959140337950014,-0.001944439802740297,0.0011639766555586045,0.018338673011021878,0.009253145044531202,0.0015422051582402,0.015995947104200298,-0.0006505854718870004,-0.0002480272571027001,-0.0006792915659854003,0.00017192331167660037,0.0,7.44795328421e-05,0.0006754635168371992,-0.004509968399550701,0.027426355015088832
0.0027273578010304014,-0.0030397601905398086,0.015455129973012127,0.0011810919771939,0.0006974104896625005,0.0017172858900165039,0.0354211838486741,0.003999413041361505,0.006889565879274501,0.01858296216058819,0.04862133884169062,0.0033824100233663043,-0.12604445863204095,0.005421834095162281,-9.996283910660049e-05,0.09032481801454789,0.0023582288649995897,0.04626873062618764,0.013768041341944592,0.0007732225364475986,0.163482288824077,0.014361022364005202,0.353641492676811,0.02895829037789152,-0.0039475227803100026,-0.0586756945814777,-0.025977940372047925,0.048572664587787306,0.0162986179576593,0.04701365438513072,0.0020431329345887983,0.008447676714595398,0.009835803757449302,-0.021001916516418473,-0.11463010479274205,0.013944829708208761,0.2524922507328924,-0.1572029840371414,-0.007003712284945118,-0.2882537395176312,-0.05715254643487988,-0.0003877466057629012,0.010675756359903199,0.015700417797650412,0.011555275673767393,0.01850134069058229,0.0014730114116040943,0.00030490906418810006,-4.746658501239998e-05,0.0,0.0007259126144787027,0.01772357171846621,0.0,0.0,-0.0009285795422828997,0.0001409713480918,-0.00026320030335120006,-3.00896460940156e-06,0.0,0.00028124406632959974,0.0007678929806901004,0.002615712272182002,4.450593886610001e-05,0.0002786206250057,0.048873700284451815,0.0024534438236187006,0.0001462117915297,0.0003256329774387,0.0,0.0011759998185094994,0.012208067050576407,0.022201364180196997,0.017941222150480912,0.0006378838991760996,0.0010872434969096002,0.042251968732081896,0.0019180340553053982,-0.00022345033057110004,0.00021905544804329963,0.00013002930160790004,-0.00013524384186170004,-0.0004368260298556999,0.002739528273096998,-0.047591941996693476,-0.3777362968877309
0.0024942089353579,-0.0019271231826314995,0.005340812422899299,0.0061697323665062045,0.033897105419212537,-0.18702919000487306,0.03289853755865629,-0.036294499374316946,-0.0007785222254924895,0.010182187990392055,-0.004084166918552401,0.02774320887411985,0.00019798570777118663,0.011731702029619817,0.18347347577641449,0.0181160479358988,0.004226143527270399,0.0009577836629033991,0.00017146435944920095,0.0056214457521471944,0.03876503514084659,-0.004312900498671099,0.09505127434925792,0.050286927988416164,-0.0020934888954049005,0.0021698896176616106,0.03921678929527081,0.049782101319417904,0.012124806545614514,0.0300562404876831,0.00010168919364780002,-0.01312010934882768,0.007734812585246498,0.015137724634702504,0.01190816054493593,-0.34551659622343145,0.04484738621311407,-0.0012983334962939908,-0.2882537395176312,-0.07536721993972417,0.11622928283386047,0.0005377852878709001,-0.0163798572093522,0.0017476657883638003,0.0013480283405301052,0.004233964801050406,-0.010712134003961982,0.00035270943929070005,-4.864249688899994e-06,0.0,-7.300697828499996e-06,0.0,0.0020132923078525072,0.00014130162588569996,-0.0037150172868043035,-0.012482739049794606,-0.0024284082985284033,-0.006671910861762206,-0.02569024275421422,0.0003235858941587999,-0.008085103942779392,0.00015060735700409998,-0.002372666573021001,0.00017534973951489896,0.0026471238343542015,0.0,0.0,0.0,-0.002830690505372699,0.0004282515636765999,0.0008276042350256006,0.0007600304740167001,0.007488007375492045,0.0,0.0005498456348181999,0.0010558455936669,-0.017475359382868372,-0.0001287049586316995,-0.0004889994331989007,0.0,-0.00016584384410190008,-0.0002702248346983997,-0.0008191977005067019,-0.005523018457214701,-0.0018958459413964956
0.00023734904747710003,-0.0007877825162791001,0.0001618046547333,0.0,-0.12627618537143004,-0.00043027875614039257,0.007946554847297095,0.0025117389762407023,0.0011566221025224007,0.012671277888240198,0.00014069098636800004,0.002758013158521401,-0.022873779792280502,0.0020627621090296006,0.004793802796495397,0.0021108588707073,0.0,-5.7378187218700034e-05,-4.156659821070001e-05,0.0019700273315156006,0.0026074233995846997,-0.0002462802068442997,0.0013466106290139996,0.0055514998863132985,-0.0036148048551517004,-0.0025521058448161986,0.00022722332935519972,0.006311939847719699,0.004436461406881503,0.0034280765931820004,-3.8886972343998415e-06,-0.09203286213870232,0.0032493825257513993,0.010249759580603035,0.007841718636287714,-0.02451632321505981,-0.0047660083383788965,-0.006250129118353209,-0.05715254643487988,0.11622928283386047,-0.0495791484199708,-0.0021459302088942004,-0.0006115013841164994,0.00026050675025429985,0.00042352068367809996,0.0020026670997519997,0.00020407844401990017,0.0,-5.058740649829997e-05,0.0,-5.7328283344e-05,0.0,0.0,0.0,0.0,0.0,0.0,0.00022626794821259963,0.0,0.0,6.72263973574e-05,3.13524141291998e-05,0.0,0.0,1.3655417224000144e-05,0.0,0.0,0.0,0.0,0.0,0.00021088550569650037,0.000443811352758,-0.0008088879648958996,0.0003389575192906001,0.0,8.097741489260002e-05,3.1360048495099996e-05,0.0,0.0,0.0,0.0,0.0,0.0,-0.0008963969335393021,-0.005391947832967009
0.0,-0.0014374030091863985,0.0,0.0,-5.444702972560002e-05,-0.00031805464967230024,0.0006501223853943999,-0.0005311496335643007,0.00026764113842040003,3.319543056290019e-05,0.009405666127320092,-4.9007653735599725e-05,-0.0004966218719907045,0.00019467062459890046,0.0,0.0036489350199219,0.0,-2.1846408956800126e-05,-5.13057198454e-05,0.0,7.5001913723000795e-06,0.0020134757765454,0.0013090685124315998,0.0003352237411471011,-0.039574613149983895,0.0006939590123229977,0.00035205472533429965,0.0014117637594114,-0.0012923861910577004,0.0006798705460559001,0.0017058086086229997,-0.0024595684144426977,-0.0004593787274234998,-0.014799295350120312,-0.0008955092250751999,0.00017459985208900797,0.0049904999550026,-0.00402546969338799,-0.0003877466057629012,0.0005377852878709001,-0.0021459302088942004,0.0037125607039393965,0.0006622949063005007,0.0041431403955662985,0.0013790152807305004,0.00045509036015490005,-0.0006991329416524998,0.0,0.0006290852436207001,0.0,0.0003876111750375998,0.0,0.0,0.0,0.0,-0.00021294271121879982,0.0,2.739851989720001e-05,0.0,0.0026384697195423,4.560438509999999e-05,0.02051828815236531,0.0,0.0,6.18609259324999e-05,0.0,0.0,0.0,0.0,0.0002687144375894,0.0009372305228582001,0.0001730719544763,-0.00029690488270740084,0.007206490008619698,-0.00035530622131090027,-0.00033525214440320063,0.0001942376975105995,0.00017188033483050004,0.0003322008980895003,0.0008227015817928,-7.775852960999999e-05,-1.402023259689997e-05,-0.0012531475134742003,2.6456541579299967e-05,-0.0007789374569499002
0.0019035577608082013,-0.025946363890500007,0.010301972850947402,0.003960444895950599,-0.0017388058139712996,0.0017198745498517992,0.023835917995087885,0.0087774661408737,-0.038052783529118395,-0.001556867189788036,-0.0019974404737847003,0.0024982784914537037,-0.02822278546307533,0.0066462612580306946,-0.010546801820920992,0.08487882924890466,0.00011036863845669985,0.0001761225544299,0.0,0.0026082160931202997,0.024708104158970595,-0.009235825936545428,0.02952456066813458,0.02828831317742231,-0.015210896288456607,0.0010625725554783,0.011361059281747576,0.07932413090472656,0.0050113297615439895,0.020948992493919905,0.0,-0.0008808457544616996,-0.0048587707630299015,-0.001351801083209092,-0.046102110906105276,0.036461283404000344,0.024983324564208903,0.023070280359766604,0.010675756359903199,-0.0163798572093522,-0.0006115013841164994,0.0006622949063005007,0.014593947040301813,0.1539240418439487,-0.16141499345049137,-0.03621052394634816,-0.18476240080690776,0.08000086593375477,0.0007213259825321998,0.0023988575093983056,-0.02540409793714568,0.03858154505739875,0.017305443031366302,0.0018106907477827006,0.010557835162713913,0.28395416998784206,0.12485008690696309,0.008270610389111588,0.09046681647755639,0.002112398866228604,0.04308040295439719,0.02561409339284719,0.185679810308365,0.004463474781552804,0.1035366149644279,0.009213430182517274,0.004781508333058404,0.03370840486879545,0.019001299024408086,0.10372835276075465,-0.004580217383860774,0.17493127256202,0.2149087493868036,0.010691950069659797,0.04322609337728167,0.13007371482456698,0.22074062247291604,0.14317075744887742,0.07321405482755883,-0.004643484179505206,0.005717550663197235,-0.003704491849866806,-0.047571471980990765,-0.20302241587222358,0.2869250351720454
0.0,0.0015858995615651988,0.0051629337569746026,0.0,0.0,0.00020053420791440015,0.0,2.7821032051999865e-05,-0.0003147124925507996,0.0,0.036365691922353505,5.273263894329996e-05,0.0861693130437704,-5.117535024130003e-05,9.082297861370001e-05,0.011748378058129602,0.00045007453293470024,0.0004367908825031984,0.00022007051382969987,0.0,0.0007908618731576021,0.0010728117524743952,0.010033577178625602,0.0006248457923935004,0.009427721517898502,0.054737697843504185,0.062263467244347837,0.0008903992610005997,0.0007481124848231994,0.0007432569427017997,0.023834759132481703,0.002020414390786901,0.00026440311844100014,0.0007326643452951059,0.031424868920828214,0.011917182950828692,0.018416627119428902,0.010375815219118095,0.015700417797650412,0.0017476657883638003,0.00026050675025429985,0.0041431403955662985,0.1539240418439487,0.148413100124406,-0.07264768598569837,0.06139358520771321,0.014252437642721202,0.006227339060298695,0.011021668274376999,-0.0017451205444114996,-0.0009145527851082136,-0.012077857755985522,-0.00027605039252969995,-8.470160739459985e-05,-0.0014668143430851006,-0.0011813133494161937,-0.0052404185713934015,0.0009505851387460011,-0.0009511531306954993,0.0928986015561526,-0.0006750106623463013,0.2699978970236059,-0.0069085882923573955,0.00013610559835969998,0.007584553860221777,0.00018151531932292242,0.02571617595146991,0.0109200129231663,-0.0010209303453363,-0.0012477008811783152,-0.0011882510733877971,-0.04470912906505253,0.007418954657305285,0.001810061534559898,0.05164885843619471,-0.04285500634832706,0.00034146838420509584,0.007799693610254899,-0.0012765364180244015,-0.01789041403031344,0.005526064813143605,-0.006737633545129702,0.011915517524870523,0.1141747192411694,0.9269582306538182
-3.892404658099993e-05,-0.017852368850481706,0.009754030063552604,0.0,-7.154108245599976e-06,7.137278493199987e-06,0.001163652134028,0.0,-0.012443936555490795,0.0,0.0015239852682438996,3.766176636589997e-05,0.010339259740675205,0.0,-4.80106006624998e-05,0.010797401139820417,0.00023223340031220015,0.0,-6.838562582770001e-05,0.0,0.0006882131519063972,-0.01892051752978602,0.011259348855782003,0.005772768263868688,-0.0014175341693147062,0.008244130444421391,-0.010061127629722888,0.0028936946349241016,-0.0005798729132653994,0.0020697635177605,0.0004802919022162998,-2.3760415237600654e-05,-0.0001875503709857021,-0.0029140324882881985,0.004646024813568503,0.016676297493328385,0.009609990505244095,0.0019604135671457967,0.011555275673767393,0.0013480283405301052,0.00042352068367809996,0.0013790152807305004,-0.16141499345049137,-0.07264768598569837,-0.12808057366961423,-0.19216694618385066,-0.0174172753826628,-0.012394934926318699,0.012923217660336217,-0.0021555429976262003,-0.012012614513239678,-0.09966188042440327,0.0050838294203564005,-0.0013224355067242002,-0.007643832626506697,0.09546582281141003,0.03590204737709235,0.006712724413919097,0.004233888542759523,0.2162233883399729,-0.005122153608216273,0.10502973244223907,0.04777084555795463,0.0008880350954283012,-0.05785352978341929,-0.036599647506356414,0.09677589827963828,0.005728488453462299,0.004556994386522198,-0.20846787734220662,-0.01248890826385339,-0.9589205305962176,0.052669079261114526,-0.0017364104035977046,0.0926355500375875,-0.3155614703396905,0.03626368443906314,0.07888904555909204,-0.043012819144321535,-0.003693872995607028,-0.001587983475173138,-0.021229397121466598,-0.09541685741498895,0.04553073385919659,0.2533051268612765
0.0,-0.011734430254445899,0.007851194616206508,0.0,-0.00020480352585439988,0.0026516848192214004,0.0001805189979783,0.0,-0.0009382758943945017,0.0003739523674722,-0.0003411458017544,0.00026106143694299994,-0.05161619274038182,0.0,0.00014340644253379997,0.017814899065247997,0.00022070121490019986,0.0,0.0,0.0,0.0013376024552361997,0.003118382366945907,0.015592297821443293,0.004158394810009194,0.0017572719427587022,0.003006542259329198,-0.00412009290327664,0.00019533037528570016,-0.00019762540472279986,0.00026804224752029985,0.0,-0.00013544431104330068,0.00027479775893339987,-0.0017572401003792988,0.07487437490807225,0.004791644075858026,0.0174551854610496,0.0005332282787278986,0.01850134069058229,0.004233964801050406,0.0020026670997519997,0.00045509036015490005,-0.03621052394634816,0.06139358520771321,-0.19216694618385066,-0.013272420047513833,-0.4666723426335482,-0.4085295290525177,0.0010496890628997994,-0.0018414839750937988,-0.010404228877974597,0.013673511817676731,0.0014466777028264988,-0.00046860391963939995,-0.006923066464957897,0.0489566792081394,0.00973077428478289,0.003862575519507201,-0.00790339684964711,0.02388432419249631,-0.009066859441637001,0.0175100844915832,-0.0015288172609072836,0.00043705843898059985,0.06441552506854142,-0.002109673861007688,0.007637444211020805,-0.0017302739343848517,-0.0002657305102855001,0.06886088198741991,0.0015557593774312012,0.18688333691872216,0.04079619753595001,0.0024146259752147008,-0.08794707338081098,-0.07303742542929736,0.06426318753981464,0.03393687896584091,0.031794672644563204,-0.013646719973768706,0.0061088328096937095,0.0012760176348076968,-0.1067511626466009,-0.06628247041024204,0.6395270228106451
0.0008884242041829003,9.506473478530005e-05,-0.0001634705563159,0.004980437787489599,-0.0011137280149035,0.002072401239982799,0.013084674829463391,0.0022164496400088017,0.0028848147209339023,0.0005154605602760987,-0.00010669702063780006,0.006719258699456193,-0.007922544827317801,0.0007258256485621999,-0.004152631436893595,0.004052077592980104,0.0,0.0,-7.208646399999908e-06,0.0042457346152498035,0.0011338673625570003,0.0009062095694839008,0.0019011290811849005,0.04615004527286998,-0.0007241442221428002,-2.6492640178799975e-05,0.0024476789382645,0.04490769505781178,0.0009928457447262035,0.0018889138151466991,0.0,-0.0004903649724821999,0.00011573165859160225,0.002069499693097901,-0.0007124008599238979,0.008889270174280206,0.002977206683707599,0.005656776853904498,0.0014730114116040943,-0.010712134003961982,0.00020407844401990017,-0.0006991329416524998,-0.18476240080690776,0.014252437642721202,-0.0174172753826628,-0.4666723426335482,0.17371955541116346,0.19001630702242556,-0.0025815245325850004,0.0016811717047562,0.00015627305657810175,0.0090026892785415,0.013006773759167096,0.05875996037146036,0.08740430194950122,0.0747638025442447,0.05970521788133221,0.01739698414039581,0.03445066614870884,-0.007443934607626199,0.08160105988214372,0.0005401919058840004,0.013883535249793688,0.12134855427379487,0.0080079782850343,0.00048045521179230014,-0.0024909236457259024,-0.0012372854717952984,0.012857802754115091,0.0164944134804723,0.0020595508581130947,0.03204925595612179,0.11762899989305964,8.444181943330006e-05,0.003705372253242495,0.022026222007629187,0.0800462613128396,0.016961190969520812,0.0138024233554217,-0.0007854347780086,-0.009619117792205367,0.0029845003203574014,-0.0038606396833300027,-0.0030082583452823164,0.012958232655438301
0.0,0.0001992991967762999,0.0,0.0,0.00012044753815860002,0.00010033932554700002,0.0,0.0,0.0010866747732318,0.0,0.0,0.0,5.893000015329969e-05,0.0,0.0,0.0008939350578389999,0.0,0.0,0.0,0.0,0.0,-6.290998050199935e-06,0.0001873265352782999,7.083969642539994e-05,-0.00039830709248970045,7.395222498979997e-05,0.0005995070756543001,0.0,0.0,0.0,0.0,0.0,0.0,0.0,-8.242371259669853e-05,0.0012523135992406004,0.0007860522469911998,-7.087677066269999e-05,0.00030490906418810006,0.00035270943929070005,0.0,0.0,0.08000086593375477,0.006227339060298695,-0.012394934926318699,-0.4085295290525177,0.19001630702242556,0.016226701559527767,0.00034107366553289995,0.0,-0.00010153006711890002,0.0010463882728220001,0.0012272858914484002,0.014326868247326763,-0.016636017188218888,0.027930847198855094,-0.0023864184198484004,0.0016350112060973003,0.008675428498177193,2.6717988124900366e-05,0.001391991580857,0.0018654256272524995,-0.0010681881072681088,0.009775620123671003,0.001291576375078301,0.0,-0.0013874217176856,0.00011054135074219963,0.0009000527216345001,0.003175301297050499,0.0014086735363667002,0.0085978038016856,0.0093076225873296,0.0017369954814046,-0.0015146141450003998,0.002871294161247699,0.01646359614271179,0.007104517819025602,0.0031381198249893,-0.0001528702269794999,-0.11650234559166028,0.00036241769418369997,0.044175469981250604,0.017653767698176503,0.0159305653330791
0.0,0.0025388728665740002,0.0,0.0,0.0,0.0,0.0,0.0,0.0,0.0,0.0038694776205031,0.0,0.004398057814297102,0.0,0.0,0.0009986882176785,0.0,-5.047257392660001e-05,0.0,0.0,9.1926156691e-05,0.00014729082257089986,0.0,0.0,-0.017320978929516895,0.00035334999430330005,1.6190246242500043e-05,0.0,-8.230934345289994e-05,0.0,0.0,-0.00019782682515140002,-0.0003512092254014,0.0011535749294966998,4.070124404829999e-05,0.0002892905904917,0.0027522172356891006,0.00019040858735619969,-4.746658501239998e-05,-4.864249688899994e-06,-5.058740649829997e-05,0.0006290852436207001,0.0007213259825321998,0.011021668274376999,0.012923217660336217,0.0010496890628997994,-0.0025815245325850004,0.00034107366553289995,0.008725769543929798,0.0,-0.0036054479640251977,0.0,0.0,0.0,-0.0010411034622539999,0.0001638391888717,-0.0014230122781264,0.0005054325278910001,0.0002767058138237,0.08594132777786301,-0.0020115417696892,0.12151822932567669,-0.002559543375849401,-2.0501601977199993e-05,0.0005643896141893003,0.0,0.0014804486865321997,3.8876118372999986e-05,-0.00025187679467400027,3.710016484409999e-05,-0.0015299320734655994,5.209644990989998e-05,-0.00030400374546130007,0.021087206372441908,0.010990829667711595,0.0007098095780620995,9.110290130059993e-05,0.024226496670126996,2.4578194860800002e-05,0.0072735452303209006,0.006856017780029408,0.0,0.018440171711384595,5.271176029399984e-06,-7.485282406860007e-05
0.0,-0.0005889839680517,0.0,0.0,0.0,0.0,3.054400062909999e-05,0.0,0.00016756691806079976,0.0,0.0,0.0,0.00021825998613540006,0.0,0.0,0.0005963746196873999,0.0,0.0,0.0,0.0,0.0,-0.00030169304484170024,0.0,-7.305661385940097e-05,0.0,0.0,-0.0002417790041846998,5.770818451679999e-05,0.0,0.0,0.0,0.0,0.0,0.0,0.0,-0.0002966331919646999,0.0,0.0,0.0,0.0,0.0,0.0,0.0023988575093983056,-0.0017451205444114996,-0.0021555429976262003,-0.0018414839750937988,0.0016811717047562,0.0,0.0,-0.006578498881840034,-0.0006675076660151999,-0.004703540687673757,0.00012809739237300017,0.0,0.00013422345884910036,-0.18053696131210817,0.019926473602884603,0.0002488670861407003,-0.0007619936036619979,-0.0009245014737471,-0.0009923581941155002,-9.191274167099999e-05,-0.028737051562155003,0.0,5.3711898821599954e-05,0.008286492004525609,0.00012325022854139988,0.0017185015347437986,0.0001440128014407998,0.003276631748670801,-0.0003196456588564,0.0062221210931170945,0.003114255699451101,0.0,0.02228034559864639,0.006150694221263714,0.0036720321599810965,0.05783955539360708,0.08621380290900404,0.0,-9.708191476590013e-05,0.0035362866817374022,0.002062516223907601,0.00032733000186789996,0.0011243230026228
0.0,-0.06853099538761809,0.005220020850453498,0.0,0.0002847262884559,0.0,0.00014580468225719998,0.0,-0.00042880135998079466,0.0,0.011375846646169196,0.0,0.025182341740676906,0.0,0.0,0.0013809980328916005,-0.00029009660148359914,-0.00015848260794639997,0.00012754008365760015,5.9619276079799985e-05,-0.0004087791254523002,-0.008123998256798201,0.002159198834503301,-0.0008319060051187,0.09214013700523305,0.01909509613736121,0.058991901714589456,2.1460495416e-05,2.90271765059991e-06,0.00023863779186829998,0.0033758723962700014,0.00011814015470749993,0.0,0.00020261597511879795,0.00010755438676570003,0.0022008294223597007,0.0054081924832141,0.0048318562692518975,0.0007259126144787027,-7.300697828499996e-06,-5.7328283344e-05,0.0003876111750375998,-0.02540409793714568,-0.0009145527851082136,-0.012012614513239678,-0.010404228877974597,0.00015627305657810175,-0.00010153006711890002,-0.0036054479640251977,-0.0006675076660151999,0.3266793260884908,-0.023129128979529984,0.0,4.136238501889998e-05,-8.398461115800013e-06,-0.003423385299688001,0.00011379071251130029,-0.009158625532750375,-0.0001281947610277,0.0005015901978440984,-0.00015470110891790002,0.0075800913537983905,-0.000729455082240699,0.00011589354129729968,-0.01873249327931359,0.0025625159735590125,-0.0007437213706964988,0.0005192503156396036,0.0,-0.0011368502776368042,-0.24446202608834788,-0.008189197766578601,9.008834772311625e-05,0.1941650831532873,0.001384302018183181,1.0886527258887941,-0.003934924917899603,0.0004668170633577995,-0.001964130515536802,-0.003457320312502704,0.00014829511975480015,-0.0009116931662582995,-0.012036055090007908,0.0005259463863183994,0.005750262835955703
0.0,-0.023878666907798385,0.03442850738930553,0.0,0.0,0.0,0.0,0.0,-0.00014956144886690012,0.0,0.0,0.0,0.0006925665332403992,0.0,0.0,0.007716365310660195,0.0009442509809176013,0.0,0.0,0.0,0.0004177738354281006,-0.020715883519639017,0.02980558014263751,-8.83579930678999e-05,-0.00020727106025410008,0.004402831085759097,-0.02136046519685797,-7.315717772789996e-05,0.0,6.672780984359999e-05,0.0,0.0,0.0,-0.0033172518806296007,0.0006377211262008002,0.007335650663287688,0.0164253215294472,0.0030650010386096965,0.01772357171846621,0.0,0.0,0.0,0.03858154505739875,-0.012077857755985522,-0.09966188042440327,0.013673511817676731,0.0090026892785415,0.0010463882728220001,0.0,-0.004703540687673757,-0.023129128979529984,0.46940318685193994,-4.747341447719998e-05,0.0,0.0004162022780230994,0.15010181975361592,0.026919761697707212,0.0002870495504126,-0.0045413133378552,0.0010282692393855002,4.087380998820002e-05,0.0,0.07290950742011515,0.0,-0.0009975013542668082,0.11894442241754444,-0.0010946870768973015,0.006392950861139807,0.0,0.00888101844909428,-0.0027415329771089993,0.6458369433197699,0.0076149840892865,0.0005897447704259001,0.4267485030591285,0.41574836096494217,0.06604840687191649,0.019123133834183015,0.004686046099030561,7.465458665899976e-06,0.0,-0.0001623892447209993,-0.07827305004568935,0.007741782566243999,0.0687349688530067
0.0,0.0,0.0,0.003685344530751103,0.0,0.00022673583972149984,0.0002601645087015,0.0,0.006376138901889997,0.0,0.0,0.002753477869515502,0.0,0.0,0.00027915159149989946,0.0,0.0,0.0,0.0,0.0006937875439757,0.0,0.0,0.0,0.015438917823701409,0.0,0.0,0.0,0.0,0.0,0.0,0.0,0.0,0.0,0.0,0.0,0.0029273010407246947,0.0,0.0,0.0,0.0020132923078525072,0.0,0.0,0.017305443031366302,-0.00027605039252969995,0.0050838294203564005,0.0014466777028264988,0.013006773759167096,0.0012272858914484002,0.0,0.00012809739237300017,0.0,-4.747341447719998e-05,1.008298337907016,0.00025368046851259997,0.012582374757539302,0.0037019809727564974,0.004435528319063298,0.04651312479096931,0.19405655331163585,0.0,0.2905626632813294,0.0,0.003981891086077202,0.003934126053454799,-5.26244041223e-05,0.0,0.0,0.0,0.9795429132309472,0.00029444142159569997,0.0001270230200024001,0.0,0.1982103881733921,0.0,0.0,-0.00016580672108270007,0.35254405448418513,0.0019338926578610013,0.000891509744166,0.0,0.00027601128164839986,0.00023177117969819987,0.0035450446166090006,0.0,0.0004068588750893998
0.0,0.0,0.0,0.0,0.0,0.0,0.0,0.0,0.0003677687749508,0.0,0.0,0.00025888522799720004,-8.896060796499987e-06,0.0,0.00011884567500369987,0.0,0.0,0.0,0.0,0.0,0.0,0.0,0.0,0.00027836842262859995,0.0,0.0,0.0,0.0,0.0,0.0,0.0,0.0,0.0,0.0,-0.00016423723690799997,0.0001411333527522006,0.0001745915347764,0.0,0.0,0.00014130162588569996,0.0,0.0,0.0018106907477827006,-8.470160739459985e-05,-0.0013224355067242002,-0.00046860391963939995,0.05875996037146036,0.014326868247326763,0.0,0.0,4.136238501889998e-05,0.0,0.00025368046851259997,0.017602506906451598,-0.01999696791132516,0.0011531763204686999,-0.002746719370211502,0.0076314926129777,0.0011714267357333993,0.0,0.01111962228740171,2.3537811272999966e-05,0.0002473821653743002,-0.07999839567976097,0.0,0.0,0.0,0.0,0.0015986185372158998,0.0,0.0002771494607326005,0.0,0.0150198001569316,0.0,0.0,0.0,0.0010502644696967992,0.00044316876110139986,0.0,0.0,0.006688612061728105,0.00011287349100310004,0.00020311450165550003,-0.00019484982487610013,0.00018008555868000023
0.0,0.0,0.0,5.663060473699985e-05,0.00011298934799460001,-3.971025212519928e-05,0.00024939071096019994,0.0,-0.0012037904472479016,-7.522899342669994e-05,0.0,-0.0008276639684512994,-0.0001038244014141005,0.0,0.00015101224670050102,0.0,0.0,0.0,0.0,0.0005084516879157001,0.0,0.0,0.0,0.004070152515391501,-0.00034898264915310005,0.0,0.0,0.0009174886500536998,0.0,0.0,0.0,0.0,-2.6008016481200003e-05,0.0,-0.027204535109471517,-0.0021601395322968023,0.0,-6.197836833599996e-06,-0.0009285795422828997,-0.0037150172868043035,0.0,0.0,0.010557835162713913,-0.0014668143430851006,-0.007643832626506697,-0.006923066464957897,0.08740430194950122,-0.016636017188218888,-0.0010411034622539999,0.00013422345884910036,-8.398461115800013e-06,0.0004162022780230994,0.012582374757539302,-0.01999696791132516,0.44402149664477264,0.026237532827710575,0.16080061038590987,0.014373442184708402,-0.14038318285458118,-0.003742788488154597,0.13206789771686633,-7.80008048723007e-05,0.04791522677243654,0.0023194412857592273,-0.0002527906258408,1.2313793262799973e-05,-0.000554351410780099,0.0004329091122972986,0.018662475557754715,0.00046700167842489947,0.00042703283349469984,-0.00012072085089930018,0.030775211000014818,-0.0003185683107905001,-0.0014081010442877993,-0.0005723039028401001,0.06114886952149512,0.01794614099930114,0.0018205754101896024,3.8524669238300044e-05,-0.026411539357853897,0.0002681712634269003,0.0009798977502925021,-0.1342603917287155,-0.0002913892850121974
0.0,-0.0021878312313597,0.0,0.00012698170174060006,0.0,0.0001626544596678999,0.0013374311820163048,0.00016557256800520028,-0.025069500628653818,0.0,0.0,0.0007778113513836997,0.007219812513827504,-3.349462209700023e-06,-0.001090292035828399,-0.0025196227518183983,0.0,0.0,0.0,0.00023860091275859998,0.0001032157009764,-0.004551391091182702,0.00014060930109120002,-0.0503385867062196,7.188640946359992e-05,0.0,-0.0006496024070212995,0.0034802785583223986,-6.472522784379967e-05,-0.0004453267622063998,0.0,0.0,-0.0014517093231840002,-2.5351973218099705e-05,0.0,-0.007117800932856189,6.710575974069963e-05,-5.453397125110022e-05,0.0001409713480918,-0.012482739049794606,0.0,-0.00021294271121879982,0.28395416998784206,-0.0011813133494161937,0.09546582281141003,0.0489566792081394,0.0747638025442447,0.027930847198855094,0.0001638391888717,-0.18053696131210817,-0.003423385299688001,0.15010181975361592,0.0037019809727564974,0.0011531763204686999,0.026237532827710575,3.0902833752758525,0.46952263071488654,0.017086456158466795,0.2570995194681158,0.001147612904324899,0.004456673256620705,0.0,0.6216142759061505,0.0030979853045613997,0.011823207369327099,0.003626499191569932,-4.545006358729997e-05,0.00017179033224120135,0.005401812519189905,0.17327288946406694,-0.0038101024733975045,0.2870491990366286,0.14079863936724846,0.00013032863948739997,0.027960271252629232,0.010057621967895392,2.5739656076815187,0.18799939095179274,0.7112869889294586,0.0,0.00903408001084631,0.006884017866015224,0.021619139943189314,0.023735787212125603,0.12222744835016347
0.0,0.0,0.0,-9.846873514930004e-05,0.0,1.952751297940001e-05,5.954561542399891e-06,0.0,-0.005319614752117702,0.0,-0.0004974529690698001,0.0003988299367989,0.00022003204930849977,0.0,-0.0009492509296322002,-5.9804257011000046e-05,0.0,0.0,0.0,0.0,0.0,-0.0011201344796899996,0.0,-0.007109699297352889,-0.0001995561553879,0.0,0.0,-0.00011843067526019985,0.0,0.0,0.0,0.0,0.0,0.0,-0.00015964328767789984,-0.0004082323536254012,2.5136162131700004e-05,-1.3121523816300013e-05,-0.00026320030335120006,-0.0024284082985284033,0.0,0.0,0.12485008690696309,-0.0052404185713934015,0.03590204737709235,0.00973077428478289,0.05970521788133221,-0.0023864184198484004,-0.0014230122781264,0.019926473602884603,0.00011379071251130029,0.026919761697707212,0.004435528319063298,-0.002746719370211502,0.16080061038590987,0.46952263071488654,0.6855917196526242,0.006319182799984502,0.08149702997481612,-0.007380005622200397,0.03037600494264059,0.0004688565488581986,0.1640507999104841,-0.01053462565356858,0.001446360949811899,7.35376764788992e-05,-0.00013346283940689901,-0.0002109199335161016,0.006061318467209503,0.007523457773365896,0.0003722455378830001,0.02415393497294449,0.029537286973264604,-0.0007820634249251996,0.0054733190030898105,0.002577287386302203,0.0503138640072025,0.11996611200423546,0.0668673686631977,-0.0003038204962871995,0.06760197838152626,0.006741544889357104,0.023313768144815006,-0.004890839173366107,0.002718677258629197
-0.0014232877128792006,-0.0035155486095427985,-0.00011627275952359999,0.0378737596839086,0.0002888317480237001,0.004821142973251001,0.006152436747001888,0.00012192101957159834,-0.37667761654178644,0.05953574181078913,-1.3498741985100014e-05,0.0259950253879363,0.0017934593862239997,-0.005207112893756402,0.00034202746126390376,0.0030494546523526025,0.00013185635416779998,0.0,0.0,0.01668014392105388,-0.0008545788890706972,0.013921532879479948,-0.0010922124447324995,0.012925138264367586,0.0019308948643046008,0.0,-0.0010685809722285004,0.19939062929684226,-0.013287238120140002,-0.01045024609202369,0.0,0.0004985798307553004,-0.006698378391462503,-0.0037046103776664993,0.0003679909520741,-0.03542038142315118,-0.00017726917278120067,-0.0012842966778539994,-3.00896460940156e-06,-0.006671910861762206,0.00022626794821259963,2.739851989720001e-05,0.008270610389111588,0.0009505851387460011,0.006712724413919097,0.003862575519507201,0.01739698414039581,0.0016350112060973003,0.0005054325278910001,0.0002488670861407003,-0.009158625532750375,0.0002870495504126,0.04651312479096931,0.0076314926129777,0.014373442184708402,0.017086456158466795,0.006319182799984502,0.12196162281275313,0.05340852266728535,-7.095349238190034e-05,0.04097019546828329,0.002588154284282905,0.0029231750561761888,0.012704439744666701,0.0028852130860521005,-0.00025492688241770005,0.0,5.860497860800005e-06,0.036617764856816504,0.0006551011749638003,0.12664119999398427,-9.49529266908002e-05,1.2550747856001436,0.01653802269841989,0.00020286482374110015,-0.005718881921005781,0.15915477107563314,0.004003670297979101,0.0006897731967852004,-1.930112841800008e-05,0.0027572282213065014,-1.4449196156701705e-05,-0.0024461621141413092,0.0021969789335415,0.0148203145401581
0.0,-0.00018699930635249998,0.0,0.0003561017320008,0.0,-1.7609872447599977e-05,0.0,0.0,-0.0021274199934724347,-8.953896606599999e-05,0.0,0.0018391918725698952,0.0011273510897336003,0.0,-0.002503359808362804,-0.00033601659322369994,0.0,0.0,0.0,0.0005954361902520012,0.0,-0.0002829799211440001,0.0,0.032868896840109185,0.0,0.0,0.0,0.0,0.0,0.0,0.0,0.0,0.0,0.0,0.0005282701482893998,-0.017711684205759526,0.0,0.0,0.0,-0.02569024275421422,0.0,0.0,0.09046681647755639,-0.0009511531306954993,0.004233888542759523,-0.00790339684964711,0.03445066614870884,0.008675428498177193,0.0002767058138237,-0.0007619936036619979,-0.0001281947610277,-0.0045413133378552,0.19405655331163585,0.0011714267357333993,-0.14038318285458118,0.2570995194681158,0.08149702997481612,0.05340852266728535,0.2557656040944778,-0.00018743214807260059,0.0009409679047598374,-9.722777262049999e-05,0.02268171244988748,0.0061596346979716915,-0.00048478619004269953,0.0001100553123697997,0.0,0.0004531923543343,0.21522398021136624,-5.474009913199879e-05,-0.0006546224416794991,0.0002503933495597993,0.11852252396346263,2.96117299075e-05,-0.00040183842578500086,-0.0010473635203897009,0.636254174280591,0.015435196899585835,-0.0003762854589796083,0.0,-0.0006515432921241973,-0.004101185005683301,0.031881146510255975,-0.0030930177592184416,0.010192572947675893
0.0,0.003062691240454999,0.0,0.0,0.0,0.0,0.0,0.0,-2.84160369737e-05,0.0,0.011860772498766409,0.0,0.024335235225105112,0.0,3.918071250139999e-05,0.00012365853297030007,0.0,-0.0002491445697330001,0.0,0.0,0.0,0.0004262737140956997,7.913163008639999e-05,0.0,0.007657755758749496,0.015145449637420594,0.006212416179783409,0.0,0.0002485306618284001,0.0,0.008749053543022897,0.0002587887374165998,0.0,0.0012352287418963999,-3.7514420663699994e-05,0.0017704760787076992,0.0014445019207223048,0.002185902456361199,0.00028124406632959974,0.0003235858941587999,0.0,0.0026384697195423,0.002112398866228604,0.0928986015561526,0.2162233883399729,0.02388432419249631,-0.007443934607626199,2.6717988124900366e-05,0.08594132777786301,-0.0009245014737471,0.0005015901978440984,0.0010282692393855002,0.0,0.0,-0.003742788488154597,0.001147612904324899,-0.007380005622200397,-7.095349238190034e-05,-0.00018743214807260059,1.2746678661365145,-0.004546199136944595,0.7479932293681095,0.007543407627762622,0.00019488677715859997,0.0002738445729760005,0.0009400890319199023,0.05385643328431122,-0.01988577871267916,8.789577245379987e-05,-0.0007583673286110995,-1.6922889270099342e-05,0.0002993060981258053,0.0017696754337237983,0.027189848918690585,0.13497092238848696,0.008452190795674303,0.00021480064271589983,0.39973182904907256,0.00044705122644920006,0.004387268113655751,0.03658051795604389,0.000987681425429699,0.24633896529073418,1.3321578352000138e-05,-0.0020137809072744983
0.0,4.0435016877299974e-05,0.0,0.006529231330383703,-0.0004103217551960003,0.0031254651072848,0.0023161407517862005,5.635925546740002e-05,0.0018220874171009094,0.006578504564930199,0.0,0.013844914785116,0.0010935897160605002,4.7641553460500046e-05,0.0022484298648818013,0.00020749545695340006,0.0,0.0,0.0,0.006835396101427499,1.515233833549999e-05,1.8360723316100083e-05,0.0,0.03217218865113841,-0.00015384032805769985,0.0,0.0,0.030536604989548605,0.0003498849068160998,0.0,0.0,0.00010463483936259997,1.196505152299999e-05,-1.3073351698800022e-05,-0.06307584027291124,-0.002212792144547393,-3.251859401880001e-05,0.0004772804863167001,0.0007678929806901004,-0.008085103942779392,6.72263973574e-05,4.560438509999999e-05,0.04308040295439719,-0.0006750106623463013,-0.005122153608216273,-0.009066859441637001,0.08160105988214372,0.001391991580857,-0.0020115417696892,-0.0009923581941155002,-0.00015470110891790002,4.087380998820002e-05,0.2905626632813294,0.01111962228740171,0.13206789771686633,0.004456673256620705,0.03037600494264059,0.04097019546828329,0.0009409679047598374,-0.004546199136944595,1.161241062508605,-1.1515428832399848e-05,0.04400477226580746,0.03429818729884426,-5.508321875889998e-05,0.0,-0.0016715010728966997,-0.0003463800376968,0.6265883123875309,7.92460602069985e-06,-0.0004360426170749009,-0.00021523155755130002,0.17635777109898654,-0.0003135048114671999,-0.0010916303060345004,-0.00022342901288469985,0.11227262020525375,0.032256745973894385,0.0006374033975482998,0.0,0.001650690571789501,2.650737230990019e-05,0.01247000073212401,-0.051761832954520415,0.008464008440517395
0.0,0.04508169542924001,0.0,0.0,0.00048257734601170007,-3.8584061190700004e-05,0.0,0.0004380083321604,-3.158575010999993e-05,0.0,0.22641461349278202,0.0,0.47811796409184115,0.0005360319813348001,0.0,0.0021289430250914995,0.0,0.0026659288387439056,0.00026095776322890025,0.0,0.0,0.009321037448852994,0.0004796790431223,0.0002785543791975001,0.24447368433836347,0.18881583645116873,0.08698631813242264,0.0,-1.982605815402383e-06,0.0,0.10324246233162704,0.0006792173687289998,0.0,0.01939206964399419,0.0,0.0025537183180324996,0.057921386247684004,0.04065555859986009,0.002615712272182002,0.00015060735700409998,3.13524141291998e-05,0.02051828815236531,0.02561409339284719,0.2699978970236059,0.10502973244223907,0.0175100844915832,0.0005401919058840004,0.0018654256272524995,0.12151822932567669,-9.191274167099999e-05,0.0075800913537983905,0.0,0.0,2.3537811272999966e-05,-7.80008048723007e-05,0.0,0.0004688565488581986,0.002588154284282905,-9.722777262049999e-05,0.7479932293681095,-1.1515428832399848e-05,1.663469602728581,0.004855938876684895,1.2188838448700008e-05,0.002114964098561,0.0002236513119625999,0.001640103206240499,0.0003513145942863,0.0,0.00030126953265819994,0.00033993981584190536,0.0,0.0011182397422561993,0.24820267068556312,0.037209579028237294,0.008895330677895275,6.284944217460012e-05,0.1588031874248283,0.00013163049401179999,0.10528465598309933,0.030787154977760703,1.7784511617900027e-05,0.14750406962010987,0.0,-0.00038819372838160005
0.0,-0.0006129071684601002,0.0,0.0,0.0,0.0,0.0,0.0,-0.009321196002194602,0.0,-8.902743915500033e-06,-0.00010276410261909999,0.0005255830344021994,0.0,0.00010838975226049995,8.513187586989962e-05,0.0,0.0,0.0,0.0,0.0,-0.0015666718255024003,0.0,-0.009186390758316204,-0.0005448291734335003,0.0,0.0,-0.0003180359784034,0.0,2.0954700377599994e-05,0.0,0.0,0.0,-0.0001568132916315001,0.0,-0.0002962774256326031,0.0,0.0,4.450593886610001e-05,-0.002372666573021001,0.0,0.0,0.185679810308365,-0.0069085882923573955,0.04777084555795463,-0.0015288172609072836,0.013883535249793688,-0.0010681881072681088,-0.002559543375849401,-0.028737051562155003,-0.000729455082240699,0.07290950742011515,0.003981891086077202,0.0002473821653743002,0.04791522677243654,0.6216142759061505,0.1640507999104841,0.0029231750561761888,0.02268171244988748,0.007543407627762622,0.04400477226580746,0.004855938876684895,0.7933453226370304,0.005781981333787094,0.00013775995082949966,0.008696388832863222,0.013834433264075296,0.004364233377834398,0.013211143443272691,0.01642446098030098,-0.00047121922658290016,0.06005683164275799,0.027789898802643098,-0.0009584343401584997,0.0588598131952055,0.010947975142206606,0.023914388545181575,0.34387653076217006,0.2223701698877023,-0.0029799541164033,0.0107679488535245,0.015522065313216704,0.07097601361519179,0.0018373333191038007,0.019165160677341198
0.0,0.0,0.0,0.0008991305975461004,0.00016092019026499988,-0.00010848492573020002,7.547509806700003e-06,0.00011918928244939998,0.0007001971673897007,0.0009144934907193997,0.0,0.000529733702587399,-0.00010582280036669999,0.0,0.0005915090284964999,0.0,0.0,0.0,0.0,0.0008820088854831999,0.0,-0.00023503120031040001,0.0,0.0033727793194847,0.0,0.0,0.0,0.003636506394087302,0.0,0.0,0.0,0.0,-0.0001892887136767,0.0,-0.011359193764666708,-0.0005320754284898997,0.00016337777315890005,-4.564819123819999e-05,0.0002786206250057,0.00017534973951489896,0.0,0.0,0.004463474781552804,0.00013610559835969998,0.0008880350954283012,0.00043705843898059985,0.12134855427379487,0.009775620123671003,-2.0501601977199993e-05,0.0,0.00011589354129729968,0.0,0.003934126053454799,-0.07999839567976097,0.0023194412857592273,0.0030979853045613997,-0.01053462565356858,0.012704439744666701,0.0061596346979716915,0.00019488677715859997,0.03429818729884426,1.2188838448700008e-05,0.005781981333787094,0.044512812027238446,4.1777787213000004e-05,0.0,-0.0003842487124538002,-7.78313609735e-05,0.004481708952447799,0.0004940522127016,0.0016425447398921988,0.0,0.040436073261401,-0.0002125548707933,-4.789188993039998e-05,1.7080759665299977e-05,0.008475586907748904,0.0025002719024580025,0.0,0.0,-0.012637399120946136,0.0,0.0004205334879875001,-0.0157925710218505,0.0012346346760259003
-6.151679408139977e-05,-0.015498704433863308,0.0026163306070432976,0.0,0.0,0.0,0.00027759777850770023,0.0001635115818862001,-0.008084807604986491,-7.93447215819993e-06,-9.740263130920013e-05,-2.6093262836000017e-05,0.0005119470079799973,-0.00014259829733430027,-0.0019380076542884006,0.5105337146277349,0.0010856600855050002,0.0,0.0,0.0,0.0629016412128407,0.027079491365920916,0.12126091911859849,0.01743582284305789,-0.0008224161223613982,0.00028495464868379984,0.036039808388927286,0.01432038942679971,-0.0019351715727011012,0.004931234054942599,0.0,-1.4586041556699948e-05,-0.0044433812766814,-0.0006554123912339005,0.0013912394616592992,0.06932319417728294,0.05199361839069899,0.00081002799769192,0.048873700284451815,0.0026471238343542015,1.3655417224000144e-05,6.18609259324999e-05,0.1035366149644279,0.007584553860221777,-0.05785352978341929,0.06441552506854142,0.0080079782850343,0.001291576375078301,0.0005643896141893003,5.3711898821599954e-05,-0.01873249327931359,-0.0009975013542668082,-5.26244041223e-05,0.0,-0.0002527906258408,0.011823207369327099,0.001446360949811899,0.0028852130860521005,-0.00048478619004269953,0.0002738445729760005,-5.508321875889998e-05,0.002114964098561,0.00013775995082949966,4.1777787213000004e-05,1.4771885698683462,-0.0001859733865951993,-7.419485392080004e-05,0.0022328236110488,-6.389593569440001e-05,0.4976658090829815,0.385709470269072,0.24083698341429205,0.15869710099492718,0.011086436369307798,0.009051666394813113,0.03476971960760711,0.10371465034217686,0.0028042631231686016,0.005940581152422297,1.302354537999987e-07,0.0001582700652467007,-0.002299792196111497,-0.01091908840876521,0.03072006610875,0.26619893511459986
0.0,-0.0007793016747442982,0.015159431759164801,0.0,0.0,0.0,0.0,0.0,0.0,0.0,0.0,0.0,0.0004953413717388999,0.0,0.0,0.0003593297151060996,0.0007386856160736992,0.0,0.00022795921637850001,0.0,2.653815368320006e-05,-0.0002011571160778977,0.003506531374528698,0.0,1.517231451999998e-05,0.004730503914562402,0.0627618062632952,0.0,0.0,0.0,0.0,0.0,0.0,0.00020993405149619983,0.0,0.0015982434776457997,0.0045427595867774,0.0011194855098011994,0.0024534438236187006,0.0,0.0,0.0,0.009213430182517274,0.00018151531932292242,-0.036599647506356414,-0.002109673861007688,0.00048045521179230014,0.0,0.0,0.008286492004525609,0.0025625159735590125,0.11894442241754444,0.0,0.0,1.2313793262799973e-05,0.003626499191569932,7.35376764788992e-05,-0.00025492688241770005,0.0001100553123697997,0.0009400890319199023,0.0,0.0002236513119625999,0.008696388832863222,0.0,-0.0001859733865951993,0.051357480383233955,0.0034674666531692017,0.0489810424455972,0.0,-0.004960950153706567,0.0001092596431387996,0.10333709566378424,-0.0002433281463107978,-9.60048106095e-05,0.36408079979560437,0.296088302472473,0.0020581627572050093,-0.025800751640607467,-0.04573854203246519,8.60852447594001e-05,0.0,-0.03386842444778909,-0.045275806586524414,0.00022365640967020014,0.006504292259287798
0.0,-0.0002611897333167001,0.0,0.0,0.0,0.0,0.0,0.0,0.0,0.0,7.78912651359996e-06,0.0,-0.0006506288633792,0.0,0.0,0.0,0.0,0.0,0.0,0.0,0.0,0.0001196788575089,0.0,0.0,0.0004359001617573002,-0.0005498842212941016,-0.0007418499510065957,0.0,0.0,0.0,0.0,0.0,0.0,1.7182201607999635e-06,0.0004678650691162,-0.00020664774964000016,8.240163879090002e-05,0.0,0.0001462117915297,0.0,0.0,0.0,0.004781508333058404,0.02571617595146991,0.09677589827963828,0.007637444211020805,-0.0024909236457259024,-0.0013874217176856,0.0014804486865321997,0.00012325022854139988,-0.0007437213706964988,-0.0010946870768973015,0.0,0.0,-0.000554351410780099,-4.545006358729997e-05,-0.00013346283940689901,0.0,0.0,0.05385643328431122,-0.0016715010728966997,0.001640103206240499,0.013834433264075296,-0.0003842487124538002,-7.419485392080004e-05,0.0034674666531692017,-0.22895115685332312,-0.06689904968434246,-0.0005248263419022001,-0.002763369166259598,3.994985657900001e-05,0.003114525621850203,5.662950714440014e-05,0.0008641460545390995,-0.28154095940699797,-0.0001010137229967012,-8.69594772261e-05,0.042369612421287894,-0.0008244446685226007,-0.0064755939824873016,0.0015054982730026006,0.00014163789165689937,-0.014159025089613975,0.00021083628476830036,0.002767164421781397
0.0,0.0012929288895967006,0.0005348476789726001,0.0,0.0,0.0,0.0,0.0,0.0,0.0,0.0,0.0,0.0005540142059575993,0.0,0.0,0.00014876420641999992,-0.00016445231626610005,-5.816557572369999e-05,0.0,0.0,0.0,-0.00016717351649970028,8.151327177140005e-05,0.0,0.0001828837001514004,0.0026991936493514987,0.011062004715247709,0.0,0.0,0.0,-4.218828682699995e-06,0.0,0.0,0.0,0.0,0.0006666818861619001,0.0007286008137630004,0.0,0.0003256329774387,0.0,0.0,0.0,0.03370840486879545,0.0109200129231663,0.005728488453462299,-0.0017302739343848517,-0.0012372854717952984,0.00011054135074219963,3.8876118372999986e-05,0.0017185015347437986,0.0005192503156396036,0.006392950861139807,0.0,0.0,0.0004329091122972986,0.00017179033224120135,-0.0002109199335161016,5.860497860800005e-06,0.0004531923543343,-0.01988577871267916,-0.0003463800376968,0.0003513145942863,0.004364233377834398,-7.78313609735e-05,0.0022328236110488,0.0489810424455972,-0.06689904968434246,-0.0761167093909858,0.00013890711797709962,-0.008556842696503197,8.637604580799974e-05,0.0161701336151302,-0.0004196646825061993,5.024586008750033e-05,-0.2012244028306336,0.09431424989072634,-0.0003708546320162001,0.0029021254750203895,-0.011287570692046611,-0.0013362169763549,-2.251230616179961e-05,-0.00843443165063959,-0.12243828128117551,0.0016411167597882,0.012022650411704902
0.0,0.0,0.0,0.0021286959692037987,0.0,0.0006981827191949001,0.00014068804725900002,0.0,0.0014931521251504987,0.0006647944660117,0.0,0.0040565179402305,0.0007795002048461002,0.00013036857966090002,0.0007990390840060986,0.0,0.0,0.0,0.0,0.0027692605674484,0.0,0.0,0.0,0.024706214750957994,5.5067145125800056e-05,0.0,0.0,0.0030105835341237997,-1.6890583462700012e-05,0.0,0.0,0.0,0.0,0.0,0.0,0.0019469674730167932,0.0,0.0,0.0,-0.002830690505372699,0.0,0.0,0.019001299024408086,-0.0010209303453363,0.004556994386522198,-0.0002657305102855001,0.012857802754115091,0.0009000527216345001,-0.00025187679467400027,0.0001440128014407998,0.0,0.0,0.9795429132309472,0.0015986185372158998,0.018662475557754715,0.005401812519189905,0.006061318467209503,0.036617764856816504,0.21522398021136624,8.789577245379987e-05,0.6265883123875309,0.0,0.013211143443272691,0.004481708952447799,-6.389593569440001e-05,0.0,-0.0005248263419022001,0.00013890711797709962,0.16837258032315106,6.161999217210002e-05,0.0004060110824077,0.0,0.24899015757138376,-4.474187248270007e-05,0.0006648694681693004,7.91328862201e-05,0.23142907617371788,0.00846551155692929,0.0006512981265347001,0.0,0.00021662359759700052,-6.215671492949999e-05,0.007121178932472799,2.63434529601e-05,0.00021347729976839945
0.0,-0.0020051251704648002,7.109006948170001e-05,0.0,0.0,0.0,0.0,0.0,-0.0021599383069957,0.0,0.0,0.0,-0.0004908725724505,0.0,-0.0002818956948314001,0.04251930505685342,-1.2729683275699996e-05,0.0,0.0,0.0,0.0020335332803813957,-0.005210415622914494,-0.0017194159390979055,-0.0006248126938800946,-0.0011940754482582996,0.0,-0.002454275079238996,0.00026560651891370003,2.0890844879993195e-07,-9.363775471010055e-05,0.0,0.0,-0.0013757484306535003,-0.0006694019034347003,0.0026974880149187004,9.846868635962625e-07,0.004135915821878798,-0.00033959140337950014,0.0011759998185094994,0.0004282515636765999,0.0,0.0002687144375894,0.10372835276075465,-0.0012477008811783152,-0.20846787734220662,0.06886088198741991,0.0164944134804723,0.003175301297050499,3.710016484409999e-05,0.003276631748670801,-0.0011368502776368042,0.00888101844909428,0.00029444142159569997,0.0,0.00046700167842489947,0.17327288946406694,0.007523457773365896,0.0006551011749638003,-5.474009913199879e-05,-0.0007583673286110995,7.92460602069985e-06,0.00030126953265819994,0.01642446098030098,0.0004940522127016,0.4976658090829815,-0.004960950153706567,-0.002763369166259598,-0.008556842696503197,6.161999217210002e-05,0.4765775798518419,0.010812750581387087,-0.046794792796358564,0.05547125500716421,0.0021443721640728997,0.008754700766455903,-0.03509654432664466,0.38884540364093034,0.0022195415338330804,0.7550116495517631,0.0,0.00026614309532530054,-0.020673851359254314,-0.2653633620283795,0.06223514899067201,0.4043733397083963
-0.0001786062356356,-0.0655611447082094,0.0023945015426243,3.777147683909992e-05,-0.00028940232541329984,-0.00015466583961060002,-5.565423518569951e-05,0.0002539519763231999,0.04633354724690475,-0.00042846137459040014,0.006370956118647603,-0.0001612864812899999,0.008415639463692198,-0.0008011020092052006,-0.0016196622889357998,0.1404876657261529,-0.00024779322597999996,0.0,-7.631695155390001e-05,0.0002013647440021,0.029600879241686417,-0.18184152890237382,0.01414886184601788,0.0016765996220087787,0.008784260275348697,0.0014525126999536987,-0.059233605423924196,0.010299801373845091,-0.0042482274064733,0.004031377351142007,2.6373661146299925e-05,-3.304309691239994e-05,-0.0038178871729544987,-0.0005262397118298984,0.0008431395721838998,0.014202905864151683,0.012831785127601691,-0.001944439802740297,0.012208067050576407,0.0008276042350256006,0.00021088550569650037,0.0009372305228582001,-0.004580217383860774,-0.0011882510733877971,-0.01248890826385339,0.0015557593774312012,0.0020595508581130947,0.0014086735363667002,-0.0015299320734655994,-0.0003196456588564,-0.24446202608834788,-0.0027415329771089993,0.0001270230200024001,0.0002771494607326005,0.00042703283349469984,-0.0038101024733975045,0.0003722455378830001,0.12664119999398427,-0.0006546224416794991,-1.6922889270099342e-05,-0.0004360426170749009,0.00033993981584190536,-0.00047121922658290016,0.0016425447398921988,0.385709470269072,0.0001092596431387996,3.994985657900001e-05,8.637604580799974e-05,0.0004060110824077,0.010812750581387087,0.6363533648169568,-0.03148475765587891,0.5208544601772691,0.026378102103259637,0.0012437282668949085,-0.05986642350663374,0.004921376417703072,-0.0018948503517803028,-0.007260888890618496,-0.0004626916276056995,5.638634161240011e-05,-0.0026584417697002993,-0.004527128320029904,0.004977257354532701,0.03418629798249491
0.0,-0.020294010066274903,0.006853836875826802,0.0,0.0,0.0,0.0,0.0,-0.0009948545220264012,0.0,0.0,0.0,0.0035288885176902977,0.0,0.00027555809787980004,0.042399767813176226,0.00030877451685140016,0.0,0.0,0.0,0.003236924191745205,-0.04212726883988771,0.015268080396920403,0.0010878410628806998,-0.0013797022151261999,0.00022733180808560006,-0.02737890275975574,-0.00025008075520130055,-0.00022433586824099997,-0.0011906961559222003,0.0,-0.000106362181737,-0.00022424001182490012,-0.001850528735289899,0.010049970820963098,0.022636413951636986,0.023376506632579397,0.0011639766555586045,0.022201364180196997,0.0007600304740167001,0.000443811352758,0.0001730719544763,0.17493127256202,-0.04470912906505253,-0.9589205305962176,0.18688333691872216,0.03204925595612179,0.0085978038016856,5.209644990989998e-05,0.0062221210931170945,-0.008189197766578601,0.6458369433197699,0.0,0.0,-0.00012072085089930018,0.2870491990366286,0.02415393497294449,-9.49529266908002e-05,0.0002503933495597993,0.0002993060981258053,-0.00021523155755130002,0.0,0.06005683164275799,0.0,0.24083698341429205,0.10333709566378424,0.003114525621850203,0.0161701336151302,0.0,-0.046794792796358564,-0.03148475765587891,-0.2901018573421936,0.011879691030813377,0.00028728258150659963,0.13258205376400545,-0.03550901929014749,0.15971709625238528,0.01614506440614294,0.25037897881712157,-1.3740309909999993e-05,0.0005763836177648,-0.026965911171658807,-0.37318993583151805,0.13223894185690788,1.0839112425852244
9.765705326249957e-05,-0.0031221679636533987,0.00013239268667000021,0.027774979995416005,0.0002799428703607002,0.008581586920530404,0.07333707128108169,0.00642882833227329,-0.07637229282886082,0.031635548871829955,-1.7412696043599943e-05,0.020337200455100485,0.002315104331726686,-0.001830890694740503,0.0021052159766676015,0.07781449090281933,7.789965562109998e-05,0.0,0.0,0.017498116781447526,0.01744643266047169,-0.01769966899425679,0.0006332563392231066,0.46293109115302045,-0.0023368190417732,0.0,-0.0016348129808825967,0.2819890606270743,-0.012835085576206107,0.022103257870109805,0.0,6.0561961735100024e-05,-0.02174201401457121,-0.004239436153570392,0.0008665847344500998,0.045412885590935925,0.006061185146301107,0.018338673011021878,0.017941222150480912,0.007488007375492045,-0.0008088879648958996,-0.00029690488270740084,0.2149087493868036,0.007418954657305285,0.052669079261114526,0.04079619753595001,0.11762899989305964,0.0093076225873296,-0.00030400374546130007,0.003114255699451101,9.008834772311625e-05,0.0076149840892865,0.1982103881733921,0.0150198001569316,0.030775211000014818,0.14079863936724846,0.029537286973264604,1.2550747856001436,0.11852252396346263,0.0017696754337237983,0.17635777109898654,0.0011182397422561993,0.027789898802643098,0.040436073261401,0.15869710099492718,-0.0002433281463107978,5.662950714440014e-05,-0.0004196646825061993,0.24899015757138376,0.05547125500716421,0.5208544601772691,0.011879691030813377,3.117625289959282,0.008564735423557901,0.008381797355988999,0.021229995724055706,1.3126209363824302,0.049378868207169524,0.02017466435249593,0.0,0.010625890840025604,-0.0031526498283485083,0.008933639816542494,0.027540269426280198,0.16480575470190784
0.0,0.01894338550471622,0.00012922669315289996,0.0,3.170261932599998e-06,-5.251642540620013e-05,0.00021102394870359996,0.0002472558446671,0.0010404322722138,0.0,0.024248542657996586,0.0,0.0692631447302896,-0.0002093032040799,0.0,0.0012636263027287998,-0.00011886915128869995,-0.0005405229641883003,8.931915486400013e-06,0.0,0.0004785365956226999,0.005124842563621099,0.0012607382684275002,0.0016423980771365,0.15581046941685006,0.017673833555911234,0.03099513974147272,0.00015653356407220012,0.00026292025870960044,4.79583308661e-05,0.01921850568755909,0.0006563817971700003,0.0,0.003774926973677699,4.260629885209999e-05,0.0011395540993216994,0.007798435769192202,0.009253145044531202,0.0006378838991760996,0.0,0.0003389575192906001,0.007206490008619698,0.010691950069659797,0.001810061534559898,-0.0017364104035977046,0.0024146259752147008,8.444181943330006e-05,0.0017369954814046,0.021087206372441908,0.0,0.1941650831532873,0.0005897447704259001,0.0,0.0,-0.0003185683107905001,0.00013032863948739997,-0.0007820634249251996,0.01653802269841989,2.96117299075e-05,0.027189848918690585,-0.0003135048114671999,0.24820267068556312,-0.0009584343401584997,-0.0002125548707933,0.011086436369307798,-9.60048106095e-05,0.0008641460545390995,5.024586008750033e-05,-4.474187248270007e-05,0.0021443721640728997,0.026378102103259637,0.00028728258150659963,0.008564735423557901,0.15190895154535689,0.003376914340878598,0.11809956027142032,0.0027633509584187,0.007418571914587391,0.001032299501668,-0.002630149711903,0.003651552863523505,-0.0001132219400514999,0.0376680795596655,0.0001083433119002,0.00035280627134459935
0.0,-0.0172938358803838,0.0180379980076619,0.0,0.0,0.0,0.0,0.0,-6.330579676630001e-05,0.0,-0.0057487422678225986,0.0,-0.029680921507725055,0.0,0.0,0.0004994502704299001,0.0010119836367412996,-0.002852185733495098,0.0005596071839274012,0.0,2.08732102285e-05,-0.0008045725968506001,0.0023188152067727015,0.0,0.0077034867084659064,0.013081719415175552,-0.1983351605188819,0.0,0.0,0.0,0.0022440418606002877,3.745474821540001e-05,0.0,-0.0010216109258905995,0.00033405000006419975,0.0030416824775464993,0.001422924775609194,0.0015422051582402,0.0010872434969096002,0.0005498456348181999,0.0,-0.00035530622131090027,0.04322609337728167,0.05164885843619471,0.0926355500375875,-0.08794707338081098,0.003705372253242495,-0.0015146141450003998,0.010990829667711595,0.02228034559864639,0.001384302018183181,0.4267485030591285,0.0,0.0,-0.0014081010442877993,0.027960271252629232,0.0054733190030898105,0.00020286482374110015,-0.00040183842578500086,0.13497092238848696,-0.0010916303060345004,0.037209579028237294,0.0588598131952055,-4.789188993039998e-05,0.009051666394813113,0.36408079979560437,-0.28154095940699797,-0.2012244028306336,0.0006648694681693004,0.008754700766455903,0.0012437282668949085,0.13258205376400545,0.008381797355988999,0.003376914340878598,-0.8296733198042787,0.23129985963940136,0.021754806492336104,0.16037148546784175,0.04485176208289765,-0.09743467275540046,0.009802760050763401,-0.006494557637782783,-0.24954335997350174,0.004030859165503602,0.1044368676064461
0.0,-0.06093000044466934,0.10538692551051587,0.0,0.0,0.0,0.0,0.0,-0.0022943821380379988,0.0,0.006135370597512568,4.384018800670001e-05,0.023699845580612333,0.0,-8.147663657110001e-05,0.036989502697166166,0.007758316078458893,-0.0014945911299618989,0.0015796115879924012,0.0,0.003286029701954296,-0.055955424838011414,0.10697702290015854,0.00038522482590010176,0.10967042943180993,0.18632665601410636,0.4139539002938193,0.0013348667789763007,-0.00039600744096829994,0.0007323710319791996,0.04350947372456726,0.0,0.0,-0.0013283446035439878,0.002155375468416601,0.038038766650276806,0.047991720411998284,0.015995947104200298,0.042251968732081896,0.0010558455936669,8.097741489260002e-05,-0.00033525214440320063,0.13007371482456698,-0.04285500634832706,-0.3155614703396905,-0.07303742542929736,0.022026222007629187,0.002871294161247699,0.0007098095780620995,0.006150694221263714,1.0886527258887941,0.41574836096494217,-0.00016580672108270007,0.0,-0.0005723039028401001,0.010057621967895392,0.002577287386302203,-0.005718881921005781,-0.0010473635203897009,0.008452190795674303,-0.00022342901288469985,0.008895330677895275,0.010947975142206606,1.7080759665299977e-05,0.03476971960760711,0.296088302472473,-0.0001010137229967012,0.09431424989072634,7.91328862201e-05,-0.03509654432664466,-0.05986642350663374,-0.03550901929014749,0.021229995724055706,0.11809956027142032,0.23129985963940136,3.1795235908940285,0.01858662065608141,0.025284471727492597,0.022405539126993057,-0.07199280996355428,0.00021054600812510003,0.00038033846581909947,-0.2857680310341424,0.0244677487689101,0.2546028397421559
-0.0002035908568224997,3.4671826693899975e-05,0.0,0.0013188415984579996,0.0,0.0006824109971874,0.0056147824750947956,8.008054762849957e-05,-0.031823960072460356,-3.239032203610002e-05,-0.0002816285895865001,0.005771628645720797,0.002971282001073411,0.00018943842530049979,-0.005150448629514803,0.022598017761705114,0.0,0.0,0.0,0.00047325454123160055,-0.00018833260080580033,-0.0142619719901724,-0.00031073631719009953,0.0909302180646061,-0.0013821234433156991,0.0,-0.0012537402744288995,0.009841277353936084,-0.001296042991377101,0.0007022830688597978,0.0,0.0,-0.004232132041009001,-0.0019293146603092982,-9.936732197500002e-05,-0.027906552243850413,0.0002236969352262981,-0.0006505854718870004,0.0019180340553053982,-0.017475359382868372,3.1360048495099996e-05,0.0001942376975105995,0.22074062247291604,0.00034146838420509584,0.03626368443906314,0.06426318753981464,0.0800462613128396,0.01646359614271179,9.110290130059993e-05,0.0036720321599810965,-0.003934924917899603,0.06604840687191649,0.35254405448418513,0.0010502644696967992,0.06114886952149512,2.5739656076815187,0.0503138640072025,0.15915477107563314,0.636254174280591,0.00021480064271589983,0.11227262020525375,6.284944217460012e-05,0.023914388545181575,0.008475586907748904,0.10371465034217686,0.0020581627572050093,-8.69594772261e-05,-0.0003708546320162001,0.23142907617371788,0.38884540364093034,0.004921376417703072,0.15971709625238528,1.3126209363824302,0.0027633509584187,0.021754806492336104,0.01858662065608141,3.440705405726831,0.06101467031944385,0.8932863786658434,0.0,0.004770034685914602,-0.01523609801345105,-0.0327116776099734,0.0404892582060386,0.22732840629260886
0.0,-0.0007548313000586998,0.0,0.0,0.0,0.0,-0.00012340140362210002,0.0,-0.005721911800851902,0.0,0.0001857115497945999,0.0,0.0012625629184792979,0.0,0.0,0.003344331671845703,0.0,0.0,0.0,0.0,-8.8376932637e-05,-0.002526163732669999,-0.00015224298942319997,-0.0020966840848838098,-0.003405449137366099,-1.1051244747200032e-05,-0.0002931351523100998,-0.0002723317611632997,-0.0005510639503541,-0.0008419906610837996,0.0,0.0,-0.00037769098721850006,0.00014432065176029924,0.00012537682630390005,0.0006003876131805003,0.0004199279583728,-0.0002480272571027001,-0.00022345033057110004,-0.0001287049586316995,0.0,0.00017188033483050004,0.14317075744887742,0.007799693610254899,0.07888904555909204,0.03393687896584091,0.016961190969520812,0.007104517819025602,0.024226496670126996,0.05783955539360708,0.0004668170633577995,0.019123133834183015,0.0019338926578610013,0.00044316876110139986,0.01794614099930114,0.18799939095179274,0.11996611200423546,0.004003670297979101,0.015435196899585835,0.39973182904907256,0.032256745973894385,0.1588031874248283,0.34387653076217006,0.0025002719024580025,0.0028042631231686016,-0.025800751640607467,0.042369612421287894,0.0029021254750203895,0.00846551155692929,0.0022195415338330804,-0.0018948503517803028,0.01614506440614294,0.049378868207169524,0.007418571914587391,0.16037148546784175,0.025284471727492597,0.06101467031944385,-1.3185096600552733,-0.07441782426200705,0.008277550503397874,0.020394621960638515,0.08110992263134698,0.09365375680455434,-6.191612264229429e-05,0.017570451825768413
0.0,-0.0016620956925703003,0.00021056643554199996,0.0,0.0005326988366678,0.0,-0.0001526618063496,0.0,-0.0032673084438763003,0.0,0.0,0.0,-0.001724072073043599,0.0,5.192727431139999e-05,0.012051266356868318,0.0,0.0,0.0,0.0,0.0003931574199557003,-0.006985917029115704,-0.0017596023390668986,-0.003214107620732709,0.00016823153474120056,0.0,-0.0018747607372647992,0.0014004257015352989,-0.00046776823706229983,-2.5760119105800415e-05,0.0,0.0,-0.0012077818669495996,-0.0008793169909706998,0.0005836729616080999,-0.0031420665970649936,0.00032121067948810006,-0.0006792915659854003,0.00021905544804329963,-0.0004889994331989007,0.0,0.0003322008980895003,0.07321405482755883,-0.0012765364180244015,-0.043012819144321535,0.031794672644563204,0.0138024233554217,0.0031381198249893,2.4578194860800002e-05,0.08621380290900404,-0.001964130515536802,0.004686046099030561,0.000891509744166,0.0,0.0018205754101896024,0.7112869889294586,0.0668673686631977,0.0006897731967852004,-0.0003762854589796083,0.00044705122644920006,0.0006374033975482998,0.00013163049401179999,0.2223701698877023,0.0,0.005940581152422297,-0.04573854203246519,-0.0008244446685226007,-0.011287570692046611,0.0006512981265347001,0.7550116495517631,-0.007260888890618496,0.25037897881712157,0.02017466435249593,0.001032299501668,0.04485176208289765,0.022405539126993057,0.8932863786658434,-0.07441782426200705,1.1029728776380345,0.0,0.0009883837992937993,-0.08934476084503651,-0.052823062032295365,0.02269085483484451,0.14488372855623244
0.0,0.000694444233598799,0.0,0.0,0.0,0.0,0.0,0.0,0.0,0.0,-0.005291690302456298,0.0,-0.02397889982784518,0.0,0.0,0.0,0.0,-0.0012667966988115995,0.0,0.0,0.0,2.78790703069e-05,0.0,0.0,-0.001165772219407904,-0.010544648722395022,-0.00755226024828598,0.0,3.1863843475999905e-06,0.0,0.0062298300709835025,0.0,0.0,-0.0002667517591766,0.0,-0.00042304521878050016,-0.00030358344068730225,0.00017192331167660037,0.00013002930160790004,0.0,0.0,0.0008227015817928,-0.004643484179505206,-0.01789041403031344,-0.003693872995607028,-0.013646719973768706,-0.0007854347780086,-0.0001528702269794999,0.0072735452303209006,0.0,-0.003457320312502704,7.465458665899976e-06,0.0,0.0,3.8524669238300044e-05,0.0,-0.0003038204962871995,-1.930112841800008e-05,0.0,0.004387268113655751,0.0,0.10528465598309933,-0.0029799541164033,0.0,1.302354537999987e-07,8.60852447594001e-05,-0.0064755939824873016,-0.0013362169763549,0.0,0.0,-0.0004626916276056995,-1.3740309909999993e-05,0.0,-0.002630149711903,-0.09743467275540046,-0.07199280996355428,0.0,0.008277550503397874,0.0,-0.05695255720605441,0.0025311198752462974,0.0,-0.0017178693702168124,0.0,3.198807875720057e-05
0.0,-0.0009257883400354001,0.0,0.0,0.0,0.0,0.0,8.526468456849999e-05,-0.00030704802816000024,0.0,0.0,9.878130511680003e-05,0.0018005149550494991,0.0,0.0,0.00039241572788719997,0.0,0.0,0.0,0.0,0.0,-0.00042365809006990004,0.0,0.0003247228049138,-0.0043138416964787,2.3760159132799985e-05,0.0,0.0,0.0,0.0,0.0001349108566728,0.0,0.0,-0.00014518471320259998,0.0002070454683985,-0.0001437075731478988,-1.492401469410003e-05,0.0,-0.00013524384186170004,-0.00016584384410190008,0.0,-7.775852960999999e-05,0.005717550663197235,0.005526064813143605,-0.001587983475173138,0.0061088328096937095,-0.009619117792205367,-0.11650234559166028,0.006856017780029408,-9.708191476590013e-05,0.00014829511975480015,0.0,0.00027601128164839986,0.006688612061728105,-0.026411539357853897,0.00903408001084631,0.06760197838152626,0.0027572282213065014,-0.0006515432921241973,0.03658051795604389,0.001650690571789501,0.030787154977760703,0.0107679488535245,-0.012637399120946136,0.0001582700652467007,0.0,0.0015054982730026006,-2.251230616179961e-05,0.00021662359759700052,0.00026614309532530054,5.638634161240011e-05,0.0005763836177648,0.010625890840025604,0.003651552863523505,0.009802760050763401,0.00021054600812510003,0.004770034685914602,0.020394621960638515,0.0009883837992937993,0.0025311198752462974,0.041683441364712526,-0.00022438469891400002,0.055581697428229104,-0.0036533621350844023,-0.00992791237060861
0.0,-7.089394188830003e-05,0.0,0.0,0.0,0.0,-1.2075518115500002e-05,0.0,-0.0024840580457802,0.0,0.0,0.0,-0.0009548268705266011,0.0,-4.268317911259998e-05,-0.0020835339992702,0.0,0.0,0.0,0.0,-0.003060541812767499,-0.0038345370421753993,-0.0027640808086831,-0.005111473349752413,-0.00030714303089300014,0.0,-0.0005096133676759998,-0.0007734813731621014,-0.00018134975358439988,-0.0009338656699619001,0.0,0.0,-0.000911014183311,-0.0008248169719157999,0.0,-0.0035779969060313957,-0.000395016778323,7.44795328421e-05,-0.0004368260298556999,-0.0002702248346983997,0.0,-1.402023259689997e-05,-0.003704491849866806,-0.006737633545129702,-0.021229397121466598,0.0012760176348076968,0.0029845003203574014,0.00036241769418369997,0.0,0.0035362866817374022,-0.0009116931662582995,-0.0001623892447209993,0.00023177117969819987,0.00011287349100310004,0.0002681712634269003,0.006884017866015224,0.006741544889357104,-1.4449196156701705e-05,-0.004101185005683301,0.000987681425429699,2.650737230990019e-05,1.7784511617900027e-05,0.015522065313216704,0.0,-0.002299792196111497,-0.03386842444778909,0.00014163789165689937,-0.00843443165063959,-6.215671492949999e-05,-0.020673851359254314,-0.0026584417697002993,-0.026965911171658807,-0.0031526498283485083,-0.0001132219400514999,-0.006494557637782783,0.00038033846581909947,-0.01523609801345105,0.08110992263134698,-0.08934476084503651,0.0,-0.00022438469891400002,0.017714725146899424,-0.1299510150875034,0.0028045936936541005,0.014318145679325697
0.00019111230272240032,-0.0111522144810993,0.0011989457956837965,0.0,0.0002008751445516,0.0,0.0015069868036289014,0.00033467643271929996,-0.0099230809999145,0.0,-0.0005560769970065008,0.0,-0.000922414596639394,-1.588606676019991e-05,-0.0004015320389222,0.018439798883586406,2.148983772339995e-05,4.29061123599975e-07,-1.5607290447899945e-05,0.0,0.0013615314728852024,-0.005310971893727305,0.003629171707476203,-0.011412232595345101,-0.03312915777841449,-0.0004837827099554992,-0.043581322059764505,0.0005523221816722962,-0.0017464826689625006,0.0010094599177984977,0.0002257859099552,-1.3619074715099972e-05,-0.0032242234117398003,-0.0008531592628656,0.0010390437322687976,-0.014571116359127001,0.0019802882852353945,0.0006754635168371992,0.002739528273096998,-0.0008191977005067019,0.0,-0.0012531475134742003,-0.047571471980990765,0.011915517524870523,-0.09541685741498895,-0.1067511626466009,-0.0038606396833300027,0.044175469981250604,0.018440171711384595,0.002062516223907601,-0.012036055090007908,-0.07827305004568935,0.0035450446166090006,0.00020311450165550003,0.0009798977502925021,0.021619139943189314,0.023313768144815006,-0.0024461621141413092,0.031881146510255975,0.24633896529073418,0.01247000073212401,0.14750406962010987,0.07097601361519179,0.0004205334879875001,-0.01091908840876521,-0.045275806586524414,-0.014159025089613975,-0.12243828128117551,0.007121178932472799,-0.2653633620283795,-0.004527128320029904,-0.37318993583151805,0.008933639816542494,0.0376680795596655,-0.24954335997350174,-0.2857680310341424,-0.0327116776099734,0.09365375680455434,-0.052823062032295365,-0.0017178693702168124,0.055581697428229104,-0.1299510150875034,-0.44357084749773534,0.05841403698104397,0.10331074218611763
0.0,1.0488691978600192e-05,-0.0003101369462891004,0.0,-0.0017748314479037047,-0.028682073126902297,0.0,0.0,0.0006783309773758998,0.0020710052486041033,-7.540924251449999e-05,-0.004684155715382832,-0.0032164478587873857,0.0,-0.009846588067688788,0.0016511162791579001,1.3728004677899955e-05,0.0,0.0,0.0,0.000833527844458,-0.00026550215005749934,0.0012143011886412008,-0.0003301061792928999,5.139794201100019e-06,0.0013370086332753,0.003175300918990801,0.00012093211307419999,0.00021673350319769997,0.0006195687503418,0.0,-0.0004706328804468,0.0005417760246261001,0.0005071809928242996,-2.8142931893072642,-0.032816371219320795,0.03675229688551801,-0.004509968399550701,-0.047591941996693476,-0.005523018457214701,-0.0008963969335393021,2.6456541579299967e-05,-0.20302241587222358,0.1141747192411694,0.04553073385919659,-0.06628247041024204,-0.0030082583452823164,0.017653767698176503,5.271176029399984e-06,0.00032733000186789996,0.0005259463863183994,0.007741782566243999,0.0,-0.00019484982487610013,-0.1342603917287155,0.023735787212125603,-0.004890839173366107,0.0021969789335415,-0.0030930177592184416,1.3321578352000138e-05,-0.051761832954520415,0.0,0.0018373333191038007,-0.0157925710218505,0.03072006610875,0.00022365640967020014,0.00021083628476830036,0.0016411167597882,2.63434529601e-05,0.06223514899067201,0.004977257354532701,0.13223894185690788,0.027540269426280198,0.0001083433119002,0.004030859165503602,0.0244677487689101,0.0404892582060386,-6.191612264229429e-05,0.02269085483484451,0.0,-0.0036533621350844023,0.0028045936936541005,0.05841403698104397,-6.898965978668571,-0.7163941916441985
0.0018871787896243015,0.0016856250401850997,0.07523625005006407,0.00037348052462999985,-0.0020550041053625998,0.0062255986321816115,0.038057150325472286,0.0017324491798866026,0.031635451856845104,0.007834197822371304,-0.00011132939780269385,0.0022920499977769904,0.03473855419885652,0.004330573397321902,-0.0006221527149200962,0.2027504269258003,0.018387466670796604,0.002717429381267098,0.0018669095967719998,0.00023869547645459944,0.4388259937191654,0.036509934730411,0.8052522588052913,0.08180746024661611,-0.0016904655087021008,0.0371816420660212,0.2413577383829717,0.09807252777569248,0.033899363776864005,0.16890879412678916,2.4924448724199976e-05,-0.023945538563243496,0.037815570522140296,0.1272162463049859,-0.2221407102501125,0.20619437391455975,0.9885577632007863,0.027426355015088832,-0.3777362968877309,-0.0018958459413964956,-0.005391947832967009,-0.0007789374569499002,0.2869250351720454,0.9269582306538182,0.2533051268612765,0.6395270228106451,0.012958232655438301,0.0159305653330791,-7.485282406860007e-05,0.0011243230026228,0.005750262835955703,0.0687349688530067,0.0004068588750893998,0.00018008555868000023,-0.0002913892850121974,0.12222744835016347,0.002718677258629197,0.0148203145401581,0.010192572947675893,-0.0020137809072744983,0.008464008440517395,-0.00038819372838160005,0.019165160677341198,0.0012346346760259003,0.26619893511459986,0.006504292259287798,0.002767164421781397,0.012022650411704902,0.00021347729976839945,0.4043733397083963,0.03418629798249491,1.0839112425852244,0.16480575470190784,0.00035280627134459935,0.1044368676064461,0.2546028397421559,0.22732840629260886,0.017570451825768413,0.14488372855623244,3.198807875720057e-05,-0.00992791237060861,0.014318145679325697,0.10331074218611763,-0.7163941916441985,-0.039735594988364875
