0.8267042196676999,0.005801176319900099,0.1440042885678344,0.0369106631431618,0.0051563965954628,0.0088269605053047,3.751772668791746,-0.027226298716608408,0.0224093970931208,0.0709937981609696,0.161007284815665,0.0,0.0,0.725405428967237,0.0,0.0543693734205424,0.14074352898894427,0.0299948162560322,0.15259514246166897,0.0072263183268827,0.78334812671936,0.0380501328519277,0.2295570281796161,0.1330252074293962,0.0,0.22991526121684952,0.4972442673638101,1.6836915869946454,1.3708876745502032,3.674352488081562,0.0,0.0339172430260488,0.030635182943398502,0.6301647190440284,-0.0006992339843041,-0.0110563628062606,0.0034912284839433,0.1024130059984648,-0.0092949612049432,0.0074396118632354,0.0007870113802825999,0.0,0.0236707238293443,0.000361460389924,0.0,0.0,0.0,0.0,0.0,0.0,0.0177832302912205,0.0,0.0,0.0,0.0,0.0014666053013767,0.0,0.011262409052619502,0.0,0.0,0.0,0.0,0.0,0.0,0.0131975209338059,0.0,0.0,0.0,0.0,0.0216395153078407,0.015358970878448201,0.0030056639181099,0.1019924210605418,0.0,0.0,0.0049095225582668,0.0118525576258722,0.0036395960748046,0.0050126433726629,0.0,0.0,0.001213445081597,0.0016005668758277,0.0,-0.0012654322827574003
0.005801176319900099,-0.4157485891865367,-0.1283971645559872,0.0741055213257483,0.0028425874293911,0.0090309580356185,-0.0118498174024593,0.016234206787846,0.00375902224061897,0.0,0.007739861028142392,0.0118124653240514,-0.2617723819242833,0.0143131058783873,0.0006281643201107,-0.10861730883164761,-0.2771872575569241,-0.040425041333996006,-0.0622274126789355,0.0068691599153319,-0.0333619092262792,-0.4925499007138443,-0.03289194999110039,-2.1772987851499543,0.8661975172226364,-0.6447790530159685,-6.004852332491932,-0.038683377536263996,0.0268448371875622,-0.019108121228258602,0.03593653887977989,0.0202519473900479,0.0008700386888218,0.2676423730877236,-0.0139436755427899,-0.4930374217130953,0.1441557574737752,-0.2076309384891225,-0.2552350368104069,0.0573559006518429,0.11161919627042009,0.2952343763248475,-0.23778780727814922,-0.05268794533880128,-0.16219030729924677,-0.026030943011223107,0.0012160083638016,-0.001932531574368,-0.030387236283001003,0.0,0.19804405079812437,-0.21424250398424438,0.0,0.0008508746485767,0.0,0.0,-0.0003520415405948,-0.0155557822442967,0.0,0.05068768699578613,0.0,1.3159274164460975,0.0,0.0,-0.0323575830147296,-0.1818663696734911,0.012783356592213205,-0.1209546631454348,0.0,-0.0017074853267579002,-0.11644405437422628,-0.057240654264294,-0.0831221807608182,-0.14954260308980982,-0.6391491058632051,-4.534913064815806,-0.0006502970448066,0.0031266636474277998,0.0,0.046562632966857115,0.0051241718882494,0.0,-0.0433203986530669,0.0,-0.08902996418088441
0.1440042885678344,-0.1283971645559872,-10.134443258173693,0.0003257953336322,0.0162525030553384,0.0056010167769413,-13.165748649488226,0.1769564748155738,0.0229770303651902,0.2802398249844524,-0.061929290723364,0.0,-0.0004419205575377,0.40255381962353287,0.0,0.10043031943233051,-2.191198388793172,-0.0194714448436246,-0.16346406469717212,0.0,0.122735272236971,0.07486023043152723,-5.596028969958036,-0.03415935927534,-0.0025474996538904,-1.3461640285865677,-6.84695124611679,-1.9114629436769701,0.1838193388418741,-1.7379113048148231,0.0,0.0817307880099837,0.0004579393892158003,-0.1602393123460456,-0.019791196811689497,-2.195817575993765,0.17175626182326886,-0.29724398627904614,-0.6797212591629525,0.5283672882630934,0.014971611603446799,-0.0020887774768127,-0.1906202724668401,-0.12739469401734901,-0.19294811739683487,-0.0708866344029546,-0.0004555885454863,0.0,0.0,0.0,0.004887331766072908,-1.925566652038193,0.0,0.0,0.0,0.0,0.0,-0.0013695634210986,0.0,0.0005226558342085001,0.0,0.0005623542465241001,0.0,0.0,-0.1427454510554734,-0.3392223421927477,0.0,-0.020881213439957004,0.0,-0.0034532671078523,-0.226722837611374,-0.8581454909722409,0.0,0.0046948147834762,-0.492479369323502,-5.001222711317339,-0.0022562490566309,-0.0036283816109954,0.0,0.0,0.0,0.0,-0.030862479816624593,0.0,-0.384467838841274
0.0369106631431618,0.0741055213257483,0.0003257953336322,-11.343774369147644,0.0308366372907626,0.33608602251172004,0.0784594429191271,3.7188858190742557,0.29686357439043554,-6.9530031224852635,0.0,-15.762680280213626,-0.0005282817197677,1.8421777587296084,-0.3124404384432193,0.3532684020950195,0.0,0.0,0.0,-20.30130508857976,0.0251957853892485,0.9232899130617828,0.0553299804981092,8.879330020827416,0.0,0.0,0.384360721824701,-2.550343311226589,0.11894593973483471,0.0044400556947154,0.0,0.0645084421117439,0.0,-0.019273102876158396,0.0,0.0595241818253263,0.0066204534627886,0.0087322688002664,0.0094762961679752,-0.11179033095442589,0.0081167073718348,0.0019988160470258,0.3783393513967918,0.0,0.0087131634024437,0.002523431431147,-0.3345562094360899,0.0,0.0002574948362398,0.0017101134901614,0.0040808073778181,0.0,-1.001440823817137,0.0,0.0,0.0724018530519473,0.0088093672535019,-1.4727204692400646,0.0,0.0,-0.0550817615424671,-0.0009163330789904,0.0034981986912018,0.003986581657278899,0.0226174419347133,0.0,0.0,0.0,-0.0002883512830953,0.0014871745026521,0.0835559577891044,0.0,4.722789107541761,0.0,0.0,0.0,0.2217820380271091,0.0065867172216979,0.015243857931006,0.0,0.0,0.0006631288489531,0.0275769749893929,0.0,0.002104723314483
0.0051563965954628,0.0028425874293911,0.0162525030553384,0.0308366372907626,-0.05797985506514547,0.3395031547989671,0.0076452360061755,0.431473589607442,0.14555132005379862,0.0136717225192015,0.0,0.0,0.0,0.0342697752716362,0.000477906956946,0.652480449088955,0.0013363250246232,0.0,0.0,0.0030323387045544,1.0248611472496574,0.0821851395808774,0.2443192944378211,0.307050491701804,0.0,0.0026645276043729,0.078450264453033,0.6427040125684755,0.0461960166252259,0.0034651183799206,0.0,0.0459859712458019,0.0,0.0044626286422843,0.9701853770822266,0.4025258576497605,0.278798638430663,0.2155010195819699,0.6955403262827442,1.7795868800922678,-0.3057186860021437,0.0015170856817997,0.0206345037686744,0.0159376819694731,0.0048309970617352,0.0138231362444777,0.0008770515779945,0.0004929867279131,0.0,0.0,0.0024951845333297,0.0040969697236675,0.0,0.0,0.0011169927981244,0.0,0.0,0.0240638976126536,0.0,0.0,0.0,0.0,0.0,0.0,0.0512175029484364,0.0011174362931535,0.0,0.0,0.0,0.0007157345519712,0.1102010628266654,0.0046211054410558,0.0268623196005359,0.0,0.0,0.0179639545329954,0.0,0.0012162361167242,0.0,0.0,0.0,0.0,0.0017200610916718,0.1353676484948408,1.3628831327443152
0.0088269605053047,0.0090309580356185,0.0056010167769413,0.33608602251172004,0.3395031547989671,37.5949803204909,0.0119047671586992,12.93830555342953,0.6126215146543013,2.644709120237925,0.0,4.433990828896439,0.00067768461761,0.1702924903195945,8.466835666377818,0.4133777469497909,0.0,0.0,0.0,0.630499879313052,0.7935769095996554,0.0830656237108297,0.1052052599449979,1.0342269761131688,-0.000864343261897,0.0013842465094006,0.0673438975011863,1.1495518216672076,0.0730546931537918,0.0026140043157448,0.0,0.2422682044234462,0.0,0.0090596507059641,-0.45495004397223204,2.005720642308721,0.2315703846185461,0.031491835193734496,0.0166376910525937,0.861021762362094,0.1219464370827562,0.0072007247401691,0.5204323930815681,0.0149455379656292,0.0290670380584795,0.0085006602083757,0.0033746020604205,0.0004349408563393,0.0054172060339656,0.0021838941225665,0.0025147424238977,0.0,0.6293922085706245,0.0,0.044859617333795496,0.1544363606862115,0.0185019019228787,0.7257477465475206,0.9047821767516164,0.0,0.3867900494013307,0.0002229240697276,0.0,0.0043853266823567,0.142097454344884,0.0,0.0,0.0,0.1704431677913342,0.1661549201133475,0.1849362298751681,0.0182968158644955,3.8658075256412077,0.0001381745161229,0.0,0.0017690546549227,0.9147192300327308,0.06306925531002,0.1641818085180892,0.0,0.0,0.0169429067441408,0.062960516727685,-0.1074584852878895,0.1380412131894305
3.751772668791746,-0.0118498174024593,-13.165748649488226,0.0784594429191271,0.0076452360061755,0.0119047671586992,-14.296452280035751,-2.2770291275010095,-0.4504278725537097,1.8209778446917593,-0.04944090264669741,-0.0078240908858016,-0.0241305435928297,7.937366823010941,0.0,0.033215324050865996,-2.005272694284092,0.0036287386145600004,-0.6239433440951562,0.0037237288809268,4.092127629010614,-0.0681958661756379,-0.4884817940467645,-2.8755857286576756,-0.0111166192676744,-0.6119939591279415,-0.5755264144393039,-9.394265824464007,-0.7417850516711149,-3.138622798824585,0.0,0.0292612741723379,-0.3424870209603712,-2.4490800768683654,-0.0750789819482631,-2.4295062554543945,-0.0432981189785742,-2.484936748140405,-0.7240634595424628,-0.09825999735903121,-0.2446478362779044,-0.0025806498207277,-0.1845142681334641,-0.0012254640703477,0.0,0.0,-0.046535989483815,0.0,0.0,0.0,0.0045228484093534,0.0,-0.0004358503060566,0.0,0.0,-0.0927370550966862,0.0,-0.4737146860021943,0.0,0.0,-0.0037122187870937,-0.1103170369293515,0.0,-0.0037011398444287,-0.0008138434174784002,0.0,0.0,0.0,-0.0035965107438968,0.0,-0.047145725032293605,0.0,-3.093673241184068,-0.0044648222523959,0.0,0.0,-0.3414757141163163,-0.0029948625137457,-0.0029892458072744,0.0,0.0,0.0,-0.0075882448793872,0.0,-0.4712212237342415
-0.027226298716608408,0.016234206787846,0.1769564748155738,3.7188858190742557,0.431473589607442,12.93830555342953,-2.2770291275010095,60.73218533506164,2.198378783697717,42.9675352075968,-0.0404035885903387,3.2498493052338633,-0.0056524094938831,11.465270673549036,0.5084169730290025,0.3099094887257844,0.019250271832768104,0.0006760610512052,-0.0061270573806771,4.015368282910046,1.1807255071865765,0.154916842005502,1.3153564504292408,3.2958459859760016,6.802289491019992e-05,0.0177118385694004,0.0999806842254903,3.0506064644181996,0.143973407277962,-0.0448141623247125,0.003556094932378,1.482714728667461,-0.0090862072434684,-0.2225637663251,0.1260809248196057,3.3704643816506983,0.29094863654734227,0.5348670405517737,0.1926366630939002,1.2752495035555855,-0.05352114951715825,0.009698267304947399,1.190868133415674,0.0125445932886506,0.0549828624447726,0.017804571008034002,0.05234798955801429,0.0007833725458403001,0.0135332230867499,0.0090708178955094,0.0024204410512803,0.0,0.2393596249994555,-0.0010362778432758,0.132031342983284,1.7214682339472311,0.1455812480815009,3.1649440620374083,0.3928985195500046,-0.0006210799401115,0.1109201489659885,-0.0018703579452175,0.0138240079512077,0.0401760028072662,0.1149217295770263,0.0,0.0,0.0,0.0869716068382046,0.0523441867865973,0.24780484784488888,0.0041905425097421,18.30547689115047,0.0007952695836983,0.0,0.0002386641570632,2.3141953943307856,0.0724996030917754,0.2428269098520711,0.0,-0.0008741702076897,0.0080619959162631,0.119695422609146,0.008453366247584899,0.3428452761438572
0.0224093970931208,0.00375902224061897,0.0229770303651902,0.29686357439043554,0.14555132005379862,0.6126215146543013,-0.4504278725537097,2.198378783697717,1.8616378390547315,1.309717830093156,0.012075278040881997,1.8439666320780077,0.0025055453707871003,0.8830566063360329,0.5266024588287873,1.2269563078306587,0.0073774964683497,0.0,0.0047629382634415,2.5878820882569396,0.25886907307115803,-0.47601876304522284,0.0602766282785526,-4.242640775793481,-0.026339799563213584,0.009748508541796302,0.3888428077904431,-1.3143158539006623,0.18988467198457598,-0.1248580694036308,0.0021449279370141,0.1071834824035695,-0.0132220489189162,-0.1386501067992073,0.0101902922197976,0.3911830880030645,0.27755787793851666,0.031105657846191986,0.0419571905646086,-0.008044539238804438,0.006307834438812401,0.026126453296986,0.1698125356307556,0.0443661523907725,0.017181098156203722,0.0573628019799387,-0.1076213151971379,-0.0093674822365744,-0.005905974142486599,4.7714862358099776e-05,0.031871960045841294,0.0207405188549639,-0.35257160344746763,-0.000508231204446,-0.0137345647833555,-0.3299621157527387,0.0424846745317438,1.909496659373628,-1.2360245338910372,0.001151316054792,-0.3024960559983835,0.0492151153454622,0.028827040051358003,-0.012784855086692899,2.0468575645087568,0.0196064090279054,0.0,0.0026052048263953,-0.1952332840652208,0.7177658604760674,1.8541948666317474,0.8833749522861205,-0.3241930979882408,0.0144547464087865,0.0121084139431116,0.500077669042278,-1.3994683905061311,-0.03547694022956249,0.017978012879899502,0.0,0.0,0.003593189874375801,-0.03741910305075881,-0.0025788802375215,0.075335973770803
0.0709937981609696,0.0,0.2802398249844524,-6.9530031224852635,0.0136717225192015,2.644709120237925,1.8209778446917593,42.9675352075968,1.309717830093156,-0.1915213889613625,-0.0058772299982218,-4.371825079512751,0.0,12.087944286836136,1.7169049888382504,0.1556413993190079,0.1408344114252236,0.0,0.0049965548109702,3.7618030686329806,3.1994526837263835,0.0253649568005285,2.9764253454067555,-0.6142759086376866,-0.0021674287272352,0.0082518346789064,0.060642584383689,1.8307176615214882,-0.012504951753581017,0.19448846160568758,0.0,0.0747859705372832,-0.0153394313806079,-0.3534430458474464,-0.0222585081287863,-0.2170604755255332,0.0118214625980343,-0.3429856439942359,-0.0244507723459118,0.039244476859149,-0.0241228858448657,-0.0009106071502986,-0.0041913287290118,0.0,0.0,0.0,-0.3172418041634216,0.0,0.0,0.0,0.0,0.0,0.08423966968766991,0.0,0.0,0.0046985552210551,0.0,1.211864726791406,0.0,0.0,0.0214460232766351,-0.0064770293268422,0.0,-0.0053363496692592,0.0020506016027877,0.0,0.0,0.0,0.0013764632569337,0.0,0.0078978261967132,0.0,0.5149077876002671,0.0,0.0,0.0,0.0028316357803374005,0.0,0.0,0.0,0.0,0.0,0.0003011821428299,-0.0030825461363907,-0.0257782793505953
0.161007284815665,0.007739861028142392,-0.061929290723364,0.0,0.0,0.0,-0.04944090264669741,-0.0404035885903387,0.012075278040881997,-0.0058772299982218,-8.985150002501818,0.0,-4.821500840868514,0.11300861184543741,0.0,0.009992843777828301,-0.4783786941439723,1.763862561962993,1.2424618602618556,0.0,-0.1687036891139563,0.015039113530624898,-0.030255294496870866,-0.0025836913059397,-0.187990795022498,0.34966946109814145,0.18969965819787005,0.0015041637764241006,0.1213608997115125,-0.2368648190451915,-0.12994929092840257,0.1543373556167584,4.0491155037300844e-05,-9.908537107996999,-0.0249828942509088,-0.9307356176969583,-1.3913800681821427,-6.496410740247064,-0.669919300457352,-0.0307150277652617,0.6110747695680864,-1.122554460832433,-0.0055978568300310005,-0.1050552730635265,-0.013880449738715397,-0.00994696645697,-0.0013225188429668,-0.0034028735654394,-0.10468187791846659,0.0,-0.007627970967550593,-0.0004554659417356,0.0,-0.000889008596862,0.0,0.0,0.0,0.0,0.0,0.06206851314698236,0.0,-0.5078362894951043,-0.0013753597701181,-0.0002417156654259,0.0,0.0,-0.003090514529646599,-0.0029417100078402997,0.0,0.0,-3.678168508219979e-05,0.0,0.0,-0.10004514664765982,-0.1447776523653091,-0.11456781711700631,-0.0010971478930308,-0.003776612433877601,0.0,-0.0007464957122891996,-0.0006849020045953998,0.0,0.03135539229194349,-0.0037910227396639,-0.1336449800204652
0.0,0.0118124653240514,0.0,-15.762680280213626,0.0,4.433990828896439,-0.0078240908858016,3.2498493052338633,1.8439666320780077,-4.371825079512751,0.0,-27.179222450210553,-0.0012016961819788,0.0279520387127722,10.837957567456556,0.0,0.0,0.0,0.0,-7.324633784515779,0.0,0.056770797049752006,0.0006846960968173,-1.2654858891821144,-0.0003386602915748,0.0,0.0195276916794057,-0.5777027904872066,-0.0016152266354966997,0.0,0.0,0.0004370222089036,0.0,-0.0065418465261919,-2.507895459177945,-0.0178330194380948,0.0,-0.004913919710876,-0.0032380071698886,-0.2252032738194398,-0.0039148708923232,0.0,0.0342033707647325,0.0,0.008377230760903801,0.0008234574370404,-0.019926391016847303,0.0,0.0,0.0014931019621978,0.0,0.0,-0.11796824727954358,0.0,0.0029838092836258,0.0419342620550783,0.0205879516422127,0.607518329373979,-0.0019737789485319984,0.0,-0.10022143792575938,-0.0014546589834484,0.0041265816768339,0.00012715960725039998,0.0,0.0,0.0,0.0,0.024355315004659896,0.0019485899477623,0.0,0.0,0.47753816597583676,0.0,0.0,0.0,0.0339926529228294,0.0,0.0,0.0,0.0,0.0,0.0026470748791174,-0.8076374891617305,-0.129120046208396
0.0,-0.2617723819242833,-0.0004419205575377,-0.0005282817197677,0.0,0.00067768461761,-0.0241305435928297,-0.0056524094938831,0.0025055453707871003,0.0,-4.821500840868514,-0.0012016961819788,-11.488617213360982,-0.0051478076231011,-0.0006362869442314,-0.0008026289799965,-0.0015573652424623,-0.042570910861131496,-0.004774371400333599,0.0,-0.0004096292174998,-0.204996333204271,0.0005668258062214,-0.0357493474498351,-3.5082166925081353,-0.105747746856628,-5.002217235947693,-0.0216141509564173,-0.00035477339294830027,-0.0004443262798746,-0.5605772726547276,0.0405344555820338,0.0,1.501512620957885,-0.0048885095510931,-0.3887744519973661,-0.43025411013947723,-2.1158382132084137,-0.2552032679400263,-0.009834899712779798,0.4678718064454907,-3.291511631080371,-0.0426410960523653,-0.3492333245257642,0.013122326693231878,-0.015172974460512599,-0.0607081845599281,-0.0061833053046314,-0.2087580442220268,0.0,-0.05933181467542986,0.0,0.0,0.0010656985731071,-0.0031773856629714,-0.0212839549448906,-0.0051748776753221,-0.0130523189494827,0.0,-0.4925323214348267,-0.0044954047152155,-4.928807157233184,0.0038230910001197,-0.0007083744133885,0.0,0.0003957593116339,-0.0028916637060604003,0.0022551258743641,0.0,0.0,0.0648684203212157,0.0,-0.08613729396422279,-1.010763504463616,-0.35462186816219426,-0.3145491548493661,-0.0526000017476468,-0.001129441586065802,-0.0006052010457061,-0.22932421830581207,0.025738062586658696,0.0,0.0772874962236493,-0.0017939058120096,-0.0468464440415797
0.725405428967237,0.0143131058783873,0.40255381962353287,1.8421777587296084,0.0342697752716362,0.1702924903195945,7.937366823010941,11.465270673549036,0.8830566063360329,12.087944286836136,0.11300861184543741,0.0279520387127722,-0.0051478076231011,20.180518562351075,0.0020338336564948998,0.36679104281062724,0.44687516023508067,0.0315350755191911,0.30785048432177387,0.3886700985086004,1.950850764141099,0.1465899799438908,2.1081105815123355,2.3972594685625026,0.0,0.34401849377181287,0.5724611888180475,7.052095957667335,2.481766961158155,0.0758104766361723,0.0026180500285627,0.5680744709510218,-0.0005702895759156987,0.16497509178864483,0.0064434363089381,0.01942537057001892,0.0592774615891044,0.24928884370997023,-0.0449697048282285,0.0702483391777169,0.04794123139884881,-0.0014176294705691003,0.2037368267445805,0.0041205733792743,0.0042927848907972,0.0026238866236744,-0.0065139745929106005,-0.0021400802949805,-5.532523659239992e-05,0.0,0.0331750076703951,0.0005724412001381,-0.0003499970999455,0.0,0.0,0.006959035172697201,0.0,0.6070213595228976,0.0,0.0,0.0,-0.0014012654719545,0.0,0.0029949668939018,0.102634002401915,0.0,0.0,0.0,0.0,0.1033982751157341,0.2195159127470154,0.0035893316105579,2.448713002229516,0.0,0.0,0.0006527222602016,0.2044519026284441,0.023595347116187,0.0400758999701272,0.0,0.0,0.0034929532023072,0.0134866879872205,0.0004480322280139,0.0166085150713315
0.0,0.0006281643201107,0.0,-0.3124404384432193,0.000477906956946,8.466835666377818,0.0,0.5084169730290025,0.5266024588287873,1.7169049888382504,0.0,10.837957567456556,-0.0006362869442314,0.0020338336564948998,17.043503575602564,0.000288544988884,0.0,0.0,0.0,1.9722568109052336,-0.0007320869673212,0.005920804443611601,-0.0009712278535203,-0.5100404474321725,0.0,0.0,0.0027019211389362,-0.0223460653174622,0.0,-0.0004077762974916,0.0,0.0,0.0,0.0065956016919224,0.7098010708265964,-0.0033022768314425006,0.0017183135353505,0.000803146555344,-0.0009714630148278,2.895111880732052,-0.0042369357022234,0.0053918184414498,0.0042879700366601,0.0034801445199832,0.0003056739791308,0.0,-0.00015052842452680014,0.0,0.001653346579015,0.0,0.0,0.0,0.30215458145875757,0.0,0.0123399858665622,0.0055718299294146,0.0023153080810947,0.8424139433200788,0.7849102057931998,0.0,0.1881429387645313,-0.0005091612408951,0.0,0.0009749775015557,0.0,0.0,0.0,0.0,0.0665097533672558,0.0,0.0008045527607931,0.0,0.2638098729155308,0.0,0.0,0.0,0.2189229120125684,0.0,0.0,0.0,0.0,0.0,0.0175769538217157,0.1021799751522535,0.0287170828840648
0.0543693734205424,-0.10861730883164761,0.10043031943233051,0.3532684020950195,0.652480449088955,0.4133777469497909,0.033215324050865996,0.3099094887257844,1.2269563078306587,0.1556413993190079,0.009992843777828301,0.0,-0.0008026289799965,0.36679104281062724,0.000288544988884,-8.085571638196438,0.338040554109614,0.0003104641710641,0.0607975048686044,0.0316381222628581,6.336612006516695,-2.5165733432686634,-2.399509898843685,8.330448153507025,-0.0030700161760215004,0.038046749087309,-2.7364650457451516,3.4428205664828315,1.662620290498054,0.407449264004434,0.0,0.3224011631250377,0.0273056601703395,0.641660665685078,-0.0083622081707593,2.630385879545868,1.245606090003377,3.414730415684377,1.0199488391169722,3.8702639205109,0.07046487033573169,0.0010905121517246,0.43072216554032183,0.1268391389368501,0.543275829423656,0.19490855829496892,-0.0036557194889562,0.0,0.0,0.0,0.2085228473497011,1.3404825814793568,0.0,0.0,0.0,0.0,0.0,0.0057963192111207,0.0,0.0,0.0,0.0,0.0,0.0,-0.3771249555055247,0.1524624002134507,0.0,0.0034519354997537,0.0,-1.0587041212363733,0.32419516759160083,-0.8966046296318622,-0.3389101966110143,0.001265234884662,0.04040983603328,4.809796130299933,-0.233885029463069,-0.033845168502513,-0.048702105935666,0.0,0.0,-0.0149897447281472,-0.003259113483912099,0.0,0.06832572736461798
0.14074352898894427,-0.2771872575569241,-2.191198388793172,0.0,0.0013363250246232,0.0,-2.005272694284092,0.019250271832768104,0.0073774964683497,0.1408344114252236,-0.4783786941439723,0.0,-0.0015573652424623,0.44687516023508067,0.0,0.338040554109614,-11.952751029117465,-0.06999408889101699,-6.569673029637794,0.0,0.8324205504546267,0.1380083440620153,-2.911785288611137,-0.015351336556289799,-0.0014839382199917,-1.98520763681399,-2.769873145779969,0.05984837536988408,0.08911016663755619,-2.506694163720864,-0.0019869011539717,0.0094087493057695,0.0076206013092806005,-3.8782698755816942,-0.0066159143010963,-1.4762004017789814,-0.1392046268161254,-1.0848069429264162,-0.7097063393085979,-0.011683636623466399,-0.0027255382438738,-5.248937104220002e-05,-0.0276237266979608,-0.0560006194284937,-0.036754961683349394,-0.0064964032727642985,0.0,0.0,0.0,0.0,0.03140533236690671,-0.37418634650700383,0.0,0.0,0.0,0.0,0.0,-0.0011804878227143,0.0,0.0010869833763404,0.0,0.0044588671371955,0.0,0.0,-0.0038119845441942,-0.2699723663095911,0.0,-0.0302923832637549,0.0,-0.0002917336557597,-0.0515479545981264,-0.018236893939977898,0.0004922836251886,0.0156477263081973,-0.33081352829443417,-1.405139712316643,0.0,0.0,0.0,0.0,0.0,0.0,-0.0090114529372871,0.0,-0.1574082114031917
0.0299948162560322,-0.040425041333996006,-0.0194714448436246,0.0,0.0,0.0,0.0036287386145600004,0.0006760610512052,0.0,0.0,1.763862561962993,0.0,-0.042570910861131496,0.0315350755191911,0.0,0.0003104641710641,-0.06999408889101699,-1.1044154028017257,-0.019102923783499648,0.0,-0.0139450303093006,0.0043763385760254,0.012757807727331899,0.0,-0.0157295261959529,-2.655603535212629,-0.44544363888866706,0.0004861443226997,0.037384499369433104,-0.0437205824404731,-0.039118331981037396,0.0236913781855645,0.0017393213164833001,-0.6197361105825613,-0.0043756590664938,-0.9296231158847534,-0.7238283324761836,-2.7363377225834373,-0.824702319433386,0.0052182923854903005,0.0427667619211215,-0.0115391046401781,-0.000414743212427,-0.0056239487643385995,-0.0008935903904096,-0.0028261809703307,0.0,0.0,0.0,0.0,-0.0045422426070563,0.0,0.0,0.0,0.0,0.0,0.0,0.0,0.0,-0.0163654015677115,0.0,-0.06547412317919339,0.0,0.0,0.0,0.0,-0.0032324383636698,0.0,0.0,0.0,-0.0009507719541812,0.0,0.0,-0.049374528576191,-0.0545319733766004,-0.0396414432955055,0.0,0.0,0.0,-0.0175296237585745,0.0,0.0,0.0,0.0,-0.0822804297089491
0.15259514246166897,-0.0622274126789355,-0.16346406469717212,0.0,0.0,0.0,-0.6239433440951562,-0.0061270573806771,0.0047629382634415,0.0049965548109702,1.2424618602618556,0.0,-0.004774371400333599,0.30785048432177387,0.0,0.0607975048686044,-6.569673029637794,-0.019102923783499648,-18.886504787329123,0.0,-0.13465462158374872,0.07954065886972611,0.41686119379036757,0.007544611224322599,-0.0066040282207280995,2.0171833097651763,0.6592641281637519,0.032903161176381396,0.15477386084989211,-0.8634143451296825,-0.006217756368381199,0.025303323534042,0.0013821785548794006,-1.1010652321278056,-0.01395827780622,-2.1356612548538827,-0.4225070091574167,-2.6426697462822366,-1.4391011978373922,0.0133477641701382,0.0083303595847203,-0.0045884457319741,-0.0004958585430353,0.0412646432112734,0.0190856873777607,0.0073408563692297,-0.000959344331276,0.0,0.0,0.0,0.0640895353957394,-0.0111195076326204,0.0,0.0,0.0,0.0,0.0,0.0,0.0,-0.0022234282817115,0.0,-0.0005862516609796992,0.0,0.0,0.0,-0.026242947074481,0.0038811983733806,-0.0061736266670075965,0.0,0.0,-0.0043795746889812,0.0,0.0,0.009100370696819397,0.16857059438061223,0.07435101007084077,0.0,0.0,0.0,0.0014299246621198001,0.0,0.0,0.0021625544334941,-0.000507091323098,-0.1728887456151091
0.0072263183268827,0.0068691599153319,0.0,-20.30130508857976,0.0030323387045544,0.630499879313052,0.0037237288809268,4.015368282910046,2.5878820882569396,3.7618030686329806,0.0,-7.324633784515779,0.0,0.3886700985086004,1.9722568109052336,0.0316381222628581,0.0,0.0,0.0,6.399342507445095,0.0027460683727443,0.102333596018543,0.0038472049441646,1.6600602826581212,0.0,0.0,0.0219933410660905,0.12509323550066007,0.0144083253511389,0.0,0.0,0.0056205265023965,-0.0003903520983715,-0.003928800547818301,0.0,-0.0037705317334330996,0.0002596715616459,-0.0017406324024027,0.0,-0.012799892740949892,-0.0006914675411316,-0.0005023961339033,0.0962330337552094,0.0004401662923933,0.0052428227023185,0.0,-0.0241715814844116,0.0,0.0003004627471723,0.0,0.0,0.0,-0.5588583095731737,0.0,0.0056283497038818,0.2236055655861003,0.0101256983079014,2.2045674444248764,0.008208570256582,0.0,-0.1420934986750796,-0.0013337961979618,0.0,0.0111948093587194,0.0,0.0,0.0,0.0,0.0066579428272766005,0.0,0.0054913911697337,0.0,3.701830964053909,-0.0009237553276195,0.0,0.0,0.1382206519997877,0.0010552297008469,0.0010294042183495,0.0,0.0,0.0,0.0028664537389149,0.0,0.0
0.78334812671936,-0.0333619092262792,0.122735272236971,0.0251957853892485,1.0248611472496574,0.7935769095996554,4.092127629010614,1.1807255071865765,0.25886907307115803,3.1994526837263835,-0.1687036891139563,0.0,-0.0004096292174998,1.950850764141099,-0.0007320869673212,6.336612006516695,0.8324205504546267,-0.0139450303093006,-0.13465462158374872,0.0027460683727443,0.5076182409582302,0.14908150722779645,-7.488271847374936,1.156030715250849,0.0005240677953534,0.24969040731211356,-0.31403850181781,9.883491396146317,5.889281295465011,-2.428526109160444,0.0,0.6587765646871147,0.0037302853423615,-5.03552108518021,-0.0722250344966615,-3.350018043601223,0.6391642415267867,-0.7533410241143352,-1.0169842766634503,5.467516594300045,0.1108883618780937,0.0013336708766893,-0.35641177690396997,0.023401285955368112,0.094627192454841,0.026714015413615903,-0.001226811546247,0.0,0.0,0.0,0.0336360101348906,0.20724735871089658,0.0,0.0,0.0,0.0,0.0,-0.0004914130902056999,0.0,0.0,0.0,0.0,0.0,0.0,0.36526076763850995,0.018406022015713,0.0,0.0,0.0,-0.9160261463887013,-0.017213336737795015,0.43542990569812945,-0.3027914780785957,0.0,0.017812271919412998,1.3053148862011483,-0.3023472977212172,-0.11196945196710151,-0.1120619261556378,0.0,0.0,-0.0236854263158299,-0.1114374353866772,-0.0006465633205745001,-0.7737631838528769
0.0380501328519277,-0.4925499007138443,0.07486023043152723,0.9232899130617828,0.0821851395808774,0.0830656237108297,-0.0681958661756379,0.154916842005502,-0.47601876304522284,0.0253649568005285,0.015039113530624898,0.056770797049752006,-0.204996333204271,0.1465899799438908,0.005920804443611601,-2.5165733432686634,0.1380083440620153,0.0043763385760254,0.07954065886972611,0.102333596018543,0.14908150722779645,-4.664384220259153,0.08433480588106756,-8.322357079316445,-0.43080055232737796,0.1882116752134729,-3.1839487425084227,-0.6836973487482474,0.2276993433082382,-0.060570176842298394,0.0216318411779291,0.0812851497812967,-0.0001715513228246002,0.24057435731447357,0.00044754922998919977,0.5797364714662601,0.6430610990121044,1.1543334397704303,0.2736435151599958,0.6963605805519502,0.0563800636686206,-0.002110720175487704,0.2610284881130205,0.11578398530885972,0.22733740766750304,0.09837404579756892,-0.014212156992376698,-0.0021254392532417,-0.010130296793671799,0.0,1.0409341039032172,0.11441814010697587,0.0,0.0,0.0,-0.047661544909026,-0.0016106329756083,-0.020697461069796,-0.001892426063122,0.009595238015039899,0.0,0.14588136649726077,-0.0008179112805786,0.0,-1.259566608169505,0.2815374086941704,-0.0003615110344078001,0.0657398463308129,0.0,-0.9692000708783004,-1.611441587819402,-0.9952665953774871,-1.164005822894856,0.0505979792941431,0.5293129790895729,1.310898023558976,-0.9994036123150889,-0.036312779090360695,-0.0727387100192526,0.004666271923154,0.0,-0.0070977625998371,0.003441635506165691,-0.0074190504004263995,-0.1440477626157027
0.2295570281796161,-0.03289194999110039,-5.596028969958036,0.0553299804981092,0.2443192944378211,0.1052052599449979,-0.4884817940467645,1.3153564504292408,0.0602766282785526,2.9764253454067555,-0.030255294496870866,0.0006846960968173,0.0005668258062214,2.1081105815123355,-0.0009712278535203,-2.399509898843685,-2.911785288611137,0.012757807727331899,0.41686119379036757,0.0038472049441646,-7.488271847374936,0.08433480588106756,-33.490962932688156,-0.14884468552229468,0.00020006018998290002,0.7784530560927957,-11.295987976351391,-4.0782925548119024,1.7669882723067531,-3.3155447345112288,0.0004130582636306,0.301713812531862,0.031783704247451805,-3.419309535178807,-0.1304994882543801,-10.647412576224772,-0.01698676804471988,-2.933325794863025,-4.313510357384774,1.4509171545042308,0.0343303338952693,-0.0024910512327807,-0.39548600090255864,-0.2212078354278179,0.029851312540486508,-0.04823372560735789,-0.002410431129272,0.0,0.0,0.0,0.1059465212267913,0.3352235003157922,0.0,0.0,0.0,0.0,0.0,-0.0019804279135873,0.0,0.0016001687782016,0.0,0.0,0.0,0.0,-1.6523254164997971,0.15904972881275858,0.0,0.0111208645251744,0.0,-0.7159398094288668,-0.2701601585103951,-3.5171765264589343,-0.1017688696495118,0.0054647064787176,0.1387520020564915,-0.42185864413927066,-0.0843292849697285,-0.0304604335504533,-0.027863673456775897,0.0,0.0,-0.0083128917015141,-0.0650740578669346,-0.0008860242862752001,-3.02994205381189
0.1330252074293962,-2.1772987851499543,-0.03415935927534,8.879330020827416,0.307050491701804,1.0342269761131688,-2.8755857286576756,3.2958459859760016,-4.242640775793481,-0.6142759086376866,-0.0025836913059397,-1.2654858891821144,-0.0357493474498351,2.3972594685625026,-0.5100404474321725,8.330448153507025,-0.015351336556289799,0.0,0.007544611224322599,1.6600602826581212,1.156030715250849,-8.322357079316445,-0.14884468552229468,-27.26961510448192,-0.1979253067028841,-0.026541311037625998,-5.451829465707613,-1.013442458078977,0.5650603533371227,-1.6705135970858502,0.0,0.3066424207467446,-0.1931291250168527,-1.05853055065214,-0.036502495654866005,-0.815556769614262,0.312680718380864,-0.9997407523399011,-0.33997497343324357,1.2945372354390923,-0.04953794588772149,-0.0046054968303389995,-0.07803708923192909,0.008150737291055796,0.027868567327698213,0.09053103763127249,-0.447988657980477,-0.0036601574812843,-0.0016611227957826998,0.0020781700798797004,0.029860281254884706,0.0276563954354236,-0.2453273666178667,0.0,-0.054485504690507,-2.363165484823812,-0.263328377754549,-3.864557695578956,-0.352678725875933,0.0,-0.13227802326434632,-0.220529721726741,0.011682385117310701,-0.0779793188031702,1.0551073269678257,0.0033051768708412,0.0,0.0,-0.0968356445951277,0.5905345905216766,-0.6607447782559974,0.7759959538375372,-22.255054795375084,-0.0049350934375236005,0.0,0.3509385832958157,-3.961786954502385,0.0006416898686933958,0.17038619722162862,0.0,0.0,-0.002546718752077598,-0.10353126910762529,0.0009040345550149,-0.31433637854812657
0.0,0.8661975172226364,-0.0025474996538904,0.0,0.0,-0.000864343261897,-0.0111166192676744,6.802289491019992e-05,-0.026339799563213584,-0.0021674287272352,-0.187990795022498,-0.0003386602915748,-3.5082166925081353,0.0,0.0,-0.0030700161760215004,-0.0014839382199917,-0.0157295261959529,-0.0066040282207280995,0.0,0.0005240677953534,-0.43080055232737796,0.00020006018998290002,-0.1979253067028841,-2.687778204305769,-0.17238164995181499,-3.0606211961191834,-0.0449678094332184,0.0010676324872179,-0.0004736929924896,-0.073748825609913,0.0115838563675701,-0.0009696862851543,0.6924423954932064,-0.0002641421457967,-0.15446717401976898,0.015566504985357,-0.2031421916851836,-0.027712251781785602,0.014919895837519601,0.18755853607180162,-0.4419595541467882,-0.059967161724781795,-0.1339427616047374,-0.11714337415360052,-0.0431495106537709,-0.030129272185479297,-0.0080859274854981,-0.40767382675280694,0.0,-0.03386390831961321,-0.0004000420542638,-0.0012849654266418,0.00021780978484089997,-0.0003641817631864,-0.0211347753946089,0.0022471452729118,-0.0089470352701784,0.0,-0.08755403890010732,-0.0006872284610807,0.27147555748795504,-0.001551586464108,-0.0004174990039761,0.0,-0.0028493869614121,-0.0223126361118273,-0.0368529189023604,0.0,0.0,0.0125505088699247,0.0,-0.0662209168163242,-0.5796785780393304,-0.47604039405488485,-0.6380270023739267,-0.0312874753614757,-0.0139206643434686,0.0,0.04247490010334917,-0.0167410109140897,0.0,-0.06811979526235429,0.0,-0.0069589414923406
0.22991526121684952,-0.6447790530159685,-1.3461640285865677,0.0,0.0026645276043729,0.0013842465094006,-0.6119939591279415,0.0177118385694004,0.009748508541796302,0.0082518346789064,0.34966946109814145,0.0,-0.105747746856628,0.34401849377181287,0.0,0.038046749087309,-1.98520763681399,-2.655603535212629,2.0171833097651763,0.0,0.24969040731211356,0.1882116752134729,0.7784530560927957,-0.026541311037625998,-0.17238164995181499,-21.269511955821322,-14.850762767614503,-0.020458448652374697,0.3871211735525364,-0.1637483974283294,0.4689639986986083,0.195751123166015,0.0234684495940489,2.155735041383784,-0.0260343623211607,-3.5846123017874163,-0.7275386970010378,-0.13733502628132488,-1.0056668173495007,0.31201994479938167,0.303831077884707,0.012074593582889502,-0.0223456038998964,-0.29479174084472254,-0.239057620998698,-0.026731319722782504,0.0,0.0,-0.028710227484592503,0.0,-0.1742233061548389,-0.11970572798630649,0.0,0.0,0.0,0.0,0.0,0.0,0.0,-0.1584878120223692,0.0,-1.1222162205340835,0.0,0.0,0.0,-0.3781594391490501,-0.0500440785296402,-0.3837001030888539,0.0,0.0,-0.0240105939447566,-0.0007915193665402,0.0,-1.0213661035975845,-3.627566655226226,-5.533820606081615,0.0,0.0,0.0,-0.3189973302116034,0.0,0.0,-0.008622721780200002,-0.0012117267161583,-0.32364491565578357
0.4972442673638101,-6.004852332491932,-6.84695124611679,0.384360721824701,0.078450264453033,0.0673438975011863,-0.5755264144393039,0.0999806842254903,0.3888428077904431,0.060642584383689,0.18969965819787005,0.0195276916794057,-5.002217235947693,0.5724611888180475,0.0027019211389362,-2.7364650457451516,-2.769873145779969,-0.44544363888866706,0.6592641281637519,0.0219933410660905,-0.31403850181781,-3.1839487425084227,-11.295987976351391,-5.451829465707613,-3.0606211961191834,-14.850762767614503,-34.848834855257564,-3.8726956309483476,1.0360525537098235,-0.25695068039702984,-3.720942485750192,0.4170344598995845,0.0396758353856111,1.7626740356866137,-0.0313768824017827,-6.263708954859363,3.3178476143032145,2.8246347853923055,-2.001705254270833,1.6995884414081623,0.4051372117725808,0.2746628675290027,-0.4776657757081899,-0.21291627152340498,-0.5220521612203934,-0.028125406430946298,-0.0010688199743080998,-0.000500467626332,-0.060730763643391694,0.0,-0.045373225025264086,-2.6514799638987085,0.0,0.0,0.0,0.0,0.0,0.0073418328586767,0.0,0.10784493642921533,0.0,2.0519022091930283,0.0,0.0,-1.553388298411123,-0.09132505637901533,0.4403764453803508,-0.28128084195452907,0.0,-0.048262091565275105,-1.545209087606274,-2.12257198201632,-0.0257530752485749,-1.845249396585968,-0.34081425349471317,-18.91591939793442,-0.0003465708254136,-0.0019610464466518996,-0.0005036895210945,0.14329587453226855,-0.0008021923023237,-0.0009325099024875,0.24650876836755942,0.0,-0.9826351497538737
1.6836915869946454,-0.038683377536263996,-1.9114629436769701,-2.550343311226589,0.6427040125684755,1.1495518216672076,-9.394265824464007,3.0506064644181996,-1.3143158539006623,1.8307176615214882,0.0015041637764241006,-0.5777027904872066,-0.0216141509564173,7.052095957667335,-0.0223460653174622,3.4428205664828315,0.05984837536988408,0.0004861443226997,0.032903161176381396,0.12509323550066007,9.883491396146317,-0.6836973487482474,-4.0782925548119024,-1.013442458078977,-0.0449678094332184,-0.020458448652374697,-3.8726956309483476,-12.560134252026728,6.821649526851999,-5.185216276244152,0.0,0.968549846703611,-0.5031178876463333,-2.5409393395428155,-0.0614811046369864,-2.078356834475997,0.1577512823549877,-1.6442292379316572,-0.6610742749876363,3.753827913158192,-0.004001280847887395,0.0,-0.3456716141948458,-0.029689414439124703,-0.0032824186412570002,1.8633203476799967e-05,-0.2512193642800555,0.0,-0.0060188775552521,0.0,0.0008875203784528001,0.0,-0.0363219826254029,0.0,0.0,-0.0796370801778015,0.0,-1.8192230950993722,0.0,0.0,-0.0346433210640011,-0.1827937263001964,0.0,-0.0186814152712871,-0.011724896524909906,0.0,0.0,0.0,0.0,-0.08998020011328309,-0.3997321436800201,0.0032609671723609,-5.182825014940058,-0.0043040637804697,0.0,-0.00020986706245870002,-0.5665734597510237,-0.034796612311202,-0.045222030844137104,0.0,0.0,-0.0059090439061474,-0.0362777442037497,0.0,-0.40961148761378857
1.3708876745502032,0.0268448371875622,0.1838193388418741,0.11894593973483471,0.0461960166252259,0.0730546931537918,-0.7417850516711149,0.143973407277962,0.18988467198457598,-0.012504951753581017,0.1213608997115125,-0.0016152266354966997,-0.00035477339294830027,2.481766961158155,0.0,1.662620290498054,0.08911016663755619,0.037384499369433104,0.15477386084989211,0.0144083253511389,5.889281295465011,0.2276993433082382,1.7669882723067531,0.5650603533371227,0.0010676324872179,0.3871211735525364,1.0360525537098235,6.821649526851999,7.406970086633665,3.648868678998269,0.007527471077593599,0.8590164261249544,-0.41636309101420266,2.524533248723443,0.005469023665183101,-0.042038922523783814,0.09013021248878679,1.3316664456676994,0.0493295196473615,0.2536579803766954,-0.004671030895995194,0.0003932404185203,0.16147288471960192,0.0268364563145798,0.0207099102477671,0.0164904743101671,-0.004710781443750501,0.0,0.0006347069413618,0.0,0.0374422511989042,0.0207408382382277,0.0,0.0,0.0,0.002244368403876,0.0,0.019999836687927798,0.0,0.0,0.0,0.0004865844843388999,0.0,0.0,0.2724998496020479,0.0021655992476325,0.0,0.0,0.0,0.5453785593701023,0.1834891439991975,0.0864555936910964,0.3200132958636302,0.0028974769629615,0.0062609165615298,0.1514138785272565,0.15460465856547562,0.0380834058652955,0.0728892034315105,0.0,0.0,0.0187429829868541,0.022747166896763798,0.0009497123497352,0.015295057168582003
3.674352488081562,-0.019108121228258602,-1.7379113048148231,0.0044400556947154,0.0034651183799206,0.0026140043157448,-3.138622798824585,-0.0448141623247125,-0.1248580694036308,0.19448846160568758,-0.2368648190451915,0.0,-0.0004443262798746,0.0758104766361723,-0.0004077762974916,0.407449264004434,-2.506694163720864,-0.0437205824404731,-0.8634143451296825,0.0,-2.428526109160444,-0.060570176842298394,-3.3155447345112288,-1.6705135970858502,-0.0004736929924896,-0.1637483974283294,-0.25695068039702984,-5.185216276244152,3.648868678998269,-25.259041171591164,0.0,0.0108295220817833,-0.5799320643993615,-5.207832805943413,-0.0338592642455256,-0.9595496970085621,-0.0102221148119819,-1.141834972610607,-0.3287883216784566,-0.003840170425508398,-0.0348224580029163,-0.0005584354512152,-0.1631054736445863,-0.019080636790230303,-0.0211456718509105,-0.0043287362337673,0.0,0.0,0.0,-0.001227364810239,-0.0034360898952764006,0.0031074027013213,0.0,0.0,0.0,-0.0068136300281073,0.0,-0.0751281561709634,0.0,0.0,0.0,-0.0024845762196848,0.0,0.0,-0.0171478226939911,0.0,0.0,0.0,0.0,-0.19894532335259812,-0.0699529322504958,0.0009983278957197998,-0.4498136679773862,0.0,0.0,0.0295490452197104,-0.3266013027887021,-0.024118889123807,-0.04156767961873,0.0,0.0,-0.0128233409538013,-0.031778350438432794,0.0,-0.2529983979937996
0.0,0.03593653887977989,0.0,0.0,0.0,0.0,0.0,0.003556094932378,0.0021449279370141,0.0,-0.12994929092840257,0.0,-0.5605772726547276,0.0026180500285627,0.0,0.0,-0.0019869011539717,-0.039118331981037396,-0.006217756368381199,0.0,0.0,0.0216318411779291,0.0004130582636306,0.0,-0.073748825609913,0.4689639986986083,-3.720942485750192,0.0,0.007527471077593599,0.0,0.20413980968004963,0.08556323977651101,0.0,0.911045542822571,0.0,-0.0212498594753662,0.006425406291444724,-0.07935735070597216,-0.020852243970590392,0.008902531855950802,0.1512058426105585,0.2563476455518753,-0.0041508110008594,-0.0258686469848067,0.0003966930355228,0.0011484707863995002,0.0,-0.0006686394660518,-0.014941430236364801,0.0,-0.008526211047880997,0.0,0.0,0.0,0.0,0.0,0.0,0.0,0.0,0.0772478544092618,0.0,-0.4717642584383126,0.0,0.0,0.0,0.0,0.008379196552738,0.0008730431683342,0.0,0.0,0.0,0.0,0.0,-0.16150526823758393,-0.07605886177417842,-0.010897589022858992,0.0,0.0,0.0,0.046877244921499694,0.0,0.0,0.009422330717208199,0.0,-0.0011731600182043
0.0339172430260488,0.0202519473900479,0.0817307880099837,0.0645084421117439,0.0459859712458019,0.2422682044234462,0.0292612741723379,1.482714728667461,0.1071834824035695,0.0747859705372832,0.1543373556167584,0.0004370222089036,0.0405344555820338,0.5680744709510218,0.0,0.3224011631250377,0.0094087493057695,0.0236913781855645,0.025303323534042,0.0056205265023965,0.6587765646871147,0.0812851497812967,0.301713812531862,0.3066424207467446,0.0115838563675701,0.195751123166015,0.4170344598995845,0.968549846703611,0.8590164261249544,0.0108295220817833,0.08556323977651101,1.5701554186189497,0.0136557723122138,0.5455850981339675,0.0233553363960275,0.2728103494572346,0.4840796498515837,2.8729048377998856,0.55236203724172,0.3872700435595301,2.550813376223725,0.28274491379350747,0.011458931574416,0.0118959351230374,0.006011703074044,0.0028364569977194,0.0010530576231044,-0.000735823749615,0.0020836221907215,0.0,0.0232279837409306,0.0141937187621202,0.0,0.0,0.0,0.0,0.0,0.0366096387871745,0.0,0.0086326279741856,0.0,0.0147596210999571,0.0,0.0,0.0250218920814874,0.0033287936513107,0.0,0.0003403981881691,0.0,0.0,0.0714752711106514,0.0013994065961721,0.0189761967748715,0.0115236938246701,0.0204583199112668,0.1058454264636974,0.0,0.0016757940282154,0.0,0.0009042994892462,0.0,0.0,0.0021402496371465,0.0030289651100372,0.087867029156564
0.030635182943398502,0.0008700386888218,0.0004579393892158003,0.0,0.0,0.0,-0.3424870209603712,-0.0090862072434684,-0.0132220489189162,-0.0153394313806079,4.0491155037300844e-05,0.0,0.0,-0.0005702895759156987,0.0,0.0273056601703395,0.0076206013092806005,0.0017393213164833001,0.0013821785548794006,-0.0003903520983715,0.0037302853423615,-0.0001715513228246002,0.031783704247451805,-0.1931291250168527,-0.0009696862851543,0.0234684495940489,0.0396758353856111,-0.5031178876463333,-0.41636309101420266,-0.5799320643993615,0.0,0.0136557723122138,-1.9482640574084717,-0.5794126155781139,-0.0020199538151393,-0.0518057410055573,-0.0010157532532553,-0.1228360644490771,-0.0255498153403806,-0.0009069177458554,-0.0014245701985684,0.0,-0.00784034976174,-0.0007267891672299,-0.0012636997654078,0.0,0.0,0.0,0.0,0.0,0.0016711721965899,0.0011019388068942,0.0,0.0,0.0,0.0,0.0,-0.0184040116873792,0.0,0.0,0.0,0.0,0.0,0.0,0.0008196638769629001,0.0,0.0,0.0,0.0,-0.0201171241994968,0.000668399632892,-1.3150965924300039e-05,-0.037548758849232,0.0,0.0,0.012108061799912,-0.0175106779227373,0.0,-0.0018102885824822,0.0,0.0,0.0,-0.0030822253413262,0.0,-0.0180948513611356
0.6301647190440284,0.2676423730877236,-0.1602393123460456,-0.019273102876158396,0.0044626286422843,0.0090596507059641,-2.4490800768683654,-0.2225637663251,-0.1386501067992073,-0.3534430458474464,-9.908537107996999,-0.0065418465261919,1.501512620957885,0.16497509178864483,0.0065956016919224,0.641660665685078,-3.8782698755816942,-0.6197361105825613,-1.1010652321278056,-0.003928800547818301,-5.03552108518021,0.24057435731447357,-3.419309535178807,-1.05853055065214,0.6924423954932064,2.155735041383784,1.7626740356866137,-2.5409393395428155,2.524533248723443,-5.207832805943413,0.911045542822571,0.5455850981339675,-0.5794126155781139,-6.190313624062437,-0.090824492563027,-1.8523344292353854,-0.24618784047631959,-1.375038204515251,-0.35657642838101533,0.09067446852036348,4.253528408022734,1.338986431369472,-0.026961486928243197,0.009001498795984601,-0.0003109528441845033,-0.017190325904652602,0.003075013721853901,-0.0089634801861148,0.013410369870787399,0.0005261254570182,0.1069412638141935,0.0211581980022707,0.0,-0.0008570849269681,0.0003058839073062,0.0273719584675522,-0.0027730304994665,-0.0887738854344008,0.0,0.24800948994816688,-0.00026370383858170007,0.20818585716298402,-0.0034508924131050997,0.0,-0.0052669067783932995,0.062914439933545,-0.001725164450933,0.0010633734064917997,0.0,-0.049215743488577705,-0.013196731093744397,0.0022060120796254974,0.0007658469467795026,0.0300387355226773,0.0309696684855396,0.2142966768841364,-0.025556439683664903,-0.0122507575054548,0.0238820836104058,0.0279769266324591,-0.006875542745369701,0.002428994652518,0.039207300200255105,-0.026188024760271898,-0.40829049917503724
-0.0006992339843041,-0.0139436755427899,-0.019791196811689497,0.0,0.9701853770822266,-0.45495004397223204,-0.0750789819482631,0.1260809248196057,0.0101902922197976,-0.0222585081287863,-0.0249828942509088,-2.507895459177945,-0.0048885095510931,0.0064434363089381,0.7098010708265964,-0.0083622081707593,-0.0066159143010963,-0.0043756590664938,-0.01395827780622,0.0,-0.0722250344966615,0.00044754922998919977,-0.1304994882543801,-0.036502495654866005,-0.0002641421457967,-0.0260343623211607,-0.0313768824017827,-0.0614811046369864,0.005469023665183101,-0.0338592642455256,0.0,0.0233553363960275,-0.0020199538151393,-0.090824492563027,38.99302061228576,-2.262228881241537,-0.031101669147643285,-0.4153902055656941,-1.3882883068402745,5.891212318967994,-0.025986595103911714,-0.0205707526486458,0.7035258702877792,0.03831850111515389,0.0769180985846818,1.4567263494417155,0.08933815900428921,0.0549939666631494,-0.0025068082286517,0.0,-0.0021325268832434,0.0,0.0,0.0005379820297729,-0.09358429324795864,0.0,0.0007885345795496,-0.0011317465830746,0.0140463429513349,0.0008967371313518,-0.014470651261339174,-0.017467909462457,-0.0006190966606908,-0.0034789946269014,0.0,0.0,0.0,0.0,0.0,0.005000890153407701,0.0015721534134173001,0.004346646490088899,0.0,0.0,0.0,0.0007626416705065,0.0,-0.0022286022524164,0.0011257953685093,0.0,-0.0020335815977583,0.0,0.0613696832430751,6.8906222139219295,4.744778056871127
-0.0110563628062606,-0.4930374217130953,-2.195817575993765,0.0595241818253263,0.4025258576497605,2.005720642308721,-2.4295062554543945,3.3704643816506983,0.3911830880030645,-0.2170604755255332,-0.9307356176969583,-0.0178330194380948,-0.3887744519973661,0.01942537057001892,-0.0033022768314425006,2.630385879545868,-1.4762004017789814,-0.9296231158847534,-2.1356612548538827,-0.0037705317334330996,-3.350018043601223,0.5797364714662601,-10.647412576224772,-0.815556769614262,-0.15446717401976898,-3.5846123017874163,-6.263708954859363,-2.078356834475997,-0.042038922523783814,-0.9595496970085621,-0.0212498594753662,0.2728103494572346,-0.0518057410055573,-1.8523344292353854,-2.262228881241537,-0.45989726786601715,14.915285696246553,-4.344298373531294,-0.9126492064361242,1.0939136840317105,-0.2115260914628585,0.017694950687644817,-0.0737258992661417,0.12629596780630928,0.07921449653072182,0.13184936564138489,-0.1795984090547669,0.0034853571632413993,-0.0164076964288936,0.0,-0.02108996948826511,0.406464656534518,-0.0005077693608187,0.0009524186476852,-0.0040523025602088,-0.14627032078757862,-0.0307779034905607,-0.1128434582384175,-0.0400191209100506,0.0035210791569598,-0.0211563913681458,-0.2654831328251841,-0.0045684942455568,0.00025911387744409996,0.9235659528438132,0.1188303739154792,0.0032000584180766,-0.0009391010674667001,-0.019743634014771,0.1863574251746848,0.2808166020465198,0.8284697891484926,-1.5028364332557271,-0.0353717078453029,0.015008394721143181,-0.19251029774642214,-1.3626269994394686,-0.049702305917488296,-0.12072562781056889,0.0,-0.005785752634444001,-0.020175867755809096,-0.005771362011142908,-0.40879161700909966,-2.831370882261095
0.0034912284839433,0.1441557574737752,0.17175626182326886,0.0066204534627886,0.278798638430663,0.2315703846185461,-0.0432981189785742,0.29094863654734227,0.27755787793851666,0.0118214625980343,-1.3913800681821427,0.0,-0.43025411013947723,0.0592774615891044,0.0017183135353505,1.245606090003377,-0.1392046268161254,-0.7238283324761836,-0.4225070091574167,0.0002596715616459,0.6391642415267867,0.6430610990121044,-0.01698676804471988,0.312680718380864,0.015566504985357,-0.7275386970010378,3.3178476143032145,0.1577512823549877,0.09013021248878679,-0.0102221148119819,0.006425406291444724,0.4840796498515837,-0.0010157532532553,-0.24618784047631959,-0.031101669147643285,14.915285696246553,1.5026416697084535,-2.5511614987930518,3.6290218302955326,5.320788538121771,2.3400869773795288,-0.19299061954977093,1.1128211586114412,0.4846657992654521,0.6242956725661424,0.5025539236346581,0.007703163935483899,-0.0022899113139714994,-0.0227985913596222,0.0,0.1546385008386916,1.0457984870550785,0.0,-0.0004662438200608,0.0,0.0002515586383902,-0.0019022558620338,0.0050355634187683,0.0,-0.0213189993068537,0.0,0.49122931204529735,-0.0026461540993726,-0.0008445881046768,1.412898057999962,0.951130676730824,0.0805968397240505,0.2697445987476072,0.0,0.3842826638012727,0.23746494312715727,2.22223740389413,0.1574684894643367,0.1657959017792911,2.4372267473607256,4.419516495761282,0.1009263268943849,-0.005842940527262999,0.0278522277822775,0.1296027132587711,-0.0101559517923807,0.0049077717642473,0.25564618934718075,-0.046731206023953295,-0.13234503459491953
0.1024130059984648,-0.2076309384891225,-0.29724398627904614,0.0087322688002664,0.2155010195819699,0.031491835193734496,-2.484936748140405,0.5348670405517737,0.031105657846191986,-0.3429856439942359,-6.496410740247064,-0.004913919710876,-2.1158382132084137,0.24928884370997023,0.000803146555344,3.414730415684377,-1.0848069429264162,-2.7363377225834373,-2.6426697462822366,-0.0017406324024027,-0.7533410241143352,1.1543334397704303,-2.933325794863025,-0.9997407523399011,-0.2031421916851836,-0.13733502628132488,2.8246347853923055,-1.6442292379316572,1.3316664456676994,-1.141834972610607,-0.07935735070597216,2.8729048377998856,-0.1228360644490771,-1.375038204515251,-0.4153902055656941,-4.344298373531294,-2.5511614987930518,-1.4364714906642062,-3.431971090050489,1.2215494884811717,0.8008207013119132,1.3058540510519623,-0.12881140475478603,0.1800760130187346,-0.2860496315410745,-0.030130248268263382,-0.0688902934834016,-0.040330851566090106,-0.0672140834530577,0.0,0.4056335778663507,0.3868482430461475,0.0,-0.0056546714400915,-0.0014193663224204,0.0,-0.0082479497284357,-0.0885670348784377,0.0,0.004769235386268791,0.0,-0.166008629787734,-0.0218404526862209,0.0,0.0639447754838127,0.2211087809806934,-0.0016237506771185004,0.008442471583742103,0.0,-0.1441650632671338,0.14082478935969442,0.06393993409699089,-0.3804706379660413,-0.006736106793857999,0.5808276451762073,1.6992687107897106,-0.0976497376388722,-0.076212227845412,-0.0113844487082136,0.006578584281508999,-0.0719683768187731,-0.0029427629520299,-0.0046725286099423,-0.0665259001734723,-1.7459311765012606
-0.0092949612049432,-0.2552350368104069,-0.6797212591629525,0.0094762961679752,0.6955403262827442,0.0166376910525937,-0.7240634595424628,0.1926366630939002,0.0419571905646086,-0.0244507723459118,-0.669919300457352,-0.0032380071698886,-0.2552032679400263,-0.0449697048282285,-0.0009714630148278,1.0199488391169722,-0.7097063393085979,-0.824702319433386,-1.4391011978373922,0.0,-1.0169842766634503,0.2736435151599958,-4.313510357384774,-0.33997497343324357,-0.027712251781785602,-1.0056668173495007,-2.001705254270833,-0.6610742749876363,0.0493295196473615,-0.3287883216784566,-0.020852243970590392,0.55236203724172,-0.0255498153403806,-0.35657642838101533,-1.3882883068402745,-0.9126492064361242,3.6290218302955326,-3.431971090050489,-0.10441123555584575,6.1826262014884446,0.9810761576210486,0.08886773242811838,-0.0120336818939549,0.06364487879592881,-0.18260728240887514,-0.2386826983800002,-0.0604585994809706,-0.0427584101434661,-0.0126727282039039,0.0,0.02670082348694941,0.09001097688091791,0.0,-0.0022695308885158,-0.006557149893404,0.0,-0.0092467227990576,-0.0110784417490431,0.0,-0.0059931709671675005,-0.0017819808994464,-0.0746030801887877,-0.0228166467350634,-0.0008050136553343,-0.020576844273869396,0.053600943200552094,0.0026659321165871,0.0018304604297975022,0.0,-0.0526976517524674,0.033996125543812095,-0.0259316436723665,-0.1194680807786732,-0.049082486298573896,0.1436562633468731,-0.2409908388488915,-0.0293300284557464,-0.0760834964992268,-0.002385562620081,0.008425690128085,-0.062149107308634904,0.0,0.016663185507612997,-0.6980848029649632,-10.586202678845689
0.0074396118632354,0.0573559006518429,0.5283672882630934,-0.11179033095442589,1.7795868800922678,0.861021762362094,-0.09825999735903121,1.2752495035555855,-0.008044539238804438,0.039244476859149,-0.0307150277652617,-0.2252032738194398,-0.009834899712779798,0.0702483391777169,2.895111880732052,3.8702639205109,-0.011683636623466399,0.0052182923854903005,0.0133477641701382,-0.012799892740949892,5.467516594300045,0.6963605805519502,1.4509171545042308,1.2945372354390923,0.014919895837519601,0.31201994479938167,1.6995884414081623,3.753827913158192,0.2536579803766954,-0.003840170425508398,0.008902531855950802,0.3872700435595301,-0.0009069177458554,0.09067446852036348,5.891212318967994,1.0939136840317105,5.320788538121771,1.2215494884811717,6.1826262014884446,0.06639546353963821,-0.13141684930321873,0.1167065761636289,0.3830532562516395,0.1597314142017321,0.0299002397800506,0.3686712926506519,-0.006008733096983,0.0082252304572106,0.0028496723783566,0.0,0.0610546468850917,0.0217589923724813,-0.01780155027588269,0.0013517220203886,0.007150157081724199,-0.0038646684136841,-0.000853085175502,0.08368498943656649,-0.03439334176764508,0.0060296741661858,-0.017819889664011497,-0.0052931671042734,0.0,-0.0003780881870403,0.3771363849875032,0.0065517963834167,0.0,0.0014308784503069,-0.0254324362941741,0.1751108090867678,0.619496167030818,0.0582248807406778,0.2256761635328258,0.0028564342291712,0.0097941445364964,0.2470479201860018,-0.025381409820366296,0.0275679045155519,0.0261889367524153,0.0,0.002584386171116,0.0124294543513516,0.0563543672067774,1.5264415640090312,1.4072063378204445
0.0007870113802825999,0.11161919627042009,0.014971611603446799,0.0081167073718348,-0.3057186860021437,0.1219464370827562,-0.2446478362779044,-0.05352114951715825,0.006307834438812401,-0.0241228858448657,0.6110747695680864,-0.0039148708923232,0.4678718064454907,0.04794123139884881,-0.0042369357022234,0.07046487033573169,-0.0027255382438738,0.0427667619211215,0.0083303595847203,-0.0006914675411316,0.1108883618780937,0.0563800636686206,0.0343303338952693,-0.04953794588772149,0.18755853607180162,0.303831077884707,0.4051372117725808,-0.004001280847887395,-0.004671030895995194,-0.0348224580029163,0.1512058426105585,2.550813376223725,-0.0014245701985684,4.253528408022734,-0.025986595103911714,-0.2115260914628585,2.3400869773795288,0.8008207013119132,0.9810761576210486,-0.13141684930321873,-0.36379667761799706,4.169944908172104,0.0284125705594763,0.0232718456939326,-0.0250821814368444,0.07380310104773259,0.0030506810359669997,-0.0058081935151146,0.0148908987296374,0.0,0.0073013915145349,0.0005269429410065,0.0,0.0012431070972371,-0.0005642769111372,0.0,0.0,-0.001084678284861999,0.0,0.113825791494842,0.0,0.1097803121481242,-0.0035092791999786,-0.0002965445168313,-0.0006080787602242999,0.0,0.0,0.0,0.0,0.0016708351278348,0.0072375499748882,0.0008719495226128,0.0008723758428996003,0.0243704863620675,0.0181134695049245,0.0084288156063762,0.0009229485788104,-0.0061412876176851,0.0,0.0135811946664602,-0.0036352908308524,0.0,0.019459834181426203,0.040772581316690905,-0.2363478884736417
0.0,0.2952343763248475,-0.0020887774768127,0.0019988160470258,0.0015170856817997,0.0072007247401691,-0.0025806498207277,0.009698267304947399,0.026126453296986,-0.0009106071502986,-1.122554460832433,0.0,-3.291511631080371,-0.0014176294705691003,0.0053918184414498,0.0010905121517246,-5.248937104220002e-05,-0.0115391046401781,-0.0045884457319741,-0.0005023961339033,0.0013336708766893,-0.002110720175487704,-0.0024910512327807,-0.0046054968303389995,-0.4419595541467882,0.012074593582889502,0.2746628675290027,0.0,0.0003932404185203,-0.0005584354512152,0.2563476455518753,0.28274491379350747,0.0,1.338986431369472,-0.0205707526486458,0.017694950687644817,-0.19299061954977093,1.3058540510519623,0.08886773242811838,0.1167065761636289,4.169944908172104,-0.23711228700299158,-0.027296534726665097,-0.07999322548138581,-0.0456000673345098,-0.039315008191481905,-0.015155934456374,-0.015419015520254402,-0.33045007359641376,0.0,0.017087165227406498,0.0,0.0,-0.0015299014891832,-0.0015835533192259,-0.0004085524664345,0.00017312230884129992,0.0003971505122665,0.0,0.24306746556702796,-0.0015063832193591,-0.044766114633254916,-0.0045435891441144,0.0,0.0,0.0,0.0019225367993773,0.0,0.0,0.000864573750134,-0.0024315528785633003,0.0,0.025311002679299702,0.0255030579289494,0.0361072726890151,0.034372684121237,0.004138966802755099,-0.000759309725676699,0.000664992614271,0.041790899720961,-0.0110543036231746,0.0,0.028483058163548403,-0.0120549569270753,-0.0781540149765191
0.0236707238293443,-0.23778780727814922,-0.1906202724668401,0.3783393513967918,0.0206345037686744,0.5204323930815681,-0.1845142681334641,1.190868133415674,0.1698125356307556,-0.0041913287290118,-0.0055978568300310005,0.0342033707647325,-0.0426410960523653,0.2037368267445805,0.0042879700366601,0.43072216554032183,-0.0276237266979608,-0.000414743212427,-0.0004958585430353,0.0962330337552094,-0.35641177690396997,0.2610284881130205,-0.39548600090255864,-0.07803708923192909,-0.059967161724781795,-0.0223456038998964,-0.4776657757081899,-0.3456716141948458,0.16147288471960192,-0.1631054736445863,-0.0041508110008594,0.011458931574416,-0.00784034976174,-0.026961486928243197,0.7035258702877792,-0.0737258992661417,1.1128211586114412,-0.12881140475478603,-0.0120336818939549,0.3830532562516395,0.0284125705594763,-0.027296534726665097,3.819537177622899,3.0330566081329273,1.3718103354197462,1.7305565325274674,-0.41842871963464123,-0.8678034656487597,-0.313417330497787,0.0658719124863559,0.23141754688256289,-0.08993347511794081,0.013062235085609997,-0.07179730913331006,-0.021037024529163006,1.3493165169017383,0.33629299083908537,-0.18039540651994734,-0.6097778327174148,-0.0609404499770958,-0.15163105355340142,-1.8230074851117393,0.6592117240069729,0.0207912776811896,0.9597202267148892,-0.3489520709427887,-0.023248184369904168,-0.7184573127654597,-0.037297667967021,2.447943458153625,0.8180300165133312,2.6351717120347082,0.4424337855117706,-0.001791994716189002,-1.1684145555429035,-1.0619642198306654,-0.34103663383772087,0.21562514337841598,0.24041586823494088,0.000584767680929299,-0.14744562868621292,0.1423713961439628,1.5244831087532897,1.3238893566064998,2.3402484757205047
0.000361460389924,-0.05268794533880128,-0.12739469401734901,0.0,0.0159376819694731,0.0149455379656292,-0.0012254640703477,0.0125445932886506,0.0443661523907725,0.0,-0.1050552730635265,0.0,-0.3492333245257642,0.0041205733792743,0.0034801445199832,0.1268391389368501,-0.0560006194284937,-0.0056239487643385995,0.0412646432112734,0.0004401662923933,0.023401285955368112,0.11578398530885972,-0.2212078354278179,0.008150737291055796,-0.1339427616047374,-0.29479174084472254,-0.21291627152340498,-0.029689414439124703,0.0268364563145798,-0.019080636790230303,-0.0258686469848067,0.0118959351230374,-0.0007267891672299,0.009001498795984601,0.03831850111515389,0.12629596780630928,0.4846657992654521,0.1800760130187346,0.06364487879592881,0.1597314142017321,0.0232718456939326,-0.07999322548138581,3.0330566081329273,-0.21012181030630606,-3.23758432691557,1.6733400692877725,-0.07371950318865861,-0.046670839395253794,0.06478344968182714,0.0021185149067524996,-0.1450906964142269,-0.3718256021760301,0.0,-0.0086689192872627,-0.0057595724037082996,-0.1664711907165522,-0.015446855322601998,-0.034663284395500205,-0.011264646031174901,-0.5602576044010767,-0.0031754911546052,-1.0503702461642188,-0.026570221186017998,-0.0039562641447994,0.06378383300376159,-0.38711779073691255,0.587282588318315,0.05112804131961046,0.0,-0.11817538037768305,0.03346604729901781,-0.6819595915458703,-0.009746012404985405,-0.08831339525005394,-0.533420277778939,-2.5657597107940697,-0.2326421014603358,-0.07696013491120349,-0.181089651717172,-0.03869777918850614,-0.0428736184367656,-0.0105197602092879,0.1808275528685782,-0.11871733186713257,-1.1703868074458081
0.0,-0.16219030729924677,-0.19294811739683487,0.0087131634024437,0.0048309970617352,0.0290670380584795,0.0,0.0549828624447726,0.017181098156203722,0.0,-0.013880449738715397,0.008377230760903801,0.013122326693231878,0.0042927848907972,0.0003056739791308,0.543275829423656,-0.036754961683349394,-0.0008935903904096,0.0190856873777607,0.0052428227023185,0.094627192454841,0.22733740766750304,0.029851312540486508,0.027868567327698213,-0.11714337415360052,-0.239057620998698,-0.5220521612203934,-0.0032824186412570002,0.0207099102477671,-0.0211456718509105,0.0003966930355228,0.006011703074044,-0.0012636997654078,-0.0003109528441845033,0.0769180985846818,0.07921449653072182,0.6242956725661424,-0.2860496315410745,-0.18260728240887514,0.0299002397800506,-0.0250821814368444,-0.0456000673345098,1.3718103354197462,-3.23758432691557,0.6077656461078789,-1.4740933112864272,0.11696724464508096,0.10508251144088679,-0.6627582029705978,0.0700801713155563,0.23666216398913836,0.1468024188047221,0.023431753347778098,0.0013331984908988986,0.135785887468846,0.5890344645408598,0.4337272806878113,-0.10114790979151461,1.061565778844208,0.9495653985247001,0.04983806218235398,-2.154053983550318,1.067400560532565,0.016645515527417002,0.41212411269449,-0.4296438282877637,0.5075071449315232,0.758114997331548,-0.0145812718423735,0.7364399548569827,0.4140183471923658,1.2905711060888283,0.3413743190243572,0.11037874342887746,0.006014248412204104,-0.23824101100902162,-0.006279225805598365,1.3002288607970884,-0.44038119350828886,-0.04432156938245346,0.4687836264352969,0.07445319517071361,3.3096597119973468,0.1182229016875562,-0.07945746007642462
0.0,-0.026030943011223107,-0.0708866344029546,0.002523431431147,0.0138231362444777,0.0085006602083757,0.0,0.017804571008034002,0.0573628019799387,0.0,-0.00994696645697,0.0008234574370404,-0.015172974460512599,0.0026238866236744,0.0,0.19490855829496892,-0.0064964032727642985,-0.0028261809703307,0.0073408563692297,0.0,0.026714015413615903,0.09837404579756892,-0.04823372560735789,0.09053103763127249,-0.0431495106537709,-0.026731319722782504,-0.028125406430946298,1.8633203476799967e-05,0.0164904743101671,-0.0043287362337673,0.0011484707863995002,0.0028364569977194,0.0,-0.017190325904652602,1.4567263494417155,0.13184936564138489,0.5025539236346581,-0.030130248268263382,-0.2386826983800002,0.3686712926506519,0.07380310104773259,-0.039315008191481905,1.7305565325274674,1.6733400692877725,-1.4740933112864272,-0.208831530508078,-1.6630257855051007,-0.09653073331425177,-0.019047405773735107,0.001564810490733001,0.1479596870247464,-0.14132596563531918,-0.0018431494267120998,-0.0036572474355914,-0.0286245060717106,0.012848130360708199,-0.017393628792297,-0.007399778923632999,-0.0038176250744543228,0.11373182548846172,-0.0150591301688814,-0.8631799520142684,-0.028701548999747,-0.0053114570040618,0.14608438124471101,-0.20965372992492615,0.1959134986036496,0.41890846959863826,-0.0008450116064696999,-0.4596590706192183,0.1982131591638923,-1.1422305341860617,0.10944393006617814,-0.010373061851493698,0.615341263899303,-0.272997849221567,-0.24828431032890874,-0.1309811213153874,-0.34194177516969715,-0.012342312427821606,-0.015037482968200802,0.0017517062928645993,0.6898340482319341,1.9691355290621126,-2.3685889410659
0.0,0.0012160083638016,-0.0004555885454863,-0.3345562094360899,0.0008770515779945,0.0033746020604205,-0.046535989483815,0.05234798955801429,-0.1076213151971379,-0.3172418041634216,-0.0013225188429668,-0.019926391016847303,-0.0607081845599281,-0.0065139745929106005,-0.00015052842452680014,-0.0036557194889562,0.0,0.0,-0.000959344331276,-0.0241715814844116,-0.001226811546247,-0.014212156992376698,-0.002410431129272,-0.447988657980477,-0.030129272185479297,0.0,-0.0010688199743080998,-0.2512193642800555,-0.004710781443750501,0.0,0.0,0.0010530576231044,0.0,0.003075013721853901,0.08933815900428921,-0.1795984090547669,0.007703163935483899,-0.0688902934834016,-0.0604585994809706,-0.006008733096983,0.0030506810359669997,-0.015155934456374,-0.41842871963464123,-0.07371950318865861,0.11696724464508096,-1.6630257855051007,-3.0543602485728103,-1.4238363168065347,0.1522829063413307,0.0017587437543322,0.015324923439628997,-0.0126033536474155,-0.11735494028566262,-0.90604836005663,-1.1373154893054853,0.014785758586313313,-0.21941050643512217,0.317542523446007,-0.4691058322538928,-0.0695453215960674,-0.3601594201455032,-1.0073628474161735,0.048565957271566096,0.4441056989522423,-0.008972014876714,-0.030843815366949898,-0.0170717564648606,-0.0171242362495305,-0.19341336917304763,-0.32131698102480666,-0.028614493065968298,-0.44113002435912185,-0.4931501714965435,0.027509528692803396,-0.022697441068174302,-0.1197964847152529,-0.49624022845224985,0.10542896211242136,-0.1086004477664881,-0.0028187343216719,0.4776013600583142,-0.0014238004862973,0.7790432331172628,0.19945148997104759,-0.19632892683573458
0.0,-0.001932531574368,0.0,0.0,0.0004929867279131,0.0004349408563393,0.0,0.0007833725458403001,-0.0093674822365744,0.0,-0.0034028735654394,0.0,-0.0061833053046314,-0.0021400802949805,0.0,0.0,0.0,0.0,0.0,0.0,0.0,-0.0021254392532417,0.0,-0.0036601574812843,-0.0080859274854981,0.0,-0.000500467626332,0.0,0.0,0.0,-0.0006686394660518,-0.000735823749615,0.0,-0.0089634801861148,0.0549939666631494,0.0034853571632413993,-0.0022899113139714994,-0.040330851566090106,-0.0427584101434661,0.0082252304572106,-0.0058081935151146,-0.015419015520254402,-0.8678034656487597,-0.046670839395253794,0.10508251144088679,-0.09653073331425177,-1.4238363168065347,-0.3045765365709241,-0.054619465811945794,0.0003194907628823,-0.006007770652171,-0.0001619879980254,0.0011907304818511,0.6342756189906313,-0.07635464293544521,-0.06902565079510709,-0.012713719371625576,-0.08938691996219451,-0.09027066524518812,-0.0887515132935592,-0.056779906888297996,-0.7601129505519858,0.0292707909892624,-0.1222653831618069,0.0,-0.0021755363554518,-0.0065810636992119,-0.0016517949211810002,-0.0042345718108459,-0.0186145901377349,-0.0016685410552660998,-0.0121592328278603,-0.1304280307176835,-0.0011027591191432005,-0.0018155855766977987,-0.0022276116667946993,-0.20072703567035233,-0.09049014377341624,-0.0610100558851705,-0.002113965316891,1.9685215753191625,-0.0023117027858084002,1.6611949326992668,0.3076426373775449,-0.5055686030977242
0.0,-0.030387236283001003,0.0,0.0002574948362398,0.0,0.0054172060339656,0.0,0.0135332230867499,-0.005905974142486599,0.0,-0.10468187791846659,0.0,-0.2087580442220268,-5.532523659239992e-05,0.001653346579015,0.0,0.0,0.0,0.0,0.0003004627471723,0.0,-0.010130296793671799,0.0,-0.0016611227957826998,-0.40767382675280694,-0.028710227484592503,-0.060730763643391694,-0.0060188775552521,0.0006347069413618,0.0,-0.014941430236364801,0.0020836221907215,0.0,0.013410369870787399,-0.0025068082286517,-0.0164076964288936,-0.0227985913596222,-0.0672140834530577,-0.0126727282039039,0.0028496723783566,0.0148908987296374,-0.33045007359641376,-0.313417330497787,0.06478344968182714,-0.6627582029705978,-0.019047405773735107,0.1522829063413307,-0.054619465811945794,-0.48830337611549224,0.0,-1.1373712022407856,0.0,0.0,-0.0079223092882258,-0.008186752865750699,-0.006261140150864,-0.03438085694214,-0.0573880487903002,-0.0106938462712396,-0.8574457807748408,-0.0083837946990799,-3.0684210332901234,-0.019791217260919203,-4.146715443420013e-05,0.0051327820082727,-0.0016179606694601,-0.030997826577949802,-0.0039964820820708,0.0004766732546659,0.054508220313151494,-0.5033150526974459,0.0017611316406957993,0.0775232168729734,-0.7630898893913081,-0.019990454164982796,-0.0310338144559026,0.0019314203475596994,-0.02117857805681808,0.0083230035033497,0.006281123343966008,-0.023686892467945586,0.0034359984691754,2.2198870767319665,-0.0102081702565543,-0.0519575613058497
0.0,0.0,0.0,0.0017101134901614,0.0,0.0021838941225665,0.0,0.0090708178955094,4.7714862358099776e-05,0.0,0.0,0.0014931019621978,0.0,0.0,0.0,0.0,0.0,0.0,0.0,0.0,0.0,0.0,0.0,0.0020781700798797004,0.0,0.0,0.0,0.0,0.0,-0.001227364810239,0.0,0.0,0.0,0.0005261254570182,0.0,0.0,0.0,0.0,0.0,0.0,0.0,0.0,0.0658719124863559,0.0021185149067524996,0.0700801713155563,0.001564810490733001,0.0017587437543322,0.0003194907628823,0.0,-0.0380682997705204,0.0,0.000523762757344795,0.0005305023202182,0.0,0.0021164053061409,1.0255620671208785,0.2381851232906138,0.0056947315652795,0.0167906520038168,0.0019132653769852001,0.0,-0.0007472532642633,-0.8862194090333126,0.0007578087537514,0.0,0.009831242052184386,0.0,0.001061686104949,0.0,-0.00018121541048508882,0.0034656869789129,0.11083677275090209,0.0440508444177314,0.0003081989659801,-0.00025811124945650027,0.0013067358112290998,0.0248501859664104,-0.5596577542765901,0.40842102134168945,0.0,-0.0011065138981616002,0.0136584647800446,0.06541368746119759,-0.0021320681338439,-0.0023550038798491003
0.0177832302912205,0.19804405079812437,0.004887331766072908,0.0040808073778181,0.0024951845333297,0.0025147424238977,0.0045228484093534,0.0024204410512803,0.031871960045841294,0.0,-0.007627970967550593,0.0,-0.05933181467542986,0.0331750076703951,0.0,0.2085228473497011,0.03140533236690671,-0.0045422426070563,0.0640895353957394,0.0,0.0336360101348906,1.0409341039032172,0.1059465212267913,0.029860281254884706,-0.03386390831961321,-0.1742233061548389,-0.045373225025264086,0.0008875203784528001,0.0374422511989042,-0.0034360898952764006,-0.008526211047880997,0.0232279837409306,0.0016711721965899,0.1069412638141935,-0.0021325268832434,-0.02108996948826511,0.1546385008386916,0.4056335778663507,0.02670082348694941,0.0610546468850917,0.0073013915145349,0.017087165227406498,0.23141754688256289,-0.1450906964142269,0.23666216398913836,0.1479596870247464,0.015324923439628997,-0.006007770652171,-1.1373712022407856,0.0,0.7088646425943059,0.11460133968928861,0.0,-0.0010453678806514,0.0,0.0054449150212958,0.0007584968168455,0.703902603394041,0.0,-0.03033628832362878,0.0039294968719293995,-0.7121117539895014,0.0015942874645009,0.054111431331124095,0.052824097004790294,0.3096923752762203,-0.006060968162099702,0.1127366255154134,0.0,0.0097867702309049,0.07041137288436383,0.0734381806646532,-0.10504028125859,-0.14000116861832224,0.3209207470393214,1.6950207922746978,0.0026209908185151013,0.0119980857261232,0.0053243684839001,-0.026541410130301396,-0.0006773627682976,0.0,0.5925538910171616,0.0012290020762517999,-0.0010578459059139012
0.0,-0.21424250398424438,-1.925566652038193,0.0,0.0040969697236675,0.0,0.0,0.0,0.0207405188549639,0.0,-0.0004554659417356,0.0,0.0,0.0005724412001381,0.0,1.3404825814793568,-0.37418634650700383,0.0,-0.0111195076326204,0.0,0.20724735871089658,0.11441814010697587,0.3352235003157922,0.0276563954354236,-0.0004000420542638,-0.11970572798630649,-2.6514799638987085,0.0,0.0207408382382277,0.0031074027013213,0.0,0.0141937187621202,0.0011019388068942,0.0211581980022707,0.0,0.406464656534518,1.0457984870550785,0.3868482430461475,0.09001097688091791,0.0217589923724813,0.0005269429410065,0.0,-0.08993347511794081,-0.3718256021760301,0.1468024188047221,-0.14132596563531918,-0.0126033536474155,-0.0001619879980254,0.0,0.000523762757344795,0.11460133968928861,-4.845654835031507,0.0,-0.0002782464394861,0.0009184671249606001,-0.2944337674515882,-0.3398863364719932,0.0006444703089864001,-0.31082279413896374,-0.0162784718548653,0.0,-0.0069425429979526,-0.3593337240376324,-0.0006804742843479,0.09597106787881152,0.6290460040492087,0.007009333732407499,-0.11356579213684115,0.0,0.7864053013688848,0.2838052723106065,0.09005869471712025,-0.12362519972776193,0.0024418330456727,-2.6686702444251154,0.09073481738049693,-0.11456008060156053,-0.0820991443352801,0.014696383881492192,0.0,-0.0018056065939864,-0.0044155203422929995,-0.16012938312296243,-0.017926813471703003,-0.31305607279744796
0.0,0.0,0.0,-1.001440823817137,0.0,0.6293922085706245,-0.0004358503060566,0.2393596249994555,-0.35257160344746763,0.08423966968766991,0.0,-0.11796824727954358,0.0,-0.0003499970999455,0.30215458145875757,0.0,0.0,0.0,0.0,-0.5588583095731737,0.0,0.0,0.0,-0.2453273666178667,-0.0012849654266418,0.0,0.0,-0.0363219826254029,0.0,0.0,0.0,0.0,0.0,0.0,0.0,-0.0005077693608187,0.0,0.0,0.0,-0.01780155027588269,0.0,0.0,0.013062235085609997,0.0,0.023431753347778098,-0.0018431494267120998,-0.11735494028566262,0.0011907304818511,0.0,0.0005305023202182,0.0,0.0,-6.433197554589636,-0.0054173349753548015,0.024191794007376602,0.030817032628376297,0.06317940499070249,0.20083717488149633,1.1718698001325123,0.0,1.016642008000515,-0.0012297955873221,0.0161046399064377,0.071196762141261,0.0,0.0,0.0,0.0,-1.3843073914949873,0.0,0.0002746696764712,0.0,0.02823900552319536,0.0,0.0,0.0,-5.082791308468369,0.0015036631535834,0.0,0.0,-0.0003217094490203,0.0,0.0048889062778016,0.0,-0.0015439589181423
0.0,0.0008508746485767,0.0,0.0,0.0,0.0,0.0,-0.0010362778432758,-0.000508231204446,0.0,-0.000889008596862,0.0,0.0010656985731071,0.0,0.0,0.0,0.0,0.0,0.0,0.0,0.0,0.0,0.0,0.0,0.00021780978484089997,0.0,0.0,0.0,0.0,0.0,0.0,0.0,0.0,-0.0008570849269681,0.0005379820297729,0.0009524186476852,-0.0004662438200608,-0.0056546714400915,-0.0022695308885158,0.0013517220203886,0.0012431070972371,-0.0015299014891832,-0.07179730913331006,-0.0086689192872627,0.0013331984908988986,-0.0036572474355914,-0.90604836005663,0.6342756189906313,-0.0079223092882258,0.0,-0.0010453678806514,-0.0002782464394861,-0.0054173349753548015,-0.4898673525960775,-0.7216643999093311,-0.0021113907517032,0.021474927482288506,-0.14163058302943798,-0.0386541797511923,-0.0615585917537503,0.0003196543234026128,-0.055223641697196395,0.0217286687418747,-0.212507583966131,0.0,-0.0003691686938528,-0.008360165994554901,-0.0011906475843504,-0.0096492042328848,0.0,-0.0080355411036437,-0.0012135150871037,-0.041822848532542305,-0.0019173030505244995,-0.0067953627169293,1.0768887538299991e-05,-0.008014726733602,0.063614214735005,-0.0019508180784977,-0.0036753274170083002,1.0678191009178915,0.00022747122941579997,0.6213450155138693,-0.005507771614047299,-0.031397529079428
0.0,0.0,0.0,0.0,0.0011169927981244,0.044859617333795496,0.0,0.132031342983284,-0.0137345647833555,0.0,0.0,0.0029838092836258,-0.0031773856629714,0.0,0.0123399858665622,0.0,0.0,0.0,0.0,0.0056283497038818,0.0,0.0,0.0,-0.054485504690507,-0.0003641817631864,0.0,0.0,0.0,0.0,0.0,0.0,0.0,0.0,0.0003058839073062,-0.09358429324795864,-0.0040523025602088,0.0,-0.0014193663224204,-0.006557149893404,0.007150157081724199,-0.0005642769111372,-0.0015835533192259,-0.021037024529163006,-0.0057595724037082996,0.135785887468846,-0.0286245060717106,-1.1373154893054853,-0.07635464293544521,-0.008186752865750699,0.0021164053061409,0.0,0.0009184671249606001,0.024191794007376602,-0.7216643999093311,16.962837708035018,-0.00767062649272221,4.750956500062275,0.003501726989044801,-3.2533885996636336,-0.002465317697006199,1.0891746008947845,-0.0513715916375686,0.6194455684453629,0.10371323490046325,0.0,-0.0033136055828999,0.0009363749421339001,0.0,-0.006898402046921902,0.0047024955956937,0.0004543742173745,0.0019950485815471,0.028716008464557907,0.0002443265527932,0.0,0.0006400529033433,-0.43511233491647827,0.1781358611334688,0.0058381077358118,0.0,2.0554127320216375,-0.0013999192228787002,-0.04245427037296301,-1.4927205966974126,-0.10571600479582481
0.0014666053013767,0.0,0.0,0.0724018530519473,0.0,0.1544363606862115,-0.0927370550966862,1.7214682339472311,-0.3299621157527387,0.0046985552210551,0.0,0.0419342620550783,-0.0212839549448906,0.006959035172697201,0.0055718299294146,0.0,0.0,0.0,0.0,0.2236055655861003,0.0,-0.047661544909026,0.0,-2.363165484823812,-0.0211347753946089,0.0,0.0,-0.0796370801778015,0.002244368403876,-0.0068136300281073,0.0,0.0,0.0,0.0273719584675522,0.0,-0.14627032078757862,0.0002515586383902,0.0,0.0,-0.0038646684136841,0.0,-0.0004085524664345,1.3493165169017383,-0.1664711907165522,0.5890344645408598,0.012848130360708199,0.014785758586313313,-0.06902565079510709,-0.006261140150864,1.0255620671208785,0.0054449150212958,-0.2944337674515882,0.030817032628376297,-0.0021113907517032,-0.00767062649272221,11.90485544177919,1.653923799867604,0.09202161104179263,0.18955878805096305,-0.0015466789390122,-0.0157470154457392,-0.2174128868705702,0.9133663600295137,-0.0145567268569896,0.013854827097685402,0.04895046895301336,0.0,-0.0079501530382107,-0.002957670312889701,-0.012430799238968948,0.0022757031157142962,0.3398826333060998,-0.23945456880036664,0.0,0.012148994853144579,-0.14962977789058468,1.7995309064557645,-1.6408403508217932,-0.824815698134099,0.0,0.0005052861532001997,0.019594750037897235,0.1755998360570099,-0.0709171921008739,-0.1521264699264856
0.0,-0.0003520415405948,0.0,0.0088093672535019,0.0,0.0185019019228787,0.0,0.1455812480815009,0.0424846745317438,0.0,0.0,0.0205879516422127,-0.0051748776753221,0.0,0.0023153080810947,0.0,0.0,0.0,0.0,0.0101256983079014,0.0,-0.0016106329756083,0.0,-0.263328377754549,0.0022471452729118,0.0,0.0,0.0,0.0,0.0,0.0,0.0,0.0,-0.0027730304994665,0.0007885345795496,-0.0307779034905607,-0.0019022558620338,-0.0082479497284357,-0.0092467227990576,-0.000853085175502,0.0,0.00017312230884129992,0.33629299083908537,-0.015446855322601998,0.4337272806878113,-0.017393628792297,-0.21941050643512217,-0.012713719371625576,-0.03438085694214,0.2381851232906138,0.0007584968168455,-0.3398863364719932,0.06317940499070249,0.021474927482288506,4.750956500062275,1.653923799867604,3.168695025757927,0.07896410253901442,1.9375207377746122,-0.0448108981439576,0.23847187575093232,-0.1345559838421455,0.5774427068090873,0.041871914886234596,0.0011439992919744,-0.15332121540139565,-0.004449705083988,-0.0040197201693738,-0.006329557932071808,-0.1914035091851486,0.0043925753288731,0.18486323818550654,0.4110801884748456,0.00039338252781,-0.009593293765752901,-0.0018545635884176996,0.531132069528423,-0.20891848281714287,-0.36062165319250306,0.0,-0.049048485052346824,0.06229936506237781,0.07160015558713273,-0.0079002986693517,-0.0466644796362289
0.011262409052619502,-0.0155557822442967,-0.0013695634210986,-1.4727204692400646,0.0240638976126536,0.7257477465475206,-0.4737146860021943,3.1649440620374083,1.909496659373628,1.211864726791406,0.0,0.607518329373979,-0.0130523189494827,0.6070213595228976,0.8424139433200788,0.0057963192111207,-0.0011804878227143,0.0,0.0,2.2045674444248764,-0.0004914130902056999,-0.020697461069796,-0.0019804279135873,-3.864557695578956,-0.0089470352701784,0.0,0.0073418328586767,-1.8192230950993722,0.019999836687927798,-0.0751281561709634,0.0,0.0366096387871745,-0.0184040116873792,-0.0887738854344008,-0.0011317465830746,-0.1128434582384175,0.0050355634187683,-0.0885670348784377,-0.0110784417490431,0.08368498943656649,-0.001084678284861999,0.0003971505122665,-0.18039540651994734,-0.034663284395500205,-0.10114790979151461,-0.007399778923632999,0.317542523446007,-0.08938691996219451,-0.0573880487903002,0.0056947315652795,0.703902603394041,0.0006444703089864001,0.20083717488149633,-0.14163058302943798,0.003501726989044801,0.09202161104179263,0.07896410253901442,0.4703552283854915,0.6018273577964353,-0.0072394317210541,0.13400993009828222,-0.0995515779025493,0.006257504091944088,-0.18105442935396,0.008351759907186,-0.0009729154453756005,0.0,0.0010022026096639,-0.18262827736312137,0.0020177181605380012,-0.9170953204313852,-0.0153084229289955,1.6134607288501321,-0.19846599365630818,-0.003954386975577201,-0.459096594055161,-1.1176851196213473,-0.19979693275399568,-0.035179977339320004,0.0,-0.022225538953096598,-0.0101780328014713,0.002273184626849195,-0.0114707812396014,-0.0662989841189921
0.0,0.0,0.0,0.0,0.0,0.9047821767516164,0.0,0.3928985195500046,-1.2360245338910372,0.0,0.0,-0.0019737789485319984,0.0,0.0,0.7849102057931998,0.0,0.0,0.0,0.0,0.008208570256582,0.0,-0.001892426063122,0.0,-0.352678725875933,0.0,0.0,0.0,0.0,0.0,0.0,0.0,0.0,0.0,0.0,0.0140463429513349,-0.0400191209100506,0.0,0.0,0.0,-0.03439334176764508,0.0,0.0,-0.6097778327174148,-0.011264646031174901,1.061565778844208,-0.0038176250744543228,-0.4691058322538928,-0.09027066524518812,-0.0106938462712396,0.0167906520038168,0.0,-0.31082279413896374,1.1718698001325123,-0.0386541797511923,-3.2533885996636336,0.18955878805096305,1.9375207377746122,0.6018273577964353,-3.184529669165329,-0.0106194137811579,-3.197639553270392,-0.0274873835740749,0.37439859586398594,-0.0033168228925749,0.0003794404422229,-0.0549103631699829,0.0,0.0,-1.1549517743030624,-0.0697760346026362,0.0035015947558879002,0.004670661260261166,-0.0263212385372813,0.0,-0.003925728430109403,0.0012478173843656001,-0.4221388232933574,-2.3222644664264065,-0.0723968304162185,0.0,0.0040267943238519,0.009776249655929402,-1.9931376420478697,0.18000371124556902,-0.109315699378141
0.0,0.05068768699578613,0.0005226558342085001,0.0,0.0,0.0,0.0,-0.0006210799401115,0.001151316054792,0.0,0.06206851314698236,0.0,-0.4925323214348267,0.0,0.0,0.0,0.0010869833763404,-0.0163654015677115,-0.0022234282817115,0.0,0.0,0.009595238015039899,0.0016001687782016,0.0,-0.08755403890010732,-0.1584878120223692,0.10784493642921533,0.0,0.0,0.0,0.0772478544092618,0.0086326279741856,0.0,0.24800948994816688,0.0008967371313518,0.0035210791569598,-0.0213189993068537,0.004769235386268791,-0.0059931709671675005,0.0060296741661858,0.113825791494842,0.24306746556702796,-0.0609404499770958,-0.5602576044010767,0.9495653985247001,0.11373182548846172,-0.0695453215960674,-0.0887515132935592,-0.8574457807748408,0.0019132653769852001,-0.03033628832362878,-0.0162784718548653,0.0,-0.0615585917537503,-0.002465317697006199,-0.0015466789390122,-0.0448108981439576,-0.0072394317210541,-0.0106194137811579,-4.4814981758417645,-0.0023752924937888,-2.0854789663029116,-0.2138194362358341,0.0024006548827915004,-0.0047420962827303004,0.023782684366042917,-0.03089494622483091,0.33852998547825486,0.0,-0.03334000929708669,0.025229222157758607,-0.05545162499985298,-0.000380090996262,-0.4872805965007321,-0.5055661106787248,-0.4426229255180889,-0.0006366355925671999,-0.6065275469200067,-0.018487638538065995,0.034309848069540516,-0.3452247398302023,-0.007802020372423,-0.27866684370448347,-0.0018745228136197003,-0.034627760397226294
0.0,0.0,0.0,-0.0550817615424671,0.0,0.3867900494013307,-0.0037122187870937,0.1109201489659885,-0.3024960559983835,0.0214460232766351,0.0,-0.10022143792575938,-0.0044954047152155,0.0,0.1881429387645313,0.0,0.0,0.0,0.0,-0.1420934986750796,0.0,0.0,0.0,-0.13227802326434632,-0.0006872284610807,0.0,0.0,-0.0346433210640011,0.0,0.0,0.0,0.0,0.0,-0.00026370383858170007,-0.014470651261339174,-0.0211563913681458,0.0,0.0,-0.0017819808994464,-0.017819889664011497,0.0,-0.0015063832193591,-0.15163105355340142,-0.0031754911546052,0.04983806218235398,-0.0150591301688814,-0.3601594201455032,-0.056779906888297996,-0.0083837946990799,0.0,0.0039294968719293995,0.0,1.016642008000515,0.0003196543234026128,1.0891746008947845,-0.0157470154457392,0.23847187575093232,0.13400993009828222,-3.197639553270392,-0.0023752924937888,-5.645311745596295,-0.0417034451292149,0.19008180042302725,0.3453199897057124,0.0,0.0,0.0,-0.0008980238101852,-2.4959673801779036,0.0,-0.0080443911040396,0.0,0.20022292508247874,0.0,0.0,-0.0039820997390328,-0.7227579815865333,-0.16345746674937367,0.0,0.0,0.0022027187434031023,0.0,-0.14121677841554592,-0.19828929228064673,-0.09958390372080829
0.0,1.3159274164460975,0.0005623542465241001,-0.0009163330789904,0.0,0.0002229240697276,-0.1103170369293515,-0.0018703579452175,0.0492151153454622,-0.0064770293268422,-0.5078362894951043,-0.0014546589834484,-4.928807157233184,-0.0014012654719545,-0.0005091612408951,0.0,0.0044588671371955,-0.06547412317919339,-0.0005862516609796992,-0.0013337961979618,0.0,0.14588136649726077,0.0,-0.220529721726741,0.27147555748795504,-1.1222162205340835,2.0519022091930283,-0.1827937263001964,0.0004865844843388999,-0.0024845762196848,-0.4717642584383126,0.0147596210999571,0.0,0.20818585716298402,-0.017467909462457,-0.2654831328251841,0.49122931204529735,-0.166008629787734,-0.0746030801887877,-0.0052931671042734,0.1097803121481242,-0.044766114633254916,-1.8230074851117393,-1.0503702461642188,-2.154053983550318,-0.8631799520142684,-1.0073628474161735,-0.7601129505519858,-3.0684210332901234,-0.0007472532642633,-0.7121117539895014,-0.0069425429979526,-0.0012297955873221,-0.055223641697196395,-0.0513715916375686,-0.2174128868705702,-0.1345559838421455,-0.0995515779025493,-0.0274873835740749,-2.0854789663029116,-0.0417034451292149,-13.557584100689489,-0.1067525503093709,-0.0189150271542878,0.0035474474897944997,-0.0056083585521078,-0.03531683366419089,-0.010032994293468399,-0.0031280956198497,-0.0247944936781322,0.07509586932766243,-0.0214648888264215,-0.5478519762481439,-2.906847175656738,-0.12018541003569452,-2.842974779287209,-0.3920715413119593,-0.4487584739928509,-0.060893322908517,-1.6077964463859749,-0.518760859707007,-0.0035814126003343,-0.09598610745449232,-0.0871934501170877,-0.2250559803851005
0.0,0.0,0.0,0.0034981986912018,0.0,0.0,0.0,0.0138240079512077,0.028827040051358003,0.0,-0.0013753597701181,0.0041265816768339,0.0038230910001197,0.0,0.0,0.0,0.0,0.0,0.0,0.0,0.0,-0.0008179112805786,0.0,0.011682385117310701,-0.001551586464108,0.0,0.0,0.0,0.0,0.0,0.0,0.0,0.0,-0.0034508924131050997,-0.0006190966606908,-0.0045684942455568,-0.0026461540993726,-0.0218404526862209,-0.0228166467350634,0.0,-0.0035092791999786,-0.0045435891441144,0.6592117240069729,-0.026570221186017998,1.067400560532565,-0.028701548999747,0.048565957271566096,0.0292707909892624,-0.019791217260919203,-0.8862194090333126,0.0015942874645009,-0.3593337240376324,0.0161046399064377,0.0217286687418747,0.6194455684453629,0.9133663600295137,0.5774427068090873,0.006257504091944088,0.37439859586398594,-0.2138194362358341,0.19008180042302725,-0.1067525503093709,-15.018193760553316,0.08125690031752261,0.0013736227511702,-0.4364965068576889,-0.077406730373653,-0.08615112049354762,0.0007268053036759009,-0.1351639797547446,0.0042126144634839005,0.25483590590898864,0.3798802434318617,-0.0034088699460277008,-0.0789793809260194,-0.0163757728616373,0.3282310431227422,0.9709728669783999,-0.7019620510791569,0.0008523462575427,0.16135530329475123,0.04407292763169699,0.31458124343499616,-0.0048257844921363,-0.0359184642288233
0.0,0.0,0.0,0.003986581657278899,0.0,0.0043853266823567,-0.0037011398444287,0.0401760028072662,-0.012784855086692899,-0.0053363496692592,-0.0002417156654259,0.00012715960725039998,-0.0007083744133885,0.0029949668939018,0.0009749775015557,0.0,0.0,0.0,0.0,0.0111948093587194,0.0,0.0,0.0,-0.0779793188031702,-0.0004174990039761,0.0,0.0,-0.0186814152712871,0.0,0.0,0.0,0.0,0.0,0.0,-0.0034789946269014,0.00025911387744409996,-0.0008445881046768,0.0,-0.0008050136553343,-0.0003780881870403,-0.0002965445168313,0.0,0.0207912776811896,-0.0039562641447994,0.016645515527417002,-0.0053114570040618,0.4441056989522423,-0.1222653831618069,-4.146715443420013e-05,0.0007578087537514,0.054111431331124095,-0.0006804742843479,0.071196762141261,-0.212507583966131,0.10371323490046325,-0.0145567268569896,0.041871914886234596,-0.18105442935396,-0.0033168228925749,0.0024006548827915004,0.3453199897057124,-0.0189150271542878,0.08125690031752261,0.32240358725467555,0.0,0.0,0.0010237314925448,0.000746855516209,-0.0810330304434999,0.0,-0.1090615280269502,-0.0010690437056992,-0.1415874050651057,0.0,0.00027737133943739995,-0.010024756740438304,-0.1083365901452869,0.13430409771846957,-0.0005077993386614,0.0,0.1010153027773855,0.00014167062881719996,0.0241861640820766,-0.008768901247307,-0.0010191500754418996
0.0131975209338059,-0.0323575830147296,-0.1427454510554734,0.0226174419347133,0.0512175029484364,0.142097454344884,-0.0008138434174784002,0.1149217295770263,2.0468575645087568,0.0020506016027877,0.0,0.0,0.0,0.102634002401915,0.0,-0.3771249555055247,-0.0038119845441942,0.0,0.0,0.0,0.36526076763850995,-1.259566608169505,-1.6523254164997971,1.0551073269678257,0.0,0.0,-1.553388298411123,-0.011724896524909906,0.2724998496020479,-0.0171478226939911,0.0,0.0250218920814874,0.0008196638769629001,-0.0052669067783932995,0.0,0.9235659528438132,1.412898057999962,0.0639447754838127,-0.020576844273869396,0.3771363849875032,-0.0006080787602242999,0.0,0.9597202267148892,0.06378383300376159,0.41212411269449,0.14608438124471101,-0.008972014876714,0.0,0.0051327820082727,0.0,0.052824097004790294,0.09597106787881152,0.0,0.0,0.0,0.013854827097685402,0.0011439992919744,0.008351759907186,0.0003794404422229,-0.0047420962827303004,0.0,0.0035474474897944997,0.0013736227511702,0.0,3.475959747095928,0.1747852031976227,0.0,0.0116565842347504,0.0,1.1582743736550305,0.007796452313456825,1.261502242554121,-0.5381148593264071,0.0236145686592465,0.07364903307754231,-0.07370408871038414,-0.1759311702484725,0.006946720313327201,0.02734291231992,0.0,0.0,0.0005722131334599998,0.0978997628576098,-0.0056084127458261995,-0.00027395219556922146
0.0,-0.1818663696734911,-0.3392223421927477,0.0,0.0011174362931535,0.0,0.0,0.0,0.0196064090279054,0.0,0.0,0.0,0.0003957593116339,0.0,0.0,0.1524624002134507,-0.2699723663095911,0.0,-0.026242947074481,0.0,0.018406022015713,0.2815374086941704,0.15904972881275858,0.0033051768708412,-0.0028493869614121,-0.3781594391490501,-0.09132505637901533,0.0,0.0021655992476325,0.0,0.0,0.0033287936513107,0.0,0.062914439933545,0.0,0.1188303739154792,0.951130676730824,0.2211087809806934,0.053600943200552094,0.0065517963834167,0.0,0.0,-0.3489520709427887,-0.38711779073691255,-0.4296438282877637,-0.20965372992492615,-0.030843815366949898,-0.0021755363554518,-0.0016179606694601,0.009831242052184386,0.3096923752762203,0.6290460040492087,0.0,-0.0003691686938528,-0.0033136055828999,0.04895046895301336,-0.15332121540139565,-0.0009729154453756005,-0.0549103631699829,0.023782684366042917,0.0,-0.0056083585521078,-0.4364965068576889,0.0,0.1747852031976227,-4.5209605239900394,0.10401218239921889,-0.879425970328537,0.0,0.11977608875474943,0.26346028789328907,1.7974101632692223,0.18193417417971214,0.0027877322206936,0.19695798420870236,2.8740221326369984,0.018943523707562526,-0.32350380055199035,0.6186174653388155,-0.002107268229457,-0.0026744105170879,-0.012975226746156504,-2.2583343034306034,-0.0150223235437404,-0.26962342265929706
0.0,0.012783356592213205,0.0,0.0,0.0,0.0,0.0,0.0,0.0,0.0,-0.003090514529646599,0.0,-0.0028916637060604003,0.0,0.0,0.0,0.0,-0.0032324383636698,0.0038811983733806,0.0,0.0,-0.0003615110344078001,0.0,0.0,-0.0223126361118273,-0.0500440785296402,0.4403764453803508,0.0,0.0,0.0,0.008379196552738,0.0,0.0,-0.001725164450933,0.0,0.0032000584180766,0.0805968397240505,-0.0016237506771185004,0.0026659321165871,0.0,0.0,0.0019225367993773,-0.023248184369904168,0.587282588318315,0.5075071449315232,0.1959134986036496,-0.0170717564648606,-0.0065810636992119,-0.030997826577949802,0.0,-0.006060968162099702,0.007009333732407499,0.0,-0.008360165994554901,0.0009363749421339001,0.0,-0.004449705083988,0.0,0.0,-0.03089494622483091,0.0,-0.03531683366419089,-0.077406730373653,0.0010237314925448,0.0,0.10401218239921889,0.9374994359382338,3.3291109572597315,0.0,-0.0035362637316405,-0.0152644398599783,-0.005263381500490102,0.0,-0.0157300016118828,2.26512476308741,0.1860896185766625,0.0,-0.22363977827877618,0.0029744329638933,0.376121412033788,-0.053702694420409924,-0.0020551281532130003,-0.2148533262968877,-0.0009083931287034999,-0.038306311068886
0.0,-0.1209546631454348,-0.020881213439957004,0.0,0.0,0.0,0.0,0.0,0.0026052048263953,0.0,-0.0029417100078402997,0.0,0.0022551258743641,0.0,0.0,0.0034519354997537,-0.0302923832637549,0.0,-0.0061736266670075965,0.0,0.0,0.0657398463308129,0.0111208645251744,0.0,-0.0368529189023604,-0.3837001030888539,-0.28128084195452907,0.0,0.0,0.0,0.0008730431683342,0.0003403981881691,0.0,0.0010633734064917997,0.0,-0.0009391010674667001,0.2697445987476072,0.008442471583742103,0.0018304604297975022,0.0014308784503069,0.0,0.0,-0.7184573127654597,0.05112804131961046,0.758114997331548,0.41890846959863826,-0.0171242362495305,-0.0016517949211810002,-0.0039964820820708,0.001061686104949,0.1127366255154134,-0.11356579213684115,0.0,-0.0011906475843504,0.0,-0.0079501530382107,-0.0040197201693738,0.0010022026096639,0.0,0.33852998547825486,-0.0008980238101852,-0.010032994293468399,-0.08615112049354762,0.000746855516209,0.0116565842347504,-0.879425970328537,3.3291109572597315,-6.699081145591176,0.0,-0.056142940742239494,0.0360021081421707,-0.04803599148024562,0.0026946035683353,-0.007498936385630201,0.7319683250573501,0.5179036985512848,0.0022683137286705,-0.1439586343319752,-0.021678677480700792,-0.0376103294759902,-0.007032628777683805,-0.016580453689213702,-0.38984465403121593,-0.0004580103653436,-0.1394260780500706
0.0,0.0,0.0,-0.0002883512830953,0.0,0.1704431677913342,-0.0035965107438968,0.0869716068382046,-0.1952332840652208,0.0013764632569337,0.0,0.024355315004659896,0.0,0.0,0.0665097533672558,0.0,0.0,0.0,0.0,0.0066579428272766005,0.0,0.0,0.0,-0.0968356445951277,0.0,0.0,0.0,0.0,0.0,0.0,0.0,0.0,0.0,0.0,0.0,-0.019743634014771,0.0,0.0,0.0,-0.0254324362941741,0.0,0.0,-0.037297667967021,0.0,-0.0145812718423735,-0.0008450116064696999,-0.19341336917304763,-0.0042345718108459,0.0004766732546659,0.0,0.0,0.0,-1.3843073914949873,-0.0096492042328848,-0.006898402046921902,-0.002957670312889701,-0.006329557932071808,-0.18262827736312137,-1.1549517743030624,0.0,-2.4959673801779036,-0.0031280956198497,0.0007268053036759009,-0.0810330304434999,0.0,0.0,0.0,0.0,-1.2307614782946943,0.0,0.0,0.0,0.36684034016970024,0.0,0.0,0.0,-1.1591518362095954,-0.0199833235430545,0.0,0.0,0.00039672734153079994,0.0,-0.050692580531866704,0.0,-7.179882549019994e-05
0.0216395153078407,-0.0017074853267579002,-0.0034532671078523,0.0014871745026521,0.0007157345519712,0.1661549201133475,0.0,0.0523441867865973,0.7177658604760674,0.0,0.0,0.0019485899477623,0.0,0.1033982751157341,0.0,-1.0587041212363733,-0.0002917336557597,0.0,0.0,0.0,-0.9160261463887013,-0.9692000708783004,-0.7159398094288668,0.5905345905216766,0.0,0.0,-0.048262091565275105,-0.08998020011328309,0.5453785593701023,-0.19894532335259812,0.0,0.0,-0.0201171241994968,-0.049215743488577705,0.005000890153407701,0.1863574251746848,0.3842826638012727,-0.1441650632671338,-0.0526976517524674,0.1751108090867678,0.0016708351278348,0.000864573750134,2.447943458153625,-0.11817538037768305,0.7364399548569827,-0.4596590706192183,-0.32131698102480666,-0.0186145901377349,0.054508220313151494,-0.00018121541048508882,0.0097867702309049,0.7864053013688848,0.0,0.0,0.0047024955956937,-0.012430799238968948,-0.1914035091851486,0.0020177181605380012,-0.0697760346026362,-0.03334000929708669,0.0,-0.0247944936781322,-0.1351639797547446,0.0,1.1582743736550305,0.11977608875474943,-0.0035362637316405,-0.056142940742239494,0.0,-1.3076575329842797,0.0710855038283793,-3.265646809844945,0.3568968200922485,0.0017629387996355,0.02370358794742461,-0.059340423235536566,-0.976923725636409,-0.37871266729780595,1.3817064366146354,0.0,-0.0066635254217168,0.0066967094200205135,-0.38135364929532223,-0.1062477860537775,-0.7280075832823061
0.015358970878448201,-0.11644405437422628,-0.226722837611374,0.0835559577891044,0.1102010628266654,0.1849362298751681,-0.047145725032293605,0.24780484784488888,1.8541948666317474,0.0078978261967132,-3.678168508219979e-05,0.0,0.0648684203212157,0.2195159127470154,0.0008045527607931,0.32419516759160083,-0.0515479545981264,-0.0009507719541812,-0.0043795746889812,0.0054913911697337,-0.017213336737795015,-1.611441587819402,-0.2701601585103951,-0.6607447782559974,0.0125505088699247,-0.0240105939447566,-1.545209087606274,-0.3997321436800201,0.1834891439991975,-0.0699529322504958,0.0,0.0714752711106514,0.000668399632892,-0.013196731093744397,0.0015721534134173001,0.2808166020465198,0.23746494312715727,0.14082478935969442,0.033996125543812095,0.619496167030818,0.0072375499748882,-0.0024315528785633003,0.8180300165133312,0.03346604729901781,0.4140183471923658,0.1982131591638923,-0.028614493065968298,-0.0016685410552660998,-0.5033150526974459,0.0034656869789129,0.07041137288436383,0.2838052723106065,0.0002746696764712,-0.0080355411036437,0.0004543742173745,0.0022757031157142962,0.0043925753288731,-0.9170953204313852,0.0035015947558879002,0.025229222157758607,-0.0080443911040396,0.07509586932766243,0.0042126144634839005,-0.1090615280269502,0.007796452313456825,0.26346028789328907,-0.0152644398599783,0.0360021081421707,0.0,0.0710855038283793,-3.069500514129043,0.24679355138889036,0.03845291788433158,-0.025070835364442656,-0.011910423797189706,1.2413547840213868,-0.268286071697763,0.0034146049513671005,0.033817487992435204,-0.0138471600157953,0.0,0.0011722387221974,0.1586034920620286,-0.0005309597061095997,-0.007239580934846002
0.0030056639181099,-0.057240654264294,-0.8581454909722409,0.0,0.0046211054410558,0.0182968158644955,0.0,0.0041905425097421,0.8833749522861205,0.0,0.0,0.0,0.0,0.0035893316105579,0.0,-0.8966046296318622,-0.018236893939977898,0.0,0.0,0.0,0.43542990569812945,-0.9952665953774871,-3.5171765264589343,0.7759959538375372,0.0,-0.0007915193665402,-2.12257198201632,0.0032609671723609,0.0864555936910964,0.0009983278957197998,0.0,0.0013994065961721,-1.3150965924300039e-05,0.0022060120796254974,0.004346646490088899,0.8284697891484926,2.22223740389413,0.06393993409699089,-0.0259316436723665,0.0582248807406778,0.0008719495226128,0.0,2.6351717120347082,-0.6819595915458703,1.2905711060888283,-1.1422305341860617,-0.44113002435912185,-0.0121592328278603,0.0017611316406957993,0.11083677275090209,0.0734381806646532,0.09005869471712025,0.0,-0.0012135150871037,0.0019950485815471,0.3398826333060998,0.18486323818550654,-0.0153084229289955,0.004670661260261166,-0.05545162499985298,0.0,-0.0214648888264215,0.25483590590898864,-0.0010690437056992,1.261502242554121,1.7974101632692223,-0.005263381500490102,-0.04803599148024562,0.0,-3.265646809844945,0.24679355138889036,-4.538381697335694,0.22557194097920585,0.0011314452215427,0.10609085866605805,-0.64961501151625,-0.6735003008853484,-0.39251127256598217,0.6062609032930677,0.0,-0.0044718495729122,-0.053135883963541616,-0.8553348679444435,-0.1036757595036022,-2.053747432025058
0.1019924210605418,-0.0831221807608182,0.0,4.722789107541761,0.0268623196005359,3.8658075256412077,-3.093673241184068,18.30547689115047,-0.3241930979882408,0.5149077876002671,0.0,0.47753816597583676,-0.08613729396422279,2.448713002229516,0.2638098729155308,-0.3389101966110143,0.0004922836251886,0.0,0.0,3.701830964053909,-0.3027914780785957,-1.164005822894856,-0.1017688696495118,-22.255054795375084,-0.0662209168163242,0.0,-0.0257530752485749,-5.182825014940058,0.3200132958636302,-0.4498136679773862,0.0,0.0189761967748715,-0.037548758849232,0.0007658469467795026,0.0,-1.5028364332557271,0.1574684894643367,-0.3804706379660413,-0.1194680807786732,0.2256761635328258,0.0008723758428996003,0.025311002679299702,0.4424337855117706,-0.009746012404985405,0.3413743190243572,0.10944393006617814,-0.4931501714965435,-0.1304280307176835,0.0775232168729734,0.0440508444177314,-0.10504028125859,-0.12362519972776193,0.02823900552319536,-0.041822848532542305,0.028716008464557907,-0.23945456880036664,0.4110801884748456,1.6134607288501321,-0.0263212385372813,-0.000380090996262,0.20022292508247874,-0.5478519762481439,0.3798802434318617,-0.1415874050651057,-0.5381148593264071,0.18193417417971214,0.0,0.0026946035683353,0.36684034016970024,0.3568968200922485,0.03845291788433158,0.22557194097920585,4.503763040441882,-0.0524799629361688,0.14787896582057677,-2.6223248637090517,4.641052874559506,-0.162326932377721,0.5035843321928488,0.0,-0.007213281730555,0.043341315524755494,0.9063711550113258,-0.0306583998009218,-0.0790533919657069
0.0,-0.14954260308980982,0.0046948147834762,0.0,0.0,0.0001381745161229,-0.0044648222523959,0.0007952695836983,0.0144547464087865,0.0,-0.10004514664765982,0.0,-1.010763504463616,0.0,0.0,0.001265234884662,0.0156477263081973,-0.049374528576191,0.009100370696819397,-0.0009237553276195,0.0,0.0505979792941431,0.0054647064787176,-0.0049350934375236005,-0.5796785780393304,-1.0213661035975845,-1.845249396585968,-0.0043040637804697,0.0028974769629615,0.0,-0.16150526823758393,0.0115236938246701,0.0,0.0300387355226773,0.0,-0.0353717078453029,0.1657959017792911,-0.006736106793857999,-0.049082486298573896,0.0028564342291712,0.0243704863620675,0.0255030579289494,-0.001791994716189002,-0.08831339525005394,0.11037874342887746,-0.010373061851493698,0.027509528692803396,-0.0011027591191432005,-0.7630898893913081,0.0003081989659801,-0.14000116861832224,0.0024418330456727,0.0,-0.0019173030505244995,0.0002443265527932,0.0,0.00039338252781,-0.19846599365630818,0.0,-0.4872805965007321,0.0,-2.906847175656738,-0.0034088699460277008,0.0,0.0236145686592465,0.0027877322206936,-0.0157300016118828,-0.007498936385630201,0.0,0.0017629387996355,-0.025070835364442656,0.0011314452215427,-0.0524799629361688,-2.949429289707501,-0.12761785447552818,-1.2239049700949014,-0.002151744313128,0.014442827830286602,0.0007038080205651,-0.0837231217791573,0.014413815222840909,0.0,1.3585252803132168,0.0,-0.0045576392692946
0.0,-0.6391491058632051,-0.492479369323502,0.0,0.0,0.0,0.0,0.0,0.0121084139431116,0.0,-0.1447776523653091,0.0,-0.35462186816219426,0.0,0.0,0.04040983603328,-0.33081352829443417,-0.0545319733766004,0.16857059438061223,0.0,0.017812271919412998,0.5293129790895729,0.1387520020564915,0.0,-0.47604039405488485,-3.627566655226226,-0.34081425349471317,0.0,0.0062609165615298,0.0,-0.07605886177417842,0.0204583199112668,0.0,0.0309696684855396,0.0,0.015008394721143181,2.4372267473607256,0.5808276451762073,0.1436562633468731,0.0097941445364964,0.0181134695049245,0.0361072726890151,-1.1684145555429035,-0.533420277778939,0.006014248412204104,0.615341263899303,-0.022697441068174302,-0.0018155855766977987,-0.019990454164982796,-0.00025811124945650027,0.3209207470393214,-2.6686702444251154,0.0,-0.0067953627169293,0.0,0.012148994853144579,-0.009593293765752901,-0.003954386975577201,-0.003925728430109403,-0.5055661106787248,0.0,-0.12018541003569452,-0.0789793809260194,0.00027737133943739995,0.07364903307754231,0.19695798420870236,2.26512476308741,0.7319683250573501,0.0,0.02370358794742461,-0.011910423797189706,0.10609085866605805,0.14787896582057677,-0.12761785447552818,-8.989230107600562,0.41205354514590553,0.013423325421179008,-0.09693200546566333,0.03518004271439332,-1.0331472362434573,-0.01705989825670591,-0.0010786619551044,0.041457903928600714,-0.0029562577057444996,-0.193321679363761
0.0049095225582668,-4.534913064815806,-5.001222711317339,0.0,0.0179639545329954,0.0017690546549227,0.0,0.0002386641570632,0.500077669042278,0.0,-0.11456781711700631,0.0,-0.3145491548493661,0.0006527222602016,0.0,4.809796130299933,-1.405139712316643,-0.0396414432955055,0.07435101007084077,0.0,1.3053148862011483,1.310898023558976,-0.42185864413927066,0.3509385832958157,-0.6380270023739267,-5.533820606081615,-18.91591939793442,-0.00020986706245870002,0.1514138785272565,0.0295490452197104,-0.010897589022858992,0.1058454264636974,0.012108061799912,0.2142966768841364,0.0007626416705065,-0.19251029774642214,4.419516495761282,1.6992687107897106,-0.2409908388488915,0.2470479201860018,0.0084288156063762,0.034372684121237,-1.0619642198306654,-2.5657597107940697,-0.23824101100902162,-0.272997849221567,-0.1197964847152529,-0.0022276116667946993,-0.0310338144559026,0.0013067358112290998,1.6950207922746978,0.09073481738049693,0.0,1.0768887538299991e-05,0.0006400529033433,-0.14962977789058468,-0.0018545635884176996,-0.459096594055161,0.0012478173843656001,-0.4426229255180889,-0.0039820997390328,-2.842974779287209,-0.0163757728616373,-0.010024756740438304,-0.07370408871038414,2.8740221326369984,0.1860896185766625,0.5179036985512848,0.0,-0.059340423235536566,1.2413547840213868,-0.64961501151625,-2.6223248637090517,-1.2239049700949014,0.41205354514590553,-20.94257445855979,-2.224286818365902,-0.027967483415443,0.0734979530442878,-3.1422429878139164,0.0003488256556944992,-0.0053908569339965,-0.5708673995983276,-0.019900727869475,-1.340850496966376
0.0118525576258722,-0.0006502970448066,-0.0022562490566309,0.2217820380271091,0.0,0.9147192300327308,-0.3414757141163163,2.3141953943307856,-1.3994683905061311,0.0028316357803374005,-0.0010971478930308,0.0339926529228294,-0.0526000017476468,0.2044519026284441,0.2189229120125684,-0.233885029463069,0.0,0.0,0.0,0.1382206519997877,-0.3023472977212172,-0.9994036123150889,-0.0843292849697285,-3.961786954502385,-0.0312874753614757,0.0,-0.0003465708254136,-0.5665734597510237,0.15460465856547562,-0.3266013027887021,0.0,0.0,-0.0175106779227373,-0.025556439683664903,0.0,-1.3626269994394686,0.1009263268943849,-0.0976497376388722,-0.0293300284557464,-0.025381409820366296,0.0009229485788104,0.004138966802755099,-0.34103663383772087,-0.2326421014603358,-0.006279225805598365,-0.24828431032890874,-0.49624022845224985,-0.20072703567035233,0.0019314203475596994,0.0248501859664104,0.0026209908185151013,-0.11456008060156053,-5.082791308468369,-0.008014726733602,-0.43511233491647827,1.7995309064557645,0.531132069528423,-1.1176851196213473,-0.4221388232933574,-0.0006366355925671999,-0.7227579815865333,-0.3920715413119593,0.3282310431227422,-0.1083365901452869,-0.1759311702484725,0.018943523707562526,0.0,0.0022683137286705,-1.1591518362095954,-0.976923725636409,-0.268286071697763,-0.6735003008853484,4.641052874559506,-0.002151744313128,0.013423325421179008,-2.224286818365902,-9.405468817353906,-1.0489972157033771,-0.1327859943911598,0.0,-0.0019549862555052,-0.10220370941369816,0.09801081455697624,-0.0720935044538754,-0.279216977861362
0.0036395960748046,0.0031266636474277998,-0.0036283816109954,0.0065867172216979,0.0012162361167242,0.06306925531002,-0.0029948625137457,0.0724996030917754,-0.03547694022956249,0.0,-0.003776612433877601,0.0,-0.001129441586065802,0.023595347116187,0.0,-0.033845168502513,0.0,0.0,0.0,0.0010552297008469,-0.11196945196710151,-0.036312779090360695,-0.0304604335504533,0.0006416898686933958,-0.0139206643434686,0.0,-0.0019610464466518996,-0.034796612311202,0.0380834058652955,-0.024118889123807,0.0,0.0016757940282154,0.0,-0.0122507575054548,-0.0022286022524164,-0.049702305917488296,-0.005842940527262999,-0.076212227845412,-0.0760834964992268,0.0275679045155519,-0.0061412876176851,-0.000759309725676699,0.21562514337841598,-0.07696013491120349,1.3002288607970884,-0.1309811213153874,0.10542896211242136,-0.09049014377341624,-0.02117857805681808,-0.5596577542765901,0.0119980857261232,-0.0820991443352801,0.0015036631535834,0.063614214735005,0.1781358611334688,-1.6408403508217932,-0.20891848281714287,-0.19979693275399568,-2.3222644664264065,-0.6065275469200067,-0.16345746674937367,-0.4487584739928509,0.9709728669783999,0.13430409771846957,0.006946720313327201,-0.32350380055199035,-0.22363977827877618,-0.1439586343319752,-0.0199833235430545,-0.37871266729780595,0.0034146049513671005,-0.39251127256598217,-0.162326932377721,0.014442827830286602,-0.09693200546566333,-0.027967483415443,-1.0489972157033771,-23.10938398391678,-0.32455992093557384,0.0010250639823468008,-0.3959219629766859,3.7490610261444903,0.6757075392420022,-0.0493897682688039,-0.33777540767445513
0.0050126433726629,0.0,0.0,0.015243857931006,0.0,0.1641818085180892,-0.0029892458072744,0.2428269098520711,0.017978012879899502,0.0,0.0,0.0,-0.0006052010457061,0.0400758999701272,0.0,-0.048702105935666,0.0,0.0,0.0,0.0010294042183495,-0.1120619261556378,-0.0727387100192526,-0.027863673456775897,0.17038619722162862,0.0,0.0,-0.0005036895210945,-0.045222030844137104,0.0728892034315105,-0.04156767961873,0.0,0.0,-0.0018102885824822,0.0238820836104058,0.0011257953685093,-0.12072562781056889,0.0278522277822775,-0.0113844487082136,-0.002385562620081,0.0261889367524153,0.0,0.000664992614271,0.24041586823494088,-0.181089651717172,-0.44038119350828886,-0.34194177516969715,-0.1086004477664881,-0.0610100558851705,0.0083230035033497,0.40842102134168945,0.0053243684839001,0.014696383881492192,0.0,-0.0019508180784977,0.0058381077358118,-0.824815698134099,-0.36062165319250306,-0.035179977339320004,-0.0723968304162185,-0.018487638538065995,0.0,-0.060893322908517,-0.7019620510791569,-0.0005077993386614,0.02734291231992,0.6186174653388155,0.0029744329638933,-0.021678677480700792,0.0,1.3817064366146354,0.033817487992435204,0.6062609032930677,0.5035843321928488,0.0007038080205651,0.03518004271439332,0.0734979530442878,-0.1327859943911598,-0.32455992093557384,-14.347070430042486,0.0,-0.0027857645270909,0.1840860361470329,-1.81695975903813,-0.0826637882179845,-0.31900410753380964
0.0,0.046562632966857115,0.0,0.0,0.0,0.0,0.0,0.0,0.0,0.0,-0.0007464957122891996,0.0,-0.22932421830581207,0.0,0.0,0.0,0.0,-0.0175296237585745,0.0014299246621198001,0.0,0.0,0.004666271923154,0.0,0.0,0.04247490010334917,-0.3189973302116034,0.14329587453226855,0.0,0.0,0.0,0.046877244921499694,0.0009042994892462,0.0,0.0279769266324591,0.0,0.0,0.1296027132587711,0.006578584281508999,0.008425690128085,0.0,0.0135811946664602,0.041790899720961,0.000584767680929299,-0.03869777918850614,-0.04432156938245346,-0.012342312427821606,-0.0028187343216719,-0.002113965316891,0.006281123343966008,0.0,-0.026541410130301396,0.0,0.0,-0.0036753274170083002,0.0,0.0,0.0,0.0,0.0,0.034309848069540516,0.0,-1.6077964463859749,0.0008523462575427,0.0,0.0,-0.002107268229457,0.376121412033788,-0.0376103294759902,0.0,0.0,-0.0138471600157953,0.0,0.0,-0.0837231217791573,-1.0331472362434573,-3.1422429878139164,0.0,0.0010250639823468008,0.0,-3.1105649240467104,0.020770158529166104,0.0,0.2232347360088011,0.0,-0.0067698981249043
0.0,0.0051241718882494,0.0,0.0,0.0,0.0,0.0,-0.0008741702076897,0.0,0.0,-0.0006849020045953998,0.0,0.025738062586658696,0.0,0.0,0.0,0.0,0.0,0.0,0.0,0.0,0.0,0.0,0.0,-0.0167410109140897,0.0,-0.0008021923023237,0.0,0.0,0.0,0.0,0.0,0.0,-0.006875542745369701,-0.0020335815977583,-0.005785752634444001,-0.0101559517923807,-0.0719683768187731,-0.062149107308634904,0.002584386171116,-0.0036352908308524,-0.0110543036231746,-0.14744562868621292,-0.0428736184367656,0.4687836264352969,-0.015037482968200802,0.4776013600583142,1.9685215753191625,-0.023686892467945586,-0.0011065138981616002,-0.0006773627682976,-0.0018056065939864,-0.0003217094490203,1.0678191009178915,2.0554127320216375,0.0005052861532001997,-0.049048485052346824,-0.022225538953096598,0.0040267943238519,-0.3452247398302023,0.0022027187434031023,-0.518760859707007,0.16135530329475123,0.1010153027773855,0.0,-0.0026744105170879,-0.053702694420409924,-0.007032628777683805,0.00039672734153079994,-0.0066635254217168,0.0,-0.0044718495729122,-0.007213281730555,0.014413815222840909,-0.01705989825670591,0.0003488256556944992,-0.0019549862555052,-0.3959219629766859,-0.0027857645270909,0.020770158529166104,0.7962022134617834,-0.0021039547040138,2.6430642159653557,-0.022548659862812504,-0.1430860979220184
0.001213445081597,0.0,0.0,0.0006631288489531,0.0,0.0169429067441408,0.0,0.0080619959162631,0.003593189874375801,0.0,0.0,0.0,0.0,0.0034929532023072,0.0,-0.0149897447281472,0.0,0.0,0.0,0.0,-0.0236854263158299,-0.0070977625998371,-0.0083128917015141,-0.002546718752077598,0.0,0.0,-0.0009325099024875,-0.0059090439061474,0.0187429829868541,-0.0128233409538013,0.0,0.0,0.0,0.002428994652518,0.0,-0.020175867755809096,0.0049077717642473,-0.0029427629520299,0.0,0.0124294543513516,0.0,0.0,0.1423713961439628,-0.0105197602092879,0.07445319517071361,0.0017517062928645993,-0.0014238004862973,-0.0023117027858084002,0.0034359984691754,0.0136584647800446,0.0,-0.0044155203422929995,0.0,0.00022747122941579997,-0.0013999192228787002,0.019594750037897235,0.06229936506237781,-0.0101780328014713,0.009776249655929402,-0.007802020372423,0.0,-0.0035814126003343,0.04407292763169699,0.00014167062881719996,0.0005722131334599998,-0.012975226746156504,-0.0020551281532130003,-0.016580453689213702,0.0,0.0066967094200205135,0.0011722387221974,-0.053135883963541616,0.043341315524755494,0.0,-0.0010786619551044,-0.0053908569339965,-0.10220370941369816,3.7490610261444903,0.1840860361470329,0.0,-0.0021039547040138,0.9614916837117677,0.3212715458078863,-0.0041666311814483005,-0.009514060426205099
0.0016005668758277,-0.0433203986530669,-0.030862479816624593,0.0275769749893929,0.0017200610916718,0.062960516727685,-0.0075882448793872,0.119695422609146,-0.03741910305075881,0.0003011821428299,0.03135539229194349,0.0026470748791174,0.0772874962236493,0.0134866879872205,0.0175769538217157,-0.003259113483912099,-0.0090114529372871,0.0,0.0021625544334941,0.0028664537389149,-0.1114374353866772,0.003441635506165691,-0.0650740578669346,-0.10353126910762529,-0.06811979526235429,-0.008622721780200002,0.24650876836755942,-0.0362777442037497,0.022747166896763798,-0.031778350438432794,0.009422330717208199,0.0021402496371465,-0.0030822253413262,0.039207300200255105,0.0613696832430751,-0.005771362011142908,0.25564618934718075,-0.0046725286099423,0.016663185507612997,0.0563543672067774,0.019459834181426203,0.028483058163548403,1.5244831087532897,0.1808275528685782,3.3096597119973468,0.6898340482319341,0.7790432331172628,1.6611949326992668,2.2198870767319665,0.06541368746119759,0.5925538910171616,-0.16012938312296243,0.0048889062778016,0.6213450155138693,-0.04245427037296301,0.1755998360570099,0.07160015558713273,0.002273184626849195,-1.9931376420478697,-0.27866684370448347,-0.14121677841554592,-0.09598610745449232,0.31458124343499616,0.0241861640820766,0.0978997628576098,-2.2583343034306034,-0.2148533262968877,-0.38984465403121593,-0.050692580531866704,-0.38135364929532223,0.1586034920620286,-0.8553348679444435,0.9063711550113258,1.3585252803132168,0.041457903928600714,-0.5708673995983276,0.09801081455697624,0.6757075392420022,-1.81695975903813,0.2232347360088011,2.6430642159653557,0.3212715458078863,3.6807536899940985,0.1673665018738332,0.29491319875814337
0.0,0.0,0.0,0.0,0.1353676484948408,-0.1074584852878895,0.0,0.008453366247584899,-0.0025788802375215,-0.0030825461363907,-0.0037910227396639,-0.8076374891617305,-0.0017939058120096,0.0004480322280139,0.1021799751522535,0.0,0.0,0.0,-0.000507091323098,0.0,-0.0006465633205745001,-0.0074190504004263995,-0.0008860242862752001,0.0009040345550149,0.0,-0.0012117267161583,0.0,0.0,0.0009497123497352,0.0,0.0,0.0030289651100372,0.0,-0.026188024760271898,6.8906222139219295,-0.40879161700909966,-0.046731206023953295,-0.0665259001734723,-0.6980848029649632,1.5264415640090312,0.040772581316690905,-0.0120549569270753,1.3238893566064998,-0.11871733186713257,0.1182229016875562,1.9691355290621126,0.19945148997104759,0.3076426373775449,-0.0102081702565543,-0.0021320681338439,0.0012290020762517999,-0.017926813471703003,0.0,-0.005507771614047299,-1.4927205966974126,-0.0709171921008739,-0.0079002986693517,-0.0114707812396014,0.18000371124556902,-0.0018745228136197003,-0.19828929228064673,-0.0871934501170877,-0.0048257844921363,-0.008768901247307,-0.0056084127458261995,-0.0150223235437404,-0.0009083931287034999,-0.0004580103653436,0.0,-0.1062477860537775,-0.0005309597061095997,-0.1036757595036022,-0.0306583998009218,0.0,-0.0029562577057444996,-0.019900727869475,-0.0720935044538754,-0.0493897682688039,-0.0826637882179845,0.0,-0.022548659862812504,-0.0041666311814483005,0.1673665018738332,15.021012006093827,-3.9548916561283214
-0.0012654322827574003,-0.08902996418088441,-0.384467838841274,0.002104723314483,1.3628831327443152,0.1380412131894305,-0.4712212237342415,0.3428452761438572,0.075335973770803,-0.0257782793505953,-0.1336449800204652,-0.129120046208396,-0.0468464440415797,0.0166085150713315,0.0287170828840648,0.06832572736461798,-0.1574082114031917,-0.0822804297089491,-0.1728887456151091,0.0,-0.7737631838528769,-0.1440477626157027,-3.02994205381189,-0.31433637854812657,-0.0069589414923406,-0.32364491565578357,-0.9826351497538737,-0.40961148761378857,0.015295057168582003,-0.2529983979937996,-0.0011731600182043,0.087867029156564,-0.0180948513611356,-0.40829049917503724,4.744778056871127,-2.831370882261095,-0.13234503459491953,-1.7459311765012606,-10.586202678845689,1.4072063378204445,-0.2363478884736417,-0.0781540149765191,2.3402484757205047,-1.1703868074458081,-0.07945746007642462,-2.3685889410659,-0.19632892683573458,-0.5055686030977242,-0.0519575613058497,-0.0023550038798491003,-0.0010578459059139012,-0.31305607279744796,-0.0015439589181423,-0.031397529079428,-0.10571600479582481,-0.1521264699264856,-0.0466644796362289,-0.0662989841189921,-0.109315699378141,-0.034627760397226294,-0.09958390372080829,-0.2250559803851005,-0.0359184642288233,-0.0010191500754418996,-0.00027395219556922146,-0.26962342265929706,-0.038306311068886,-0.1394260780500706,-7.179882549019994e-05,-0.7280075832823061,-0.007239580934846002,-2.053747432025058,-0.0790533919657069,-0.0045576392692946,-0.193321679363761,-1.340850496966376,-0.279216977861362,-0.33777540767445513,-0.31900410753380964,-0.0067698981249043,-0.1430860979220184,-0.009514060426205099,0.29491319875814337,-3.9548916561283214,-0.6724880509617357
