-0.5859126128687273,-0.0007598570121575996,0.0025538635680225977,-0.0008255181365359999,0.0,-0.001000833804575,0.24200771980617475,-0.0078274012839493,-0.0184883515157235,-0.047371430784200697,-0.06548065056516089,-0.0020360435296341,-0.0030162434368456,-0.021191048461131068,-0.0010546198162776,-0.0023404517685675,-0.082253336911782,0.0011528562936272998,-0.00883113011148931,0.00018418526937600003,-0.1079698407282888,0.0010595101532442,-0.05794416690226861,-0.17250019193685642,0.0,0.007099968127434297,0.07069099131389892,-0.28305162169401676,-0.3174535317959757,-0.005094035231961946,0.0,-0.0004458395264983,-0.0202008547159733,-0.1257391388290752,-0.004856032124758,-0.0700372978794273,-0.004198499922579599,-0.38689915936427016,-0.0930103119772004,0.0067688039736005,0.0022058861062566,0.0,-0.0507865241429916,-0.0019104581851831,-0.0034927567367102,-0.0012430774976985,0.0,0.0,0.0,0.0,0.00021779159510080002,0.0,0.0,0.0,0.0,-0.0036927696203999,-0.0032249902193063,-0.0205712872839184,0.0,0.0,0.0,-0.0022229612901276,0.0,0.0,0.0,0.0,0.0,0.0,0.0,-0.00165205038683,-0.0045078103744166,0.0,-0.132456349938594,-0.0016054270021747,0.0,0.0,-0.0593912554281156,0.0,-0.0108174810289521,0.0,0.0,0.0,-0.0001739385058760999,0.0011899722936605,-0.0328288085642538
-0.0007598570121575996,0.7437898276450945,0.0017009709453474978,0.0002125951112488,0.0002434020473089,0.0001626367454117,0.001763045213815,-0.0022164159670891997,0.11321140411589925,-3.828181819870002e-05,0.0085591335129124,0.0018659603907350002,-0.1857176381408568,0.0029881233332428,-0.0055881391698017,0.08491172057274321,0.0172724057041809,0.009313475316457702,0.046592828476638204,0.0003352983881768,0.0012904944881336998,0.6339054315554102,-0.015727570352435702,-0.134676136169108,0.3135149673698716,0.020471174481745305,1.89478772369951,-0.012565767033545302,0.0029936224148712,0.0013483896163519991,-0.0061182605979637,-0.0003926767463365,0.0003458642162402,0.0288053643355654,0.004449905021052601,0.13265986060494078,0.3220088092196115,0.06066980601608932,0.015673063432446996,0.0065921895515522,0.0019957010548815003,0.1029423559496131,0.504163176070717,0.205552002690132,0.3203711449558827,0.0803719627529629,-0.0018243330365232,0.0006732730425068,0.019461478264411903,0.0,-0.5598007091121779,0.228909424385188,-0.00019464342358,-0.0002268284115874,-0.0005684336022493,0.008629920694134999,0.0,0.0219456922509961,0.0,0.017620919351905198,-9.246688401559999e-05,-0.020269984449978823,-0.0005877338738452,0.0,0.05320064065562931,0.1329973654185891,0.016330947025842,0.09125769875554929,0.0,0.011615064986369501,-0.0029535108242578073,0.0394138579792816,0.007850234322167901,0.08902634564126422,0.37448837777737465,1.1505910472507876,0.0097020924102893,0.0021931408979883,0.0022763562379683002,0.004212913641633299,-0.0009829582196064,0.0004865172738732,0.0524450606561597,0.0089030325265659,0.09635555076240948
0.0025538635680225977,0.0017009709453474978,4.623981215225925,0.0003208940070429,0.0,0.0065365835440213,-0.14838926853668433,-0.020845329290995973,0.0,0.010528562888008703,0.04194834440505231,0.0,0.0003836742504225,0.15576417694764227,0.0011049702352613,0.0343381737441525,0.8912512013732439,0.013696314786226002,0.060175945857759316,0.0,-0.0648069419989315,0.0035990412509327024,1.3402979295192843,-0.026388832251535495,0.0,0.953001919944807,1.9371885587757056,-0.25424386035438296,0.02234750695791661,-0.022455280117656823,-0.0005631936704491,0.0,0.00030198156570340013,0.1413394966021786,-0.0325059665349455,0.404971531873886,0.05227896009649238,0.7866660404385699,0.30288676061275704,0.0271574845204868,0.0059412942194095,-0.0006317614400501,-0.1443713291880897,-0.08028795261261829,-0.04917921357253868,-0.06085313706481539,-0.00022110527158219996,0.0,-0.0008012770310758,0.0,-0.011260854661333801,-0.14937197676121622,0.0,0.0,0.0,0.0,0.0,0.0,0.0,-0.0022416148778702997,0.0,-0.0002698043949284,0.0,0.0,-0.042444409498208005,-0.033097726064943,0.0,-0.0077509524441857006,0.0,-0.0194015675918497,0.008463126900499399,-0.303196321634668,-0.025706498067271502,0.000580882990222,-0.034333179995774496,-0.5410213409463553,-0.008638646472864601,0.0,-0.0023015503802856,0.0,-0.0002083209488694,0.0,0.0010487227504914001,0.0007888711233126999,0.03199517042741873
-0.0008255181365359999,0.0002125951112488,0.0003208940070429,-0.33563495156116474,0.0,0.1387395787279758,0.11740002462768351,0.027909396495215497,0.2913885370064465,0.6348994773281644,0.0012365012801944,2.1892565916927893,0.0002187974977332,0.067813659238454,-0.5229544063113121,0.0,0.0,0.0,0.0,5.125536768826523,0.0,0.00025122001123989955,0.0006614282787242,0.18458500511499287,0.0,0.0,0.0,1.2946602238208182,0.0025078256665208992,0.0010932200324407,0.0,-0.0014047191712538,0.0015856488219402,0.0019133534332372998,0.0014905415077490999,0.0530717218206146,-0.001099246408305,-0.0247469013776569,0.013490938908207899,0.4766487928843306,-0.0020710366144884996,0.0020853839218432997,-0.0056826195274191,0.0,0.0002391163223109,0.0,-0.024020344732142693,0.0,0.0,0.0,0.0,0.0,1.1341579878995056,0.0001665098086373,0.0025365279710355994,0.006763969315078,5.65064482616999e-05,-0.015182353876188603,0.35046026939886893,0.0,0.1673012429422837,0.0,0.0008966895981921,0.0553864308730121,0.0,0.0,0.0,0.0,0.009950159424453403,0.0,0.0002174666483868,0.0,0.08750828762406238,0.0,0.0,0.0,0.0332606580691132,0.0,0.0,0.0,0.0,0.0,0.0,0.0,0.0020432222808405
0.0,0.0002434020473089,0.0,0.0,3.0473257484239653,1.1831746319130616,-0.00031692997830329994,-0.8154833931230693,0.0,-0.0003870078602068,0.0012533223268980998,-0.0002068293536632,0.006871515968167,-0.013185497397415,-0.2694163026728192,0.0,0.0,0.0,0.0,0.0,0.0,0.0,0.0,0.0,0.0039908777736513,0.0,0.0,0.0,0.005209210622667999,0.0,0.0,-0.013113349131842256,0.0,1.0995494545695403,0.0,0.0011592345451147002,0.00170209206998,0.0024221191049766996,-0.0006525616798523,1.4069653552791646,1.242197747500362,0.0170647274415517,0.0003645756552446,0.0,-0.0003913255725833,-0.0003073285659944,0.0,0.0,0.0,0.0,0.0004656452677223,0.0,0.0,0.0,0.0,0.0,0.0,0.0,0.0,0.0002830737701824,0.0,0.0004982486215205,0.0,0.0,0.0,0.0,0.0,0.0,0.0,0.0,0.0003342340633381,0.0,0.0,0.0014038407793518,0.0,0.0,0.0,0.0,0.0,0.0,0.0,0.0,0.0,0.0007375976003581,0.0010924694447269
-0.001000833804575,0.0001626367454117,0.0065365835440213,0.1387395787279758,1.1831746319130616,2.6134518260954316,1.0857303328322239,1.6525606928537808,0.0484737625259162,6.71537184338134,0.06374964078557199,0.8003050018994466,0.053519596345852495,-0.12980377807026866,-0.8961804362463253,0.001129085724641,0.0013760406384094002,0.018159221491926697,0.0042500263453142,0.09117752628464201,0.0013469370784111,-0.0014162970276720998,0.012652073743571898,0.49705882207290564,0.0214417880943768,0.0141694450045072,0.0051753308003286,0.5841154172075771,-0.14438261853312873,0.010280002033450902,0.000611776208748,2.8932397222137984,0.0032691974151876,2.3609450357471267,0.15329717462374093,0.685153868979592,0.0702693994015531,0.03917655687845789,0.027314989245758495,0.7504337712292419,1.2078240763120498,0.2757886457804975,0.007159283376335101,0.001208715814608,0.0008152393566994,0.0013867583268744,0.022781606808757397,0.0,0.0020409877206159,0.0,0.0,0.0,0.031418419406333505,-0.00026526935581520006,0.014723221494243502,0.058495854678540404,-0.0018488287723407,0.0632951354694935,0.1284797560595708,0.0020218292460834,0.0628197730943118,0.0065556060396256,-0.0015092670176506,0.026760520902298898,0.0,0.0,0.0,0.0,0.0134701170927519,0.0002961501936379,0.0,0.0,1.107643819016753,0.0036182400657632,0.0,0.0,0.0650164998044,0.0021205514787402,0.0,0.0,0.0,0.0,0.0,0.013822244659438404,0.0214878965181851
0.24200771980617475,0.001763045213815,-0.14838926853668433,0.11740002462768351,-0.00031692997830329994,1.0857303328322239,18.093519188793834,1.3356104952130492,0.0091555156388973,2.3464568390669793,0.019936048611298607,0.06547936163817632,-0.0183869665216223,2.183106349560328,0.10268326479371451,0.058482111495587505,0.10298738120134643,0.0007161466641029002,-0.01444493754097731,0.014033637447045697,0.13510330447142582,0.004604105473575201,1.3533062032998204,0.6675630918460344,-0.00030445491680720005,-0.0569989915058208,0.10825321458339018,7.301609603963932,-0.4119935159771355,0.4046392953553619,0.0,-0.012464374996986001,0.11501923069815309,-0.10429972395369336,-0.0005891488276672033,-0.057514564683217806,0.022761764297906197,-0.7933947142808035,-0.04265800332863323,0.5925825882005263,-0.0005970890621442015,0.0500108786864767,-0.1508874875170348,0.0005074484048510994,-0.0020081378528999,-0.0002970402187661,0.007360477004335,0.0,-0.0027480762990617,-0.0010987548625612,-0.0014575093396638002,0.0,0.006803561240877399,0.0,0.0023556725699847006,-0.0380699284040443,-0.0028974231574602997,-0.024989536202625395,0.0007527505919161966,0.0,0.0012049215414737002,-0.0123816903778051,-0.0073822525497426,0.0022338568642342,0.0018948145236287002,0.0,0.0,0.0,0.0023699240898223998,0.0,0.0043039661874218,0.0003124164782085001,-0.4808148867492457,-0.0041317761533361,0.0,-0.0014040439094791,-0.1937380029647167,0.0,-0.0056542497653045,0.0,0.0,0.0,-0.0015524035835925,0.0020439363491731,-0.1672859797064054
-0.0078274012839493,-0.0022164159670891997,-0.020845329290995973,0.027909396495215497,-0.8154833931230693,1.6525606928537808,1.3356104952130492,4.427889312888009,0.005625569658399998,1.844227135075684,0.3187933926996118,-0.3983349781774549,0.012866451487584599,2.167533173494098,-0.0273111675273814,0.0050480821156952006,-0.007975908688996003,0.0535671499647056,0.0189409532629002,-0.04741783163417461,-0.1310258886769948,0.0034092837256384997,0.03148334679398507,0.1926020660534855,-0.0013357715400611999,0.0239103483562005,0.0409075328717625,0.2462546640489377,7.037501863063789,0.046997449212812695,0.003400230302082,6.304228454038317,0.039577878956149,2.06597571988683,0.007414770724801201,0.13063880943195907,0.004752982191897501,-0.22514744112907292,-0.09627717093759458,0.2711490591054802,0.0770645744676811,0.015929970454947498,-0.005441946710765201,-0.0015804080199671002,-0.0031521894212158,-0.0077248593917683996,-0.0015244100865926995,0.0,-0.0003361300510736,0.0,-0.0054037146406155,0.0008484972750342,0.0022145760097814003,0.0,-0.0006653834905851,-0.039021056915973795,-0.003870007100232,0.0005235782083659948,-0.012670444938808898,0.0,-0.0004982650363314,-0.011606229457934499,0.0026345471985717,0.0004432207717675001,0.0,0.0,0.0,0.0,-0.0003696042345676001,0.0,-0.0010715371983719994,0.0,-0.012672691395357427,-0.000788166726493,0.0,0.0007966054716761,-0.12282740020112821,0.0,0.0,0.0,0.0,0.0,-0.0011063411303829,0.001524009832684,0.009059139850553403
-0.0184883515157235,0.11321140411589925,0.0,0.2913885370064465,0.0,0.0484737625259162,0.0091555156388973,0.005625569658399998,0.8448119418956752,0.4632568184968351,-0.0028596661487499007,-0.3072072905782962,-0.04199442590112079,-0.0029282199543178983,-0.2620873888969325,-0.0007773324840555998,-6.641397498039999e-05,0.0,9.693846239939999e-05,-0.11012307567585483,0.0007940142351803999,0.6402512185374982,0.0008248841112436999,1.4306569495957149,0.08066083466249119,-0.0019858006590999996,-0.05479585389270725,-0.17798319048734723,-0.0837311738613889,-0.0036268898891361027,0.0,-0.0001614040852615,0.012166472317298,-0.055130910092776805,-0.0080372977874515,0.033106520148555196,0.010351833617343799,-0.10194970832831399,0.004658836082245599,0.4679566730300481,-0.0006168554280600001,0.0336425966917853,-0.01042172687240095,0.0002925050332028998,0.062137234315013105,0.014246568088749002,-0.016405228999571905,0.0022082578490559,-0.00038112333599010003,0.0034668341940707,0.0007403670783344999,0.0,0.2319312857149409,-0.0004478149122892003,-0.0004969706039526997,0.008079222694871394,0.0282289062839617,0.6492993307121029,0.3988236742495247,0.0,0.0324763838750238,0.004396321883602498,0.0058043950581272,0.0426275983543942,0.0011687352628968,-0.0005588103048019,0.0,0.0,0.044438164143799,0.0056752522192577,-0.04177506409367189,-0.00034249158455550003,0.21454259809856757,-0.0019643598404008,0.0,-0.008465982764372099,0.037670787266742334,0.029648954522664403,-0.002390431089357499,0.0,-0.00046319342861249986,0.0013586628812887998,0.015346406606707198,0.0077037850452984,-0.1039306501346042
-0.047371430784200697,-3.828181819870002e-05,0.010528562888008703,0.6348994773281644,-0.0003870078602068,6.71537184338134,2.3464568390669793,1.844227135075684,0.4632568184968351,28.603433309062822,-0.048361242869563795,-0.3051185524193958,-0.0092130732459224,-0.3642661236594962,-0.11625567190164349,0.0010960834843174,0.0040366052319167995,0.0004727348196308,0.0006970266778093,-1.1466760561882228,0.0012767824199645004,-0.0016900617283748002,0.018937917234693,0.4854775199115893,-0.0006114934186358,0.0013244636555753999,0.0036629755019421,-0.6552138770653748,-1.8112553891342813,0.00012381799583150062,0.0,-0.0451483427642887,0.0237662775436703,-0.7074093473550709,0.1143448701050926,0.4964321792978399,0.0110808606880642,-2.043214949067652,-0.17010512663382799,1.0832716938756852,-0.0527964715758024,0.0328599548424244,-0.0731802019738329,0.0,0.0,-0.0046040750334554,-0.009060801715281785,0.0,0.0,0.0,0.0,0.0,0.28513421934249195,0.0,-0.020071897241704495,-0.004585028379843599,0.017982134198926997,-0.16092989252314216,0.4389550916939812,0.0,0.23620420202093106,-0.0030198050407852,-0.0016334333653356,0.27428918607708286,0.0,0.0,0.0,0.0,0.025243287954304697,0.0,-0.0009823714858195,0.0,-0.6729998361376159,-0.0015210485485343999,0.0,0.0,-0.11037388443449378,0.0,0.0,0.0,0.0,0.0,0.0,0.0008118858731831998,0.02464191477416991
-0.06548065056516089,0.0085591335129124,0.04194834440505231,0.0012365012801944,0.0012533223268980998,0.06374964078557199,0.019936048611298607,0.3187933926996118,-0.0028596661487499007,-0.048361242869563795,0.17245921209612902,-0.0312983715945798,3.885472206395688,-0.1137392736678556,0.019726681086333,-0.011820416776967099,-0.2960618806029417,1.0775197332097042,0.08291214023593418,-0.0017968164874063997,-0.08141273621676721,-0.007423979427415401,-0.2136771654564443,-0.0162627808838409,0.0735758342464614,-0.6581989241048607,-0.07641900978399002,-0.03722972668017979,0.011068367378422983,-0.1197129124988732,-0.056099109913685774,-0.0712221467806868,-0.0122228367170793,-1.6770703778378717,-0.0063807201925402,-0.0190762364351727,0.04254036694275665,-2.162002500373389,0.07684775860762483,0.3158279042284616,0.42064233093745285,-0.5735910680860808,-0.002470663993693001,0.010361337361909702,-0.00343880763468,-0.004719109753778001,0.0,0.0,0.0008589350722453997,0.0,-0.0021882183001128005,-0.005272581172965801,0.0,-0.0001815729466854,0.0,0.0,0.0,-0.0018660118999489,0.0,-0.0029411060310521007,0.0,0.015324003727564595,-0.0001660908455661,0.0,0.0009590333684789999,-0.0011258390631983,-0.0003722680185963,0.0017452659738923,0.0,0.0,-0.0014165337027912,-0.0029253012916489,0.0,-0.013848053560229102,0.005666747878737999,-0.024817838168729296,0.0,-0.0002309818906878,0.0,-0.0035019266414982,0.0005290081549543,0.0,0.0005928178033479002,0.0004884709663377999,-0.026338730299363206
-0.0020360435296341,0.0018659603907350002,0.0,2.1892565916927893,-0.0002068293536632,0.8003050018994466,0.06547936163817632,-0.3983349781774549,-0.3072072905782962,-0.3051185524193958,-0.0312983715945798,-0.6595171151950652,-0.0005181972397467,-0.7256172114683973,-1.6706001082394288,0.0,0.0,0.0,0.0,-2.2324825287159307,0.0,0.0027289314970329,0.0,0.6607713464859596,0.0005848243201284999,0.0,-0.0004294389288090999,-0.2778335195981936,-0.5372501513333523,0.0,0.0,-0.0327072882515574,0.0,-0.2668939150914949,-0.2362568242556602,-0.1582252066030085,0.0005828414068825001,-0.6150512630721651,-0.1195554360909235,1.1009933903611189,-0.014708934712835998,-0.0023538683564316,-0.0317932985726385,0.0,-0.0009468974694509,-0.006300282281003,-0.2984728586129937,0.0,0.0,0.0,0.0,0.0,0.23204448348679801,0.0006673779824287003,0.007565816121495702,-0.0026747088908467996,-0.0006269942706813,-0.2344835053028717,0.2016277179508104,0.0,0.775997868966071,-0.0007646049112055,0.0,0.0094545724535725,0.0,0.0,0.0,0.0,0.04390471716185461,0.0,0.0,0.0,-0.041102459166987196,0.0,0.0,0.0,0.021704515055250596,0.0016607981758338,0.0,0.0,0.0,0.0,0.0,0.10624968122653808,-0.0073022338602843
-0.0030162434368456,-0.1857176381408568,0.0003836742504225,0.0002187974977332,0.006871515968167,0.053519596345852495,-0.0183869665216223,0.012866451487584599,-0.04199442590112079,-0.0092130732459224,3.885472206395688,-0.0005181972397467,4.726150268963627,-0.0166665961823965,0.031075441640818,0.0011699753188399997,0.0067839799112919,0.19526229868945566,0.0256323698131075,-0.0019704665596255,3.6410252547699996e-05,-0.006493117011864308,-0.0014856113450723,-0.047538792552938906,0.44251160613653573,1.1633127710545046,0.29513092216479064,-0.0331340555619119,0.006461722930050803,0.0004183515440822,-1.2485939254326182,0.0038070827285818024,0.0,0.3348670514616413,-0.0009742473820647999,0.24337682667701238,-0.011208185366363477,-0.2846737031184763,0.1745652214070686,0.1451972586437496,0.0991873676727882,-0.6088457646302499,0.08132045326762291,0.20666779322057988,0.02258886145613964,0.06184734303909059,-0.0826692574270816,0.028095689082136402,0.23731695104673595,0.0008046634050563,-0.08993764756866868,0.0,0.0030637376582572,-0.0029515404197048,0.005435042124580599,0.0287914993088923,0.0123606129404967,-0.003342218889478301,0.06412829631844641,0.5579040140559466,0.0027156742774671,0.19312966322976965,-0.0006989159087911999,0.0032021221566619993,0.0,0.0004021448655383,0.0853771660516438,0.0221431372083423,0.0044330956379397,0.0,-0.0612621552722138,0.0,0.09794806974717911,-0.853540382976123,0.1423635951245349,-0.19276611511739528,0.047847869994118004,0.0253188102636264,0.0009489928913841,0.0174594249370687,0.004598134360931299,-0.0001767060550033,0.03550709972120679,0.0013672176926445,0.018604168065196297
-0.021191048461131068,0.0029881233332428,0.15576417694764227,0.067813659238454,-0.013185497397415,-0.12980377807026866,2.183106349560328,2.167533173494098,-0.0029282199543178983,-0.3642661236594962,-0.1137392736678556,-0.7256172114683973,-0.0166665961823965,-9.948890153545664,0.0034728663907702007,0.0169737499199834,0.287277207865713,-0.0151407871788117,0.044273590709673495,-0.0957248899829439,-0.1760463991661979,0.034862127028307,0.693200167237269,0.3373908527751648,-0.0010707611758986,0.013148171559249494,0.4213033748684632,0.5438541573000266,4.587519671891545,0.5873493851959424,-0.0002603898218883,-0.1591152687618892,0.0886100439528979,0.11521289221217501,0.0037315920048722998,0.003848700832101093,-0.0099454052159123,-0.6612285734197775,-0.2117121863088076,0.1455883903093764,-0.0018717986544893005,-0.0026639749245691994,0.0028040102523179,-0.0001433292385350001,-0.0033121489136014,-0.0092643888386565,-0.0015389013251864,0.0,0.000882882919409,0.0,-0.0042702904971031,0.0,0.0040706452402074,0.0,0.0,0.0087390199794419,0.0,0.006103856894960492,0.0017606390203067,0.0,0.0013487401798924,-0.0036121580972042003,0.0,0.0,0.0002818486849625,0.0,0.0,0.0,0.0,0.0,0.0057725773821936995,0.0,0.5731051321434739,-0.0015832002787239,0.0,0.0010408542603859,0.011629953052638801,0.00010292542260500006,-0.00015471493346060007,0.0,0.0,0.0,0.0,0.0014009161707363,0.012796160038774797
-0.0010546198162776,-0.0055881391698017,0.0011049702352613,-0.5229544063113121,-0.2694163026728192,-0.8961804362463253,0.10268326479371451,-0.0273111675273814,-0.2620873888969325,-0.11625567190164349,0.019726681086333,-1.6706001082394288,0.031075441640818,0.0034728663907702007,-0.9418720879885115,0.0007690735718561,0.0,0.0048156807334999,0.0018492573552472,-0.4613445135865316,0.0002538442701988,-0.0113039146800036,0.0033181078814026,-0.5185174294971016,0.0086657554420649,0.0042408339641427,-0.0019606295073852,-0.20450798981571627,0.0117722511183204,0.0018285241174518,0.0008282834507463,-0.0360364986798802,0.0033591209836594,0.3537684302720536,0.00025653500812420005,0.6703747227788664,0.0226119973511286,0.06679263383892659,0.007670958580842299,-0.025477312165641197,0.0827998813397679,0.0990801147004168,-0.005141682079007499,0.0014369542272607999,0.0007788262137318,-0.0008723211340141999,-0.1050830641336095,0.0,0.0014462571044985,0.0,0.0,0.0,-0.0646227682804146,-0.0069580812405033,-0.0475503665854803,0.0036353378959390996,-0.0015377009016167,-0.0591598337375137,-0.3984158189089544,0.0012836827198146,-0.1511823591386724,0.0043829900890564,-0.0027735209042314,-0.0278934088634647,0.0,0.0,0.0,0.0,-0.0972007197908072,0.0,0.00030089946414359994,0.0,0.2844230567806338,0.0005120121980802,0.0,0.0004831895639894,-0.03677076535539679,0.0011672843883979,0.0,0.0002698683674154,0.0,0.0,-0.0002135867900186,0.0008571416714513,0.0028111138476679997
-0.0023404517685675,0.08491172057274321,0.0343381737441525,0.0,0.0,0.001129085724641,0.058482111495587505,0.0050480821156952006,-0.0007773324840555998,0.0010960834843174,-0.011820416776967099,0.0,0.0011699753188399997,0.0169737499199834,0.0007690735718561,6.770478325276764,0.002811018077903238,0.0008112695133874999,-0.007706330157307602,0.0,2.884164509570723,-1.001615839849796,2.6080678970118623,0.3724115205770562,0.0537553687266797,-0.0555067210271212,0.4135519399310459,0.3706417779678032,0.0874088084641908,0.21976980411345748,0.0,0.0,0.0194204966957703,0.3987406869654895,-0.022139099826838787,0.8818932997421367,0.3549567278233903,0.6540418399870007,0.09725319166619206,0.7960595896569503,0.0096096365861548,0.0010846753752124,0.2809494679509559,0.10430182444552777,0.13473461246513233,0.0544306142359455,0.0055154090957740005,0.0,0.0,0.00017340517166059997,-0.029533404924926003,0.017099004817437896,0.0,0.0,0.0,0.006676044611793,0.0,0.1077845417292918,0.0,0.0011111103267215999,-0.0002216721038008,-0.001073638924142,0.0,0.00042019327445480016,-0.5126042764719667,0.001328905910504101,0.0,-0.0017257987376698997,0.0,0.14747346206986656,-0.4438184076653563,-0.13567078373030328,0.032373939726911716,0.0019918399466533,-0.0055576824065495,-0.23895760590353965,0.08524863066730112,0.0049462587108112,0.0397211344947694,0.0,0.0,0.0024676945420852,0.0283638967724655,0.0103586079161753,0.3990695166338869
-0.082253336911782,0.0172724057041809,0.8912512013732439,0.0,0.0,0.0013760406384094002,0.10298738120134643,-0.007975908688996003,-6.641397498039999e-05,0.0040366052319167995,-0.2960618806029417,0.0,0.0067839799112919,0.287277207865713,0.0,0.002811018077903238,2.4442961626942736,-0.025578955580907503,1.1647156315870095,0.0,0.00852832384202884,-0.034289378023264996,2.2377464647456655,-0.024082217772848774,0.0008301918971659,0.512697972990642,0.5855413461454919,-0.15649379934107066,0.05073304326476613,0.2460632333759698,-0.0014024429688833,0.0,-0.0035930822497001,0.6500009391081236,-0.014188734471514199,-0.07729480667114202,0.02217500920224799,-0.13719254965250316,-0.017238211504114087,0.037104671820836,0.0120741202611614,-0.0006790816326034,-0.0942168680080219,0.05131517894624921,-0.02467631833198919,-0.0555060856757091,0.0,0.0,-0.0007806790740057,0.0,-0.030930523940161197,-0.12129250966844829,0.0,0.0,0.0,0.0,0.0,0.0008407736643078999,0.0,0.0007960804760494002,0.0,0.0021399682052312997,0.0,0.0,-0.013727923053759201,-0.0373080508987498,0.0019975812213301,0.007790595952984498,0.0,-0.002782283131601,-0.017439706090741497,-0.048401799845464596,-0.0057167606609019005,0.0006566399217859,0.0010086271804864017,-0.3159217947746864,-0.0006370530818972,0.0,-0.0006313239242984,-0.0001685193688839,0.0,0.0,0.0013101897313661992,-0.0017057751731172,-0.1137998740637905
0.0011528562936272998,0.009313475316457702,0.013696314786226002,0.0,0.0,0.018159221491926697,0.0007161466641029002,0.0535671499647056,0.0,0.0004727348196308,1.0775197332097042,0.0,0.19526229868945566,-0.0151407871788117,0.0048156807334999,0.0008112695133874999,-0.025578955580907503,-0.5414294319382353,-0.7962683468298177,0.0,0.003174230482624,-0.0007593058311890001,-0.0043947027478533005,0.0010116711625415,0.0048980649701165,0.13778746808791853,-0.020982153807952986,0.0002760878818491,-0.0040845556071884,0.016541440021619,0.014954224910561087,0.0012209172221458002,-3.9418684858999855e-06,-0.04075793364530256,0.00041282079222939986,0.1863471610957275,0.10935279326196931,-0.40934110028005266,0.16331966637837236,0.071306719097147,0.0734802069743734,-0.0281656471961128,0.0051494447074432,0.0573142117239528,0.0310101287199262,0.013036819427971899,0.0,0.0,0.0008333266581429001,0.0,-0.0018586040228977,-0.0010133342457584,0.0,0.0,0.0,0.0,0.0,0.0,0.0,0.0087052719210003,0.0,0.08469298309315182,0.0,0.0,0.0,0.0,0.0079978331487433,0.0137501300982211,0.0,0.0,-0.0004123523779956,0.0,0.0,0.009361403141345101,0.043667149098570404,0.06500050708241581,0.0,0.0,0.0,-0.0038451372232635,0.0,0.0,0.000389078505397,0.0,0.0119836125410023
-0.00883113011148931,0.046592828476638204,0.060175945857759316,0.0,0.0,0.0042500263453142,-0.01444493754097731,0.0189409532629002,9.693846239939999e-05,0.0006970266778093,0.08291214023593418,0.0,0.0256323698131075,0.044273590709673495,0.0018492573552472,-0.007706330157307602,1.1647156315870095,-0.7962683468298177,-0.19936247766717052,0.0,-0.011161569837706303,-0.0019231049059727015,-0.09547748121306132,-0.0169235962101307,0.0016640886410006,0.5108770700814249,0.11658681229412382,-0.03625622239044719,0.060325465156028005,0.0471734204883103,-0.012945549231087898,0.00109435262997,-0.0024996710050028004,0.6761564629837294,-0.0030648298408148,0.3610767555396224,0.1323519084725708,0.517973044663447,0.2851899425411098,0.032865912352770095,0.0249587622288132,-0.0006318630318128001,0.0265683938000568,0.06266713106793151,0.033856989212864404,-0.010502757252718195,0.0,0.0,0.0,0.0,-0.0018165232834599998,-0.017511483736363898,0.0,0.0,0.0,0.0,0.0,0.00013312596109470002,0.0,0.0022842863163826,0.0,0.0099699674909585,0.0,0.0,-0.00025906529318109995,-0.0045177563562578005,0.0075575864982813995,0.0194810040629253,0.0,0.0,0.0006267842021101993,-0.0032996070655912,0.0002226351369274,0.0042616067589798,-0.038307811426985916,0.04243061754001609,0.0,0.0,0.0,-0.0001408227014315,0.0,0.0,0.0009939805672182001,-0.0019669887145072,0.0198778164243548
0.00018418526937600003,0.0003352983881768,0.0,5.125536768826523,0.0,0.09117752628464201,0.014033637447045697,-0.04741783163417461,-0.11012307567585483,-1.1466760561882228,-0.0017968164874063997,-2.2324825287159307,-0.0019704665596255,-0.0957248899829439,-0.4613445135865316,0.0,0.0,0.0,0.0,-0.3031259690363499,0.0,-0.0006180053899159,0.0,-0.1459361160243291,0.0,0.0,0.0,-0.15432183716910464,-0.080121472207792,0.0,0.0,-0.0034848497158597,0.0005045838981599,-0.0502821637371702,0.0005718812272694,-0.024870403688149197,-0.0010637900149706,-0.0942166612083679,-0.0240972063017122,0.1372076896794342,-0.0029768070526724,3.728420631409998e-05,-0.025894760075758,0.0,0.0,0.0,-0.1483593944945255,0.0,0.0,0.0,0.0,0.0,0.3253785300147931,0.0,0.0009501055288082,0.0009691864902872,0.0008150621710844,-0.14219966018243002,0.0405895103280521,0.0,0.3042301580006309,0.0,0.0,0.011486411613336293,0.0,0.0,0.0,0.0,0.0938707682787813,0.0,-0.0002219364597868,0.0,-0.12416653416385162,0.0,0.0,0.0,-0.0047362820565698995,0.0,0.0,0.0,0.0,0.0,0.0,0.0,-0.0002884297945526999
-0.1079698407282888,0.0012904944881336998,-0.0648069419989315,0.0,0.0,0.0013469370784111,0.13510330447142582,-0.1310258886769948,0.0007940142351803999,0.0012767824199645004,-0.08141273621676721,0.0,3.6410252547699996e-05,-0.1760463991661979,0.0002538442701988,2.884164509570723,0.00852832384202884,0.003174230482624,-0.011161569837706303,0.0,4.765351960617707,-0.032436985939026,3.699740341505123,-0.09674364624992338,2.4334430043599893e-05,-0.030078754964639992,-0.040091010298382024,0.7961928176598896,0.015542296078758233,1.8576942579330487,0.0,0.0,0.0271677433487335,1.481629536692962,-0.0859495764712864,-0.8525846077387762,-0.1625029778987888,-0.31823569748623637,-0.3129109558785202,0.4029941234487057,0.014860291630635502,0.0032407845127815004,-0.1261892727812059,-0.06253839703223979,-0.002159508626648701,-0.0075145585444308,-0.000551377577311,0.0,0.0,0.0,-0.00035064038057409973,-0.0014588763861559,0.0,0.0,0.0,-0.0001757934737304,0.0,0.0047797117426633,0.0,0.0,0.0,0.0,0.0,0.0,-0.1008714433683626,-0.0008373721220329001,0.0,0.0,0.0,-0.0880897812401942,-0.07704688688780692,-0.0762801762838243,-0.11928193637699258,0.0,0.0,-0.022586432855468,-0.0357987298786046,-0.0007364259952885,-0.0222087593500744,0.0,0.0,-0.0002725144677345,0.0018441729932378004,0.0019672040876,-0.80685618346891
0.0010595101532442,0.6339054315554102,0.0035990412509327024,0.00025122001123989955,0.0,-0.0014162970276720998,0.004604105473575201,0.0034092837256384997,0.6402512185374982,-0.0016900617283748002,-0.007423979427415401,0.0027289314970329,-0.006493117011864308,0.034862127028307,-0.0113039146800036,-1.001615839849796,-0.034289378023264996,-0.0007593058311890001,-0.0019231049059727015,-0.0006180053899159,-0.032436985939026,1.2436516346528461,-0.09868202289830452,0.6181342337480729,0.07240882995780301,-0.0132128655291404,0.14509156230629383,-0.036671549845244705,-0.0108570287560283,-0.002785858340033299,0.0015782748536652001,0.0,0.0007041662784044,0.0145492754743351,-0.004912958559261599,0.05477101143255242,0.027632811218205905,0.061523092222804915,0.009775988992658108,0.0603804849197139,0.0020988247391318,0.0430479490998023,0.2389055208850037,0.0768688279744693,0.09814595199811899,0.0367677483321896,0.0032818050100608996,-0.000370439094413,0.0023738044103237,-0.0004504193561565002,-0.10375840798963162,0.0686833281027265,-0.0011703318797756002,0.0,-0.000997079367369,0.013192537783489399,-0.0033873087780338,0.0464244945850669,0.0014335884470789997,0.0006471270939858997,-0.0014969933771529,-0.003657667147990701,-0.00020726286048680046,0.00025335239274760005,0.045263061876536725,0.023350162113056003,0.0,5.2387407301199805e-05,0.0,0.03611052265209701,0.20169472464955218,0.14513609340748979,0.1594649423157351,0.0006170492822196003,0.0005370387068715007,-0.06832049960472386,0.054029053959184406,0.0007287652172531002,0.011276602517587702,-0.000240386194732,0.0,0.0004861840227587,0.011635741997528199,0.0037860040814916996,0.08206353961854768
-0.05794416690226861,-0.015727570352435702,1.3402979295192843,0.0006614282787242,0.0,0.012652073743571898,1.3533062032998204,0.03148334679398507,0.0008248841112436999,0.018937917234693,-0.2136771654564443,0.0,-0.0014856113450723,0.693200167237269,0.0033181078814026,2.6080678970118623,2.2377464647456655,-0.0043947027478533005,-0.09547748121306132,0.0,3.699740341505123,-0.09868202289830452,8.227341612842636,0.025988004228591932,-0.0005792229224932999,-0.40300649542289446,0.9452829824763249,0.2954756974132433,0.10548363950778694,1.7107436876350248,0.00020780403888429993,0.0,0.0069891251091709,0.8220717890552818,-0.16632433788967407,-1.1167503094039404,-0.5224412831151701,0.7535412867658762,-0.27919988165268506,1.2320608082126023,0.0250994791391178,-0.0023969471087813,-0.0719269717492157,-0.28343761632645537,0.07320579421737677,-0.004134955025690917,-0.0004735015665985002,0.0,0.0,0.0,-0.026620133885866402,-0.005232123377708786,0.0,0.0,0.0,-0.0011402048636914,0.0,0.004512329739743099,0.0,0.0004447465000011,0.0,0.00010028935002849999,0.0,0.0,-0.5180010364354555,-0.001725833736360101,0.0,-0.0016058866387342,0.0,-0.05247415858551763,-0.0711310055657467,-1.107558653824255,-0.15653103932466708,0.0,-0.0032782884485211996,-0.4661871644925766,-0.026852907662249303,-0.0002626469990017,-0.004152485337074,0.0,0.0,0.0,0.004331999844882401,0.013597812751899401,-0.5295369449578362
-0.17250019193685642,-0.134676136169108,-0.026388832251535495,0.18458500511499287,0.0,0.49705882207290564,0.6675630918460344,0.1926020660534855,1.4306569495957149,0.4854775199115893,-0.0162627808838409,0.6607713464859596,-0.047538792552938906,0.3373908527751648,-0.5185174294971016,0.3724115205770562,-0.024082217772848774,0.0010116711625415,-0.0169235962101307,-0.1459361160243291,-0.09674364624992338,0.6181342337480729,0.025988004228591932,16.490402654582876,-0.059550798225494805,-0.048456021101063,0.005905589194427074,7.725763246714589,0.26163268459693345,-0.17085263342868817,0.0,-0.0057306989750374,0.2781799745560322,0.2789157266618205,-0.05460364700603157,-0.7609788652512162,-0.04519806349573302,-0.41817079289430814,0.13114633849901203,1.8427930284496123,0.0319856323868426,0.0348168066043921,0.4862328731710024,0.10681175441177199,0.4850882770092055,0.1569633958302119,-0.14532138118944832,-0.008808526964970401,-0.009072888113579501,0.011292003341918704,-0.009350544885061702,-0.0005533991388289999,0.42200242669487376,-0.00013722096359830007,0.15918494736452912,0.17473207960269788,0.15944107213298842,0.41385782230398194,-0.08019089866962315,-0.0001734136759587,0.006865368680318812,-0.0319077972736872,0.03089689859086711,0.005082715088603695,-0.0693263214048746,-1.3640534900199964e-05,0.0,-0.0001834440119085,0.032495083317878204,-0.13163233698413618,-0.16651534834275117,-0.06870386157433789,2.005652097919822,-0.017786908148621498,-8.544360578159995e-05,-0.0646290325366988,-0.32387160553554306,0.18748557752263983,-0.18903984662573525,0.0,0.0,0.039492000287762695,0.08543223231453259,0.004605643379202301,-0.8044666393427065
0.0,0.3135149673698716,0.0,0.0,0.0039908777736513,0.0214417880943768,-0.00030445491680720005,-0.0013357715400611999,0.08066083466249119,-0.0006114934186358,0.0735758342464614,0.0005848243201284999,0.44251160613653573,-0.0010707611758986,0.0086657554420649,0.0537553687266797,0.0008301918971659,0.0048980649701165,0.0016640886410006,0.0,2.4334430043599893e-05,0.07240882995780301,-0.0005792229224932999,-0.059550798225494805,0.19502541654149086,-0.0014295306992356998,0.18745870056257052,9.361685961999989e-05,0.008179284214213399,0.0004128372262502,-0.0010896797552042,0.0020556641450074,0.0,0.12428295828108761,-0.0031580070193641,0.059721202693227206,0.0572926161909324,-0.041923333279574,-0.00025058368141170004,0.0536377051190976,0.017065778525789,-0.10885447585187946,0.024648873455549298,0.029145024697291695,-0.00021907418256479627,0.0198944288472777,0.004103356765815899,0.006881055196099,0.135864931304883,-0.0003457378962431,-0.0332493981595795,0.0,0.0,0.00038101462142259995,0.0008440309315151,0.0002511619206305,-0.00015577975386409982,0.0006204158049464004,0.0,0.0986268732281407,0.0,0.2688203193065305,-0.0006905459509063999,0.0001705532473081,0.0011630225477997,-0.0002841653266051,0.0044966616973554,0.0032178616919369997,0.0,0.0,-0.0158034857971772,0.0,0.0067973993620448,0.20084173662889582,0.0162869062163416,-0.04527911122152839,0.0008785551015435,0.011494842781833098,0.0,0.012332140736129302,0.0040829164806224,0.0,0.0117894114343336,-0.0015809465638637,-0.0090426166231546
0.007099968127434297,0.020471174481745305,0.953001919944807,0.0,0.0,0.0141694450045072,-0.0569989915058208,0.0239103483562005,-0.0019858006590999996,0.0013244636555753999,-0.6581989241048607,0.0,1.1633127710545046,0.013148171559249494,0.0042408339641427,-0.0555067210271212,0.512697972990642,0.13778746808791853,0.5108770700814249,0.0,-0.030078754964639992,-0.0132128655291404,-0.40300649542289446,-0.048456021101063,-0.0014295306992356998,12.30491958635767,1.5636300336768514,-0.07685437283712948,0.003240906885179501,0.031216422167717806,0.004853857164218045,-0.0024910389218826,0.0014416954979911,0.08768492866628363,-0.030455419311457503,0.23322508374310003,0.4158318310454967,-0.11749806931493634,0.3356758666964126,0.0444470293874029,0.050397215957173995,-0.0162758462088574,-0.13368075601384138,-0.22560682953093575,-0.06213283666974179,-0.09143544187133382,0.0,0.0,-0.0027532631097358,0.0,-0.0163549153968197,-0.022456030938968898,0.0,0.0,0.0,0.0,0.0,-0.0009049609157584,0.0,-0.0198343605887676,0.0,-0.2099558763152291,0.0,0.0,1.104692422500015e-05,-0.047922985684460497,0.004079981999567994,-0.00019431058664150236,0.0,0.0,-0.005072340531075499,-0.003221948358367,0.0,-0.0360192656980024,-0.4731872122887821,-0.8784383633919908,0.0,0.0,0.0,-0.0419243776710892,0.0,0.0,0.0009605472757806995,-0.0005435836682275001,-0.15000113713362523
0.07069099131389892,1.89478772369951,1.9371885587757056,0.0,0.0,0.0051753308003286,0.10825321458339018,0.0409075328717625,-0.05479585389270725,0.0036629755019421,-0.07641900978399002,-0.0004294389288090999,0.29513092216479064,0.4213033748684632,-0.0019606295073852,0.4135519399310459,0.5855413461454919,-0.020982153807952986,0.11658681229412382,0.0,-0.040091010298382024,0.14509156230629383,0.9452829824763249,0.005905589194427074,0.18745870056257052,1.5636300336768514,10.450164264722346,-0.0680413187945928,0.1131583370925495,0.13420671924264826,-0.0209749917153923,2.75181523061e-05,0.0075079578934569005,0.5323078487834683,-0.155172332867616,3.873986939683074,1.3636002981115831,2.344368377454585,0.7598742284691404,0.2925424525573938,0.0296631055360131,-0.002483246445469302,0.2324488816208361,0.6790232367918412,0.7847394580324953,-0.14706824947381203,0.0008474661922746002,0.0017144143392277,-0.0734916492732146,0.0,-0.28733175730715865,-0.11692358063379094,0.0,0.0,0.0,0.0013935229468006,0.0,0.004835130917533903,0.0,-0.014234071878341387,0.0,-0.023771969772915735,-0.0005779885025314,0.0,-0.08934540677419134,-0.22223754026156806,0.1891126076573518,0.1351267052751014,0.0,0.0060322075948676945,-0.07358052633150441,-0.28722649511855325,-0.05145873513714361,-0.2616345308832031,0.19075571989699425,-3.7250504156923547,-0.0029698635923002953,0.0006142616448794004,-0.006096210235624601,-0.059219088614814064,0.0005097550682788,0.0,0.06752521984439619,-0.0107462392120763,-0.0913943299211053
-0.28305162169401676,-0.012565767033545302,-0.25424386035438296,1.2946602238208182,0.0,0.5841154172075771,7.301609603963932,0.2462546640489377,-0.17798319048734723,-0.6552138770653748,-0.03722972668017979,-0.2778335195981936,-0.0331340555619119,0.5438541573000266,-0.20450798981571627,0.3706417779678032,-0.15649379934107066,0.0002760878818491,-0.03625622239044719,-0.15432183716910464,0.7961928176598896,-0.036671549845244705,0.2954756974132433,7.725763246714589,9.361685961999989e-05,-0.07685437283712948,-0.0680413187945928,7.59074557891784,-0.019581570767404965,-0.9680208886280344,0.0,-0.0012614408449266,0.3381788192870068,0.17123986339127706,-0.0916564573633496,-1.0565660910946173,-0.041870207739253595,-0.9874468382199884,-0.09850328656740959,1.3590689258698663,0.012743863922798804,0.0232904807085621,-0.5825602622326722,-0.023965368231940502,-0.0094695013304268,-0.0069217169030223995,-0.1293064705616102,0.0,-0.0064903138984141,0.0008870786174817002,0.00015395372750040028,-0.0002343887007337,0.1723987561552356,0.0,-0.0152634203025514,-0.10844505402895771,-0.01046928497340019,-0.1877934149042486,-0.009722380451434892,-0.0006650533716434,0.0137333719160386,-0.0285656309165216,-0.017629135858510604,0.039375536875619406,-0.0268061396610446,0.0,0.0,0.0,0.0006665744759641982,-0.049613310100888,-0.0280727532160064,-0.0158126607994932,-0.7670397114722585,-0.012631181743870101,0.0,-0.0097364323398005,-0.5507620077987386,-0.0086329669504503,-0.0639187239292517,0.0,0.0,0.0008096954399054003,-0.010174527288341399,0.0024424528365752,-0.8213824989661375
-0.3174535317959757,0.0029936224148712,0.02234750695791661,0.0025078256665208992,0.005209210622667999,-0.14438261853312873,-0.4119935159771355,7.037501863063789,-0.0837311738613889,-1.8112553891342813,0.011068367378422983,-0.5372501513333523,0.006461722930050803,4.587519671891545,0.0117722511183204,0.0874088084641908,0.05073304326476613,-0.0040845556071884,0.060325465156028005,-0.080121472207792,0.015542296078758233,-0.0108570287560283,0.10548363950778694,0.26163268459693345,0.008179284214213399,0.003240906885179501,0.1131583370925495,-0.019581570767404965,12.493231123908963,-0.007523248253294312,-0.0062556683627065,-0.2927649183514933,2.3901221130673282,1.0169786154291445,-0.0005491772194304995,-0.10870501595199034,0.021352702960282,-1.0764500585350023,-0.044868176748502187,0.3928200016958874,0.0834280653777427,0.1536007089750417,-0.1657305331241705,-0.0041131475303575,-0.003753470433840201,-0.013221869957392201,0.0012055528481364,-0.0001935235495382,-0.0047679264366632,-0.0017625651793176,-0.0003404604838153,0.0003301408252314,0.00020753031124250013,0.0,0.0,-0.006202209103790901,0.0,-0.0013915543140087805,0.002106001259324,0.0008004219689569,-0.0021970215120918,-0.0158577343219695,0.0006475692225557,0.0,0.0016048371563262003,0.0,0.0,0.0,0.00011743192821809999,-0.003368511357911199,-0.0126877844657349,0.0005529905593994,-0.28742449245208723,-0.0071202458700021995,0.000214486456999,0.0015617741184938,-0.12755980964206043,0.0016919997980798995,-0.0288838401473324,0.0001787805205945,0.0001308634651486,-0.0010488300192789,-0.0032994036600751996,0.0011636253912646,-0.040848588102977604
-0.005094035231961946,0.0013483896163519991,-0.022455280117656823,0.0010932200324407,0.0,0.010280002033450902,0.4046392953553619,0.046997449212812695,-0.0036268898891361027,0.00012381799583150062,-0.1197129124988732,0.0,0.0004183515440822,0.5873493851959424,0.0018285241174518,0.21976980411345748,0.2460632333759698,0.016541440021619,0.0471734204883103,0.0,1.8576942579330487,-0.002785858340033299,1.7107436876350248,-0.17085263342868817,0.0004128372262502,0.031216422167717806,0.13420671924264826,-0.9680208886280344,-0.007523248253294312,4.284700407039548,0.0,0.0,-0.015270664214126206,0.8656670480123116,-0.0057886523241353,-0.0659973220445664,-0.010125432929175301,-0.2880569044646971,-0.027309926500401496,0.12495732954387191,0.0058225652127772,0.0004649040049598,-0.1426391639868278,0.012849375890159699,0.0010999145330183,-9.972149641099444e-06,0.0008383185365916999,0.0,0.0,0.0,-0.0010641643616587002,-0.0013916218677851,0.0002820208210572,0.0,0.0,-0.00019583065977890005,0.001062749043155,-0.0159408951349306,0.0,0.0,0.0,-0.0003548839915672,0.0,0.0,0.008890283226920197,0.0,0.0,0.0005445257192066,0.0,-0.006510523158127196,-0.015228338878434299,-0.0020396348278154,-0.12555485423988633,-0.0005440428763359,0.0,-0.0066268565741813,-0.0864323873349997,-0.0016950805228321993,-0.0473758748626774,0.0,0.0,-5.452021932699988e-05,0.0060044113887621,0.0005954845869731,-0.06849152307903959
0.0,-0.0061182605979637,-0.0005631936704491,0.0,0.0,0.000611776208748,0.0,0.003400230302082,0.0,0.0,-0.056099109913685774,0.0,-1.2485939254326182,-0.0002603898218883,0.0008282834507463,0.0,-0.0014024429688833,0.014954224910561087,-0.012945549231087898,0.0,0.0,0.0015782748536652001,0.00020780403888429993,0.0,-0.0010896797552042,0.004853857164218045,-0.0209749917153923,0.0,-0.0062556683627065,0.0,-0.13436995201926968,-0.0018206267128988,0.0,-0.005738412647529098,0.0,0.009541655691339204,-0.2282370553575793,-0.18334923047791868,-0.0693522512033924,0.0037072081425105,0.007387385086425599,-0.0042993233473619975,0.0009051051280851,-0.025308803916161398,-0.0018456123765241,0.00014226585008349994,0.0,0.0,-0.0013441176382532,0.0,-0.0027452011097517,0.0,0.0,0.0,0.0,0.0,0.0,0.0,0.0,-0.0111014453253878,0.0,-0.24624145373864828,0.0,0.0,0.0,0.0,-0.0029428397730151996,0.001159746641279,0.0,0.0,-0.0001689183523482,0.0,0.0,-0.023626367004417198,-0.0603171547876054,-0.0462014557746761,0.0,0.0,0.0,-0.045158752495408294,0.0,0.0,0.0006557954182865,0.0,0.0014026793721617992
-0.0004458395264983,-0.0003926767463365,0.0,-0.0014047191712538,-0.013113349131842256,2.8932397222137984,-0.012464374996986001,6.304228454038317,-0.0001614040852615,-0.0451483427642887,-0.0712221467806868,-0.0327072882515574,0.0038070827285818024,-0.1591152687618892,-0.0360364986798802,0.0,0.0,0.0012209172221458002,0.00109435262997,-0.0034848497158597,0.0,0.0,0.0,-0.0057306989750374,0.0020556641450074,-0.0024910389218826,2.75181523061e-05,-0.0012614408449266,-0.2927649183514933,0.0,-0.0018206267128988,-1.438181316724603,0.0,-0.549106373127013,-0.0003560151827019,-0.041405000387215,0.0015339885726125,-0.29546410926724637,-0.0388242939072616,0.0024802358655422996,-0.47725016048999536,0.031844411820123895,0.0008922927602682,-0.0030634320991063,-0.02052333796486,-0.0348501402921516,0.0,-0.0003561519299271,-0.0009480779329238,0.0,0.0,0.0,0.0,0.0,0.0,0.0,0.0,0.0,0.0,0.0,-0.000634136639958,0.00019555131600969993,-0.000221436670583,0.0,0.0,0.0,0.0,0.0,0.0,0.0,0.0,0.0,0.0,-0.0007449511528751,0.0,0.0,0.0,-0.0001595665709206,0.0,0.0,-0.0004105685521321,0.0,-0.0031496448653103,0.0,-0.0013284416942789
-0.0202008547159733,0.0003458642162402,0.00030198156570340013,0.0015856488219402,0.0,0.0032691974151876,0.11501923069815309,0.039577878956149,0.012166472317298,0.0237662775436703,-0.0122228367170793,0.0,0.0,0.0886100439528979,0.0033591209836594,0.0194204966957703,-0.0035930822497001,-3.9418684858999855e-06,-0.0024996710050028004,0.0005045838981599,0.0271677433487335,0.0007041662784044,0.0069891251091709,0.2781799745560322,0.0,0.0014416954979911,0.0075079578934569005,0.3381788192870068,2.3901221130673282,-0.015270664214126206,0.0,0.0,1.207388401954284,0.1308656474224516,-0.0008134110352035,0.0287845369888668,-0.0019741460694878,-0.056966446140319,0.004116710046931399,0.0448978421421227,0.0021028925387428,0.0003308599640045,0.017664147153369995,0.0020518463062847003,0.00027448801401260003,0.0018930756726845,0.0016578448551359,0.0,0.0,0.001473719577003,0.0,0.0,0.0,0.0,0.0,0.0029943016296042,0.0,0.0164372753523686,0.0,0.0,0.0,0.0,0.0,0.0,0.0023958603123231995,0.0,0.0,0.0,0.0,-0.00029619174990100014,-0.0020934297168203,0.0008763628897267,0.1175439730710762,0.0,0.0,0.0,0.0145143629120973,-0.0008869820708015,-0.0011197520952816002,0.0,0.0,0.0,0.0012111381632238,0.0,-0.009536442711898001
-0.1257391388290752,0.0288053643355654,0.1413394966021786,0.0019133534332372998,1.0995494545695403,2.3609450357471267,-0.10429972395369336,2.06597571988683,-0.055130910092776805,-0.7074093473550709,-1.6770703778378717,-0.2668939150914949,0.3348670514616413,0.11521289221217501,0.3537684302720536,0.3987406869654895,0.6500009391081236,-0.04075793364530256,0.6761564629837294,-0.0502821637371702,1.481629536692962,0.0145492754743351,0.8220717890552818,0.2789157266618205,0.12428295828108761,0.08768492866628363,0.5323078487834683,0.17123986339127706,1.0169786154291445,0.8656670480123116,-0.005738412647529098,-0.549106373127013,0.1308656474224516,-0.205660492828585,-0.006912590863563384,-0.9394855298660568,0.13679987902505808,-1.0926355980963676,-0.11451769709634002,0.9866333881031081,-0.07777748081091862,0.6187670663050047,-0.11700319368944023,0.021431631455431505,-0.1392936100527846,-0.2063426102835459,-0.10931914335819799,-0.011908010660875,-0.0254191968313172,0.0011632455226115001,-0.00017311446161259996,-0.0038627848666643004,0.0022650029061682,-0.0064458028886089,-0.0028007699621967006,0.004156254262992801,-0.005534738531070499,-0.016970626152725404,0.0097533988896523,0.0283098121791418,-0.0010315437500064,0.04464790750201669,-0.0106023986831554,-0.0041032710418009,0.006715218238673902,-0.0013054507483944,0.000707126120247,0.0024258679649343997,-5.353800577020002e-05,0.0037712304670780017,-0.007013660325419696,-0.0091837607713245,-0.14112371653874012,0.0312898943113378,0.0230335309772828,0.0264976553141949,-0.1075643248856459,-0.0191037263780147,-0.025994167904111798,0.0043216883337782,-0.0196259426368047,0.0007064315171703998,-0.024990081433550495,0.0216630026905019,-0.2223362681674809
-0.004856032124758,0.004449905021052601,-0.0325059665349455,0.0014905415077490999,0.0,0.15329717462374093,-0.0005891488276672033,0.007414770724801201,-0.0080372977874515,0.1143448701050926,-0.0063807201925402,-0.2362568242556602,-0.0009742473820647999,0.0037315920048722998,0.00025653500812420005,-0.022139099826838787,-0.014188734471514199,0.00041282079222939986,-0.0030648298408148,0.0005718812272694,-0.0859495764712864,-0.004912958559261599,-0.16632433788967407,-0.05460364700603157,-0.0031580070193641,-0.030455419311457503,-0.155172332867616,-0.0916564573633496,-0.0005491772194304995,-0.0057886523241353,0.0,-0.0003560151827019,-0.0008134110352035,-0.006912590863563384,51.92548745996902,-0.35431732400417326,-0.43806747837956195,-0.051619643843916596,-0.2611073523440588,0.137223017508801,-0.012082683483192299,-0.014806006043694002,0.613224286413623,0.5030005622736357,0.096231964081503,-0.5810743743999405,0.015493770449577796,0.0252203072752559,-0.00026602723474579947,0.0,0.0016406009402389005,0.0115517535859516,0.0,-0.0081982557076555,0.013805147297511998,0.0070735708862148,-0.0003800714832192,-0.0023409689590901984,0.0006909006340508001,0.004154966462469,-0.025120949614411404,-0.021825429837789304,0.0008045818564076999,-0.0097347364055584,0.005017720892182401,0.0008975102166447,0.0,0.0125130178167304,0.0,0.0393890331844761,-0.00013866787903819844,0.0542383124505348,0.008572370409263499,0.00035708834259099993,0.0171891050393214,0.0376450182801896,0.01294173899192,0.0039981355005307,0.0023723686651562,0.0,0.0020170967619128,0.0012412470259473,-0.014942504763673602,2.6302855560218745,1.4146604905461864
-0.0700372978794273,0.13265986060494078,0.404971531873886,0.0530717218206146,0.0011592345451147002,0.685153868979592,-0.057514564683217806,0.13063880943195907,0.033106520148555196,0.4964321792978399,-0.0190762364351727,-0.1582252066030085,0.24337682667701238,0.003848700832101093,0.6703747227788664,0.8818932997421367,-0.07729480667114202,0.1863471610957275,0.3610767555396224,-0.024870403688149197,-0.8525846077387762,0.05477101143255242,-1.1167503094039404,-0.7609788652512162,0.059721202693227206,0.23322508374310003,3.873986939683074,-1.0565660910946173,-0.10870501595199034,-0.0659973220445664,0.009541655691339204,-0.041405000387215,0.0287845369888668,-0.9394855298660568,-0.35431732400417326,1.8539837696728618,0.754482520817108,-0.6807140311203708,0.8240009180172831,0.15217653137085474,-0.2596293693799072,0.09392412572213998,0.5179230308701781,0.742527970937789,0.3443823667901327,0.016879875646887976,0.0087082253035932,0.0088697176380194,-0.0073968922386792035,-0.0015459336058430018,0.007168305834091601,0.13090701740947397,0.0100338650749859,0.0007537992654869999,0.0061937370133027,0.03358891137836101,0.00044890706033690053,-0.037630281695103796,0.014906424068472701,0.033831661214814596,0.0122617614365549,0.02803371687940301,0.0017225277647643996,0.0032623741436555997,0.1734608594265511,0.021179864212136107,-0.003896492821535099,0.044956709672033,0.004194338679566,0.12032125446446817,-0.10946854993770588,0.17601388727508227,0.18610116697899226,-0.018611401810101208,0.1350361894198343,-0.051442309273068254,-0.11817136568112563,0.0033267727867047903,-0.112618338014008,0.0013402689127706,0.0016254592708295993,0.009479111423924002,0.06411671981819611,0.05882742048051581,0.6645359651425555
-0.004198499922579599,0.3220088092196115,0.05227896009649238,-0.001099246408305,0.00170209206998,0.0702693994015531,0.022761764297906197,0.004752982191897501,0.010351833617343799,0.0110808606880642,0.04254036694275665,0.0005828414068825001,-0.011208185366363477,-0.0099454052159123,0.0226119973511286,0.3549567278233903,0.02217500920224799,0.10935279326196931,0.1323519084725708,-0.0010637900149706,-0.1625029778987888,0.027632811218205905,-0.5224412831151701,-0.04519806349573302,0.0572926161909324,0.4158318310454967,1.3636002981115831,-0.041870207739253595,0.021352702960282,-0.010125432929175301,-0.2282370553575793,0.0015339885726125,-0.0019741460694878,0.13679987902505808,-0.43806747837956195,0.754482520817108,-0.3579940783204565,-0.8703992159639347,-1.7826100695014286,0.1493122442243244,0.054696954864787,0.08401442762195069,1.172572732397121,1.0481171539767171,0.6521240167276938,0.21122270888484423,0.0229698493050546,0.0702470370787697,0.00010972028092820149,0.0010076218723347,0.0182108076183852,0.4159172346771862,0.0,0.0075136613057107,0.0097233918945922,0.017623784459226702,0.0073185574933592994,0.021116376130395298,0.001041657679423,0.0344561126969843,0.00020150680949029996,0.14078670624160539,0.0113273399514617,0.0011175458136092,0.18798331613093439,0.2021733369714005,0.048932377153985004,0.24410733722900033,0.0,0.32779602905565625,0.0172991485392716,0.6075428697070578,0.15935395091210747,0.012832856050968906,0.806700046569009,1.512219709989614,0.0864917086787272,0.0286141315144244,0.0319215169569765,-0.0077234170099768,0.048420291639666505,0.0014975966810796,0.10755408482075329,0.07233840483692269,0.3935185103321017
-0.38689915936427016,0.06066980601608932,0.7866660404385699,-0.0247469013776569,0.0024221191049766996,0.03917655687845789,-0.7933947142808035,-0.22514744112907292,-0.10194970832831399,-2.043214949067652,-2.162002500373389,-0.6150512630721651,-0.2846737031184763,-0.6612285734197775,0.06679263383892659,0.6540418399870007,-0.13719254965250316,-0.40934110028005266,0.517973044663447,-0.0942166612083679,-0.31823569748623637,0.061523092222804915,0.7535412867658762,-0.41817079289430814,-0.041923333279574,-0.11749806931493634,2.344368377454585,-0.9874468382199884,-1.0764500585350023,-0.2880569044646971,-0.18334923047791868,-0.29546410926724637,-0.056966446140319,-1.0926355980963676,-0.051619643843916596,-0.6807140311203708,-0.8703992159639347,-1.0558118789675404,-0.14562748762955913,0.2675127216084116,0.35305888612376735,0.7701186369530536,0.13554503614040525,0.19207171207152207,-0.0039189126696286825,-0.11233279673996732,-0.016363315480790203,-5.15154222311999e-05,-0.025351645331863695,-0.0020374847589436,0.014650961878927303,0.1889048188173852,0.000570393224672,-0.0069319263528804,-0.004782986226463899,-0.0070840801237942,-0.009255158679697,-0.0929319576856069,0.0002494484981318,0.0189020354292035,-0.0007319530577468,-0.046632007669096726,-0.0139641910618077,-0.0015153683085867,0.02819647950795562,0.040187611004591714,-0.007697000998316699,0.0224465040726938,0.0,0.009840338678992103,-0.05086212720154591,0.053259606748090826,-0.725342816630536,-0.019198938028401703,-0.04480174775879742,0.08673871905360064,-0.136164244835626,-0.0198941737578981,-0.0221963944126142,-0.008488523155969,-0.0393343853073797,-0.0043182359068872,0.0012008667460348954,0.0840220683443343,-0.046329148520536934
-0.0930103119772004,0.015673063432446996,0.30288676061275704,0.013490938908207899,-0.0006525616798523,0.027314989245758495,-0.04265800332863323,-0.09627717093759458,0.004658836082245599,-0.17010512663382799,0.07684775860762483,-0.1195554360909235,0.1745652214070686,-0.2117121863088076,0.007670958580842299,0.09725319166619206,-0.017238211504114087,0.16331966637837236,0.2851899425411098,-0.0240972063017122,-0.3129109558785202,0.009775988992658108,-0.27919988165268506,0.13114633849901203,-0.00025058368141170004,0.3356758666964126,0.7598742284691404,-0.09850328656740959,-0.044868176748502187,-0.027309926500401496,-0.0693522512033924,-0.0388242939072616,0.004116710046931399,-0.11451769709634002,-0.2611073523440588,0.8240009180172831,-1.7826100695014286,-0.14562748762955913,0.02154507268229161,0.2774219088978407,-0.026656796379694404,0.0582021925880912,0.12967840462315905,0.22804112471072768,0.10137252816416803,0.283913836880906,-0.0134468596264819,0.01466277088707,0.0034770996504273005,0.0003199599709504,-0.010545371091919099,0.0683876511962756,0.0025264821078007,-0.0019590582469011,-0.0007291845662710005,0.0020596054553794997,-0.0020033450345941,0.018569757563081206,-0.001162032132623,0.0157396405777858,-0.0008491051311416999,0.012232109351114184,-0.0020585114352149,0.0,-0.003974477780176899,-0.007354795886422308,-0.0060510338357555975,0.023447721506973197,-0.0002359962225404,0.003145074578696498,-0.012355765591576008,0.12220507356175658,-0.09534200386121644,0.003998867083575899,-0.09464798113644501,-0.1447636464064035,-0.038082922127164395,-0.004045806351986699,-0.009614041423665601,-0.0033849317901542015,0.00041519949498560003,0.0,0.0079399600922067,1.4856494168633674,4.345969979754807
0.0067688039736005,0.0065921895515522,0.0271574845204868,0.4766487928843306,1.4069653552791646,0.7504337712292419,0.5925825882005263,0.2711490591054802,0.4679566730300481,1.0832716938756852,0.3158279042284616,1.1009933903611189,0.1451972586437496,0.1455883903093764,-0.025477312165641197,0.7960595896569503,0.037104671820836,0.071306719097147,0.032865912352770095,0.1372076896794342,0.4029941234487057,0.0603804849197139,1.2320608082126023,1.8427930284496123,0.0536377051190976,0.0444470293874029,0.2925424525573938,1.3590689258698663,0.3928200016958874,0.12495732954387191,0.0037072081425105,0.0024802358655422996,0.0448978421421227,0.9866333881031081,0.137223017508801,0.15217653137085474,0.1493122442243244,0.2675127216084116,0.2774219088978407,0.075553451169864,0.1041308929326368,0.1711440533765517,0.1330410862053784,0.0576110577295008,0.0126389985242999,0.0077999772143950985,-0.09555743614591392,0.0007253973823195001,0.0017855795634743,0.0012012281937762,0.002175123094637,0.0027846171770568,0.13824885606494242,-0.007459319800190399,0.014139469668093305,0.014546162456942801,-0.0026271237500048003,0.10456332767389229,0.42744849071662916,0.01172060587767,0.09632135183243268,0.017420401042273402,-0.0029446490220216,0.0359383358492662,0.068469849155718,0.0,0.0,0.0,0.03429161141574061,0.0372422010176709,0.0325789657418411,0.0686928201291775,1.2674629874303096,0.0007872102699789992,0.0022269179635529004,0.011966263124039499,0.23014232733195752,0.004895088846222,0.0256532417824533,0.0006903284013375,0.000717602126686,0.0009443856456236,0.0021563541422185,0.0401469852950415,0.21993812639794372
0.0022058861062566,0.0019957010548815003,0.0059412942194095,-0.0020710366144884996,1.242197747500362,1.2078240763120498,-0.0005970890621442015,0.0770645744676811,-0.0006168554280600001,-0.0527964715758024,0.42064233093745285,-0.014708934712835998,0.0991873676727882,-0.0018717986544893005,0.0827998813397679,0.0096096365861548,0.0120741202611614,0.0734802069743734,0.0249587622288132,-0.0029768070526724,0.014860291630635502,0.0020988247391318,0.0250994791391178,0.0319856323868426,0.017065778525789,0.050397215957173995,0.0296631055360131,0.012743863922798804,0.0834280653777427,0.0058225652127772,0.007387385086425599,-0.47725016048999536,0.0021028925387428,-0.07777748081091862,-0.012082683483192299,-0.2596293693799072,0.054696954864787,0.35305888612376735,-0.026656796379694404,0.1041308929326368,-0.020115585539292408,0.2678553162307987,0.004227474962779899,-0.0006171323366381994,-0.029309159302453702,-0.0594219809195921,-0.0058507563827087,5.026824174850014e-05,-0.0052662580240698,0.0,-0.0003317560695158,0.0008019973415813,0.0,-0.0005319775951782,-0.0012978015185272,0.0,-0.001954879731235,-9.860448503729979e-05,0.0003628684525604,0.005445261375207301,0.0,0.015534575145162901,-0.0026700266662343,0.0,0.0004984186707037,0.0004634116450352,-0.000278223228658,0.0,0.0,-0.0011228649474966,0.0,-0.0007828103955156999,0.012530332123790299,0.0075631472176326,-0.0010939873744441001,-0.0010208443728490996,0.00040995468265760007,-0.0033509880079175,0.0007073572643413001,0.0008307678847256,-0.0065062981322351,0.0,-0.0097487451294252,-0.0870309116384406,-0.045352617736094204
0.0,0.1029423559496131,-0.0006317614400501,0.0020853839218432997,0.0170647274415517,0.2757886457804975,0.0500108786864767,0.015929970454947498,0.0336425966917853,0.0328599548424244,-0.5735910680860808,-0.0023538683564316,-0.6088457646302499,-0.0026639749245691994,0.0990801147004168,0.0010846753752124,-0.0006790816326034,-0.0281656471961128,-0.0006318630318128001,3.728420631409998e-05,0.0032407845127815004,0.0430479490998023,-0.0023969471087813,0.0348168066043921,-0.10885447585187946,-0.0162758462088574,-0.002483246445469302,0.0232904807085621,0.1536007089750417,0.0004649040049598,-0.0042993233473619975,0.031844411820123895,0.0003308599640045,0.6187670663050047,-0.014806006043694002,0.09392412572213998,0.08401442762195069,0.7701186369530536,0.0582021925880912,0.1711440533765517,0.2678553162307987,-0.07386966234008785,0.0072396798811491005,-0.0600039548795335,-0.1855623259073276,-0.0683035555119134,-0.023278150687228702,0.0096953989590257,-0.0452946723961091,-0.0002024688459528,-0.0062787607016815995,0.0,0.0,-0.0008910308130860001,-0.0063774128586046,0.0010549732313551,-0.005912460847170099,0.0021305509472139997,-0.0003160941627831,-0.005664046186399201,-0.0006134494179925,0.03684176574167353,-0.0084060084721659,-0.0008327313423409,0.0,0.0,0.0037823608800482997,0.0005931170107296,0.0,0.0,-0.0030233759898208,-0.00068275859261,0.0016494546591528,-0.0339781378165433,0.005164295666940499,0.00020860547049210074,0.001451745138185,-0.0024573979094422004,0.0,0.013610958991086098,-0.0021513401124616006,0.0,-0.004674219513172401,-0.0050275778120626,-0.002231227283257295
-0.0507865241429916,0.504163176070717,-0.1443713291880897,-0.0056826195274191,0.0003645756552446,0.007159283376335101,-0.1508874875170348,-0.005441946710765201,-0.01042172687240095,-0.0731802019738329,-0.002470663993693001,-0.0317932985726385,0.08132045326762291,0.0028040102523179,-0.005141682079007499,0.2809494679509559,-0.0942168680080219,0.0051494447074432,0.0265683938000568,-0.025894760075758,-0.1261892727812059,0.2389055208850037,-0.0719269717492157,0.4862328731710024,0.024648873455549298,-0.13368075601384138,0.2324488816208361,-0.5825602622326722,-0.1657305331241705,-0.1426391639868278,0.0009051051280851,0.0008922927602682,0.017664147153369995,-0.11700319368944023,0.613224286413623,0.5179230308701781,1.172572732397121,0.13554503614040525,0.12967840462315905,0.1330410862053784,0.004227474962779899,0.0072396798811491005,1.406258206602482,2.074127304449771,0.5680083957937518,0.0580252015572138,0.39478143466335247,0.19824784338705315,0.3628609132777061,0.020845594810536307,0.1569872805317497,0.03941287584922182,0.03991843360399869,-0.030736215447466297,0.12599672686120877,-0.9932058423928929,0.08520177033193421,0.016537219046347307,-0.6671523246547508,-0.02403995600581832,-0.041791569873251,1.2493851202173172,0.10674869165646728,-0.044178795794391504,0.0007042449316558841,0.2037654367598281,-0.10128524919058207,0.4829291676558737,0.017539468101177208,-0.9213310205192125,0.028889330425587945,-0.46012372491340514,0.10696309827493122,0.43855715129286715,-0.4538735955642208,0.8655892488355317,-1.0190958471280522,0.17767809859728567,-0.05270310427352398,0.005211137531953403,0.2944399328625462,0.016607713291713913,-0.7155581797934424,0.8575654567970727,0.7822247569505316
-0.0019104581851831,0.205552002690132,-0.08028795261261829,0.0,0.0,0.001208715814608,0.0005074484048510994,-0.0015804080199671002,0.0002925050332028998,0.0,0.010361337361909702,0.0,0.20666779322057988,-0.0001433292385350001,0.0014369542272607999,0.10430182444552777,0.05131517894624921,0.0573142117239528,0.06266713106793151,0.0,-0.06253839703223979,0.0768688279744693,-0.28343761632645537,0.10681175441177199,0.029145024697291695,-0.22560682953093575,0.6790232367918412,-0.023965368231940502,-0.0041131475303575,0.012849375890159699,-0.025308803916161398,-0.0030634320991063,0.0020518463062847003,0.021431631455431505,0.5030005622736357,0.742527970937789,1.0481171539767171,0.19207171207152207,0.22804112471072768,0.0576110577295008,-0.0006171323366381994,-0.0600039548795335,2.074127304449771,0.4583362119673082,3.700916079678652,0.7968854378137653,-0.0409394699766506,0.010816589145573402,-0.10180442507396512,-0.0079461433911739,0.024355817794967996,0.010795920072575987,0.0009023317337918,-0.0019372200600172003,0.0048264546660448,0.0364636579310223,-0.008616758267966599,0.029016663663914997,0.007474774764697701,0.2951467880553973,0.0011779519367842999,-0.13590573091953395,-0.032997736803869,-0.0004020370737674,0.003927868959848091,0.1046002417252471,-0.06967709473668371,0.5510148478210238,0.0010126156741111,0.18569167403216147,-0.005279626655939701,-0.7677981626446799,-0.03142965256555008,0.03745416591346412,0.023042135610667813,0.06788477502144641,0.13326152327272356,0.0079167361038548,0.0171560457483556,-0.16276996100929997,0.003006534103430901,0.0030103945089583004,0.042422011178159594,0.07518229215922556,1.115043537823837
-0.0034927567367102,0.3203711449558827,-0.04917921357253868,0.0002391163223109,-0.0003913255725833,0.0008152393566994,-0.0020081378528999,-0.0031521894212158,0.062137234315013105,0.0,-0.00343880763468,-0.0009468974694509,0.02258886145613964,-0.0033121489136014,0.0007788262137318,0.13473461246513233,-0.02467631833198919,0.0310101287199262,0.033856989212864404,0.0,-0.002159508626648701,0.09814595199811899,0.07320579421737677,0.4850882770092055,-0.00021907418256479627,-0.06213283666974179,0.7847394580324953,-0.0094695013304268,-0.003753470433840201,0.0010999145330183,-0.0018456123765241,-0.02052333796486,0.00027448801401260003,-0.1392936100527846,0.096231964081503,0.3443823667901327,0.6521240167276938,-0.0039189126696286825,0.10137252816416803,0.0126389985242999,-0.029309159302453702,-0.1855623259073276,0.5680083957937518,3.700916079678652,1.1518222603220436,1.6950849814953233,-0.006519926756941685,0.2816130192292959,0.34859124849632506,-0.018593111414680508,0.08064333324213009,0.16020687956995505,0.08785950382105762,-0.0238486999156342,0.34932676689443487,0.5248991801069947,-0.008428586925100068,0.0820155709516096,0.9264053742394043,1.0389425282795295,0.2821834206220054,1.2267326089769928,0.16461591643098838,-0.004671256616610699,0.14654489032902362,0.6011883802430801,0.19539137397128026,1.0690487504599748,0.08118398748248423,0.00997607856765903,0.02887829678203868,0.5318323953363864,0.3742454730115158,0.10308930363365132,-1.7610813866632622,0.45698071883414126,0.933345954711088,0.6902615833264498,0.33856384451354793,-0.007188953056474101,0.25797387567199526,0.03382654074248548,1.2552444093389181,0.174165094942557,0.18770568994192494
-0.0012430774976985,0.0803719627529629,-0.06085313706481539,0.0,-0.0003073285659944,0.0013867583268744,-0.0002970402187661,-0.0077248593917683996,0.014246568088749002,-0.0046040750334554,-0.004719109753778001,-0.006300282281003,0.06184734303909059,-0.0092643888386565,-0.0008723211340141999,0.0544306142359455,-0.0555060856757091,0.013036819427971899,-0.010502757252718195,0.0,-0.0075145585444308,0.0367677483321896,-0.004134955025690917,0.1569633958302119,0.0198944288472777,-0.09143544187133382,-0.14706824947381203,-0.0069217169030223995,-0.013221869957392201,-9.972149641099444e-06,0.00014226585008349994,-0.0348501402921516,0.0018930756726845,-0.2063426102835459,-0.5810743743999405,0.016879875646887976,0.21122270888484423,-0.11233279673996732,0.283913836880906,0.0077999772143950985,-0.0594219809195921,-0.0683035555119134,0.0580252015572138,0.7968854378137653,1.6950849814953233,0.08338727931151152,-0.1246722229063241,0.08359159759575989,0.055316603997010896,-0.007794999506574994,0.014621428943480903,-0.08070117774739693,0.025663723717977198,0.004500715394691199,0.08233544703834289,0.33718824194171215,0.0007707337705750994,0.029497458439281796,0.192193960133009,0.04527080956066032,0.030127253736530298,-0.0013038995424207167,-0.009294930337849006,0.00023065637762040032,-0.05052921013956946,-0.030491365316038105,-0.24093435694656273,0.08341789720073739,0.007147568227025801,-0.21249302290106598,0.01545599494297989,-0.33366880096958074,0.0706609669301223,0.06930294028387289,-1.092743795867329,-1.1626169035619318,0.34695504432651203,0.04670655085573411,0.07679985629029734,-0.01782465810577491,0.07616504403664699,0.0026352937575763007,0.04944150453708801,-2.3544204719399056,-2.384715891899779
0.0,-0.0018243330365232,-0.00022110527158219996,-0.024020344732142693,0.0,0.022781606808757397,0.007360477004335,-0.0015244100865926995,-0.016405228999571905,-0.009060801715281785,0.0,-0.2984728586129937,-0.0826692574270816,-0.0015389013251864,-0.1050830641336095,0.0055154090957740005,0.0,0.0,0.0,-0.1483593944945255,-0.000551377577311,0.0032818050100608996,-0.0004735015665985002,-0.14532138118944832,0.004103356765815899,0.0,0.0008474661922746002,-0.1293064705616102,0.0012055528481364,0.0008383185365916999,0.0,0.0,0.0016578448551359,-0.10931914335819799,0.015493770449577796,0.0087082253035932,0.0229698493050546,-0.016363315480790203,-0.0134468596264819,-0.09555743614591392,-0.0058507563827087,-0.023278150687228702,0.39478143466335247,-0.0409394699766506,-0.006519926756941685,-0.1246722229063241,0.4301460566764832,0.6897331929456981,0.042096508294386714,-0.0029144642418403007,0.010591682415393398,0.0038306965749415,0.06281676048575069,0.7812976598451926,0.0827072004421372,-0.2650883933861857,-0.048624799070294045,0.8226730747102242,-0.5381800364206275,-0.014278054101659696,-0.08294132507411445,-0.09180331813589604,0.02705822270777486,1.8543541039875024,0.0007945177228082002,0.0031336187742023007,-0.0033292110829737,-0.001282733203771,-0.062054635246943685,0.07917415262020769,0.055970980801953105,0.026208235072082198,0.16863840057068968,0.07585209233081189,-0.0025731097503414,0.011160603523338797,-0.212262700713996,0.008527302557091304,0.008318771235729099,0.0,-0.015903655548329843,-0.0014079836392856,-0.1522550636377515,-0.0653361986736338,-0.038298170994216896
0.0,0.0006732730425068,0.0,0.0,0.0,0.0,0.0,0.0,0.0022082578490559,0.0,0.0,0.0,0.028095689082136402,0.0,0.0,0.0,0.0,0.0,0.0,0.0,0.0,-0.000370439094413,0.0,-0.008808526964970401,0.006881055196099,0.0,0.0017144143392277,0.0,-0.0001935235495382,0.0,0.0,-0.0003561519299271,0.0,-0.011908010660875,0.0252203072752559,0.0088697176380194,0.0702470370787697,-5.15154222311999e-05,0.01466277088707,0.0007253973823195001,5.026824174850014e-05,0.0096953989590257,0.19824784338705315,0.010816589145573402,0.2816130192292959,0.08359159759575989,0.6897331929456981,0.9741034269718182,0.0905815652031624,0.0041465971185415,0.0001100234627918,0.0002878070490264,0.0032733903631629,1.7073317995587969,0.0018851968329685054,-0.1185534859596443,0.012664347022619406,0.0021284031927544,-0.1737563269398398,0.10626167691378889,0.013419852232736992,0.6511532619231304,0.015301783053509002,-0.007805096202399699,0.0015926639543137,-0.0006235889468115,0.0049203224291,0.0021641468935566996,0.002049638115441201,-0.0037903291821857,-0.0005158942631019001,-0.0035997364396284995,0.011209554247074503,0.062164480273864405,0.0047964055388526,0.002281035180527,-0.0659923124858563,-0.022309065500764003,-0.0005218779840370997,0.001023097698358,0.1452366256124047,-0.0008098076696757,0.9663791222287366,0.012376266757580502,-0.036317136695088084
0.0,0.019461478264411903,-0.0008012770310758,0.0,0.0,0.0020409877206159,-0.0027480762990617,-0.0003361300510736,-0.00038112333599010003,0.0,0.0008589350722453997,0.0,0.23731695104673595,0.000882882919409,0.0014462571044985,0.0,-0.0007806790740057,0.0008333266581429001,0.0,0.0,0.0,0.0023738044103237,0.0,-0.009072888113579501,0.135864931304883,-0.0027532631097358,-0.0734916492732146,-0.0064903138984141,-0.0047679264366632,0.0,-0.0013441176382532,-0.0009480779329238,0.0,-0.0254191968313172,-0.00026602723474579947,-0.0073968922386792035,0.00010972028092820149,-0.025351645331863695,0.0034770996504273005,0.0017855795634743,-0.0052662580240698,-0.0452946723961091,0.3628609132777061,-0.10180442507396512,0.34859124849632506,0.055316603997010896,0.042096508294386714,0.0905815652031624,0.1410052335925121,0.0087415072649374,-0.027343510351331993,0.0,0.0010532220605146,-0.0038870141994927013,0.017779566700495596,0.014134438896865501,0.016560030366104497,-0.013742242562398102,0.026409748760702297,0.2095007423352962,0.0103327005616188,1.552420128918948,0.0293273558495769,-0.0010268435291088999,-0.0002014984964991,-0.000315290818027,0.0006076875847535,0.001215502504403,0.004524646271907,0.0017756896304559,-0.0681518427793264,0.0006957110190313,0.0130766233655335,0.3613563835423653,-0.0310084726587892,-0.0318954959431457,0.015507706746191901,0.1158332339817021,0.0012265786573352,-0.007218885172205999,0.082772853808149,0.0002760822076324,-0.273400088403809,0.0078605047226391,0.0280742288329279
0.0,0.0,0.0,0.0,0.0,0.0,-0.0010987548625612,0.0,0.0034668341940707,0.0,0.0,0.0,0.0008046634050563,0.0,0.0,0.00017340517166059997,0.0,0.0,0.0,0.0,0.0,-0.0004504193561565002,0.0,0.011292003341918704,-0.0003457378962431,0.0,0.0,0.0008870786174817002,-0.0017625651793176,0.0,0.0,0.0,0.001473719577003,0.0011632455226115001,0.0,-0.0015459336058430018,0.0010076218723347,-0.0020374847589436,0.0003199599709504,0.0012012281937762,0.0,-0.0002024688459528,0.020845594810536307,-0.0079461433911739,-0.018593111414680508,-0.007794999506574994,-0.0029144642418403007,0.0041465971185415,0.0087415072649374,0.294254753557623,0.0,0.0307851809708036,0.00030371903638889974,7.912686744800026e-06,0.012878615198493197,0.8865875819217708,-0.14664108122741637,-0.002203857589575,0.0029331811198999996,0.014804552986972003,0.001058545868037,0.0027339153631894993,-0.11951963445127056,0.0007849526491869,0.0019850230454496,0.04706918610941441,0.0033133238347630998,-0.013913174925828706,0.00029015149286280005,0.051955093681640405,0.0017893630047261001,0.05401909232930513,0.012637059377245297,0.0026067309184777,-0.0006916984244542002,-0.005150710449060701,0.008936393081164506,0.4614627282634407,0.2131593066125521,0.0,0.0036500027701861,0.0228261771679482,0.056013535798148106,-0.0009631593179971999,-0.0015560753509920987
0.00021779159510080002,-0.5598007091121779,-0.011260854661333801,0.0,0.0004656452677223,0.0,-0.0014575093396638002,-0.0054037146406155,0.0007403670783344999,0.0,-0.0021882183001128005,0.0,-0.08993764756866868,-0.0042702904971031,0.0,-0.029533404924926003,-0.030930523940161197,-0.0018586040228977,-0.0018165232834599998,0.0,-0.00035064038057409973,-0.10375840798963162,-0.026620133885866402,-0.009350544885061702,-0.0332493981595795,-0.0163549153968197,-0.28733175730715865,0.00015395372750040028,-0.0003404604838153,-0.0010641643616587002,-0.0027452011097517,0.0,0.0,-0.00017311446161259996,0.0016406009402389005,0.007168305834091601,0.0182108076183852,0.014650961878927303,-0.010545371091919099,0.002175123094637,-0.0003317560695158,-0.0062787607016815995,0.1569872805317497,0.024355817794967996,0.08064333324213009,0.014621428943480903,0.010591682415393398,0.0001100234627918,-0.027343510351331993,0.0,-0.04135601502769637,0.0446785229832255,0.0004329660894748,0.0014840444690938,-0.0001829771847684,0.0220106954752698,0.0004536370445499,0.23706271850392313,0.0,0.046592170371914605,0.0008397098501633,-0.046747898627470696,0.0007864891075218998,0.007131192263336101,0.36590795426199385,0.027414506752577596,0.0126155105351994,0.0190749439988509,0.0,0.015476072148759701,0.3742170676055012,0.0652197010893676,0.3264299464437542,0.2672413831119117,0.036358921153126306,-0.5755519000472873,0.044519401301500595,0.004030191868966799,0.0067174508980998,0.0107196396044393,-0.0015557469492640998,0.0,0.0166630023526506,0.0027774583110294,0.0507234929024942
0.0,0.228909424385188,-0.14937197676121622,0.0,0.0,0.0,0.0,0.0008484972750342,0.0,0.0,-0.005272581172965801,0.0,0.0,0.0,0.0,0.017099004817437896,-0.12129250966844829,-0.0010133342457584,-0.017511483736363898,0.0,-0.0014588763861559,0.0686833281027265,-0.005232123377708786,-0.0005533991388289999,0.0,-0.022456030938968898,-0.11692358063379094,-0.0002343887007337,0.0003301408252314,-0.0013916218677851,0.0,0.0,0.0,-0.0038627848666643004,0.0115517535859516,0.13090701740947397,0.4159172346771862,0.1889048188173852,0.0683876511962756,0.0027846171770568,0.0008019973415813,0.0,0.03941287584922182,0.010795920072575987,0.16020687956995505,-0.08070117774739693,0.0038306965749415,0.0002878070490264,0.0,0.0307851809708036,0.0446785229832255,2.424568496665305,0.0,0.0,-0.0052285759714505,-0.37079279408082466,0.01044655218112231,-0.0039684090059867,-0.0010131356576602996,0.012462283429263504,0.0,-0.0030497196443519,0.08264449661383197,0.0,0.007633720039596989,-0.3265053384242851,-0.0016990476037134009,0.05097043878848084,0.0,0.19235984786023907,0.03200847822309991,0.9985108265338791,-0.0232573470373732,-0.0002064772637099,0.9116921801286715,0.3310590528700068,-0.14826502759739396,0.0225828670049205,-0.052839466884634256,0.0,-0.0023240475128399,0.0005654357252633999,0.07824871250815127,0.004742436671001599,0.03410314492937208
0.0,-0.00019464342358,0.0,1.1341579878995056,0.0,0.031418419406333505,0.006803561240877399,0.0022145760097814003,0.2319312857149409,0.28513421934249195,0.0,0.23204448348679801,0.0030637376582572,0.0040706452402074,-0.0646227682804146,0.0,0.0,0.0,0.0,0.3253785300147931,0.0,-0.0011703318797756002,0.0,0.42200242669487376,0.0,0.0,0.0,0.1723987561552356,0.00020753031124250013,0.0002820208210572,0.0,0.0,0.0,0.0022650029061682,0.0,0.0100338650749859,0.0,0.000570393224672,0.0025264821078007,0.13824885606494242,0.0,0.0,0.03991843360399869,0.0009023317337918,0.08785950382105762,0.025663723717977198,0.06281676048575069,0.0032733903631629,0.0010532220605146,0.00030371903638889974,0.0004329660894748,0.0,5.31461232370874,-0.05072194455679771,0.048658355328568895,0.0661504285292909,0.03924787835839459,0.10184518973206513,1.0344339394002744,0.0,1.2343959411340357,-0.0034850437340220998,0.0213276704411859,-0.39219864567146967,0.0,0.0,0.0,0.0,2.1559861233353264,0.0,0.0033240084043156,0.0,0.5785196085832427,0.0027444598176133,0.0,0.0,1.3147654268804239,0.0340826357185313,0.0014038578930144,0.0,0.00022573504552440002,0.001274601677318,0.010320677641419002,0.0022218473485379,0.00037776257779249985
0.0,-0.0002268284115874,0.0,0.0001665098086373,0.0,-0.00026526935581520006,0.0,0.0,-0.0004478149122892003,0.0,-0.0001815729466854,0.0006673779824287003,-0.0029515404197048,0.0,-0.0069580812405033,0.0,0.0,0.0,0.0,0.0,0.0,0.0,0.0,-0.00013722096359830007,0.00038101462142259995,0.0,0.0,0.0,0.0,0.0,0.0,0.0,0.0,-0.0064458028886089,-0.0081982557076555,0.0007537992654869999,0.0075136613057107,-0.0069319263528804,-0.0019590582469011,-0.007459319800190399,-0.0005319775951782,-0.0008910308130860001,-0.030736215447466297,-0.0019372200600172003,-0.0238486999156342,0.004500715394691199,0.7812976598451926,1.7073317995587969,-0.0038870141994927013,7.912686744800026e-06,0.0014840444690938,0.0,-0.05072194455679771,1.9510687687922887,1.165186085020248,-0.0383396479187998,-0.0167673100149191,0.011432565202225103,-0.04277197744718281,-0.009415830197684499,-0.08396890303989721,-0.0927979772646203,-0.0556005008089075,-1.126954119321147,0.0,0.0,0.0010182062096628002,-0.0005117789277581,-0.020789327180628404,-0.00020166720744710007,0.0012992904543487002,0.0,-0.04332924369810069,0.0038108760021628003,-0.0049967766168592,-0.0004004366803078,-0.029656034214783997,-0.0370790868465848,-0.0019792268649245,0.0006712669263052999,-0.38526279184494827,-0.0002580802399221,-0.5686623899863614,0.0013217082273118998,-0.06460156784079699
0.0,-0.0005684336022493,0.0,0.0025365279710355994,0.0,0.014723221494243502,0.0023556725699847006,-0.0006653834905851,-0.0004969706039526997,-0.020071897241704495,0.0,0.007565816121495702,0.005435042124580599,0.0,-0.0475503665854803,0.0,0.0,0.0,0.0,0.0009501055288082,0.0,-0.000997079367369,0.0,0.15918494736452912,0.0008440309315151,0.0,0.0,-0.0152634203025514,0.0,0.0,0.0,0.0,0.0,-0.0028007699621967006,0.013805147297511998,0.0061937370133027,0.0097233918945922,-0.004782986226463899,-0.0007291845662710005,0.014139469668093305,-0.0012978015185272,-0.0063774128586046,0.12599672686120877,0.0048264546660448,0.34932676689443487,0.08233544703834289,0.0827072004421372,0.0018851968329685054,0.017779566700495596,0.012878615198493197,-0.0001829771847684,-0.0052285759714505,0.048658355328568895,1.165186085020248,11.368622589101854,0.09605833571468336,1.800451974991768,0.049982632945926586,0.07060219974855109,0.0008858890757746998,1.3765196596363274,-0.0337329313049734,-0.007473762618593449,1.710900360756133,-0.0003557197135426,0.0005125474173099001,-0.0013318311220274,0.0016816162323107999,-0.020152282125147497,0.004459202494188099,0.00028398938436519994,0.0024766638609277983,0.11607855198923409,0.0401963393967426,-0.0015824096405884001,-0.0013615398335307,0.16359436170222258,0.2008991056976669,0.003383953748006402,0.0,-0.20423347027844962,0.007171211786377803,-0.0689550064583424,0.43240107968942293,-0.022682882404011395
-0.0036927696203999,0.008629920694134999,0.0,0.006763969315078,0.0,0.058495854678540404,-0.0380699284040443,-0.039021056915973795,0.008079222694871394,-0.004585028379843599,0.0,-0.0026747088908467996,0.0287914993088923,0.0087390199794419,0.0036353378959390996,0.006676044611793,0.0,0.0,0.0,0.0009691864902872,-0.0001757934737304,0.013192537783489399,-0.0011402048636914,0.17473207960269788,0.0002511619206305,0.0,0.0013935229468006,-0.10844505402895771,-0.006202209103790901,-0.00019583065977890005,0.0,0.0,0.0029943016296042,0.004156254262992801,0.0070735708862148,0.03358891137836101,0.017623784459226702,-0.0070840801237942,0.0020596054553794997,0.014546162456942801,0.0,0.0010549732313551,-0.9932058423928929,0.0364636579310223,0.5248991801069947,0.33718824194171215,-0.2650883933861857,-0.1185534859596443,0.014134438896865501,0.8865875819217708,0.0220106954752698,-0.37079279408082466,0.0661504285292909,-0.0383396479187998,0.09605833571468336,5.175106341765407,-0.29982879223489434,0.01921431426325429,0.8627622748960224,-0.0262980176204859,-0.003108961803586399,-0.1690387268881542,-0.29076411506855226,0.0037226927615552977,0.011911660671390802,0.20243904101484433,0.0,-0.003719781445408403,0.001825505384168799,0.47303086980287956,0.014891151316177496,0.4946488833380758,0.9586321097625561,0.0241578670857419,0.026465317492279906,-0.2785742516243212,1.374425841612549,-0.22310679799551902,2.6119860596948925,0.0,-0.046381624464523694,-0.0003236299424669298,-0.20677240463613167,0.026358448008350577,-0.5146016144335721
-0.0032249902193063,0.0,0.0,5.65064482616999e-05,0.0,-0.0018488287723407,-0.0028974231574602997,-0.003870007100232,0.0282289062839617,0.017982134198926997,0.0,-0.0006269942706813,0.0123606129404967,0.0,-0.0015377009016167,0.0,0.0,0.0,0.0,0.0008150621710844,0.0,-0.0033873087780338,0.0,0.15944107213298842,-0.00015577975386409982,0.0,0.0,-0.01046928497340019,0.0,0.001062749043155,0.0,0.0,0.0,-0.005534738531070499,-0.0003800714832192,0.00044890706033690053,0.0073185574933592994,-0.009255158679697,-0.0020033450345941,-0.0026271237500048003,-0.001954879731235,-0.005912460847170099,0.08520177033193421,-0.008616758267966599,-0.008428586925100068,0.0007707337705750994,-0.048624799070294045,0.012664347022619406,0.016560030366104497,-0.14664108122741637,0.0004536370445499,0.01044655218112231,0.03924787835839459,-0.0167673100149191,1.800451974991768,-0.29982879223489434,1.911920641581812,-0.012800084134352102,-0.3162538685629883,-0.020406988062594694,-0.12950861295386562,-0.01690288359481329,3.7223134591671254,0.002969150451582192,0.0001640025890528,-0.0287986184562517,-0.006017527401867699,-0.010636461254939,-0.1556287546051135,0.05540266454414661,0.0054455302528827005,-0.09813369812123396,0.1589486697331402,0.0247991459061331,-0.0076544941882170005,-0.0254177983602727,-0.054673858317073054,0.22454649085127942,-0.08190875712340989,0.0002054305707481,0.354809530174913,0.05537187632157679,-0.018934258693520223,0.014056268524537001,-0.0321996871616511
-0.0205712872839184,0.0219456922509961,0.0,-0.015182353876188603,0.0,0.0632951354694935,-0.024989536202625395,0.0005235782083659948,0.6492993307121029,-0.16092989252314216,-0.0018660118999489,-0.2344835053028717,-0.003342218889478301,0.006103856894960492,-0.0591598337375137,0.1077845417292918,0.0008407736643078999,0.0,0.00013312596109470002,-0.14219966018243002,0.0047797117426633,0.0464244945850669,0.004512329739743099,0.41385782230398194,0.0006204158049464004,-0.0009049609157584,0.004835130917533903,-0.1877934149042486,-0.0013915543140087805,-0.0159408951349306,0.0,0.0,0.0164372753523686,-0.016970626152725404,-0.0023409689590901984,-0.037630281695103796,0.021116376130395298,-0.0929319576856069,0.018569757563081206,0.10456332767389229,-9.860448503729979e-05,0.0021305509472139997,0.016537219046347307,0.029016663663914997,0.0820155709516096,0.029497458439281796,0.8226730747102242,0.0021284031927544,-0.013742242562398102,-0.002203857589575,0.23706271850392313,-0.0039684090059867,0.10184518973206513,0.011432565202225103,0.049982632945926586,0.01921431426325429,-0.012800084134352102,3.241603669912836,-0.43098883740314586,0.007812391587959301,0.3867272722938214,-0.013694251480402597,-0.006330970669972805,0.4470885097229371,0.0017631041531243003,-0.0065894259690616,0.0050551999587705,-0.0003513210712926,-0.003354753870524918,2.285703364839943e-05,1.6227919351362539,0.0006050955974201003,0.6333459262920051,0.0925561901947437,0.0068587153058817,-0.6480914147497324,-0.8586469353636081,0.04692942702342051,0.0060288074312637024,-0.0038062930901677002,0.0004280394964433984,0.0119449517613166,0.0033490817922274957,0.0030401466221137013,-0.0460384544992295
0.0,0.0,0.0,0.35046026939886893,0.0,0.1284797560595708,0.0007527505919161966,-0.012670444938808898,0.3988236742495247,0.4389550916939812,0.0,0.2016277179508104,0.06412829631844641,0.0017606390203067,-0.3984158189089544,0.0,0.0,0.0,0.0,0.0405895103280521,0.0,0.0014335884470789997,0.0,-0.08019089866962315,0.0,0.0,0.0,-0.009722380451434892,0.002106001259324,0.0,0.0,0.0,0.0,0.0097533988896523,0.0006909006340508001,0.014906424068472701,0.001041657679423,0.0002494484981318,-0.001162032132623,0.42744849071662916,0.0003628684525604,-0.0003160941627831,-0.6671523246547508,0.007474774764697701,0.9264053742394043,0.192193960133009,-0.5381800364206275,-0.1737563269398398,0.026409748760702297,0.0029331811198999996,0.0,-0.0010131356576602996,1.0344339394002744,-0.04277197744718281,0.07060219974855109,0.8627622748960224,-0.3162538685629883,-0.43098883740314586,16.305131930976557,0.018430787408296997,-0.23342422650935557,-0.04210260785533709,0.28998155293001693,-0.003790052241138764,0.0005761799920539,0.006471918597852,0.0,0.009673238386917,-0.11154588084957506,0.0045413830320402,0.0017342286103311,0.0025625749253357,0.5190281208568592,0.11261213520498489,0.0,-0.0002471069013113001,0.38206709468553424,0.5191150100816102,0.0011439903692923026,0.0,-0.01603216111350221,0.010091964720392796,-0.1341420687563848,0.0715094903799206,-0.10646367242443272
0.0,0.017620919351905198,-0.0022416148778702997,0.0,0.0002830737701824,0.0020218292460834,0.0,0.0,0.0,0.0,-0.0029411060310521007,0.0,0.5579040140559466,0.0,0.0012836827198146,0.0011111103267215999,0.0007960804760494002,0.0087052719210003,0.0022842863163826,0.0,0.0,0.0006471270939858997,0.0004447465000011,-0.0001734136759587,0.0986268732281407,-0.0198343605887676,-0.014234071878341387,-0.0006650533716434,0.0008004219689569,0.0,-0.0111014453253878,0.0,0.0,0.0283098121791418,0.004154966462469,0.033831661214814596,0.0344561126969843,0.0189020354292035,0.0157396405777858,0.01172060587767,0.005445261375207301,-0.005664046186399201,-0.02403995600581832,0.2951467880553973,1.0389425282795295,0.04527080956066032,-0.014278054101659696,0.10626167691378889,0.2095007423352962,0.014804552986972003,0.046592170371914605,0.012462283429263504,0.0,-0.009415830197684499,0.0008858890757746998,-0.0262980176204859,-0.020406988062594694,0.007812391587959301,0.018430787408296997,5.809509096855823,0.0096883299705352,3.667653352558389,-0.06727157700186581,-0.0005723028968426999,-0.0008387568332105001,0.48181315391594104,2.7907983075123326,0.518447002552318,0.0009978816720662997,-0.03812947188728459,0.009206343147843497,-0.029871307627060473,0.0021791988023851,0.09139306818630308,0.0016425040515732903,-0.08508265637375445,0.0017863525333728023,0.08733363130003946,-0.014165690918374399,-0.01520959614012013,-0.08853527875581352,-0.013892858589460702,1.4423607260740088,0.004889062793648999,0.030295871709164694
0.0,-9.246688401559999e-05,0.0,0.1673012429422837,0.0,0.0628197730943118,0.0012049215414737002,-0.0004982650363314,0.0324763838750238,0.23620420202093106,0.0,0.775997868966071,0.0027156742774671,0.0013487401798924,-0.1511823591386724,-0.0002216721038008,0.0,0.0,0.0,0.3042301580006309,0.0,-0.0014969933771529,0.0,0.006865368680318812,0.0,0.0,0.0,0.0137333719160386,-0.0021970215120918,0.0,0.0,-0.000634136639958,0.0,-0.0010315437500064,-0.025120949614411404,0.0122617614365549,0.00020150680949029996,-0.0007319530577468,-0.0008491051311416999,0.09632135183243268,0.0,-0.0006134494179925,-0.041791569873251,0.0011779519367842999,0.2821834206220054,0.030127253736530298,-0.08294132507411445,0.013419852232736992,0.0103327005616188,0.001058545868037,0.0008397098501633,0.0,1.2343959411340357,-0.08396890303989721,1.3765196596363274,-0.003108961803586399,-0.12950861295386562,0.3867272722938214,-0.23342422650935557,0.0096883299705352,7.506684702000889,0.0017326281623945006,0.04792966132497839,0.6204606802078168,0.0,0.0,0.0,0.0,2.930487491267435,0.0007344905302102,0.0024515971624641,0.0,0.29928259336322505,0.010819125539208501,0.0,-0.0029905176708079,-0.04470960242966193,0.20251767827403547,-0.00040495186294489996,0.0,0.003136687385045092,-0.00037490334625050006,-0.17380135049563372,-0.28471002357200803,-0.0232105431564812
-0.0022229612901276,-0.020269984449978823,-0.0002698043949284,0.0,0.0004982486215205,0.0065556060396256,-0.0123816903778051,-0.011606229457934499,0.004396321883602498,-0.0030198050407852,0.015324003727564595,-0.0007646049112055,0.19312966322976965,-0.0036121580972042003,0.0043829900890564,-0.001073638924142,0.0021399682052312997,0.08469298309315182,0.0099699674909585,0.0,0.0,-0.003657667147990701,0.00010028935002849999,-0.0319077972736872,0.2688203193065305,-0.2099558763152291,-0.023771969772915735,-0.0285656309165216,-0.0158577343219695,-0.0003548839915672,-0.24624145373864828,0.00019555131600969993,0.0,0.04464790750201669,-0.021825429837789304,0.02803371687940301,0.14078670624160539,-0.046632007669096726,0.012232109351114184,0.017420401042273402,0.015534575145162901,0.03684176574167353,1.2493851202173172,-0.13590573091953395,1.2267326089769928,-0.0013038995424207167,-0.09180331813589604,0.6511532619231304,1.552420128918948,0.0027339153631894993,-0.046747898627470696,-0.0030497196443519,-0.0034850437340220998,-0.0927979772646203,-0.0337329313049734,-0.1690387268881542,-0.01690288359481329,-0.013694251480402597,-0.04210260785533709,3.667653352558389,0.0017326281623945006,4.9895225272540245,-0.04591413366631242,-0.014103705381502402,0.0147817820313461,2.257614555889985e-05,0.24554867274324,0.0326977150273117,0.004435924207325498,-0.0187079272609019,-0.0915996637585295,-0.0290180782032846,0.0754163455917985,1.6164288129961832,0.46961243316974577,0.22557549068762928,-0.012030091405182797,0.005120360481982111,-0.0023461950406050997,-0.3478284291738425,-0.0875744746831294,-0.0010561516030688002,0.008540490068817519,-0.048750732070387576,-0.2523453459343613
0.0,-0.0005877338738452,0.0,0.0008966895981921,0.0,-0.0015092670176506,-0.0073822525497426,0.0026345471985717,0.0058043950581272,-0.0016334333653356,-0.0001660908455661,0.0,-0.0006989159087911999,0.0,-0.0027735209042314,0.0,0.0,0.0,0.0,0.0,0.0,-0.00020726286048680046,0.0,0.03089689859086711,-0.0006905459509063999,0.0,-0.0005779885025314,-0.017629135858510604,0.0006475692225557,0.0,0.0,-0.000221436670583,0.0,-0.0106023986831554,0.0008045818564076999,0.0017225277647643996,0.0113273399514617,-0.0139641910618077,-0.0020585114352149,-0.0029446490220216,-0.0026700266662343,-0.0084060084721659,0.10674869165646728,-0.032997736803869,0.16461591643098838,-0.009294930337849006,0.02705822270777486,0.015301783053509002,0.0293273558495769,-0.11951963445127056,0.0007864891075218998,0.08264449661383197,0.0213276704411859,-0.0556005008089075,-0.007473762618593449,-0.29076411506855226,3.7223134591671254,-0.006330970669972805,0.28998155293001693,-0.06727157700186581,0.04792966132497839,-0.04591413366631242,4.9369254685561295,-0.0141075504862047,-0.0006011276396086999,0.2362734059036351,-0.0137885292250065,0.0014562392639555985,-0.011929217529116104,0.14606608668319626,0.0063319443588200994,0.3331403669970787,0.11509825354913239,0.0007401285438912008,-0.0447426090382659,-0.032013838893432005,0.1327007786886012,2.623837320356679,0.3439108670245674,-0.0024782778275472,1.42120607222498,0.08054213180410659,0.10558815004468391,-0.009442083476340901,-0.0465748955423418
0.0,0.0,0.0,0.0553864308730121,0.0,0.026760520902298898,0.0022338568642342,0.0004432207717675001,0.0426275983543942,0.27428918607708286,0.0,0.0094545724535725,0.0032021221566619993,0.0,-0.0278934088634647,0.00042019327445480016,0.0,0.0,0.0,0.011486411613336293,0.0,0.00025335239274760005,0.0,0.005082715088603695,0.0001705532473081,0.0,0.0,0.039375536875619406,0.0,0.0,0.0,0.0,0.0,-0.0041032710418009,-0.0097347364055584,0.0032623741436555997,0.0011175458136092,-0.0015153683085867,0.0,0.0359383358492662,0.0,-0.0008327313423409,-0.044178795794391504,-0.0004020370737674,-0.004671256616610699,0.00023065637762040032,1.8543541039875024,-0.007805096202399699,-0.0010268435291088999,0.0007849526491869,0.007131192263336101,0.0,-0.39219864567146967,-1.126954119321147,1.710900360756133,0.0037226927615552977,0.002969150451582192,0.4470885097229371,-0.003790052241138764,-0.0005723028968426999,0.6204606802078168,-0.014103705381502402,-0.0141075504862047,1.2438093268124266,0.0,0.0,0.0,0.0,-0.0967386472251282,0.0,0.028595293477369,0.0,-0.2524848959763131,0.004161159408889099,-0.0001236317742729,-0.0097664756236287,-0.22704421552282303,-0.0011627298417378994,0.0016320996942709,0.0,-0.1144772899890052,0.0009949310840038999,-0.008168944602420899,-0.07152881901919358,-0.013946708589273299
0.0,0.05320064065562931,-0.042444409498208005,0.0,0.0,0.0,0.0018948145236287002,0.0,0.0011687352628968,0.0,0.0009590333684789999,0.0,0.0,0.0002818486849625,0.0,-0.5126042764719667,-0.013727923053759201,0.0,-0.00025906529318109995,0.0,-0.1008714433683626,0.045263061876536725,-0.5180010364354555,-0.0693263214048746,0.0011630225477997,1.104692422500015e-05,-0.08934540677419134,-0.0268061396610446,0.0016048371563262003,0.008890283226920197,0.0,0.0,0.0023958603123231995,0.006715218238673902,0.005017720892182401,0.1734608594265511,0.18798331613093439,0.02819647950795562,-0.003974477780176899,0.068469849155718,0.0004984186707037,0.0,0.0007042449316558841,0.003927868959848091,0.14654489032902362,-0.05052921013956946,0.0007945177228082002,0.0015926639543137,-0.0002014984964991,0.0019850230454496,0.36590795426199385,0.007633720039596989,0.0,0.0,-0.0003557197135426,0.011911660671390802,0.0001640025890528,0.0017631041531243003,0.0005761799920539,-0.0008387568332105001,0.0,0.0147817820313461,-0.0006011276396086999,0.0,1.9664165996641891,-0.03744582203884719,0.0002130730996306,0.0039696401577876995,0.0,3.6395057991921482,-0.03935560130290483,5.556302464637195,0.8394137522607883,0.09184792259396729,-0.017331984169262,0.8140338457954552,1.6527647892354402,0.0049539442904077986,0.028225914012018904,0.0003593612410122,-0.0001805012615555,0.001513865246849,0.0446350406674814,0.018143001913437498,0.004046180624838747
0.0,0.1329973654185891,-0.033097726064943,0.0,0.0,0.0,0.0,0.0,-0.0005588103048019,0.0,-0.0011258390631983,0.0,0.0004021448655383,0.0,0.0,0.001328905910504101,-0.0373080508987498,0.0,-0.0045177563562578005,0.0,-0.0008373721220329001,0.023350162113056003,-0.001725833736360101,-1.3640534900199964e-05,-0.0002841653266051,-0.047922985684460497,-0.22223754026156806,0.0,0.0,0.0,0.0,0.0,0.0,-0.0013054507483944,0.0008975102166447,0.021179864212136107,0.2021733369714005,0.040187611004591714,-0.007354795886422308,0.0,0.0004634116450352,0.0,0.2037654367598281,0.1046002417252471,0.6011883802430801,-0.030491365316038105,0.0031336187742023007,-0.0006235889468115,-0.000315290818027,0.04706918610941441,0.027414506752577596,-0.3265053384242851,0.0,0.0,0.0005125474173099001,0.20243904101484433,-0.0287986184562517,-0.0065894259690616,0.006471918597852,0.48181315391594104,0.0,2.257614555889985e-05,0.2362734059036351,0.0,-0.03744582203884719,2.5676461060392555,-0.025825515772004898,2.0819418989211256,0.0,0.23933522031421073,-0.0357778389115547,0.941759068310585,-0.0639786355341569,0.0006412595435713998,-0.31122496352179674,-0.9143583754362252,0.038062640056903296,-0.1958603393551016,0.13977033454688526,0.0007339613276588,-0.0007697000702412997,-0.013812410504487501,1.5905654273711045,0.0021048398572445,0.03609201938269831
0.0,0.016330947025842,0.0,0.0,0.0,0.0,0.0,0.0,0.0,0.0,-0.0003722680185963,0.0,0.0853771660516438,0.0,0.0,0.0,0.0019975812213301,0.0079978331487433,0.0075575864982813995,0.0,0.0,0.0,0.0,0.0,0.0044966616973554,0.004079981999567994,0.1891126076573518,0.0,0.0,0.0,-0.0029428397730151996,0.0,0.0,0.000707126120247,0.0,-0.003896492821535099,0.048932377153985004,-0.007697000998316699,-0.0060510338357555975,0.0,-0.000278223228658,0.0037823608800482997,-0.10128524919058207,-0.06967709473668371,0.19539137397128026,-0.24093435694656273,-0.0033292110829737,0.0049203224291,0.0006076875847535,0.0033133238347630998,0.0126155105351994,-0.0016990476037134009,0.0,0.0010182062096628002,-0.0013318311220274,0.0,-0.006017527401867699,0.0050551999587705,0.0,2.7907983075123326,0.0,0.24554867274324,-0.0137885292250065,0.0,0.0002130730996306,-0.025825515772004898,3.9062523572676344,0.8845292160170732,0.0,-0.002367253611777199,0.010234272695593499,-0.014779501571453302,0.0,0.0174763433118864,1.0751400390522177,0.08212866562578269,0.0,-0.0493469890578197,-0.0006405155217452004,0.14197222902938988,-0.0224945731996432,-0.0007290949360152,0.27155886758250025,0.0037907189808856004,-0.005829342938001098
0.0,0.09125769875554929,-0.0077509524441857006,0.0,0.0,0.0,0.0,0.0,0.0,0.0,0.0017452659738923,0.0,0.0221431372083423,0.0,0.0,-0.0017257987376698997,0.007790595952984498,0.0137501300982211,0.0194810040629253,0.0,0.0,5.2387407301199805e-05,-0.0016058866387342,-0.0001834440119085,0.0032178616919369997,-0.00019431058664150236,0.1351267052751014,0.0,0.0,0.0005445257192066,0.001159746641279,0.0,0.0,0.0024258679649343997,0.0125130178167304,0.044956709672033,0.24410733722900033,0.0224465040726938,0.023447721506973197,0.0,0.0,0.0005931170107296,0.4829291676558737,0.5510148478210238,1.0690487504599748,0.08341789720073739,-0.001282733203771,0.0021641468935566996,0.001215502504403,-0.013913174925828706,0.0190749439988509,0.05097043878848084,0.0,-0.0005117789277581,0.0016816162323107999,-0.003719781445408403,-0.010636461254939,-0.0003513210712926,0.009673238386917,0.518447002552318,0.0,0.0326977150273117,0.0014562392639555985,0.0,0.0039696401577876995,2.0819418989211256,0.8845292160170732,6.146528471601826,0.0,-0.010447274485246294,-0.0008272215151882006,-0.09444764690552343,-0.0097431435319076,0.003168470755925,-1.1213701545594885,0.15180422955511852,0.0021649787491741027,-0.0654162060357156,-0.024875445022650017,0.015256254173705899,-0.0019410064795873008,-0.013421924103511899,0.3232606430245679,0.0123811867412826,0.13000327478362972
0.0,0.0,0.0,0.009950159424453403,0.0,0.0134701170927519,0.0023699240898223998,-0.0003696042345676001,0.044438164143799,0.025243287954304697,0.0,0.04390471716185461,0.0044330956379397,0.0,-0.0972007197908072,0.0,0.0,0.0,0.0,0.0938707682787813,0.0,0.0,0.0,0.032495083317878204,0.0,0.0,0.0,0.0006665744759641982,0.00011743192821809999,0.0,0.0,0.0,0.0,-5.353800577020002e-05,0.0,0.004194338679566,0.0,0.0,-0.0002359962225404,0.03429161141574061,0.0,0.0,0.017539468101177208,0.0010126156741111,0.08118398748248423,0.007147568227025801,-0.062054635246943685,0.002049638115441201,0.004524646271907,0.00029015149286280005,0.0,0.0,2.1559861233353264,-0.020789327180628404,-0.020152282125147497,0.001825505384168799,-0.1556287546051135,-0.003354753870524918,-0.11154588084957506,0.0009978816720662997,2.930487491267435,0.004435924207325498,-0.011929217529116104,-0.0967386472251282,0.0,0.0,0.0,0.0,0.5294054277211662,0.0,0.0006187586253156,0.0,0.16369283251512518,0.0044615632564847995,0.0,0.0,-0.12041112098104811,0.0542143931874562,0.0,0.0,-0.007037004399300198,-0.0002862472713115,-0.022385052644849898,0.0026969417987323,-0.0013350153702617997
-0.00165205038683,0.011615064986369501,-0.0194015675918497,0.0,0.0,0.0002961501936379,0.0,0.0,0.0056752522192577,0.0,0.0,0.0,0.0,0.0,0.0,0.14747346206986656,-0.002782283131601,0.0,0.0,0.0,-0.0880897812401942,0.03611052265209701,-0.05247415858551763,-0.13163233698413618,0.0,0.0,0.0060322075948676945,-0.049613310100888,-0.003368511357911199,-0.006510523158127196,0.0,0.0,-0.00029619174990100014,0.0037712304670780017,0.0393890331844761,0.12032125446446817,0.32779602905565625,0.009840338678992103,0.003145074578696498,0.0372422010176709,-0.0011228649474966,0.0,-0.9213310205192125,0.18569167403216147,0.00997607856765903,-0.21249302290106598,0.07917415262020769,-0.0037903291821857,0.0017756896304559,0.051955093681640405,0.015476072148759701,0.19235984786023907,0.0,-0.00020166720744710007,0.004459202494188099,0.47303086980287956,0.05540266454414661,2.285703364839943e-05,0.0045413830320402,-0.03812947188728459,0.0007344905302102,-0.0187079272609019,0.14606608668319626,0.0,3.6395057991921482,0.23933522031421073,-0.002367253611777199,-0.010447274485246294,0.0,12.783071695110152,-0.0467653009311125,6.275618625775007,-0.2632073599065068,0.001755796286748,-0.018068481074092396,0.18652949172562328,2.1895239734477343,0.03517913461045308,1.8813979787525525,0.0002669413172498,-0.011893305966043603,0.027483016452566303,0.5022644758631207,0.026229593233758702,-1.0122315861464402
-0.0045078103744166,-0.0029535108242578073,0.008463126900499399,0.0002174666483868,0.0003342340633381,0.0,0.0043039661874218,-0.0010715371983719994,-0.04177506409367189,-0.0009823714858195,-0.0014165337027912,0.0,-0.0612621552722138,0.0057725773821936995,0.00030089946414359994,-0.4438184076653563,-0.017439706090741497,-0.0004123523779956,0.0006267842021101993,-0.0002219364597868,-0.07704688688780692,0.20169472464955218,-0.0711310055657467,-0.16651534834275117,-0.0158034857971772,-0.005072340531075499,-0.07358052633150441,-0.0280727532160064,-0.0126877844657349,-0.015228338878434299,-0.0001689183523482,0.0,-0.0020934297168203,-0.007013660325419696,-0.00013866787903819844,-0.10946854993770588,0.0172991485392716,-0.05086212720154591,-0.012355765591576008,0.0325789657418411,0.0,-0.0030233759898208,0.028889330425587945,-0.005279626655939701,0.02887829678203868,0.01545599494297989,0.055970980801953105,-0.0005158942631019001,-0.0681518427793264,0.0017893630047261001,0.3742170676055012,0.03200847822309991,0.0033240084043156,0.0012992904543487002,0.00028398938436519994,0.014891151316177496,0.0054455302528827005,1.6227919351362539,0.0017342286103311,0.009206343147843497,0.0024515971624641,-0.0915996637585295,0.0063319443588200994,0.028595293477369,-0.03935560130290483,-0.0357778389115547,0.010234272695593499,-0.0008272215151882006,0.0006187586253156,-0.0467653009311125,0.20721974042769542,0.1006425952401227,1.1765846138622722,-0.12621652759059093,-0.015402213952788901,-0.2815335324596919,0.022553701677331506,0.0006432480624609001,-0.0198039731640765,0.0025903082464619007,0.0,-0.00042859492527870004,0.0029007714739773018,0.0026454184307294,-0.020596626854658684
0.0,0.0394138579792816,-0.303196321634668,0.0,0.0,0.0,0.0003124164782085001,0.0,-0.00034249158455550003,0.0,-0.0029253012916489,0.0,0.0,0.0,0.0,-0.13567078373030328,-0.048401799845464596,0.0,-0.0032996070655912,0.0,-0.0762801762838243,0.14513609340748979,-1.107558653824255,-0.06870386157433789,0.0,-0.003221948358367,-0.28722649511855325,-0.0158126607994932,0.0005529905593994,-0.0020396348278154,0.0,0.0,0.0008763628897267,-0.0091837607713245,0.0542383124505348,0.17601388727508227,0.6075428697070578,0.053259606748090826,0.12220507356175658,0.0686928201291775,-0.0007828103955156999,-0.00068275859261,-0.46012372491340514,-0.7677981626446799,0.5318323953363864,-0.33366880096958074,0.026208235072082198,-0.0035997364396284995,0.0006957110190313,0.05401909232930513,0.0652197010893676,0.9985108265338791,0.0,0.0,0.0024766638609277983,0.4946488833380758,-0.09813369812123396,0.0006050955974201003,0.0025625749253357,-0.029871307627060473,0.0,-0.0290180782032846,0.3331403669970787,0.0,5.556302464637195,0.941759068310585,-0.014779501571453302,-0.09444764690552343,0.0,6.275618625775007,0.1006425952401227,7.380561404816561,-0.3381532118530802,0.007947961286662,-0.24404331136255708,0.7897259114878441,-0.012790208777035073,-0.388712862876188,0.44800194977517904,0.0004192420960329,-0.014842948179102798,-0.003740409929789301,0.8544810997101657,0.061279573762857975,-0.5482215338036345
-0.132456349938594,0.007850234322167901,-0.025706498067271502,0.08750828762406238,0.0,1.107643819016753,-0.4808148867492457,-0.012672691395357427,0.21454259809856757,-0.6729998361376159,0.0,-0.041102459166987196,0.09794806974717911,0.5731051321434739,0.2844230567806338,0.032373939726911716,-0.0057167606609019005,0.0,0.0002226351369274,-0.12416653416385162,-0.11928193637699258,0.1594649423157351,-0.15653103932466708,2.005652097919822,0.0067973993620448,0.0,-0.05145873513714361,-0.7670397114722585,-0.28742449245208723,-0.12555485423988633,0.0,0.0,0.1175439730710762,-0.14112371653874012,0.008572370409263499,0.18610116697899226,0.15935395091210747,-0.725342816630536,-0.09534200386121644,1.2674629874303096,0.012530332123790299,0.0016494546591528,0.10696309827493122,-0.03142965256555008,0.3742454730115158,0.0706609669301223,0.16863840057068968,0.011209554247074503,0.0130766233655335,0.012637059377245297,0.3264299464437542,-0.0232573470373732,0.5785196085832427,-0.04332924369810069,0.11607855198923409,0.9586321097625561,0.1589486697331402,0.6333459262920051,0.5190281208568592,0.0021791988023851,0.29928259336322505,0.0754163455917985,0.11509825354913239,-0.2524848959763131,0.8394137522607883,-0.0639786355341569,0.0,-0.0097431435319076,0.16369283251512518,-0.2632073599065068,1.1765846138622722,-0.3381532118530802,18.22434805956958,0.09965478389675797,-0.0139711550074413,-0.4398081183746725,6.477666182553337,0.1903501985333016,-0.11053127580644273,0.0,0.008980267134514,0.030871664252997505,0.1045617718839601,0.030652334896459008,-0.12575055509679833
-0.0016054270021747,0.08902634564126422,0.000580882990222,0.0,0.0014038407793518,0.0036182400657632,-0.0041317761533361,-0.000788166726493,-0.0019643598404008,-0.0015210485485343999,-0.013848053560229102,0.0,-0.853540382976123,-0.0015832002787239,0.0005120121980802,0.0019918399466533,0.0006566399217859,0.009361403141345101,0.0042616067589798,0.0,0.0,0.0006170492822196003,0.0,-0.017786908148621498,0.20084173662889582,-0.0360192656980024,-0.2616345308832031,-0.012631181743870101,-0.0071202458700021995,-0.0005440428763359,-0.023626367004417198,-0.0007449511528751,0.0,0.0312898943113378,0.00035708834259099993,-0.018611401810101208,0.012832856050968906,-0.019198938028401703,0.003998867083575899,0.0007872102699789992,0.0075631472176326,-0.0339781378165433,0.43855715129286715,0.03745416591346412,0.10308930363365132,0.06930294028387289,0.07585209233081189,0.062164480273864405,0.3613563835423653,0.0026067309184777,0.2672413831119117,-0.0002064772637099,0.0027444598176133,0.0038108760021628003,0.0401963393967426,0.0241578670857419,0.0247991459061331,0.0925561901947437,0.11261213520498489,0.09139306818630308,0.010819125539208501,1.6164288129961832,0.0007401285438912008,0.004161159408889099,0.09184792259396729,0.0006412595435713998,0.0174763433118864,0.003168470755925,0.0044615632564847995,0.001755796286748,-0.12621652759059093,0.007947961286662,0.09965478389675797,0.3658465320769162,0.0027597633438266045,-0.31395422738873435,0.0715007859529324,0.0288559334993054,0.0024953036234837,0.023090829475103,0.0343005988428955,0.000949342619551,0.002724695682531808,0.0037747236177988995,0.008175753253324699
0.0,0.37448837777737465,-0.034333179995774496,0.0,0.0,0.0,0.0,0.0,0.0,0.0,0.005666747878737999,0.0,0.1423635951245349,0.0,0.0,-0.0055576824065495,0.0010086271804864017,0.043667149098570404,-0.038307811426985916,0.0,0.0,0.0005370387068715007,-0.0032782884485211996,-8.544360578159995e-05,0.0162869062163416,-0.4731872122887821,0.19075571989699425,0.0,0.000214486456999,0.0,-0.0603171547876054,0.0,0.0,0.0230335309772828,0.0171891050393214,0.1350361894198343,0.806700046569009,-0.04480174775879742,-0.09464798113644501,0.0022269179635529004,-0.0010939873744441001,0.005164295666940499,-0.4538735955642208,0.023042135610667813,-1.7610813866632622,-1.092743795867329,-0.0025731097503414,0.0047964055388526,-0.0310084726587892,-0.0006916984244542002,0.036358921153126306,0.9116921801286715,0.0,-0.0049967766168592,-0.0015824096405884001,0.026465317492279906,-0.0076544941882170005,0.0068587153058817,0.0,0.0016425040515732903,0.0,0.46961243316974577,-0.0447426090382659,-0.0001236317742729,-0.017331984169262,-0.31122496352179674,1.0751400390522177,-1.1213701545594885,0.0,-0.018068481074092396,-0.015402213952788901,-0.24404331136255708,-0.0139711550074413,0.0027597633438266045,15.03679649583939,3.2900382062520794,-0.008331016059131405,-0.22881204008939413,-0.0333629962086151,0.20007418988692327,-0.06709296424410681,-0.0082214651591991,-0.4341718481975826,-0.008583748658043004,0.09370109269367949
0.0,1.1505910472507876,-0.5410213409463553,0.0,0.0,0.0,-0.0014040439094791,0.0007966054716761,-0.008465982764372099,0.0,-0.024817838168729296,0.0,-0.19276611511739528,0.0010408542603859,0.0004831895639894,-0.23895760590353965,-0.3159217947746864,0.06500050708241581,0.04243061754001609,0.0,-0.022586432855468,-0.06832049960472386,-0.4661871644925766,-0.0646290325366988,-0.04527911122152839,-0.8784383633919908,-3.7250504156923547,-0.0097364323398005,0.0015617741184938,-0.0066268565741813,-0.0462014557746761,0.0,0.0,0.0264976553141949,0.0376450182801896,-0.051442309273068254,1.512219709989614,0.08673871905360064,-0.1447636464064035,0.011966263124039499,-0.0010208443728490996,0.00020860547049210074,0.8655892488355317,0.06788477502144641,0.45698071883414126,-1.1626169035619318,0.011160603523338797,0.002281035180527,-0.0318954959431457,-0.005150710449060701,-0.5755519000472873,0.3310590528700068,0.0,-0.0004004366803078,-0.0013615398335307,-0.2785742516243212,-0.0254177983602727,-0.6480914147497324,-0.0002471069013113001,-0.08508265637375445,-0.0029905176708079,0.22557549068762928,-0.032013838893432005,-0.0097664756236287,0.8140338457954552,-0.9143583754362252,0.08212866562578269,0.15180422955511852,0.0,0.18652949172562328,-0.2815335324596919,0.7897259114878441,-0.4398081183746725,-0.31395422738873435,3.2900382062520794,13.765999957481512,0.1515424414739216,-0.011657765066221792,-0.0527055936020549,-0.6412355929492211,-0.014547305695006401,-0.003419143973965,0.18518731888140594,-0.02099823108959631,0.22419549338711375
-0.0593912554281156,0.0097020924102893,-0.008638646472864601,0.0332606580691132,0.0,0.0650164998044,-0.1937380029647167,-0.12282740020112821,0.037670787266742334,-0.11037388443449378,0.0,0.021704515055250596,0.047847869994118004,0.011629953052638801,-0.03677076535539679,0.08524863066730112,-0.0006370530818972,0.0,0.0,-0.0047362820565698995,-0.0357987298786046,0.054029053959184406,-0.026852907662249303,-0.32387160553554306,0.0008785551015435,0.0,-0.0029698635923002953,-0.5507620077987386,-0.12755980964206043,-0.0864323873349997,0.0,0.0,0.0145143629120973,-0.1075643248856459,0.01294173899192,-0.11817136568112563,0.0864917086787272,-0.136164244835626,-0.038082922127164395,0.23014232733195752,0.00040995468265760007,0.001451745138185,-1.0190958471280522,0.13326152327272356,0.933345954711088,0.34695504432651203,-0.212262700713996,-0.0659923124858563,0.015507706746191901,0.008936393081164506,0.044519401301500595,-0.14826502759739396,1.3147654268804239,-0.029656034214783997,0.16359436170222258,1.374425841612549,-0.054673858317073054,-0.8586469353636081,0.38206709468553424,0.0017863525333728023,-0.04470960242966193,-0.012030091405182797,0.1327007786886012,-0.22704421552282303,1.6527647892354402,0.038062640056903296,0.0,0.0021649787491741027,-0.12041112098104811,2.1895239734477343,0.022553701677331506,-0.012790208777035073,6.477666182553337,0.0715007859529324,-0.008331016059131405,0.1515424414739216,13.988871277596239,0.384518870326892,1.424411963143804,0.0,-0.014331762760615801,0.1426231357112535,0.3107952570771313,0.021570101513970596,-0.5108930399238067
0.0,0.0021931408979883,0.0,0.0,0.0,0.0021205514787402,0.0,0.0,0.029648954522664403,0.0,-0.0002309818906878,0.0016607981758338,0.0253188102636264,0.00010292542260500006,0.0011672843883979,0.0049462587108112,0.0,0.0,0.0,0.0,-0.0007364259952885,0.0007287652172531002,-0.0002626469990017,0.18748557752263983,0.011494842781833098,0.0,0.0006142616448794004,-0.0086329669504503,0.0016919997980798995,-0.0016950805228321993,0.0,-0.0001595665709206,-0.0008869820708015,-0.0191037263780147,0.0039981355005307,0.0033267727867047903,0.0286141315144244,-0.0198941737578981,-0.004045806351986699,0.004895088846222,-0.0033509880079175,-0.0024573979094422004,0.17767809859728567,0.0079167361038548,0.6902615833264498,0.04670655085573411,0.008527302557091304,-0.022309065500764003,0.1158332339817021,0.4614627282634407,0.004030191868966799,0.0225828670049205,0.0340826357185313,-0.0370790868465848,0.2008991056976669,-0.22310679799551902,0.22454649085127942,0.04692942702342051,0.5191150100816102,0.08733363130003946,0.20251767827403547,0.005120360481982111,2.623837320356679,-0.0011627298417378994,0.0049539442904077986,-0.1958603393551016,-0.0493469890578197,-0.0654162060357156,0.0542143931874562,0.03517913461045308,0.0006432480624609001,-0.388712862876188,0.1903501985333016,0.0288559334993054,-0.22881204008939413,-0.011657765066221792,0.384518870326892,7.0456806122580105,2.0968841793364517,-0.006203027856012001,-0.14226051636540227,1.7944362130498903,0.04913211682654861,0.004306101324898996,-0.05842435994637021
-0.0108174810289521,0.0022763562379683002,-0.0023015503802856,0.0,0.0,0.0,-0.0056542497653045,0.0,-0.002390431089357499,0.0,0.0,0.0,0.0009489928913841,-0.00015471493346060007,0.0,0.0397211344947694,-0.0006313239242984,0.0,0.0,0.0,-0.0222087593500744,0.011276602517587702,-0.004152485337074,-0.18903984662573525,0.0,0.0,-0.006096210235624601,-0.0639187239292517,-0.0288838401473324,-0.0473758748626774,0.0,0.0,-0.0011197520952816002,-0.025994167904111798,0.0023723686651562,-0.112618338014008,0.0319215169569765,-0.0221963944126142,-0.009614041423665601,0.0256532417824533,0.0007073572643413001,0.0,-0.05270310427352398,0.0171560457483556,0.33856384451354793,0.07679985629029734,0.008318771235729099,-0.0005218779840370997,0.0012265786573352,0.2131593066125521,0.0067174508980998,-0.052839466884634256,0.0014038578930144,-0.0019792268649245,0.003383953748006402,2.6119860596948925,-0.08190875712340989,0.0060288074312637024,0.0011439903692923026,-0.014165690918374399,-0.00040495186294489996,-0.0023461950406050997,0.3439108670245674,0.0016320996942709,0.028225914012018904,0.13977033454688526,-0.0006405155217452004,-0.024875445022650017,0.0,1.8813979787525525,-0.0198039731640765,0.44800194977517904,-0.11053127580644273,0.0024953036234837,-0.0333629962086151,-0.0527055936020549,1.424411963143804,2.0968841793364517,10.565608080459274,0.0002096433084052,-0.012999860575413899,0.2607760743075451,0.8732326666071915,-0.001201199309841701,-0.16507652381843635
0.0,0.004212913641633299,0.0,0.0,0.0,0.0,0.0,0.0,0.0,0.0,-0.0035019266414982,0.0,0.0174594249370687,0.0,0.0002698683674154,0.0,-0.0001685193688839,-0.0038451372232635,-0.0001408227014315,0.0,0.0,-0.000240386194732,0.0,0.0,0.012332140736129302,-0.0419243776710892,-0.059219088614814064,0.0,0.0001787805205945,0.0,-0.045158752495408294,0.0,0.0,0.0043216883337782,0.0,0.0013402689127706,-0.0077234170099768,-0.008488523155969,-0.0033849317901542015,0.0006903284013375,0.0008307678847256,0.013610958991086098,0.005211137531953403,-0.16276996100929997,-0.007188953056474101,-0.01782465810577491,0.0,0.001023097698358,-0.007218885172205999,0.0,0.0107196396044393,0.0,0.0,0.0006712669263052999,0.0,0.0,0.0002054305707481,-0.0038062930901677002,0.0,-0.01520959614012013,0.0,-0.3478284291738425,-0.0024782778275472,0.0,0.0003593612410122,0.0007339613276588,0.14197222902938988,0.015256254173705899,0.0,0.0002669413172498,0.0025903082464619007,0.0004192420960329,0.0,0.023090829475103,0.20007418988692327,-0.6412355929492211,0.0,-0.006203027856012001,0.0002096433084052,-0.6260787585435512,-0.003912309714049499,0.0,0.0017258073036377011,0.00013331735761010005,0.0025548973793112
0.0,-0.0009829582196064,-0.0002083209488694,0.0,0.0,0.0,0.0,0.0,-0.00046319342861249986,0.0,0.0005290081549543,0.0,0.004598134360931299,0.0,0.0,0.0,0.0,0.0,0.0,0.0,0.0,0.0,0.0,0.0,0.0040829164806224,0.0,0.0005097550682788,0.0,0.0001308634651486,0.0,0.0,-0.0004105685521321,0.0,-0.0196259426368047,0.0020170967619128,0.0016254592708295993,0.048420291639666505,-0.0393343853073797,0.00041519949498560003,0.000717602126686,-0.0065062981322351,-0.0021513401124616006,0.2944399328625462,0.003006534103430901,0.25797387567199526,0.07616504403664699,-0.015903655548329843,0.1452366256124047,0.082772853808149,0.0036500027701861,-0.0015557469492640998,-0.0023240475128399,0.00022573504552440002,-0.38526279184494827,-0.20423347027844962,-0.046381624464523694,0.354809530174913,0.0004280394964433984,-0.01603216111350221,-0.08853527875581352,0.003136687385045092,-0.0875744746831294,1.42120607222498,-0.1144772899890052,-0.0001805012615555,-0.0007697000702412997,-0.0224945731996432,-0.0019410064795873008,-0.007037004399300198,-0.011893305966043603,0.0,-0.014842948179102798,0.008980267134514,0.0343005988428955,-0.06709296424410681,-0.014547305695006401,-0.014331762760615801,-0.14226051636540227,-0.012999860575413899,-0.003912309714049499,0.09834283128341736,-0.0057090510987047,-1.33792413919757,0.007533741911323694,-0.10199903636074317
0.0,0.0004865172738732,0.0,0.0,0.0,0.0,0.0,0.0,0.0013586628812887998,0.0,0.0,0.0,-0.0001767060550033,0.0,0.0,0.0024676945420852,0.0,0.0,0.0,0.0,-0.0002725144677345,0.0004861840227587,0.0,0.039492000287762695,0.0,0.0,0.0,0.0008096954399054003,-0.0010488300192789,-5.452021932699988e-05,0.0,0.0,0.0,0.0007064315171703998,0.0012412470259473,0.009479111423924002,0.0014975966810796,-0.0043182359068872,0.0,0.0009443856456236,0.0,0.0,0.016607713291713913,0.0030103945089583004,0.03382654074248548,0.0026352937575763007,-0.0014079836392856,-0.0008098076696757,0.0002760822076324,0.0228261771679482,0.0,0.0005654357252633999,0.001274601677318,-0.0002580802399221,0.007171211786377803,-0.0003236299424669298,0.05537187632157679,0.0119449517613166,0.010091964720392796,-0.013892858589460702,-0.00037490334625050006,-0.0010561516030688002,0.08054213180410659,0.0009949310840038999,0.001513865246849,-0.013812410504487501,-0.0007290949360152,-0.013421924103511899,-0.0002862472713115,0.027483016452566303,-0.00042859492527870004,-0.003740409929789301,0.030871664252997505,0.000949342619551,-0.0082214651591991,-0.003419143973965,0.1426231357112535,1.7944362130498903,0.2607760743075451,0.0,-0.0057090510987047,0.736859086282835,-0.033931885149129315,0.0020598704724436997,-0.016115612416871598
-0.0001739385058760999,0.0524450606561597,0.0010487227504914001,0.0,0.0,0.0,-0.0015524035835925,-0.0011063411303829,0.015346406606707198,0.0,0.0005928178033479002,0.0,0.03550709972120679,0.0,-0.0002135867900186,0.0283638967724655,0.0013101897313661992,0.000389078505397,0.0009939805672182001,0.0,0.0018441729932378004,0.011635741997528199,0.004331999844882401,0.08543223231453259,0.0117894114343336,0.0009605472757806995,0.06752521984439619,-0.010174527288341399,-0.0032994036600751996,0.0060044113887621,0.0006557954182865,-0.0031496448653103,0.0012111381632238,-0.024990081433550495,-0.014942504763673602,0.06411671981819611,0.10755408482075329,0.0012008667460348954,0.0079399600922067,0.0021563541422185,-0.0097487451294252,-0.004674219513172401,-0.7155581797934424,0.042422011178159594,1.2552444093389181,0.04944150453708801,-0.1522550636377515,0.9663791222287366,-0.273400088403809,0.056013535798148106,0.0166630023526506,0.07824871250815127,0.010320677641419002,-0.5686623899863614,-0.0689550064583424,-0.20677240463613167,-0.018934258693520223,0.0033490817922274957,-0.1341420687563848,1.4423607260740088,-0.17380135049563372,0.008540490068817519,0.10558815004468391,-0.008168944602420899,0.0446350406674814,1.5905654273711045,0.27155886758250025,0.3232606430245679,-0.022385052644849898,0.5022644758631207,0.0029007714739773018,0.8544810997101657,0.1045617718839601,0.002724695682531808,-0.4341718481975826,0.18518731888140594,0.3107952570771313,0.04913211682654861,0.8732326666071915,0.0017258073036377011,-1.33792413919757,-0.033931885149129315,-0.0974129162325088,-0.08235542147765379,-0.552536683693798
0.0011899722936605,0.0089030325265659,0.0007888711233126999,0.0,0.0007375976003581,0.013822244659438404,0.0020439363491731,0.001524009832684,0.0077037850452984,0.0008118858731831998,0.0004884709663377999,0.10624968122653808,0.0013672176926445,0.0014009161707363,0.0008571416714513,0.0103586079161753,-0.0017057751731172,0.0,-0.0019669887145072,0.0,0.0019672040876,0.0037860040814916996,0.013597812751899401,0.004605643379202301,-0.0015809465638637,-0.0005435836682275001,-0.0107462392120763,0.0024424528365752,0.0011636253912646,0.0005954845869731,0.0,0.0,0.0,0.0216630026905019,2.6302855560218745,0.05882742048051581,0.07233840483692269,0.0840220683443343,1.4856494168633674,0.0401469852950415,-0.0870309116384406,-0.0050275778120626,0.8575654567970727,0.07518229215922556,0.174165094942557,-2.3544204719399056,-0.0653361986736338,0.012376266757580502,0.0078605047226391,-0.0009631593179971999,0.0027774583110294,0.004742436671001599,0.0022218473485379,0.0013217082273118998,0.43240107968942293,0.026358448008350577,0.014056268524537001,0.0030401466221137013,0.0715094903799206,0.004889062793648999,-0.28471002357200803,-0.048750732070387576,-0.009442083476340901,-0.07152881901919358,0.018143001913437498,0.0021048398572445,0.0037907189808856004,0.0123811867412826,0.0026969417987323,0.026229593233758702,0.0026454184307294,0.061279573762857975,0.030652334896459008,0.0037747236177988995,-0.008583748658043004,-0.02099823108959631,0.021570101513970596,0.004306101324898996,-0.001201199309841701,0.00013331735761010005,0.007533741911323694,0.0020598704724436997,-0.08235542147765379,37.221020750398566,-1.2357956502501537
-0.0328288085642538,0.09635555076240948,0.03199517042741873,0.0020432222808405,0.0010924694447269,0.0214878965181851,-0.1672859797064054,0.009059139850553403,-0.1039306501346042,0.02464191477416991,-0.026338730299363206,-0.0073022338602843,0.018604168065196297,0.012796160038774797,0.0028111138476679997,0.3990695166338869,-0.1137998740637905,0.0119836125410023,0.0198778164243548,-0.0002884297945526999,-0.80685618346891,0.08206353961854768,-0.5295369449578362,-0.8044666393427065,-0.0090426166231546,-0.15000113713362523,-0.0913943299211053,-0.8213824989661375,-0.040848588102977604,-0.06849152307903959,0.0014026793721617992,-0.0013284416942789,-0.009536442711898001,-0.2223362681674809,1.4146604905461864,0.6645359651425555,0.3935185103321017,-0.046329148520536934,4.345969979754807,0.21993812639794372,-0.045352617736094204,-0.002231227283257295,0.7822247569505316,1.115043537823837,0.18770568994192494,-2.384715891899779,-0.038298170994216896,-0.036317136695088084,0.0280742288329279,-0.0015560753509920987,0.0507234929024942,0.03410314492937208,0.00037776257779249985,-0.06460156784079699,-0.022682882404011395,-0.5146016144335721,-0.0321996871616511,-0.0460384544992295,-0.10646367242443272,0.030295871709164694,-0.0232105431564812,-0.2523453459343613,-0.0465748955423418,-0.013946708589273299,0.004046180624838747,0.03609201938269831,-0.005829342938001098,0.13000327478362972,-0.0013350153702617997,-1.0122315861464402,-0.020596626854658684,-0.5482215338036345,-0.12575055509679833,0.008175753253324699,0.09370109269367949,0.22419549338711375,-0.5108930399238067,-0.05842435994637021,-0.16507652381843635,0.0025548973793112,-0.10199903636074317,-0.016115612416871598,-0.552536683693798,-1.2357956502501537,0.22764051996254597
