Iteration,Cost_data,Cost_reg,Cost_total,Streamlines,Fixels_excluded,Step_min,Step_mean,Step_mean_abs,Step_var,Step_max,Coeff_min,Coeff_mean,Coeff_mean_abs,Coeff_var,Coeff_max,Coeff_norm,
0,840.483,0,840.483,19997,454,0,0,0,0,0,0,0,0,0,0,0,
1,839.39610778744168,0.1357367682836422,839.53184455572534,19997,454,-0.0016620649348707294,-0.00018804567661999015,0.00029106330626014045,1.637881632770263e-07,0.0008530622073907564,-0.0016620649348707294,-0.00018804567661999015,0.00029106330626014045,1.637881632770263e-07,0.0008530622073907564,0.003275599477377249,
2,838.56575232664864,0.13585754107468057,838.70160986772328,19997,454,-0.00097991944889864861,-0.00020042357625452075,0.00025965311877147317,1.2793810986460951e-07,0.0003113455686206146,-0.0025979882586860889,-0.00038846925287451181,0.00052543606297775984,5.4258010708190718e-07,0.0010751758521187033,0.010851059561531061,
3,837.73809808824672,0.13570415290831891,837.87380224115509,19997,454,-0.00097851860893642694,-0.00020020134566845748,0.00025941280738102064,1.277319021525782e-07,0.00031120099789515993,-0.0035335983005778523,-0.00058867059854296694,0.00077611856002901373,1.1765531189088387e-06,0.0012970325176467955,0.023529885825057866,
4,836.91287513023349,0.13555354351968646,837.04842867375316,19997,454,-0.00097788035443177037,-0.00019996211155057534,0.00025915982051291962,1.2752155625584641e-07,0.00031105654198089922,-0.0044686855970602034,-0.0007886327100935412,0.0010310697028237609,2.065154942898419e-06,0.0015186971373485781,0.041301033703025479,
5,836.09007552382718,0.13540616453603935,836.22548168836317,19997,454,-0.00097724005386209652,-0.00019972307390769663,0.0002589069979419971,1.2731149815972754e-07,0.00031091213978552012,-0.0054032495631020378,-0.0009883557840012346,0.0012877069262364565,3.20775537803603e-06,0.0017401698957045756,0.064151899805342569,
6,835.26969180201377,0.13526201455318795,835.40495381656694,19997,454,-0.00097659952318413694,-0.00019948424821504242,0.00025865435400281353,1.2710173206728761e-07,0.00031076779138474863,-0.0063372900402153794,-0.0011878400322162831,0.0015450836418261535,4.6037250556517398e-06,0.0019614509223765714,0.092069897387979147,
7,834.45171652212321,0.13512109125893387,834.58683761338216,19997,454,-0.00097595876949150965,-0.00019924563440404676,0.00025840188873259897,1.2689225768691635e-07,0.00031062349691297924,-0.0072708068708892785,-0.001387085666620329,0.0018028364936793445,6.2524355661334442e-06,0.0021825403469760839,0.12504245888710275,
8,833.63614226486857,0.13498339234191528,833.77112565721052,19997,454,-0.00097531779355087926,-0.00019900723239131752,0.00025814960215481386,1.2668307472653338e-07,0.00031047925650403037,-0.0082239576210708688,-0.0015860928990116411,0.0020605967797092707,8.1532594584105904e-06,0.0024879500067196796,0.16305703590875339,
9,832.82296163423348,0.13484891549370701,832.95781054972724,19997,454,-0.00097467659610763781,-0.0001987690420933117,0.00025789749429255598,1.2647418289421347e-07,0.00031033507029106845,-0.009198160586380422,-0.0017848619411049587,0.0023182336504484098,1.0305570239165593e-05,0.0027982850770107478,0.20610109921307271,
10,832.01216725743348,0.13471765840881525,832.14688491584229,19997,454,-0.00097403517790856033,-0.00019853106342633106,0.00025764556516853917,1.262655818981627e-07,0.00031019093840661029,-0.010171722021975494,-0.0019833930045312902,0.0025756961098851398,1.2708742372044705e-05,0.0031084760154173581,0.25416213869852206,
11,831.20375178483323,0.1345896187846734,831.33834140361796,19997,454,-0.00097339353970080187,-0.00019829329630655505,0.00025739381480513392,1.2605727144674329e-07,0.00031004686098252531,-0.011144641708380375,-0.0021816863008378489,0.0028329472549335467,1.5362151276868331e-05,0.0034185228763998834,0.30722766338608976,
12,830.39770788983697,0.13446479432162989,830.53217268415858,19997,454,-0.00097275168223357595,-0.00019805574065004427,0.00025714224322433881,1.2584925124847319e-07,0.00030990283815003768,-0.01211691942686822,-0.002379742041487885,0.0030899813585757094,1.8265173328842302e-05,0.003728425714549921,0.36528520140351722,
13,829.59402826888208,0.13434318272294385,829.72837145160508,19997,454,-0.00097210960625647414,-0.00019781839637268806,0.000256890850447815,1.2564152101200496e-07,0.00030975887003972834,-0.013088554959462911,-0.002577560437860582,0.0033467969967803136,2.1417185857767241e-05,0.0040381845845896495,0.42832229996948706,
14,828.79270564131002,0.13422478169478133,828.92693042300482,19997,454,-0.00097146731252069796,-0.00019758126339028482,0.00025663963649683616,1.2543408044614396e-07,0.00030961495678153724,-0.014059548088940025,-0.0027751417012508626,0.0036033821927914378,2.4817567147250282e-05,0.0043477995413711869,0.49632652537785837,
15,827.99373274932191,0.13410958894620129,828.12784233826812,19997,454,-0.00097082480177794277,-0.00019734434161842917,0.00025638860325769171,1.2522692925982624e-07,0.00030947109850476491,-0.015029898598827463,-0.0029724860428692987,0.0038597331523056496,2.8465696433914362e-05,0.0046572706398759515,0.56928546298185334,
16,827.19710235789717,0.13399760218914869,827.33109996008636,19997,454,-0.00097018207478162663,-0.00019710763097264202,0.00025613778376452971,1.2502006716216909e-07,0.00030932729533807569,-0.015999606273407182,-0.0031695936738419337,0.0041158394890583845,3.2360953906608673e-05,0.0049665979352140274,0.64718671717826681,
17,826.40280725470939,0.13388881913846479,826.53669607384791,19997,454,-0.00096953913228577104,-0.00019687113136828576,0.00025588715568442732,1.2481349386238461e-07,0.00030918354740949895,-0.016968670897715924,-0.0033664648052102145,0.0043717034344583263,3.6502720705619069e-05,0.0052757814826235264,0.73001791139167571,
18,825.61084025009563,0.13378323751184149,825.74462348760744,19997,454,-0.00096889597504578749,-0.00019663484272060459,0.00025563676392567907,1.246072090698908e-07,0.00030903985484643121,-0.017937092257546153,-0.0035630996479308211,0.00462732468109782,4.0890378921877636e-05,0.0055848213374699576,0.81776668805863084,
19,824.82119417693229,0.13368085502986501,824.95487503196216,19997,454,-0.00096825260381825198,-0.00019639876494468198,0.00025538668574517898,1.2440121249421083e-07,0.0003088962177756388,-0.018904870139447673,-0.0037594984128755098,0.0048827061723029025,4.5523311596173063e-05,0.0058937175552455966,0.91042070861186508,
20,824.03386189059211,0.13358166941596333,824.16744356000811,19997,454,-0.00096760901936034246,-0.00019616289795547316,0.00025513748283120195,1.2419550384502088e-07,0.00030875263632325909,-0.0198720043307281,-0.003955661310830973,0.0051378398603935975,5.0400902718360199e-05,0.0062024701915688561,1.0079676534644857,
21,823.24883626887276,0.13348567839642392,823.38232194726913,19997,454,-0.00096696522243062966,-0.00019592724166784067,0.0002548896535073877,1.2399008283216865e-07,0.00030860911061480345,-0.020838494619454348,-0.00415158855249883,0.0053927258465080131,5.552253722657017e-05,0.0065110793021836595,1.1103952219941768,
22,822.46611021191916,0.13339287970038594,822.59950309161957,19997,454,-0.00096632121378884949,-0.00019569179599646084,0.00025464199994340109,1.2378494916562e-07,0.00030846564077515891,-0.021804340794453442,-0.0043472803484952737,0.0056473641589535554,6.088760100641977e-05,0.0068195449429588181,1.2176911325273889,
23,821.6856766421572,0.13330327105982079,821.81897991321705,19997,454,-0.00096567699419590318,-0.00019545656085591395,0.00025439452143148514,1.2358010255551594e-07,0.00030832222692859005,-0.022769542645313872,-0.0045427369093511954,0.0059017540665994997,6.6495480890220947e-05,0.0071278671698874084,1.3298431223235287,
24,820.90752850421632,0.13321685020953716,821.04074535442589,19997,454,-0.0009650325644130701,-0.00019522153616060678,0.00025414721799477331,1.233755427121125e-07,0.00030817886919874113,-0.023734099962386391,-0.0047379584455118093,0.0061558958514987818,7.2345564656190958e-05,0.0074360460390861492,1.446838947559163,
25,820.13165876487551,0.13313361488716757,820.26479237976264,19997,454,-0.00096438792520347311,-0.00019498672182486829,0.00025390008965603844,1.231712693458519e-07,0.00030803556770863863,-0.024698012536785018,-0.004932945167336682,0.0064097896073207171,7.8437241027661393e-05,0.0077440816067947879,1.5686663833122001,
26,819.35806041296291,0.13305356283316636,819.49111397579611,19997,454,-0.00096374307733095108,-0.00019475211776286047,0.00025365313643772272,1.229672821673022e-07,0.00030789232258069277,-0.025661280160388732,-0.0051276972850995313,0.0066634355101188904,8.4769899672288099e-05,0.0080519739293754798,1.6953132235460897,
27,818.58672645931097,0.13297669179079841,818.71970315110173,19997,454,-0.00096309802156039649,-0.00019451772388862949,0.00025340635836188402,1.2276358088718356e-07,0.00030774913393669952,-0.026623902625841335,-0.0053222150089881608,0.0069168338060245794,9.1342931201258919e-05,0.0083597230633121796,1.826767281093977,
28,817.81764993670004,0.13290299950612955,817.95055293620612,19997,454,-0.00096245275865786996,-0.00019428354011606983,0.00025315975545022926,1.2256016521636196e-07,0.00030760600189784319,-0.027585879726553911,-0.0055164985491042299,0.0071699847505708302,9.8155727168505434e-05,0.0086673290652100228,1.9630163876429403,
29,817.0508238997395,0.13283248372803244,817.18365638346756,19997,454,-0.00096180728939025846,-0.0001940495663589724,0.00025291332772414357,1.2235703486585516e-07,0.00030746292658469742,-0.028547211256704584,-0.0057105481154632286,0.0074228885475901467,0.00010520768006991023,0.0089747919917947203,2.1040483937181347,
30,816.28624142484455,0.13276514220816574,816.41900656705275,19997,454,-0.00096116161452596167,-0.00019381580253100426,0.00025266707520464713,1.2215418954684936e-07,0.00030731990811722868,-0.029507897011240722,-0.0059043639179942103,0.0076755452413766719,0.00011249818334251632,0.0092821118999119497,2.249851168666984,
31,815.52389561014934,0.13270097270096903,815.65659658285028,19997,454,-0.000960515734833748,-0.00019358224854567526,0.00025242099791241535,1.2195162897064584e-07,0.00030717694661479695,-0.030467936785878797,-0.006097946166539886,0.0079279551701361209,0.00012002663136373709,0.0095892888465267459,2.4004126006433784,
32,814.763779575429,0.13263997296366944,814.89641954839271,19997,454,-0.00095986965108378478,-0.00019334890431634027,0.00025217509586775101,1.2174935284871459e-07,0.00030703404219615816,-0.03142733037710637,-0.0062912950708562381,0.008180118969949227,0.00012779241945056429,0.0098963228887229034,2.555720596591835,
33,814.00588646205847,0.13258214075626518,814.13846860281478,19997,454,-0.00095922336404774934,-0.00019311576975631302,0.00025192936909064202,1.2154736089268583e-07,0.00030689119497946649,-0.032386077582182933,-0.0064844108406125417,0.008432036260273116,0.00013579494385877795,0.01020321408370237,2.7157630822317005,
34,813.25020943291679,0.1325274738415102,813.38273690675828,19997,454,-0.000958576874497234,-0.00019288284477869374,0.00025168381760072133,1.21345652814307e-07,0.0003067484050822765,-0.033344178199140526,-0.0066772936853912255,0.0086837072178556646,0.00014403360178215336,0.010509962488784646,2.8805280020412849,
35,812.4967416723257,0.13247596998491806,812.62921764231066,19997,454,-0.00095793018320602778,-0.00019265012929652078,0.00025143844141725712,1.2114422832550827e-07,0.00030660567262154407,-0.03430163202678492,-0.0068699438146877442,0.0089351324479988708,0.00015250779135167247,0.010816568161406189,3.0500033192420979,
36,811.74547638600257,0.13242762695476296,811.87790401295729,19997,454,-0.00095728329094806291,-0.00019241762322264708,0.0002511932405591828,1.2094308713835192e-07,0.00030646299771362956,-0.035258438864697129,-0.0070623614379103881,0.009186312440283043,0.00016121691163473035,0.011123031159119818,3.2241770157829723,
37,810.99640680094194,0.13238244252205086,811.12878924346398,19997,454,-0.00095663619849878151,-0.00019218532646982751,0.00025094821504512295,1.207422289650727e-07,0.00030632038047429894,-0.036214598513233769,-0.0072545467643802116,0.00943724665480929,0.00017016036263434693,0.011429351539594117,3.4030370923243045,
38,810.2495261654235,0.13234041446054043,810.38186657988399,19997,454,-0.00095598890663468438,-0.0001919532389507043,0.00025070336489326574,1.2054165351801163e-07,0.00030617782101872656,-0.037170110773528567,-0.0074465000033309241,0.0096879352683458143,0.00017933754528836975,0.011735529360612843,3.5865715682221064,
39,809.50482774886859,0.13230154054670759,809.63712928941527,19997,454,-0.00095534141613286857,-0.00019172136057776616,0.00025045869012157399,1.2034136050970754e-07,0.00030603531946149634,-0.038124975447492833,-0.007638221363908698,0.0099383784576770415,0.00018874786146868815,0.01204156468007434,3.7747684815122944,
40,808.76230484183134,0.13226581855975941,808.89457066039108,19997,454,-0.00095469372777171469,-0.00019148969126336939,0.0002502141907475483,1.2014134965282405e-07,0.00030589287591660438,-0.039079192337817051,-0.0078297110551720749,0.010188576454398289,0.00019839071398044023,0.012347457555990945,3.9676158888948243,
41,808.02195075589384,0.13223324628162131,808.1541840021755,19997,454,-0.00095404584233077679,-0.00019125823091979552,0.00024996986678845682,1.1994162066018709e-07,0.00030575049049746023,-0.040032761247971685,-0.0080209692860918422,0.010438529970819361,0.00020826550656122237,0.012653208046488406,4.1651018657178858,
42,807.28375882361252,0.13220382149693446,807.4159626451094,19997,454,-0.00095339776059020294,-0.00019102697945912479,0.00024972571826114643,1.1974217324474822e-07,0.00030560816331688976,-0.04098568198220786,-0.0082119962655509762,0.010688238891929791,0.00021837164388029001,0.012958816209805296,4.3672145059619201,
43,806.54772239845624,0.13217754199303297,806.67989994044933,19997,454,-0.00095274948333154343,-0.00019079593679339086,0.00024948174518216366,1.1954300711966754e-07,0.00030546589448713631,-0.041937954345558706,-0.0084027922023443731,0.010937703338609396,0.00022870853153777944,0.013264282104292433,4.5739419222240514,
44,805.81383485474294,0.13215440555996752,805.94598926030289,19997,454,-0.00095210101133694311,-0.00019056510283443161,0.00024923794756769811,1.1934412199818158e-07,0.00030532368411986224,-0.042889578143840722,-0.0085933573051787757,0.011186924070045135,0.00023927557606390499,0.013569605788412296,4.7852722457020356,
45,805.08208958755836,0.13213440999046219,805.21422399754886,19997,454,-0.0009514523453900643,-0.00019033447749401309,0.00024899432543363267,1.1914551759374424e-07,0.00030518153232615312,-0.043840553183653513,-0.0087836917826727978,0.01143590056116983,0.00025007218491817008,0.013874787320738449,5.0011936261784831,
46,804.35248001269565,0.13211755307994377,804.48459756577563,19997,454,-0.00095080348627516289,-0.00019010406068378107,0.00024875087879545215,1.1894719361993468e-07,0.00030503943921651597,-0.044790879272382393,-0.0089737958433565943,0.011684633073805465,0.00026109776648857932,0.014179826759954965,5.2216942320050981,
47,803.6249995666069,0.13210383262650408,803.75710339923342,19997,454,-0.00095015443477743642,-0.00018987385231517611,0.00024850760766835289,1.1874914979045922e-07,0.00030489740490088484,-0.045740556218197864,-0.0091636696956717868,0.011933122107310627,0.00027235173009084119,0.01448472416485585,5.4467622500867332,
48,802.8996417063131,0.13209324643091541,803.03173495274405,19997,454,-0.00094950519168325305,-0.00018964385229963498,0.00024826451206715972,1.18551385819213e-07,0.00030475542948862026,-0.046689583830057897,-0.0093533135479713907,0.012181367410832611,0.00028383348596758046,0.014789479594344471,5.676385885865642,
49,802.17639990935345,0.13208579229662223,802.30848570165006,19997,454,-0.00094885575778003628,-0.00018941406054836233,0.00024802159200640594,1.1835390142022686e-07,0.00030461351308851294,-0.047637961917707833,-0.0095427276085197563,0.012429369161104185,0.00029554244528754022,0.015094093107432984,5.9105533633055165,
50,801.45526767371962,0.1320814680297154,801.58734914174931,19997,454,-0.00094820613385615071,-0.00018918447697254047,0.00024777884750025713,1.1815669630769545e-07,0.00030447165580878353,-0.048585690291682318,-0.0097319120854923238,0.012677127837675066,0.00030747802014479959,0.015398564763241767,6.1492529248758467,
51,800.73623851777393,0.13208027143895543,800.86831878921294,19997,454,-0.00094755632070055271,-0.00018895510148312419,0.00024753627856252902,1.1795977019593586e-07,0.00030432985775708676,-0.049532768763305188,-0.0099208671869754385,0.012924644494321876,0.00031963962355797086,0.015702894620998855,6.3924728315358594,
52,800.01930598022318,0.13208220033573467,800.15138818055891,19997,454,-0.000946906319103486,-0.00018872593399103094,0.00024729388520676471,1.1776312279947135e-07,0.00030418811904051193,-0.050479197144691484,-0.010109593120966471,0.013171918943744424,0.00033202666946941526,0.016007082740039365,6.6402013627188357,
53,799.30446361999975,0.13208725253410175,799.43655087253387,19997,454,-0.00094625612985659762,-0.0001884969744070211,0.00024705166744608996,1.1756675383291704e-07,0.00030404643976558509,-0.051424975248747951,-0.010298090095373458,0.013418951051667181,0.00034463857274444831,0.016311129179804949,6.8924268163162221,
54,798.59170501625727,0.13209542585072742,798.72380044210797,19997,454,-0.0009456057537514281,-0.00018826822264173646,0.00024680962529336777,1.1737066301107504e-07,0.00030390482003827082,-0.052370102889173729,-0.010486358318015232,0.013665740571234515,0.00035747474917054498,0.01661503399984322,7.1491375086617293,
55,797.88102376825486,0.13210671810492655,798.01313048635984,19997,454,-0.00094495519158162224,-0.00018803967860568942,0.00024656775876109036,1.1717485004890739e-07,0.00030376325996397485,-0.053314579880461774,-0.010674397996620937,0.013912287679096372,0.00037053461545655004,0.016918797259807196,7.4103217745155439,
56,797.17241349533788,0.1321211271186177,797.30453462245646,19997,454,-0.00094430444414094589,-0.00018781134220932429,0.00024632606786143565,1.1697931466150467e-07,0.00030362175964754491,-0.054258406037899776,-0.010862209338830255,0.014158593116737965,0.00038381758923189201,0.017222419019454739,7.6759679670486083,
57,796.46586783682596,0.13213865071635211,796.59800648754231,19997,454,-0.00094365351222422172,-0.00018758321336287306,0.00024608455260622465,1.1678405656410594e-07,0.00030348031919327339,-0.055201581177570631,-0.011049792552193074,0.014404657499596588,0.00039732308904577026,0.017525899338648013,7.9460644578263597,
58,795.76138045199741,0.13215928672528512,795.89353973872267,19997,454,-0.00094300239662802705,-0.00018735529197652211,0.00024584321300698963,1.1658907547214479e-07,0.00030333893870489799,-0.056144105116353933,-0.011237147844169612,0.01465048004097501,0.00041105053436639232,0.017829238277352912,8.2205996367934802,
59,795.05894501998728,0.13218303297517514,795.19112805296243,19997,454,-0.00094235109814882589,-0.00018712757796034095,0.00024560204907490493,1.1639437110117965e-07,0.00030319761828560599,-0.057085977671926774,-0.011424275422129967,0.014896060917488496,0.00042499934558015836,0.018132435895638517,8.4995619122575867,
60,794.35855523976556,0.13220988729837838,794.49076512706392,19997,454,-0.00094169961758437204,-0.00018690007122417965,0.00024536106082082666,1.16199943166898e-07,0.00030305635803803298,-0.058027198662764422,-0.011611175493354168,0.015141400305761462,0.00043916894399087286,0.01843549225367655,8.7829397108734657,
61,793.6602048300183,0.13223984752984977,793.79244467754813,19997,454,-0.00094104795573394108,-0.00018667277167793288,0.00024512024825529836,1.1600579138520641e-07,0.0003029151580642673,-0.058967767908141441,-0.011797848265032086,0.015386499815459021,0.00045355875181896392,0.018738407411740817,9.0707214776274601,
62,792.963887529148,0.13227291150712192,793.09616044065513,19997,454,-0.00094039611339657319,-0.00018644567923121954,0.00024487961138848187,1.1581191547208937e-07,0.00030277401846585001,-0.059907685228132598,-0.011984293944263301,0.01563135993195694,0.00046816819220067262,0.019041181430206666,9.3628956758212514,
63,792.26959709516018,0.13230907707031,792.4019061722305,19997,454,-0.00093974409137365664,-0.00018621879379366587,0.00024463915023026161,1.1561831514374577e-07,0.00030263293934377805,-0.060846950443614094,-0.01217051273805698,0.015875980892696082,0.0004829966891872797,0.019343814369550443,9.6594507870564073,
64,791.57732730562043,0.13234834206210458,791.7096756476825,19997,454,-0.00093909189046610328,-0.00018599211527468734,0.00024439886479018716,1.1542499011649128e-07,0.00030249192079850586,-0.061785563376263869,-0.012356504853331656,0.016120363192559536,0.00049804366774430146,0.019646306290348949,9.9603753112182858,
65,790.88707195762527,0.13239070432775996,791.01946266195307,19997,454,-0.00093843951147682281,-0.00018576564358360344,0.00024415875507749452,1.1523194010681664e-07,0.00030235096293016362,-0.062723523848563043,-0.012542270496915225,0.016364506627477939,0.00051330855375069078,0.019948657253279111,10.265657766460064,
66,790.19882486767551,0.13243616171510195,790.33126102939059,19997,454,-0.00093778695520918803,-0.00018553937862968099,0.00024391882110105494,1.1503916483135837e-07,0.0003022100658374727,-0.063660831683796673,-0.01272780987554494,0.016608410827715227,0.00052879077399806585,0.020250867319116583,10.575286689187319,
67,789.51257987164695,0.13248471207449622,789.64506458372148,19997,454,-0.00093713422246739298,-0.00018531332032201088,0.00024367906286945333,1.1484666400691058e-07,0.00030206922961992195,-0.064597486706054405,-0.012913123195866979,0.016852075663754233,0.00054448975618989585,0.020552936548736505,10.889250634041726,
68,788.82833082475349,0.13253635325887378,788.96086717801234,19997,454,-0.00093648131405668199,-0.00018508746856954136,0.00024343948039092224,1.1465443735039283e-07,0.00030192845437559517,-0.065533488740231877,-0.013098210664436446,0.017095501651125659,0.00056040492894071723,0.020854865003112101,11.207538173885403,
69,788.14607160143896,0.13259108312370174,788.27866268456262,19997,454,-0.00093582823078347207,-0.00018486182328117257,0.0002432000736734008,1.1446248457892785e-07,0.00030178774020225916,-0.066468837612031109,-0.01328307248771767,0.017338689009181067,0.00057653572177534694,0.021156652743314359,11.530137899785164,
70,787.46579609536593,0.13264889952698253,787.59844499489293,19997,454,-0.00093517497345417078,-0.00018463638436564428,0.00024296084272450215,1.1427080540976348e-07,0.00030164708719714918,-0.067403533147961839,-0.013467708872083329,0.017581637191749839,0.00059288156512807744,0.021458299830511507,11.857038420996421,
71,786.7874982193041,0.13270980032925622,786.92020801963338,19997,454,-0.00093452154287753644,-0.0001844111517316114,0.00024272178755149735,1.1407939956031324e-07,0.00030150649545697004,-0.068337575175342335,-0.013652120023814916,0.017824346885548348,0.00060944189034188925,0.021759806325968477,12.188228364947443,
72,786.11117190510618,0.1327737833935918,786.24394568849982,19997,454,-0.00093386793986172795,-0.00018418612528759356,0.00024248290816135528,1.1388826674811932e-07,0.00030136596507789824,-0.06927096352229975,-0.013836306149102494,0.018066818518067872,0.00062621612966766492,0.022061172291046375,12.523696377223631,
73,785.43681110364105,0.13284084658557038,785.56965195022667,19997,454,-0.0009332141652170175,-0.00018396130494198882,0.00024224420456072201,1.1369740669092683e-07,0.00030122549615558387,-0.07020369801777189,-0.014020267454044517,0.018309051343406924,0.00064320371626338862,0.022362397787201959,12.863431121551509,
74,784.76440978471464,0.1329109877732883,784.89732077248789,19997,454,-0.00093256021975366668,-0.00018373669060311955,0.00024200567675591083,1.135068191065871e-07,0.00030108508878515147,-0.071135778491507456,-0.014204004144647635,0.018551045446375116,0.00066040408419335353,0.022663482875987111,13.207421279782878,
75,784.09396193703878,0.13298420482735862,784.22694614186616,19997,454,-0.00093190610428310399,-0.00018351228217912876,0.00024176732475293038,1.1331650371312236e-07,0.00030094474306120326,-0.07206720477406707,-0.014387516426826771,0.018792802922713136,0.00067781666842736525,0.022964427619048315,13.555655551878878,
76,783.42546156813273,0.13306049562088507,783.55852206375357,19997,454,-0.00093125181961828656,-0.00018328807957812679,0.00024152914855748059,1.1312646022873327e-07,0.00030080445907781954,-0.072997976696824438,-0.014570804506404864,0.019034323639892301,0.00069544090483996323,0.023265232078126134,13.908122655894426,
77,782.75890270431591,0.13313985802948608,782.89204256234541,19997,454,-0.00093059736657167722,-0.00018306408270801506,0.0002412911481749212,1.1293668837173377e-07,0.00030066423692856094,-0.073928094091966559,-0.014753868589112868,0.019275606852405727,0.00071327623020961384,0.023565896315054694,14.264811327962068,
78,782.0942793905981,0.13322228993125049,782.22750168052937,19997,454,-0.00093002674581994728,-0.00018284029147668904,0.00024105332361030714,1.1274718786062681e-07,0.00030052407670647059,-0.074857556792495575,-0.014936708880589638,0.019516652680969079,0.00073132208221791701,0.023866420391761164,14.625710322276122,
79,781.431585690661,0.13330778920676997,781.56489347986781,19997,454,-0.00092965578594663345,-0.00018261670579186812,0.00024081567486837553,1.1255795841406478e-07,0.0003003839785040755,-0.075786364632228834,-0.015119325586381453,0.019757460745293602,0.00074957789944883103,0.024166804370265239,14.990808411077172,
80,780.77081568674339,0.13339635373910028,780.90421204048243,19997,454,-0.00092928489292276617,-0.00018239332556114167,0.00024057820195359171,1.1236899975084446e-07,0.00030024394241338784,-0.07671451744579956,-0.015301718911942609,0.019998032680218297,0.00076804312138785934,0.024467048312678628,15.360094384635799,
81,780.1119634796753,0.13348798141379251,780.24545146108903,19997,454,-0.00092891406699730959,-0.00018217015069204581,0.00024034090486999812,1.1218031158990432e-07,0.0003001039685259075,-0.077642015068659059,-0.015483889062634645,0.020238369946749973,0.00078671718842126257,0.024767152281204536,15.733557051236831,
82,779.45502318871604,0.13358267011884162,779.58860585883485,19997,454,-0.00092854330841961221,-0.00018194718109197194,0.00024010378362144183,1.1199189365038198e-07,0.00029996405693262322,-0.078568857337076137,-0.015665836243726635,0.02047847101011269,0.00080559954183527418,0.025067116338137158,16.111185237163649,
83,778.79998895154949,0.13368041774472672,778.93366936929419,19997,454,-0.00092817261743809827,-0.00018172441666818712,0.0002398668382114024,1.1180374565153354e-07,0.00029982420772401488,-0.079495044088138483,-0.015847560660394763,0.020718335089959843,0.0008246896238152979,0.025366940545861173,16.492967786682144,
84,778.14685492425315,0.13378122218436533,778.28063614643747,19997,454,-0.0009278019943010972,-0.00018150185732788,0.00023963006864303774,1.1161586731278409e-07,0.0002996844209900546,-0.080420575159753399,-0.01602906251772265,0.020957962362206033,0.00084398687744512092,0.025666624966851227,16.878893562024974,
85,777.4956152811485,0.13388508133314508,777.62950036248162,19997,454,-0.00092743143925720823,-0.00018127950297810785,0.00023939347491918838,1.1142825835369675e-07,0.00029954469682020853,-0.081345450390649277,-0.016210342020700805,0.021197353002768607,0.00086349074670611682,0.025966169663671435,17.268951443375631,
86,776.84626421484813,0.13399199308888565,776.98025620793703,19997,454,-0.00092706095255410542,-0.00018105735352581465,0.00023915705704244473,1.1124091849402338e-07,0.00029940503530343898,-0.082269669620375255,-0.016391399374226498,0.021436507187567361,0.00088320067647644799,0.026265574698974874,17.663130328852482,
87,776.19879593613609,0.13410195535185385,776.33289789148796,19997,454,-0.00092669053443985151,-0.00018083540887787268,0.00023892081501504061,1.1105384745365287e-07,0.00029926543652820589,-0.08319323268930312,-0.016572234783104482,0.021675425092524462,0.00090311611253029046,0.02656484013550308,18.061419134493278,
88,775.55320467391653,0.13421496602474453,775.68741963994125,19997,454,-0.000926320185161821,-0.00018061366894099528,0.00023868474883886629,1.1086704495261512e-07,0.00029912590058246837,-0.084116139438627696,-0.016752848452045454,0.021914106893563667,0.0009232365015370207,0.026863966036085547,18.463806794238877,
89,774.90948467517387,0.13433102301269531,775.04381569818656,19997,454,-0.00092594990496754428,-0.00018039213362179297,0.00023844885851559728,1.1068051071112849e-07,0.00029898642755368652,-0.085038389710367673,-0.01693324058566727,0.022152552766610274,0.00094356129106043074,0.027162952463639235,18.870282259917555,
90,774.26763020489125,0.13445012422325481,774.40208032911448,19997,454,-0.0009255796941039843,-0.00018017080282680878,0.00023821314404650842,1.1049424444953514e-07,0.0002988470175288231,-0.085959983347366306,-0.017113411388494079,0.022390762887590888,0.00096408992955793931,0.027461799481168059,19.280834501229229,
91,773.62763554603816,0.13457226756639251,773.7622078136045,19997,454,-0.0009252095528183798,-0.00017994967646244392,0.00023797760543263128,1.1030824588836262e-07,0.00029870767059434568,-0.086880920193292743,-0.017293361064956513,0.022628737432432964,0.00098482186637978723,0.027760507151762405,19.695452505729364,
92,772.98949499944615,0.13469745095449076,773.12419245040064,19997,454,-0.00092483948135692231,-0.00017972875443498894,0.0002377422426746364,1.1012251474826951e-07,0.00029856838683622725,-0.087801200092642195,-0.017473089819391552,0.0228664765770644,0.0010057565517682641,0.028059075538598634,20.114125278813514,
93,772.35320288381308,0.13482567230234313,772.48802855611541,19997,454,-0.00092446947996680396,-0.00017950803665064339,0.00023750705577293133,1.0993705075007582e-07,0.00029842916633994877,-0.088720822890737169,-0.01765259785604216,0.023103980497413718,0.0010268934368568891,0.028357504704938582,20.536841843700923,
94,771.71875353562632,0.13495692952714344,771.85371046515343,19997,454,-0.00092409954889356824,-0.00017928752301549735,0.00023727204472761778,1.0975185361477962e-07,0.0002982900091905004,-0.089639788433727968,-0.017831885379057631,0.02334124936940913,0.0010482319736696325,0.028655794714129081,20.963591241418982,
95,771.08614130907108,0.13509122054847839,771.22123252961956,19997,454,-0.00092372968838364,-0.00017906721343552426,0.0002370372095384431,1.0956692306349032e-07,0.00029815091547238378,-0.090558096568593996,-0.018010952592493166,0.023578283368978614,0.0010697716151201314,0.028953945629601463,21.394362530787507,
96,770.4553605760625,0.13522854328832887,770.59058911935085,19997,454,-0.00092335989868264252,-0.00017884710781658451,0.00023680255020492647,1.0938225881752759e-07,0.00029801188526961249,-0.091475747143143826,-0.018189799700309785,0.023815082672049681,0.0010915118150108835,0.029251957514871075,21.829144788402658,
97,769.82640572607875,0.13536889567106231,769.96177462174978,19997,454,-0.00092299018003611552,-0.00017862720606446502,0.00023656806672620333,1.0919786059833203e-07,0.00029787291866571525,-0.092392740006016841,-0.018368426906374191,0.024051647683034874,0.0011134520280324371,0.029549830433536789,22.267927108620707,
98,769.1992711661926,0.13551227562342069,769.33478344181606,19997,454,-0.00092262053268964172,-0.00017840750808480643,0.0002363337591011719,1.0901372812749506e-07,0.00029773401574373576,-0.093309075006683118,-0.018546834414459035,0.024287979785522343,0.0011355917097626506,0.029847564449280526,22.71069860354325,
99,768.57395132096485,0.13565868107453147,768.70961000203943,19997,454,-0.00092225095688824377,-0.00017818801378316474,0.00023609962732839529,1.0882986112679849e-07,0.00029759517658623646,-0.094224751995445083,-0.018725022428242272,0.024524077737759453,0.0011579303166658463,0.030145159625866762,23.157448403000259,
100,767.95044063242608,0.13580810995587819,768.08624874238194,19997,454,-0.00092188145287674223,-0.00017796872306499986,0.00023586567140613276,1.0864625931814456e-07,0.00029745640127529829,-0.095139770823437664,-0.018902991151307273,0.02475994171563262,0.0011804673060920342,0.030442616027142062,23.608165654534591,
101,767.32873355999709,0.13596056020131772,767.46469412019837,19997,454,-0.00092151202089964127,-0.00017774963583565715,0.00023563189133236543,1.0846292242362351e-07,0.00029731768989252306,-0.096054131342629509,-0.019080740787142884,0.024995572209236334,0.0012032021362761382,0.030739933717034585,24.062839523386486,
102,766.70882458043366,0.13611602974706605,766.84494061018074,19997,454,-0.0009211426612017327,-0.00017753075200036171,0.00023539828710475981,1.0827985016545984e-07,0.00029717904251903534,-0.096967833405823156,-0.019258271539143192,0.025230970496340981,0.0012261342663371748,0.03103711275955362,24.52145919247716,
103,766.09070818778582,0.13627451653168723,766.22698270431749,19997,454,-0.00092077337402700463,-0.00017731207146425164,0.00023516485872068302,1.0809704226604296e-07,0.00029704045923548372,-0.097880876866656613,-0.019435583610607463,0.025466135355061724,0.0012492631562774699,0.031334153218789101,24.98401386239312,
104,765.47437889330718,0.13643601849609882,765.61081491180323,19997,454,-0.0009204041596193711,-0.00017709359413236114,0.00023493160617717637,1.0791449844789802e-07,0.00029690194012204236,-0.098793261579603345,-0.019612677204739831,0.025701066961238934,0.0012725882669818766,0.031631055158911146,25.45049275137055,
105,764.85983122547668,0.13660053358355487,764.99643175906021,19997,454,-0.00092003501822267525,-0.00017687531990962345,0.00023469854389885692,1.077322184337574e-07,0.0002967634852584129,-0.099704987399973646,-0.019789552524649458,0.025935765490709851,0.0012961090602169741,0.031927818644169562,25.920885095279267,
106,764.24705972986612,0.13676805973965825,764.38382778960579,19997,454,-0.00091966595008056355,-0.00017665724870083845,0.00023446569834297251,1.075502019464541e-07,0.00029662509472382613,-0.10061605418391512,-0.019966209773350254,0.02617023111930877,0.0013198249986302469,0.032224443738893389,26.395180147606307,
107,763.63605896910713,0.1369385949123334,763.77299756401942,19997,454,-0.00091929695543600267,-0.00017643938041076216,0.00023423307869743754,1.0736844870900427e-07,0.00029648676859704277,-0.10152646178841344,-0.020142649153761086,0.026404464022865066,0.001343735545749368,0.032520930507490435,26.873367179441612,
108,763.02682352287798,0.13711213705183961,763.16393565992985,19997,454,-0.00091892803453201229,-0.00017622171494398282,0.00023400079364787463,1.0718695844459334e-07,0.00029634850695635612,-0.10243621007129282,-0.020318870868705024,0.026638464377205288,0.0013678401659813044,0.032817279014446789,27.355435479460105,
109,762.41934798778607,0.13728868411075668,762.55663667189685,19997,454,-0.000918559187611908,-0.00017600425220501491,0.00023376897584443082,1.070057308765427e-07,0.00029621030987959322,-0.10334529889121756,-0.020494875120910035,0.026872232358150519,0.0013921383246116102,0.033113489324326381,27.841374353907593,
110,761.81362697736472,0.13746823404397684,761.95109521140864,19997,454,-0.00091819041491771373,-0.00017578699209829806,0.0002335382155331224,1.0682476572832686e-07,0.00029607217744411591,-0.10425372810769185,-0.020670662113008303,0.027105768141517623,0.0014166294878035805,0.033409561501770497,28.331173126583806,
111,761.20965512198768,0.13765078480871318,761.34730590679635,19997,454,-0.00091782171669187629,-0.0001755699345281281,0.00023331068050738891,1.0664406272358945e-07,0.00029593410972682379,-0.10516149758106129,-0.020846232047536477,0.02733907190311835,0.0014413131225974858,0.03370549561149732,28.824821138827119,
112,760.60742706884412,0.13783633436447587,760.74526340320858,19997,454,-0.00091745309317677558,-0.00017535307939872834,0.00023308376825645466,1.0646362158615358e-07,0.00029579610680415376,-0.10606860717251297,-0.021021585126935208,0.027572143818759092,0.0014661886969097669,0.034001291718301477,29.322307749498428,
113,760.00693748185654,0.13802488067308519,760.14496236252967,19997,454,-0.00091708454461398995,-0.00017513642661417644,0.00023285702196560118,1.0628344203993231e-07,0.00029565816875208367,-0.10697505674407685,-0.021196721553549451,0.027804984064240944,0.0014912556795322446,0.034296949887053563,29.823622334965361,
114,759.4081810416485,0.13821642169865331,759.54639746334715,19997,454,-0.0009167160712451564,-0.00017491997607850819,0.00023263044164286285,1.0610352380906333e-07,0.0002955202956461327,-0.10788084615862573,-0.021371641529627811,0.028037592815358666,0.0015165135401313224,0.034592470182699696,30.328754289086316,
115,758.81115244549096,0.13841095540758602,758.94956340089857,19997,454,-0.00091634767331172384,-0.00017470372769564334,0.00023240402729588974,1.0592386661781046e-07,0.00029538248756136293,-0.10878597527987671,-0.021546345257323563,0.028269970247901146,0.0015419617492472009,0.034887852670261059,30.83769302319477,
116,758.21584640721539,0.13860847976857754,758.35445488698394,19997,454,-0.00091597935105507838,-0.00017448768136935286,0.00023217777893212496,1.0574447019059593e-07,0.00029524474457238146,-0.1096904439723913,-0.021720832938692865,0.02850211653765089,0.0015675997782930815,0.035183097414833442,31.350427966083338,
117,757.6222576572336,0.13880899275259373,757.76106664998622,19997,454,-0.00091561110471555934,-0.00017427183700338675,0.00023195169655862956,1.0556533425202381e-07,0.00029510706675334121,-0.11059425210157689,-0.021895104775696256,0.028734031860383362,0.0015934270995543722,0.035478204481586784,31.86694856398789,
118,757.03038094240492,0.13901249233289362,757.1693934347378,19997,454,-0.00091524293453443045,-0.00017405619450132015,0.00023172578018216823,1.0538645852678399e-07,0.00029496945417794326,-0.11149739953368616,-0.022069160970197572,0.028965716391867052,0.0016194431861878951,0.035773173935764728,32.387244280571714,
119,756.4402110260387,0.13921897648499659,756.57943000252374,19997,454,-0.00091487484075191089,-0.00017384075376666877,0.00023150002980930605,1.0520784273981969e-07,0.000294831906919438,-0.11239988613581933,-0.022243001723964224,0.029197170307863222,0.001645647512221087,0.036068005842684166,32.911304596909517,
120,755.85174268780838,0.13942844318668643,755.9911711309951,19997,454,-0.00091450682360803219,-0.00017362551470287779,0.00023127444544620635,1.0502948661617061e-07,0.00029469442505062677,-0.11330171177592378,-0.022416627238667108,0.029428393784125491,0.0016720395525512228,0.03636270026773479,33.439119011471902,
121,755.26497072373809,0.13964089041801725,755.40461161415612,19997,454,-0.0009141388833430196,-0.00017341047721321939,0.00023104902709878273,1.0485138988104948e-07,0.00029455700864386251,-0.11420287632279517,-0.022590037715880407,0.029659386996399553,0.0016986187829446057,0.036657257276378655,33.970677040109166,
122,754.67988994610732,0.13985631616128943,754.81974626226861,19997,454,-0.00091377102019629458,-0.00017319564120092529,0.00023082377477265061,1.0467355225982019e-07,0.00029441965777105358,-0.11510337964607807,-0.02276323335708122,0.029890150120422829,0.0017253846800357985,0.036951676934149712,34.505968216035932,
123,754.09649518342621,0.14007471840106908,754.23656990182724,19997,454,-0.00091340323440747241,-0.00017298100656911507,0.00023059868847310046,1.0449597347798828e-07,0.00029428237250366218,-0.11600322161626678,-0.022936214363650384,0.03012068333192449,0.0017523367213267706,0.037245959306653371,35.044982089814084,
124,753.5147812803898,0.14029609512416019,753.655077375514,19997,454,-0.00091303552621561435,-0.00017276657322081406,0.00023037376820517802,1.0431865326126314e-07,0.00029414515291270864,-0.11690240210470534,-0.023108980936871169,0.03035098680662458,0.001779474385186197,0.037540104459566077,35.587708229338752,
125,752.93474309779754,0.14052044431959984,753.07526354211711,19997,454,-0.00091266789586010239,-0.00017255234105893755,0.00023014901397363057,1.0414159133549376e-07,0.00029400799906877123,-0.11780092098358924,-0.023281533277930241,0.030581060720234216,0.0018067971508485779,0.037834112458634848,36.134136219820711,
126,752.35637551253808,0.14074776397868269,752.49712327651673,19997,454,-0.00091230034357926845,-0.00017233830998630403,0.00022992442578284621,1.0396478742664062e-07,0.00029387091104198827,-0.1186987781259657,-0.023453871587916418,0.030810905248455343,0.0018343044984135007,0.038127983369676835,36.684255663771602,
127,751.77967341750673,0.14097805209492076,751.92065146960169,19997,454,-0.00091193286961176547,-0.00017212447990564439,0.00022970000363699863,1.0378824126087575e-07,0.00029373388890205978,-0.11959597340573334,-0.023625996067822071,0.031040520566980291,0.0018619959088448229,0.038421717258578895,37.238056180987613,
128,751.20463172156883,0.14121130666405843,751.34584302823293,19997,454,-0.00091156547419582218,-0.00017191085071961029,0.00022947576523047765,1.0361195256451719e-07,0.00029359693271824847,-0.12049250669764468,-0.023797906918541729,0.031269906851491169,0.0018898708639698985,0.038715314191297145,37.795527408533999,
129,750.63124534951999,0.14144752568406052,750.77269287520403,19997,454,-0.00091119815756936565,-0.00017169742233072427,0.00022925176134013249,1.0343592106401936e-07,0.00029346004255938158,-0.12138837787730546,-0.023969604340872475,0.031499064277660069,0.001917928846478757,0.039008774233856527,38.356659000728662,
130,750.05950924201557,0.14168670715510992,750.20119594917071,19997,454,-0.00091083091997014841,-0.00017148419464142766,0.00022902802995080929,1.0326014648601639e-07,0.00029332321849385252,-0.12228358682117572,-0.02414108853551393,0.031727993021148815,0.0019461693399233375,0.03930209745235038,38.921440629126828,
131,749.48941835553114,0.14192884907960382,749.63134720461073,19997,454,-0.00091046376163575026,-0.00017127116755408643,0.00022880477106469635,1.0308462855729776e-07,0.00029318646058962213,-0.12317813340657023,-0.02431235970306796,0.031956693257608103,0.0019745918287166616,0.039595283912940003,39.489861982504515,
132,748.92096766232021,0.14217394946215153,749.06314161178238,19997,454,-0.0009100966828034519,-0.00017105834097092307,0.00022858331892325117,1.0290936700477333e-07,0.00029304976891421993,-0.12407201751165964,-0.024483418044038911,0.032185165162677998,0.0020031957981320836,0.039888333681854224,40.061912766843541,
133,748.35415215033959,0.14242200630954815,748.4965741566491,19997,454,-0.00090972968371011149,-0.00017084571479408669,0.00022836277485100564,1.0273436155557313e-07,0.00029291314353474621,-0.12496523901547076,-0.024654263758832905,0.032413408911986893,0.0020319807343024965,0.040181246825388969,40.63758270531563,
134,747.78896682322807,0.1426730176308128,747.93163984085891,19997,454,-0.0009093627645925434,-0.00017063328892570479,0.00022814239073917878,1.0255961193693135e-07,0.00029277658451787265,-0.12585779779788708,-0.024824897047758619,0.032641424681151721,0.0020609461242194625,0.040474023409906842,41.216861538265029,
135,747.2254067002325,0.1429269814371435,747.3683336816697,19997,454,-0.00090899592568726144,-0.00017042106326768094,0.00022792216659891742,1.0238511787627182e-07,0.00029264009192984486,-0.12674969373964962,-0.024995318111026368,0.032869212645777579,0.0020900914557325304,0.040766663501836685,41.799739023194874,
136,746.6634668161837,0.14318389574192397,746.80665071192561,19997,454,-0.00090862916723048856,-0.00017020903772189174,0.00022770210244101884,1.0221087910114385e-07,0.00029250366583648285,-0.12764092672235758,-0.025165527148748229,0.033096772981457315,0.002119416217548349,0.041059167167673168,42.386204934749429,
137,746.10314222142961,0.14344375856073238,746.2465859799903,19997,454,-0.00090826248945840215,-0.00016999721219016354,0.00022748219827599568,1.0203689533929546e-07,0.00029236730630318326,-0.12853149662846866,-0.025335524360938454,0.033324105863771429,0.0021489198992299453,0.041351534473976354,42.976249064699672,
138,745.54442798177729,0.14370656791132327,745.68813454968858,19997,454,-0.00090789589260663588,-0.00016978558657416079,0.0002272624541140434,1.0186316631859679e-07,0.00029223101339491972,-0.12942140334130048,-0.025505309947512603,0.033551211468287968,0.0021786019911959006,0.041643765487371275,43.569861221926814,
139,744.98731917846953,0.14397232181362415,745.13129150028317,19997,454,-0.00090752937691065581,-0.00016957416077547892,0.00022704286996517908,1.0168969176711249e-07,0.00029209478717624607,-0.13031064674502996,-0.025674884108288085,0.033778089970561705,0.0022084619847195304,0.041935860274547522,44.16703123240589,
140,744.43181090811981,0.14424101828973404,744.5760519264096,19997,454,-0.00090716294260550926,-0.00016936293469563686,0.00022682344583895022,1.0151647141299747e-07,0.0002919586277112958,-0.13119922672469489,-0.025844247042983704,0.034004741546133574,0.0022384993719281399,0.042227818902258817,44.767748939190867,
141,743.87789828267796,0.14451265536391961,744.02241093804184,19997,454,-0.00090679658992645423,-0.00016915190823600966,0.00022660418174475579,1.0134350498464266e-07,0.00029182253506378561,-0.13208714316619458,-0.026013398951219673,0.034231166370532411,0.0022687136458022106,0.042519641437322606,45.372004202398408,
142,743.32557642934717,0.14478723106260408,743.47036366040982,19997,454,-0.00090643031910833541,-0.00016894108129796037,0.00022638507769161828,1.0117079221054484e-07,0.00029168650929701394,-0.13297439595628957,-0.026182340032517678,0.034457364619271971,0.0022991043001745945,0.042811327946619619,45.979786899191716,
143,742.77484049058512,0.14506474341437176,742.91990523399954,19997,454,-0.00090606413038532606,-0.00016873045378267953,0.00022616613368831731,1.0099833281936907e-07,0.00029155055047386583,-0.13386098498260321,-0.026351070486300379,0.034683336467852495,0.0023296708297297674,0.043102878497093482,46.591086923765616,
144,742.22568562400761,0.14534519044996105,742.37103081445753,19997,454,-0.00090569802399194279,-0.00016852002559133942,0.00022594734974333406,1.0082612653996924e-07,0.00029141465865681202,-0.13474691013362169,-0.026519590511891719,0.034909082091759684,0.0023604127300029571,0.043394293155750295,47.205894187329136,
145,741.67810700238169,0.1456285702022474,741.82373557258393,19997,454,-0.00090533200016203348,-0.00016830979662496579,0.00022572872586484343,1.0065417310129246e-07,0.000291278833907911,-0.13563217129869493,-0.026687900308516609,0.035134601666464919,0.0023913294973794417,0.043685571989658209,47.824198618091451,
146,741.1320998135534,0.14591488070626052,741.2780146942597,19997,454,-0.00090496605912928653,-0.0001680997667845152,0.00022551026206072645,1.0048247223249979e-07,0.0002911430762888105,-0.13651676836803667,-0.026856000075301166,0.035359895367424121,0.0024224206290936697,0.043976715065947018,48.445990161244303,
147,740.58765926039655,0.14620411999916308,740.73386338039575,19997,454,-0.000904600201126974,-0.00016788993597085093,0.00022529195833863785,1.0031102366290954e-07,0.0002910073858607486,-0.13740070123272605,-0.027023890011271902,0.03558496337007884,0.0024536856232285349,0.044267722451807767,49.071258778947467,
148,740.04478056078915,0.14649628612025181,740.19127684690943,19997,454,-0.00090423442638858759,-0.0001676803040847616,0.00022507381470581987,1.0013982712193028e-07,0.00029087176268455592,-0.13828396978470689,-0.027191570315356708,0.035809805849854201,0.0024851239787145665,0.04455859421449232,49.699994450312616,
149,739.50345894753514,0.14679137711095344,739.65025032464609,19997,454,-0.00090386873514721096,-0.00016747087102694856,0.00022485583116936523,9.9968882339215714e-08,0.00029073620682065575,-0.13916657391678927,-0.027359041186383805,0.036034422982160474,0.0025167351953291187,0.044849330421312977,50.332187171387048,
150,738.96368966835894,0.14708939101481605,739.11077905937373,19997,454,-0.00090350312763500266,-0.00016726163669796332,0.00022463800773600331,9.9798189044525202e-08,0.00029060071832906725,-0.14004851352264966,-0.027526302823081664,0.036258814942391408,0.0025485187736955885,0.045139931139642042,50.967826955138072,
151,738.42546798580565,0.14739032587751963,738.57285831168315,19997,454,-0.0009031376040848578,-0.00016705260099832107,0.00022442034441215312,9.9627746967762329e-08,0.00029046529726940484,-0.14092978849683147,-0.027693355424079975,0.036482981905925027,0.0025804742152825905,0.045430396436911449,51.606903831436526,
152,737.88878917723741,0.14769417974684351,738.03648335698426,19997,454,-0.00090277216472862281,-0.00016684376382849095,0.00022420284120402425,9.9457555839051108e-08,0.00029032994370088098,-0.14181039873474613,-0.027860199187908427,0.036706924048121987,0.0026126010224032767,0.04572072638061233,52.24940784704313,
153,737.35364853476244,0.14800095067269028,737.50164948543511,19997,454,-0.00090240680979862401,-0.00016663512508874044,0.00022398549811750986,9.9287615388602849e-08,0.00029019465768230696,-0.1426903441326724,-0.028026834312997177,0.036930641544327278,0.002644898698214381,0.046010921038294635,52.895329065589408,
154,736.82004136520413,0.14831063670706335,736.96835200191117,19997,454,-0.00090204153952601666,-0.00016642668467936917,0.00022376831515819764,9.9117925346848432e-08,0.00029005943927209478,-0.14356962458775874,-0.028193260997676581,0.037154134569867818,0.0026773667467155657,0.046300980477566728,53.544657567564599,
155,736.28796299004216,0.14862323590407589,736.43658622594626,19997,454,-0.00090167635414243718,-0.00016621844250048437,0.00022355129233139935,9.8948485444316287e-08,0.00028992428852825782,-0.14446924549392814,-0.028359479440177162,0.037377403300054034,0.0027100046727485468,0.046590904766094988,54.19738345029819,
156,735.75740874537223,0.14893874631992907,735.90634749169215,19997,454,-0.00090131125387911501,-0.00016601039845219975,0.00022333442964215185,9.8779295411728434e-08,0.00028978920550841257,-0.14537044842990912,-0.028525489838629323,0.037600447910178129,0.0027428119819963401,0.046880693971603403,54.853496827944802,
157,735.22837398185425,0.14925716601292865,735.37763114786719,19997,454,-0.00090094623896674485,-0.00016580255243443695,0.00022311772709522273,9.8610354979965432e-08,0.00028965419026978059,-0.14627128646957088,-0.02869129239106372,0.037823268575514837,0.0027757881809824495,0.047170348161873182,55.51298783146801,
158,734.70085406468547,0.1495784930434578,734.85043255772894,19997,454,-0.00090058130963574013,-0.00016559490434715933,0.0002229011846950624,9.8441663880038245e-08,0.00028951924286918848,-0.14717175969858093,-0.028856887295410884,0.038045865471320509,0.0028089327770700803,0.047459867404742367,56.175846608624532,
159,734.17484437351823,0.14990272547399613,734.32474709899225,19997,454,-0.00090021646611700634,-0.00016538745409012395,0.00022268480244586817,9.8273221843158053e-08,0.0002893843633630707,-0.1480718682028376,-0.029022274749500993,0.038268238772833418,0.0028422452784613687,0.04774925176810544,56.842063323948913,
160,733.6503403024542,0.15022986136909469,733.80057016382329,19997,454,-0.00089985170864001734,-0.00016518020156305467,0.00022246858035153855,9.8105028600640287e-08,0.00028924955180746999,-0.1489716120684686,-0.029187454951064031,0.038490388655272774,0.0028757251941965347,0.048038501319912913,57.511628158736499,
161,733.12733725996372,0.1505598987953897,733.27789715875906,19997,454,-0.00089948703743486708,-0.00016497314666559987,0.00022225251841568878,9.7937083883985523e-08,0.00028911480825803942,-0.1498709913818311,-0.029352428097729671,0.038712315293839589,0.0029093720341531832,0.04832761612817095,58.184531311029509,
162,732.60583066888239,0.15089283582158053,732.75672350470393,19997,454,-0.00089912245273098945,-0.00016476628929731953,0.00022203661664170794,9.7769387424889006e-08,0.00028898013277004261,-0.15077000622951192,-0.029517194387027001,0.038934018863714996,0.0029431853090453918,0.048616596260940989,58.86076299559879,
163,732.0858159663112,0.15122867051843947,732.23704463682964,19997,454,-0.00089875795475767096,-0.00016455962935763374,0.00022182087503261534,9.7601938955113004e-08,0.00028884552539835685,-0.15166865669832671,-0.029681754016384548,0.039155499540061069,0.0029771645304229825,0.048905441786339349,59.540313443929229,
164,731.56728860361568,0.1515674009588058,731.71885600457449,19997,454,-0.00089839354374405146,-0.00016435316674598405,0.00022160529359121546,9.7434738206650828e-08,0.00028871098619747223,-0.15256694287532008,-0.029846107183130556,0.03937675749801995,0.0030113092106708048,0.049194152772536824,60.223172904205427,
165,731.05024404636401,0.15190902521757052,731.20215307158162,19997,454,-0.00089802921991887028,-0.00016414690136162113,0.00022138987232002205,9.7267784911642468e-08,0.00028857651522149516,-0.1534648648477652,-0.030010254084492243,0.039597792912714071,0.0030456188630077724,0.04948272928775832,60.909331641292439,
166,730.53467777428818,0.15225354137167879,730.68693131565988,19997,454,-0.00089766498351033475,-0.00016394083310376751,0.00022117461122128762,9.7101078802372204e-08,0.00028844211252414834,-0.1543624227031633,-0.030174194917596004,0.039818605959246002,0.0030800930014862182,0.04977117140028247,61.598779936722877,
167,730.02058528121984,0.15260094750013495,730.17318622871994,19997,454,-0.00089730083474702364,-0.00016373496187152778,0.00022095951029690609,9.6934619611252388e-08,0.00028830777815877224,-0.15525961652924369,-0.030337929879467429,0.040039196812696881,0.0031147311409910382,0.050059479178441245,62.291508088679777,
168,729.50796207507778,0.15295124168398361,729.66091331676182,19997,454,-0.00089693677385634324,-0.00016352928756399417,0.00022074456954859249,9.6768407070903478e-08,0.00028817351217832679,-0.15615644641396326,-0.030501459167031536,0.04025956564812775,0.003149532797238903,0.050347652690619575,62.987506411980817,
169,728.9968036777982,0.15330442200631156,729.15010809980447,19997,454,-0.00089657280106645958,-0.00016332381008007707,0.00022052978897777476,9.6602440914105173e-08,0.00028803931463539269,-0.15705291244550681,-0.030664782977111539,0.040479712640578716,0.0031844974867774852,0.050635692005254966,63.686765238062925,
170,728.48710562530323,0.15366048655224557,728.64076611185544,19997,454,-0.00089620891660475402,-0.00016311852931864753,0.00022031516858548794,9.6436720873694112e-08,0.0002879051855821726,-0.15794901471228584,-0.030827901506430284,0.040699637965068459,0.0032196247269846686,0.050923597190837139,64.389274914966393,
171,727.97886346744008,0.15401943340894783,728.13288290084904,19997,454,-0.00089584512069807918,-0.00016291344517855224,0.00022010070837269141,9.6271246682838702e-08,0.00028777112507049208,-0.15884475330293879,-0.030990814951608717,0.040919341796594295,0.0032549140360676912,0.051211368315907634,65.095025807317754,
172,727.47207276796507,0.15438126066560373,727.62645402863063,19997,454,-0.00089548141357327735,-0.00016270855755843997,0.00021988640833990158,9.6106018074695825e-08,0.00028763713315180169,-0.15974012830633114,-0.031153523509167176,0.041138824310131862,0.0032903649330624585,0.051499005449059436,65.804008296316113,
173,726.96672910447569,0.15474596641343413,727.12147507088912,19997,454,-0.00089511779545718316,-0.00016250386635694995,0.00021967226848742508,9.5941034782667141e-08,0.00028750320987717726,-0.16063513981155439,-0.031316027375524136,0.041358085680634267,0.0033259769378326705,0.051786508658936616,66.516212779715573,
174,726.46282806837189,0.15511354874567085,726.61794161711759,19997,454,-0.00089475426657623525,-0.00016229937147266651,0.00021945828881531404,9.5776296540311569e-08,0.00028736935529732264,-0.16152978790792624,-0.031478326746996785,0.041577126083032975,0.0033617495710690872,0.052073878014233937,67.23162967181068,
175,725.9603652648168,0.15548400575756477,726.11584927057436,19997,454,-0.00089439082715569572,-0.00016209507280401611,0.00021924446932327941,9.5611803081293295e-08,0.00028723556946256938,-0.16242407268499001,-0.031640421819800903,0.041795945692236505,0.0033976823542886786,0.052361113583696509,67.950249403419278,
176,725.45933631269918,0.15585733554638795,725.61519364824562,19997,454,-0.00089402747742225205,-0.00016189097024937762,0.00021903081001084729,9.5447554139502044e-08,0.00028710185242287925,-0.16331799423251495,-0.031802312790050288,0.042014544683131066,0.0034337748098338646,0.052648215436119389,68.672062421867452,
177,724.95973684457408,0.15623353621141778,725.11597038078548,19997,454,-0.00089366421760102537,-0.00016168706370705139,0.00021881731087721533,9.5283549448911924e-08,0.00028696820422784489,-0.16421155264049542,-0.031963999853757252,0.042232923230579117,0.0034700264608717429,0.05293518364034723,69.397059190973991,
178,724.46156250663671,0.156612605853928,724.61817511249069,19997,454,-0.00089330104791700466,-0.00016148335307528179,0.00021860397192133722,9.5119788743721165e-08,0.00028683462492669099,-0.16510474799915073,-0.032125483206832464,0.042451081509420986,0.0035064368313932402,0.053222018265273924,70.12523019103341,
179,723.96480895866762,0.15699454257720827,724.12180350124481,19997,454,-0.00089293796859556585,-0.00016127983825220925,0.00021839079314184224,9.4956271758243351e-08,0.00028670111456827668,-0.16599758039892509,-0.032286763045084793,0.042669019694472142,0.0035430054462124065,0.053508719379842203,70.85656591880192,
180,723.46947187398041,0.15737934448652924,723.62685121846698,19997,454,-0.00089257497986104141,-0.00016107651913585061,0.00021817777453718559,9.47929982269577e-08,0.00028656767320109513,-0.1668900499304867,-0.032447839564220655,0.042886737960525216,0.0035797318309655234,0.053795287053043296,71.59105688747951,
181,722.97554693941106,0.15776700968916857,723.13331394910028,19997,454,-0.00089221208193802372,-0.00016087339562421242,0.00021796491610546651,9.4629967884503455e-08,0.00028643430087327602,-0.16778215668472846,-0.03260871295984475,0.043104236482348561,0.0036166155121103876,0.054081721353916569,72.328693626695639,
182,722.48302985524742,0.15815753629438037,722.64118739154185,19997,454,-0.00089184927505058409,-0.00016067046761519661,0.00021775221784454444,9.4467180465669491e-08,0.00028630099763258653,-0.16867390075276689,-0.032769383427460101,0.043321515434686007,0.0036536560169255074,0.054368022351549153,73.069466682493228,
183,721.99191633519104,0.1585509224134091,722.15046725760442,19997,454,-0.00089148655942253231,-0.00016046773500660492,0.00021753967975204704,9.4304635705423315e-08,0.00028616776352643239,-0.1695652822259425,-0.032929851162466627,0.043538574992257016,0.0036908528735092555,0.054654190115075586,73.813366617311601,
184,721.50220210632915,0.15894716615948573,721.66114927248861,19997,454,-0.00089112393527755241,-0.00016026519769618701,0.00021732730182524569,9.4142333338837161e-08,0.00028603459860185944,-0.17045630119581887,-0.033090116360162784,0.043755415329756554,0.0037282056107791539,0.054940224713677446,74.560384009972296,
185,721.01388290907971,0.15934626564780779,721.17322917472757,19997,454,-0.00089076140283854367,-0.00016006285558160211,0.00021711508406125138,9.3980273101218435e-08,0.00028590150290555452,-0.17134695775418218,-0.033250179215744483,0.043972036621854282,0.0037657137584710494,0.055226126216583002,75.310509455662512,
186,720.5269544971336,0.15974821899554867,720.68670271612916,19997,454,-0.00089039896232906749,-0.00015986070856044215,0.00021690302645682079,9.3818454727952919e-08,0.00028576847648384716,-0.17223725199304235,-0.033410039924304788,0.044188439043194208,0.0038033768471383098,0.055511894693066846,76.063733565919051,
187,720.04141263745805,0.16015302432185491,720.20156566177991,19997,454,-0.00089003661397137827,-0.00015965875653019848,0.0002166911290085182,9.3656877954649549e-08,0.0002856355193827103,-0.17312718400463117,-0.033569698680835029,0.044404622768395706,0.0038411944081510195,0.055797530212449556,76.820046968612246,
188,719.55725311020251,0.16056067974783267,719.71781378995036,19997,454,-0.00088967435798839329,-0.00015945699938829937,0.00021647939171255234,9.3495542517011797e-08,0.00028550263164776223,-0.17401675388140281,-0.033729155680223305,0.044620587972051776,0.0038791659736952719,0.056083032844097318,77.579440307931748,
189,719.07447170871501,0.16097118339654626,719.23544289211156,19997,454,-0.00088931219460185651,-0.0001592554370320963,0.00021626781456495904,9.3334448150937199e-08,0.00028536981332426725,-0.17490596171603359,-0.033888411117255275,0.04483633482872932,0.0039172910767722949,0.056368402657421587,78.341904244369132,
190,718.59306423942621,0.16138453339302958,718.75444877281927,19997,454,-0.00088895012403404454,-0.00015905406935886652,0.00021605640330306321,9.3173594592487563e-08,0.00028523706445713682,-0.17579480760142127,-0.034047465186614244,0.045051863512969463,0.0039555692511976494,0.056653639721878722,79.107429454701787,
191,718.11302652188078,0.16180072786425603,718.27482724974504,19997,454,-0.00088858814650632394,-0.00015885289626578182,0.00021584516893818949,9.3012981577853471e-08,0.00028510438509093185,-0.17668329163068514,-0.034206318082880063,0.045267174199286248,0.0039940000316005305,0.056938744106969655,79.87600663197901,
192,717.63435438865122,0.16221976493915324,717.79657415359043,19997,454,-0.00088822626223980777,-0.00015865191764999218,0.00021563410649454897,9.2852608843379375e-08,0.0002849717752698626,-0.17757141389716533,-0.034364970000530091,0.045482267062167639,0.0040325829534228691,0.057223715882239519,80.647626485503963,
193,717.15704368530805,0.1626416427486001,717.31968532805661,19997,454,-0.00088786447145614879,-0.00015845113340851814,0.00021542322486324536,9.2692476125609427e-08,0.00028483923503779023,-0.17845917449442342,-0.03452342113393856,0.045697142276074021,0.0040713175529186038,0.057508555117277309,81.422279740819164,
194,716.68109027039668,0.16306635942540237,716.84415662982212,19997,454,-0.00088750277437556094,-0.00015825054343829284,0.00021521251723558138,9.2532583161199616e-08,0.00028470676443822861,-0.1793465735162407,-0.034681671677376888,0.045911800015438896,0.0041102033671529268,0.057793261881715539,82.199957139691378,
195,716.20649001535185,0.16349391310431496,716.36998392845612,19997,454,-0.00088714117121879981,-0.00015805014763625526,0.00021500293201450615,9.2372929686965978e-08,0.00028457436351434526,-0.18023361105661947,-0.034839721825013256,0.046126240454667927,0.0041492399340013761,0.058077836245229886,82.980649440093515,
196,715.73323880452199,0.16392430192202831,715.89716310644405,19997,454,-0.00088677966220597623,-0.00015784994589921686,0.00021479442875278127,9.2213515439921724e-08,0.00028444203230896235,-0.18112028720978152,-0.034997571770912353,0.046340463768139356,0.0041884267921491096,0.05836227827753885,83.764347416190049,
197,715.26133253505873,0.16435752401714995,715.42569005907592,19997,454,-0.00088641824755721608,-0.00015764993812387412,0.00021458608193248606,9.2054340157182661e-08,0.00028430977086455812,-0.18200660207016872,-0.035155221709036281,0.046554470130203709,0.0042277634810902361,0.058646588048403406,84.551041858323629,
198,714.79076711692437,0.16479357753022564,714.95556069445456,19997,454,-0.0008860569274918679,-0.00015745012420692429,0.00021437789155293038,9.1895403576048442e-08,0.00028417757922326791,-0.18289255573244215,-0.0353126718332432,0.046768259715182496,0.0042672495411267388,0.058930765627626676,85.340723572993653,
199,714.3215384728403,0.16523246060371727,714.48677093344406,19997,454,-0.00088569570222943143,-0.00015725050404493353,0.00021416985761320111,9.1736705433965536e-08,0.00028404545742688529,-0.18377814829148195,-0.035469922337288136,0.046981832697369712,0.0043068845133678903,0.059214811085053561,86.133383382844443,
200,713.85364253823309,0.16567417138200341,714.01931670961505,19997,454,-0.00088533457198889482,-0.00015705107753442065,0.0002139619801120885,9.1578245468565501e-08,0.00028391340551686429,-0.18466337984238726,-0.035626973414822516,0.047195189251030299,0.0043466679397295687,0.059498724490570427,86.929012126651642,
201,713.38707526122084,0.16611870801138609,713.55319396923221,19997,454,-0.00088497353698913192,-0.00015685184457181391,0.00021375425904812578,9.1420023417583694e-08,0.00028378142353431833,-0.18554825048047566,-0.035783825259394268,0.047408329550399669,0.0043865993629331442,0.059782505914104743,87.727600659299952,
202,712.92183260252864,0.16656606864006746,713.08839867116876,19997,454,-0.00088461259744850875,-0.00015665280505350093,0.00021354669441957003,9.1262039018956673e-08,0.00028364951152002428,-0.18643276030128317,-0.035940478064447834,0.047621253769685158,0.0044266783265049471,0.060066155425624768,88.529139851772442,
203,712.45791053551716,0.16701625141816509,712.62492678693536,19997,454,-0.00088425175358541246,-0.0001564539588757408,0.00021333928622442331,9.1104292010750986e-08,0.00028351766951442123,-0.18731690940056356,-0.036096932023323577,0.04783396208306407,0.0044669043747753443,0.060349673095139188,89.333620591132117,
204,711.99530504606014,0.16746925449769096,712.16277430055788,19997,454,-0.00088389100561772095,-0.00015625530593478732,0.00021313203446045119,9.0946782131219185e-08,0.00028338589755761296,-0.18820069787428853,-0.036253187329258363,0.048046454664684005,0.0045072770528781112,0.060633058992696803,90.141033780509346,
205,711.53401213257484,0.16792507603257484,711.70193720860743,19997,454,-0.00088353035376293788,-0.00015605684612673512,0.00021292493912507596,9.0789509118702734e-08,0.0002832541956893692,-0.1890841258186472,-0.036409244175385019,0.04825873168866316,0.0045477959067493808,0.060916313188386174,90.951370339080867,
206,711.07402780594543,0.16838371417861436,711.24241152012405,19997,454,-0.00088316979823845835,-0.00015585857934771204,0.00021271800021557181,9.0632472711799444e-08,0.0002831225639491257,-0.1899671933300455,-0.036565102754732716,0.04847079332908906,0.0045884604831270921,0.061199435752335302,91.76462120205872,
207,710.61534808949432,0.16884516709351854,710.78419325658786,19997,454,-0.00088280933926116877,-0.00015566050549367457,0.00021251121772884938,9.0475672649170124e-08,0.00028299100237598636,-0.19084990050510653,-0.036720763260226566,0.048682641150973566,0.0046292703295501151,0.061482426754711286,92.580777320672752,
208,710.15796901894055,0.16930943293688361,710.32727845187742,19997,454,-0.00088244897704838608,-0.00015546262446052719,0.00021230459166160563,9.0319108669669341e-08,0.00028285951100872432,-0.19173224744066988,-0.036876225884687079,0.048894274405516802,0.0046702249943574043,0.061765286265720011,93.399829662153735,
209,709.70188664236116,0.16977650987018933,709.87166315223135,19997,454,-0.00088208871181611912,-0.00015526493614419581,0.00021209812201028087,9.0162780512345488e-08,0.00028272808988578295,-0.19261423423379123,-0.037031490820831216,0.049105694544709186,0.0047113240266873271,0.062048014355605793,94.221769209719852,
210,709.24709702015525,0.17024639605678879,709.41734341621202,19997,454,-0.00088172854378053809,-0.00015506744044040189,0.00021189180877105888,9.0006687916323243e-08,0.00028259673904527726,-0.19349586098174246,-0.037186558261271659,0.049316901252751504,0.0047525669764767343,0.062330611094651073,95.046586962558209,
211,708.79359622499896,0.17071908966192303,708.96431531466089,19997,454,-0.00088136847315771157,-0.00015487013724488255,0.00021168565193980613,8.9850830620929367e-08,0.00028246545852499393,-0.19437712778201086,-0.037341428398516577,0.049527896348629641,0.0047939533944602658,0.062613076553176064,95.874273935810862,
212,708.34138034181865,0.17119458885270242,708.51257493067135,19997,454,-0.00088100850016320325,-0.00015467302645325829,0.0002114796515122123,8.9695208365656325e-08,0.00028233424836239442,-0.19525803473229925,-0.03749610142496957,0.04973868145661188,0.0048354828321695601,0.062895410801538459,96.704821160559035,
213,707.89044546773039,0.17167289179810402,708.06211835952854,19997,454,-0.00088064862501234216,-0.00015447610796111749,0.00021127380748364627,8.9539820890131097e-08,0.00028220310859461439,-0.19613858193052575,-0.037650577532930836,0.049949258721260818,0.0048771548419324256,0.063177613910133074,97.538219683806574,
214,707.4407877120218,0.17215399666897491,707.61294170869076,19997,454,-0.00088028884792022287,-0.00015427938166393226,0.00021106811984923684,8.9384667934114538e-08,0.00028207203925846586,-0.19701876947482291,-0.037804856914594856,0.050159626555013069,0.004918968976872079,0.063459685949391539,98.374460568464713,
215,706.99240319611613,0.17263790163803025,707.16504109775417,19997,454,-0.00087992916910143717,-0.00015408284745713622,0.00021086258860392477,8.922974923760169e-08,0.00028194104039043797,-0.19789859746353791,-0.037958939762052092,0.050369790305687015,0.0049609247909062817,0.063741626989781974,99.213534893334725,
216,706.54528805350719,0.17312460487983145,706.71841265838702,19997,454,-0.00087956958877047809,-0.0001538865052361084,0.00021065721374223837,8.9075064540651934e-08,0.00028181011202669805,-0.19877806599523248,-0.038112826267287986,0.050579746950751077,0.0050030218387466987,0.064023437101808675,100.05543375309523,
217,706.09943842974758,0.17361410457080931,706.27305253431837,19997,454,-0.00087921010714133731,-0.00015369035489609924,0.00021045199525859392,8.8920613583526045e-08,0.0002816792542030931,-0.1996571751686817,-0.038266516622184062,0.050789494101618995,0.0050452596758979486,0.064305116356011771,100.90014825828307,
218,705.65485048239475,0.17410639888923898,705.82895688128394,19997,454,-0.00087885072442804579,-0.00015349439633236323,0.00021024693314707305,8.8766396106637183e-08,0.00028154846695515028,-0.20053592508287468,-0.038420011018516512,0.050999030923035107,0.0050876378586569015,0.064586664822966919,101.74766953527937,
219,705.21152038100308,0.1746014860152437,705.38612186701835,19997,454,-0.0008784914408445396,-0.00015329862944000837,0.00021004202740155769,8.8612411850534881e-08,0.00028141775031807883,-0.20141431583701397,-0.038573309647956563,0.051208364055661093,0.0051301559441119231,0.064868082573284996,102.59798872629435,
220,704.76944430703134,0.17509936413079746,704.94454367116214,19997,454,-0.00087813225660330902,-0.00015310305411415259,0.00020983727801562332,8.8458660555955193e-08,0.0002812871043267712,-0.20229234753051481,-0.038726412702070827,0.051417494423783176,0.005172813490141987,0.065149369677611771,103.45109698934959,
221,704.32861845385696,0.17560003141971156,704.50421848527662,19997,454,-0.00087777317191756177,-0.00015290767024977192,0.00020963268498261098,8.8305141963770476e-08,0.0002811565290158027,-0.20317002026300529,-0.038879320372320461,0.05162642415571933,0.0052156100554159078,0.065430526206627579,104.30698549826275,
222,703.8890390267095,0.1761034860676336,704.06514251277713,19997,454,-0.00087741418700054902,-0.00015271247774183177,0.00020942824829561974,8.8151855814999601e-08,0.00028102602441943487,-0.2040473341343261,-0.039032032850062327,0.051835170058625389,0.0052585451993916012,0.065711552231047007,105.16564544263264,
223,703.45070224264578,0.17660972626205096,703.62731196890786,19997,454,-0.00087705530206380578,-0.00015251747648517758,0.00020922396794749502,8.7998801850839724e-08,0.0002808955905716148,-0.20492428924453002,-0.03918455032654742,0.052043736351343815,0.0053016184823153466,0.065992447821618616,106.02706802782461,
224,703.01360433050672,0.17711875019227566,703.19072308069894,19997,454,-0.00087669651732013275,-0.0001523226663746501,0.00020901984393080299,8.7845979812629084e-08,0.00028076522750597721,-0.20580088569388166,-0.039336872992922253,0.052252125406021005,0.0053448294652208104,0.066273213049124591,106.89124447495098,
225,702.57774153089258,0.17763055604945144,702.75537208694209,19997,454,-0.00087633783298088298,-0.00015212804730495432,0.00020881587623787181,8.7693389441856786e-08,0.00028063493525584487,-0.20667712358285709,-0.039489001040227102,0.052460339135926688,0.0053881777099284173,0.066553847984380438,107.75816602085843,
226,702.14311009609241,0.17814514202654683,702.32125523811897,19997,454,-0.00087597924925745716,-0.0001519336191707513,0.00020861206486076704,8.7541030480135934e-08,0.00028050471385423061,-0.20755300301214397,-0.039640934659397789,0.052668363873924373,0.0054316627790444725,0.066834352698234664,108.62782391811041,
227,701.7097062900948,0.17866250631834743,701.88836879641315,19997,454,-0.00087562076636144178,-0.00015173938186668163,0.00020840840979134817,8.738890266932356e-08,0.0002803745633338377,-0.20842852408264037,-0.039792674041264547,0.052876210596305276,0.005475284235960479,0.067114727261568502,109.50020943497361,
228,701.27752638850734,0.17918264712145671,701.45670903562882,19997,454,-0.00087526238450338261,-0.00015154533528726028,0.00020820491102118753,8.7237005751366936e-08,0.00028024448372706087,-0.20930368689545562,-0.039944219376551675,0.053083870420360488,0.00551904164485218,0.067394971745295559,110.37531385539874,
229,700.84656667854688,0.17970556263429621,701.02627224118112,19997,454,-0.00087490410389401429,-0.00015135147932696387,0.00020800163595968205,8.7085339468354322e-08,0.00028011447506598827,-0.21017849155190918,-0.04009557085587865,0.053291351439085817,0.0055629345706790208,0.067675086220361544,111.25312847900973,
230,700.41682345900176,0.18023125105708843,700.59705471005884,19997,454,-0.00087454592474384986,-0.00015115781388015938,0.00020779856855918937,8.6933903562576184e-08,0.00027998453738240089,-0.21105293815353046,-0.040246728669758959,0.053498654910342926,0.0056069625791830714,0.067955070757743943,112.13364462108224,
231,699.98829304017499,0.1807597105918676,700.16905275076681,19997,454,-0.00087418784726236423,-0.00015096433884124018,0.00020759565722325063,8.6782697776457265e-08,0.00027985467070777643,-0.21192702680205885,-0.040397693008600154,0.053705776662025868,0.0056511252368884133,0.06823492542845172,113.01685361253138,
232,699.56097174386605,0.18129093944247876,699.74226268330858,19997,454,-0.00087382987165976901,-0.00015077105410441912,0.00020739290194261276,8.6631721852540711e-08,0.00027972487507328729,-0.21280075759944317,-0.040548464062704494,0.053912710388141181,0.0056954221111003376,0.068514650303525007,113.90274679989565,
233,699.1348559033429,0.1818249358145517,699.31668083915747,19997,454,-0.00087347199814510109,-0.00015057795956394145,0.00020719030270784292,8.6480975533587923e-08,0.00027959515050980324,-0.21367413064784135,-0.040699042022268511,0.054119459996991325,0.0057398527699044962,0.068794245454034814,114.79131554532002,
234,698.70994186327198,0.18236169791552787,698.89230356118753,19997,454,-0.00087311422692759068,-0.00015038505511392016,0.00020698785950922302,8.6330458562481453e-08,0.00027946549704789341,-0.21454714604962016,-0.040849427077382337,0.054326024090662055,0.0057844167821661449,0.069073710951082709,115.68255122654074,
235,698.2862259797123,0.18290122395462846,698.46912720366697,19997,454,-0.00087275655821611486,-0.0001501923406484472,0.00020678557233679552,8.6180170682271039e-08,0.00027933591471782462,-0.21541980390735482,-0.040999619418030951,0.054532398410016662,0.0058291137175294104,0.06935304686580053,116.57644523687068,
236,697.86370462007085,0.18344351214287008,698.04714813221369,19997,454,-0.00087239899221906129,-0.00014999981606154088,0.00020658344118030237,8.6030111636119761e-08,0.00027920640354956534,-0.21629210432382939,-0.041149619234092612,0.054738574761637335,0.0058739431464163942,0.069632253269350089,117.47298898518147,
237,697.44237416307533,0.18398856069306491,697.62636272376835,19997,454,-0.00087204152914460318,-0.00014980748124711739,0.00020638146602932481,8.588028116740505e-08,0.00027907696357278537,-0.21716404740203518,-0.041299426715339559,0.05494454885072303,0.0059189046400264589,0.069911330232922869,118.37217389588915,
238,697.02223099871048,0.18453636781978897,697.20676736653024,19997,454,-0.00087168416920042424,-0.00014961533609906465,0.00020617964687315435,8.5730679019616372e-08,0.00027894759481685667,-0.21803563324517164,-0.041449042051438484,0.055150320486574839,0.005963997770335394,0.070190277827739719,119.27399140893755,
239,696.6032715282106,0.18508693173941507,696.78835845995002,19997,454,-0.00087132691259468457,-0.00014942338051121508,0.0002059779837008431,8.5581304936400834e-08,0.00027881829731085482,-0.2189068619566453,-0.041598465431949838,0.055355895449160149,0.0060092221100946927,0.070469096125050576,120.17843297978376,
240,696.18549216402084,0.18564025067008277,696.37113241469092,19997,454,-0.00087096975953409358,-0.00014923161437729773,0.00020577647650120047,8.5432158661594523e-08,0.00027868907108356068,-0.21977773364006978,-0.041747697046327026,0.055561270202498292,0.0060545772328306439,0.07074778519613413,121.08549007938005,
241,695.76888932974998,0.18619632283171431,695.95508565258172,19997,454,-0.00087061271022583874,-0.00014904003759099382,0.00020557512526278481,8.5283239939129348e-08,0.00027855991616346004,-0.22064824839926578,-0.041896737083918195,0.055766442714840513,0.0061000627128437526,0.071026345112297593,121.99515419416221,
242,695.35345946013808,0.18675514644598445,695.54021460658407,19997,454,-0.00087025576487675797,-0.00014884865004598179,0.0002053739299739536,8.5134548513172492e-08,0.00027843083257874605,-0.22151840633826023,-0.042045585733964115,0.055971413422360186,0.0061456781252076653,0.071304775944876345,122.9074168260281,
243,694.93919900101969,0.18731671973634947,695.12651572075606,19997,454,-0.00086989892369293044,-0.00014865745163578718,0.00020517289062273145,8.4986084127954138e-08,0.00027830182035731951,-0.22238820756128599,-0.042194243185599931,0.056176184020480482,0.0061914230457686785,0.071583077765233663,123.82226949232781,
244,694.52610440932244,0.18788104092802932,694.71398545025045,19997,454,-0.00086954218688050223,-0.00014846644225389785,0.00020497200719700397,8.4837846527926512e-08,0.0002781728795267903,-0.22325765217278193,-0.042342709627853761,0.056380755468883013,0.0062372970511447136,0.071861250644760455,124.73970372584313,
245,694.11417215296751,0.18844810824799207,694.30262026121545,19997,454,-0.00086918555464541268,-0.0001482756217937752,0.00020477127968435241,8.4689835457668534e-08,0.00027804401011447775,-0.22412674027739279,-0.042490985249647631,0.056585123066481544,0.0062832997187246683,0.072139294654874939,125.65971107477465,
246,693.70339871089072,0.18901791992497521,693.89241663081566,19997,454,-0.00086882902719284053,-0.00014808499014876749,0.00020457070807212895,8.4542050661895963e-08,0.00027791521214741265,-0.22499547197996789,-0.04263907023979633,0.056789285857834972,0.0063294306266675187,0.072417209867022353,126.58228310272371,
247,693.29378057297049,0.18959047418945996,693.48337104715995,19997,454,-0.00086847260472803687,-0.00014789454721222522,0.00020437029234742133,8.4394491885512359e-08,0.00027778648565233744,-0.22586384738556187,-0.042786964787008511,0.056993245782794529,0.0063756893539016974,0.072694996352674693,127.50741138868004,
248,692.88531424003645,0.19016576927368267,693.07548000931013,19997,454,-0.00086811628745590841,-0.00014770429287736027,0.00020417003249714971,8.42471588735607e-08,0.00027765783065570801,-0.22673186659943406,-0.042934669079885912,0.057197008820276278,0.0064220754801240986,0.072972654183330404,128.43508752700185,
249,692.47799622378943,0.19074380341162722,692.66874002720101,19997,454,-0.00086776007558088332,-0.00014751422703741468,0.00020396992850793392,8.4100051371250324e-08,0.00027752924718369381,-0.22759952972704803,-0.043082183306923198,0.057400568535735406,0.0064685885857995165,0.073250183430514093,129.36530312740453,
250,692.07182304678554,0.19132457483901452,692.26314762162451,19997,454,-0.00086740396930732211,-0.00014732434958545626,0.00020376998036614451,8.3953169123886405e-08,0.00027740073526217988,-0.22846683687407093,-0.043229507656508757,0.057603924166154528,0.0065152282521595863,0.073527584165776275,130.29804981493956,
251,691.6667912424175,0.19190808179331675,691.85869932421087,19997,454,-0.00086704796883897012,-0.0001471346604145941,0.00020357018805797764,8.3806511877024654e-08,0.00027727229491676707,-0.22933378814637431,-0.043376642316923369,0.057807078682520933,0.0065619940612023191,0.073804856460693041,131.23331922998517,
252,691.26289735485739,0.19249432251373313,691.45539167737115,19997,454,-0.00086669207437964834,-0.00014694515941780458,0.0002033705515693248,8.366007937629005e-08,0.00027714392617277333,-0.23020038365003284,-0.043523587476341184,0.058010033616113184,0.0066088855956909654,0.074082000386865812,132.17110302822363,
253,690.86013793903135,0.19308329524120632,691.05322123427254,19997,454,-0.00086633628613242211,-0.00014675584648805425,0.00020317107088587287,8.3513871367507172e-08,0.00027701562905523512,-0.23106662349132384,-0.043670343322829312,0.058212785001081985,0.006655902439153513,0.074359016015921042,133.11139288063112,
254,690.4585095605803,0.19367499821840575,690.65218455879869,19997,454,-0.00086598060430015562,-0.0001465667215182399,0.00020297174599306244,8.3367887596622886e-08,0.00027688740358890759,-0.23193250777672775,-0.043816910044347429,0.05841533511729774,0.0067030441758817909,0.074635903419509944,134.05418047345992,
255,690.05800879584672,0.19426942968972277,690.25227822553643,19997,454,-0.00086562502908621322,-0.00014637778440117503,0.00020277257687613105,8.3222127809797749e-08,0.00027675924979826661,-0.23279803661292772,-0.043963287828748671,0.058617688755264123,0.0067503103909306254,0.074912662669308211,134.99945750822158,
256,689.65863223180622,0.19486658790127892,689.85349881970751,19997,454,-0.00086526956069194947,-0.00014618903502959573,0.00020257356352000987,8.3076591753240455e-08,0.00027663116770750891,-0.23366321010680846,-0.04410947686377812,0.058819842478046495,0.0067977006701171027,0.075189293837015725,135.94721570167195,
257,689.26037646606687,0.19546647110091897,689.45584293716774,19997,454,-0.0008649141993204738,-0.00014600047329626999,0.00020237470590945013,8.2931279173418637e-08,0.00027650315734055318,-0.23452802836545716,-0.044255477337074564,0.059021794574928892,0.0068452146000198694,0.07546579699435628,136.89744678579737,
258,688.86323810681552,0.19606907753820874,689.05930718435377,19997,454,-0.00086455894517260899,-0.00014581209909383212,0.00020217600402897484,8.2786189816906985e-08,0.00027637521872104186,-0.23539249149616198,-0.044401289436168168,0.059223546337940504,0.0068928517679782185,0.075742172213077316,137.85014250779639,
259,688.46721377279755,0.19667440546442025,688.66388817826191,19997,454,-0.00086420379845037799,-0.0001456239123148118,0.00020197745786281371,8.2641323430404253e-08,0.00027624735187234135,-0.23625659960641265,-0.044546913348483173,0.059425098516470154,0.0069406117620912739,0.07601841956494966,138.8052946300634,
260,688.07230009327623,0.19728245313253948,688.26958254640874,19997,454,-0.00086384875935491148,-0.00014543591285180637,0.00020177906739500025,8.2496679760810513e-08,0.00027611955681754332,-0.23712035280389965,-0.04469234926133514,0.059626451570051184,0.0069884941712173472,0.076294539121767202,139.76289493017572,
261,687.67849370799263,0.19789321879726599,687.87638692678991,19997,454,-0.00086349382808658867,-0.00014524810059726609,0.00020158083260939195,8.2352258555192104e-08,0.00027599183357946528,-0.23798375119651399,-0.044837597361932185,0.059827607638530365,0.0070364985849730895,0.076570530955346661,140.7229352008768,
262,687.28579126715204,0.19850670071500914,687.48429796786706,19997,454,-0.00086313900484615599,-0.00014506047544358925,0.00020138275348947159,8.220805956068612e-08,0.00027586418218065225,-0.23884679489234709,-0.044982657837375886,0.06002856654431718,0.0070846245937326606,0.076846395137527307,141.68540725005948,
263,686.89418943136275,0.19912289714386963,687.09331232850661,19997,454,-0.0008627842898338877,-0.00014487303728317685,0.00020118483001865404,8.2064082524697953e-08,0.00027573660264337753,-0.23970948399969028,-0.045127530874658962,0.060229329090207513,0.0071328717886269969,0.077122131740170685,142.65030290075131,
264,686.5036848716411,0.19974180634365041,686.70342667798479,19997,454,-0.00086242968324973018,-0.00014468578600826206,0.0002009870621799859,8.1920327194658233e-08,0.00027560909498964311,-0.24057181862703458,-0.045272216660667282,0.060429902294913261,0.0071812397615429431,0.077397740835160322,143.61761399109733,
265,686.11427426933187,0.20036342657586181,686.31463769590778,19997,454,-0.00086207518529287817,-0.00014449872151112736,0.00020078944995635336,8.1776793318250907e-08,0.00027548165924118161,-0.24143379888307051,-0.045416715382178369,0.060630283161229211,0.0072297281051225994,0.077673222494401506,144.58733237434686,
266,685.72595431612945,0.20098775610369723,685.92694207223315,19997,454,-0.0008617207961629001,-0.00014431184368396034,0.00020059199333038761,8.1633480643284328e-08,0.00027535429541945616,-0.24229542487668718,-0.045561027225862263,0.060830480828625896,0.0072783364127623814,0.077948576789820964,145.55944991883487,
267,685.33872171399685,0.2016147931920429,685.54033650718884,19997,454,-0.00086136651605847288,-0.00014412515241885534,0.00020039469228449146,8.1490388917663307e-08,0.00027522700354566269,-0.24315669671697249,-0.045705152378281322,0.061030491552885056,0.0073270642786123627,0.078223803793366631,146.53395850796863,
268,684.95257317516007,0.20224453610747162,685.15481771126758,19997,454,-0.00086101234517851216,-0.00014393864760792844,0.00020019754680088972,8.1347517889557353e-08,0.00027509978364072957,-0.24401761451321322,-0.045849091025889167,0.061230311929976702,0.0073759112975754692,0.078498903577007367,147.51085004021181,
269,684.5675054220726,0.20287698311824914,684.77038240519084,19997,454,-0.0008606582837210416,-0.00014375232914315251,0.00020000055686145271,8.1204867307185219e-08,0.00027497263572531967,-0.24487817837489381,-0.045992843355032335,0.061429942803199321,0.0074248770653065239,0.078773876212732685,148.49011642906518,
270,684.1835151873654,0.20351213249430669,684.38702731985973,19997,454,-0.00086030433188446576,-0.00014356619691650838,0.00019980372244799045,8.1062436918985572e-08,0.00027484555981983027,-0.24573838841169676,-0.046136409551948719,0.061629388232252072,0.0074739611782117842,0.07904872177255251,149.47174960305748,
271,683.80059921385168,0.20414998250727182,684.00474919635894,19997,454,-0.00085995048986587655,-0.00014338025081988008,0.00019960704354191777,8.0920226473475137e-08,0.00027471855594439482,-0.24659824473350161,-0.04627978980276861,0.061828645581515254,0.0075231632334478047,0.079323440328496905,150.45574150572264,
272,683.41875425445733,0.20479053143043768,683.62354478588782,19997,454,-0.00085959675786288813,-0.00014319449074513422,0.00019941052012453024,8.0778235719409172e-08,0.00027459162411888426,-0.24745774745038512,-0.046422984293513665,0.06202771993762788,0.0075724828289208254,0.079598031952615791,151.44208409558757,
273,683.03797707219428,0.20543377753876757,683.2434108497331,19997,454,-0.00085924313607279549,-0.00014300891658401661,0.00019921415217687686,8.063646440565162e-08,0.00027446476436290644,-0.24831689667262127,-0.046565993210097856,0.062226604491355683,0.0076219195632861118,0.0798724967169787,152.43076934615894,
274,682.65826444017125,0.20607971910890538,682.86434415928011,19997,454,-0.00085888962469200141,-0.00014282352822834541,0.00019901793967972551,8.049491228123027e-08,0.0002743379766958088,-0.24917569251068017,-0.046708816738326123,0.062425300530455467,0.0076714730359468443,0.080146834693674507,153.42178924590092,
275,682.2796131414932,0.20672835441914886,682.48634149591237,19997,454,-0.00085853622391701451,-0.0001426383255697355,0.00019882188261369154,8.0353579095295046e-08,0.00027421126113667799,-0.25003413507522843,-0.046851455063895986,0.062623810114406139,0.0077211428470537226,0.080421045954811185,154.4151357982274,
276,681.90201996929341,0.20737968174946747,682.10939965104285,19997,454,-0.00085818293394402366,-0.00014245330849983401,0.00019862598095913252,8.0212464597206038e-08,0.00027408461770434174,-0.25089222447712806,-0.046993908372395615,0.062822137806417919,0.0077709285975037026,0.080695130572515525,155.41080102147654,
277,681.52548172664979,0.20803369938148936,681.73351542603132,19997,454,-0.00085782975496847115,-0.00014226847691017148,0.00019843023469615518,8.007156853639956e-08,0.00027395804641736901,-0.25174996082743706,-0.047136176849305884,0.063020274212630595,0.0078208298889397253,0.0809690886189329,156.40877694890557,
278,681.14999522659969,0.20869040559849605,681.35868563219822,19997,454,-0.00085747668718633282,-0.00014208383069232473,0.00019823464380465776,7.9930890662520823e-08,0.00027383154729407203,-0.25260734423740833,-0.047278260679998234,0.063218222344592928,0.0078708463237495887,0.081242920166226973,157.40905562866803,
279,680.77555729206688,0.20934979868543618,680.98490709075236,19997,454,-0.00085712373079227283,-0.00014189936973773865,0.00019803920826436371,7.9790430725377284e-08,0.0002737051203525058,-0.25346437481848982,-0.047420160049735982,0.063415987268339621,0.0079209775050652839,0.081516625286579478,158.41162912380062,
280,680.40216475586908,0.21001187692889892,680.61217663279797,19997,454,-0.00085677088598106214,-0.0001417150939377907,0.00019784392805471197,7.9650188474885351e-08,0.00027357876561047044,-0.25432105268232419,-0.04756187514367384,0.063613565889683865,0.0079712230367620859,0.081790204052189952,159.41648951220495,
281,680.02981446064905,0.2106766386171206,680.24049109926614,19997,454,-0.00085641815294772963,-0.00014153100318388422,0.00019764880315491454,7.9510163661125611e-08,0.0002734524830855107,-0.25517737794074818,-0.047703406146857662,0.063810954954788515,0.0080215825234579638,0.082063656535275462,160.42362888663581,
282,679.65850325888823,0.21134408203999738,679.86984734092823,19997,454,-0.00085606553188613012,-0.00014134709736727426,0.00019745383354398657,7.9370356034322155e-08,0.0002733262727949186,-0.25603335070579269,-0.047844753244224957,0.064008164294588776,0.0080720555705127463,0.082336982808070378,161.43303935468441,
283,679.28822801281922,0.21201420548905267,679.50024221830824,19997,454,-0.00085571302298952069,-0.00014116337637926234,0.00019725901920073828,7.9230765344911549e-08,0.00027320013475573286,-0.25688897108968173,-0.047985916620604231,0.064205186177757417,0.008122641784027114,0.082610182942826113,162.44471303875827,
284,678.91898559444917,0.21268700725746351,679.13167260170667,19997,454,-0.0008553606264528412,-0.00014097984011098919,0.00019706436010369789,7.909139134338388e-08,0.00027307406898474012,-0.25774423920483347,-0.048126896460715073,0.064402026299240536,0.0081733407708422037,0.08288325701181086,163.45864207607323,
285,678.55077288549774,0.21336248564003357,678.76413537113774,19997,454,-0.00085500834246800641,-0.00014079648845364057,0.00019686985623124456,7.895223378048132e-08,0.00027294807549847657,-0.2585991551638584,-0.048267692949168925,0.064598678694118103,0.0082241521385383928,0.083156205087309337,164.47481861862931,
286,678.18358677736296,0.21404063893320749,678.39762741629613,19997,454,-0.00085465617122847809,-0.00014061332129828435,0.00019667550756148028,7.8813292407004459e-08,0.00027282215431322852,-0.25945371907955994,-0.048408306270467126,0.06479514276627428,0.0082750754954348232,0.083429027241622572,165.49323483320103,
287,677.81742417112378,0.21472146543506154,678.03214563655888,19997,454,-0.00085430411292697491,-0.00014043033853596815,0.00019648131407230492,7.8674566973973416e-08,0.00027269630544503283,-0.26030793106493388,-0.048548736609003142,0.064991420871584688,0.0083261104505885433,0.083701723547067605,166.51388290132027,
288,677.45228197747497,0.21540496344529925,677.66768694092025,19997,454,-0.00085395216775533691,-0.00014024754005765639,0.00019628727574138734,7.8536057232524233e-08,0.00027257052890967861,-0.26116179123316813,-0.048688984149060678,0.06518751208217978,0.0083772566137937376,0.083974294075977285,167.53675501926097,
289,677.08815711671014,0.21609113126525398,677.30424824797535,19997,454,-0.00085360033590551937,-0.00014006492575432877,0.00019609339254622629,7.8397762933977288e-08,0.00027244482472270706,-0.26201529969764181,-0.048829049074815035,0.065383410859824825,0.0084285135955807552,0.084246738900699988,168.56184339801953,
290,676.72504651868962,0.21677996719786802,676.94182648588753,19997,454,-0.00085324861756945968,-0.00013988249551685473,0.00019589966446401978,7.8259683829766183e-08,0.0002723191928994136,-0.26286845657192603,-0.048968931570331886,0.065579117294963213,0.008479881007215544,0.0845190580935994,169.58914026330368,
291,676.36294712281801,0.21747146954772903,676.58041859236573,19997,454,-0.00085289701293821227,-0.00013970024923604316,0.00019570609147182512,7.8121819671505613e-08,0.00027219363345484798,-0.26372126196978241,-0.049108631819567844,0.065774635159627184,0.0085313584606988031,0.084791251727054248,170.61863785551537,
292,676.00185587801184,0.21816563662102009,676.22002151463289,19997,454,-0.00085254552220281258,-0.00013951818680271689,0.00019551267354643473,7.7984170210960557e-08,0.00027206814640381581,-0.26457371600516388,-0.04924815000637054,0.065969961286336282,0.0085829455687653471,0.085063319873458068,171.65032842973818,
293,675.64176974264683,0.21886246672555326,675.8606322093724,19997,454,-0.00085219414555370192,-0.00013933630810756775,0.00019531941066442817,7.7846735200010406e-08,0.00027194273176087857,-0.26542581879221322,-0.049387486314478167,0.066165093056304553,0.0086346419448828492,0.085335262605218953,172.6842042557121,
294,675.2826856845636,0.21956195817073954,675.50224764273435,19997,454,-0.00085184288318159232,-0.00013915461304128931,0.00019512630280217393,7.7709514390711625e-08,0.00027181738954035488,-0.26627757044526401,-0.049526640927519634,0.066360031983361351,0.0086864472032515024,0.085607079994759305,173.7202576178268,
295,674.92460068100945,0.22026410926760884,675.1448647902771,19997,454,-0.00085149173527617221,-0.00013897310149455443,0.00019493334993585305,7.7572507535315149e-08,0.00027169211975611841,-0.26712897107883882,-0.049665614029014003,0.066554776401738416,0.0087383609588031728,0.085878772114515417,174.75848081510466,
296,674.56751171864039,0.22096891832879589,674.78848063696921,19997,454,-0.0008511407020271143,-0.00013879177335784863,0.00019474055204132714,7.74357143861079e-08,0.00027156692242261647,-0.26798002080764993,-0.049804405802371957,0.066749326706745882,0.0087903828272004655,0.086150339036938028,175.7988661611821,
297,674.21141579345158,0.2216763836685407,674.4330921771201,19997,454,-0.0008507897836237886,-0.00013861062852179017,0.00019454790909437933,7.7299134695658755e-08,0.00027144179755283381,-0.26883071974659922,-0.049943016430893758,0.066943684443033807,0.008842512424836111,0.086421780834490869,176.84140598429738,
298,673.85630991077369,0.22238650360267812,674.0786964143764,19997,454,-0.00085043898025526446,-0.00013842966687685468,0.00019435542107053817,7.7162768216645848e-08,0.00027131674516033065,-0.26968106801077651,-0.050081446097770585,0.067137847978865475,0.0088947493688319255,0.086693097579651199,177.88609262726968,
299,673.50219108523538,0.22309927644864871,673.72529036168407,19997,454,-0.00085008829210987463,-0.00013824888831344187,0.00019416308794502715,7.7026614701820658e-08,0.00027119176525822593,-0.27053106571546082,-0.050219694986084105,0.067331817472450955,0.0089470932770383121,0.086964289344909421,178.93291844748921,
300,673.14905634074876,0.22381470052547905,673.37287104127427,19997,454,-0.00084973771937666906,-0.00013806829272194025,0.00019397090969296672,7.6890673904182659e-08,0.00027106685785940052,-0.27138071297611871,-0.05035776327880593,0.067525593081971272,0.0089995437680333683,0.087235356202768816,179.98187581689933,
301,672.79690271044547,0.22453277415379819,673.02143548459924,19997,454,-0.00084938726224309102,-0.00013788787999268696,0.00019377888628920528,7.6754945576858184e-08,0.00027094202297649872,-0.27223000990840507,-0.050495651158798484,0.067719174965575793,0.0090521004611219726,0.087506298225745308,181.03295712197834,
302,672.44572723669626,0.22525349565582325,672.67098073235206,19997,454,-0.00084903692089730357,-0.00013770765001596755,0.00019358701770836562,7.6619429473077775e-08,0.00027081726062192998,-0.2730789566281619,-0.050633358808814456,0.067912563281384439,0.0091047629763352043,0.087777115486367241,182.08615476372776,
303,672.0955269710239,0.22597686335535541,672.3215038343792,19997,454,-0.00084868669552615596,-0.00013752760268206097,0.00019339532143431234,7.6484125346297551e-08,0.00027069257080786777,-0.27392755325141876,-0.050770886411496546,0.06810575818748589,0.0091575309344294423,0.088047808057175103,183.14146115765442,
304,671.74629897414479,0.22670287557777619,671.97300184972255,19997,454,-0.00084833658631707008,-0.00013734773788107028,0.00019320378087671735,7.6349032950034365e-08,0.00027056795354625225,-0.27477579989439177,-0.050908234149377785,0.068298759841938048,0.0092104039568855732,0.088318376010721358,184.19886873375458,
305,671.39804031586709,0.22743153065006369,671.62547184651714,19997,454,-0.00084798659345688618,-0.00013716805550322353,0.0001930123950310851,7.6214152038062093e-08,0.00027044340884879064,-0.27562369667348341,-0.051045402204880866,0.068491568402767086,0.0092633816659083591,0.088588819419570156,185.25836993650128,
306,671.05074807510391,0.22816282690075612,671.27891090200467,19997,454,-0.00084763671713171049,-0.00013698855543856141,0.00019282116387123822,7.6079482364217739e-08,0.00027031893672695753,-0.27647124370528275,-0.051182390760319628,0.06868418402796847,0.0093164636844253537,0.088859138356297107,186.31995722482264,
307,670.70441933984989,0.22889676265998746,670.93331610250993,19997,454,-0.00084728695752779484,-0.00013680923757716581,0.00019263008737081355,7.5945023682547659e-08,0.00027019453719199615,-0.27731844110656434,-0.051319199997896719,0.068876606875505272,0.0093696496360863909,0.089129332893489108,187.38362307209172,
308,670.35905120713528,0.22963333625944865,670.58868454339472,19997,454,-0.00084693731483051157,-0.00013663010180900448,0.00019243916550322785,7.581077574717047e-08,0.00027007021025491972,-0.27816528899428827,-0.051455830099705634,0.069068837103309244,0.0094229391452627272,0.08939940310374403,188.44935996610928,
309,670.01464078299659,0.23037254603241958,670.24501332902901,19997,454,-0.00084658778922581945,-0.00013645114802403213,0.00019224839824167898,7.5676738312436876e-08,0.00026994595592651129,-0.27901178748560013,-0.051592281247729799,0.06926087486927994,0.0094763318370462511,0.089669349059670542,189.51716040908798,
310,669.67118518244865,0.2311143903137293,669.90229957276233,19997,454,-0.00084623838089836387,-0.00013627237611219952,0.0001920577855592029,7.5542911132835504e-08,0.00026982177421732529,-0.27985793669783021,-0.051728553623841732,0.069452720331285522,0.0095298273372486971,0.08993917083388786,190.5870169176367,
311,669.32868152946617,0.23185886743978296,669.56054039690594,19997,454,-0.00084588909003337643,-0.00013609378596332995,0.00019186732742860606,7.5409293962992209e-08,0.00026969766513768831,-0.28070373674849314,-0.051864647409805238,0.069644373647160585,0.0095834252724006971,0.090208868499025555,191.65892202274154,
312,668.98712695695531,0.23260597574855973,669.21973293270389,19997,454,-0.00084553991681462961,-0.00013591537746722798,0.00019167702382239901,7.5275886557644884e-08,0.00026957362869769991,-0.28154918775528803,-0.052000562787272442,0.069835834974706759,0.0096371252697514346,0.090478442127723255,192.73286826975894,
313,668.64651860672097,0.23335571357957388,668.87987432030059,19997,454,-0.00084519086142707291,-0.00013573715051368396,0.0001914868747130059,7.5142688671721327e-08,0.00026944966490723268,-0.28239428983609788,-0.052136299937785902,0.070027104471694718,0.009690926957267287,0.090747891792630486,193.80884821838848,
314,668.30685362941927,0.23410807927391886,668.5409617086932,19997,454,-0.00084484192405346172,-0.00013555910499239853,0.00019129688007259534,7.500970006030388e-08,0.00026932577377593482,-0.28323904310898895,-0.052271859042778646,0.070218182295860507,0.0097448299636315409,0.091017217566406419,194.88685444266719,
315,667.96812918458318,0.23486307117423652,668.20299225575741,19997,454,-0.00084449310487802541,-0.00013538124079304656,0.00019110703987314362,7.4876920478626426e-08,0.00026920195531322913,-0.28408344769221106,-0.052407240283571493,0.070409068604907088,0.0097988339182432781,0.091286419521719647,195.96687953094732,
316,667.63034244052574,0.23562068762472019,667.8659631281505,19997,454,-0.00084414440408353379,-0.00013520355780531013,0.00019091735408635052,7.4744349682052098e-08,0.00026907820952831523,-0.28492750370419634,-0.052542443841376844,0.070599763556504921,0.0098529384512168056,0.091555497731247965,197.04891608588488,
317,667.29349057436434,0.23638092697111554,667.52987150133549,19997,454,-0.00084379582185291368,-0.00013502605591868397,0.00019072782268380679,7.4611987426082255e-08,0.0002689545364301694,-0.28577121126356025,-0.05267746989729559,0.070790267308289426,0.0099071431933807474,0.091824452267678131,198.13295672442158,
318,666.95757077197482,0.23714378756071952,667.19471455953556,19997,454,-0.00084344735836851357,-0.00013484873502278411,0.0001905384456368582,7.4479833466452248e-08,0.0002688309360275459,-0.28661457048910022,-0.052812318632318313,0.07098058001786399,0.0099614477762772942,0.092093283203705675,199.21899407776959,
319,666.62258022796891,0.23790926774236104,666.86048949571125,19997,454,-0.0008430990138123981,-0.00013467159500707719,0.0001903492229166015,7.4347887558914689e-08,0.00026870740832897792,-0.28745758149979517,-0.052946990227325526,0.0711707018427961,0.010015851832161478,0.09236199061203465,200.30702079139741,
320,666.28851614564178,0.23867736586642702,666.52719351150824,19997,454,-0.00084275078836635133,-0.00013449463576101857,0.00019016015449399668,7.4216149459492165e-08,0.00026858395334277828,-0.28830024441480578,-0.053081484863086635,0.071360632940620353,0.010070354994000198,0.092630574565377433,201.39702952500997,
321,665.95537573699266,0.23944808028483902,666.19482381727755,19997,454,-0.00084240268221172875,-0.00013431785717402087,0.0001899712403397543,7.408461892428739e-08,0.00026846057107703987,-0.28914255935347399,-0.053215802720260462,0.071550373468835915,0.010124956895471705,0.092899035136454478,202.48901295253862,
322,665.62315622264941,0.24022140935105082,665.86337763200049,19997,454,-0.00084205469553004693,-0.00013414125913542081,0.00018978248042439636,7.3953295709561219e-08,0.00026833726153963701,-0.28998452643532296,-0.05334994397939568,0.071739923584908369,0.010179657170964668,0.093167372397994108,203.5829637621224,
323,665.29185483187348,0.24099735142005424,665.53285218329358,19997,454,-0.00084170682850180883,-0.00013396484153455944,0.00018959387471826193,7.3822179571768731e-08,0.00026821402473822603,-0.29082614578005606,-0.053483908820930598,0.071929283446267187,0.010234455455577399,0.093435586422732336,204.6788746560924,
324,664.96146880251081,0.24177590484838116,665.2032447073592,19997,454,-0.00084135908130753077,-0.00013378860426070693,0.00018940542319143653,7.3691270267466913e-08,0.00026809086068024573,-0.2916674175075567,-0.053617697425191159,0.072118453210308464,0.010289351385117152,0.093703677283412584,205.77673835095791,
325,664.63199538098843,0.24255706799408192,664.87455244898251,19997,454,-0.00084101145412700945,-0.00013361254720309324,0.0001892171258138578,7.3560567553389558e-08,0.0002679677693729193,-0.29250834173788876,-0.05375130997239419,0.072307433034391633,0.010344344596098988,0.093971645052785505,206.87654757738366,
326,664.30343182227762,0.24334083921673963,664.5467726614944,19997,454,-0.00084066394714035915,-0.00013343667025092129,0.00018902898255520359,7.3430071186386367e-08,0.00026784475082325366,-0.29334891859129508,-0.053884746642645066,0.072496223075841415,0.010399434725745713,0.094239489803608759,207.9782950801885,
327,663.97577538983046,0.24412721687745764,664.21990260670793,19997,454,-0.0008403165605272672,-0.00013326097329332854,0.00018884099338499749,7.3299780923494132e-08,0.00026772180503804166,-0.29418914818819814,-0.054018007615938592,0.072684823491946285,0.010454621411986324,0.094507211608646793,209.08197361831449,
328,663.64902335562829,0.24491619933887024,663.89393955496712,19997,454,-0.00083996929446625984,-0.00013308545621941337,0.00018865315827257359,7.3169696521894105e-08,0.0002675989320238617,-0.29502903064919939,-0.05415109307215786,0.072873234439960299,0.010509904293455795,0.094774810540670662,210.18757596482243,
329,663.3231730000864,0.24570778496512888,663.56888078505153,19997,454,-0.00083962214913632942,-0.00013291011891820197,0.00018846547718696634,7.3039817738886701e-08,0.00026747613178707886,-0.29586856609507806,-0.054284003191076159,0.073061456077099879,0.010565283009493805,0.095042286672457746,211.29509490686661,
330,662.99822161205725,0.24650197212189029,663.24472358417916,19997,454,-0.00083927512471619777,-0.00013273496127877465,0.00018827795009715976,7.2910144331970134e-08,0.00026735340433384675,-0.29670775464679267,-0.054416738152354809,0.073249488560545861,0.010620757200144462,0.095309640076791588,212.40452324568909,
331,662.67416648881976,0.24729875917634431,662.92146524799614,19997,454,-0.00083892822138357007,-0.00013255998319011727,0.00018809057697181882,7.2780676058758011e-08,0.00026723074967010678,-0.2975465964254787,-0.054549298135545113,0.073437332047443321,0.010676326506155104,0.095576870826461699,213.51585379659593,
332,662.35100493601044,0.24809814449717979,662.59910308050758,19997,454,-0.00083858143931647613,-0.00013238518454107814,0.00018790335777942868,7.2651412676991194e-08,0.00026710816780158979,-0.29838509155245008,-0.054681683320086306,0.073624986694900196,0.010731990568975851,0.095843978994263293,214.62907938894804,
333,662.02873426762744,0.24890012645460122,662.27763439408204,19997,454,-0.00083823477869237944,-0.00013221056522060858,0.0001877162924882954,7.2522353944602437e-08,0.00026709407259524638,-0.29922324014919705,-0.054813893885306685,0.073812452659986913,0.010787749030758485,0.096110964652997108,215.74419286613895,
334,661.70735180600036,0.24970470342031975,661.95705650942068,19997,454,-0.00083788823968817573,-0.00013203612511756142,0.0001875293810665889,7.2393499619704751e-08,0.00026709592407357446,-0.30006104233738745,-0.054945930010424311,0.073999730099738398,0.010843601534355976,0.09637782787546921,216.86118708558516,
335,661.38685488175793,0.25051187376755296,661.63736675552548,19997,454,-0.00083754182248108793,-0.00013186186412073803,0.00018734262348217643,7.2264849460492334e-08,0.00026709757158159791,-0.30089849823886539,-0.055077791874545021,0.074186819171151289,0.010899547723321398,0.096644568734490746,217.98005491870464,
336,661.06724083381368,0.25132163587101181,661.31856246968471,19997,454,-0.00083719552724673249,-0.00013168778211888782,0.00018715601970274555,7.2136403225291373e-08,0.00026709901565054968,-0.30173560797565113,-0.055209479656664028,0.074373720031185517,0.010955587241907599,0.096911187302877982,219.10078925091008,
337,660.74850700931643,0.25213398810692017,661.00064099742337,19997,454,-0.00083684935416194811,-0.00013151387900075853,0.00018696956969580162,7.2008160672644855e-08,0.00026710025680989837,-0.30257237166994083,-0.055340993535664344,0.074560432836762822,0.011011719735065805,0.097177683653451252,220.22338298158104,
338,660.43065076364587,0.25294892885299985,660.68359969249889,19997,454,-0.00083650330340226647,-0.00013134015465505544,0.00018678327342875513,7.1880121561257432e-08,0.00026710129558938115,-0.30340878944410632,-0.055472333690319495,0.074746957744768555,0.011067944848445421,0.097444057859035996,221.34782902405999,
339,660.11366946038083,0.2537664564884532,660.36743591686934,19997,454,-0.00083615737514310313,-0.00013116660897039372,0.00018659713086861986,7.1752285649890086e-08,0.00026710213251656816,-0.3042448614206944,-0.055603500299289933,0.074933294912048254,0.011124262228392905,0.097710309992461705,222.4741203056297,
340,659.79756047127557,0.25458656939398683,660.05214704066952,19997,454,-0.00083581156955916068,-0.00013099324183538395,0.00018641114198235051,7.162465269752241e-08,0.00026710276811808305,-0.30508058772242685,-0.055734493541125543,0.075119444495411039,0.011180671521951079,0.097976440126561967,223.60224976749964,
341,659.48232117621228,0.25540926595179592,659.73773044216409,19997,454,-0.00083546588682577815,-0.00013082005313864374,0.00018622530673671671,7.1497222463321695e-08,0.00026710320291940137,-0.30591596847220009,-0.055865313594264047,0.075305406651626036,0.011237172376858395,0.098242448334174226,224.73221036479106,
342,659.16794896322199,0.25623454454556022,659.42418350776757,19997,454,-0.00083512032711698591,-0.00013064704276862161,0.00018603962509821276,7.1369994706482601e-08,0.00026710343744546243,-0.30675100379308456,-0.055995960637032813,0.075491181537425581,0.011293764441548063,0.09850833468813959,225.86399506651972,
343,658.85444122841091,0.25706240356045068,659.11150363197135,19997,454,-0.0008347748906070003,-0.00013047421061384036,0.00018585409703318007,7.1242969186423526e-08,0.00026710347221965458,-0.30758569380832429,-0.056126434847646532,0.075676769309502637,0.011350447365147211,0.09877409926130265,226.99759685557908,
344,658.54179537596224,0.25789284138311852,658.79968821734531,19997,454,-0.00083442957746963106,-0.00013030155656279369,0.00018566872250777737,7.1116145662749425e-08,0.00026710330776442699,-0.30842003864133771,-0.056256736404209286,0.075862170124510686,0.011407220797476535,0.099039742126511232,228.13300872873324,
345,658.23000881809639,0.25872585640169538,658.48873467449812,19997,454,-0.00083408438787797867,-0.00013012908050380451,0.00018548350148791929,7.0989523895120033e-08,0.00026710294460129114,-0.30925403841571536,-0.05638686548471316,0.076047384139064977,0.011464084389048862,0.099305263356616255,229.2702236965882,
346,657.9190789750653,0.25956144700579437,658.17864042207111,19997,454,-0.00083373932200533484,-0.00012995678232530938,0.00018529843393942755,7.0863103643435351e-08,0.00026710238325041666,-0.3100876932552214,-0.056516822267038545,0.076232411509741221,0.011521037791068863,0.09957066302447147,230.40923478358619,
347,657.60900327510126,0.26039961158649411,657.86940288668779,19997,454,-0.00083339438002458612,-0.00012978466191563038,0.00018511351982783083,7.0736884667678084e-08,0.00026710162423083689,-0.31092100328379219,-0.056646606928954298,0.07641725239307573,0.011578080655432026,0.09983594120293332,231.55003502798507,
348,657.29977915442419,0.26124034853636513,657.56101950296056,19997,454,-0.00083304956210761001,-0.0001296127191630452,0.00018492875911847736,7.0610866728016242e-08,0.00026710066806126016,-0.31175396862553606,-0.056776219648117285,0.076601906945565013,0.011635212634724128,0.10010109796486069,232.69261748184783,
349,656.99140405717685,0.26208365624943386,657.25348771342624,19997,454,-0.00083270486842678272,-0.0001294409539558042,0.00018474415177655942,7.0485049584732563e-08,0.00026709951525804573,-0.31258658940473344,-0.056905660602072944,0.076786375323666084,0.011692433382220055,0.10036613338311474,233.83697521101888,
350,656.68387543542872,0.26292953312120543,656.94680496854994,19997,454,-0.00083236029915377346,-0.00012926936618213369,0.00018455969776709624,7.0359432998307123e-08,0.00026709816633783956,-0.31341886574583611,-0.057034929968255141,0.076970657683795893,0.011749742551883395,0.10063104753055871,234.98310129511603,
351,656.37719074915026,0.26377797754864024,656.64096872669893,19997,454,-0.0008320158544599999,-0.000129097955730274,0.00018437539705491604,7.0234016729396824e-08,0.00026709662181534773,-0.31425079777346704,-0.057164027923985367,0.077154754182331253,0.011807139798365555,0.1008958404800577,236.13098882751274,
352,656.07134746616043,0.26462898793018386,656.33597645409066,19997,454,-0.00083167153451602235,-0.00012892672248823365,0.000184191249604503,7.0108800538596208e-08,0.00026709488220435091,-0.31508238561241991,-0.057292954646473632,0.077338664975608193,0.011864624777004834,0.10116051230447851,237.28063091531968,
353,655.7663430621476,0.26548256266571918,656.03182562481334,19997,454,-0.00083132733949320967,-0.00012875566634424775,0.00018400725538040967,6.9983784186964944e-08,0.00026709294801790845,-0.31591362938765893,-0.057421710312818057,0.07752239021992291,0.011922197143825768,0.10142506307668939,238.43202067937153,
354,655.46217502060153,0.26633870015660432,655.72851372075809,19997,454,-0.00083098326956131899,-0.00012858478718632925,0.00018382341434677153,6.9858967435471897e-08,0.00026709081976795506,-0.31674452922431839,-0.057550295100004326,0.077705930071530066,0.011979856555538446,0.10168949286955992,239.58515125421337,
355,655.15884083281321,0.26719739880565052,655.42603823161892,19997,454,-0.00083063932489076684,-0.00012841408490249745,0.00018363972646767698,6.9734350045325282e-08,0.00026708849796469684,-0.31757508524770245,-0.057678709184906848,0.077889284686644328,0.012037602669537469,0.10195380175596075,240.74001578807983,
356,654.8563379978491,0.2680586570171255,655.12439665486625,19997,454,-0.00083029550565065849,-0.0001282435593807417,0.00018345619170692353,6.9609931777864502e-08,0.00026708598311802728,-0.3184052975832844,-0.057806952744287397,0.078072454221438464,0.012095435143901422,0.10221798980876344,241.89660744288454,
357,654.55466402251,0.26892247319674889,654.82358649570676,19997,454,-0.00082995181201091846,-0.00012807321050906884,0.00018327281002824733,6.9485712394637923e-08,0.00026708327573692401,-0.31923516635670701,-0.057935025954796514,0.078255438832044374,0.012153353637391954,0.10248205710084027,243.05491939420168,
358,654.25381642132879,0.26978884575169415,654.52360526708048,19997,454,-0.00082960824414031172,-0.00012790303817535606,0.00018308958139504248,6.9361691657195156e-08,0.00026708037632843824,-0.32006469169378149,-0.058062928992971913,0.078438238674552463,0.012211357809453025,0.10274600370506404,244.21494483125105,
359,653.95379271652973,0.27065777309057892,654.22445048962027,19997,454,-0.00082926480220720748,-0.00012773304226753292,0.00018290650577067874,6.9237869327425154e-08,0.00026707728539931508,-0.32089387372048778,-0.058190662035239399,0.078620853905011417,0.012269447320210198,0.10300982969430789,245.37667695688376,
360,653.65459043800615,0.27152925362346619,653.92611969162965,19997,454,-0.00082892148638018552,-0.00012756322267338114,0.00018272358311817482,6.9114245167186259e-08,0.00026707400345498365,-0.32172271256297369,-0.058318225257912852,0.078803284679428334,0.012327621830469796,0.10327353514144508,246.54010898756545,
361,653.35620712331502,0.27240328576186168,653.62861040907683,19997,454,-0.00082857829682682208,-0.00012739357928078475,0.00018254081340048379,6.899081893860511e-08,0.00026707053099976136,-0.32255120834755446,-0.058445618837193625,0.078985531153767774,0.012385881001717995,0.10353712011934883,247.70523415335819,
362,653.0586403176178,0.27327986791872733,653.33192018553655,19997,454,-0.00082823523371551946,-0.00012722411197747254,0.00018235820471635534,6.8867590403927434e-08,0.00026706686853746135,-0.32337936120071348,-0.058572842949170922,0.079167593483952942,0.012444224496120366,0.10380058470089217,248.8720456979112,
363,652.76188757369732,0.27415899850844283,653.03604657220581,19997,454,-0.00082789229721260663,-0.00012705482065119262,0.00018217585485855528,6.8744559325521762e-08,0.00026706301656998161,-0.32420717124910031,-0.058699897769822318,0.079349471825863632,0.01250265197652081,0.10406392895894763,250.0405368784397,
364,652.46594645189475,0.27504067594684162,652.74098712784155,19997,454,-0.00082754948748539592,-0.00012688570518965049,0.00018199401303088593,6.8621725465895278e-08,0.00026705897559871903,-0.3250346386195318,-0.058826783475011864,0.07953116633533848,0.012561163106440872,0.1043271529663872,251.210700965711,
365,652.1708145201153,0.27592489865118036,652.44673941876647,19997,454,-0.00082720680470034687,-0.00012671676548056134,0.00018181273669101917,6.8499088587806413e-08,0.00026705474612376457,-0.3258617634389907,-0.058953500240492306,0.079712677168171583,0.012619757550078971,0.10459025679608204,252.38253124402934,
366,651.87648935379912,0.27681166504015486,652.15330101883922,19997,454,-0.00082686424902398878,-0.00012654800141151203,0.00018163301978608445,6.8376648453983095e-08,0.00026705032864471134,-0.3266885458346262,-0.059080048241903792,0.079894004480116423,0.012678434972309619,0.10485324052090235,253.55602101122005,
367,651.58296853587171,0.27770097353389306,651.86066950940562,19997,454,-0.00082652182062169395,-0.00012637941287013194,0.00018145566672384127,6.8254404827477213e-08,0.00026704572365924498,-0.32751498593375306,-0.059206427654773915,0.080075148426881265,0.012737195038682706,0.10511610421371716,254.73116357861545,
368,651.29024965676422,0.27859282255394868,651.56884247931816,19997,454,-0.00082617951965951943,-0.00012621099974400408,0.00018127853515063742,6.8132357471388806e-08,0.0002670409316649602,-0.32834108386385108,-0.059332638654518127,0.080256109164132741,0.012796037415422691,0.10537884794739413,255.9079522710384,
369,650.99833031434127,0.27948721052329395,651.27781752486453,19997,454,-0.00082583734630252035,-0.000126042761920619,0.00018110154912856394,6.8010506148983732e-08,0.00026703595315754833,-0.32916683975256533,-0.059458681416438744,0.08043688684749252,0.012854961769427582,0.10564147179479944,257.08638042678223,
370,650.70720811392903,0.28038413586634292,650.9875922497954,19997,454,-0.00082549530071551866,-0.00012587469928751382,0.00018092470862818809,6.7888850623714688e-08,0.00026703078863261225,-0.32999225372770558,-0.05958455611572621,0.0806174816325404,0.01291396776826852,0.1059039758287975,258.26644139760214,
371,650.41688066824486,0.28128359700891087,650.69816426525381,19997,454,-0.0008251533830626387,-0.00012570681173214304,0.00018074801361978715,6.7767390659117972e-08,0.00026702543858365393,-0.33081732591724561,-0.059710262927458527,0.080797893674810606,0.012973055080188848,0.10616636012225086,259.44812854869679,
372,650.12734559740261,0.2821855923782472,650.40953118978086,19997,454,-0.00082481159350869873,-0.00012553909914194631,0.00018057146407354484,6.7646126018918034e-08,0.00026701990350388977,-0.33164205644932321,-0.059835802026600146,0.080978123129794924,0.013032223374103286,0.10642862474802001,260.63143525869162,
373,649.83860052888599,0.28309012040301179,650.12169064928901,19997,454,-0.00082446993221720955,-0.00012537156140434661,0.00018039505995941633,6.7525056467004398e-08,0.00026701418388524415,-0.33246644545224002,-0.059961173588004499,0.081158170152940426,0.013091472319597326,0.10669076977896313,261.81635491962692,
374,649.55064309750969,0.28399717951327985,649.83464027702303,19997,454,-0.00082412839935129447,-0.00012520419840664757,0.00018021880124715641,6.740418176734964e-08,0.00026700828021915637,-0.33329049305446029,-0.060086377786411585,0.081338034899649858,0.013150801586926126,0.10695279528793601,263.00288093693558,
375,649.26347094541484,0.28490676814054117,649.5483777135554,19997,454,-0.00082378699507462021,-0.00012503701003628931,0.00018004268790635549,6.728350168417089e-08,0.00026700219299457173,-0.33411419938461201,-0.060211414796447642,0.081517717525281405,0.013210210847013964,0.10721470134779182,264.19100672943227,
376,648.97708172203738,0.28581888471769734,649.26290060675512,19997,454,-0.00082344571954970109,-0.00012486999618042155,0.00017986671990634557,6.7163015981697056e-08,0.00026699592270136195,-0.3349375645714851,-0.060336284792628085,0.081697218185148246,0.013269699771453687,0.10747648803138092,265.3807257293023,
377,648.69147308409129,0.28673352767905552,648.97820661177036,19997,454,-0.00082310457293913175,-0.00012470315672645792,0.00017969089721639204,6.7042724424465592e-08,0.00026698946982690804,-0.33576058874403208,-0.060460987949354533,0.081876537034519872,0.013329268032505401,0.10773815541155071,266.57203138207552,
378,648.40664269552326,0.28765069546032834,648.6942933909836,19997,454,-0.00082276355540466357,-0.00012453649156157046,0.00017951521980544337,6.6922626777029251e-08,0.00026698283485831385,-0.33658327203136718,-0.060585524440915868,0.082055674228619466,0.013388915303096063,0.10799970356114547,267.76491714661819,
379,648.12258822752119,0.28857038649864203,648.41115861401988,19997,454,-0.00082242266710859521,-0.00012437000057296917,0.00017933968764234236,6.6802722804164282e-08,0.00026697601828120238,-0.33740561456276624,-0.060709894441488922,0.082234629922626201,0.013448641256818645,0.1082611325530061,268.95937649511609,
380,647.83930735848071,0.28949259923251275,648.12879995771323,19997,454,-0.00082208190821176546,-0.0001242036836478345,0.00017916430069575608,6.6683012270772617e-08,0.00026696902058072114,-0.33822761646766608,-0.060834098125136932,0.082413404271673471,0.013508445567931248,0.10852244245997004,270.155402913057,
381,647.55679777397222,0.29041733210186499,647.84721510607403,19997,454,-0.00082174127887540602,-0.00012403754067331018,0.00017898905893406667,6.6563494941899582e-08,0.00026696184224033978,-0.33904927787566469,-0.060958135665810154,0.082591997430848385,0.013568327911356462,0.10878363335487107,271.3529898992179,
382,647.27505716671658,0.2913445835480154,647.56640175026462,19997,454,-0.00082140077926068616,-0.00012387157153648706,0.00017881396232554325,6.6444170582732361e-08,0.0002669544837434578,-0.33987059891652038,-0.061082007237346699,0.082770409555193339,0.013628287962680553,0.10904470531053909,272.55213096564836,
383,646.99408323659372,0.29227435201368135,647.28635758860742,19997,454,-0.00082106040952715468,-0.00012370577612447786,0.00017863901083828209,6.6325038958634116e-08,0.00026694694557119752,-0.34069157972015124,-0.061205713013471004,0.082948640799704279,0.013688325398152651,0.1093056583998,273.75281963765485,
384,646.71387369058516,0.29320663594297242,647.00708032652813,19997,454,-0.00082072016983522882,-0.00012354015432430236,0.00017846420444011195,6.6206099835065225e-08,0.00026693922820461525,-0.3415122204166357,-0.061329253167795486,0.083126691319332285,0.013748439894683835,0.1095664926954755,274.95504945378201,
385,646.43442624275508,0.29414143378138841,646.7285676765365,19997,454,-0.00082038006034479633,-0.00012337470602299207,0.00017828954309874145,6.6087352977671138e-08,0.00026693133212369783,-0.34233252113621138,-0.061452627873818347,0.083304561268980545,0.013808631129846731,0.10982720827038292,276.15881396580477,
386,646.15573861425833,0.29507874397582073,646.45081735823419,19997,454,-0.00082004008121474919,-0.00012320943110751803,0.00017811502678174009,6.5968798152285031e-08,0.0002669232578071648,-0.34315248200927506,-0.061575837304925947,0.083482250803506783,0.013868898781874335,0.11008780519733508,277.36410673870483,
387,645.87780853328104,0.29601856497455059,646.17382709825563,19997,454,-0.00081970023260438424,-0.00012304432946487744,0.00017794065545637106,6.5850435124788057e-08,0.00026691500573247011,-0.34397210316638244,-0.061698881634390912,0.083659760077722731,0.013929242529659479,0.11034828354914006,278.57092135065994,
388,645.60063373504386,0.29696089522723296,645.8975946302711,19997,454,-0.00081936051467200596,-0.0001228794009819508,0.00017776642908977735,6.5732263661264537e-08,0.00026690657637680644,-0.34479138473824705,-0.061821761035372923,0.083837089246392146,0.013989662052754211,0.11060864339860108,279.77925139303147,
389,645.32421196175824,0.2979057331849157,645.6221176949432,19997,454,-0.00081902092757648183,-0.00012271464554563074,0.00017759234764890358,6.5614283527960786e-08,0.00026689797021550298,-0.34561032685574145,-0.061944475680918432,0.084014238464232199,0.014050157031368287,0.1108688848185163,280.98909047033436,
390,645.04854096263421,0.29885307730003291,645.34739403993422,19997,454,-0.00081868147147490591,-0.00012255006304281557,0.00017741841110060591,6.5496494491273417e-08,0.00026688918772403139,-0.34642892964989469,-0.062067025743961328,0.08419120788591454,0.014110727146369271,0.11112900788167869,282.20043220023905,
391,644.77361849382737,0.29980292602638231,645.07342141985373,19997,454,-0.00081834214652525287,-0.00012238565336030935,0.00017724461941135731,6.5378896317671845e-08,0.00026688022937540305,-0.34724719325189418,-0.062189411397321454,0.084367997666061956,0.014171372079281467,0.11138901266087582,283.41327021355005,
392,644.49944231844074,0.30075527781915617,644.80019759625986,19997,454,-0.0008180029528849725,-0.00012222141638493092,0.00017707097254762851,6.5261488773865753e-08,0.00026687109564317541,-0.34806511779308386,-0.062311632813706587,0.084544607959249618,0.014232091512284635,0.11164889922888971,284.62759815418042,
393,644.22601020648358,0.30171013113490697,644.52772033761846,19997,454,-0.00081766389071083587,-0.00012205735200349795,0.00017689747047565607,6.5144271626698549e-08,0.00026686178699844972,-0.34888270340496469,-0.062433690165709925,0.084721038920006916,0.014292885128214304,0.11190866765849666,285.84340967915784,
394,643.95331993486298,0.30266748443156999,644.25598741929457,19997,454,-0.00081732496015893448,-0.00012189346010269953,0.00017672411316142162,6.5027244643084184e-08,0.00026685230391247552,-0.34969995021919337,-0.06255558362581258,0.084897290702813683,0.014353752610559718,0.1121683180224671,287.06069845858383,
395,643.68136928736271,0.30362733616844739,643.98499662353117,19997,454,-0.00081698616138624813,-0.00012172974056930789,0.00017655090057082325,6.4910407590175524e-08,0.00026684264685465116,-0.35051685836758317,-0.062677313366381937,0.085073363686627865,0.014414693643464017,0.1124278503935654,288.27945817563688,
396,643.41015605460234,0.30458968480620774,643.7147457394085,19997,454,-0.00081664749454782326,-0.00012156619328993351,0.00017637788758964924,6.4793760235203798e-08,0.00026683281629412626,-0.35133342798210254,-0.062798879559671825,0.085249259494919044,0.014475707911722971,0.11268726484454972,289.4996825265477,
397,643.13967803405694,0.30555452880688982,643.44523256286379,19997,454,-0.00081630895979960022,-0.0001214028181513271,0.00017620531540589121,6.4677302345609706e-08,0.00026682281269880246,-0.35214965919487562,-0.062920282377823211,0.085424976596127244,0.014536795100784565,0.11294656144817183,290.72136522059049,
398,642.86993302998417,0.30652186663390285,643.17645489661811,19997,454,-0.00081597055729668488,-0.00012123961504004511,0.00017603411818797226,6.45610336888939e-08,0.00026681263653533595,-0.35296555213818104,-0.063041521992863322,0.085600515144524963,0.014597954896747851,0.11320574027717697,291.9444999800603,
399,642.6009188534365,0.30749169675200461,642.90841055018848,19997,454,-0.00081563228719366452,-0.000121076583842745,0.0001758657307717721,6.4444954032824165e-08,0.00026680228826953944,-0.35378110694445219,-0.063162598576705836,0.085775875294336376,0.014659186986362305,0.11346480140430369,293.16908054025976,
400,642.33263332224192,0.30846401762732845,642.64109733986925,19997,454,-0.00081529414964492204,-0.0001209137244460032,0.00017569795340528527,6.4329063145237838e-08,0.00026679176836658255,-0.35459632374627675,-0.063283512301151895,0.085951057199737363,0.014720491057027364,0.11372374490228365,294.39510064949025,
401,642.06507426094572,0.30943882772735903,642.3745130886731,19997,454,-0.00081495614480527111,-0.00012075103673630732,0.00017553030927294061,6.4213360794093285e-08,0.00026678107728999592,-0.3554112026763962,-0.063404263337888067,0.086126061014853705,0.014781866796791093,0.11398257084384149,295.62255406902506,
402,641.7982395008496,0.31041612552093328,642.10865562637059,19997,454,-0.00081461827282727274,-0.00012058852060027378,0.00017536279835933983,6.4097846747588374e-08,0.00026677021550326925,-0.35622574386770545,-0.063524851858488551,0.086300886893764486,0.014843313894349803,0.11424127930169466,296.8514345731017,
403,641.53212687992595,0.31139590947825424,641.84352278940423,19997,454,-0.00081428053386533867,-0.00012042617592433549,0.00017519542064882177,6.3982520773969927e-08,0.00026675918346765842,-0.35703994745325285,-0.063645278034412875,0.086475534990496636,0.014904832039047147,0.11449987034855327,298.08173594890388,
404,641.26673424284991,0.3123781780708717,641.57911242092075,19997,454,-0.00081394292807178816,-0.00012026400259500142,0.00017502817612563378,6.3867382641717079e-08,0.00026674798164458155,-0.3578538135662393,-0.063765542037007794,0.086650005459030524,0.014966420920873481,0.11475834405711992,299.31345199654874,
405,641.00205944094409,0.31336292977168412,641.31542237071574,19997,454,-0.00081360545560000728,-0.00012010200049860746,0.00017486106477365327,6.3752432119377667e-08,0.0002667366104938246,-0.35866734234001835,-0.063885644037506503,0.086824298453295534,0.015028080230464834,0.11501670050008951,300.54657652906621,
406,640.73810033217273,0.31435016305494312,641.05245049522773,19997,454,-0.00081326811660160285,-0.00011994016952172551,0.00017469408657672228,6.3637668975735637e-08,0.00026672507047454118,-0.35948053390809559,-0.06400558420702844,0.08699841584563478,0.015089809659102352,0.11527493975014917,301.78110337238792,
407,640.47485478111207,0.31533987639624389,640.79019465750832,19997,454,-0.00081293091122924962,-0.00011977850955062292,0.00017452724151831894,6.3523092979629068e-08,0.00026671336204465588,-0.36029338840412822,-0.06412536271657894,0.087172358354219437,0.015151608898711456,0.115533061879978,303.01702636533042,
408,640.21232065894719,0.31633206827253368,640.52865272721976,19997,454,-0.00081259383963369061,-0.00011961702047170569,0.00017436052958188868,6.340870390011051e-08,0.00026670148566166333,-0.36110590596192527,-0.06424497973705072,0.087346131189301041,0.015213477641860967,0.11579106696224697,304.2543393595775,
409,639.95049584342564,0.31732673716208698,640.26782258058768,19997,454,-0.00081225690196721372,-0.00011945570217125464,0.00017419395075048645,6.3294501506309592e-08,0.00026668944178083508,-0.36191808671544656,-0.064364435439221865,0.087519747397492395,0.015275415581762628,0.11604895506961876,305.49303621967078,
410,639.68937821886789,0.31832388154453678,640.00770210041242,19997,454,-0.0008119200983801733,-0.00011929455453566176,0.00017402750500712167,6.3180485567600258e-08,0.00026667723085841241,-0.36272993079880234,-0.06448372999375751,0.087693226059157373,0.015337422412269876,0.1163067262747476,306.73311082298522,
411,639.42896567610683,0.31932349990084868,639.74828917600769,19997,454,-0.00081158342902320601,-0.0001191335774511662,0.00017386119233457799,6.3066655853454129e-08,0.00026666485334781928,-0.36354143834625385,-0.064602863571208521,0.087866584130491102,0.015399497827877617,0.11656438065027909,307.97455705972448,
412,639.16925611250554,0.32032559071332656,639.48958170321885,19997,454,-0.00081124689404659972,-0.00011897277080400715,0.00017369501271533269,6.2953012133454976e-08,0.00026665230970225655,-0.36435260949221238,-0.06472183634201259,0.088039850234348307,0.015461641523720831,0.11682191826885009,309.21736883289287,
413,638.91024743191588,0.32133015246560365,639.23157758438151,19997,454,-0.00081091049360045313,-0.00011881213448044237,0.0001735289661317891,6.2839554177404363e-08,0.0002666396003743037,-0.36516344437123782,-0.064840648476492985,0.088212990457976551,0.015523853195574403,0.11707933920308852,310.46154005829248,
414,638.65193754466441,0.32233718364264902,638.97427472830702,19997,454,-0.00081057422783372172,-0.00011865166836667956,0.00017336305256608229,6.2726281755192251e-08,0.0002666267258153231,-0.36597394311804055,-0.064959300144859872,0.088385986804400823,0.015586132539851928,0.11733664352561325,311.70706466449872,
415,638.39432436752941,0.32334668273077083,638.71767105026015,19997,454,-0.00081023809689628734,-0.00011849137234887163,0.00017319727200012166,6.2613194636858551e-08,0.00026661368647546292,-0.36678410586747967,-0.065077791517208855,0.088558838896924744,0.01564847925360514,0.11759383130903392,312.95393659284917,
416,638.13740582372202,0.32435864821759447,638.46176447193966,19997,454,-0.00080990210093657392,-0.0001183312463131838,0.0001730316244156716,6.2500292592628531e-08,0.00026660048280405582,-0.36759393275456237,-0.065196122763521783,0.088731528415747621,0.015710893034523138,0.11785090262595078,314.20214979742826,
417,637.88117984287328,0.32537307859208381,638.20655292146535,19997,454,-0.00080956624010265635,-0.00011817129014575894,0.00017286610979433935,6.2387575392891676e-08,0.00026658711524962147,-0.36840342391444425,-0.065314294053667732,0.088904047686009652,0.015773373580931317,0.11810785754895457,315.45169824504541,
418,637.62564436098683,0.32638997234452188,637.95203433333131,19997,454,-0.00080923051454386593,-0.00011801150373272103,0.00017270072811738745,6.2275042808072926e-08,0.00026657358425986747,-0.36921257948242953,-0.065432305557400317,0.089076392708928365,0.015835920591791199,0.11836469615062634,316.70257591523222,
419,637.37079732045936,0.32740932796651706,637.69820664842587,19997,454,-0.00080889492440663251,-0.00011785188696011585,0.00017253547936602089,6.2162694608892758e-08,0.0002665598902808964,-0.37002139959396918,-0.065550157444360241,0.089248563635238559,0.015898533766699061,0.1186214185035373,317.95477680021452,
420,637.11663667002949,0.32843114395100398,637.44506781398047,19997,454,-0.00080855946983912391,-0.00011769243971394375,0.00017237036352113274,6.2050530566044994e-08,0.00026654603375859894,-0.37082988438466141,-0.065667849884074564,0.089420560615627392,0.015961212805885368,0.1188780246802487,319.20829490490149,
421,636.86316036477956,0.32945541879222656,637.1926157835718,19997,454,-0.00080822415098820747,-0.0001175331618803756,0.0001722053805635835,6.1938550450598928e-08,0.00026653201513766162,-0.37163803399025191,-0.065785383045954743,0.089592386612895689,0.016023957410214285,0.11913451475331166,320.46312424687545,
422,636.61036636608515,0.33048215098575412,636.94084851707089,19997,454,-0.00080788896800040888,-0.00011737405334531438,0.00017204053047382913,6.182675403354663e-08,0.00026651783486156803,-0.37244584854663221,-0.065902757099300102,0.089764040415433358,0.016086767281182354,0.11939088879526701,321.71925885636591,
423,636.35825264163304,0.33151133902847729,636.6897639806615,19997,454,-0.00080755392102255762,-0.00011721511399479504,0.00017187581323229592,6.1715141086166758e-08,0.00026650349337299938,-0.37325332818984014,-0.066019972213294864,0.089935520738418498,0.016149642120918212,0.11964714687864496,322.97669277624334,
424,636.10681716537488,0.3325429814185914,636.43936014679343,19997,454,-0.00080721901020050361,-0.00011705634371475678,0.0001717112288191059,6.1603711379819471e-08,0.0002664889911138351,-0.37406047305605966,-0.066137028557009647,0.090106827732315251,0.016212581632181578,0.11990328907596576,324.23542006199938,
425,635.85605791750982,0.33357707665560343,636.18963499416543,19997,454,-0.00080688423567927786,-0.00011689774239114756,0.00017154677721425103,6.149246468604807e-08,0.00026647432852515478,-0.37486728328161983,-0.066253926299400481,0.090277961547541821,0.016275585518362702,0.12015931545973832,325.4954347817357,
426,635.60597288447957,0.33461362324034144,635.9405865077199,19997,454,-0.00080654959760534178,-0.00011673930990985775,0.00017138245839748876,6.1381400776511877e-08,0.00026645950604664397,-0.37567375900299521,-0.066370665609310528,0.090448922428051581,0.016338653483480983,0.12041522610246089,326.75673101613614,
427,635.3565600589418,0.33565261967493903,635.69221267861678,19997,454,-0.00080621509612225121,-0.00011658104615682146,0.00017121827234839113,6.1270519423037618e-08,0.00026644452411739045,-0.37647990035680423,-0.066487246655467458,0.090619712517541751,0.016401785232185103,0.12067102107662071,328.01930285846987,
428,635.10781743974098,0.3366940644628264,635.44451150420377,19997,454,-0.00080588073137596113,-0.00011642295101792776,0.00017105421904645059,6.1159820397656725e-08,0.00026642938317528988,-0.37728570747981049,-0.066603669606485366,0.090790329886526591,0.016464980469751651,0.12092670045469388,329.28314441456325,
429,634.85974303189732,0.33773795610875096,635.19748098800608,19997,454,-0.00080554650350951747,-0.00011626502437894206,0.00017089029847069289,6.1049303472383466e-08,0.00026641408365764437,-0.37809118050892149,-0.0667199346308643,0.090960774685213297,0.016528238902084335,0.12118226430914517,330.5482498027846,
430,634.61233484659238,0.33878429311875441,634.95111913971118,19997,454,-0.00080521241266805351,-0.00011610726612570755,0.0001707265106001793,6.0938968419504585e-08,0.00026639862600056621,-0.37889631958118819,-0.066836041896989912,0.091131048817749666,0.016591560235713607,0.12143771271242791,331.81461315403641,
431,634.36559090114224,0.33983307400018775,634.70542397514248,19997,454,-0.00080487845899378718,-0.00011594967614408148,0.00017056285541375884,6.0828815011492979e-08,0.00026638301063937895,-0.37970112483380519,-0.066951991573134265,0.091301151139210834,0.016654944177795443,0.12169304573698388,333.08222861173107,
432,634.11950921897187,0.3408842972617015,634.46039351623358,19997,454,-0.00080454464263086966,-0.00011579225431981645,0.00017039933288999728,6.0718843020870709e-08,0.00026636723800822169,-0.38050559640410941,-0.067067783827453917,0.091471081347838865,0.016718390436110907,0.12194826345524307,334.35109033178202,
433,633.87408782962257,0.34193796141324001,634.2160257910358,19997,454,-0.00080421096372182779,-0.00011563500053865805,0.00017023594300730397,6.0609052220322455e-08,0.00026635130854005024,-0.38130973442958138,-0.067183418827992614,0.091640839593629203,0.016781898719065304,0.12220336593962343,335.62119248258699,
434,633.62932476869014,0.3429940649660348,633.97231883365612,19997,454,-0.00080387742240886195,-0.00011547791468636805,0.00017007272874683678,6.049944238272287e-08,0.00026633522266862071,-0.38211353904784301,-0.067298896742679123,0.091810426026525116,0.016845468735687399,0.1224583532625315,336.89252924501227,
435,633.38521807784809,0.34405260643262969,633.72927068428078,19997,454,-0.00080354401883449148,-0.00011532099664861071,0.00016990976149796439,6.0390013281048676e-08,0.00026631898082393502,-0.38291701039665843,-0.067414217739327514,0.091979840796422435,0.016909100195628347,0.12271322549636104,338.16509481237131,
436,633.14176580481853,0.3451135843268508,633.48687938914543,19997,454,-0.00080321075314026137,-0.00011516424631115151,0.00016974692655141588,6.0280764688485955e-08,0.00026630258343798597,-0.38372014861393344,-0.067529381985638764,0.092149084053165603,0.016972792809161408,0.12296798271349374,339.43888339041899,
437,632.89896600330894,0.3461769971638109,633.24514300047281,19997,454,-0.00080287762546755494,-0.000115007663559611,0.00016958422388508118,6.0171696378283684e-08,0.00026628603093901715,-0.3845229538377149,-0.067644389649198264,0.092318155946548727,0.017036546287180977,0.12322262498629884,340.71388919733238,
438,632.65681673306699,0.34724284345992107,633.00405957652686,19997,454,-0.0008025446359577541,-0.00011485124827966445,0.0001694216534766935,6.0062808123895977e-08,0.00026626932375726483,-0.38532542620619065,-0.067759240897478007,0.092487056626315789,0.017100360341201666,0.12347715238713299,341.99010646369214,
439,632.41531605980913,0.34831112173287176,632.76362718154201,19997,454,-0.00080221178475078198,-0.00011469500035689692,0.0001692592153037654,5.9954099698889913e-08,0.00026625246231961605,-0.38612756585768859,-0.067873935897834761,0.092655786242160115,0.017164234683357753,0.12373156498834015,343.26752943247169,
440,632.17446205522037,0.34938183050163907,632.52384388572204,19997,454,-0.00080187907198786285,-0.00011453891967700359,0.00016909690934365957,5.9845570877042048e-08,0.00026623544705317245,-0.38692937293067731,-0.067988474817511968,0.092824344943724296,0.017228169026402281,0.12398586286225141,344.54615235901923,
441,631.93425279691428,0.35045496828649392,632.28470776520078,19997,454,-0.00080154649780860021,-0.00011438300612550306,0.00016893473557351158,5.9737221432216278e-08,0.00026621827838406523,-0.38773084756376469,-0.068102857823637494,0.092992732880600046,0.017292163083706531,0.12424004608118489,345.82596951104688,
442,631.69468636847228,0.35153053360897069,632.04621690208126,19997,454,-0.00080121406235260178,-0.00011422725958799997,0.00016877269397026526,5.9629051138418932e-08,0.00026620095673765321,-0.38853198989569887,-0.068217085083225493,0.093160950202326967,0.017356216569258648,0.12449411471744555,347.1069751686037,
443,631.45576085934454,0.35260852499189316,631.8083693843364,19997,454,-0.00080088176575915685,-0.00011407167995003428,0.0001686107845106749,5.9521059769818856e-08,0.00026618348253734002,-0.38933280006536597,-0.068331156763175069,0.093328997058395397,0.017420329197663714,0.12474806884332512,348.38916362407662,
444,631.2174743648884,0.35368894095935854,631.57116330584779,19997,454,-0.00080054960816756113,-0.00011391626709714514,0.00016844900717139034,5.9413247100784328e-08,0.00026616585620734164,-0.39013327821179167,-0.06844507303027271,0.093496873598243532,0.017484500684142236,0.12500190853110191,349.67252918216059,
445,630.97982498633496,0.35477178003676207,631.33459676637176,19997,454,-0.00080021758971565162,-0.00011376102091479854,0.00016828736192872235,5.9305612905724043e-08,0.0002661480781693298,-0.39093342447413937,-0.068558834051187373,0.093664579971257073,0.017548730744529756,0.1252556338530407,350.95706615985057,
446,630.7428108307754,0.35585704075073565,631.09866787152612,19997,454,-0.00079988571054209181,-0.00011360594128852837,0.00016812584875896508,5.9198156959274079e-08,0.00026613014884519843,-0.39173323899171109,-0.068672439992475937,0.093832116326771339,0.017613019095276097,0.12550924488139259,352.24276888642663,
447,630.50643001111575,0.35694472162921276,630.863374732745,19997,454,-0.00079955397078506566,-0.00011345102810376554,0.00016796446763809193,5.9090879036220645e-08,0.0002661120686550912,-0.39253272190394606,-0.068785891020579665,0.093999482814068863,0.01767736545344447,0.12576274168839488,353.52963170343594,
448,630.27068064609671,0.35803482120138957,630.62871546729809,19997,454,-0.00079922237058146388,-0.00011329628124605037,0.00016780321854193483,5.8983778911451248e-08,0.0002660938380189824,-0.39333187335042114,-0.068899187301825607,0.094166679582381063,0.017741769536710771,0.12601612434627094,354.81764896467871,
449,630.03556086025537,0.35912733799772228,630.39468819825311,19997,454,-0.00079889091006867885,-0.0001131417006007276,0.00016764210144619483,5.8876856360039744e-08,0.00026607545735549408,-0.39413069347084961,-0.069012329002426334,0.094333706780886081,0.017806231063362789,0.12626939292723008,356.10681503619242,
450,629.80106878390416,0.36022227054995365,630.16129105445407,19997,454,-0.0007985595893839569,-0.00011298728605321399,0.00016748111632628615,5.8770111157134844e-08,0.00026605692708249034,-0.39492918240508224,-0.06912531628847976,0.094500564558711517,0.017870749752299207,0.12652254750346736,357.39712429623182,
451,629.56720255311802,0.36131961739108176,629.92852217050915,19997,454,-0.00079822840866275706,-0.00011283303748896169,0.00016732026315748814,5.8663543078127545e-08,0.00026603824761688112,-0.39572734029310486,-0.069238149325968557,0.094667253064931012,0.017935325323029539,0.12677558814716355,358.68857113526775,
452,629.33396030972108,0.36241937705535987,629.69637968677648,19997,454,-0.00079789736804203055,-0.00011267895479329465,0.00016715954191495307,5.8557151898519241e-08,0.00026601941937462405,-0.39652516727504039,-0.069350828280761875,0.09483377244856675,0.017999957495672392,0.12702851493048492,359.98114995595216,
453,629.10134020125611,0.36352154807832432,629.46486174933443,19997,454,-0.00079756646765727227,-0.00011252503785160009,0.00016699895257352596,5.8450937393936668e-08,0.00026600044277112073,-0.39732266349114642,-0.06946335331861353,0.095000122858586861,0.018064645990955475,0.12728132792558317,361.27485517311851,
454,628.86934038098661,0.36462612899674562,629.23396650998336,19997,454,-0.00079723570764366879,-0.00011237128654920872,0.00016683849510797926,5.8344899340167249e-08,0.00026598131822023254,-0.39811982908181592,-0.069575724605162717,0.095166304443907807,0.018129390530214548,0.12753402720459525,362.56968121376076,
455,628.63795900786272,0.36573311834867389,629.00369212621138,19997,454,-0.00079690508813626216,-0.00011221770077145763,0.00016667816949285599,5.8239037513178019e-08,0.00026596204613585876,-0.39891666418757654,-0.06968794230593417,0.095332317353392884,0.018194190835392521,0.12778661283964324,363.86562251701503,
456,628.40719424648751,0.36684251467342027,628.77403676116091,19997,454,-0.00079657460926978857,-0.00011206428040360432,0.0001665179757024881,5.8133351688990897e-08,0.00026594262693016525,-0.39971316894909092,-0.06980000658633774,0.095498161735851766,0.018259046629039041,0.12803908490283425,365.16267353415179,
457,628.17704426715841,0.36795431651152599,628.54499858366989,19997,454,-0.00079624427117900925,-0.00011191102533100679,0.00016635791371111275,5.802784164390427e-08,0.00026592306101476794,-0.40050934350715539,-0.069911917611668789,0.095663837740040808,0.018323957634309197,0.12829144346626029,366.46082872854964,
458,627.9475072457692,0.36906852240480648,628.31657576817406,19997,454,-0.00079591407399706162,-0.00011175793543880498,0.00016619798349263936,5.7922507154225615e-08,0.00026590334879994688,-0.4013051880027001,-0.070023675547107492,0.095829345514663905,0.018388923574963238,0.12854368860199808,367.76008257568981,
459,627.7185813638564,0.37018513089633115,628.08876649475269,19997,454,-0.00079558401785809955,-0.00011160501061242839,0.0001660381850210015,5.781734799654967e-08,0.00026588349069622309,-0.40210070257678843,-0.070135280557720323,0.095994685208369873,0.018453944175365895,0.12879582038210899,369.06042956314252,
460,627.4902648085565,0.37130414053040373,627.86156894908686,19997,454,-0.00079525410289548067,-0.00011145225073699196,0.0001658785182697531,5.7712363947524183e-08,0.00026586348711180112,-0.40289588737061732,-0.070246732808457016,0.096159856969754501,0.018519019160484769,0.12904783887863891,370.3618641905349,
461,627.26255577258235,0.37242554985259346,627.6349813224349,19997,454,-0.00079492432924126741,-0.00011129965569774216,0.00016571898321235385,5.760755478394312e-08,0.000265843338455325,-0.40369074252551562,-0.070358032464155132,0.096324860947360008,0.018584148255890717,0.12929974416361803,371.66438096955847,
462,627.03545245422356,0.37354935740970674,627.40900181163329,19997,454,-0.00079459469702887692,-0.00011114722537985196,0.00016555957982209189,5.7502920282779478e-08,0.00026582304513352072,-0.40448526818294517,-0.070469179689534575,0.096489697289674117,0.018649331187756031,0.12955153630906088,372.96797442393284,
463,626.80895305730655,0.37467556174979672,627.18362861905632,19997,454,-0.00079426520639010374,-0.00011099495966859064,0.00016540030807213042,5.7398460221208944e-08,0.00026580260755296664,-0.40527946448449925,-0.070580174649203048,0.096654366145130566,0.018714567682854597,0.12980321538696604,374.2726390894091,
464,626.58305579119792,0.37580416142216422,626.95885995262006,19997,454,-0.00079393585745677448,-0.00011084285844903746,0.0001652411679352498,5.7294174376390743e-08,0.0002657820261187196,-0.40607333157190328,-0.070691017507652346,0.096818867662109356,0.018779857468560528,0.13005478146931609,375.57836951374202,
465,626.35775887078194,0.37693515497734076,626.73469402575927,19997,454,-0.00079360665036025217,-0.00011069092160636089,0.00016508215938427785,5.7190062525791908e-08,0.00026576130123569133,-0.40686686958701335,-0.070801708429258689,0.096983201988933926,0.0188452002728473,0.13030623462807753,376.88516025667315,
466,626.13306051643644,0.37806854096711839,626.51112905740354,19997,454,-0.00079327758523227031,-0.00011053914902573695,0.00016492328239174468,5.7086124446956839e-08,0.00026574043330708025,-0.40766007867181725,-0.070912247578284168,0.0971473692738756,0.018910595824287748,0.13055757493520054,378.19300588993065,
467,625.90895895401036,0.37920431794450915,626.28816327195489,19997,454,-0.00079294866220227112,-0.00011038754059222119,0.00016476453693004586,5.6982359917580454e-08,0.00026571942273594237,-0.40845295896843242,-0.07102263511887634,0.097311369665150041,0.018976043852052378,0.13080880246261897,379.50190099719549,
468,625.68545241482343,0.38034248446377178,626.0657948992872,19997,454,-0.00079261988140256242,-0.00011023609619097269,0.00016460592297136431,5.6878768715507334e-08,0.00026569826992381993,-0.4092455106191073,-0.071132871215067589,0.097475203310917941,0.019041544085909284,0.13105991728225014,380.81184017409976,
469,625.46253913565192,0.38148303908039499,625.84402217473234,19997,454,-0.00079229124296133408,-0.00011008481570707511,0.00016444744048775905,5.6775350618753587e-08,0.00026567697527250865,-0.41003773376621938,-0.071242956030774657,0.097638870359283425,0.019107096256222894,0.13131091946599477,382.12281802820166,
470,625.24021735868314,0.38262598035110734,625.62284333903426,19997,454,-0.00079196274700914432,-0.00010993369902555446,0.00016428908945101333,5.6672105405433389e-08,0.0002656555391811161,-0.41082962855227623,-0.071352889729800084,0.097802370958298968,0.019172700093953759,0.13156180908573681,383.4348291789812,
471,625.01848533151747,0.38377130683386523,625.40225663835133,19997,454,-0.00079163439367526322,-0.00010978274603153559,0.0001641308698328127,5.6569032853849675e-08,0.00026563396204979181,-0.41162119511991424,-0.071462672475831657,0.097965705255958699,0.019238355330657066,0.13181258621334338,384.74786825781069,
472,624.79734130716224,0.38491901708785353,625.18226032425014,19997,454,-0.00079130618308833689,-0.00010963195661001098,0.00016397278160472665,5.6466132742450974e-08,0.00026561224427619701,-0.41241243361189844,-0.071572304432441822,0.098128873400202168,0.019304061698482596,0.13206325092066457,386.06192990795341,
473,624.57678354400173,0.38606910967349939,624.96285265367521,19997,454,-0.00079097811537772334,-0.00010948133064602973,0.00016381482473799554,5.6363404849818828e-08,0.00026559038625844874,-0.41320334417112287,-0.071681785763087688,0.098291875538913345,0.019369818930173508,0.13231380327953338,387.37700878454001,
474,624.35681030576393,0.38722158315243499,624.74403188891631,19997,454,-0.00079065019067082413,-0.00010933086802456843,0.00016365699920374514,5.6260848954636719e-08,0.0002655683883927684,-0.41399392694060894,-0.071791116631112359,0.098454711819920562,0.019435626759065797,0.13256424336176556,388.69309955455685,
475,624.13741986153309,0.38837643608753281,624.52579629762067,19997,454,-0.00079032240909592119,-0.00010918056863067726,0.00016349930497300304,5.6158464835846595e-08,0.0002655462510754435,-0.41478418206350626,-0.071900297199742863,0.098617382390996641,0.019501484919087306,0.13281457123915955,390.01019689682704,
476,623.91861048571604,0.38953366704289161,624.30814415275893,19997,454,-0.00078999477078051225,-0.0001090304323492887,0.00016334174201652909,5.6056252272442116e-08,0.00026552397470106545,-0.41557410968309133,-0.072009327632092432,0.098779887399857713,0.019567393144757032,0.13306478698349627,391.32829550199585,
477,623.70038045804426,0.39069327458382602,624.09107373262805,19997,454,-0.00078966727585214123,-0.00010888045906540915,0.00016318431030493848,5.5954211043591906e-08,0.00026550155966390297,-0.41636370994276817,-0.072118208091157598,0.098942226994163662,0.019633351171184737,0.13331489066653912,392.64739007252354,
478,623.48272806352611,0.39185525727687381,623.87458332080303,19997,454,-0.00078933992443689987,-0.0001087306486639828,0.00016302700980867028,5.5852340928626842e-08,0.00026547900635712056,-0.41715298298606679,-0.072226938739821611,0.099104401321519264,0.019699358734069597,0.13356488236003372,393.96747532265789,
479,623.26565159244979,0.39301961368979133,623.65867120613962,19997,454,-0.00078901271666193505,-0.00010858100102990877,0.00016286984049798561,5.5750641706978553e-08,0.00026545631517336642,-0.41794192895664412,-0.072335519740851562,0.099266410529470522,0.01976541556969982,0.13381476213570792,395.28854597842673,
480,623.04914934037583,0.39418634239154954,623.44333568276738,19997,454,-0.00078868565265310811,-0.00010843151604818977,0.00016271280234304074,5.5649113158335634e-08,0.00026543348650360057,-0.41873054799828241,-0.072443951256899619,0.099428254765509858,0.019831521414951717,0.13406453006527164,396.61059677761938,
481,622.83321960810122,0.3953554419523399,623.22857505005356,19997,454,-0.00078835873253599667,-0.00010828219360371427,0.0001625558953136992,5.5547755062408713e-08,0.00026541052073905344,-0.41951884025488984,-0.072552233450503656,0.099589934177070655,0.019897676007289148,0.13431418622041669,397.93362246977568,
482,622.61786070164521,0.39652691094356596,623.01438761258873,19997,454,-0.00078803195643657384,-0.00010813303358135402,0.00016239911937972388,5.5446567199112284e-08,0.00026538741826927052,-0.42030680587049973,-0.072660366484085068,0.099751448911529914,0.019963879084762434,0.13456373067281677,399.25761781616393,
483,622.40307093223987,0.39770074793785226,622.80077168017772,19997,454,-0.000787705324478851,-0.00010798403586600423,0.00016224247451067925,5.5345549348473639e-08,0.00026536417948328775,-0.42109444498927018,-0.072768350519950897,0.099912799116208512,0.020030130386007761,0.13481316349412722,400.58257758976919,
484,622.18884861633387,0.3988769515090192,622.58772556784288,19997,454,-0.00078737883678841214,-0.00010783520034256947,0.00016208596067602174,5.5244701290765635e-08,0.0002653408047690469,-0.4218817577554837,-0.072876185720293488,0.10007398493836973,0.020096429650246696,0.13506248475598504,401.90849657528366,
485,621.97519207552227,0.40005552023211122,622.37524759575433,19997,454,-0.00078705249348972803,-0.00010768652689586441,0.00016192957784494157,5.5144022806278911e-08,0.00026531729451417861,-0.42266874431354706,-0.072983872247189427,0.10023500652521893,0.020162776617284918,0.13531169453000869,403.23536956908106,
486,621.7620996365813,0.40123645268337155,622.1633360892647,19997,454,-0.00078672629470580703,-0.00010753801541076594,0.00016177332598649652,5.504351367551305e-08,0.00026529364910463592,-0.42345540480799104,-0.073091410262599979,0.1003958640239047,0.020229171027511612,0.13556079288779799,404.56319137920474,
487,621.54956963143763,0.4024197474402485,621.9519893788779,19997,454,-0.00078640024056141284,-0.000107389665772116,0.00016161720506963119,5.4943173679170932e-08,0.00026526986892665057,-0.42424173938346937,-0.073198799928372291,0.10055655758151845,0.020295612621899058,0.13580977990093404,405.89195682535927,
488,621.33760039712956,0.40360540308140802,621.74120580021099,19997,454,-0.00078607433117883977,-0.00010724147786472142,0.00016146121506302783,5.4843002597990654e-08,0.00026524595436438938,-0.42502774818475902,-0.073306041406236727,0.10071708734509326,0.020362101142001515,0.13605865564097905,407.22166073888832,
489,621.12619027583582,0.40479341818670928,621.53098369402255,19997,454,-0.00078574856668162877,-0.00010709345157336738,0.00016130535593524207,5.4743000212911806e-08,0.00026522190580190993,-0.42581343135675964,-0.073413134857810397,0.10087745887869155,0.020428636329954349,0.13630742017947625,408.552297962757,
490,620.91533761481014,0.40598379133721346,621.32132140614738,19997,454,-0.00078542294719186989,-0.00010694558678289491,0.00016114962765464893,5.4643166305029543e-08,0.00026519772362257555,-0.4265987890444935,-0.0735200804445931,0.10103766969906074,0.020495217928473853,0.13655607358794986,409.8838633515486,
491,620.70504076639099,0.40717652111519026,621.11221728750616,19997,454,-0.00078509747283222445,-0.00010679788337808463,0.00016099403018952625,5.4543500655621429e-08,0.00026517340820827643,-0.42738382139310449,-0.073626878327971074,0.1011977245383867,0.020561845680855791,0.1368046159379048,411.21635177143497,
492,620.4952980879948,0.40837160610409901,620.90366969409888,19997,454,-0.00078477214372407256,-0.00010665034124367387,0.00016083856350786386,5.4444003046017062e-08,0.00026514895994040716,-0.42816852854785808,-0.073733528669215148,0.10135761710038546,0.020628519330975044,0.13705304730082679,412.54975810016992,
493,620.28610794208726,0.40956904488859686,620.69567698697585,19997,454,-0.00078444695998903364,-0.0001065029602644663,0.00016068322757752644,5.4344673257742206e-08,0.00026512437919986849,-0.42895291065414148,-0.073840031629479205,0.10151734665026375,0.020695238623284613,0.13730136774818205,413.88407722706899,
494,620.07746869616494,0.41076883605453868,620.4882375322195,19997,454,-0.00078412192174845928,-0.00010635574032519566,0.00016052802236624899,5.4245511072512427e-08,0.0002650996663657031,-0.42973696785746235,-0.073946387369804634,0.10167691772508169,0.020762003302815461,0.13754957735141732,415.2193040530064,
495,619.86937872273529,0.41197097818897849,620.28134970092424,19997,454,-0.00078379702912326698,-0.00010620868131062862,0.00016037294784161158,5.4146516272147603e-08,0.00026507482181743747,-0.43052070030344941,-0.074052596051115263,0.10183633003292532,0.020828813115174604,0.13779767618195965,416.55543349037691,
496,619.66183639931955,0.41317546988016118,620.07501186919967,19997,454,-0.00078347228223309021,-0.00010606178310545085,0.00016021800397095085,5.4047688638613087e-08,0.0002650498459331336,-0.43130410813785108,-0.074158657834220543,0.10199557979186913,0.020895667806545743,0.1380456643112164,417.89246046310831,
497,619.45484010842688,0.41438230971751616,619.86922241814443,19997,454,-0.00078314768119848812,-0.00010591504559441986,0.00016006319072150755,5.3949027954024512e-08,0.00026502473908978069,-0.43208719150653596,-0.074264572879814791,0.10215466714826926,0.020962567123687294,0.13829354181057507,419.2303799066222,
498,619.24838823752953,0.41559149629166403,619.66397973382118,19997,454,-0.00078282322613924718,-0.00010576846866219695,0.00015990850806026888,5.3850534000635163e-08,0.00026499950166349289,-0.43286995055549182,-0.074370341348477517,0.10231359224842525,0.021029510813932333,0.13854130875140316,420.56918676783272,
499,619.04247917905832,0.41680302819441983,619.45928220725273,19997,454,-0.00078249891717472307,-0.0001056220521935256,0.00015975395595415392,5.3752206560884528e-08,0.00026497413403048204,-0.43365238543082607,-0.074475963400670891,0.10247235523857565,0.021096498625187619,0.1387889652050481,421.90887600512718,
500,618.83711133039606,0.41801690401878078,619.25512823441488,19997,454,-0.00078217475442366835,-0.00010547579607304681,0.00015959953436988397,5.3654045417336445e-08,0.00026494863656491979,-0.43443449627876474,-0.074581439196743884,0.10263095626490226,0.021163530305932956,0.1390365112428372,423.24944258835319,
501,618.63228309383749,0.41923312235893412,619.05151621619643,19997,454,-0.0007818507380049195,-0.00010532970018545503,0.00015944524327397676,5.3556050352665704e-08,0.0002649230096414682,-0.43521628324565204,-0.074686768896929115,0.10278939547352603,0.021230605605220075,0.1392839469360774,424.59088149879631,
502,618.42799287659113,0.42045168181023745,618.84844455840141,19997,454,-0.00078152686803619961,-0.00010518376441544111,0.00015929108263282684,5.3458221149787932e-08,0.00026489725363236337,-0.43599774647795009,-0.074791952661345015,0.10294767301050864,0.021297724272672399,0.13953127235605531,425.9331877291753,
503,618.22423909076269,0.42167258096924259,618.64591167173194,19997,454,-0.00078120314463634149,-0.00010503798864763672,0.00015913705241266341,5.336055759167472e-08,0.0002648713689105291,-0.43677888612223931,-0.074896990649992418,0.10310578902185358,0.021364886058483867,0.13977848757403699,427.27635628361884,
504,618.02102015333548,0.42289581843368851,618.44391597176923,19997,454,-0.00078087956792187202,-0.00010489237276670087,0.00015898315257955318,5.326305946148828e-08,0.00026484535584705071,-0.43755970232521685,-0.075001883022759175,0.10326374365350335,0.021432090713418478,0.14002559266126796,428.62038217765615,
505,617.81833448614907,0.42412139280246836,618.24245587895155,19997,454,-0.00078055613801111302,-0.0001047469166572281,0.00015882938309934823,5.3165726542535852e-08,0.00026481921481292598,-0.43834019523369766,-0.075106629939416386,0.10342153705134143,0.021499337988809084,0.14027258768897297,429.96526043819284,
506,617.61618051590926,0.42534930267568349,618.04152981858499,19997,454,-0.00078023285501973867,-0.00010460162020390082,0.00015867574393780155,5.3068558618258045e-08,0.00026479294617770592,-0.43912036499461243,-0.075211231559620381,0.10357916936119141,0.021566627636557211,0.14051947272835597,431.31098610350767,
507,617.41455667413697,0.42657954665458608,617.84113622079155,19997,454,-0.00077990971906522497,-0.00010445648329126468,0.00015852223506046458,5.2971555472240158e-08,0.00026476655031066297,-0.43990021175500871,-0.07531568804291161,0.10373664072881644,0.021633959409131914,0.14076624785059999,432.65755422322911,
508,617.21346139718048,0.42781212334161323,617.64127352052208,19997,454,-0.00077958673026325305,-0.00010431150580402782,0.00015836885643277896,5.2874716888285037e-08,0.00026474002757982109,-0.44067973566205004,-0.075419999548715533,0.10389395129992102,0.021701333059569363,0.14101291312686706,434.00495985832771,
509,617.01289312619724,0.42904703134038191,617.4419401575376,19997,454,-0.000779263888729425,-0.00010416668762667769,0.00015821560801991498,5.2778042650206437e-08,0.00026471337835273377,-0.44145893686301513,-0.075524166236342213,0.10405110122014798,0.021768748341471293,0.14125946862829808,435.35319808108437,
510,616.81285030711456,0.43028426925566732,617.24313457637027,19997,454,-0.00077894119457943547,-0.00010402202864386135,0.00015806248978699069,5.2681532542080874e-08,0.00026468660299570933,-0.442237815505298,-0.075628188264986032,0.10420809063507963,0.021836205009005301,0.14150591442601268,436.70226397509703,
511,616.61333139064868,0.43152383569341823,617.04485522634207,19997,454,-0.00077861864792821826,-0.00010387752874018314,0.00015790950169892762,5.2585186348124497e-08,0.00026465970187497718,-0.44301637173640768,-0.075732065793726405,0.10436491969023882,0.021903702816903393,0.14175225059110921,438.05215263525093,
512,616.41433483227001,0.43276572926076573,616.84710056153074,19997,454,-0.00077829624889045668,-0.0001037331878001661,0.00015775664372049732,5.2489003852654465e-08,0.00026463267535533025,-0.44379460570396767,-0.075835798981526287,0.10452158853108766,0.021971241520461461,0.14199847719466455,439.40285916770875,
513,616.2158590921922,0.43400994856598646,616.64986904075818,19997,454,-0.00077797399758058915,-0.00010358900570839116,0.00015760391581628295,5.2392984840157494e-08,0.0002646055238007099,-0.44457251755571564,-0.075939387987235069,0.10467809730302677,0.022038820875538552,0.14224459430773406,440.75437868989547,
514,616.01790263535349,0.43525649221854101,616.45315912757201,19997,454,-0.00077765189411280883,-0.00010344498234940316,0.00015745131795067517,5.2297129095244931e-08,0.00026457824757478827,-0.44535010743950304,-0.076042832969584168,0.10483444615139716,0.022106440638555828,0.14249060200135147,442.106706330478,
515,615.82046393141104,0.43650535882904584,616.25696929024014,19997,454,-0.00077732993860037602,-0.0001033011176077933,0.00015729885008801224,5.2201436402745431e-08,0.00026455084704019488,-0.44612737550329479,-0.076146134087192091,0.10499063522147803,0.022174100566496283,0.14273650034652874,443.45983722935915,
516,615.62354145471772,0.43775654700928718,616.06129800172698,19997,454,-0.00077700813115665155,-0.00010315741136801294,0.00015714651219238542,5.2105906547538972e-08,0.00026452332255832344,-0.4469043218951686,-0.076249291498560134,0.10514666465848679,0.022241800416903573,0.14298228941425603,444.81376653765454,
517,615.4271336843085,0.43901005537219734,615.86614373968075,19997,454,-0.00077668647189475532,-0.00010301386351469596,0.00015699430422778457,5.2010539314758823e-08,0.00026449567449030395,-0.44768094676331543,-0.076352305362074407,0.10530253460758113,0.022309539947881655,0.14322796927550155,446.16848941768524,
518,615.23123910389631,0.44026588253189086,615.6715049864282,19997,454,-0.00077636496092687419,-0.00010287047393230163,0.00015684222615795255,5.1915334489604068e-08,0.00026446790319680901,-0.44845725025603789,-0.076455175836007,0.10545824521385641,0.022377318918093345,0.14347354000121143,447.52400104294878,
519,615.03585620183821,0.44152402710361893,615.4773802289418,19997,454,-0.00077604359836564785,-0.00010272724250537035,0.00015669027794655411,5.1820291857435346e-08,0.00026444000903631299,-0.44923323252175151,-0.07655790307851236,0.1056137966223466,0.022445137086760446,0.14371900166230975,448.88029659812219,
520,614.84098347114445,0.44278448770380457,615.28376795884822,19997,454,-0.00077572238432261286,-0.00010258416911838614,0.00015653845955708782,5.1725411203792412e-08,0.00026441199236819135,-0.4500088937089825,-0.076660487247630832,0.10576918897802506,0.022512994213662475,0.14396435432969829,450.23737127903581,
521,614.64661940943802,0.44404726295002028,615.09066667238801,19997,454,-0.00077540131890906615,-0.00010244125365586163,0.00015638677095285248,5.1630692314330256e-08,0.00026438385354981886,-0.45078423396636902,-0.076762928501286687,0.10592442242580163,0.022580890059135918,0.14420959807425651,451.59522029265923,
522,614.45276251895257,0.44531235146099823,614.89807487041355,19997,454,-0.00077508040223728389,-0.00010229849600229042,0.00015623521209703732,5.1536134974892129e-08,0.00026435559293831257,-0.4515592534426604,-0.076865226997288746,0.10607949711052579,0.02264882438407341,0.14445473296684147,452.95383885708412,
523,614.25941130653587,0.44657975185662285,614.70599105839244,19997,454,-0.00077475963441635818,-0.000102155896042164,0.00015608378295265321,5.144173897145285e-08,0.00026432721088975999,-0.45233395228671563,-0.076967382893331007,0.1062344131769843,0.022716796949923245,0.14469975907828764,454.31322220151498,
524,614.06656428360361,0.44784946275792076,614.51441374636158,19997,454,-0.00077443901555826857,-0.00010201345365995201,0.00015593248348255229,5.1347504090082303e-08,0.0002642987077598002,-0.45310833064750466,-0.077069396346991045,0.10638917076990265,0.022784807518688926,0.14494467647940693,455.6733655662598,
525,613.87421996613966,0.4491214827870757,614.32334144892673,19997,454,-0.00077411854577163748,-0.00010187116874017822,0.0001557813136494514,5.1253430117111921e-08,0.00026427008390304558,-0.45388238867410696,-0.077171267515731445,0.10654377003394362,0.022852855852927137,0.14518948524098849,457.03426420268983,
526,613.68237687469104,0.45039581056742323,614.13277268525849,19997,454,-0.00077379822516746174,-0.00010172904116721384,0.0001556302897122891,5.1159516838903285e-08,0.00026424133967327667,-0.45465612651571174,-0.077272996556898288,0.10669821111370617,0.022920941715748541,0.14543418543379869,458.39591337325504,
527,613.49103353433406,0.45167244472343576,613.94270597905745,19997,454,-0.00077347805385459502,-0.00010158707082559432,0.00015547963863612066,5.1065764042039304e-08,0.00026421247542363703,-0.45542954432161753,-0.07737458362772405,0.10685249415372972,0.022989064870815937,0.14567877712858093,459.75830835144791,
528,613.30018847466431,0.45295138388074591,613.75313985854507,19997,454,-0.00077315803194183408,-0.0001014452575997675,0.00015532972988773611,5.0972171513249291e-08,0.00026418349150624849,-0.4562026422412313,-0.077476028885323789,0.10700661929848841,0.023057225082344219,0.14592326039605569,461.12144442180204,
529,613.10984022982234,0.45423262666612368,613.56407285648845,19997,454,-0.00077283815953809636,-0.00010130360137415414,0.00015518092539396194,5.0878739039356203e-08,0.00026415438827259914,-0.4569754204240683,-0.077577332486697834,0.10716058669239609,0.023125422115098843,0.14616763530692026,462.48531687986178,
530,612.91998733840455,0.45551617170747516,613.37550351011203,19997,454,-0.00077251843675119828,-0.00010116210203323538,0.00015503332108107506,5.0785466407392656e-08,0.00026412516607373732,-0.45774787901975261,-0.077678494588731301,0.10731439647980269,0.023193655734396017,0.14641190193184875,463.84992103218593,
531,612.73062834351526,0.45680201763385958,613.18743036114915,19997,454,-0.00077219886368995331,-0.00010102075946140225,0.00015488588454351838,5.0692353404502872e-08,0.00026409582525930848,-0.45852001817801541,-0.077779515348192704,0.10746804880499364,0.023261925706101104,0.14665606034149203,465.21525219631599,
532,612.54176179271622,0.45809016307546674,612.99985195579166,19997,454,-0.00077187944046102719,-0.00010087957354308472,0.00015473857057272185,5.0599399817993958e-08,0.00026406636617852162,-0.45929183804869517,-0.077880394921735485,0.10762154381219401,0.023330231796628149,0.14690011060647756,466.58130570076634,
533,612.35338623803523,0.45938060666363667,612.8127668446989,19997,454,-0.00077156016717226108,-0.00010073854416277986,0.00015459137914127663,5.0506605435362415e-08,0.00026403678917995721,-0.46006333878173811,-0.077981133465898314,0.10777488164556402,0.023398573772939798,0.1471440527974093,467.948076885023,
534,612.16550023593049,0.46067334703083357,612.62617358296131,19997,454,-0.00077124104393022327,-0.00010059767120485805,0.00015444431022151211,5.04139700441498e-08,0.00026400709461079855,-0.46083452052719653,-0.078081731137103316,0.10792806244920101,0.02346695140254516,0.14738788698486766,469.31556109950066,
535,611.97810234729536,0.46196838281067154,612.44007073010607,19997,454,-0.0007709220708416102,-0.00010045695455371769,0.00015429736378567101,5.032149343214216e-08,0.00026397728281876064,-0.46160538343522939,-0.078182188091657223,0.10808108636713869,0.02353536445350058,0.1476316132394094,470.6837537055581,
536,611.79119113741876,0.46326571263788902,612.25445685005661,19997,454,-0.00077060324801254629,-0.00010031639409380869,0.00015415053980583101,5.0229175387232281e-08,0.00026394735414881363,-0.4623759276561013,-0.078282504485750998,0.1082339535433484,0.023603812694407499,0.14787523163156752,472.05265007545557,
537,611.60476517602297,0.46456533514835863,612.0693305111713,19997,454,-0.00077028457554841219,-0.00010017598970946714,0.0001540038382538303,5.0137015697445634e-08,0.00026391730894723435,-0.46314615334018261,-0.078382680475460279,0.10838666412173546,0.023672295894412786,0.14811874223185115,473.42224559236132,
538,611.41882303718489,0.46586724897909365,611.88469028616396,19997,454,-0.00076996605355541983,-0.0001000357412851998,0.00015385725910148557,5.004501415105705e-08,0.00026388714755775115,-0.46391606063794899,-0.078482716216745047,0.10853921824614418,0.023740813823207293,0.14836214511074552,474.79253565032269,
539,611.2333632993641,0.46717145276822575,611.70053475213228,19997,454,-0.00076964768213798763,-9.9895648705342527e-05,0.00015371080232029816,4.9953170536339097e-08,0.0002638568703248226,-0.46468564969998072,-0.078582611865450638,0.10869161606035352,0.02380936625102572,0.14860544033871184,476.16351565426339,
540,611.0483845453864,0.46847794515502211,611.51686249054137,19997,454,-0.00076932946140101594,-9.9755711854290083e-05,0.00015356446788165887,4.9861484641821522e-08,0.00026382647759094091,-0.46545492067696315,-0.078682367577305179,0.10884385770807771,0.02387795294864492,0.14884862798618717,477.53518101994979,
541,610.86388536240543,0.46978672477988737,611.33367208718528,19997,454,-0.00076901139144901795,-9.9615930616424078e-05,0.00015341825575682812,4.9769956256131045e-08,0.00026379596969875309,-0.46622387371968527,-0.078781983507921635,0.10899594333296853,0.023946573687384464,0.14909170812358438,478.90752717400187,
542,610.67986434191766,0.47109779028433407,611.15096213220204,19997,454,-0.00076869347238629163,-9.947630487616718e-05,0.00015327216591688275,4.9678585168109816e-08,0.00026376534698952089,-0.46699250897904032,-0.078881459812797566,0.10914787307861275,0.024015228239104538,0.14933468082129206,480.28054955385164,
543,610.49632007973923,0.47241114031101228,610.96873122005024,19997,454,-0.00076837570431568809,-9.9336834517859668e-05,0.00015312619833272536,4.9587371166658849e-08,0.00026373460980389358,-0.46776082660602475,-0.07898079664731536,0.10929964708853201,0.024083916376206081,0.14957754614967436,481.6542436077454,
544,610.31325117598954,0.47372677350369335,610.78697794949323,19997,454,-0.00076805808734125864,-9.9197519425883604e-05,0.00015298035297506862,4.9496314040882551e-08,0.00026370375848210108,-0.46852882675173796,-0.079079994166741621,0.10945126550618423,0.024152637871629943,0.14982030417907105,483.02860479472724,
545,610.13065623505986,0.47504468850727605,610.60570092356716,19997,454,-0.00076774062156578511,-9.9058359484620903e-05,0.00015283462981452719,4.9405413580016849e-08,0.00026367279336318543,-0.46929650956738295,-0.07917905252622634,0.10960272847496369,0.024221392498855576,0.15006295497979727,484.40362858461265,
546,609.94853386565273,0.47636488396776727,610.42489874962052,19997,454,-0.00076742330709166171,-9.8919354578439899e-05,0.0001526890288215444,4.9314669573485039e-08,0.00026364171478577338,-0.47006387520426396,-0.079277971880804363,0.10975403613819908,0.024290180031901022,0.15030549862214354,485.77931045798852,
547,609.76688268070529,0.47768735853230815,610.2445700392376,19997,454,-0.00076710614402160696,-9.8780504591732912e-05,0.0001525435499663617,4.9224081810816876e-08,0.00026361052308711443,-0.47083092381378866,-0.079376752385396349,0.10990518863915295,0.024359000245321703,0.15054793517637563,487.15564590618874,
548,609.58570129741247,0.47901211084914269,610.06471340826158,19997,454,-0.00076678913245653904,-9.864180940882674e-05,0.00015239819321902115,4.9133650081666122e-08,0.00026357921860443014,-0.47159765554746447,-0.079475394194805163,0.1100561861210254,0.024427852914209552,0.15079026471273449,488.5326304312768,
549,609.40498833721563,0.4803391395676484,609.88532747678323,19997,454,-0.00076647227249893946,-9.850326891409641e-05,0.00015225295854955865,4.9043374175941314e-08,0.00026354780167414454,-0.47236407055690227,-0.079573897463719234,0.11020702872695042,0.024496737814192773,0.15103248730143617,489.91025954604129,
550,609.22474242577368,0.48166844333831177,609.70641086911201,19997,454,-0.0007661555642498475,-9.8364882991890877e-05,0.0001521078459276807,4.8953253883580678e-08,0.00026351627263131123,-0.47313016899381272,-0.079672262346711029,0.11035771659999552,0.024565654721434935,0.15127460301267173,491.28852877397725,
551,609.04496219295038,0.48300002081273141,609.52796221376309,19997,454,-0.00076583900780974172,-9.8226651526571915e-05,0.00015196285532304292,4.8863288994755849e-08,0.00026348463181076563,-0.47389595101000731,-0.079770488998237771,0.11050824988316568,0.024634603412633821,0.15151661191660712,492.66743364926378,
552,608.86564627282019,0.4843338706436271,609.34998014346377,19997,454,-0.00076552260327943219,-9.8088574402476172e-05,0.00015181798670509304,4.8773479299738311e-08,0.00026345287954636083,-0.47466141675739798,-0.079868577572639862,0.11065862871939718,0.024703583665020866,0.15175851408338317,494.0469697167523,
553,608.68679330362943,0.48566999148482132,609.1724632951142,19997,454,-0.00076520635075863833,-9.7950651504017072e-05,0.00015167324004313195,4.8683824588982869e-08,0.00026342101617154182,-0.47542656638799663,-0.079966528224144184,0.11080885325156459,0.02477259525636084,0.15200030958311542,495.42713253196047,
554,608.5084019277997,0.48700838199125096,608.99541030979094,19997,454,-0.00076489025034759091,-9.7812882715461575e-05,0.00015152861530626037,4.8594324653046357e-08,0.00026338904201858175,-0.47619140005391436,-0.080064341106859643,0.11095892362247346,0.024841637964950716,0.15224199848589409,496.80791766104937,
555,608.3304707919217,0.48834904081895647,608.8188198327407,19997,454,-0.00076457430214525485,-9.7675267921171118e-05,0.00015138411246352204,4.8504979282709574e-08,0.00026335695741915857,-0.47695591790736153,-0.080162016374780612,0.11110883997486577,0.024910711569618757,0.15248358086178401,498.18932068080551,
556,608.15299854671889,0.48969196662510522,608.64269051334395,19997,454,-0.00076425850625128663,-9.7537807005517395e-05,0.00015123973148367439,4.8415788268829788e-08,0.00026332476270416334,-0.47772012010064835,-0.080259554181786139,0.1112586024514169,0.024979815849724071,0.15272505678082446,499.57133717863172,
557,607.97598384704179,0.49103715806794462,608.4670210051097,19997,454,-0.00076394286276372113,-9.7400499852829181e-05,0.00015109547233544342,4.8326751402463572e-08,0.00026329245820408723,-0.47848400678618208,-0.080356954681639073,0.11140821119473594,0.025048950585155882,0.15296642631302915,500.9539627525325,
558,607.79942535187547,0.49238461380685022,608.29180996568232,19997,454,-0.00076362737178128969,-9.7263346347444736e-05,0.00015095133498729577,4.8237868474799603e-08,0.00026326004424825455,-0.47924757811646923,-0.080454218027986177,0.11155766634736694,0.025118115556332667,0.15320768952838612,502.33719301109699,
559,607.62332172430456,0.49373433250228949,608.11705605680686,19997,454,-0.00076331203340217083,-9.7126346373743128e-05,0.00015080731940764707,4.8149139277211144e-08,0.00026322752116540016,-0.48001083424411378,-0.080551344374360165,0.11170696805178734,0.025187310544201313,0.15344884649685767,503.72102357348206,
560,607.4476716315055,0.49508631281583315,607.94275794432133,19997,454,-0.00076299684772345952,-9.6989499815969756e-05,0.00015066342556459977,4.8060563601091921e-08,0.0002631948892832877,-0.48077377532181681,-0.080648333874176192,0.11185611645040713,0.025256535330236536,0.15368989728838023,505.10545006940049,
561,607.27247374473973,0.49644055341016174,607.76891429814987,19997,454,-0.00076268181484277016,-9.6852806558535387e-05,0.00015051965342624364,4.7972141238162348e-08,0.00026316214892966835,-0.48153640150237709,-0.080745186680734951,0.11200511168557198,0.02532578969644015,0.15393084197286439,506.49046813910655,
562,607.0977267393323,0.49779705294904569,607.59552379228137,19997,454,-0.00076236693485717095,-9.6716266485767698e-05,0.00015037600296042672,4.7883871980177258e-08,0.00026312930043075034,-0.48229871293868992,-0.080841902947220476,0.11215395389955961,0.02539507342533999,0.15417168062019465,507.87607343337447,
563,606.92342929466804,0.49915581009735627,607.4225851047654,19997,454,-0.00076205220786300354,-9.6579879481967205e-05,0.00015023247413494025,4.779575561910751e-08,0.00026309634411273217,-0.48306070978374671,-0.080938482826702601,0.11230264323458142,0.025464386299989802,0.15441241330022948,509.26226161349604,
564,606.74958009417537,0.50051682352107441,607.2500969176964,19997,454,-0.00076173763395641901,-9.644364543149758e-05,0.0001500890669172833,4.7707791947007355e-08,0.0002630632803000815,-0.48382239219063511,-0.08103492647213395,0.11245117983278287,0.025533728103967826,0.1546530400828014,510.64902835125253,
565,606.57617782530247,0.5018800918872669,607.07805791718977,19997,454,-0.00076142321323338245,-9.6307564218647008e-05,0.00014994578127487936,4.761998075611826e-08,0.00026303010931745128,-0.48458376031253853,-0.081131234036352765,0.11259956383624159,0.025603098621376649,0.15489356103771607,512.03636932891163,
566,606.40322117952792,0.50324561386409028,606.90646679339204,19997,454,-0.00076110894579003096,-9.6171635727808732e-05,0.00014980261717504286,4.7532321838855736e-08,0.00026299683148891297,-0.48534481430273579,-0.081227405672080463,0.11274779538696914,0.025672497636841721,0.15513397623475345,513.42428023919763,
567,606.23070885233119,0.5046133881208007,606.73532224045198,19997,454,-0.00076079483172034436,-9.603585984327591e-05,0.0001496595745848725,4.7444814987764268e-08,0.00026296344713643141,-0.48610555431460067,-0.081323441531924098,0.11289587462690871,0.025741924935511456,0.15537428574366688,514.81275678529357,
568,606.05863954317851,0.50598341332775953,606.56462295650624,19997,454,-0.00076048087112008948,-9.5900236449418503e-05,0.00014951665347124867,4.7357459995512379e-08,0.00026292995658273237,-0.48686598050160096,-0.081419341768373149,0.11304380169793789,0.025811380303055933,0.15561448963418323,516.20179468081562,
569,605.88701195552449,0.5073556881563992,606.39436764368088,19997,454,-0.00076016706408305577,-9.5764765430535713e-05,0.00014937385380106447,4.7270256654951552e-08,0.000262896360149202,-0.48762609301729959,-0.081515106533803311,0.11319157674186724,0.025880863525666167,0.1558545879760028,517.59138964979763,
570,605.71582479678068,0.50873021127925411,606.22455500805995,19997,454,-0.00075985341070411135,-9.5629446670917757e-05,0.00014923117554089572,4.7183204759058403e-08,0.00026286265815684314,-0.48838589201535304,-0.081610735980474663,0.1133391999004377,0.025950374390053883,0.15609458083879926,518.98153742668762,
571,605.54507677832839,0.51010698136994281,606.05518375969837,19997,454,-0.00075953991107632218,-9.5494280054981434e-05,0.00014908861865727696,4.7096304100998294e-08,0.0002628288509251307,-0.48914537764951155,-0.081706230260529589,0.11348667131532533,0.026019912683449862,0.15633446829221961,520.37223375631379,
572,605.37476661547817,0.51148599710317288,605.8862526125813,19997,454,-0.00075922656529383648,-9.5359265466984664e-05,0.00014894618311652794,4.7009554474038944e-08,0.00026279493877335176,-0.48990455007361833,-0.081801589525996518,0.11363399112813635,0.026089478193604285,0.15657425040588399,521.76347439389212,
573,605.20489302747956,0.51286725715473713,605.71776028463432,19997,454,-0.0007589133734490016,-9.5224402791326519e-05,0.0001488038688848474,4.6922955671644676e-08,0.00026276092202060441,-0.49066340944160952,-0.081896813928787643,0.11378115948041148,0.026159070708784812,0.15681392724938573,523.15525510498742,
574,605.03545473749386,0.51425076020151372,605.54970549769541,19997,454,-0.00075860033563452886,-9.5089691912262738e-05,0.00014866167592827111,4.6836507487400919e-08,0.00026272680098427296,-0.49142195590751359,-0.081991903620700413,0.11392817651362136,0.026228690017776911,0.15705349889229117,524.54757166552042,
575,604.8664504725939,0.51563650492147051,605.38208697751531,19997,454,-0.00075828745194331454,-9.4955132714194372e-05,0.00014851960421268036,4.6750209715057064e-08,0.00026269257598136728,-0.49218018962545174,-0.082086858753414385,0.11407504236917219,0.026298335909882658,0.15729296540413965,525.94041986174329,
576,604.69787896374646,0.51702448999365025,605.21490345374013,19997,454,-0.00075797472246681675,-9.4820725081430312e-05,0.00014837765370382728,4.666406214850406e-08,0.00026265824732890235,-0.4929381107496365,-0.082181679478495709,0.11422175718839821,0.026368008174919747,0.15753232685444341,527.33379549022004,
577,604.52973894578895,0.5184147140981813,605.04815365988713,19997,454,-0.00075766214729722377,-9.468646889830264e-05,0.00014823582436730319,4.6578064581813388e-08,0.00026262381534199522,-0.49369571943437196,-0.082276365947394139,0.11436832111256783,0.026437706603221204,0.15777158331268751,528.72769435782084,
578,604.36202915744434,0.5198071759162658,604.88183633336064,19997,454,-0.00075734972652528496,-9.4552364049150131e-05,0.00014809411616849711,4.6492216809136812e-08,0.00026258928033596226,-0.49445301583405338,-0.082370918311443012,0.11451473428288046,0.026507430985634378,0.15801073484832975,530.1221122817019,
579,604.19474834127845,0.52120187413019325,604.71595021540861,19997,454,-0.00075703746024212101,-9.4418410418316875e-05,0.0001479525290727343,4.6406518624860121e-08,0.00026255464262498715,-0.49521000010316663,-0.082465336721861515,0.11466099684046867,0.026577181113519956,0.15824978153080063,531.5170450892856,
580,604.02789524371588,0.52259880742332798,604.55049405113925,19997,454,-0.00075672534853832144,-9.4284607890140115e-05,0.00014781106304511849,4.6320969823466223e-08,0.00026251990252250282,-0.49596667239628806,-0.082559621329751531,0.11480710892639434,0.026646956778752329,0.15848872342950324,532.91248861826784,
581,603.86146861500265,0.52399797448010688,604.3854665894828,19997,454,-0.00075641339150467031,-9.4150956348963859e-05,0.00014766971805071119,4.6235570199638777e-08,0.00026248506034157507,-0.49672303286808445,-0.082653772286100921,0.11495307068165263,0.026716757773717154,0.15872756061381318,534.3084387165693,
582,603.69546720921471,0.52539937398605274,604.22086658320075,19997,454,-0.00075610158922996692,-9.4017455679135854e-05,0.00014752849405425764,4.615031954814309e-08,0.00026245011639433082,-0.49747908167331162,-0.082747789741779668,0.1150988822471694,0.026786583891312214,0.15896629315307853,535.70489124235303,
583,603.52988978422286,0.52680300462774765,604.05669278885057,19997,454,-0.00075578994180429762,-9.3884105764956917e-05,0.00014738739102049188,4.6065217663929533e-08,0.00026241507099177068,-0.49823481896681482,-0.082841673847544831,0.11524454376380197,0.026856434924945327,0.15920492111661971,537.10184206398162,
584,603.36473510171868,0.5282088650928517,603.89294396681157,19997,454,-0.00075547844931740551,-9.3750906490839737e-05,0.00014724640891397063,4.5980264342140884e-08,0.00026237992444548341,-0.49899024490352911,-0.082935424754035481,0.11539005537233923,0.026926310668534785,0.1594434445737295,538.4992870600272,
585,603.20000192715952,0.52961695407009901,603.72961888122961,19997,454,-0.00075516711185722818,-9.3617857741119622e-05,0.00014710554769907001,4.5895459378020943e-08,0.00026234467706479108,-0.4997453596384776,-0.083029042611776599,0.11553541721349919,0.026996210916507824,0.15968186359367303,539.89722211923993,
586,603.03568902979214,0.53102727024930052,603.56671630004143,19997,454,-0.00075485592951281624,-9.3484959400104013e-05,0.00014696480734001312,4.5810802566939866e-08,0.00026230932915941686,-0.50050016332677116,-0.083122527571176774,0.11568062942793432,0.027066135463800271,0.15992017824568708,541.29564314054164,
587,602.87179518261064,0.5324398123213212,603.40423499493193,19997,454,-0.00075454490237196676,-9.3352211352223073e-05,0.00014682418780097306,4.572629370453126e-08,0.00026227388103796252,-0.50125465612360998,-0.083215879782528673,0.11582569215622411,0.027136084105855662,0.16015838859898104,542.69454603300744,
588,602.70831916235625,0.53385457897810218,603.24217374133434,19997,454,-0.00075423403052249708,-9.3219613481723202e-05,0.00014668368904579882,4.5641932586413182e-08,0.00026223833300829117,-0.5020088381842801,-0.083309099396010736,0.11597060553888283,0.027206056638624434,0.16039649472273618,544.0939267158501,
589,602.54525974953322,0.5352715689126547,603.08053131844588,19997,454,-0.0007539233140520657,-9.3087165673047382e-05,0.00014654331103834849,4.5557719008507576e-08,0.00026220268537752818,-0.50276270966415648,-0.083402186561683717,0.11611536971635179,0.027276052858563282,0.16063449668610566,545.49378111840701,
590,602.38261572835404,0.53669078081905097,602.91930650917311,19997,454,-0.00075361275304744305,-9.2954867810552319e-05,0.00014640305374231496,4.5473652766834388e-08,0.00026216693845244399,-0.50351627071869987,-0.083495141429494241,0.11625998482900457,0.027346072562634122,0.16087239455821453,546.89410518011982,
591,602.22038588674013,0.5381122133924312,602.75849810013256,19997,454,-0.00075330234759615809,-9.2822719778581559e-05,0.00014626291712116818,4.5389733657532204e-08,0.00026213109253888359,-0.5042695215034585,-0.083587964149272748,0.11640445101714553,0.027416115548304674,0.16111018840815963,548.29489485054512,
592,602.05856901633751,0.53953586532898101,602.59810488166647,19997,454,-0.00075299209778375339,-9.2690721461530378e-05,0.00014612290113832753,4.5305961476954723e-08,0.00026209514794157946,-0.5050224621740661,-0.083680654870734381,0.11654876842100931,0.027486181613545321,0.16134787830500955,549.69614608929282,
593,601.89716391246793,0.54096173532598013,602.43812564779387,19997,454,-0.00075268200369598239,-9.2558872743728581e-05,0.00014598300575693082,4.5222336021512692e-08,0.00026205910496586172,-0.50577509288624223,-0.083773213743478112,0.11669293718075957,0.027556270556830725,0.16158546431780452,551.09785486605767,
594,601.73616937413613,0.54238982208174313,602.27855919621788,19997,454,-0.00075237206541954506,-9.2427173509557567e-05,0.00014584323094014089,4.513885708786623e-08,0.00026202296391481114,-0.50652741379579191,-0.083865640916987852,0.1168369574364912,0.02762638217713758,0.16182294651555637,552.50001716057443,
595,601.57558420401779,0.5438201242956564,602.11940432831341,19997,454,-0.00075206228303879158,-9.2295623643432614e-05,0.00014570357665086685,4.5055524472808144e-08,0.00026198672509172881,-0.50727942505860579,-0.083957936540631245,0.1169808293282299,0.027696516273944864,0.16206032496724845,553.90262896262334,
596,601.41540720845137,0.5452526406681556,601.96065984911957,19997,454,-0.00075175265663920206,-9.216422302971146e-05,0.00014556404285188127,4.4972337973220096e-08,0.00026195038879899902,-0.50803112683065854,-0.084050100763661359,0.11712455299593068,0.027766672647232173,0.16229759974183558,555.30568627199625,
597,601.25563719741649,0.54668736990074729,601.80232456731721,19997,454,-0.00075144318630574239,-9.2032971552828872e-05,0.00014542462950589713,4.4889297386219242e-08,0.00026191395533846915,-0.50878251926801055,-0.084142133735213828,0.11726812857947713,0.027836851097479569,0.16253477090824392,556.70918509849389,
598,601.09627298452506,0.54812431069597023,601.64439729522098,19997,454,-0.0007511338721219444,-9.1901869097083498e-05,0.00014528533657538319,4.4806402509002725e-08,0.00026187742501088341,-0.50953360252680535,-0.084234035604310892,0.11741155621868489,0.027907051425666969,0.16277183853537094,558.11312146191369,
599,600.93731338701491,0.54956346175745185,601.48687684877234,19997,454,-0.0007508247141722929,-9.1770915546926925e-05,0.00014514616402265323,4.4723653138970865e-08,0.00026184079811721018,-0.51028437676326999,-0.084325806519858146,0.1175548360532969,0.02797727343327298,0.16300880269208542,559.51749139202639,
600,600.77875722573413,0.55100482178984633,601.32976204752401,19997,454,-0.00075051571254039474,-9.1640110786738585e-05,0.00014500711180996399,4.4641049073628142e-08,0.00026180407495655927,-0.51103484213371597,-0.084417446630644336,0.11769796822298832,0.028047516922274321,0.16324566344722724,560.92229092856417,
601,600.62060332513624,0.55244838949887043,601.17305171463511,19997,454,-0.0007502068673087886,-9.1509454700967966e-05,0.00014486817989947109,4.455859011073317e-08,0.00026176725582788881,-0.51178499879453676,-0.084508956085345255,0.11784095286736126,0.028117781695145349,0.16348242086960743,562.32751612121183,
602,600.46285051325822,0.55389416359128152,601.0167446768495,19997,454,-0.00074989817856134402,-9.1378947173991588e-05,0.00014472936825303938,4.4476276048068203e-08,0.00026173034103000572,-0.51253484690220941,-0.084600335032519666,0.11798379012594906,0.02818806755485663,0.16371907502800809,563.73316302957778,
603,600.30549762172382,0.55534214277491079,600.86083976449868,19997,454,-0.0007495896463797602,-9.1248588090178027e-05,0.00014459067683243192,4.43941066836026e-08,0.00026169333086005297,-0.51328438661329268,-0.084691583620609426,0.11812648013821433,0.028258374304875156,0.16395562599118221,565.13922772319825,
604,600.14854348572067,0.55679232575861837,600.70533581147924,19997,454,-0.00074928127084670192,-9.1118377334037989e-05,0.00014445210559938608,4.4312081815561547e-08,0.00026165622561540426,-0.51403361808442749,-0.084782701997943424,0.11826902304354786,0.028328701749162667,0.16419207382785378,566.54570628150418,
605,599.99198694397865,0.55824471125231379,600.55023165523096,19997,454,-0.00074897305204377142,-9.0988314789871216e-05,0.0001443136545153228,4.4230201242130014e-08,0.00026161902559196105,-0.51478254147233682,-0.084873690312733605,0.11841141898126971,0.02839904969217619,0.16442841860671759,567.95259479383162,
606,599.83582683879445,0.55969929796695783,600.39552613676142,19997,454,-0.00074866499005261694,-9.0858400342219041e-05,0.00014417532354172539,4.4148464761842584e-08,0.00026158173108547925,-0.51553115693382434,-0.084964548713076099,0.1185536680906302,0.028469417938865295,0.16466466039643918,569.359889359367,
607,599.68006201598837,0.56115608461456468,600.24121810060296,19997,454,-0.00074835708495437877,-9.0728633875476741e-05,0.00014403711263976597,4.4066872173298778e-08,0.0002615443423910033,-0.51627946462577523,-0.085055277346951411,0.11869577051080657,0.028539806294673467,0.16490079926565485,570.76758608717466,
608,599.52469132490387,0.56261506990817178,600.087306394812,19997,454,-0.00074804933682987582,-9.0599015274079396e-05,0.00014389902177056526,4.3985423275238988e-08,0.00026150685980267795,-0.51702746470515537,-0.085145876362225453,0.11883772638090633,0.028610214565536005,0.16513683528297152,572.17568109615456,
609,599.36971361838687,0.56407625256187721,599.93378987094877,19997,454,-0.00074774174575942178,-9.0469544422447083e-05,0.00014376105089503708,4.3904117866541183e-08,0.00026146928361431629,-0.51777515732901003,-0.085236345906647734,0.11897953583996561,0.028680642557880016,0.16537276851696669,573.58417051504239,
610,599.21512775280917,0.56553963129082563,599.78066738409996,19997,454,-0.00074743431182319698,-9.0340221204995977e-05,0.0001436231999740141,4.3822955746257054e-08,0.00026143161411864625,-0.51852254265446551,-0.085326686127852672,0.11912119902694855,0.028751090078623372,0.16560859903618838,574.99305048238887,
611,599.06093258801025,0.56700520481119165,599.6279377928214,19997,454,-0.00074712703510069036,-9.0211045506316794e-05,0.00014348547246048981,4.3741936713682209e-08,0.00026139385160768954,-0.51926962083872652,-0.085416897173359041,0.1192627160807487,0.028821556935173773,0.16584432690915507,576.40231714654033,
612,598.90712698730681,0.56847297184017487,599.47559995914696,19997,454,-0.00074681991567200536,-9.0082017210782681e-05,0.00014334790368499705,4.3661060568116289e-08,0.00026135599637351891,-0.52001639203907846,-0.085506979190569821,0.11940408714018803,0.028892042935428779,0.16607995220435562,577.81196666564017,
613,598.75370981750302,0.5699429310960441,599.3236527485991,19997,454,-0.00074651295361543993,-8.9953136202847311e-05,0.00014321051879742457,4.3580327109115729e-08,0.00026131804870693608,-0.52076285641288433,-0.085596932326772485,0.11954531234401528,0.02896254788777361,0.16631547499024921,579.22199520758443,
614,598.60067994885299,0.57141508129809204,599.17209503015113,19997,454,-0.00074620614901028113,-8.982440236700362e-05,0.00014307348629588379,4.3499736136313318e-08,0.00026128000889804096,-0.52150901411758599,-0.085686756729139724,0.1196863918309095,0.029033071601082514,0.16655089533526529,580.63239895004915,
615,598.44803625504551,0.57288942116663966,599.02092567621219,19997,454,-0.00074589950193438431,-8.9695815587714119e-05,0.00014293685216448966,4.3419287449544878e-08,0.00026124187723642223,-0.5222548653107042,-0.085776452544727239,0.11982732573947624,0.029103613884716023,0.16678621330780352,582.04317408043573,
616,598.29577761322003,0.57436594942306385,598.87014356264308,19997,454,-0.00074559301246640997,-8.9567375749536864e-05,0.00014280033656803045,4.3338980848857055e-08,0.00026120365401153444,-0.52300041014983678,-0.085866019920476863,0.11996811420825093,0.029174174548521368,0.16702142897623365,583.45431679587887,
617,598.14390290392862,0.57584466478975138,598.71974756871839,19997,454,-0.00074528668068321558,-8.9439082736864759e-05,0.00014266393946808298,4.3258816134274711e-08,0.00026116533951081323,-0.52374564879265928,-0.085955459003213955,0.12010875737569568,0.029244753402831641,0.16725654240889554,584.86582330322994,
618,597.9924110111449,0.57732556599014073,598.56973657713502,19997,454,-0.00074498050666302633,-8.9310936434256876e-05,0.00014252766082632407,4.3178793106147961e-08,0.00026112693402269657,-0.52449058139692428,-0.086044769939648033,0.12024925538020068,0.029315350258464608,0.16749155367409907,586.27768981903364,
619,597.84130082225852,0.57880865174868767,598.42010947400718,19997,454,-0.0007446744904818928,-8.9182936726181798e-05,0.00014239150060405231,4.3098911564885911e-08,0.00026108843783341734,-0.52523520812046121,-0.086133952876374098,0.12038960836008403,0.029385964926722439,0.16772646284012405,587.68991256952211,
620,597.69057122802974,0.58029392079089448,598.27086514882069,19997,454,-0.00074436863221723703,-8.9055083497192538e-05,0.0001422554622352579,4.3019171311121251e-08,0.00026104985122983484,-0.5259795291211764,-0.086223007959871312,0.12052981645359138,0.029456597219390628,0.16796126997522015,589.10248779059316,
621,597.54022112260941,0.58178137184327949,598.12200249445266,19997,454,-0.00074406293194505247,-8.8927376631821092e-05,0.00014211954656326908,4.2939572145569695e-08,0.00026101117449755021,-0.52672354455705173,-0.086311935336503359,0.12066987979889762,0.029527246948737724,0.16819597514760692,590.51541172780571,
622,597.3902494035276,0.5832710036333989,597.973520407161,19997,454,-0.00074375738974102716,-8.8799816014518084e-05,0.00014198378440492441,4.2860113869143281e-08,0.00026097240792128512,-0.52746725458614507,-0.086400735152517782,0.12080979853410281,0.029597913927514007,0.16843057842547363,591.92868063635262,
623,597.24065497166794,0.5847628148898284,597.82541778655775,19997,454,-0.00074345200568110405,-8.8672401529866465e-05,0.00014184837626196836,4.2780796282877643e-08,0.00026093355178563626,-0.52821065936658951,-0.086489407554047396,0.12094957279723484,0.029668597968951108,0.16866507987697929,593.34229078105318,
624,597.09143673126528,0.58625680434218197,597.67769353560743,19997,454,-0.00074314677984054986,-8.8545133062438767e-05,0.00014171449403065607,4.2701619188004397e-08,0.00026089460637432425,-0.52895375905659381,-0.086577952687110077,0.12108920272625048,0.029739298886761405,0.16889947957025253,594.75623843634128,
625,596.9425935899003,0.58775297072107946,597.53034656062141,19997,454,-0.00074284171229413768,-8.8418010496743333e-05,0.00014158395672963405,4.2622582385874306e-08,0.00026085557197019364,-0.52969655381444103,-0.086666370697606868,0.12122868845903269,0.029810016495137068,0.1691337775733916,596.17051988624621,
626,596.79412445848584,0.58925131275818887,597.383375771244,19997,454,-0.00074253680311634135,-8.8291033717339575e-05,0.00014145478329088168,4.2543685678003038e-08,0.00026081644885596865,-0.5304390437984885,-0.086754661731324179,0.12136803013339251,0.029880750608749267,0.16936797395446423,597.58513142437664,
627,596.64602825124484,0.59075182918618296,597.236780080431,19997,454,-0.00074223205238170878,-8.816420260881722e-05,0.00014132580589408539,4.246492886606908e-08,0.00026077723731293603,-0.53118122916716781,-0.086842825933932832,0.12150722788706593,0.029951501042747561,0.16960206878150763,599.00006935390843,
628,596.49830388571604,0.59225451873875334,597.09055840445478,19997,454,-0.00074192746016392419,-8.8037517055756281e-05,0.00014119697936403901,4.2386311751915333e-08,0.00026073793762264048,-0.53192311007898452,-0.086930863450988605,0.12164628185771861,0.030022267612759473,0.16983606212252844,600.41532998757668,
629,596.35095028273668,0.59375938015063345,596.94470966288736,19997,454,-0.00074162302653637342,-8.7910976942681866e-05,0.00014106825845624469,4.2307834137458522e-08,0.00026069855006538058,-0.53266468669251688,-0.087018774427931544,0.12178519218294119,0.030093050134889197,0.17006995404550262,601.83090964764904,
630,596.2039663664259,0.59526641215756693,596.79923277858347,19997,454,-0.00074131875157214461,-8.7784582154223467e-05,0.00014093964314997466,4.2229495824863616e-08,0.00026065907492115093,-0.53340595916641642,-0.08710655901008553,0.12192395900025195,0.03016384842571717,0.17030374461837547,603.24680466591769,
631,596.05735106419547,0.59677561349631048,596.65412667769181,19997,454,-0.00074101463534478396,-8.7658332575013718e-05,0.00014081113342427878,4.2151296616461387e-08,0.0002606195124687034,-0.53414692765940797,-0.08719421734266096,0.12206258244709628,0.030234662302299285,0.17053743390906145,604.6630113836834,
632,595.91110330671972,0.59828698290462878,596.50939028962432,19997,454,-0.00074071067792603335,-8.753222808960466e-05,0.00014068272925801047,4.2073236314613466e-08,0.00026057986298723949,-0.53488759233028771,-0.08728174957075012,0.12220106266084638,0.030305491582166319,0.17077102198544425,606.07952615174418,
633,595.76522202792194,0.59980051912132981,596.36502254704328,19997,454,-0.00074040687938847305,-8.740626858266095e-05,0.00014055443062998136,4.1995314721994209e-08,0.00026054012675396949,-0.53562795333792457,-0.087369155839333093,0.12233939977879844,0.030376336083323203,0.17100450891537664,607.49634533038068,
634,595.61970616498411,0.60131622088622205,596.22102238587036,19997,454,-0.00074010323980363494,-8.7280453938734696e-05,0.00014042623751867061,4.1917531641272125e-08,0.00026050030404674372,-0.53636801084125851,-0.0874564362932716,0.12247759393817902,0.030447195624247907,0.17123789476668047,608.91346528933389,
635,595.47455465832331,0.60283408694012064,596.07738874526342,19997,454,-0.00073979975924313643,-8.715478404252589e-05,0.00014029814990259171,4.1839886875412508e-08,0.0002604603951418001,-0.53710776499930124,-0.087543591077314478,0.12261564527613833,0.030518070023891151,0.17147117960714658,610.33088240779909,
636,595.32976645158033,0.60435411602487543,595.93412056760519,19997,454,-0.00073949643777830489,-8.7029258778644844e-05,0.00014017016775996402,4.1762380227462362e-08,0.00026042040031545497,-0.53784721597113527,-0.087630620336092951,0.12275355392975337,0.03058895910167515,0.17170436350453497,611.74859307440136,
637,595.18534049162008,0.60587630688332494,595.79121679850346,19997,454,-0.00073919327547961045,-8.690387803176446e-05,0.00014004229106887186,4.1685011500601368e-08,0.00026038031984297887,-0.53858636391591375,-0.087717524214124584,0.12289132003602868,0.030659862677494102,0.17193744652657394,613.16659368720457,
638,595.04127572851235,0.60740065825933731,595.64867638677174,19997,454,-0.00073889027241723262,-8.6778641686530926e-05,0.00013991451980732551,4.1607780498261434e-08,0.00026034015399878493,-0.53932520899285985,-0.087804302855810923,0.12302894373189291,0.030730780571711622,0.17217042874096122,614.58488065366078,
639,594.89757111552399,0.60892716889777498,595.50649828442181,19997,454,-0.0007385874286620134,-8.6653549627637713e-05,0.00013978685395307238,4.1530687023887116e-08,0.00026029990305736854,-0.54006375136126716,-0.087890956405438592,0.1231664251542028,0.030801712605161773,0.17240331021536309,616.00345039063029,
640,594.75422560910738,0.61045583754452049,595.36468144665184,19997,454,-0.00073828474428356042,-8.6528601739746175e-05,0.00013965929348379517,4.1453730881225088e-08,0.0002602595672919957,-0.54080199118049888,-0.087977485007178724,0.12330376443974024,0.030872658599147167,0.17263609101741459,617.42229932434418,
641,594.61123816890517,0.61198666294646475,595.22322483185167,19997,454,-0.00073798221935100512,-8.6403797907542656e-05,0.00013953183837697692,4.1376911874089193e-08,0.00026021914697545406,-0.54153992860998679,-0.088063888805085783,0.12344096172521189,0.030943618375438849,0.17286877121471939,618.84142389040153,
642,594.46860775770097,0.61351964385149671,595.0821274015525,19997,454,-0.00073767985393357542,-8.6279138015764295e-05,0.00013940448860997156,4.1300229806485218e-08,0.00026017864238024276,-0.5422775638092322,-0.08815016794310164,0.12357801714725158,0.031014591756275207,0.17310135087484982,620.26082053374785,
643,594.32633334146567,0.61505477900852867,594.94138812047424,19997,454,-0.00073737764809907256,-8.6154621949073693e-05,0.00013927724415987875,4.1223684482489479e-08,0.00026013805377763478,-0.54301489693780436,-0.08823632256505072,0.1237149308424188,0.031085578564361824,0.17333383006534672,621.68048570867211,
644,594.18441388930569,0.61659206716744297,594.80100595647309,19997,454,-0.00073707560191768238,-8.6030249592231053e-05,0.00013915010500379623,4.1147275706468527e-08,0.00026009738143899165,-0.54375192815534124,-0.088322352814643193,0.12385170294719822,0.031156578622869777,0.17356620885371948,623.10041587877265,
645,594.04284837346131,0.61813150707916042,594.66097988054048,19997,454,-0.00073677371545607354,-8.5906020829902826e-05,0.0001390230711185624,4.1071003282836221e-08,0.00026005662563407801,-0.54448865762154919,-0.088408258835472986,0.12398833359800013,0.031227591755436285,0.1737984873074459,624.52060751697024,
646,593.90163576931013,0.6196730974955954,594.52130886680573,19997,454,-0.00073647198878254037,-8.57819355469385e-05,0.00013889614248094407,4.0994867016252694e-08,0.00026001578663293603,-0.54522508549620075,-0.08849404077101973,0.12412482293116089,0.031298617786162344,0.1740306654939722,625.94105710546069,
647,593.76077505534681,0.62121683716965481,594.38199189251645,19997,454,-0.00073617042196433323,-8.5657993627981174e-05,0.00013876931906742416,4.0918866711425561e-08,0.00025997486470495011,-0.5459612119391366,-0.088579698764647982,0.12426117108294071,0.03136965653961326,0.17426274348071294,627.3617611357256,
648,593.62026521316648,0.62276272485525541,594.24302793802178,19997,454,-0.0007358690150680462,-8.5534194957858042e-05,0.00013864260085448091,4.0843002173284972e-08,0.00025993386011809942,-0.54669703711026418,-0.088665232959605614,0.1243973781895262,0.031440707840817747,0.17449472133505098,628.78271610851414,
649,593.48010522747472,0.6243107593073004,594.10441598678199,19997,454,-0.00073556776816152355,-8.5410539421314498e-05,0.00013851598781835459,4.0767273206939646e-08,0.00025989277314045737,-0.54743256116955774,-0.088750643499026921,0.12453344438702996,0.031511771515266483,0.17472659912433741,630.20391853381443,
650,593.34029408606011,0.62586093928171438,593.96615502534178,19997,454,-0.00073526668130985092,-8.5287026903185299e-05,0.00013838947993518694,4.0691679617601459e-08,0.00025985160403906894,-0.5481677842770567,-0.088835930525930293,0.12466936981148873,0.031582847388912788,0.1749583769158915,631.62536493086679,
651,593.20083077979803,0.62741326353539706,593.82824404333337,19997,454,-0.00073496575457956059,-8.5163657288233618e-05,0.00013826307718094047,4.0616221210699378e-08,0.00025981035308088839,-0.54890270659286744,-0.088921094183218363,0.12480515459886463,0.031653935288169954,0.17519005477700064,633.04705182811097,
652,593.06171430262521,0.62896773082625412,593.69068203345148,19997,454,-0.0007346649880361453,-8.5040430461192704e-05,0.00013813677953133523,4.0540897791652493e-08,0.00025976902053184432,-0.54963732827716072,-0.089006134613679705,0.12494079888504281,0.031725035039912038,0.17542163277492034,634.46897576320089,
653,592.9229436515468,0.63052433991318368,593.55346799146002,19997,454,-0.00073436438174559276,-8.4917346306993119e-05,0.00013801058696211228,4.0465709166295758e-08,0.00025972760665721618,-0.55037164949017348,-0.089091051959986789,0.12507630280583729,0.031796146471472962,0.17565311097687414,635.89113328298777,
654,592.78451782661705,0.63208308955608195,593.41660091617314,19997,454,-0.00073406393577170499,-8.4794404710399215e-05,0.00013788449944878684,4.0390655140419706e-08,0.00025968611172163473,-0.55110567039220704,-0.089175846364696928,0.12521166649698365,0.03186726941064523,0.1758844894500535,637.31352094349393,
655,592.64643583092652,0.63364397851583909,593.28007980944233,19997,454,-0.00073376365018031347,-8.4671605556331522e-05,0.00013775851696667913,4.0315735520079586e-08,0.00025964453598964401,-0.55183939114362757,-0.089260517970253181,0.12534689009414285,0.031938403685679712,0.17611576826161784,638.7361353099086,
656,592.50869667061625,0.63520700555432386,593.14390367617057,19997,454,-0.00073346352503525481,-8.4548948729512842e-05,0.00013763263949097195,4.0240950111365046e-08,0.00025960287972458224,-0.5525728119048644,-0.089345066918982627,0.12548197373290201,0.032009549125284191,0.1763469474786945,640.1589729565585,
657,592.37129935481789,0.6367721694344266,593.00807152425227,19997,454,-0.00073316356040009948,-8.4426434114926943e-05,0.00013750686699685636,4.0166298720696143e-08,0.00025956114318914284,-0.55330593283641194,-0.089429493353097925,0.12561691754877133,0.032080705558623794,0.17657802716837859,641.58203046691722,
658,592.23424289571608,0.63833946891998683,592.87258236463606,19997,454,-0.00073286375633911183,-8.4304061597381707e-05,0.00013738119945907415,4.0091781154451831e-08,0.00025951932664630971,-0.55403875409882708,-0.089513797414695576,0.12575172167718637,0.032151872815319754,0.176809007397733,643.00530443357979,
659,592.09752630846674,0.63990890277586776,592.73743521124265,19997,454,-0.00073256411291513601,-8.4181831061810541e-05,0.00013725563685248809,4.0017397219342647e-08,0.00025947743035711776,-0.55477127585273034,-0.089597979245756895,0.12588638625350482,0.032223050725447747,0.17703988823378838,644.42879145822951,
660,591.96114861124033,0.64148046976790296,592.60262908100822,19997,454,-0.00073226463019152336,-8.4059742393046902e-05,0.0001371301791516627,3.9943146722106138e-08,0.00025943545458308154,-0.55550349825880529,-0.089682038988150081,0.12602091141301255,0.03229423911953877,0.17727066974354305,645.85248815165585,
661,591.82510882518545,0.64305416866291709,592.46816299384841,19997,454,-0.000731965308230399,-8.3937795476093897e-05,0.0001370048263311382,3.9869029469759983e-08,0.00025939339958470258,-0.55623542147779681,-0.089765976783626036,0.12615529729091696,0.03236543782857753,0.17750135199396291,647.27639113372197,
662,591.6894059744227,0.64462999822871825,592.33403597265146,19997,454,-0.00073166614709478434,-8.3815990195776485e-05,0.00013687957836513068,3.979504526932663e-08,0.00025935126562203116,-0.55696704567051336,-0.089849792773821768,0.12628954402235065,0.03243664668400191,0.17773193505198148,648.70049703335417,
663,591.55403908605149,0.64620795723411373,592.20024704328557,19997,454,-0.00073136714684589419,-8.3694326437159884e-05,0.0001367544352278988,3.9721193928140131e-08,0.00025930905295410735,-0.55769837099782404,-0.089933487100259404,0.12642365174237008,0.032507865517702003,0.1779624189844998,650.12480248852239,
664,591.41900719011551,0.64778804444887306,592.06679523456432,19997,454,-0.00073106830754565146,-8.3572804085080534e-05,0.00013662939689344092,3.9647475253583923e-08,0.00025926676183970934,-0.55842939762066024,-0.090017059904344165,0.12655762058595482,0.032579094162019658,0.1781928038583864,651.54930414623118,
665,591.28430931962293,0.64937025864376074,591.93367957826672,19997,454,-0.00073076962925514022,-8.3451423024557452e-05,0.00013650446333563437,3.9573889053220968e-08,0.00025922439253698036,-0.55916012570001361,-0.09010051132736889,0.12669145068800911,0.03265033244974784,0.17842308974047721,652.97399866250703,
666,591.14994451050211,0.65095459859052862,591.8008991090926,19997,454,-0.00073047111203557408,-8.3330183140545443e-05,0.00013637963452816989,3.9500435134785884e-08,0.00025918194530361754,-0.55989055539693711,-0.090183841510509219,0.12682514218336335,0.032721580214129894,0.17865327669757561,654.39888270238373,
667,591.01591180162791,0.65254106306190418,591.66845286468981,19997,454,-0.00073017275594733063,-8.3209084318035812e-05,0.00013625491044472502,3.9427113306198313e-08,0.00025913942039612723,-0.56062068687254452,-0.090267050594827244,0.12695869520676689,0.03279283728885854,0.17888336479645242,655.82395293988191,
668,590.88221023478718,0.65412965083157537,591.53633988561876,19997,454,-0.00072987456105130756,-8.308812644209898e-05,0.00013613029105870886,3.9353923375507204e-08,0.0002590968180713168,-0.56135052028800891,-0.090350138721269471,0.12709210989289779,0.032864103508075511,0.17911335410384521,657.24920605800219,
669,590.74883885468103,0.65572036067425343,591.40455921535533,19997,454,-0.00072957652740582182,-8.2967309397667365e-05,0.00013600577634337389,3.9280865150877942e-08,0.00025905413858480503,-0.56208005580456322,-0.090433106030667176,0.127225386376354,0.032935378706370408,0.1793432446864594,658.6746387487018,
670,590.61579670891297,0.65731319136557331,591.27310990027854,19997,454,-0.00072927865507242955,-8.2846633069753235e-05,0.00013588136627192408,3.9207938440661449e-08,0.0002590113821913979,-0.5628092935835004,-0.09051595266373684,0.12735852479165957,0.033006662718780722,0.17957303661096738,660.10024771289568,
671,590.48308284798236,0.65890814168219924,591.14199098966458,19997,454,-0.00072898094410913717,-8.2726097343500089e-05,0.00013575706081734513,3.9135143053437239e-08,0.00025896854914601863,-0.56353823378617185,-0.090598678761080256,0.12749152631111316,0.033077955380790225,0.1798027299440087,661.52602966042366,
672,590.3506963252737,0.66050521040174159,591.01120153567547,19997,454,-0.00072868339457486295,-8.2605702103903648e-05,0.00013563285995250884,3.906247879782162e-08,0.00025892563970259284,-0.56426687657398789,-0.090681284463184367,0.1276243938918693,0.033149256528328959,0.18003232475218997,662.95198131005088,
673,590.21863619703572,0.66210439630278639,590.88074059333849,19997,454,-0.00072838600652905684,-8.2485447236019615e-05,0.00013550876365013518,3.8989945482668066e-08,0.00025888265411423629,-0.5649952221084179,-0.090763769910420303,0.1277571238164541,0.033220565997772157,0.18026182110208491,664.37809938944542,
674,590.08690152240433,0.66370569816490277,590.75060722056924,19997,454,-0.00072808878002916951,-8.2365332624986679e-05,0.00013538477188281553,3.89175429169674e-08,0.00025883959263381422,-0.56572327055098837,-0.090846135243045356,0.12788971621906334,0.033291883625939885,0.18049121906023424,665.8043806351717,
675,589.95549136336012,0.66530911476863352,590.62080047812879,19997,454,-0.00072779171513337633,-8.2245358155840675e-05,0.0001352608846229599,3.8845270909842811e-08,0.00025879645551375545,-0.56645102206328402,-0.090928380601201619,0.1280221712338192,0.033363209250095366,0.18072051869314562,667.23082179265725,
676,589.82440478473768,0.6669146448954717,590.49131942963311,19997,454,-0.00072749481189921916,-8.2125523713753548e-05,0.00013513710184289701,3.8773129270641668e-08,0.00025875324300549731,-0.56717847680694733,-0.091010506124914958,0.12815448899476362,0.033434542707946054,0.18094972006729362,668.65741961621313,
677,589.6936408542058,0.66852228732792052,590.36216314153376,19997,454,-0.00072719807038399342,-8.2005829183848385e-05,0.00013501342351474082,3.8701117808804601e-08,0.00025870995536004371,-0.56790563494367685,-0.091092511954099023,0.12828666963586557,0.033505883837640776,0.18117882324911971,670.08417086897794,
678,589.56319864227021,0.6701320408494188,590.23333068311968,19997,454,-0.00072690149064455836,-8.1886274451214083e-05,0.00013488984961050935,3.8629236333918001e-08,0.00025866659282778107,-0.56863249663522875,-0.091174398228549822,0.12841871329101337,0.033577232477771106,0.18140782830503219,671.5110723229443,
679,589.433077222257,0.67174390424439157,590.10482112650141,19997,454,-0.00072660507273752885,-8.1766859401008612e-05,0.00013476638010206108,3.8557484655755161e-08,0.00025862315565847903,-0.56935906204341569,-0.091256165087950938,0.12855062009402049,0.033648588467368692,0.18163673530140612,672.93812075890651,
680,589.30327567030804,0.67335787629822119,589.97663354660631,19997,454,-0.00072630881671888951,-8.1647583918524494e-05,0.0001346430149611949,3.8485862584345869e-08,0.0002585796441016636,-0.57008533133010586,-0.091337812671869606,0.12868239017862176,0.033719951645906403,0.18186554430458332,674.36531296648218,
681,589.17379306536577,0.67497395579727182,589.8487670211631,19997,454,-0.00072601272264536103,-8.152844788884729e-05,0.00013451975415940511,3.8414369929707357e-08,0.00025853605840606072,-0.57081130465722352,-0.091419341119758371,0.12881402367847689,0.033791321853295982,0.18209425538087229,675.79264574406636,
682,589.04462848917501,0.6765921415288676,589.7212206307039,19997,454,-0.00072571679057166591,-8.1409451197164733e-05,0.00013439659766819752,3.8343006502079352e-08,0.00025849239881959815,-0.57153698218674831,-0.091500750570955539,0.12894552072716595,0.033862698929888517,0.18232286859654817,677.2201158988405,
683,588.91578102626386,0.67821243228128247,589.59399345854513,19997,454,-0.00072542102055346276,-8.1290593728709944e-05,0.00013427354545883104,3.8271772111901854e-08,0.00025844866558977762,-0.57226236408071485,-0.091582041164684172,0.12907688145819304,0.033934082716473309,0.18255138401785273,678.64772024674971,
684,588.78724976394096,0.67983482684377949,589.46708459078479,19997,454,-0.00072512541264480219,-8.1171875368753354e-05,0.00013415059750249795,3.8200666569729169e-08,0.00025840485896367634,-0.57298745050121236,-0.091663213040053051,0.12920810600498453,0.034005473054276848,0.18277980171099431,680.07545561248264,
685,588.65903379228166,0.68145932400656273,589.34049311628826,19997,454,-0.00072482996690204765,-8.1053296002504312e-05,0.00013402775377022901,3.8129689686287092e-08,0.00025836097918757663,-0.57371224161038525,-0.091744266336055355,0.12933919450088957,0.034076869784962709,0.18300812174214776,681.50331882946921,
686,588.53113220413297,0.68308592256082679,589.21421812669382,19997,454,-0.00072453468337760221,-8.0934855515233167e-05,0.00013390501423288866,3.8058841272455542e-08,0.00025831702650752403,-0.5744367375704309,-0.091825201191570893,0.12947014707917778,0.034148272750630114,0.18323634417745438,682.93130673985161,
687,588.40354409507859,0.68471462129869032,589.08825871637725,19997,454,-0.00072423956212638288,-8.0816553792228472e-05,0.00013378237886126345,3.7988121139284739e-08,0.00025827300116840131,-0.57516093854360106,-0.091906017745362958,0.12960096387304512,0.034219681793814419,0.18346446908302194,684.35941619449454,
688,588.27626856346728,0.68634541901327195,588.96261398248055,19997,454,-0.00072394460320189741,-8.069839071880363e-05,0.00013365984762597755,3.7917529098004698e-08,0.00025822890341522695,-0.57588484469220114,-0.091986716136081725,0.12973164501560547,0.034291096757485158,0.18369249652492459,685.78764405294567,
689,588.14930471036018,0.68797831449861135,588.83728302485883,19997,454,-0.00072364980665702908,-8.0580366180237233e-05,0.00013353742049744628,3.7847064959917288e-08,0.0002581847334916749,-0.57660845617858947,-0.092067296502262086,0.12986219063989929,0.034362517485045624,0.18392042656920285,687.21598718342739,
690,588.02265163956577,0.68961330654973652,588.71226494611551,19997,454,-0.00072335517254521603,-8.0462480061858365e-05,0.00013341509744599592,3.7776728536549315e-08,0.00025814049164174161,-0.57733177316517659,-0.092147758982323913,0.12999260087888428,0.034433943820332519,0.18414825928186351,688.64444246283006,
691,587.89630845760735,0.69125039396262011,588.58755885156995,19997,454,-0.00072306070091809644,-8.0344732249007687e-05,0.00013329287844187265,3.7706519639582353e-08,0.0002580961781080817,-0.57805479581442587,-0.092228103714573129,0.13012287586544377,0.034505375607615525,0.18437599472887967,690.07300677670287,
692,587.77027427370513,0.6928895755341824,588.46316384923932,19997,454,-0.00072276639182944423,-8.022712262705909e-05,0.00013317076345513649,3.763643808088364e-08,0.0002580517931331191,-0.57877752428885332,-0.092308330837199942,0.13025301573238302,0.034576812691595522,0.18460363297619059,691.50167701921885,
693,587.64454819979574,0.69453085006231197,588.33907904985801,19997,454,-0.0007224722453298498,-8.0109651081324395e-05,0.00013304875245560502,3.7566483672362649e-08,0.0002580073369588639,-0.579499958751026,-0.092388440488280807,0.13038302061242665,0.034648254917405127,0.18483117408970182,692.93045009318519,
694,587.51912935051109,0.69617421634586696,588.21530356685696,19997,454,-0.00072217826147165062,-7.9992317497388178e-05,0.00013292684541334687,3.7496656226349191e-08,0.00025796280982617333,-0.58022209936356273,-0.09246843280577853,0.13051289063822397,0.034719702130606801,0.18505861813528493,694.3593229100054,
695,587.39401684315476,0.69781967318463023,588.09183651633941,19997,454,-0.00072188444030557824,-7.987512176042015e-05,0.00013280504244104029,3.7426955554953286e-08,0.00025791821197604749,-0.58094394628913337,-0.092548307927539014,0.13064262594234363,0.03479115417719339,0.18528596517877771,695.78829238969058,
696,587.2692097977208,0.69946721937933942,587.96867701710016,19997,454,-0.00072159078188253802,-7.9758063755933805e-05,0.00013268337097334799,3.7357381470726954e-08,0.00025787354364870585,-0.58166549969045811,-0.092628065991295097,0.13077222665727931,0.034862610903586146,0.18551321528598394,697.21735546081936,
697,587.14470733685812,0.70111685373171395,587.84582419058984,19997,454,-0.00072129728625420044,-7.9641143369426118e-05,0.00013256186566091814,3.7287933786314626e-08,0.00025782880508340412,-0.5823867597303084,-0.092707707134664502,0.13090169291544268,0.034934072156635,0.18574036852267342,698.64650906054339,
698,587.02050858589178,0.70276857504437873,587.72327716093616,19997,454,-0.0007210039534696445,-7.9524360486271048e-05,0.00013244053996565105,3.7218612314471999e-08,0.00025778399651935931,-0.58310772657150567,-0.092787231495150654,0.13103102484916931,0.035005537783617549,0.18596742495458199,700.07575013456733,
699,586.8966126727878,0.7044223821209521,587.60103505490872,19997,454,-0.00072071078357911224,-7.9407714992020323e-05,0.00013231935116707257,3.7149416868189644e-08,0.00025773911819482675,-0.58382840037692019,-0.092866639210142612,0.13116022259071444,0.035077007632238096,0.18619438464741137,701.50507563712972,
700,586.77301872816156,0.70607827376598242,587.47909700192758,19997,454,-0.00072041777663243111,-7.929120677210692e-05,0.00013219827151477628,3.7080347260523737e-08,0.0002576941703480255,-0.58454878130947285,-0.092945930416914624,0.13128928627225842,0.035148481550627532,0.18642124766682922,702.93448253099996,
701,586.64972588525848,0.70773624878495678,587.35746213404343,19997,454,-0.00072012493267901349,-7.9174835712075847e-05,0.00013207729520943467,3.7011403304771493e-08,0.00025764915321584652,-0.58526886953213331,-0.093025105252626611,0.13141821602589804,0.035219959387341744,0.18664801407846904,704.36396778744756,
702,586.52673327995058,0.70939630598432091,587.23612958593492,19997,454,-0.00071983225176726307,-7.9058601697489401e-05,0.00013195642222049058,3.6942584814405749e-08,0.00025760406703551482,-0.5859886652079197,-0.093104163854324504,0.13154701198365526,0.035291440991361826,0.18687468394793019,705.79352838624516,
703,586.40404005074242,0.71105844417146924,587.11509849491392,19997,454,-0.00071953973394655853,-7.8942504613779368e-05,0.00013183565251695764,3.6873891602883619e-08,0.00025755891204311596,-0.58670816849989926,-0.093183106358938242,0.13167567427747151,0.035362926212092874,0.18710125734077779,707.22316131564537,
704,586.28164533873246,0.71272266215472702,586.99436800088722,19997,454,-0.00071924737926527284,-7.882654434656501e-05,0.00013171498606804726,3.6805323484039795e-08,0.00025751368847414815,-0.58742737957118718,-0.093261932903284855,0.13180420303920909,0.035434414899363428,0.18732773432254271,708.65286357236926,
705,586.15954828763188,0.7143889587433917,586.87393724637525,19997,454,-0.00071895518776977441,-7.8710720781464906e-05,0.00013159442284263904,3.6736880271773077e-08,0.00025746839656371054,-0.58814629858494549,-0.093340643624066286,0.13193259840065397,0.035505906903424693,0.18755411495872154,710.08263216159048,
706,586.03774804375053,0.71605733274766925,586.75380537649824,19997,454,-0.00071866315951000278,-7.8595033804112032e-05,0.00013147396280959963,3.6668561780186084e-08,0.00025742303654687133,-0.58886492570438553,-0.09341923865787044,0.13206086049350929,0.035577402074950297,0.18778039931477652,711.51246409693101,
707,585.91624375596507,0.71772778297872919,586.6339715389438,19997,454,-0.00071837129453170576,-7.8479483299983562e-05,0.00013135360593748174,3.6600367823399098e-08,0.00025737760865682626,-0.58958326109276449,-0.093497718141170055,0.13218898944940335,0.035648900265034457,0.18800658745613558,712.94235640042416,
708,585.79503457575743,0.71940030824867862,586.51443488400605,19997,454,-0.00071807959288261284,-7.836406915479811e-05,0.00013123335219489778,3.6532298215861332e-08,0.00025733211312748029,-0.59030130491338673,-0.093576082210325276,0.13231698539988257,0.035720401325192441,0.18823267944819216,714.37230610252368,
709,585.67411965716474,0.72107490737056956,586.39519456453536,19997,454,-0.00071778805460885121,-7.824879125421944e-05,0.00013111324821421413,3.6464352772130043e-08,0.00025728655019197419,-0.59101905732960325,-0.093654331001578953,0.13244484847641333,0.035791905107359738,0.18845867535630537,715.8023102420874,
710,585.55349815678483,0.7227515791583824,586.27624973594322,19997,454,-0.00071749667975733774,-7.8133649483899963e-05,0.00013099325099152673,3.6396531306887155e-08,0.0002572409200821326,-0.59173651850481146,-0.093732464651063413,0.13257257881038723,0.035863411463890452,0.18868457524579973,717.23236586634516,
711,585.43316923377984,0.72443032242704297,586.15759955620683,19997,454,-0.00071720546837378838,-7.801864372952186e-05,0.00013087335676740172,3.6328833634968876e-08,0.00025719522303049223,-0.59245368860245406,-0.093810483294792774,0.13270017653311153,0.03593492024755772,0.18891037918196532,718.66247003090689,
712,585.31313204985781,0.72611113599242338,586.03924318585018,19997,454,-0.0007169144205039121,-7.7903773876811363e-05,0.00013075356551001108,3.626125957145851e-08,0.00025714945926772474,-0.59317056778601984,-0.093888387068669782,0.13282764177581718,0.036006431311552199,0.18913608723005762,720.09261979973246,
713,585.19338576924861,0.72779401867131555,585.92117978791987,19997,454,-0.00071662353619301674,-7.7789039811501328e-05,0.0001306338771871997,3.6193808931526996e-08,0.00025710362902466271,-0.59388715621904231,-0.093966176108481014,0.13295497466965475,0.036077944509481985,0.18936169945529757,721.52281224513024,
714,585.07392955873866,0.72947896928145095,585.8034085280201,19997,454,-0.00071633281548620685,-7.7674441419315734e-05,0.00013051429176673198,3.6126481530479437e-08,0.00025705773253156491,-0.59460345406509996,-0.094043850549900609,0.13308217534569677,0.03614945969537111,0.18958721592287145,722.95304444772682,
715,584.95476258762187,0.73116598664151911,585.68592857426336,19997,454,-0.00071604225842859012,-7.7559978586046812e-05,0.00013039480921632311,3.605927718388238e-08,0.0002570117700184853,-0.59531946148781678,-0.094121410528486521,0.13320924393493405,0.036220976723660155,0.18981263669793089,724.38331349647945,
716,584.83588402770715,0.73285506957111068,585.56873909727824,19997,454,-0.0007157518650638678,-7.7445651197410666e-05,0.0001302754295033922,3.599219570732438e-08,0.00025696574171380209,-0.59603517865085942,-0.094198856179683293,0.13333618056827859,0.03629249544920387,0.19003796184559285,725.81361648862821,
717,584.71729305332155,0.7345462168907736,585.4518392702123,19997,454,-0.00071546163543634788,-7.7331459139266221e-05,0.00013015615259544657,3.5925236916693461e-08,0.00025691964784661119,-0.5967506057179397,-0.094276187638823075,0.1334629853765632,0.036364015727272284,0.19026319143093953,727.2439505297184,
718,584.59898884127642,0.73623942742196868,585.33522826869842,19997,454,-0.00071517156959034203,-7.7217402297418837e-05,0.00013003697845963147,3.5858400627936683e-08,0.00025687348864470317,-0.59746574285281273,-0.094353405041120442,0.13358965849054127,0.036435537413547936,0.19048832551901837,728.67431273354521,
719,584.4809705708949,0.73793469998710548,585.21890527088203,19997,454,-0.00071488166756896235,-7.7103480557782461e-05,0.00012991790706321131,3.5791686657262421e-08,0.00025682726433585193,-0.59818059021927683,-0.09443050852167835,0.13371620004088508,0.036507060364127798,0.190713364174842,730.10470022219181,
720,584.36323742396166,0.73963203340951578,585.10286945737118,19997,454,-0.00071459192941452179,-7.6989693806128303e-05,0.00012979893837314043,3.5725094820943797e-08,0.00025678097514671372,-0.59889514798117327,-0.094507498215484154,0.13384261015818935,0.03657858443551977,0.19093830746338822,731.53511012595993,
721,584.24578858475638,0.74133142651345574,584.98712001126989,19997,454,-0.00071430235517115127,-7.6876041928366595e-05,0.00012968007235627225,3.5658624935441139e-08,0.00025673462130374586,-0.59960941630238562,-0.094584374257412535,0.13396888897296702,0.036650109484644235,0.1911631554496,732.96553958340007,
722,584.12862324001844,0.74303287812413266,584.8716561181426,19997,454,-0.0007140129448803764,-7.6762524810427451e-05,0.00012956130897935647,3.5592276817393631e-08,0.00025668820303284144,-0.60032339534684065,-0.09466113678222339,0.13409503661564987,0.036721635368832162,0.19138790819838533,734.39598574127444,
723,584.01174057894309,0.74473638706765666,584.75647696601072,19997,454,-0.00071372369858433457,-7.6649142338138581e-05,0.00012944264820901995,3.5526050283560418e-08,0.00025664172055969763,-0.60103708527850608,-0.094737785924561488,0.13422105321659364,0.036793161945824535,0.19161256577461733,735.82644575454492,
724,583.89513979319395,0.74644195217107323,584.64158174536499,19997,454,-0.00071343461632557921,-7.6535894397545092e-05,0.00012932409001182002,3.5459945150969329e-08,0.00025659517410871397,-0.60175048626139205,-0.094814321818958838,0.13434693890606955,0.036864689073772029,0.19183712824313412,737.25691678636679,
725,583.77882007687344,0.74814957226236356,584.52696964913582,19997,454,-0.00071314569814465937,-7.6422780874580012e-05,0.00012920563435404325,3.5393961236683144e-08,0.00025654856390464758,-0.60246359845954978,-0.094890744599833238,0.13447269381427288,0.036936216611234314,0.19206159566873879,738.6873960080751,
726,583.66278062651372,0.74985924617041266,584.41263987268417,19997,454,-0.00071285694408335033,-7.6309801655194881e-05,0.00012908728120198905,3.5328098357978274e-08,0.00025650189017059426,-0.603176422037071,-0.09496705440148881,0.13459831807131464,0.037007744417178995,0.19228596811619941,740.11788059916273,
727,583.54702064109392,0.75157097272505125,584.29859161381899,19997,454,-0.00071256835418243231,-7.6196956625439901e-05,0.00012896903052175092,3.5262356332314679e-08,0.0002564551531303754,-0.6038889571580891,-0.095043251358114395,0.1347238118072295,0.037079272350981081,0.19251024565024902,741.54836774727062,
728,583.43153932200335,0.75328475075701884,584.18482407276042,19997,454,-0.00071227992848270241,-7.6084245671306281e-05,0.00012885088227934389,3.5196734977290721e-08,0.00025640835300652079,-0.60460120398677775,-0.09511933560378516,0.13484917515196848,0.037150800272422492,0.19273442833558549,742.97885464817739,
729,583.31633587305078,0.75500057909798968,584.07133645214878,19997,454,-0.0007119916670231556,-7.597166867882319e-05,0.00012873283644059189,3.5131234110618606e-08,0.0002563614900211874,-0.60531316268734969,-0.095195307272464502,0.13497440823540424,0.03722232804169099,0.19295851623687157,744.40933850577812,
730,583.20140950045106,0.75671845658055481,583.95812795703159,19997,454,-0.00071170356984523485,-7.5859225534065578e-05,0.0001286148929712746,3.5065853550268377e-08,0.00025631456439597651,-0.60602483342405833,-0.095271166497998244,0.13509951118732788,0.037293855519380158,0.19318250941873485,745.83981653208377,
731,583.08675941282786,0.75843838203821745,583.84519779486607,19997,454,-0.00071141563698777326,-7.5746916123188909e-05,0.00012849705183703994,3.5000593114339485e-08,0.00025626757635230206,-0.60673621636119612,-0.095346913414121368,0.13522448413745133,0.037365382566487623,0.19340640794576769,747.27028594718593,
732,582.97238482118655,0.76016035430540951,583.73254517549196,19997,454,-0.00071112786848962341,-7.5634740332218111e-05,0.00012837931300333039,3.4935452621038628e-08,0.00025622052611047564,-0.60744731166309474,-0.095422548154453973,0.13534932721540494,0.037436909044415392,0.19363021188252724,748.70074397926339,
733,582.85828493892905,0.76188437221748895,583.62016931114658,19997,454,-0.00071084026439067604,-7.5522698047249831e-05,0.00012826167643544239,3.4870431888738913e-08,0.00025617341389062219,-0.60815811949412457,-0.095498070852500921,0.13547404055073767,0.037508434814968586,0.1938539212935354,750.13118786455675,
734,582.74445898182648,0.76361043461070732,583.50806941643714,19997,454,-0.00071055282472861541,-7.541078915453699e-05,0.00012814414209872893,3.4805530736059796e-08,0.0002561262399125001,-0.60886864001869456,-0.095573481641655425,0.13559862427291999,0.037579959740355641,0.19407753624327873,751.56161484737243,
735,582.63090616802447,0.76533854032225579,583.39624470834667,19997,454,-0.00071026554954175972,-7.5299013540171925e-05,0.00012802670995830262,3.4740748981745562e-08,0.00025607900439531737,-0.60957887340125116,-0.09564878065519572,0.13572307851134097,0.037651483683185868,0.19430105679620849,752.99202218003416,
736,582.51762571803579,0.76706868819024299,583.28469440622598,19997,454,-0.00070997843886947255,-7.5187371090394074e-05,0.00012790937997916407,3.4676086444679135e-08,0.00025603170755681868,-0.61028881980628025,-0.09572396802628573,0.1358474033953054,0.037723006506470612,0.19452448301674052,754.42240712290572,
737,582.40461685472201,0.76880087705367395,583.17341773177566,19997,454,-0.00070969149274768915,-7.5075861691374079e-05,0.00012779215212613065,3.4611542943872079e-08,0.00025598434961621457,-0.61099847939830365,-0.095799043887977386,0.13597159905404477,0.037794528073621207,0.19474781496925536,755.85276694435049,
738,582.29187880330255,0.77053510575249529,583.06241390905507,19997,454,-0.00070940471121461147,-7.4964485229393377e-05,0.00012767502636399603,3.4547118298590671e-08,0.00025593693078979036,-0.61170785234188096,-0.095874008373206851,0.13609566561670106,0.037866048248449406,0.19497105271809806,757.28309892073969,
739,582.17941079132925,0.77227137312753824,582.95168216445677,19997,454,-0.00070911809430704797,-7.4853241590624347e-05,0.00012755800265736397,3.4482812328162823e-08,0.00025588945129566428,-0.61241693880160863,-0.095948861614797196,0.13621960321234086,0.037937566895165947,0.1951941963275782,758.71340033642377,
740,582.06721204869245,0.77400967802056975,582.841221726713,19997,454,-0.00070883164206163752,-7.4742130661460367e-05,0.00012744108097082393,3.4418624852206292e-08,0.00025584191134939952,-0.61312573894211952,-0.09602360374545886,0.13634341196994831,0.038009083878379993,0.19541724586196993,760.14366848372151,
741,581.9552818076113,0.77575001927424747,582.73103182688556,19997,454,-0.00070854535451505304,-7.4631152328089295e-05,0.00012732426126862279,3.435455569032264e-08,0.00025579431116729614,-0.61383425292808302,-0.096098234897786863,0.13646709201842674,0.038080599063098464,0.19564020138551186,761.57390066290623,
742,581.84361930262503,0.77749239573215767,582.62111169835714,19997,454,-0.00070825923170277669,-7.4520306476957932e-05,0.00012720754351518759,3.4290604662515606e-08,0.00025574665096511179,-0.61454248092420394,-0.096172755204263882,0.13659064348659722,0.038152112314725754,0.19586306296240702,763.00409418220033,
743,581.73222377058596,0.7792368062387901,582.51146057682479,19997,454,-0.00070797327366114483,-7.4409592994298697e-05,0.00012709092767454773,3.4226771588683765e-08,0.00025569893095715057,-0.61525042309522338,-0.0962471647972582,0.1367140665032005,0.038223623499062095,0.19608583065682295,764.43424635774284,
744,581.62109445064357,0.78098324963955135,582.40207770028314,19997,454,-0.00070768748042530731,-7.4299011766542277e-05,0.00012697441371075594,3.4163056289066991e-08,0.00025565115135845585,-0.6159580796059172,-0.09632146380902476,0.13683736119689718,0.038295132482304491,0.19630850453289148,765.86435451360751,
745,581.51023058425244,0.7827317247807466,582.29296230903321,19997,454,-0.00070740185203086207,-7.4188562680044894e-05,0.00012685800158772744,3.4099458584013733e-08,0.00025560331238261909,-0.61666545062109679,-0.09639565237170486,0.13696052769626391,0.038366639131043899,0.19653108465470887,767.29441598174697,
746,581.39963141516364,0.78448223050959109,582.18411364567328,19997,454,-0.00070711638851139941,-7.4078245621216892e-05,0.00012674169126922018,3.403597829402984e-08,0.00025555541424306002,-0.61737253630560684,-0.096469730617325916,0.13708356612979747,0.038438143312266471,0.1967535710863357,768.7244281020171,
747,581.28929618940106,0.78623476567421624,582.07553095507524,19997,454,-0.00070683108990301309,-7.3968060476519606e-05,0.00012662548271895048,3.3972615239837229e-08,0.00025550745715266244,-0.61807933682432847,-0.096543698677802187,0.13720647662591418,0.038509644893351742,0.19697596389179689,770.15438822214151,
748,581.17922415527119,0.78798932912364505,581.96721348439485,19997,454,-0.00070654595623814752,-7.3858007132391503e-05,0.00012650937590045607,3.390936924223994e-08,0.00025545944132395739,-0.61878585234217498,-0.096617556684935171,0.13732925931294807,0.038581143742072596,0.19719826313508157,771.58429369770988,
749,581.06941456335335,0.78974591970780872,581.85916048306115,19997,454,-0.00070626098755257542,-7.3748085475356962e-05,0.00012639337077714557,3.3846240122273211e-08,0.00025541136696894198,-0.61949208302409442,-0.096691304770410186,0.13745191431915108,0.038652639726593913,0.19742046888014317,773.01414189215166,
750,580.95986666648582,0.7915045362775559,581.75137120276338,19997,454,-0.00070597618387780586,-7.3638295391873765e-05,0.00012627746731229576,3.3783227701060988e-08,0.000255363234298716,-0.62019802903506782,-0.096764943065802009,0.13757444177269373,0.038724132715472627,0.19764258119089934,774.44393017673701,
751,580.85057971976175,0.79326517768462046,581.64384489744634,19997,454,-0.00070569154524868023,-7.3528636768537778e-05,0.00012616166546922716,3.3720331800016607e-08,0.00025531504352439437,-0.6209036905401093,-0.096838471702570622,0.13769684180166586,0.038795622577656244,0.19786460013123189,775.87365593054722,
752,580.74155298052892,0.79502784278165017,581.5365808233106,19997,454,-0.00070540707169741929,-7.3419109491761669e-05,0.00012604596521082316,3.3657552240525632e-08,0.00025526679485637932,-0.62160906770426616,-0.096911890812062751,0.13781911453407503,0.038867109182482977,0.19808652576498684,777.30331654047711,
753,580.63278570837156,0.79679253042219489,581.42957823879374,19997,454,-0.00070512276325691099,-7.3309713448226833e-05,0.00012593036650014277,3.3594888844283361e-08,0.00025521848850417915,-0.6223141606926178,-0.096985200525510781,0.13794126009784632,0.03893859239968054,0.19830835815597428,778.73290940121115,
754,580.52427716510647,0.79855923946070151,581.32283640456717,19997,454,-0.00070483861995844315,-7.3200448524530265e-05,0.00012581486930003831,3.3532341433155118e-08,0.00025517012467750279,-0.62301896967027526,-0.097058400974035203,0.1380632786208241,0.039010072099365543,0.19853009736796851,780.16243191521153,
755,580.41602661478919,0.80032796875251433,581.21635458354172,19997,454,-0.00070455464183542317,-7.3091314607259469e-05,0.00012569947357321987,3.3469909829089615e-08,0.00025512170358534973,-0.62372349480238254,-0.09713149228864279,0.13818517023077118,0.039081548152043087,0.19875174346470781,781.59188149270972,
756,580.30803332368191,0.80209871715388037,581.11013204083577,19997,454,-0.00070427082891821684,-7.2982311583078579e-05,0.00012558417928226968,3.3407593854257499e-08,0.00025507322543619269,-0.62442773625411385,-0.097204474600225299,0.13830693505536668,0.039153020428605634,0.19897329650989456,783.02125555168402,
757,580.20029656027668,0.80387148352194937,581.00416804379859,19997,454,-0.00070398718123951579,-7.2873439338635938e-05,0.00012546898638969711,3.3345393330924021e-08,0.0002550246904374338,-0.62513169419067605,-0.097277348039564254,0.13842857322221044,0.039224488800333149,0.19919475656719521,784.45055151786266,
758,580.09281559525812,0.80564626671476225,580.89846186197292,19997,454,-0.0007037036988289722,-7.2764697760659673e-05,0.00012535389485785527,3.3283308081620234e-08,0.00025497609879649759,-0.62583536877730594,-0.097350112737324662,0.13855008485881884,0.0392959531388909,0.19941612370024012,785.87976682467911,
759,579.98558970152408,0.80742306559125576,580.79301276711533,19997,454,-0.0007034203817183638,-7.2656086735812438e-05,0.00012523890464898567,3.3221337928924696e-08,0.00025492745072101304,-0.62653876017927101,-0.097422768824060688,0.13867147009262429,0.039367413316330174,0.1996373979726237,787.30889891328718,
760,579.87861815415476,0.80920187901126694,580.68782003316608,19997,454,-0.00070313722993766532,-7.2547606150858451e-05,0.00012512401572526642,3.3159482695677153e-08,0.000254878746416632,-0.62724186856186892,-0.097495316430211587,0.13879272905098072,0.039438869205088066,0.19985857944790444,788.73794523255629,
761,579.7719002304309,0.81098270583553589,580.5828829362664,19997,454,-0.00070285424351670641,-7.2439255892630113e-05,0.00012500922804875811,3.309774220486411e-08,0.00025482998608975898,-0.62794469409042808,-0.097567755686104402,0.13891386186115845,0.039510320677984448,0.20007966818960427,790.16690323901094,
762,579.66543520979803,0.81276554492566666,580.47820075472373,19997,454,-0.00070257142248600173,-7.2331035847814933e-05,0.00012489454158124997,3.3036116279541343e-08,0.00025478116994537004,-0.62864723693030578,-0.097640086721952207,0.13903486865034476,0.039581767608223635,0.20030066426120949,791.59577039686451,
763,579.55922237388131,0.81455039514418937,580.37377276902555,19997,454,-0.00070228876687426312,-7.2222945903264868e-05,0.00012477995628469782,3.2974604743087958e-08,0.00025473229818901273,-0.6293494972468886,-0.097712309667855379,0.13915574954564564,0.039653209869392379,0.20052156772617014,793.02454417797821,
764,579.45326100647981,0.81633725535451684,580.26959826183429,19997,454,-0.0007020062767106838,-7.2114985945896358e-05,0.00012466547212067628,3.2913207418922102e-08,0.00025468337102462732,-0.63005147520559224,-0.097784424653801133,0.13927650467408365,0.039724647335460238,0.20074237864790007,794.45322206186927,
765,579.34755039353672,0.81812612442094756,580.16567651795765,19997,454,-0.00070172395202535212,-7.2007155862472197e-05,0.00012455108905082171,3.2851924130683755e-08,0.00025463438865636436,-0.63075317097186212,-0.097856431809663663,0.13939713416260185,0.03979607988077772,0.20096309708977694,795.88180153567362,
766,579.24208982316304,0.81991700120866584,580.06200682437168,19997,454,-0.00070144179284531319,-7.1899455539927364e-05,0.00012443680703655015,3.2790754702139227e-08,0.00025458535128767759,-0.63145458471117055,-0.097928331265203269,0.13951763813805726,0.039867507380076501,0.20118372311514227,797.3102800941499,
767,579.13687858561502,0.82170988458377103,579.95858847019883,19997,454,-0.00070115979919892267,-7.1791884865129849e-05,0.00012432262603917819,3.2729698957214542e-08,0.00025453625912150646,-0.63215571658901837,-0.098000123150068577,0.13963801672722592,0.039938929708468483,0.20140425678730128,798.73865523966117,
768,579.03191597327418,0.82350477341322281,579.8554207466874,19997,454,-0.00070087797111544319,-7.1684443725044785e-05,0.00012420854601993196,3.266875672004657e-08,0.00025448711236045912,-0.63285656677093494,-0.0980718075937939,0.1397582700568028,0.040010346741444651,0.20162469816952297,800.16692448215156,
769,578.92720128067594,0.82530166656488779,579.75250294724083,19997,454,-0.00070059630862046138,-7.1577132006688332e-05,0.0001240945669400369,3.2607927814951121e-08,0.00025443791120663114,-0.63355713542247616,-0.098143384725800017,0.13987839825339729,0.040081758354875596,0.20184504732504005,801.59508533915709,
770,578.82273380446918,0.82710056290750977,579.64983436737668,19997,454,-0.00070031481174338622,-7.1469949596978893e-05,0.00012398068876041103,3.2547212066325408e-08,0.00025438865586142624,-0.63425742270922614,-0.098214854675397173,0.13999840144354006,0.040153164425009436,0.20206530431704892,803.02313533576375,
771,578.7185128434196,0.82890146131073061,579.5474143047303,19997,454,-0.00070003348050995352,-7.136289638295358e-05,0.00012386691144193685,3.2486609298779473e-08,0.00025433934652591936,-0.63495742879679484,-0.098286217571780618,0.14011827975367594,0.040224564828472011,0.20231392294203387,804.45107200461177,
772,578.6145376984166,0.83070436064506492,579.44524205906168,19997,454,-0.00069975231494722031,-7.125597225170053e-05,0.00012375323494546005,3.2426119337126793e-08,0.00025428998340085824,-0.63565715385081933,-0.098357473544032153,0.14023803331016815,0.040295959442266126,0.20256818092275478,805.8788928858803,
773,578.51080767245458,0.83250925978192514,579.34331693223646,19997,454,-0.00069947131508107496,-7.114917709026409e-05,0.00012363965923166482,3.2365742006282745e-08,0.0002542405666859386,-0.63635659803696254,-0.098428622721122294,0.14035766223929819,0.040367348143770541,0.20282238950907136,807.30659552726706,
774,578.40732207061978,0.83431615759359889,579.24163822821333,19997,454,-0.00069919048093831481,-7.1042510785669107e-05,0.0001235261842609992,3.2305477131302508e-08,0.00025419109658107492,-0.6370557615209137,-0.098499665231908173,0.1404771666672624,0.040438730810739745,0.20307654864755975,808.73417748398413,
775,578.30408020010418,0.83612505295325568,579.14020525305739,19997,454,-0.00069890981254456814,-7.0935973225123088e-05,0.00012341280999405877,3.224532453754107e-08,0.00025414157328549491,-0.63775464446838792,-0.098570601205133057,0.1405965467201771,0.040510107321302932,0.20333065828499572,810.16163631873735,
776,578.20108137017951,0.83793594473495236,579.03901731491442,19997,454,-0.0006986293099249146,-7.0829564295699275e-05,0.00012329953639105074,3.2185284050331602e-08,0.00025409199699773975,-0.63845324704512507,-0.09864143076942887,0.14071580252407259,0.040581477553963574,0.20358471836835335,811.58896960171751,
777,578.09832489219889,0.8397488318136298,578.9380737240125,19997,454,-0.00069834897310472744,-7.0723283884631575e-05,0.00012318643245178096,3.2125355495363762e-08,0.00025404236791584824,-0.63915156941689022,-0.09871215405331335,0.14083493420489995,0.040652841387598351,0.20383872884480547,813.01617491057948,
778,577.99581007959387,0.84156371306510513,578.83737379265892,19997,454,-0.00069806880210904448,-7.0617131879026083e-05,0.00012307380458985372,3.2065538698297875e-08,0.00025399268623771805,-0.63984961174947341,-0.098782771185192519,0.14095394188852409,0.040724198701456715,0.20409268966172217,814.44324983043282,
779,577.89353624785804,0.84338058736608912,578.73691683522418,19997,454,-0.00069778879696215195,-7.051110816622869e-05,0.00012296216669641831,3.2005833485154299e-08,0.00025394295216056518,-0.64054737420868857,-0.098853282293358768,0.14107282570072838,0.040795549375161326,0.20434660076667105,815.8701919538513,
780,577.79150271455114,0.84519945359414395,578.63670216814523,19997,454,-0.00069750895768842282,-7.0405212633432008e-05,0.00012285110525693521,3.1946239681995771e-08,0.00025389316588110442,-0.64124485696037437,-0.098923687505992078,0.14119158576721358,0.040866893288704818,0.20460046210741678,817.29699888080768,
781,577.68970879928906,0.84702031062773442,578.53672910991679,19997,454,-0.00069722928431168753,-7.0299445167881222e-05,0.00012274014101084602,3.1886757115041366e-08,0.00025384332759573273,-0.64194206017039268,-0.098993986951159949,0.14131022221359524,0.040938230322451544,0.2048542736319203,818.72366821870844,
782,577.58815382373018,0.84884315734619675,578.43699698107639,19997,454,-0.00069694977685544758,-7.019380565693591e-05,0.0001226292739227573,3.1827385610761482e-08,0.00025379343750016803,-0.64263898400462949,-0.099064180756816889,0.14142873516540844,0.041009560357136154,0.20510803528833804,820.15019758236599,
783,577.48683711157605,0.85066799262974158,578.33750510420577,19997,454,-0.00069667043534350596,-7.0088293987872983e-05,0.00012251850395701136,3.1768124995719215e-08,0.00025374349578981183,-0.64333562862899329,-0.099134269050804608,0.14154712474810327,0.041080883273862195,0.20536174702502216,821.5765845939701,
784,577.38575798857732,0.8524948153594597,578.2382528039368,19997,454,-0.00069639125979828508,-6.9982910048061657e-05,0.00012240783107795084,3.1708975096654815e-08,0.00025369350265974996,-0.64403199420941637,-0.099204251960852807,0.14166539108704676,0.041152198954102666,0.20561540879052001,823.00282688309926,
785,577.28491578250191,0.85432362441730847,578.13923940691927,19997,454,-0.00069611225024314427,-6.9877653724908714e-05,0.00012229725524976178,3.1649935740511372e-08,0.00025364345830385066,-0.64472808091185263,-0.099274129614577808,0.14178353430752411,0.04122350727969832,0.20586902053357284,824.42892208668673,
786,577.18430982313635,0.85615441868613962,578.04046424182252,19997,454,-0.00069583340670006282,-6.977252490587561e-05,0.00012218677643648592,3.1591006754388596e-08,0.00025359336291675268,-0.64542388890227886,-0.099343902139483548,0.14190155453473449,0.041294808132857325,0.20612258220311638,825.85486784901366,
787,577.08393944230261,0.85798719704965365,577.94192663935223,19997,454,-0.00069555472919132768,-6.9667523478245095e-05,0.00012207639460204824,3.153218796547597e-08,0.00025354321669115705,-0.64611941834669373,-0.099413569662962178,0.14201945189379589,0.041366101396155104,0.20637609374827984,827.28066182170596,
788,576.98380397382516,0.85982195839244513,577.84362593221761,19997,454,-0.00069527621773869241,-6.9562649329609025e-05,0.00012196610971041072,3.1473479201224182e-08,0.00025349301982089778,-0.64681466941111754,-0.0994831323122915,0.14213722650974339,0.041437386952533316,0.20662955511838527,828.70630166371382,
789,576.88390275352049,0.86165870159996349,577.74556145512042,19997,454,-0.00069499787236337418,-6.9457902347417241e-05,0.00012185592172518593,3.1414880289206412e-08,0.00025344277249823432,-0.64750964226159191,-0.099552590214638789,0.142254878507525,0.04150866468529861,0.20688296626294747,830.13178504128689,
790,576.78423511922233,0.8634974255585417,577.64773254478087,19997,454,-0.00069471969308690341,-6.9353282419245947e-05,0.00012174583061012124,3.1356391057205173e-08,0.00025339247491493687,-0.64820433706417924,-0.099621943497058302,0.14237240801200965,0.041579934478122887,0.20713632713167382,831.55710962797957,
791,576.68480041074758,0.86533812915538411,577.55013853990295,19997,454,-0.00069444167992985446,-6.9248789432547678e-05,0.00012163583632861347,3.129801133305759e-08,0.00025334212726300839,-0.64889875398496333,-0.099691192286490218,0.14248981514798087,0.041651196215042201,0.20738963767446267,832.98227310462892,
792,576.58559796989766,0.86718081127855384,577.45277878117622,19997,454,-0.00069416383291396656,-6.9144423274974221e-05,0.0001215259388441248,3.1239740944895154e-08,0.00025329172973342299,-0.64959289319004831,-0.099760336709765682,0.14260710004013658,0.041722449780456229,0.20764289784140386,834.40727315934407,
793,576.48662714046395,0.86902547081699844,577.3556526112809,19997,454,-0.0006938861520581186,-6.9040183834091114e-05,0.0001214161381199862,3.1181579720961016e-08,0.00025324128251720827,-0.65028675484555831,-0.099829376893599719,0.14272426281309372,0.04179369505912716,0.20789610758277827,835.83210748748411,
794,576.38788726820121,0.8708721066605114,577.25875937486171,19997,454,-0.00069360863738320044,-6.8936070997540385e-05,0.00012130643411927028,3.1123527489620334e-08,0.00025319078580418581,-0.65098033911763786,-0.099898312964597238,0.14284130359138553,0.041864931936179857,0.20814926684905707,837.25677379166098,
795,576.28937770083621,0.872720717699772,577.16209841853595,19997,454,-0.00069333128890830445,-6.8832084653040607e-05,0.00012119682680523467,3.1065584079536435e-08,0.000253140239784233,-0.65167364617244961,-0.099967145049250444,0.14295822249945925,0.041936160297100414,0.20840237559090072,838.68126978171119,
796,576.19109778806023,0.87457130282632534,577.06566909088656,19997,454,-0.00069305410665326589,-6.8728224688162129e-05,0.00012108731614066496,3.1007749319347804e-08,0.0002530896446469231,-0.65236667617617683,-0.10003587327393836,0.1430750214690098,0.042007380027736053,0.2086554337591594,840.10559317469335,
797,576.09304688151792,0.87642386093258218,576.96947074245054,19997,454,-0.00069277709063697123,-6.8624490990705503e-05,0.00012097790208848024,3.0950023038009935e-08,0.0002530390005811671,-0.6530594292950217,-0.10010449776492961,0.14319170065559139,0.042078591014294411,0.20890844130487271,841.52974169487391,
798,575.9952243347991,0.87827839091180826,576.87350272571086,19997,454,-0.00069250024087820386,-6.8520883448372998e-05,0.00012086858461149564,3.0892405064618036e-08,0.00025298830777503365,-0.65375190569520425,-0.10017301864837806,0.14330826001597535,0.04214979314334192,0.20916139817926818,842.9537130736951,
799,575.89762950344607,0.88013489165814118,576.77776439510421,19997,454,-0.00069222355739607662,-6.8417401948957793e-05,0.00012075936367223058,3.0834895228365331e-08,0.00025293756641683125,-0.65444410554296406,-0.10024143605032652,0.14342470294051568,0.042220986301805034,0.20941430433376154,844.37750504979886,
800,575.80026174492809,0.88199336206658796,576.68225510699472,19997,454,-0.00069194704020747423,-6.8314046380342448e-05,0.00012065023923340569,3.0777493358749337e-08,0.00025288677669384896,-0.65513602900455759,-0.10030975009670673,0.14354102779743511,0.042292170376967905,0.20966715971995603,845.80111536898119,
801,575.70312041865418,0.88385380103300193,576.58697421968714,19997,454,-0.00069167068933131167,-6.8210816630173801e-05,0.00012054121125722952,3.0720199285184036e-08,0.00025283593879325654,-0.65582767624625948,-0.10037796091333735,0.14365723965837199,0.042363345256472014,0.20991996428964213,847.22454178418377,
802,575.60620488596214,0.88571620745411694,576.49192109341629,19997,454,-0.00069139450478513406,-6.8107712586466197e-05,0.00012043227970614442,3.066301283755063e-08,0.00025278505290156692,-0.6565190474343624,-0.10044606862592372,0.14377333749647717,0.042434510828316424,0.21017271799479689,848.64778205550022,
803,575.50951451009178,0.88758058022750963,576.39709509031934,19997,454,-0.00069111848658617696,-6.8004734137109822e-05,0.00012032344454238804,3.0605933845729156e-08,0.00025273411920517563,-0.65721014273517564,-0.10051407336006073,0.14388932461325687,0.042505666980856012,0.21042542078758356,850.07083395013933,
804,575.41304865622146,0.88944691825163069,576.30249557447314,19997,454,-0.00069084263475072843,-6.7901881169900446e-05,0.0001202147057279681,3.0548962139737632e-08,0.00025268313788982284,-0.65790096231502504,-0.10058197524123061,0.14400519757133445,0.042576813602801883,0.21067807262035146,851.49369524243491,
805,575.31680669141042,0.89131522042579314,576.2081219118362,19997,454,-0.00069056694929690713,-6.7799153572891755e-05,0.00012010606322495476,3.0492097549878603e-08,0.00025263210914041435,-0.65859150634025421,-0.10064977439480309,0.14412095927277885,0.042647950583219643,0.21093067344563474,852.91636371380969,
806,575.22078798465122,0.89318548565015332,576.1139734703014,19997,454,-0.00069029143023996377,-6.7696551234007479e-05,0.00011999751699520727,3.0435339906494177e-08,0.00025258103314192224,-0.65928177497722196,-0.10071747094603714,0.1442366184519224,0.042719077811529338,0.21118322321615296,854.33883715277523,
807,575.12499190680273,0.89505771282574464,576.02004961962848,19997,454,-0.00069001607759698396,-6.7594074041250917e-05,0.00011988906700053961,3.0378689040204525e-08,0.0002525299100788456,-0.65997176839230354,-0.10078506502007864,0.14435218172405054,0.042790195177505035,0.21143572188480972,855.76111335492317,
808,575.02941783063034,0.89693190085443975,575.92634973148472,19997,454,-0.00068974089138282486,-6.7491721882746852e-05,0.00011978071320264382,3.0322144781771472e-08,0.0002524787401348527,-0.6606614867518904,-0.10085255674196124,0.14446764903765053,0.042861302571273276,0.21168816940469257,857.18319012289419,
809,574.9340651307748,0.89880804863897279,575.83287317941381,19997,454,-0.00068946587161311306,-6.7389494646451757e-05,0.00011967245556307008,3.0265706962042823e-08,0.00025242752349367994,-0.66135093022238811,-0.10091994623660773,0.1445830304662554,0.042932399883313689,0.21194056572907286,858.60506526639051,
810,574.83893318376818,0.90068615508295558,575.73961933885118,19997,454,-0.00068919101830360204,-6.7287392220523375e-05,0.00011956429404332109,3.0209375412139689e-08,0.0002523762603382353,-0.66204009897021832,-0.10098723362882869,0.14469836501278693,0.043003487004457122,0.21219291081140507,860.02673660213793,
811,574.74402136799995,0.90256621909082335,575.64658758709072,19997,454,-0.00068891633146974903,-6.7185414493029622e-05,0.00011945622860469533,3.0153149963256684e-08,0.00025232495085149612,-0.66272899316181766,-0.10105441904332185,0.14481367457090111,0.043074563825885599,0.21244520460532626,861.44820195388616,
812,574.64932906373315,0.90444823956787512,575.55377730330099,19997,454,-0.00068864181112456816,-6.7083561352198565e-05,0.00011934825920854145,3.0097030446852666e-08,0.00025227359521489583,-0.66341761296363644,-0.10112150260467356,0.1449289832242048,0.043145630239131795,0.21269744706465546,862.86945915239676,
813,574.55485565310278,0.90633221542028486,575.4611878685231,19997,454,-0.00068836745728334829,-6.6981832686164745e-05,0.00011924038581597222,3.0041016694467407e-08,0.00025222219361083648,-0.66410595854213961,-0.10118848443736,0.14504435130560964,0.043216686136078146,0.21294963814339382,864.2905060354268,
814,574.46060052007419,0.90821814555503744,575.36881866562919,19997,454,-0.00068809326996065786,-6.6880228383107073e-05,0.00011913260838800154,2.9985108537822685e-08,0.00025217074621999901,-0.66479403006380633,-0.10125536466574309,0.14515978322466677,0.043287731408956254,0.21320177779572361,865.71134044771611,
815,574.36656305048882,0.91010602888001579,575.27666907936884,19997,454,-0.00068781924916969529,-6.6778748331411774e-05,0.00011902492688573795,2.9929305808938935e-08,0.00025211925322367529,-0.66548182769512954,-0.10132214341407439,0.14527527432199622,0.043358765950345657,0.21345386597600802,867.13196024096283,
816,574.27274263200798,0.91199586430392388,575.18473849631187,19997,454,-0.00068754539492357834,-6.667739241916876e-05,0.00011891734126985237,2.9873608339726963e-08,0.00025206771480215629,-0.66616935160261426,-0.10138882080649356,0.14539078077688053,0.043429789653174421,0.21370590263879075,868.55236327383523,
817,574.17913865415358,0.91388765073632283,575.09302630488992,19997,454,-0.00068727170723599355,-6.6576160534850354e-05,0.00011880985150122819,2.981801596259451e-08,0.00025201613113509056,-0.6668566019527804,-0.10145539696702845,0.14550630530190173,0.043500802410718166,0.21395788773879543,869.97254741195263,
818,574.08575050826425,0.91578138708763202,575.00153189535183,19997,454,-0.000686998186119692,-6.647505256668274e-05,0.00011870245754039056,2.9762528509826178e-08,0.00025196450240238215,-0.66754357891215876,-0.10152187201959484,0.14562178592224531,0.043571804116597571,0.21420982123092538,871.39251052783482,
819,573.99257758751196,0.91767707226911299,574.91025465978112,19997,454,-0.00068672483158691694,-6.6374068403054242e-05,0.00011859515934796881,2.9707145814076009e-08,0.00025191282878293689,-0.66823028264729389,-0.101588246087998,0.14573720283255487,0.043642794664780625,0.21446170307026305,872.8122505009477,
820,573.8996192868874,0.91957470519287454,574.81919399208027,19997,454,-0.00068645164365113373,-6.6273207932404361e-05,0.00011848795688438277,2.9651867708062955e-08,0.00025186111045555869,-0.66891671332474278,-0.10165451929593042,0.14585253629378558,0.043713773949580051,0.21471353321206957,874.2317652176514,
821,573.80687500319527,0.92147428477186766,574.72834928796715,19997,454,-0.00068617862232314372,-6.6172471043122601e-05,0.0001183808501099538,2.9596694024714177e-08,0.00025180934759841411,-0.66960287111107319,-0.10172069176697339,0.14596776639734843,0.043784741865653135,0.21496531161178434,875.65105257119706,
822,573.71434413505881,0.92337580991990165,574.6377199449787,19997,454,-0.00068590576761497549,-6.6071857623697575e-05,0.00011827383898498246,2.9541624597107326e-08,0.00025175754038903264,-0.67028875617286487,-0.10178676362459758,0.14608289069112337,0.043855698308001824,0.21521703822502453,877.07011046172852,
823,573.62202608289272,0.92527927955163924,574.54730536244438,19997,454,-0.0006856330795379364,-6.5971367562588069e-05,0.00011816692346954242,2.9486659258500167e-08,0.00025170568900484538,-0.67097436867670901,-0.10185273499215976,0.1461979127496161,0.043926643171969974,0.21546871300758491,878.48893679622756,
824,573.52992024892296,0.92718469258256153,574.45710494150558,19997,454,-0.00068536055810370017,-6.5871000748358061e-05,0.00011806010352370009,2.9431797842311811e-08,0.00025165379362336409,-0.67165970878920822,-0.10191860599290829,0.14631282414439553,0.043997576353245534,0.21572033591543704,879.90752948855743,
825,573.43802603715312,0.92909204792901268,574.3671180850821,19997,454,-0.00068508820332300691,-6.5770757069514367e-05,0.00011795337910739116,2.937704018210924e-08,0.00025160185442021427,-0.67234477667697534,-0.10198437674997773,0.14642762242653942,0.044068497747857927,0.21597190690472914,881.32588645941064,
826,573.34634285339484,0.93100134450818006,574.27734419790306,19997,454,-0.00068481601520522964,-6.5670636414699124e-05,0.00011784675018045813,2.9322386111670468e-08,0.00025154987157199887,-0.6730295725066332,-0.1020500473863924,0.14654230743815255,0.044139407252177493,0.21622342593178534,882.74400563629763,
827,573.25487010522534,0.93291258123808873,574.18778268646338,19997,454,-0.00068454399376271255,-6.5570638672463518e-05,0.00011774021670260098,2.9267835464880631e-08,0.00025149784525415247,-0.67371409644481584,-0.10211561802506498,0.14665687854276122,0.044210304762916465,0.21647489295310621,884.16188495356641,
828,573.16360720200373,0.93482575703759785,574.09843295904136,19997,454,-0.00068427213900383382,-6.547076373147301e-05,0.00011763377863349742,2.9213388075858348e-08,0.00025144577564201545,-0.67439834865816661,-0.10218108878879616,0.14677133588055821,0.044281190177126083,0.21672630792536637,885.5795223523445,
829,573.07255355486177,0.93674087082643553,574.00929442568815,19997,454,-0.00068400045093885899,-6.5371011480433257e-05,0.00011752743593267685,2.9159043778859689e-08,0.0002513936629104766,-0.67508232931333834,-0.10224645980027683,0.1468856834437256,0.044352063392197674,0.21697767080541641,886.99691578056127,
830,572.98170857669493,0.93865792152514982,573.92036649822012,19997,454,-0.00068372892957690816,-6.5271381808062548e-05,0.00011742119577674451,2.9104802408314176e-08,0.00025134150723343909,-0.67576603857699347,-0.10231173118208486,0.14699991572823018,0.044422924305861124,0.21722898155028053,888.41406319291661,
831,572.8910716821606,0.94057690805512029,573.83164859021576,19997,454,-0.00068345757492747623,-6.5171874603067679e-05,0.00011731518809722639,2.9050663798810576e-08,0.00025128930878525038,-0.6764494766158029,-0.10237690305668795,0.14711403269769363,0.044493772816184982,0.21748024011715758,889.83096255088344,
832,572.80064228766423,0.94249782933859372,573.74314011700278,19997,454,-0.00068318638699956576,-6.5072489754285334e-05,0.00011720928693509103,2.899662778512072e-08,0.0002512370677394522,-0.67713264359644687,-0.10244197554644234,0.14722803446969324,0.0445646088215748,0.21773144646341963,891.24761182267446,
833,572.71041981137591,0.9444206842986379,573.65484049567453,19997,454,-0.0006829153658005965,-6.497322715042365e-05,0.00011710348074914886,2.8942694202145218e-08,0.00025118478426878229,-0.67781553968561359,-0.10250694877359275,0.14734192116172437,0.044635432220773021,0.21798260054661184,892.66400898323968,
834,572.62040367318764,0.94634547185915352,573.56674914504674,19997,454,-0.0006826445113398917,-6.4874086680422554e-05,0.00011699776949869723,2.8888862885014832e-08,0.00025113245854606792,-0.6784981650499996,-0.10257182286027279,0.14745569289120464,0.044706242912858761,0.21823370232445197,894.08015201426235,
835,572.53059329474945,0.94827219094488935,573.47886548569431,19997,454,-0.00068237382362497856,-6.4775068233065468e-05,0.00011689215314295157,2.8835133668986955e-08,0.0002510800907436906,-0.67918051985630901,-0.10263659792850639,0.14756934977547009,0.044777040797246828,0.21848475175483048,895.49603890413937,
836,572.44098809943534,0.95020084048143161,573.39118893991679,19997,454,-0.00068210330266398294,-6.4676171697341392e-05,0.00011678663164099074,2.8781506389503191e-08,0.00025102768103340932,-0.67986260427125422,-0.10270127410020378,0.14768289193177675,0.044847825773686387,0.21873574879580962,896.911667647954,
837,572.35158751235008,0.9521314193951832,573.30371893174527,19997,454,-0.00068183294846388897,-6.4577396962161874e-05,0.00011668120495183821,2.8727980882170608e-08,0.00025097522958654012,-0.680544418461554,-0.10276585149716569,0.14779631947730187,0.044918597742261986,0.21898669340562305,898.3270362474974,
838,572.26239096031327,0.95406392661340766,573.21645488692673,19997,454,-0.00068156276103184575,-6.4478743916467884e-05,0.00011657587303437801,2.8674556982735571e-08,0.00025092273657413425,-0.68122596259393475,-0.10283033024108192,0.1479096325291431,0.044989356603390498,0.21923758554267522,899.74214271120661,
839,572.17339787187393,0.95599836106418568,573.12939623293812,19997,454,-0.0006812927403745181,-6.4380212449282006e-05,0.00011647063584742285,2.8621234527151465e-08,0.00025087020216662392,-0.68190723683512933,-0.1028947104535312,0.14802283120431492,0.045060102257823281,0.21948842516554143,901.15698505420778,
840,572.08460767728752,0.95793472167644345,573.04254239896397,19997,454,-0.00068102288649895626,-6.4281802449654241e-05,0.0001163654933497553,2.8568013351558201e-08,0.00025081762653453521,-0.68258824135187701,-0.10295899225598149,0.1481359156197552,0.045130834606643584,0.21973921223296713,902.57156129826501,
841,571.99601980850343,0.95987300737993053,572.95589281588332,19997,454,-0.00068075319941085185,-6.4183513806606994e-05,0.00011626044549991945,2.8514893292211656e-08,0.00025076500984724191,-0.68326897631092331,-0.10302317576978752,0.14824888589231947,0.045201553551266059,0.21998994670386782,903.98586947176989,
842,571.90763369920023,0.96181321710521384,572.86944691630549,19997,454,-0.00068048367911650734,-6.408534640929042e-05,0.00011615549225645931,2.84618741855529e-08,0.00025071235227421343,-0.6839494418790194,-0.10308726111619701,0.14836174213878456,0.04527225899343703,0.22024062853732829,905.39990760974717,
843,571.81944878472473,0.9637553497837259,572.78320413450842,19997,454,-0.00068021432562174198,-6.3987300146816305e-05,0.00011605063357781914,2.8408955868207764e-08,0.00025065965398448183,-0.68462963822292244,-0.10315124841634389,0.14847448447584577,0.04534295083523366,0.22049125769260181,906.81367375383797,
844,571.73146450212812,0.96569940434771584,572.69716390647579,19997,454,-0.00067994513893167437,-6.3889374908376843e-05,0.00011594586942233885,2.8356138176968423e-08,0.00025060691514610793,-0.68530956550939437,-0.10321513779125194,0.14858711302011851,0.045413628979062572,0.22074183412911091,908.22716595227234,
845,571.64368029014645,0.96764537973025799,572.61132566987669,19997,454,-0.00067967611905115797,-6.3791570583170609e-05,0.0001158411997482507,2.8303420948777966e-08,0.00025055413592778536,-0.68598922390520245,-0.103278929361835,0.14869962788813781,0.045484293327659069,0.22099235780644569,909.64038225985371,
846,571.55609558919423,0.96959327486523861,572.52568886405948,19997,454,-0.00067940726598588678,-6.3693887060399271e-05,0.00011573662451374292,2.8250804020764447e-08,0.00025050131649688228,-0.68666861357711861,-0.10334262324889601,0.148812029196361,0.045554943784088753,0.22124282868436468,911.05332073799093,
847,571.46870984136126,0.97154308868741968,572.4402529300487,19997,454,-0.00067913857973953494,-6.3596324229386848e-05,0.00011563214367683942,2.8198287230246201e-08,0.0002504484570206891,-0.68734773469191923,-0.1034062195731249,0.14892431706116041,0.045625580251743916,0.22149324672279283,912.46597945462656,
848,571.38152249040832,0.97349482013232758,572.35501731054069,19997,454,-0.00067887006031705954,-6.3498881979323811e-05,0.00011552775719544433,2.8145870414613937e-08,0.00025039555766606327,-0.68802658741638467,-0.10346971845510454,0.14903649159883078,0.045696202634344429,0.22174361188182284,913.87835648425425,
849,571.29453298175281,0.97544846813638841,572.2699814498892,19997,454,-0.00067860170772183711,-6.3401560199722641e-05,0.00011542346502753359,2.8093553411590111e-08,0.00025034261859925209,-0.68870517191729952,-0.10353312001530418,0.14914855292558549,0.04576681083593756,0.22199392412171323,915.29044990791522,
850,571.20774076248813,0.97740403163679723,572.18514479412488,19997,454,-0.00067833352195787041,-6.3304358779795182e-05,0.00011531926713078305,2.8041336058891502e-08,0.00025028963998660538,-0.6893834883614518,-0.10359642437408392,0.14926050115755871,0.045837404760896171,0.2222441834028891,916.70225781316253,
851,571.12114528134748,0.9793615095715773,572.1005067909191,19997,454,-0.00067806550302890677,-6.3207277609021823e-05,0.00011521516346293602,2.7989218194529951e-08,0.00025023662199368733,-0.69006153691563255,-0.10365963165169297,0.14937233641080178,0.045907984313918369,0.22249438968594118,918.11377829405342,
852,571.03474598872072,0.98132090087961732,572.01606688960032,19997,454,-0.00067779765093755587,-6.3110316576802476e-05,0.00011511115398155136,2.7937199656628978e-08,0.00025018356478563223,-0.69073931774663633,-0.10372274196826965,0.14948405880128893,0.045978549400028018,0.22274454293162513,919.52500945116037,
853,570.94854233664228,0.98328220450059067,571.93182454114287,19997,454,-0.00067752996568705968,-6.3013475572674897e-05,0.00011500723864417187,2.7885280283544214e-08,0.00025013046852750162,-0.69141683102126017,-0.10378575544384235,0.1495956684449104,0.046049099924572512,0.22299464310086181,920.9359493915257,
854,570.86253377877847,0.98524541937502597,571.84777919815349,19997,454,-0.00067726244727952319,-6.291675448611534e-05,0.00011490341740818201,2.7833459913698608e-08,0.00025007733338321884,-0.69209407690630331,-0.1038486721983285,0.14970716545747673,0.046119635793223049,0.22324469015473683,922.34659622866775,
855,570.77671977043792,0.98721054444424416,571.76393031488215,19997,454,-0.00067699509571790334,-6.2820153206612515e-05,0.00011479969023085596,2.7781738385737024e-08,0.00025002415951752452,-0.69277105556856822,-0.10391149235153506,0.14981854995471941,0.046190156911973819,0.22349468405449899,923.75694808256435,
856,570.69109976855111,0.98917757865040612,571.68027734720147,19997,454,-0.00067672791100358302,-6.2723671623824171e-05,0.00011469605706948759,2.773011553851926e-08,0.00024997094709331216,-0.6934477671748579,-0.10397421602315886,0.14992982205228855,0.046260663187141719,0.22374462476156173,925.1670030796472,
857,570.60567323168789,0.99114652093647804,571.59681975262436,19997,454,-0.00067646089313946748,-6.2627309627279716e-05,0.0001145925178811431,2.7678591210966335e-08,0.00024991769627429375,-0.69412421189197837,-0.10403684333278632,0.15004098186575116,0.046331154525364592,0.22399451223750089,926.57675935276643,
858,570.52043962001653,0.99311737024628122,571.51355699026283,19997,454,-0.00067619404212577799,-6.2531067106705231e-05,0.00011448907262291659,2.7627165242294313e-08,0.00024986440722304763,-0.6948003898867362,-0.10409937439989306,0.15015202951059634,0.046401630833602332,0.22424434644405608,927.98621504121309,
859,570.435398395334,0.99509012552440668,571.43048852085838,19997,454,-0.00067592735796359485,-6.2434943951722904e-05,0.00011438572125170526,2.7575837471791246e-08,0.00024981108010190667,-0.69547630132593852,-0.10416180934384497,0.15026296510223119,0.046472092019134638,0.22449412734312876,929.39536829067367,
860,570.35054902103479,0.9970647857163103,571.34761380675116,19997,454,-0.00067566084065530678,-6.2338940052095735e-05,0.00011428246372444201,2.752460773897444e-08,0.00024975771507331325,-0.69615194637639488,-0.10422414828389696,0.15037378875598231,0.046542537989561705,0.22474385489678245,930.80421725324459,
861,570.26589096213161,0.99904134976822989,571.26493231189988,19997,454,-0.00067539449020006343,-6.224305529753621e-05,0.0001141792999978843,2.7473475883516317e-08,0.00024970431229840269,-0.69682732520491375,-0.10428639133919443,0.15048450058709609,0.046612968652802338,0.22499352906724288,932.21276008739392,
862,570.18142368522444,1.001019816627253,571.18244350185171,19997,454,-0.00067512830659899,-6.2147289577806666e-05,0.00011407623002863841,2.7422441745184614e-08,0.00024965087193877587,-0.69750243797830469,-0.10434853862877197,0.15059510071073609,0.046683383917094007,0.22524314981689644,933.62099495796303,
863,570.09714665851584,1.0030001852412638,571.1001468437571,19997,454,-0.00067486228985208182,-6.2051642782833517e-05,0.00011397325377339702,2.7371505164073097e-08,0.00024959739415490631,-0.69817728486337738,-0.10441059027155478,0.1507055892419861,0.046753783690992715,0.22549271710829066,935.0289200361633,
864,570.01305935179107,1.0049824545589763,571.01804180635008,19997,454,-0.0006745964399595399,-6.1956114802296021e-05,0.00011387037118859574,2.7320665980261263e-08,0.00024954387910755722,-0.69885186602694094,-0.10447254638635739,0.15081596629585026,0.046824167883371667,0.22574223090413351,936.43653349955002,
865,569.92916123642408,1.0069666235298991,570.93612785995401,19997,454,-0.00067433075691965337,-6.186070552629191e-05,0.00011376758223070813,2.7269924034198784e-08,0.00024949032695654295,-0.69952618163580349,-0.10453440709188365,0.15092623198724897,0.046894536403420152,0.22599169116729334,937.84383353199962,
866,569.84545178536723,1.0089526911043769,570.85440447647159,19997,454,-0.00067406524073258779,-6.1765414844590187e-05,0.0001136648868560037,2.7219279166292331e-08,0.00024943673786161568,-0.70020023185677271,-0.10459617250672827,0.15103638643102418,0.046964889160644584,0.22624109786079785,939.25081832373098,
867,569.76193047314064,1.0109406562335446,570.77287112937415,19997,454,-0.00067379989139749216,-6.1670242647226595e-05,0.00011356228502078601,2.7168731217309843e-08,0.000249383111981935,-0.70087401685665551,-0.10465784274937533,0.15114642974193418,0.047035226064866244,0.2264904509478339,940.65748607126,
868,569.67859677585284,1.0129305178694052,570.69152729372229,19997,454,-0.00067353470891283441,-6.1575188824199717e-05,0.00011345977668114062,2.7118280028040299e-08,0.00024932944947642213,-0.7015475368022569,-0.10471941793819983,0.15125636203465864,0.047105547026221509,0.22673975039174782,942.06383497740399,
869,569.59545017115124,1.014922274964684,570.61037244611589,19997,454,-0.00067326969327684554,-6.1480253265469903e-05,0.00011335736179315456,2.7067925439527127e-08,0.00024927575050358465,-0.70222079186038022,-0.10478089819146508,0.15136618342379454,0.047175851955161045,0.22698899615604398,943.46986325126579,
870,569.51249013826646,1.0169159264730059,570.52940606473942,19997,454,-0.00067300484448807967,-6.1385435861182998e-05,0.00011325504031284997,2.7017667292981077e-08,0.00024922201522116396,-0.70289378219782761,-0.10484228362732659,0.15147589402385761,0.047246140762449339,0.22723818820438502,944.87556910822434,
871,569.42971615797478,1.0189114713487535,570.44862762932348,19997,454,-0.00067274016254430117,-6.1290736501460247e-05,0.00011315281219611472,2.6967505429771244e-08,0.00024916824378754952,-0.70356650798139786,-0.10490357436382805,0.15158549394928536,0.047316413359163513,0.22748732650059139,946.2809507699111,
872,569.3471277126082,1.0209089085471501,570.3680366211554,19997,454,-0.00067247564744281666,-6.1196155076410157e-05,0.00011305067739865703,2.6917439691373484e-08,0.00024911443635948239,-0.70423896937788799,-0.10496477051890389,0.15169498331442899,0.047386669656693116,0.22773641100864092,947.68600646420566,
873,569.26472428602119,1.0229082370242042,570.28763252304543,19997,454,-0.00067221129918126107,-6.1101691476137684e-05,0.00011294863587629142,2.6867469919547169e-08,0.0002490605930938233,-0.70491116655409214,-0.10502587221038008,0.15180436223356317,0.047456909566740244,0.22798544169266835,949.09073442523811,
874,569.18250536364735,1.0249094557367553,570.2074148193841,19997,454,-0.00067194711775648099,-6.1007345590987767e-05,0.00011284668758463537,2.6817595956137334e-08,0.00024900671414755394,-0.70558309967680133,-0.10508687955597126,0.151913630820878,0.047527133001317459,0.22823441851696469,950.49513289334789,
875,569.10047043243026,1.0269125636424368,570.1273829960727,19997,454,-0.00067168310316587728,-6.0913117311133902e-05,0.00011274483247920241,2.6767817643203524e-08,0.00024895279967618745,-0.70625476891280337,-0.10514779267328225,0.15202278919048268,0.047597339872748029,0.22848334144597771,951.89920011508787,
876,569.01861898084962,1.0289175596997004,570.04753654054934,19997,454,-0.0006714192554051658,-6.0819006526944622e-05,0.00011264307051553887,2.6718134822988575e-08,0.00024889884983624202,-0.70692617442888239,-0.10520861167980974,0.15213183745640727,0.047667530093665332,0.2287322104443105,953.302934343213,
877,568.93695049891585,1.0309244428678024,569.96787494178363,19997,454,-0.00067115557447118221,-6.0725013128593487e-05,0.00011254140164889657,2.6668547337785556e-08,0.00024884486478241659,-0.70759731639181878,-0.10526933669293764,0.15224077573259934,0.047737703577011896,0.22898102547672206,954.70633383666086,
878,568.85546447816159,1.0329332121067851,569.88839769026833,19997,454,-0.00067089206035997535,-6.063113700652455e-05,0.00011243982583462155,2.6619055030210018e-08,0.00024879084467006315,-0.70826819496838889,-0.10532996782994425,0.15234960413292467,0.047807860236039237,0.229229786508126,956.10939686054871,
879,568.77416041163292,1.0349438663775354,569.80910427801041,19997,454,-0.00067062871306680855,-6.0537378051212622e-05,0.00011233834302799145,2.6569657743011249e-08,0.00024873678965359945,-0.70893881032536465,-0.10539050520799567,0.15245832277116586,0.047877999984306842,0.22947849350359076,957.51212168615257,
880,568.69303779388815,1.0369564046417141,569.72999419852988,19997,454,-0.00067036553258739532,-6.0443736152978606e-05,0.00011223695318401966,2.6520355319040203e-08,0.00024868269988739171,-0.70960916262951312,-0.10545094894414894,0.15256693176102851,0.0479481227356814,0.22972714642833883,958.9145065908923,
881,568.61209612099628,1.0389708258618009,569.65106694685812,19997,454,-0.00067010251891700095,-6.0350211202335456e-05,0.00011213565625778399,2.6471147601366036e-08,0.00024862857552522652,-0.71027925204759668,-0.10551129915535085,0.15267543121613195,0.048018228404337372,0.22997574524774717,960.31654985834314,
882,568.5313348905338,1.0409871290010682,569.57232201953491,19997,454,-0.00066983967204988458,-6.0256803089806801e-05,0.00011203445220428367,2.6422034433243678e-08,0.00024857441672048819,-0.71094907874637192,-0.10557155595844084,0.15278382125001677,0.048088316904754257,0.23022428992734537,961.71824977818039,
883,568.45075360156488,1.0430053130236032,569.49375891458851,19997,454,-0.00066957699198177175,-6.0163511705884831e-05,0.00011193334097831501,2.6373015658063294e-08,0.00024852022362633551,-0.71161864289259125,-0.10563171947014691,0.1528921019761425,0.048158388151718946,0.23047278043281699,963.11960464622723,
884,568.3703517546578,1.0450253768942974,569.41537713155208,19997,454,-0.00066931447870625536,-6.0070336941262671e-05,0.00011183232253477671,2.6324091119439362e-08,0.00024846599639552659,-0.71228794465300027,-0.10569178980708831,0.15300027350788376,0.048228442060321126,0.23072121672999807,964.52061276436223,
885,568.29012885187399,1.0470473195788257,569.33717617145282,19997,454,-0.00066905213221772337,-5.9977278686434076e-05,0.00011173139682823803,2.6275260661054819e-08,0.00024841173518042005,-0.71295698419433862,-0.1057517670857743,0.15310833595853798,0.048298478545956855,0.23096959878487677,965.92127244059111,
886,568.21008439673574,1.0490711400436683,569.25915553677942,19997,454,-0.00066878995250989814,-5.9884336832122793e-05,0.00011163056381339711,2.6226524126873291e-08,0.00024835744013262245,-0.71362576168334013,-0.10581165142260639,0.15321628944131713,0.04836849752432517,0.23121792656359361,967.32158198897912,
887,568.13021789427557,1.0510968372561535,569.18131473153176,19997,454,-0.00066852793957662389,-5.9791511268986807e-05,0.00011152982344478664,2.6177881360969148e-08,0.00024830311140404773,-0.71429427728673212,-0.10587144293387563,0.15332413406935469,0.04843849891142836,0.23146620003244048,968.72153972965577,
888,568.05052885098689,1.0531244101843222,569.10365326117119,19997,454,-0.00066826609341096488,-5.9698801887848051e-05,0.00011142917567690103,2.6129332207623179e-08,0.00024824874914568376,-0.71496253117123487,-0.10593114173576351,0.15343186995569813,0.048508482623571991,0.23171441915786045,970.12114398881624,
889,567.97101677483624,1.0551538577970772,569.02617063263335,19997,454,-0.00066800441400565965,-5.9606208579350472e-05,0.00011132862046401951,2.6080876511211787e-08,0.00024819435350865012,-0.71563052350356149,-0.10599074794434291,0.15353949721331819,0.048578448577362376,0.23196258390644778,971.52039309867018,
890,567.89168117525014,1.0571851790641162,568.9488663543143,19997,454,-0.0006677429013540253,-5.9513731234373885e-05,0.00011122815776052196,2.6032514116408846e-08,0.00024813992464296726,-0.71629825445041762,-0.10605026167557703,0.15364701595510019,0.048648396689708814,0.23221069424494717,972.91928539748653,
891,567.81252156313326,1.0592183729559086,568.87173993608917,19997,454,-0.00066748155544826436,-5.9421369743826348e-05,0.00011112778752062043,2.5984244867950708e-08,0.00024808546269914012,-0.71696572417850202,-0.10610968304532035,0.15375442629385089,0.048718326877819809,0.23245875014025297,974.31781922951836,
892,567.73353745083023,1.0612534384437438,568.79479088927394,19997,454,-0.0006672203762809329,-5.9329123998481127e-05,0.00011102750969845798,2.5936068610786058e-08,0.00024803096782657696,-0.71763293285450525,-0.10616901216931968,0.1538617283422917,0.048788239059205603,0.23270675155940995,975.7159929450529,
893,567.65472835215678,1.0632903744996769,568.71801872665651,19997,454,-0.0006669593638435864,-5.9236993889305959e-05,0.00011092732424800318,2.5887985190007442e-08,0.00024797644017464409,-0.71829988064510941,-0.10622824916320865,0.15396892221306385,0.048858133151674511,0.23295469846961209,977.11380490033855,
894,567.57609378235293,1.0653291800965992,568.6414229624495,19997,454,-0.00066669851812825272,-5.9144979307251389e-05,0.0001108272311233033,2.5839994450913301e-08,0.00024792187989249194,-0.71896656771698841,-0.10628739414251598,0.15407600801872753,0.048928009073335173,0.23320259083820194,978.51125345763012,
895,567.49763325813728,1.0673698542081769,568.56500311234549,19997,454,-0.0006664378391261855,-5.9053080143359626e-05,0.00011072723027825594,2.5792096238999572e-08,0.00024786728712870371,-0.71963299423680782,-0.10634644722265935,0.15418298587176008,0.048997866742594071,0.23345042863267129,979.90833698513882,
896,567.41934629763341,1.0694123958088619,568.48875869344226,19997,454,-0.00066617732682865876,-5.8961296288614371e-05,0.00011062732166660219,2.5744290399821119e-08,0.00024781266203094512,-0.72029916037122399,-0.10640540851894789,0.1542898558845569,0.049067706078154714,0.23369821182065953,981.30505385701611,
897,567.34123242042119,1.0714568038739243,568.41268922429515,19997,454,-0.0006659169812267431,-5.8869627634107807e-05,0.00011052750524214097,2.5696576779210691e-08,0.00024775800474789793,-0.72096506628688395,-0.10646427814658199,0.1543966181694312,0.049137526999019437,0.2339459403699547,982.70140245338973,
898,567.26329114750661,1.0735030773793823,568.33679422488603,19997,454,-0.00066565680231028216,-5.87780740709627e-05,0.0001104277809585371,2.5648955223161384e-08,0.00024770331542644982,-0.72163071215042518,-0.10652305622065288,0.15450327283861559,0.049207329424485802,0.23419361424849197,984.09738116029155,
899,567.18552200132171,1.0755512153020996,568.2610732166238,19997,454,-0.00066539679007130586,-5.8686635490364115e-05,0.0001103281487693263,2.560142557777213e-08,0.00024764859421415428,-0.72229609812847662,-0.10658174285614322,0.15460982000425885,0.049277113274147681,0.23444123342435361,985.49298836967944,
900,567.10792450571262,1.0776012166197013,568.18552572233227,19997,454,-0.00066513694449811458,-5.8595311783462875e-05,0.00011022860862801911,2.5553987689378014e-08,0.00024759384125729988,-0.72296122438765564,-0.10664033816792692,0.15471625977842959,0.049346878467894435,0.23468879786576896,986.88822247942085,
901,567.03049818596378,1.0796530803106006,568.11015126627433,19997,454,-0.00066487726558165543,-5.850410284147078e-05,0.00011012916048798065,2.5506641404434985e-08,0.00024753905670266672,-0.72362609109457032,-0.10669884227076809,0.15482259227311279,0.049416624925910375,0.23493630754111383,988.28308189328163,
902,566.95324256874915,1.0817068053540311,568.03494937410323,19997,454,-0.00066461775331130911,-5.8413008555709978e-05,0.00011002980430268537,2.5459386569640914e-08,0.00024748424069629874,-0.72429069841581806,-0.10675725527932396,0.15492881760021324,0.049486352568673758,0.23518376241890959,989.67756502090651,
903,566.87615718216512,1.0837623907299743,567.95991957289505,19997,454,-0.00066435840767648685,-5.8322028817445692e-05,0.00010993054002523717,2.541222303176866e-08,0.00024742939338332826,-0.72495504651798526,-0.10681557730814151,0.15503493587154948,0.049556061316956238,0.23543116246782406,991.07167027780781,
904,566.79924155571257,1.0858198354192261,567.88506139113179,19997,454,-0.00066409922866605975,-5.8231163518094856e-05,0.00010983136760895548,2.5365150637869841e-08,0.00024737451490973287,-0.72561913556764812,-0.1068738084716595,0.15514094719886365,0.049625751091822906,0.23567850765666953,992.46539608536625,
905,566.72249522029256,1.0878791384033675,567.81037435869598,19997,454,-0.00066384021626904723,-5.81404125489928e-05,0.00010973228806525248,2.5318169235078926e-08,0.0002473196054200545,-0.72628296573137041,-0.10693194888420821,0.15524685169381219,0.049695421814630776,0.23592579795440433,993.85874087080094,
906,566.64591770819447,1.0899402986647619,567.73585800685919,19997,454,-0.00066358137047392921,-5.804977580154206e-05,0.00010963330104185423,2.5271278670698705e-08,0.00024726466505897878,-0.72694653717570512,-0.10698999866001004,0.15535264946796939,0.049765073407028987,0.23617303333013073,995.25170306717268,
907,566.5695085531072,1.0920033151865811,567.66151186829381,19997,454,-0.00066332269126910895,-5.7959253167293761e-05,0.00010953440573624354,2.5224478792312311e-08,0.00024720969397063548,-0.72760985006719348,-0.10704795791317741,0.15545834063282851,0.049834705790957598,0.2364202137530951,996.64428111336099,
908,566.49326729010636,1.0940681869527427,567.58733547705913,19997,454,-0.00066306417864233746,-5.7868844537665924e-05,0.00010943560210119769,2.5177769447532122e-08,0.00024715469229894899,-0.72827290457236382,-0.10710582675771529,0.15556392529980101,0.049904318888647631,0.2366673391926884,998.03647345406398,
909,566.41719345564729,1.0961349129479825,567.51332836859524,19997,454,-0.00066280583258243641,-5.7778549804313027e-05,0.00010933689008962927,2.5131150484290935e-08,0.00024709966018763928,-0.72893570085773418,-0.10716360530751895,0.15566940358021517,0.049973912622619576,0.2369144096184444,999.42827853976894,
910,566.34128658757209,1.098203492157801,567.43949007972992,19997,454,-0.0006625476530750542,-5.768836885866683e-05,0.00010923826965414216,2.5084621750503505e-08,0.00024704459777934683,-0.72959823908980737,-0.10722129367637805,0.15577477558531624,0.050043486915683624,0.23716142500004078,1000.8196948267569,
911,566.26554622508024,1.1002739235684973,567.36582014864871,19997,454,-0.00066228964010943837,-5.7598301592494698e-05,0.0001091397407474883,2.5038183094470462e-08,0.00024698950521738554,-0.73026051943507531,-0.10727889197797064,0.1558800414262683,0.05011304169093915,0.23740838530729763,1002.2107207770921,
912,566.18997190876303,1.1023462061671674,567.29231811493014,19997,454,-0.00066203179367120351,-5.7508347897400272e-05,0.0001090413033222082,2.4991834364477996e-08,0.00024693438264381619,-0.73092254206001595,-0.10733640032586794,0.15598520121415393,0.050182576871772508,0.23765529051017736,1003.6013548585784,
913,566.11456318056594,1.1044203389416507,567.21898351950756,19997,454,-0.00066177411374750042,-5.7418507665057892e-05,0.00010894297711948118,2.4945575409097102e-08,0.00024687923020084881,-0.73158430713109424,-0.10739381883353263,0.15609025505997123,0.05025209238185914,0.23790214057878498,1004.9915955448009,
914,566.03931958379394,1.1064963208805978,567.14581590467458,19997,454,-0.00066151660032529405,-5.7328780787287625e-05,0.00010884487105518423,2.4899406077060103e-08,0.00024682404803031766,-0.73224581481476148,-0.1074511476143198,0.156195203074637,0.050321588145160821,0.23814893548336702,1006.3814413150712,
915,565.96424066312079,1.1085741509734544,567.07281481409427,19997,454,-0.00066125925339044446,-5.7239167155875688e-05,0.00010874706905015578,2.4853326217226108e-08,0.00024676883627350793,-0.73290706527745497,-0.10750838678147602,0.1563000453689867,0.050391064085925426,0.2383956751943114,1007.7708906544226,
916,565.88932596456789,1.1106538282103899,566.99997979277828,19997,454,-0.0006610020729287448,-5.7149666662565332e-05,0.00010864945704815145,2.4807335678626074e-08,0.00024671359507133067,-0.73356805868559838,-0.10756553644813857,0.15640478205377242,0.050460520128687299,0.23864235968214725,1009.1599420536173,
917,565.81457503550268,1.1127353515824174,566.92731038708507,19997,454,-0.00066074505892637909,-5.7060279199320875e-05,0.00010855297742837244,2.476143431051779e-08,0.00024665832456432422,-0.73422879520560047,-0.10762259672733791,0.156509413239663,0.050529956198265967,0.23888898891754407,1010.5485940091211,
918,565.739987424638,1.1148187200812953,566.8548061447193,19997,454,-0.00066048821136866214,-5.6971004657990045e-05,0.00010845756362619709,2.4715621962272848e-08,0.00024660302489335395,-0.73488927500385559,-0.10767956773199604,0.15661393903724649,0.050599372219764974,0.2391355628713121,1011.9368450230797,
919,565.66556268203999,1.1169039326995625,566.78246661473952,19997,454,-0.00066023153024084077,-5.6881842930539042e-05,0.0001083622369140522,2.4669898483460399e-08,0.00024654769619768989,-0.73554949824674365,-0.10773644957492647,0.1567183595570277,0.050668768118572814,0.23938208151440135,1013.3246936033377,
920,565.59130035909902,1.11899098843056,566.71029134752962,19997,454,-0.00065997501552717594,-5.6792793908949921e-05,0.00010826699724996775,2.4624263723828882e-08,0.00024649233861745575,-0.73620946510062824,-0.10779324236883575,0.15682267490942875,0.050738143820360647,0.23962854481790166,1014.7121382633926,
921,565.51720000853447,1.1210798862683757,566.63827989480285,19997,454,-0.00065971866721325069,-5.6703857485233774e-05,0.00010817184459178642,2.4578717533273097e-08,0.00024643695229170567,-0.73686917573185839,-0.10784994622632028,0.15692688520478945,0.050807499251083105,0.23987495275304216,1016.099177522411,
922,565.44326118441495,1.1231706252078937,566.56643180962283,19997,454,-0.00065946248528366577,-5.6615033551508982e-05,0.00010807677889736219,2.4533259761893866e-08,0.00024638153735947479,-0.73752863030676796,-0.10790656125987237,0.157030990553367,0.050876834336977164,0.24012130529119072,1017.4858099052063,
923,565.36948344211601,1.1252632042447717,566.4947466463608,19997,454,-0.00065920646972203391,-5.6526321999867776e-05,0.00010798180012442559,2.4487890259929893e-08,0.00024632609395908091,-0.73818782899167434,-0.10796308758187209,0.1571349910653369,0.050946149004560806,0.2403676024038541,1018.8720339422116,
924,565.29586633833947,1.1273576223754318,566.42322396071495,19997,454,-0.00065895062051225535,-5.6437722722452124e-05,0.00010788690823064929,2.444260887780893e-08,0.00024627062222882325,-0.73884677195287851,-0.1080195253045946,0.15723888685079054,0.051015443180634092,0.240613844062677,1020.2578481695012,
925,565.22240943110091,1.1294538785971053,566.35186330969805,19997,454,-0.00065869493763863864,-5.6349235611458002e-05,0.00010779210317360952,2.4397415466146881e-08,0.00024621512230663486,-0.73950545935666567,-0.10807587454020573,0.15734267801973884,0.051084716792276719,0.24086003023944241,1021.6432511287421,
926,565.14911227973721,1.1315519719077436,566.28066425164491,19997,454,-0.00065843942108427598,-5.6260860559145198e-05,0.00010769738491079133,2.4352309875672959e-08,0.00024615959433025751,-0.74016389136930405,-0.10813213540076527,0.15744636468210652,0.051153969766849133,0.24110616090607079,1023.0282413672159,
927,565.0759744448826,1.133651901306117,566.20962634618877,19997,454,-0.00065818407083220352,-5.6172597457771079e-05,0.00010760275339965255,2.4307291957367003e-08,0.00024610403843637005,-0.74082206815704499,-0.10818830799822249,0.15754994694774108,0.051223202031990871,0.24135223603461967,1024.4128174377854,
928,565.00299548848216,1.1357536657917515,566.13874915427391,19997,454,-0.00065792888686540274,-5.6084446199694489e-05,0.00010750820859749265,2.4262361562321935e-08,0.00024604845476233414,-0.74147998988612263,-0.10824439244442245,0.15765342492640247,0.051292413515619792,0.24159825559728337,1025.7969778988802,
929,564.93017497378037,1.1378572643649509,566.06803223814529,19997,454,-0.00065767386916680353,-5.59964066771627e-05,0.00010741375046159691,2.4217518541796827e-08,0.00024599284344427563,-0.742137656722754,-0.10830038885109963,0.15775679872776971,0.051361604145932757,0.24184421956639329,1027.1807213145091,
930,564.85751246532095,1.1399626960267819,565.99747516134778,19997,454,-0.00065741901771905085,-5.5908478782633285e-05,0.00010731937894914868,2.4172762747273246e-08,0.00024593720461848096,-0.74279506883313839,-0.10835629732988263,0.15786006846144038,0.051430773851403801,0.24209012791441639,1028.5640462542246,
931,564.78500752893592,1.1420699597790931,565.92707748871499,19997,454,-0.00065716433250346141,-5.5820662408645064e-05,0.00010722509401728418,2.4128094030388934e-08,0.00024588153842070129,-0.74345222638345687,-0.10841211799229132,0.15796323423692801,0.051499922560783916,0.24233598061395584,1029.9469512931175,
932,564.71265973174559,1.1441790546245012,565.85683878637008,19997,454,-0.00065690981350327831,-5.5732957447575244e-05,0.00010713089562300569,2.408351224292116e-08,0.00024582584498632594,-0.74410912953987307,-0.10846785094973881,0.15806629616366286,0.051569050203100923,0.24258177763775016,1031.3294350118153,
933,564.64046864215788,1.1462899795663914,565.78675862172429,19997,454,-0.00065665546069902127,-5.564536379201813e-05,0.00010703678372332084,2.403901723687465e-08,0.00024577012445073311,-0.74476577846853143,-0.10852349631353049,0.15816925435099405,0.051638156707657777,0.24282751895867341,1032.7114959964479,
934,564.56843382985858,1.1484027336089004,565.7168365634675,19997,454,-0.00065640127407290872,-5.5557881334486033e-05,0.00010694275827504144,2.3994608864351404e-08,0.00024571437694876681,-0.74542217333555827,-0.10857905419486531,0.15827210890818685,0.051707242004034308,0.24307320454973388,1034.0931328386821,
935,564.4965548658131,1.1505173157569839,565.64707218157002,19997,454,-0.00065614725360559816,-5.5470509967564619e-05,0.00010684881923497958,2.3950286977652301e-08,0.00024565860261456431,-0.74607831430706062,-0.10863452470483256,0.15837485994442371,0.0517763060220831,0.24331883438407489,1035.47434413564,
936,564.42483132225948,1.1526337250163037,565.57746504727584,19997,454,-0.00065589339927851916,-5.538324958401028e-05,0.00010675496655990406,2.3906051429322132e-08,0.00024560280158225412,-0.74673420154912706,-0.10868990795441652,0.15847750756880552,0.051845348691932143,0.24356440843497373,1036.8551284899509,
937,564.35326277270178,1.1547519603933407,565.50801473309514,19997,454,-0.00065563971107154102,-5.5296100076399886e-05,0.00010666120020641202,2.3861902071966382e-08,0.00024554697398578062,-0.74738983522782554,-0.10874520405449285,0.15858005189034882,0.05191436994398288,0.24380992667584159,1038.2354845097136,
938,564.28184879191485,1.1568720208953043,565.43872081281017,19997,454,-0.00065538618896635687,-5.5209061337589385e-05,0.00010656756949615433,2.3817838758447995e-08,0.0002454911199585589,-0.74804521550920589,-0.10880041311583064,0.15868249301798915,0.051983369708909231,0.24405538908022292,1039.6154108084756,
939,564.21058895592091,1.1589939055301968,565.36958286145114,19997,454,-0.00065513283294181784,-5.5122133260279444e-05,0.00010647426179409215,2.3773861341747023e-08,0.0002454352396338218,-0.74870034255929663,-0.10885553524909125,0.15878483106057692,0.052052347917657858,0.24430079562179535,1040.9949060052395,
940,564.13948284202024,1.1611176133067649,565.30060045532696,19997,454,-0.0006548796429793047,-5.5035315737288261e-05,0.00010638179500783163,2.3729969675039716e-08,0.00024537933314392602,-0.74935521654410753,-0.10891057056482802,0.15888706612688133,0.052121304501447106,0.24454614627436966,1042.3739687244406,
941,564.06853002874641,1.1632431432345371,565.23177317198099,19997,454,-0.00065462661905758758,-5.4948608661590045e-05,0.000106290673639552,2.368616361171843e-08,0.00024532340062139644,-0.75000983762962703,-0.10896551917349005,0.15898919832558828,0.052190239391767174,0.24479144101188877,1043.7525975959518,
942,563.99773009589512,1.1653704943238063,565.16310059021896,19997,454,-0.00065437376115633477,-5.4862011925933945e-05,0.00010619974601375821,2.3642443005222891e-08,0.00024526744219892539,-0.75066420598182348,-0.10902038118541608,0.15909122776530055,0.052259152520378015,0.24503667980842786,1045.1307912550399,
943,563.92708262450151,1.1674996655856127,565.09458229008715,19997,454,-0.00065412106925470811,-5.4775525423364739e-05,0.00010610889970619489,2.3598807709277094e-08,0.00024521145800781083,-0.75131832176664382,-0.10907515671083926,0.15919315455453925,0.052328043819310263,0.24528186263819396,1046.5085483423859,
944,563.85658719684784,1.1696306560317773,565.02621785287965,19997,454,-0.00065386854333171842,-5.4689149046899982e-05,0.00010601813468068646,2.355525757775946e-08,0.00024515544817917259,-0.75197218515001407,-0.10912984585988583,0.15929497880173901,0.052396913220863948,0.24552698947552568,1047.8858675040581,
945,563.78624339645035,1.1717634646748818,564.95800686112523,19997,454,-0.00065361618336646035,-5.4602882689464269e-05,0.00010592745090082033,2.351179246465584e-08,0.00024509941284464847,-0.75262579629783943,-0.10918444874257499,0.15939670061525649,0.05246576065760794,0.24577206029489237,1049.2627473915013,
946,563.71605080805989,1.1738980905282503,564.88994889858816,19997,454,-0.00065336398933670426,-5.4516726244236479e-05,0.00010583684833028499,2.3468412224230024e-08,0.00024504335213500482,-0.75327915537600276,-0.10923896546881991,0.15949832010336232,0.052534586062379963,0.24601707507089474,1050.639186661537,
947,563.64600901765766,1.1760345326059951,564.82204355026363,19997,454,-0.00065311196122171415,-5.4430679604323073e-05,0.00010574632693256811,2.3425116710841895e-08,0.00024498726618013816,-0.75393226255036572,-0.10929339614842407,0.15959983737424593,0.052603389368284521,0.24626203377826356,1052.0151839763221,
948,563.57611761245107,1.178172789922965,564.75429040237407,19997,454,-0.0006528600989981401,-5.4344742662902638e-05,0.00010565588667108625,2.3381905779024176e-08,0.00024493115511081155,-0.7545851179867672,-0.10934774089108661,0.15970125253601031,0.052672170508694764,0.24650693639185983,1053.3907380033866,
949,563.50637618087694,1.1803128614947855,564.68668904237177,19997,454,-0.00065260840264554218,-5.425891531312096e-05,0.00010556552750915925,2.3338779283497355e-08,0.00024487501905639918,-0.75523772185102489,-0.10940199980639999,0.15980256569667886,0.05274092941724981,0.24675178288667474,1054.7658474155789,
950,563.43678431257968,1.1824547463378305,564.61923905891751,19997,454,-0.00065235687213945168,-5.4173197448310473e-05,0.0001054752494101074,2.3295737079180704e-08,0.00024481885814662153,-0.7558900743089324,-0.10945617300384855,0.15990377696419139,0.052809666027854488,0.2469965732378285,1056.1405108910619,
951,563.36734159842763,1.1845984434692425,564.55194004189684,19997,454,-0.000652105507458315,-5.4087588961667026e-05,0.00010538505233704244,2.3252779021078113e-08,0.00024476267251033354,-0.75654217552626146,-0.1095102605928101,0.16000488644640412,0.052878380274679664,0.24724130742057079,1057.5147271133185,
952,563.29804763050151,1.1867439519069249,564.48479158240843,19997,454,-0.00065185430857902247,-5.4002089746674823e-05,0.00010529493625314391,2.3209904964520331e-08,0.00024470646227673764,-0.75719402566876071,-0.10956426268255684,0.16010589425109009,0.052947072092161082,0.24748598541028038,1058.8884947711294,
953,563.2289020020828,1.1888912706695138,564.41779327275231,19997,454,-0.00065160327547867682,-5.3916699696584055e-05,0.00010520490112136124,2.316711476483568e-08,0.00024465022757382498,-0.75784562490215568,-0.10961817938225332,0.16020680048593883,0.053015741414998582,0.24773060718246384,1060.2618125585566,
954,563.15990430766101,1.1910403987764409,564.35094470643742,19997,454,-0.00065135240813294054,-5.3831418704914022e-05,0.00010511494690466302,2.3124408277665877e-08,0.00024459396853010928,-0.75849697339214772,-0.10967201080095805,0.1603076052585585,0.05308438817815677,0.24797517271275657,1061.6346791749572,
955,563.09105414292731,1.1931913352478505,564.28424547817519,19997,454,-0.00065110170651875123,-5.3746246665035934e-05,0.00010502507356587756,2.3081785358707043e-08,0.00024453768527306824,-0.75914807130441486,-0.10972575704762332,0.16040830867647304,0.05315301231686205,0.24821968197692151,1063.0070933249242,
956,563.02235110476931,1.1953440791046623,564.21769518387396,19997,454,-0.00065085117061231966,-5.3661183470582483e-05,0.00010493528106778956,2.3039245863920611e-08,0.000244481377930876,-0.75979891880461115,-0.10977941823109402,0.16050891084712327,0.053221613766604586,0.24846413495084937,1064.3790537183252,
957,562.95379479126291,1.1974986293685828,564.15129342063153,19997,454,-0.00065060080038841471,-5.357622901505577e-05,0.00010484556937310139,2.2996789649405721e-08,0.00024442504662997976,-0.76044951605836564,-0.10983299446010862,0.16060941187786634,0.053290192463137161,0.24870853161055806,1065.7505590702801,
958,562.88538480168586,1.1996549850620217,564.08503978674787,19997,454,-0.00065035059582403676,-5.3491383191968587e-05,0.0001047559398614318,2.2954416571372406e-08,0.00024436869149769842,-0.76109986323128398,-0.10988648584330092,0.16070981187597905,0.053358748342471993,0.24895287193219229,1067.1216081010973,
959,562.81712073648737,1.2018131452081549,564.01893388169549,19997,454,-0.0006501005568941569,-5.3406645895169831e-05,0.00010466649871853911,2.2912126486363665e-08,0.00024431231266031707,-0.76174996048894705,-0.10993989248919613,0.16081011304141785,0.053427281340884633,0.24919715589202332,1068.4921995363518,
960,562.74900219730557,1.2039731088309502,563.95297530613652,19997,454,-0.00064985068357337281,-5.3322017018193504e-05,0.00010457739360017044,2.2869919250921271e-08,0.00024425591024412858,-0.76239980799690987,-0.10999321450621397,0.16091031399654462,0.053495791394909932,0.24944138346644887,1069.8623321068037,
961,562.68102878696004,1.2061348749550671,563.88716366191511,19997,454,-0.00064960097583674319,-5.3237496454833385e-05,0.00010448842951432402,2.2827794721851835e-08,0.00024419948437508671,-0.76304940592070281,-0.11004645200266917,0.1610104142419779,0.0535642784413424,0.24968555463199224,1071.2320045484066,
962,562.61320010943518,1.2082984426059651,563.82149855204113,19997,454,-0.00064935143365930969,-5.3153084098858456e-05,0.00010439954520273702,2.2785752756112007e-08,0.00024414303517880724,-0.76369875442583068,-0.11009960508676779,0.16111041388465208,0.053632742417236513,0.24992966936530303,1072.601215602313,
963,562.54551576990048,1.2104638108098371,563.75597958071035,19997,454,-0.00064910205701515565,-5.3068779844158028e-05,0.00010431074062894725,2.2743793210858263e-08,0.00024408656278056889,-0.76434785367777291,-0.11015267386661157,0.16121031303141964,0.053701183259905312,0.25017372764315521,1073.9699640148463,
964,562.47797537468318,1.2126309785936242,563.69060635327685,19997,454,-0.00064885284587823204,-5.2984583584467941e-05,0.0001042220157563301,2.2701915943329039e-08,0.00024403006730496803,-0.76499670384198226,-0.11020565845019652,0.16131011178904858,0.053769600906919922,0.25041772944244872,1075.3382485374916,
965,562.41057853127973,1.2147999449850104,563.6253784762647,19997,454,-0.00064860380022283611,-5.2900495213760784e-05,0.00010413337054823157,2.2660120811022444e-08,0.00024397354887730253,-0.76564530508388629,-0.11025855894541031,0.16140981026422324,0.053837995296108776,0.25066167474020756,1076.7060679268793,
966,562.34332484833953,1.2169707090124544,563.56029555735199,19997,454,-0.00064835492002254336,-5.2816514626061414e-05,0.00010404480496798029,2.2618407671614232e-08,0.0002439170076211525,-0.76629365756888557,-0.11031137546003641,0.16150940915432849,0.053906366365557859,0.25090556351358023,1078.0734209447917,
967,562.2762139356837,1.2191432697051561,563.49535720538881,19997,454,-0.0006481062052508021,-5.273264171532344e-05,0.00010395631897881751,2.2576776382902821e-08,0.0002438604436611466,-0.76694176146235415,-0.11036410810175143,0.16160891691406679,0.053974714053609561,0.25114939573983913,1079.4403063581376,
968,562.20924540426654,1.2213176260930307,563.43056303035962,19997,454,-0.00064785765588069573,-5.2648876375601816e-05,0.00010386791254378748,2.2535226802879021e-08,0.00024380385712054301,-0.76758961692963912,-0.11041675697812726,0.16170833258179049,0.05404303829886193,0.25139317139638079,1080.8067229389396,
969,562.14241886621426,1.223493777206786,563.3659126434211,19997,454,-0.00064760927188542352,-5.2565218500990063e-05,0.0001037795856259686,2.249375878971376e-08,0.00024374724812278539,-0.76823722413606055,-0.11046932219662808,0.16180766485710693,0.054111339040169092,0.25163689046072502,1082.1726694643417,
970,562.07573393477833,1.2256717220778617,563.30140565685622,19997,454,-0.00064736105323758106,-5.2481667985604135e-05,0.00010369133818832127,2.2452372201714343e-08,0.00024369061679133078,-0.76888458324691167,-0.11052180386461402,0.16190690411901337,0.054179616216639186,0.25188055291051425,1083.5381447165671,
971,562.0091902243762,1.2278514597384171,563.23704168411462,19997,454,-0.00064711299990988388,-5.2398224723637318e-05,0.00010360317019366964,2.2411066897390342e-08,0.00024363396324809694,-0.76953169442745739,-0.11057420208933735,0.16200606809865944,0.05424786976763489,0.25212415872351424,1084.9031474829301,
972,561.94278735053831,1.2300329892214015,563.17282033975971,19997,454,-0.0006468651118748045,-5.2314888609351128e-05,0.00010351508160491179,2.2369842735461222e-08,0.00024357728761622359,-0.77017855784293565,-0.11062651697794669,0.16210515518904842,0.054316099632772862,0.25236770787761303,1086.2676765558244,
973,561.87652492995699,1.2322163095604803,563.10874123951749,19997,454,-0.00064661738910374059,-5.2231659537032391e-05,0.00010342707238472748,2.2328699574758595e-08,0.00024352059001783063,-0.77082517365855563,-0.11067874863748384,0.16220416827760881,0.054384305751922477,0.25261120035082085,1087.6317307326976,
974,561.81040258043458,1.2344014197900655,563.04480400022464,19997,454,-0.00064636983156892477,-5.2148537400959287e-05,0.00010333914249576022,2.2287637274299091e-08,0.00024346387057419178,-0.77147154203949819,-0.11073089717488488,0.16230310961644548,0.054452488065206438,0.25285463612126985,1088.9953088160635,
975,561.74441992091215,1.2365883189453215,562.98100823985749,19997,454,-0.00064612243924139635,-5.2065522095485562e-05,0.0001032512919005334,2.224665569323064e-08,0.00024340712940711429,-0.7721176631509159,-0.11078296269698018,0.16240199694267279,0.054520646512998719,0.25309801516721342,1090.3584096134614,
976,561.67857657146806,1.2387770060621539,562.91735357753021,19997,454,-0.00064587521209351502,-5.1982613515086883e-05,0.00010316352056166925,2.2205754691004815e-08,0.0002433503666379054,-0.77276353715793311,-0.11083494531049534,0.16250082180490788,0.054588781035925293,0.25334133746702642,1091.7210319374699,
977,561.61287215328048,1.2409674801772024,562.85383963345771,19997,454,-0.0006456281500959684,-5.1899811554183006e-05,0.00010307582844141024,2.2164934127096896e-08,0.00024329358238720105,-0.77340916422564487,-0.11088684512204931,0.16259957726245933,0.054656891574862677,0.25358460299920482,1093.0831746056788,
978,561.5473062886615,1.2431597403278682,562.79046602898939,19997,454,-0.00064538125321932658,-5.18171161072601e-05,0.00010298821550221556,2.2124193861242251e-08,0.00024323677677599899,-0.77405454451911693,-0.110938662238157,0.16269827448767613,0.054724978070937985,0.25382781174236502,1094.4448364406887,
979,561.48187860103076,1.2453537855522798,562.72723238658307,19997,454,-0.00064513452143428768,-5.1734527068891979e-05,0.00010290068170627007,2.2083533753316088e-08,0.00024317994992393972,-0.77469967820338537,-0.1109903967652255,0.16279694254808541,0.054793040465528561,0.25407096367524351,1095.8060162701056,
980,561.41658871492655,1.2475496148893066,562.66413832981584,19997,454,-0.00064488795471191827,-5.1652044333722599e-05,0.00010281322701583455,2.2042953663391346e-08,0.00024312310195171509,-0.77534456544345731,-0.11104204880955938,0.16289557877125602,0.054861078700260399,0.25431405877669716,1097.1667129265077,
981,561.35143625598812,1.2497472273785613,562.60118348336664,19997,454,-0.00064464155302148987,-5.1569667796278135e-05,0.0001027258513929366,2.2002453451664973e-08,0.00024306623297814435,-0.77598920640430957,-0.11109361847735562,0.16299419149678321,0.05492909271700875,0.25455709702570228,1098.5269252474579,
982,561.28642085096044,1.2519466220603894,562.5383674730208,19997,454,-0.00064439531633384776,-5.1487397351364834e-05,0.00010263855479965214,2.1962032978554081e-08,0.00024300934312310019,-0.77663360125088865,-0.11114510587470722,0.1630928156853943,0.054997082457896314,0.25480007840135438,1099.8866520754684,
983,561.22154212769783,1.2541477979758942,562.47568992567369,19997,454,-0.00064414924461816524,-5.1405232893581448e-05,0.00010255133719789079,2.1921692104607593e-08,0.00024295243250544433,-0.77727775014811129,-0.11119651110760059,0.16319146484078087,0.055065047865294356,0.25504300288286869,1101.2458922580217,
984,561.15679971514919,1.256350754166891,562.41315046931607,19997,454,-0.00064390333784398817,-5.1323174317862313e-05,0.00010246420880952916,2.1881430690601689e-08,0.00024289550124423221,-0.77792165326086327,-0.11124783428191869,0.16329012496517775,0.055132988881820506,0.25528587044957857,1102.6046446475284,
985,561.09219324335186,1.2585554896759592,562.35074873302779,19997,454,-0.00064365759598099574,-5.1241221518983569e-05,0.00010237771522706524,2.1841248597433768e-08,0.00024283854945733902,-0.77856531075399937,-0.11129907550343739,0.16338878829320061,0.055200905450339982,0.25552868108093629,1103.9629081013493,
986,561.02772234343752,1.2607620035463998,562.28848434698386,19997,454,-0.0006434120383446521,-5.1159374391793727e-05,0.00010229159061741642,2.1801145686207494e-08,0.00024278157726335061,-0.77920872279234399,-0.11135023487782907,0.1634874407654765,0.055268797513962555,0.25577143475651215,1105.3206814817372,
987,560.96338664763425,1.2629702948222599,562.2263569424565,19997,454,-0.00064316674834632114,-5.1077632831220998e-05,0.00010220554477605348,2.1761121818167796e-08,0.00024272458478001731,-0.77985188954069029,-0.11140131251066059,0.16358609757440143,0.055336665016044,0.25601413145599433,1106.677963655864,
988,560.89918578924585,1.2651803625483042,562.16436615179418,19997,454,-0.00064292162310891079,-5.0995996732175442e-05,0.00010211957642751056,2.172117685469296e-08,0.00024266757212494219,-0.78049481116379915,-0.11145230850739274,0.16368473238715883,0.055404507900185668,0.25625677115918843,1108.0347534958132,
989,560.83511940265771,1.2673922057700573,562.10251160842779,19997,454,-0.00064267666260109401,-5.0914465989826059e-05,0.0001020336855351345,2.1681310657489228e-08,0.00024261053941489479,-0.78113748782640025,-0.11150322297338237,0.16378332182793945,0.055472326110232915,0.25649935384601752,1109.3910498785481,
990,560.77118712333549,1.2696058235337395,562.04079294686926,19997,454,-0.00064243186679077246,-5.0833040499063229e-05,0.00010194787206182928,2.1641523088244216e-08,0.00024255348676718573,-0.78177991969319105,-0.11155405601388109,0.16388185772416239,0.055540119590273995,0.2567418794965215,1110.7468516858896,
991,560.70738858782897,1.2718212148863697,561.97920980271533,19997,454,-0.00064218723564640561,-5.0751720155096685e-05,0.00010186213597068654,2.1601814008949341e-08,0.00024249641429863688,-0.7824221069288374,-0.11160480773403669,0.16398032621342676,0.055607888284642096,0.25698434809085718,1112.1021578045572,
992,560.6437234337377,1.2740383788756546,561.91776181261332,19997,454,-0.00064194276913519808,-5.0670504853028964e-05,0.00010177647722458344,2.1562183281699319e-08,0.00024243932212506726,-0.78306404969797261,-0.1116554782388899,0.16407871862347878,0.055675632137911345,0.25722675960929758,1113.456967126089,
993,560.580191299749,1.276257314550036,561.85644861429898,19997,454,-0.00064169846722454606,-5.0589394488112525e-05,0.00010169091153894418,2.1522630768776395e-08,0.00024238221036283856,-0.78370574816519711,-0.11170606763337815,0.1641770184574759,0.055743351094899557,0.25746911403223155,1114.8112785468963,
994,560.51679182560656,1.2784780209587003,561.79526984656525,19997,454,-0.00064145432988143842,-5.0508388955572237e-05,0.0001016056345260485,2.1483156332696434e-08,0.00024232507912782557,-0.7843472024950785,-0.11175657602233331,0.16427523455947851,0.055811045100665299,0.25771141134016412,1116.1650909682053,
995,560.45352465212022,1.2807004971515525,561.73422514927177,19997,454,-0.00064121035707329619,-5.0427488150697351e-05,0.0001015205111803942,2.1443759836051062e-08,0.00024226792853490346,-0.78498841285215182,-0.11180700351048421,0.16437335783263482,0.055878714100508951,0.25795365151371569,1117.5184032960785,
996,560.39038942115576,1.2829247421792467,561.67331416333502,19997,454,-0.00064096654876628488,-5.0346691968823579e-05,0.00010143546464790768,2.1404441141634092e-08,0.00024221075869983392,-0.78562937940091815,-0.11185735020245281,0.16447138477090364,0.055946358039970716,0.25819583453362155,1118.8712144413744,
997,560.327385775626,1.2851507550931602,561.61253653071913,19997,454,-0.00064072290492773337,-5.0266000305337369e-05,0.0001013504948917428,2.136520011242669e-08,0.00024215356973686608,-0.78627010230584593,-0.11190761620275852,0.16456931547484832,0.056013976864830915,0.25843796038073241,1120.2235233197534,
998,560.26451335951651,1.287378534945395,561.55189189446196,19997,454,-0.00064047942552285838,-5.0185413055713997e-05,0.00010126560187481258,2.1326036611604239e-08,0.00024209636176113634,-0.78691058173136874,-0.11195780161581415,0.16466715004495444,0.056081570521109764,0.25868002903601311,1121.5753288516742,
999,560.20177181783311,1.2896080807887929,561.49137989862186,19997,454,-0.00064023611051864965,-5.0104930115405661e-05,0.0001011807855599527,2.1286950502470596e-08,0.00024203913488678473,-0.78755081784188741,-0.11200790654592944,0.16476488858163477,0.056149138955066194,0.25892204048054313,1122.9266299623689,
1000,560.13916079666046,1.2918393916769064,561.43100018833741,19997,454,-0.00063999295988034733,-5.0024551379996851e-05,0.00010109604590997323,2.1247941648523279e-08,0.00024198188922746908,-0.78819081080176778,-0.1120579310973089,0.16486253118522223,0.056216682113197899,0.25916399469551576,1124.2774255818447,
