2.708120427824367,0.0,0.041943337852238444,0.015781314378477084,0.0,0.014333664412974284,2.381323494741463,0.07964195492856235,0.03893640577651203,0.09375025796136187,0.001721805752545209,0.002140250985990583,0.003835649830561825,4.404824878639492,0.0,0.0030687385878844496,0.027258032110328206,0.0,0.00897802165780542,0.003947680734352243,0.043004028298513686,0.011820922237812375,0.04291576829443737,0.1698346439693787,0.0,0.0291504856637178,0.0004247226676972101,0.3147813531381466,4.7134208860413445,2.170196628625455,0.0,0.0,0.020366794163939078,0.14967119056387074,0.0,0.026647852153593308,0.002519857485056114,0.12043451415843084,0.041959063605695214,0.020462119984057142,0.0007865055855655986,0.0,0.0017970874393035176,0.0,0.0,0.00045506851117857564,0.0,0.0,0.0,0.0,0.0,0.0,0.0,0.0,0.0,0.0012053779782756292,0.0,0.015683150826118947,0.0,0.0,0.0,0.0,0.0,0.0,0.0004735720197297537,0.0,0.0,0.0,0.0011720955419199865,0.0,0.007491107653883401,0.0,0.05054363844083922,0.0,0.0,0.0,0.0015334853680507487,0.0,0.0,0.0,0.0,0.0,0.0,0.0,0.0003727384424130212,0.09569423601267252
0.0,1.5340683348008173,0.061536774297729344,0.00025598990407613257,0.0,0.002122388457769811,0.008827853472685117,0.0012287672352794903,0.47297581174136427,0.0,0.07791662366348316,0.004349162143735353,0.5301244152299711,0.0005053950799779771,0.00934212402659167,0.3669957987391459,0.20923343248269202,0.007412596274072378,0.22804511731924798,0.0,0.03276567314139603,1.9280303615373031,0.07865599026222958,0.5823714931633512,0.9383247367455011,0.3002671132327035,10.004097967420035,0.04647554992691253,0.008037777518796535,0.026169472940223294,0.013044487612043154,0.0,0.0007774685926754213,0.07026897255886198,0.009173696765202882,0.29319854848389665,0.19736190097024608,0.30599485480960614,0.2540417789101666,0.039626263058604345,0.0022456039301834347,0.2667373326277061,0.47310767603254794,0.22530437220268262,0.269827813744149,0.16492688400588318,0.0004116386279531362,0.0,0.0007515891150797886,0.0,0.9320518856497909,0.3060326068775526,0.0,0.0,0.000666419992543823,0.0019847131054698845,0.0,0.06081115998832704,0.0,0.06426822219429261,0.0,0.482212039509607,0.0006836380587100517,0.0,0.08868177149701412,0.3556873629892964,0.024468524773783144,0.0745202909732859,0.0,0.014215858396234134,0.25659043336703796,0.11294309702501712,0.1036239838657169,0.1780625735518259,0.5617863223136497,4.278777682742732,0.00676745914625892,0.012801035066193872,0.007078389894760833,0.048417545809800705,0.002087263528581697,0.0,0.04043430320959984,0.0028238521053865436,0.15424860564696793,0.019818120122040598
0.041943337852238444,0.061536774297729344,13.408106035152436,0.0,0.0,0.001701492916489996,2.4603669842282843,0.07085173025299887,0.016423340395170755,0.008859232981609816,0.010847754585002247,0.000345273700239154,0.00033552546989177494,0.4127239395514078,0.0003765605241425281,0.019667732257917195,3.5651181563587877,0.009648219041481011,0.7204935087493095,0.0,0.5669353875522306,0.03242721358191339,11.768270824243645,0.015666586294821247,0.00023256199231015928,11.496307709279934,10.301432921118828,0.499708655678293,0.0370419997001831,0.37494704237578746,0.0,0.0,0.0017537831522873779,0.16176588830566638,0.0028189058206791935,0.7006453949462037,0.2610495564152022,0.7214068176223504,0.7112287720520348,0.07659871190100574,0.0027460890167100072,0.0007549962744072033,0.21064932332968328,0.1168751868020064,0.14773223009637,0.10123197743837715,0.0014787871769245517,0.0011140919493016716,0.0,0.0,0.007718522374513049,0.4065639083385097,0.0,0.0,0.0,0.0,0.0,0.0025640890416171033,0.0,0.0008718182339194614,0.0,0.0,0.0,0.0,0.028125669746588484,0.3014685629366634,0.0,0.012371281256293762,0.0,0.002687695547230729,0.04729304974448426,0.2129105817523418,0.00781386734411388,0.0,0.08903127551749117,1.0497520034631316,0.0009003192464762354,0.0,0.0,0.0,0.0,0.0,0.017001814463110883,0.0,0.16876920187185787,0.03221558268583283
0.015781314378477084,0.00025598990407613257,0.0,14.919870303297236,0.0,0.5420316039941867,0.0908496688466498,0.15642469664983152,0.9552654032124728,6.198917759355741,0.0,4.452675130591456,0.010797552722920569,0.2844056248113639,0.16357960768702148,0.0,0.0,0.0,0.0010488322402740862,16.84466477944651,0.0,0.0021713440405095323,0.0,3.650636424348477,0.0,0.0,0.0002543845496954986,4.239106023694172,0.30021184234878523,0.0012983135820681326,0.0,0.0,0.0018221448233786196,0.05702822743846438,0.0,0.06775744368831893,0.0,0.04964035030023786,0.03650067771271293,0.6176366006440859,0.005987334328451249,0.00312131834047996,0.024209218070015814,0.002767575549595269,0.0,0.0,0.16560408344176225,0.0,0.0,0.0,0.0,0.0,0.06315061294119369,0.00027587141296334507,0.01580268157971508,0.004690675531080864,0.0004536066953228567,0.34646358641296204,0.04026306891613708,0.0,0.15209803001468042,0.004197959390973159,0.0,0.032447534029475006,0.0,0.0,0.0,0.0,0.3203069977580907,0.0,0.003008672747188456,0.0,0.7819696113990483,0.0,0.0,0.0,0.013924135836917092,0.0,0.0,0.0,0.0,0.0,0.0,0.0,0.00019733093407104537,0.2654846374212086
0.0,0.0,0.0,0.0,0.0,0.0,0.0,0.0,0.0,0.0,0.0,0.0,0.0,0.0,0.0,0.0,0.0,0.0,0.0,0.0,0.0,0.0,0.0,0.0,0.0,0.0,0.0,0.0,0.0,0.0,0.0,0.0,0.0,0.0,0.0,0.0,0.0,0.0,0.0,0.0,0.0,0.0,0.0,0.0,0.0,0.0,0.0,0.0,0.0,0.0,0.0,0.0,0.0,0.0,0.0,0.0,0.0,0.0,0.0,0.0,0.0,0.0,0.0,0.0,0.0,0.0,0.0,0.0,0.0,0.0,0.0,0.0,0.0,0.0,0.0,0.0,0.0,0.0,0.0,0.0,0.0,0.0,0.0,0.0,0.0,0.0
0.014333664412974284,0.002122388457769811,0.001701492916489996,0.5420316039941867,0.0,26.82967045906828,0.6158100036739829,6.0222230399002665,0.19263260942076654,17.354054305114452,0.019360845862380478,3.370920126522736,0.14979015347875746,0.4650070459849276,0.03959908057751881,0.00029008632687201914,0.0025573064523971845,0.006676240985491582,0.008605242146296006,0.4373039539924235,0.016809049263840643,0.004573043117680577,0.006124471411282742,0.354012524691475,0.005357067364863058,0.011221152318564923,0.00286151453799674,0.8816002906908227,0.29433399637601426,0.02228073300492572,0.0023974097455212347,0.0,0.002670469539175508,0.18382218030004951,2.2810943933897234,0.7436646279086,0.03543145025675749,0.17040956498866736,0.13908748517211825,1.8393471929667153,0.042265609580102136,0.045682837913936264,0.028789362723178277,0.003928259219675541,0.009577233268610067,0.015400337236441488,0.02307047700056141,0.00026427002859170934,0.000851405825636802,0.0,0.0,0.0,0.0030875991637647785,0.0,0.003654912946201491,0.0,0.0,0.06015705001267267,0.00020011266646345678,0.0,0.015984919468388203,0.0018615913346393595,0.0,0.002036391002565322,0.0,0.0,0.0,0.0,0.019337791041498898,0.0,0.000760835710304287,0.0,0.11459656801994483,0.0,0.0,0.0,0.00105350942836829,0.0007337979113756937,0.0,0.0,0.0,0.0,0.0,0.5989022452944843,0.15826427536815185,9.266704362676569
2.381323494741463,0.008827853472685117,2.4603669842282843,0.0908496688466498,0.0,0.6158100036739829,35.179020250773696,3.9357820853424244,0.2342306482222564,3.9508929692777275,0.03930993326148037,0.04693134878690996,0.16177052504730832,14.45357684352632,0.005564467597616209,0.049150934415278166,0.767397564999614,0.00038931777739180444,0.11707355024518169,0.028276664358323947,0.9211256379703838,0.0766076304898613,1.9916787392583795,0.8703159895410857,0.0,0.5927462269592569,0.6781145173691572,21.04139363064372,5.74716506439565,8.06603555243631,0.0,0.0,0.24065617916042384,1.5023678488159522,0.0048698501378664424,1.089143749757343,0.11048817604587412,1.7340300936194004,0.7549564765848962,0.6167419103543915,0.0997789650458909,0.03533602286940948,0.04597744376016883,0.004291641799178541,0.0,0.0,0.0107385691139075,0.0,0.0,0.0,0.0,0.0,0.04024040969027655,0.0,0.010213916795638267,0.05612204668399325,0.03453787316575592,0.14498870765674943,0.09568137101658022,0.0,0.0031247156137439542,0.002740997999017632,0.0,0.0,0.008544244093023451,0.0,0.0,0.0,0.20376988789441605,0.004996163379026346,0.0386850528809253,0.0,0.7805528861073123,0.0,0.0,0.00047656559089242394,0.09574963770267936,0.002863868297875064,0.003329557668749592,0.0,0.0,0.0,0.001134017678626802,0.0002946508163846483,0.05925107635725233,1.1504849160661696
0.07964195492856235,0.0012287672352794903,0.07085173025299887,0.15642469664983152,0.0,6.0222230399002665,3.9357820853424244,18.08932050696768,0.048832486548127316,7.161675653673766,0.02237149620346344,0.7683770506347823,0.08953541553757458,6.417992475596396,0.0009308924185881557,0.0005373944374548332,0.005098230859045211,0.0019508653845162099,0.02157413057391946,0.2291745477373779,0.013146720372302243,0.009740345436673672,0.04576976019893753,0.24045050930644446,0.0013593512050084058,0.008945784755251986,0.005246328053656407,0.4968637537676731,0.5620911875302046,0.12552297240235302,0.0015648340243250693,0.0,0.004913797883082382,0.11405341610688707,0.001562840749964922,0.21018001746399448,0.013275127133521955,0.14167142281143472,0.08335143030406268,0.4357596896956704,0.009561273947374754,0.016149079724365516,0.01063837003633975,0.002940135414219697,0.002883808309893359,0.015597045094376682,0.011142121348608395,0.0,0.0,0.0,0.0,0.0,0.003568663447207901,0.0,0.0,0.0,0.0026516573135153742,0.03918433922508069,0.0044638856782771835,0.0,0.007568155921722405,0.0023174022917221253,0.0,0.0,0.0,0.0,0.0,0.0,0.048422004335453836,0.0,0.0020127247960084714,0.0,0.15688193342377554,0.00044100661523351965,0.0,0.0,0.0,0.0,0.0,0.0,0.0,0.0,0.0,0.0007194410600269277,0.012483641704002865,4.079584956057826
0.03893640577651203,0.47297581174136427,0.016423340395170755,0.9552654032124728,0.0,0.19263260942076654,0.2342306482222564,0.048832486548127316,4.948190085993142,0.5886863124789138,0.008553081642843727,1.025166705994963,0.0884464050267417,0.15538843582260448,1.4477217141036358,0.031616637261733166,0.04611756537947022,0.0002895638268183741,0.023730277053771908,0.37192932418553937,0.012269251096799674,2.4069549209673586,0.012725820612291014,11.726675197603496,0.06498041955267132,0.020855165538011772,2.0284617805924006,1.072380169370957,0.7205419473849626,0.20778880549240156,0.00011794066034940728,0.0,0.05085911752822867,0.2656290351187356,0.007298683714406483,0.7924861289436114,0.04312381002850913,0.26987937412670154,0.24165789869200124,2.1301898784838382,0.03711112163242394,0.019810997035448686,1.5194749018473477,0.03586093828657728,0.3542174854681909,0.1375490328577417,0.5753267948964815,0.04036227291948849,0.0030366499508682815,0.02433178247272324,0.008777163813427948,0.007203349456825538,0.42385525017199166,0.0027506246866958526,0.19422242724280028,0.24105255819203666,0.3520848689756152,2.8827503345438497,0.39489333560232015,0.003430529981336775,0.1685731796975579,0.026072604589243285,0.35564879586752046,0.027630116674783115,0.0028967350621142912,0.0017423895023177694,0.0,0.0,0.27466390011635894,0.009312212992002415,0.12429359965204269,0.01657934994765553,2.318185845288494,0.0030285015219327516,0.0021133282237356817,0.029058474317905855,0.9163583091057192,0.5327374816849895,0.08180311252435023,0.0,0.0027347374269845073,0.023352923916400762,0.13535477833541784,0.016922399982511563,0.18982641240146045,1.0830795970310891
0.09375025796136187,0.0,0.008859232981609816,6.198917759355741,0.0,17.354054305114452,3.9508929692777275,7.161675653673766,0.5886863124789138,57.52786254946748,0.025042579174144833,5.402443153553656,0.12643176608913104,4.2886292899271465,0.07316073926417131,0.0012321539108868125,0.007469442866888058,0.0,0.024796300408617727,3.2772254167887636,0.002692348680931549,0.0015588700596085654,0.01143204848190392,0.9263532061386063,0.0,0.0,0.010027712714894709,8.644163075897715,2.7903046175839687,0.02083767966499517,0.0,0.0,0.01656900372483447,0.6091676710727684,0.33440375657541244,0.49901112462537744,0.030144925100734802,0.7664992921936771,0.3073979163545312,0.8647009615781625,0.06174060528037745,0.027805895304421006,0.01863478521881685,0.0038699249903346475,0.0,0.003970294964646511,0.25090885369588123,0.0,0.0,0.0,0.0,0.0,0.04063688366876057,0.0,0.016997252260862267,0.014646218305688172,0.000840233506583179,0.33686994980163304,0.029693812361868282,0.0,0.19813497036635586,0.012747540331744155,0.0,0.04223754066984169,0.0,0.0,0.0,0.0,0.6151762524194401,0.0,0.002791989602540823,0.0,1.450549446196652,0.0,0.0,0.0,0.022843865452695927,0.0,0.0,0.0,0.0,0.0,0.0,0.019521045110752512,0.03189375073530701,2.402200156730194
0.001721805752545209,0.07791662366348316,0.010847754585002247,0.0,0.0,0.019360845862380478,0.03930993326148037,0.02237149620346344,0.008553081642843727,0.025042579174144833,26.704681796117903,0.004670197160644956,3.8680544066850064,0.07505718373749694,0.0,0.0029201321466439485,0.4872066222112923,7.9847424433206795,3.2018227238771924,0.003481834025126483,0.05921034196385849,0.013245753644100867,0.13434371993021932,0.006350768282445769,0.14192786199770113,3.0507827300659534,0.34242519088112017,0.02557802764548386,0.22744420252269715,0.09548466736466978,0.3731173795442682,0.0,0.0029114233634350713,4.31807762541286,0.010696514003434377,0.3432430356181077,1.353012932926143,2.085411014317896,0.6739542688880846,0.018598339331116202,0.008519110898852805,0.47372015538852064,0.0038830093350472566,0.1585707580615872,0.013221159227679488,0.0014958520980569373,0.0,0.0,0.005529740233037576,0.0,0.03258369418371815,0.0005145075907022166,0.0,0.0,0.0002319925143947393,0.0,0.0004546563207862971,0.0015014756924717116,0.0,0.061068359041826,0.0,0.2958605434938207,0.0002054877496413519,0.0,0.0,0.0016620160862738328,0.004912364403886573,0.0009731302052151216,0.0,0.0,0.007375054888557461,0.0006590308590241697,0.0002257476736553319,0.06138106646078416,0.035281273214842576,0.07240799959174912,0.0,0.000556766369330173,0.0,0.03133691828946041,0.0005512724373718664,0.0,0.0021649872254888257,0.0008488798728980766,0.05507871819820572,0.8672994250213971
0.002140250985990583,0.004349162143735353,0.000345273700239154,4.452675130591456,0.0,3.370920126522736,0.04693134878690996,0.7683770506347823,1.025166705994963,5.402443153553656,0.004670197160644956,41.48816185501323,0.03285644693759044,0.8288716186292844,1.3357678950375036,0.0,0.001237553010337024,0.0,0.0037934459462705948,7.3610907436185675,0.0,0.02448088523755127,0.0008750435811705203,0.8215879558098051,0.0004605097471150325,0.0,0.01547086174439967,0.4717289423234239,0.6139913156562661,0.00035148460052175813,0.0,0.0,0.0006592122898898545,0.1361049650145575,1.620743980144186,0.06176712510295242,0.007110614039463736,0.19595356780271916,0.0737989902786532,0.7942619091588231,0.01082323907918994,0.011211499060502911,0.021777973234321155,0.0008695497254543505,0.0002703428924900937,0.003671213921147803,0.08097887872191954,0.0004693812437456085,0.0012638039396111558,0.0,0.0,0.0,0.08193703562000869,0.001643120845636426,0.036266337016822685,0.0046222018857083064,0.005931521464614017,0.07347347892084531,0.0527791229431374,0.0,0.0713387919714556,0.002765669407287647,0.0010750932843380358,0.013741976642833609,0.0005554045958617294,0.0,0.0,0.0,0.09647639119663887,0.0,0.003059766184789081,0.0,0.10453377072065809,0.0,0.0,0.0,0.07197545412527222,0.0,0.0,0.0,0.0,0.0,0.000785460191540616,0.5508979819947072,0.1222939382976949,1.019696083951014
0.003835649830561825,0.5301244152299711,0.00033552546989177494,0.010797552722920569,0.0,0.14979015347875746,0.16177052504730832,0.08953541553757458,0.0884464050267417,0.12643176608913104,3.8680544066850064,0.03285644693759044,14.267002655138771,0.08475136232539235,0.0,0.0036945520323865455,0.006333883280043405,0.07847188535617085,0.05009257691127296,0.020738593074530656,0.011584601508279313,0.09784669487650624,0.006791232231581093,0.09959504539551153,1.7058877657670015,0.834480730583791,3.140197398940373,0.06321927022845367,0.11713786489483309,0.01819089588848399,2.76275784695522,0.0,0.0032143056364395475,1.0575674856029469,0.013120064813314172,0.9546557770277734,3.8514631219080058,1.7108312686275968,0.8094845277209823,0.22723735546474944,0.09861276355465018,1.737748824040294,0.14608402656884797,0.9999169164691025,0.8446316938043624,0.44081887308207823,0.026142957044118283,0.014117517174288911,0.019962451895535107,0.0,0.4373546526800197,0.0,0.0,0.0,0.05466006318452765,0.012271837649328187,0.03875192323045483,0.01343104560207023,0.01880023816018187,0.8418079870800187,0.0036260290710601094,6.872650771346263,0.03842725077755809,0.0,0.0002489741282883376,0.0012395454333266754,0.2185308592276449,0.006477482785958672,0.008466440621429799,0.003968453971242682,0.43942688479226333,0.0007515502824193684,0.022422968323038316,1.594920286008343,0.9105603475954784,2.0188710487174406,0.01708601315034694,0.09985294553355635,0.004464806213100194,1.1528388958268108,0.041742610725000295,0.0002816850027768883,0.05430181985857414,0.0025641708367202263,0.0877165800929863,0.6452585147961427
4.404824878639492,0.0005053950799779771,0.4127239395514078,0.2844056248113639,0.0,0.4650070459849276,14.45357684352632,6.417992475596396,0.15538843582260448,4.2886292899271465,0.07505718373749694,0.8288716186292844,0.08475136232539235,22.43475475888752,0.0071104417068260945,0.01217737401338628,0.09840088699370576,0.026244699910543186,0.10118845858058116,0.2681139929192825,0.12226153370056679,0.06017052582262385,0.22094378662371728,0.7179304687740475,0.00104945582469084,0.1388780261984255,0.029837371853370043,1.493588614240743,6.209537807123778,2.9292319346399176,0.007403694928646174,0.0,0.0365092790453405,0.4655371676597745,0.001784904200376652,0.23542638831796717,0.034950039897559584,0.5998914665165145,0.16931227190086312,0.1832838358347725,0.0067797816414441854,0.015986147513153012,0.0190367115518819,0.007452482651620131,0.003743315828037342,0.010108927640789418,0.01513516104466911,0.0,0.0,0.0,0.0,0.0,0.0021441857027665497,0.0,0.0,0.002211863710639178,0.0,0.12348956336943866,0.0,0.0,0.0019987861073525065,0.0014917511861351346,0.0,0.0008352374611761505,0.0038556969373648195,0.0,0.0,0.0,0.019832016966471806,0.0,0.017031884195702722,0.0,0.1881371911774803,0.00018199662043898938,0.0,0.0,0.002842951268319262,0.0,0.0,0.0,0.0,0.0,0.0,0.0006438246702988731,0.010713567640730915,2.8687485393329744
0.0,0.00934212402659167,0.0003765605241425281,0.16357960768702148,0.0,0.03959908057751881,0.005564467597616209,0.0009308924185881557,1.4477217141036358,0.07316073926417131,0.0,1.3357678950375036,0.0,0.0071104417068260945,1.285211655487304,0.0,0.0,0.0,0.0,0.08415471469944444,0.0,0.032927596440444844,0.0,0.6311022496156141,0.0,0.0,0.021871133587218664,0.07542544080703067,0.0015463187236571159,0.00038107440158497883,0.0,0.0,0.0,0.0008018110288427857,0.0009051016614228478,0.0035724422869402124,0.0,0.0,0.002216158785863099,0.9145007233295055,0.0005386760169049786,0.0,0.002099809680068013,0.0,0.0,0.0,0.004851107254427486,0.0,0.0,0.0,0.0,0.0,0.005759681719655407,0.0,0.0033147771652743494,0.0,0.00022633072267066407,0.007595184368282519,0.0027974587685124937,0.0,0.002557489001480835,0.0,0.0,0.0009039607487105607,0.0011648888558278088,0.0,0.0,0.0,0.004810886389929329,0.0008616869757961874,0.002057504749534738,0.0,0.012358260751661637,0.0,0.0,0.0,0.0033003990423701017,0.0,0.0,0.0,0.0,0.0,0.0,0.0,0.0,0.37105837163022704
0.0030687385878844496,0.3669957987391459,0.019667732257917195,0.0,0.0,0.00029008632687201914,0.049150934415278166,0.0005373944374548332,0.031616637261733166,0.0012321539108868125,0.0029201321466439485,0.0,0.0036945520323865455,0.01217737401338628,0.0,18.070982133402758,0.12202992822936697,0.0,0.030240596640811024,0.0,6.573596618575376,5.522529582545039,5.225485553239393,1.8907763157772066,0.015007198050792384,0.020583044164314498,5.355673202465226,2.026073288304809,0.027215935562255114,0.15776245730226934,0.0,0.0,0.004586830160731335,0.07162203223753068,0.017276464235648662,1.5457982315798575,0.7517240327540898,0.32865889311179575,0.8440716715782188,0.4960281869404772,0.007744903512645627,0.0025428601563178155,0.45981134644433486,0.34821093574567286,0.09401562423748197,0.137589647004583,0.009511051271190432,0.00025479064071703083,0.00025303234461491374,0.0,0.004884407683926828,0.03599290546652141,0.0,0.0,0.0,0.006897112123285451,0.0003826794255830307,0.023931435660662283,0.0,0.0009272272558781388,0.0,0.0010089798413041714,0.0,0.0002604345409535813,3.0767722771093986,0.0152869830868745,0.0,0.0,0.0,0.7359249578466631,0.6658138398618143,2.477662841298859,0.7803976355833936,0.0,0.000993974677673075,0.8692506300773313,0.2467124951228816,0.0026226230126429446,0.048850309252540004,0.0,0.0,0.002540412059505268,0.00904787523498141,0.0005752912765070508,0.1134375918814121,0.03472054078051222
0.027258032110328206,0.20923343248269202,3.5651181563587877,0.0,0.0,0.0025573064523971845,0.767397564999614,0.005098230859045211,0.04611756537947022,0.007469442866888058,0.4872066222112923,0.001237553010337024,0.006333883280043405,0.09840088699370576,0.0,0.12202992822936697,6.017207122717911,0.0876926448025234,5.244248206251091,0.0029778406313742795,1.1069013358138358,0.10121916069084927,8.516845597513072,0.06027185347438534,0.0,3.0951706621925004,5.8896700268321815,0.6100504722529884,0.21412520308555102,1.2002228842919311,0.0015348577518828862,0.0,0.00477938165329899,2.9286110318242193,0.0,0.22094559423577342,0.11928979402831733,0.9178195008433291,0.27626789969967946,0.032572572159059135,0.0,0.0005123603580587945,0.11571445236737173,0.18304994869063235,0.1913699739045712,0.10071342283894219,0.0,0.0,0.0,0.0,0.018914220659298993,0.4654294606380271,0.0,0.0,0.0,0.0,0.0,0.00215112083979026,0.0,0.003333414250044885,0.0,0.0,0.0,0.0,0.03392409761725861,0.313734791782551,0.0005395698288598748,0.015923076614146114,0.0,0.0,0.07131377391561472,0.181116280024485,0.008043235172205924,0.0,0.21470744043982826,1.4606951651147158,0.0006029082869302164,0.000242616779572691,0.0,0.0,0.0,0.0,0.017211489735738633,0.0,0.033234382031172946,0.2169822907510879
0.0,0.007412596274072378,0.009648219041481011,0.0,0.0,0.006676240985491582,0.00038931777739180444,0.0019508653845162099,0.0002895638268183741,0.0,7.9847424433206795,0.0,0.07847188535617085,0.026244699910543186,0.0,0.0,0.0876926448025234,5.629940722787553,4.470763681465852,0.0,0.012516405731966046,0.0012174866651021292,0.028428049952431287,0.0,0.0019039299641960114,4.286650355670477,0.2376021363964176,0.0,0.09307127109217818,0.004294184550600863,0.037365971182896765,0.0,0.0009435598458961606,0.7109275790759998,0.0032791087440316,0.3041589136416368,0.38256891368940354,1.0952085278215873,0.662248473505708,0.012218094950043544,0.0015460937077046385,0.0063335425666520605,0.0023034838326458085,0.022703841868072398,0.003188972382908362,0.002449129359771183,0.0,0.00040637235500796476,0.0,0.0,0.0011679668016191453,0.0,0.0,0.0,0.0,0.0,0.0,0.0,0.0,0.00446548582277864,0.0,0.007972296339075688,0.0,0.0,0.0,0.0015083184748566907,0.008606074875594304,0.0026123975827767386,0.0,0.0,0.0,0.0,0.0,0.00228888526831714,0.05689494165080685,0.07318021850685051,0.0,0.0,0.0,0.009702017664371135,0.0,0.0,0.0022048439448463567,0.0015450129246223003,0.026530198608414796,0.3008602740390004
0.00897802165780542,0.22804511731924798,0.7204935087493095,0.0010488322402740862,0.0,0.008605242146296006,0.11707355024518169,0.02157413057391946,0.023730277053771908,0.024796300408617727,3.2018227238771924,0.0037934459462705948,0.05009257691127296,0.10118845858058116,0.0,0.030240596640811024,5.244248206251091,4.470763681465852,21.17116014341585,0.009370381293044973,0.3109371543533035,0.04798216620717122,1.2005442152553925,0.01829181218851647,0.0032943362932615363,7.893241005805373,5.9742555498337735,0.13444840587009987,0.39024147246396196,0.35118676284769357,0.03312744511851816,0.0,0.012021977028329828,4.392450215447294,0.01396091214532092,1.0262745175238612,0.651014323910945,3.162065144975199,1.4792325796612524,0.041003206208498774,0.007411616028951158,0.0023712607519807164,0.09988551566506482,0.3116464318539565,0.13947459587949834,0.07298900825320298,0.0002103022371124771,0.0002104552677831171,0.0,0.0,0.06632773791906979,0.15131303434104992,0.0,0.0,0.0,0.0,0.0,0.0,0.0,0.003294914640678587,0.0,0.0018867716337420397,0.0,0.0,0.004024127705891783,0.23798474758529037,0.006992051268712174,0.08601633861488943,0.0,0.00023477982516997975,0.021216391996309186,0.02015156130987785,0.0,0.004681887811848873,0.8572327065256071,1.603512001109972,0.0,0.0004965628861676548,0.0,0.0031860266918060536,0.0,0.0,0.01593932800629106,0.0014341211545610326,0.11574476022956293,0.5632966587780266
0.003947680734352243,0.0,0.0,16.84466477944651,0.0,0.4373039539924235,0.028276664358323947,0.2291745477373779,0.37192932418553937,3.2772254167887636,0.003481834025126483,7.3610907436185675,0.020738593074530656,0.2681139929192825,0.08415471469944444,0.0,0.0029778406313742795,0.0,0.009370381293044973,2.400370414378129,0.0006690158339056955,0.0018808118750499466,0.0,0.6984058765361125,0.0,0.0,0.0,0.4826326234238711,0.24093724271356395,0.0004576939344885721,0.0,0.0,0.00054988757524374,0.05191344822416101,0.0,0.04134265805935981,0.004647723203170865,0.12166258637041397,0.041017469688647015,0.30453219870203174,0.0054909917058097125,0.007756501516949314,0.011357187423000775,0.00023912438153908685,0.0,0.00125560970185991,0.10104058366991223,0.0,0.001998583455759438,0.0,0.0,0.0,0.13845442167245653,0.0007387926352523971,0.050709769619524406,0.011379177357285003,0.011925353770397667,0.10914526904936843,0.09785536950323916,0.0,0.09378321067590024,0.014339441914844238,0.0,0.024204049209104277,0.0,0.0,0.0,0.0,0.32392551649605156,0.0,0.0025972498590614546,0.0,0.39171003338506366,0.0,0.0,0.0,0.04837621784597715,0.0,0.001078886381349473,0.0,0.0,0.0,0.0,0.0,0.0007402582886288771,0.29578644415737493
0.043004028298513686,0.03276567314139603,0.5669353875522306,0.0,0.0,0.016809049263840643,0.9211256379703838,0.013146720372302243,0.012269251096799674,0.002692348680931549,0.05921034196385849,0.0,0.011584601508279313,0.12226153370056679,0.0,6.573596618575376,1.1069013358138358,0.012516405731966046,0.3109371543533035,0.0006690158339056955,25.569303423763795,0.5108643663613888,22.410365031617577,0.3263455912110077,0.0017473494597812112,0.23733969135038127,1.2262070737751818,6.391598701600788,0.39551743593689176,9.635560181349144,0.0,0.0,0.03659151927545774,3.8844004985242515,0.06981509667797701,1.7304185754087993,0.2594073718356827,2.458019107269289,1.5080651764905628,1.017330217457106,0.03182602498715126,0.001432022030704378,0.145713441356793,0.047129106829417775,0.0013749678432639165,0.004152548279644795,0.0,0.0,0.0,0.0,0.0,0.002789650608222518,0.0,0.0,0.0,0.0,0.0,0.007198067096790002,0.0,0.0,0.0,0.0004323928170170114,0.0,0.0,0.36577861888509944,0.0008242709704711986,0.0,0.0,0.0,0.3837936127333437,0.2586281697383056,0.09055758287919907,0.4250041509124716,0.0,0.0009000486123133794,0.046070243525891987,0.14696125513522537,0.0014289311999923346,0.02953733103576324,0.0,0.0,0.0005921273187521551,0.0009737868024760471,0.000944973680035334,0.3208013809578798,0.33762261165625024
0.011820922237812375,1.9280303615373031,0.03242721358191339,0.0021713440405095323,0.0,0.004573043117680577,0.0766076304898613,0.009740345436673672,2.4069549209673586,0.0015588700596085654,0.013245753644100867,0.02448088523755127,0.09784669487650624,0.06017052582262385,0.032927596440444844,5.522529582545039,0.10121916069084927,0.0012174866651021292,0.04798216620717122,0.0018808118750499466,0.5108643663613888,5.834137489350185,0.44145806719905645,5.311039363596663,0.1696947706834157,0.05215396355449179,5.939366378708227,0.6566704941626792,0.14152487536527383,0.3805205626975878,0.0017324773895026305,0.0,0.013230175126912526,0.08410899387985941,0.012216870831748647,0.6379631981122844,0.15874702123540294,0.1724264315242604,0.2558902560894189,0.19316748336950246,0.0049447447433087375,0.034374841661870485,0.5855169449603073,0.12757964978495265,0.19327684423562733,0.2050825903876505,0.03702780436779595,0.0025454163136487636,0.00024981045367394286,0.0,0.009734507474791201,0.07433106401898595,0.006114313239686062,0.0,0.0011384725065362083,0.03322914836444721,0.009875685505105846,0.14332719793261062,0.004719365624130777,0.004286087775711345,0.004830771317005569,0.061298309766448865,0.006773082321341989,0.00028948691121184875,0.8269884241875383,0.05414452746864372,0.0008427775032937019,0.00262719151757465,0.007007922326969971,0.12802957667907597,0.9975259577738794,0.6605111174709771,0.8902830673899996,0.014984801466377576,0.020160295367354267,1.403872576550512,0.2348622124203461,0.017159962251667223,0.036488230612466165,0.0017702638807724131,0.0009233293513460324,0.003703358570718668,0.025746326858208025,0.012082798670010548,0.3314477105459742,0.07359165718980652
0.04291576829443737,0.07865599026222958,11.768270824243645,0.0,0.0,0.006124471411282742,1.9916787392583795,0.04576976019893753,0.012725820612291014,0.01143204848190392,0.13434371993021932,0.0008750435811705203,0.006791232231581093,0.22094378662371728,0.0,5.225485553239393,8.516845597513072,0.028428049952431287,1.2005442152553925,0.0,22.410365031617577,0.44145806719905645,58.149252658458344,0.3270106457196324,0.00036159179154462577,1.7297138789040825,9.118320279841884,4.473019226391925,0.2846549461209178,3.0856784911803676,0.0005244863137287244,0.0,0.021719562076666716,3.22214981916841,0.04660303140088297,4.161776543070734,1.8157836179291944,5.384292718768654,7.272948632157545,3.0390869169264465,0.03358149161659292,0.004516576109037739,0.25394916858073313,0.2846646573611229,0.08521539320111857,0.13774196758139767,0.0023948716702831487,0.0,0.0,0.0,0.0019354702169539282,0.0916457278003741,0.0,0.0,0.0,0.0002951663656970458,0.0,0.00211725292737801,0.0,0.0,0.0,0.0,0.0,0.0,1.1951210150946985,0.019926644624658728,0.0,0.000489045259237598,0.0,0.10178881030355569,0.17676351152613895,1.9147173054159639,0.14363540621427262,0.0,0.004897966369078233,1.1788986120136251,0.024908932545172513,0.0,0.00144589039869844,0.0,0.0,0.0,0.006988237840464932,0.0011906977586210851,0.7541159156310524,0.39755668436758196
0.1698346439693787,0.5823714931633512,0.015666586294821247,3.650636424348477,0.0,0.354012524691475,0.8703159895410857,0.24045050930644446,11.726675197603496,0.9263532061386063,0.006350768282445769,0.8215879558098051,0.09959504539551153,0.7179304687740475,0.6311022496156141,1.8907763157772066,0.06027185347438534,0.0,0.01829181218851647,0.6984058765361125,0.3263455912110077,5.311039363596663,0.3270106457196324,29.886997703102516,0.05531108908960607,0.01554042786331514,1.8579016135373314,10.100157044130324,2.6425499680178346,1.1999728071432705,0.0,0.0,0.24631118081084286,1.0410638026952077,0.028993765191451394,2.1783584921239387,0.11036024276101593,0.9068466783688934,0.7385238910939281,1.9668543340802846,0.12459787259428415,0.022397418999298386,2.54851647780853,0.091761629568153,0.3373872679823758,0.14133494445464093,0.8378190108991126,0.007454636237774765,0.0008234131448037094,0.03250797344392225,0.007223829364811109,0.0008030146125895009,0.980328693219323,0.0006660551993450558,0.47186300945318105,0.8556596794325784,1.0327982513807457,1.602656078649469,1.389324426354736,0.0,0.19686718459232988,0.01125035240795848,0.25778078297865975,0.02559176300907458,0.2010116101112243,0.0,0.0,0.0,1.227152651394579,0.12392226256547278,0.29537669962547203,0.050756590968904836,7.816494613029897,0.0,0.0,0.025224287345175584,2.7320840667266784,0.32538307513076675,0.21612909071930342,0.0,0.0,0.0618119996221394,0.19532901000263467,0.0032951392500063462,0.18983012582544165,1.6084255066298851
0.0,0.9383247367455011,0.00023256199231015928,0.0,0.0,0.005357067364863058,0.0,0.0013593512050084058,0.06498041955267132,0.0,0.14192786199770113,0.0004605097471150325,1.7058877657670015,0.00104945582469084,0.0,0.015007198050792384,0.0,0.0019039299641960114,0.0032943362932615363,0.0,0.0017473494597812112,0.1696947706834157,0.00036159179154462577,0.05531108908960607,1.5701791295277814,0.03166835945550863,2.552324258114717,0.00024952482522466545,0.005078771909480543,0.0,0.004753134307405187,0.0,0.0,0.08409400784029712,0.0,0.02225493239981808,0.05817949894081811,0.17927118676341627,0.05334956297075775,0.0033024055955686487,0.003432375422198439,1.5444499473908064,0.032016298822197704,0.187348532615697,0.06762256013237301,0.03014763159484764,0.0010788856697562207,0.0,0.009635644451678575,0.0,0.08854463723514157,0.0002547207012657975,0.0,0.0,0.0,0.0,0.0003050624676639743,0.007267405798125793,0.0,0.07615380093877978,0.0,0.6848233296806168,0.001810408769983696,0.0,0.0,0.0017990050814664018,0.015898963806580364,0.004760625707041022,0.0,0.0,0.050213586330236815,0.0,0.00309440228753288,0.4648508342891273,0.08851378759634347,0.8950009048167897,0.0,0.004243410872511656,0.0,0.07988015293004781,0.002011481337625498,0.0,0.008512049746288055,0.0,0.004736120951369681,0.011978032154900967
0.0291504856637178,0.3002671132327035,11.496307709279934,0.0,0.0,0.011221152318564923,0.5927462269592569,0.008945784755251986,0.020855165538011772,0.0,3.0507827300659534,0.0,0.834480730583791,0.1388780261984255,0.0,0.020583044164314498,3.0951706621925004,4.286650355670477,7.893241005805373,0.0,0.23733969135038127,0.05215396355449179,1.7297138789040825,0.01554042786331514,0.03166835945550863,57.35929554938564,13.14994826335943,0.17203197983026888,0.17328592190063133,0.17795371909866428,0.9094874521812683,0.0,0.0017350706894600238,1.2022672203094167,0.017718656098395614,2.75732489152449,3.1550065934362785,3.4474136188016264,2.5960027893300137,0.04580653838798062,0.014527209670934975,0.020961998640647163,0.3676401648810827,0.8114873668347835,0.4231272060003542,0.21969113130456308,0.002955004180672461,0.0011915494340897358,0.00029335721609132463,0.0,0.11100922120899058,0.42880927003779096,0.0,0.0,0.0,0.0,0.0,0.0,0.0,0.08546975862674547,0.0,0.2027891228654034,0.0,0.0,0.014251851786867492,0.5615416792214579,0.24722212580921865,0.24295366197467574,0.0,0.0010759056188653687,0.0621542942626355,0.07222402890996772,0.0024060003534218852,0.040943384723843325,2.4337664543603066,4.362690289947374,0.0,0.0002427075331265988,0.0,0.24138983546474205,0.0,0.0,0.04660364152856325,0.0032797192275082748,0.28327427697979723,0.5559812850631831
0.0004247226676972101,10.004097967420035,10.301432921118828,0.0002543845496954986,0.0,0.00286151453799674,0.6781145173691572,0.005246328053656407,2.0284617805924006,0.010027712714894709,0.34242519088112017,0.01547086174439967,3.140197398940373,0.029837371853370043,0.021871133587218664,5.355673202465226,5.8896700268321815,0.2376021363964176,5.9742555498337735,0.0,1.2262070737751818,5.939366378708227,9.118320279841884,1.8579016135373314,2.552324258114717,13.14994826335943,55.34391391281833,1.638620732415213,0.16406535208117393,0.27436952688487837,0.8174333606448712,0.0,0.00409121196543623,1.2191373499807414,0.04050535815950064,6.632028342405793,3.9871927699838756,7.057090748154128,7.324028328333351,0.8283066159873761,0.02731294234353704,0.028930294631176263,2.255844585146415,2.4724215472591946,2.0613478275602053,1.2838021739099228,0.007920967389522101,0.0013476483169419225,0.0016359592440596867,0.0,0.6439997928395285,2.0746347530877745,0.0,0.0,0.0,0.0,0.0,0.07340560038345227,0.0,0.31799308032913787,0.0001722085281623737,1.3473772736891865,0.000347504710281193,0.0,0.923273854429602,1.7528774813132284,0.6134359056345062,0.579643546381838,0.00031167809931671525,0.06910514735705053,0.5847536620172686,3.472655859060074,0.12262143295485035,0.29947532925169346,6.203770690360127,23.50611237377199,0.02203952240986473,0.02363860604014058,0.0,0.812100656619227,0.00023773471615649692,0.0,0.2258050002050902,0.001700112476405661,1.163918710565688,0.3023111485766263
0.3147813531381466,0.04647554992691253,0.499708655678293,4.239106023694172,0.0,0.8816002906908227,21.04139363064372,0.4968637537676731,1.072380169370957,8.644163075897715,0.02557802764548386,0.4717289423234239,0.06321927022845367,1.493588614240743,0.07542544080703067,2.026073288304809,0.6100504722529884,0.0,0.13444840587009987,0.4826326234238711,6.391598701600788,0.6566704941626792,4.473019226391925,10.100157044130324,0.00024952482522466545,0.17203197983026888,1.638620732415213,35.00447866686911,5.2231998503939865,7.641232910412472,0.0,0.0,0.6378246659254657,3.0797284186702294,0.11780311572695373,3.9360282976502226,0.2269442141917967,3.238818777754546,2.0948550344067747,2.1075714251123374,0.17420233685281408,0.020446616832218604,0.44370527115937725,0.03772549139940926,0.013691489279372923,0.007437187996604989,0.13038658085082142,0.0,0.0007291127305644075,0.005569413856909516,0.0014245910402529752,0.0,0.12149356239996047,0.0,0.01688381485488462,0.20165000340623596,0.06850147375157581,0.7219812945439152,0.16366236960394318,0.0,0.1047562130563562,0.010768081592739452,0.003984535724638727,0.014053640510285263,0.2237311529032318,0.0,0.0,0.0,0.765650854131241,0.17338045546331748,0.24421055520016047,0.029321572886103434,4.000465300297595,0.0,0.0,0.015075198410408991,0.5392167853999653,0.013997072900146143,0.070524452593665,0.0,0.0,0.00293900969910619,0.015186180705297739,0.0,0.4149210142067457,1.8139282584741303
4.7134208860413445,0.008037777518796535,0.0370419997001831,0.30021184234878523,0.0,0.29433399637601426,5.74716506439565,0.5620911875302046,0.7205419473849626,2.7903046175839687,0.22744420252269715,0.6139913156562661,0.11713786489483309,6.209537807123778,0.0015463187236571159,0.027215935562255114,0.21412520308555102,0.09307127109217818,0.39024147246396196,0.24093724271356395,0.39551743593689176,0.14152487536527383,0.2846549461209178,2.6425499680178346,0.005078771909480543,0.17328592190063133,0.16406535208117393,5.2231998503939865,38.64395581240259,6.688615687008117,0.015404445416780082,0.0,4.490107215115737,2.4798643116436248,0.008063729159572298,0.45952204015073866,0.057203092712746935,1.109475270574073,0.28963608641941146,0.31830554240090797,0.028237442558047138,0.0311568511033011,0.04838284859898623,0.007097276736056431,0.00563110525615172,0.013290122957491596,0.008548522547462115,0.0,0.0,0.0,0.0014593543021698312,0.0,0.0,0.0,0.0,0.0052926676162827315,0.0,0.3823451597983892,0.0,0.0011547901022678046,0.005718978255153937,0.0018856488539507035,0.0,0.0035279751548911416,0.009402578676758741,0.0,0.0,0.0,0.008022322920490528,0.0029036539087352983,0.04379348519168547,0.0,0.8258526346925381,0.0007451946872728113,0.0,0.002466347120968869,0.043081615941332155,0.0017886642337158324,0.005219124656812046,0.0006361882072954272,0.0,0.0008296418476246794,0.0,0.0006013202903421671,0.031030385530356783,1.4440237612463722
2.170196628625455,0.026169472940223294,0.37494704237578746,0.0012983135820681326,0.0,0.02228073300492572,8.06603555243631,0.12552297240235302,0.20778880549240156,0.02083767966499517,0.09548466736466978,0.00035148460052175813,0.01819089588848399,2.9292319346399176,0.00038107440158497883,0.15776245730226934,1.2002228842919311,0.004294184550600863,0.35118676284769357,0.0004576939344885721,9.635560181349144,0.3805205626975878,3.0856784911803676,1.1999728071432705,0.0,0.17795371909866428,0.27436952688487837,7.641232910412472,6.688615687008117,23.27087267386295,0.0,0.0,0.679764699138632,3.6935266594952147,0.019959664902435434,0.272288544628069,0.026113871699136922,1.5318618905208663,0.3836248693974802,0.1867740988598888,0.013496669354582254,0.004026972020369466,0.22731176701273573,0.02206997719064903,0.01448577512060731,0.0033451160707214916,0.006567158326914974,0.0,0.00031542085110544297,0.0006286461320542901,0.0013487957610637193,0.0,0.0,0.0,0.0,0.0068124006060398,0.0,0.11012594124087564,0.0,0.0,0.0,0.0027551171782196236,0.0,0.0,0.1315345892914819,0.0,0.0,0.0,0.0019881372667932547,0.19981098730403937,0.20830835087107932,0.010954697431836507,1.1731985764217152,0.0,0.0,0.006852604925994784,0.35947591265299284,0.008061050798807043,0.042410941612278104,0.0,0.0,0.0013235885103665484,0.00969607828774296,0.002587169073231111,0.05817339803252136,0.29030151570895474
0.0,0.013044487612043154,0.0,0.0,0.0,0.0023974097455212347,0.0,0.0015648340243250693,0.00011794066034940728,0.0,0.3731173795442682,0.0,2.76275784695522,0.007403694928646174,0.0,0.0,0.0015348577518828862,0.037365971182896765,0.03312744511851816,0.0,0.0,0.0017324773895026305,0.0005244863137287244,0.0,0.004753134307405187,0.9094874521812683,0.8174333606448712,0.0,0.015404445416780082,0.0,0.5135517109533704,0.0,0.0,0.143508539264612,0.00022928797716334525,0.13474242038233833,0.7025665892047144,0.34741861747249253,0.20610979949454827,0.002397913070678095,0.0008372323620351656,0.01178620366649324,0.0030332637454207885,0.046631640359594946,0.018679155142144622,0.007528681937879259,0.0,0.0,0.0,0.0,0.005611285300080972,0.0,0.0,0.0,0.0,0.0,0.0,0.0,0.0,0.03841284583012956,0.0,0.22041541755222732,0.0,0.0,0.0,0.0,0.05159512001903961,0.001170454989087331,0.0,0.0,0.0009692791387675435,0.0,0.0,0.0222124879843,0.16032022906041257,0.2661877917254474,0.0,0.0,0.0,0.12805794153588787,0.0,0.0,0.0,0.0,0.004212552694594558,0.07622009989163377
0.0,0.0,0.0,0.0,0.0,0.0,0.0,0.0,0.0,0.0,0.0,0.0,0.0,0.0,0.0,0.0,0.0,0.0,0.0,0.0,0.0,0.0,0.0,0.0,0.0,0.0,0.0,0.0,0.0,0.0,0.0,0.0,0.0,0.0,0.0,0.0,0.0,0.0,0.0,0.0,0.0,0.0,0.0,0.0,0.0,0.0,0.0,0.0,0.0,0.0,0.0,0.0,0.0,0.0,0.0,0.0,0.0,0.0,0.0,0.0,0.0,0.0,0.0,0.0,0.0,0.0,0.0,0.0,0.0,0.0,0.0,0.0,0.0,0.0,0.0,0.0,0.0,0.0,0.0,0.0,0.0,0.0,0.0,0.0,0.0,0.0
0.020366794163939078,0.0007774685926754213,0.0017537831522873779,0.0018221448233786196,0.0,0.002670469539175508,0.24065617916042384,0.004913797883082382,0.05085911752822867,0.01656900372483447,0.0029114233634350713,0.0006592122898898545,0.0032143056364395475,0.0365092790453405,0.0,0.004586830160731335,0.00477938165329899,0.0009435598458961606,0.012021977028329828,0.00054988757524374,0.03659151927545774,0.013230175126912526,0.021719562076666716,0.24631118081084286,0.0,0.0017350706894600238,0.00409121196543623,0.6378246659254657,4.490107215115737,0.679764699138632,0.0,0.0,2.271893908594823,0.736353724816495,0.0,0.019925319981109708,0.0020306683060829305,0.11312227431298472,0.02207591370819718,0.011258696461503718,0.0020454079310671456,0.0010528602647154638,0.009345244896704658,0.0011162320660125583,0.0,0.0012257639051236264,0.0,0.0,0.0,0.0009051743710049653,0.0,0.0,0.0,0.0,0.0,0.0013204122630500008,0.0,0.02416272588334361,0.0,0.0,0.0,0.0,0.0,0.0,0.0,0.0,0.0,0.0,0.0,0.0003962280086516297,0.0023121686249964087,0.0,0.07064453503534518,0.0,0.0,0.0,0.006550048702477804,0.0,0.0007277432185193261,0.0,0.0,0.0,0.0,0.0,0.002409968959826566,0.023783050931548446
0.14967119056387074,0.07026897255886198,0.16176588830566638,0.05702822743846438,0.0,0.18382218030004951,1.5023678488159522,0.11405341610688707,0.2656290351187356,0.6091676710727684,4.31807762541286,0.1361049650145575,1.0575674856029469,0.4655371676597745,0.0008018110288427857,0.07162203223753068,2.9286110318242193,0.7109275790759998,4.392450215447294,0.05191344822416101,3.8844004985242515,0.08410899387985941,3.22214981916841,1.0410638026952077,0.08409400784029712,1.2022672203094167,1.2191373499807414,3.0797284186702294,2.4798643116436248,3.6935266594952147,0.143508539264612,0.0,0.736353724816495,9.246117630489602,0.15973853665949758,1.615675141085382,0.6134331316533992,3.8996524527851495,1.3329228445817913,0.5670033540984581,0.8566994321749728,0.4933862295325014,0.23062222833951151,0.0933538081643415,0.04455925247196522,0.0808955017978213,0.011426068785893716,0.0,0.00202908981434763,0.0,0.012808727935669716,0.01564524111485305,0.0,0.0,0.001867824434090078,0.0,0.000575501958938274,0.13055441146668095,0.0,0.012377371134895138,0.0014060520536952877,0.05203271229547811,0.0,0.0,0.024175390896317362,0.008136025191642892,0.0031330831879876142,0.0045756565455614216,0.004028618088049836,0.006668780273314791,0.027547191370967766,0.029036570791373822,0.31105692135585983,0.017199111761693635,0.03833279457522429,0.15539125232140977,0.046809109899995476,0.002922479082851246,0.005614411189467785,0.0050659584784852685,0.0,0.0,0.002510103523841639,0.08622699314149063,0.17223158027665944,1.6278409887747778
0.0,0.009173696765202882,0.0028189058206791935,0.0,0.0,2.2810943933897234,0.0048698501378664424,0.001562840749964922,0.007298683714406483,0.33440375657541244,0.010696514003434377,1.620743980144186,0.013120064813314172,0.001784904200376652,0.0009051016614228478,0.017276464235648662,0.0,0.0032791087440316,0.01396091214532092,0.0,0.06981509667797701,0.012216870831748647,0.04660303140088297,0.028993765191451394,0.0,0.017718656098395614,0.04050535815950064,0.11780311572695373,0.008063729159572298,0.019959664902435434,0.00022928797716334525,0.0,0.0,0.15973853665949758,256.47339269979665,1.927665132690985,0.42300048762119963,0.11566442000426153,2.0330679567118533,0.21440650339593245,0.12546033581666444,0.048306534860576796,0.972528727599137,0.25566774359824973,0.10330357885027033,1.9402187680924965,0.04805979901074693,0.03259473245639261,0.00022911361140211283,0.0,0.006867671070626333,0.004760322237932337,0.0,0.0009083218496228205,0.1995548936852463,0.0,0.0022409508981387945,0.0016089801007464436,0.00023027101782946264,0.0020677239656669948,0.10261261774726414,0.11661979212027297,0.0030404705204621243,0.013112845242301292,0.0007700569423120982,0.019197543216051244,0.0005659308644830099,0.005776581614688039,0.0,0.0077249007279366995,0.006045029369151882,0.032280502202456964,0.0023095222605135153,0.0,0.006272677810044398,0.01688701148426506,0.0011931457410704316,0.0040439297323539465,0.0006717383388667491,0.0,0.00231130660601153,0.0008476442674549379,0.01280096680406958,90.94461676429309,29.090984271840853,0.48786461217457616
0.026647852153593308,0.29319854848389665,0.7006453949462037,0.06775744368831893,0.0,0.7436646279086,1.089143749757343,0.21018001746399448,0.7924861289436114,0.49901112462537744,0.3432430356181077,0.06176712510295242,0.9546557770277734,0.23542638831796717,0.0035724422869402124,1.5457982315798575,0.22094559423577342,0.3041589136416368,1.0262745175238612,0.04134265805935981,1.7304185754087993,0.6379631981122844,4.161776543070734,2.1783584921239387,0.02225493239981808,2.75732489152449,6.632028342405793,3.9360282976502226,0.45952204015073866,0.272288544628069,0.13474242038233833,0.0,0.019925319981109708,1.615675141085382,1.927665132690985,5.562199065693946,16.949809479990712,1.330208450881634,3.8956011852937658,5.036436408735895,0.7945479001394499,0.29753839235209395,1.6595202783916163,0.8667267941887525,0.3303412112077416,0.3252171436302314,0.1965629518551068,0.003933306448968756,0.006678747432950921,0.0022032965344878177,0.0556739130811116,0.26616740478203743,0.010819513545416541,0.0011022798316707237,0.018549210704145582,0.0809983183568099,0.028251539804928467,0.4620984157520836,0.02221145341665811,0.020069849120076002,0.015149193600099484,0.09884147716169454,0.009930408385976516,0.0038857055873000547,1.2050083902090334,0.18857241115449444,0.021278400270568768,0.03308181849609004,0.03399754880661359,1.1787444708381756,0.35558737062956886,1.045892988900119,4.0138992120829275,0.008434776348133347,0.5421235057165178,2.201544470837094,1.3320346568312458,0.05759835901582309,0.3554685255214868,0.010632014237880827,0.002176053593389762,0.02302690168546471,0.07319803958476445,0.5927634550385548,0.7244392458048103,2.3898027066192804
0.002519857485056114,0.19736190097024608,0.2610495564152022,0.0,0.0,0.03543145025675749,0.11048817604587412,0.013275127133521955,0.04312381002850913,0.030144925100734802,1.353012932926143,0.007110614039463736,3.8514631219080058,0.034950039897559584,0.0,0.7517240327540898,0.11928979402831733,0.38256891368940354,0.651014323910945,0.004647723203170865,0.2594073718356827,0.15874702123540294,1.8157836179291944,0.11036024276101593,0.05817949894081811,3.1550065934362785,3.9871927699838756,0.2269442141917967,0.057203092712746935,0.026113871699136922,0.7025665892047144,0.0,0.0020306683060829305,0.6134331316533992,0.42300048762119963,16.949809479990712,3.0582197441415424,4.786589528857416,6.455763042908595,0.35119739332660543,0.05238028279001435,0.734036011749129,0.9242169091205277,0.8302523541137696,0.4455783197680471,0.3975077663086793,0.00981568745637428,0.003435397330021041,0.0016357377352453893,0.0,0.0882168015469193,0.47265061836408445,0.0,0.0,0.0005327561709702077,0.004783846240201603,0.0,0.018209455943284807,0.0,0.12335676316793487,0.0,0.6719819004515544,0.0,0.00035049126716750543,0.7289192024100997,0.4724188944126092,0.1570690342009681,0.17206032295807216,0.00031304013963263016,0.3075201214407668,0.16167383271400276,1.4540124025422458,0.21713237123233955,0.09923984723123147,1.6443174443583484,3.5260533467436703,0.09469932618710084,0.007298936418960739,0.01622205152859382,0.31449141386964496,0.00041062693295153,0.0,0.06552000094492141,0.1662370797339826,1.9811657389159583,0.3756607792788781
0.12043451415843084,0.30599485480960614,0.7214068176223504,0.04964035030023786,0.0,0.17040956498866736,1.7340300936194004,0.14167142281143472,0.26987937412670154,0.7664992921936771,2.085411014317896,0.19595356780271916,1.7108312686275968,0.5998914665165145,0.0,0.32865889311179575,0.9178195008433291,1.0952085278215873,3.162065144975199,0.12166258637041397,2.458019107269289,0.1724264315242604,5.384292718768654,0.9068466783688934,0.17927118676341627,3.4474136188016264,7.057090748154128,3.238818777754546,1.109475270574073,1.5318618905208663,0.34741861747249253,0.0,0.11312227431298472,3.8996524527851495,0.11566442000426153,1.330208450881634,4.786589528857416,3.8845228029666976,2.354407198785293,0.20322761366810194,0.0876329775684124,1.6257365196456175,0.2368432794998819,0.5371502494138214,0.22208799083601483,0.13199873529283104,0.004544701400356467,0.0016093509424878656,0.0040965930209146476,0.0,0.09078174654627176,0.26996713956075924,0.0,0.0,0.0,0.0003985151964396539,0.0005917615725267081,0.11290903179796123,0.0,0.049182430333235154,0.0013348527520201379,0.19088923493360843,0.0007545629649437124,0.0,0.10185323399216603,0.23333401466033132,0.038144617335337055,0.04415789383783259,0.0018818232523759924,0.016855828857945277,0.06808186836698606,0.27502743309617883,0.11253968810011514,0.0512073242125476,0.602952079065236,1.8192497105203969,0.02479931334528252,0.0020195483018404905,0.0025028019671202977,0.03996909389732419,0.0010362586034983428,0.0,0.016427166009452484,0.03829266511233816,0.45148238256444434,1.5042232384629017
0.041959063605695214,0.2540417789101666,0.7112287720520348,0.03650067771271293,0.0,0.13908748517211825,0.7549564765848962,0.08335143030406268,0.24165789869200124,0.3073979163545312,0.6739542688880846,0.0737989902786532,0.8094845277209823,0.16931227190086312,0.002216158785863099,0.8440716715782188,0.27626789969967946,0.662248473505708,1.4792325796612524,0.041017469688647015,1.5080651764905628,0.2558902560894189,7.272948632157545,0.7385238910939281,0.05334956297075775,2.5960027893300137,7.324028328333351,2.0948550344067747,0.28963608641941146,0.3836248693974802,0.20610979949454827,0.0,0.02207591370819718,1.3329228445817913,2.0330679567118533,3.8956011852937658,6.455763042908595,2.354407198785293,1.8688373467421076,1.6507497075532171,0.6423353507539558,0.7584619192283537,0.40862645154949234,0.47472001922467,0.2587822620298385,0.5704301843794015,0.02437709723940784,0.006184113218641583,0.0013590247361891696,0.0,0.07215506394757461,0.3163653584377564,0.0,0.0,0.00511666890101703,0.0020690009960031225,0.0012384185745811468,0.11369250478909862,0.0,0.019473354969544467,0.0026340948362142914,0.09743773168670333,0.003982616748238487,0.0,0.37720147179047353,0.23257486143603348,0.04559837362451823,0.050089858968133144,0.00434101436285799,0.03720779322786925,0.08922051854617451,0.7738295435953043,0.4175369309358383,0.020075250875293892,0.684310661698257,2.438782542985793,0.04928975420013598,0.005975964516855665,0.010163889833012786,0.03848837111050709,0.002258307902887834,0.0,0.015105528217628077,1.2921906430729235,3.867762983706451,0.7612592211540891
0.020462119984057142,0.039626263058604345,0.07659871190100574,0.6176366006440859,0.0,1.8393471929667153,0.6167419103543915,0.4357596896956704,2.1301898784838382,0.8647009615781625,0.018598339331116202,0.7942619091588231,0.22723735546474944,0.1832838358347725,0.9145007233295055,0.4960281869404772,0.032572572159059135,0.012218094950043544,0.041003206208498774,0.30453219870203174,1.017330217457106,0.19316748336950246,3.0390869169264465,1.9668543340802846,0.0033024055955686487,0.04580653838798062,0.8283066159873761,2.1075714251123374,0.31830554240090797,0.1867740988598888,0.002397913070678095,0.0,0.011258696461503718,0.5670033540984581,0.21440650339593245,5.036436408735895,0.35119739332660543,0.20322761366810194,1.6507497075532171,4.898971929485244,0.687022607492207,0.05304882935358289,0.3327724237421854,0.07077620999189548,0.041065670004096964,0.13066788812465083,0.7640311269011183,0.005923492672294252,0.007603663128972097,0.004261425961243237,0.0021228656572886374,0.0024522819974401285,0.4414828815613305,0.007908721352490593,0.39589595669713645,0.0788951307943943,0.11107547395911124,0.40235506022380857,0.44829341887314156,0.002054715786846585,0.4462499322692737,0.024257729427959823,0.01398025995926777,0.09985609064866796,0.14046274018138113,0.0050226802408650595,0.0011884620342737398,0.0014525411017329761,0.6889953687536257,0.014999493312957633,0.038815159943396925,0.040219087293999485,1.7931072089976183,0.0,0.005049615316224655,0.09625554820489951,0.47694540546898334,0.022269457720869676,0.02023160290744612,0.0,0.0011328567142331828,0.004032232295600066,0.010513946481893466,0.2737205871297866,0.16750459129046547,6.762674122624148
0.0007865055855655986,0.0022456039301834347,0.0027460890167100072,0.005987334328451249,0.0,0.042265609580102136,0.0997789650458909,0.009561273947374754,0.03711112163242394,0.06174060528037745,0.008519110898852805,0.01082323907918994,0.09861276355465018,0.0067797816414441854,0.0005386760169049786,0.007744903512645627,0.0,0.0015460937077046385,0.007411616028951158,0.0054909917058097125,0.03182602498715126,0.0049447447433087375,0.03358149161659292,0.12459787259428415,0.003432375422198439,0.014527209670934975,0.02731294234353704,0.17420233685281408,0.028237442558047138,0.013496669354582254,0.0008372323620351656,0.0,0.0020454079310671456,0.8566994321749728,0.12546033581666444,0.7945479001394499,0.05238028279001435,0.0876329775684124,0.6423353507539558,0.687022607492207,0.42724370459725775,0.038187165745126324,0.033960710157557895,0.011269738254023338,0.009111106826993445,0.05173284823255269,0.0012267837199125369,0.0,0.0,0.0,0.0002610143369711818,0.00024325388426126962,0.0,0.0,0.0003131749103120961,0.0,0.0004888010810953571,0.01482767633898318,0.0,0.0005945272178287766,0.0,0.002885612376690124,0.0004895252288873053,0.0,0.0012559937334905731,0.001915151256113924,0.0005231993973291765,0.00024394130875851112,0.0,0.0027167776519213876,0.00027022873260094395,0.005230282184891591,0.017751513751699786,0.0002526652387380731,0.0007900110845392884,0.010947833187290703,0.0003337568302734328,0.00039913829798955865,0.0,0.0,0.0,0.0,0.0004934669472326104,0.11352012894757246,0.08232656089036904,2.290060238657687
0.0,0.2667373326277061,0.0007549962744072033,0.00312131834047996,0.0,0.045682837913936264,0.03533602286940948,0.016149079724365516,0.019810997035448686,0.027805895304421006,0.47372015538852064,0.011211499060502911,1.737748824040294,0.015986147513153012,0.0,0.0025428601563178155,0.0005123603580587945,0.0063335425666520605,0.0023712607519807164,0.007756501516949314,0.001432022030704378,0.034374841661870485,0.004516576109037739,0.022397418999298386,1.5444499473908064,0.020961998640647163,0.028930294631176263,0.020446616832218604,0.0311568511033011,0.004026972020369466,0.01178620366649324,0.0,0.0010528602647154638,0.4933862295325014,0.048306534860576796,0.29753839235209395,0.734036011749129,1.6257365196456175,0.7584619192283537,0.05304882935358289,0.038187165745126324,0.5283341033783183,0.10809397680580182,0.44633937483968056,0.02470154757355326,0.0056703082754494235,0.014779859229207416,0.0,0.022727763549314394,0.0,0.11505226048404349,0.0,0.002630735620482358,0.0,0.004809895000749529,0.0018196429631543423,0.004479942780049797,0.003666449372274668,0.002157766764984377,0.062100746273054924,0.005898006146659041,0.23953106644872477,0.00023248290380280533,0.0,0.003060967316080471,0.0011591651936117165,0.001914344995543297,0.0004181719435148364,0.009345627022281944,0.0010085929378864478,0.0156847667400352,0.0014292561312618654,0.047163225248069596,0.1281278155205418,0.004220549020472078,0.012050496466069077,0.03353655658656544,0.003232927701509619,0.004447529592974786,0.0035091621795166825,0.002943015206703893,0.0,0.004154265150853923,0.01838035653763256,0.15214924172924515,0.21199193596801533
0.0017970874393035176,0.47310767603254794,0.21064932332968328,0.024209218070015814,0.0,0.028789362723178277,0.04597744376016883,0.01063837003633975,1.5194749018473477,0.01863478521881685,0.0038830093350472566,0.021777973234321155,0.14608402656884797,0.0190367115518819,0.002099809680068013,0.45981134644433486,0.11571445236737173,0.0023034838326458085,0.09988551566506482,0.011357187423000775,0.145713441356793,0.5855169449603073,0.25394916858073313,2.54851647780853,0.032016298822197704,0.3676401648810827,2.255844585146415,0.44370527115937725,0.04838284859898623,0.22731176701273573,0.0030332637454207885,0.0,0.009345244896704658,0.23062222833951151,0.972528727599137,1.6595202783916163,0.9242169091205277,0.2368432794998819,0.40862645154949234,0.3327724237421854,0.033960710157557895,0.10809397680580182,3.40683718220965,11.506367283989407,3.103138000645358,3.2628343179434096,5.898629241690238,0.6575450201105855,0.5444795468357397,0.08902865377921754,0.20892178151286792,0.866736918394482,0.28828974604899105,0.07471051136259615,1.4735817925489507,3.179784068492882,1.2921804149364597,1.2960625996111703,1.8440451755820713,0.6710203341577028,0.3774342685450225,1.6502214425141202,1.0209030918336348,0.16311967655417106,0.7645627179652056,1.176796933168686,0.7728674219156229,1.332795562264983,0.36484063118288435,5.30866594726354,0.24604076454800583,8.393003738835057,4.520538784185575,0.026794898515573977,2.925422842587809,10.52035695264659,6.286396696134174,1.657110940500641,2.243626947191726,0.13954468878073398,0.41922345846167736,0.07306351106302429,0.8259077259245737,2.962578081998115,1.0521597982641366,0.2431781887830342
0.0,0.22530437220268262,0.1168751868020064,0.002767575549595269,0.0,0.003928259219675541,0.004291641799178541,0.002940135414219697,0.03586093828657728,0.0038699249903346475,0.1585707580615872,0.0008695497254543505,0.9999169164691025,0.007452482651620131,0.0,0.34821093574567286,0.18304994869063235,0.022703841868072398,0.3116464318539565,0.00023912438153908685,0.047129106829417775,0.12757964978495265,0.2846646573611229,0.091761629568153,0.187348532615697,0.8114873668347835,2.4724215472591946,0.03772549139940926,0.007097276736056431,0.02206997719064903,0.046631640359594946,0.0,0.0011162320660125583,0.0933538081643415,0.25566774359824973,0.8667267941887525,0.8302523541137696,0.5371502494138214,0.47472001922467,0.07077620999189548,0.011269738254023338,0.44633937483968056,11.506367283989407,2.293645795468515,5.174376726405381,3.6358935968642383,0.14844727155320692,0.02779136769610535,0.371161302399933,0.002404803809365573,0.519968479637176,0.39184208455842584,0.0037653974943162296,0.0004202102261482895,0.04376744992599546,0.13136369214073734,0.0555565550758598,0.16359465564790387,0.027487387714264722,2.2204882789085367,0.004930214466518382,2.5381240391531388,0.0484562045237945,0.00022486105387510815,0.4455050338208119,0.29972140921585494,0.9138220616076101,0.659616387382886,0.021151033566424678,0.7558007067041613,0.35098471594369574,2.4671449639758336,0.4587939050349417,0.4605337136012382,3.232975946744394,4.851938913324309,0.5312249940742115,0.1779826599393874,0.13658398275580289,0.8043593398542579,0.06624072360981267,0.00309473667282707,0.26588235466747057,0.3808970272710041,1.8734179228367998,0.053403962826412084
0.0,0.269827813744149,0.14773223009637,0.0,0.0,0.009577233268610067,0.0,0.002883808309893359,0.3542174854681909,0.0,0.013221159227679488,0.0002703428924900937,0.8446316938043624,0.003743315828037342,0.0,0.09401562423748197,0.1913699739045712,0.003188972382908362,0.13947459587949834,0.0,0.0013749678432639165,0.19327684423562733,0.08521539320111857,0.3373872679823758,0.06762256013237301,0.4231272060003542,2.0613478275602053,0.013691489279372923,0.00563110525615172,0.01448577512060731,0.018679155142144622,0.0,0.0,0.04455925247196522,0.10330357885027033,0.3303412112077416,0.4455783197680471,0.22208799083601483,0.2587822620298385,0.041065670004096964,0.009111106826993445,0.02470154757355326,3.103138000645358,5.174376726405381,4.889610033103089,3.6094623568357433,0.3536350391215165,0.2389442385555389,0.8291982517757367,0.10535929206213243,0.17928675784699635,0.5259552735359667,0.11489984338468671,0.02175204900259269,0.5135077406023583,1.9057452551183613,0.6564382219031882,0.4452389517454154,1.1858994645726697,3.867680152002563,0.2514963080960985,2.958290524490074,0.9259215553481593,0.01856476187582173,0.12708391160995242,2.5837507374167443,1.576299701369915,2.422059498483695,0.21417674668212688,3.1116527856036282,0.1665106513029634,6.902308872667525,1.3462704904760712,0.21898447545323463,2.898234474059258,8.577707010471105,2.6049648452241234,3.484980615002489,2.73305371542378,0.4307050553470356,0.7601059471901955,0.3780379804113417,3.505543855844223,0.313969618115423,0.9306128149575251,0.04256184958753492
0.00045506851117857564,0.16492688400588318,0.10123197743837715,0.0,0.0,0.015400337236441488,0.0,0.015597045094376682,0.1375490328577417,0.003970294964646511,0.0014958520980569373,0.003671213921147803,0.44081887308207823,0.010108927640789418,0.0,0.137589647004583,0.10071342283894219,0.002449129359771183,0.07298900825320298,0.00125560970185991,0.004152548279644795,0.2050825903876505,0.13774196758139767,0.14133494445464093,0.03014763159484764,0.21969113130456308,1.2838021739099228,0.007437187996604989,0.013290122957491596,0.0033451160707214916,0.007528681937879259,0.0,0.0012257639051236264,0.0808955017978213,1.9402187680924965,0.3252171436302314,0.3975077663086793,0.13199873529283104,0.5704301843794015,0.13066788812465083,0.05173284823255269,0.0056703082754494235,3.2628343179434096,3.6358935968642383,3.6094623568357433,0.8925163099542164,0.5632952932305696,0.3311730462493098,0.19577208973044996,0.03403802687395192,0.06794482634538937,0.3368376548279874,0.03159753023315357,0.025082443161919155,0.20641251139179662,0.7561718364883652,0.25307523153977957,0.15192660517941659,0.2720785164941365,0.9623635908768461,0.057325554569783756,1.2352278111561406,0.24475424179930613,0.006911942057077782,0.1936728384350669,0.8123069685209257,0.7034535494950163,0.776173721374889,0.05203873757157753,1.9502087669367574,0.08620918221648775,5.7828389549695505,0.5815199236077335,0.024639209437699483,1.3848121864027254,4.844294487045951,1.2804460274830018,0.5887882533969889,0.8333044747881543,0.16790569864323043,0.4226088223739056,0.0440522138784182,0.7030219571822917,2.1290002768583816,6.373689310021221,0.08308346521313707
0.0,0.0004116386279531362,0.0014787871769245517,0.16560408344176225,0.0,0.02307047700056141,0.0107385691139075,0.011142121348608395,0.5753267948964815,0.25090885369588123,0.0,0.08097887872191954,0.026142957044118283,0.01513516104466911,0.004851107254427486,0.009511051271190432,0.0,0.0,0.0002103022371124771,0.10104058366991223,0.0,0.03702780436779595,0.0023948716702831487,0.8378190108991126,0.0010788856697562207,0.002955004180672461,0.007920967389522101,0.13038658085082142,0.008548522547462115,0.006567158326914974,0.0,0.0,0.0,0.011426068785893716,0.04805979901074693,0.1965629518551068,0.00981568745637428,0.004544701400356467,0.02437709723940784,0.7640311269011183,0.0012267837199125369,0.014779859229207416,5.898629241690238,0.14844727155320692,0.3536350391215165,0.5632952932305696,5.917743889857874,1.5695051715135364,0.07956239701109405,0.011180621567911775,0.004111724428813182,0.0060989293051315644,0.25664470367459935,2.274383987744724,8.58212417349545,0.5371552710257572,2.3882572688861963,1.101277424282614,0.9444764300550527,0.06731671948665822,1.0717984354053731,0.31939655419152546,0.757726290756038,3.6807287197580165,0.02357198490073418,0.022118263799488017,0.006414855883021113,0.009661085244740237,0.3606635954164117,0.4383175940770065,0.03573541731555637,0.6324645281373672,1.172768333950564,0.007459794767877099,0.0037755391086627525,0.058184913288695406,0.9062371165198494,1.5580895269207553,0.21994034388012665,0.0014572594732867458,2.003063462392273,0.014366857315650183,0.25274053196280793,0.05316199034370288,0.19178057037879004,0.09637032035650873
0.0,0.0,0.0011140919493016716,0.0,0.0,0.00026427002859170934,0.0,0.0,0.04036227291948849,0.0,0.0,0.0004693812437456085,0.014117517174288911,0.0,0.0,0.00025479064071703083,0.0,0.00040637235500796476,0.0002104552677831171,0.0,0.0,0.0025454163136487636,0.0,0.007454636237774765,0.0,0.0011915494340897358,0.0013476483169419225,0.0,0.0,0.0,0.0,0.0,0.0,0.0,0.03259473245639261,0.003933306448968756,0.003435397330021041,0.0016093509424878656,0.006184113218641583,0.005923492672294252,0.0,0.0,0.6575450201105855,0.02779136769610535,0.2389442385555389,0.3311730462493098,1.5695051715135364,0.9493664631632052,0.037503987401072296,0.0005775676633260474,0.0016923282053177787,0.0,0.006953194617430796,2.401703509787073,0.7348934943015992,0.14338674371300134,0.07715441508647974,0.07976803471630657,0.10081200252086944,0.062408700592167146,0.03740394281548277,0.13742514894512212,0.05630194603580054,0.2423751581341822,0.001212637398510725,0.00278995833418373,0.0025969792248985986,0.005081443255969465,0.023313249352209228,0.016816250727346622,0.001185731371404313,0.021076759394057586,0.1159468944562184,0.002789292409968372,0.006531567482043894,0.012836166628447646,0.08134563387223488,0.3745516851666733,0.020414350919533055,0.0009646209222577697,2.3497207664339554,0.0022105518884757503,0.21571660851025518,0.07409427808536342,0.12194934884519745,0.0022851204063094543
0.0,0.0007515891150797886,0.0,0.0,0.0,0.000851405825636802,0.0,0.0,0.0030366499508682815,0.0,0.005529740233037576,0.0012638039396111558,0.019962451895535107,0.0,0.0,0.00025303234461491374,0.0,0.0,0.0,0.001998583455759438,0.0,0.00024981045367394286,0.0,0.0008234131448037094,0.009635644451678575,0.00029335721609132463,0.0016359592440596867,0.0007291127305644075,0.0,0.00031542085110544297,0.0,0.0,0.0,0.00202908981434763,0.00022911361140211283,0.006678747432950921,0.0016357377352453893,0.0040965930209146476,0.0013590247361891696,0.007603663128972097,0.0,0.022727763549314394,0.5444795468357397,0.371161302399933,0.8291982517757367,0.19577208973044996,0.07956239701109405,0.037503987401072296,0.6347846610919609,0.0006438641128963704,0.5651152212630661,0.0,0.0029767005573254667,0.0,0.048333412487487876,0.013133559162811196,0.03591560457037023,0.01513528356577901,0.011883533841494999,0.4812784527194066,0.004652535149237486,0.7994131752155605,0.025112319709649628,0.0011370411621201776,0.0008806242258496174,0.0006306429389666643,0.001593633601079917,0.000572065471803184,0.018073229216951318,0.002428713139381805,0.18847422706758837,0.0012285485474241636,0.04238794852211131,1.0451621200844752,0.005625386714865665,0.011760170052716007,0.024106032295784494,0.09134442886048044,0.008368718434787297,0.005891285021306387,0.04973433302621053,0.0003450598791734012,0.21450622972143896,0.0012355955062449033,0.013875036334441782,0.0007657671532094898
0.0,0.0,0.0,0.0,0.0,0.0,0.0,0.0,0.02433178247272324,0.0,0.0,0.0,0.0,0.0,0.0,0.0,0.0,0.0,0.0,0.0,0.0,0.0,0.0,0.03250797344392225,0.0,0.0,0.0,0.005569413856909516,0.0,0.0006286461320542901,0.0,0.0,0.0009051743710049653,0.0,0.0,0.0022032965344878177,0.0,0.0,0.0,0.004261425961243237,0.0,0.0,0.08902865377921754,0.002404803809365573,0.10535929206213243,0.03403802687395192,0.011180621567911775,0.0005775676633260474,0.0006438641128963704,2.3266692753894644,0.0,0.0019012221739668875,0.008402505644900379,0.0,0.02019944450887705,1.6486197971481293,0.1171853737576596,0.04038046637669336,0.06196687459000889,0.0,0.000550326882421796,0.0017439408518532449,3.331135572556381,0.0035839044023464593,0.0,0.04541266709994362,0.0,0.0,0.0031644673476824954,0.03671401016804065,0.0007301552909233982,0.07132250470738662,0.08917849944740261,0.0,0.0011666755902460327,0.0002628104491719309,0.14494303681388349,2.4609078993750195,1.2527640834511256,0.0,0.0005474416513320218,0.043924077204959694,0.08304404387448772,0.0015916951702284019,0.021499468634057158,0.013167007374980945
0.0,0.9320518856497909,0.007718522374513049,0.0,0.0,0.0,0.0,0.0,0.008777163813427948,0.0,0.03258369418371815,0.0,0.4373546526800197,0.0,0.0,0.004884407683926828,0.018914220659298993,0.0011679668016191453,0.06632773791906979,0.0,0.0,0.009734507474791201,0.0019354702169539282,0.007223829364811109,0.08854463723514157,0.11100922120899058,0.6439997928395285,0.0014245910402529752,0.0014593543021698312,0.0013487957610637193,0.005611285300080972,0.0,0.0,0.012808727935669716,0.006867671070626333,0.0556739130811116,0.0882168015469193,0.09078174654627176,0.07215506394757461,0.0021228656572886374,0.0002610143369711818,0.11505226048404349,0.20892178151286792,0.519968479637176,0.17928675784699635,0.06794482634538937,0.004111724428813182,0.0016923282053177787,0.5651152212630661,0.0,1.6954145232324755,0.036087815093535126,0.0,0.00026343855728865734,0.0005009485116331234,0.0,0.0002598051621346158,0.4826071206840777,0.0,0.06485668000453325,0.0,0.3240719639633601,0.0011164570057229034,0.0030173869435888676,0.09263164575569262,0.11637864392939877,0.00630872354090293,0.04162795716803077,0.0,0.005431803234181646,1.1839887473176542,0.013996548405090015,0.5561464738382595,1.118425745783552,0.3560986392256783,4.453678163597093,0.0040772620437724725,0.014177179910113642,0.004499741871189806,0.006145384222107128,0.0023318374056217916,0.0,0.03098501583121438,0.002434749483297841,0.0461419257579532,0.001307733933116789
0.0,0.3060326068775526,0.4065639083385097,0.0,0.0,0.0,0.0,0.0,0.007203349456825538,0.0,0.0005145075907022166,0.0,0.0,0.0,0.0,0.03599290546652141,0.4654294606380271,0.0,0.15131303434104992,0.0,0.002789650608222518,0.07433106401898595,0.0916457278003741,0.0008030146125895009,0.0002547207012657975,0.42880927003779096,2.0746347530877745,0.0,0.0,0.0,0.0,0.0,0.0,0.01564524111485305,0.004760322237932337,0.26616740478203743,0.47265061836408445,0.26996713956075924,0.3163653584377564,0.0024522819974401285,0.00024325388426126962,0.0,0.866736918394482,0.39184208455842584,0.5259552735359667,0.3368376548279874,0.0060989293051315644,0.0,0.0,0.0019012221739668875,0.036087815093535126,17.91936908882992,0.0,0.0,0.0006081032480657355,0.9050726439714909,0.01745816184714381,0.08881599895127293,0.011714623090611272,0.010325901140898649,0.0,0.0007533281473359627,0.008342657056166195,0.0,0.06613922236741838,3.935357077478315,0.005772118679698332,0.10395208576605823,0.0,0.7997873340870553,0.07587308850608264,12.14961823662398,0.15113930158013797,0.0,7.18130305508789,22.825419144424828,0.6412604883308,0.021930600838210954,0.15557483306279513,0.0,0.00044089466636626815,0.0002339001688380258,0.10038121758693051,0.009415680252193701,0.1345384187697936,0.0
0.0,0.0,0.0,0.06315061294119369,0.0,0.0030875991637647785,0.04024040969027655,0.003568663447207901,0.42385525017199166,0.04063688366876057,0.0,0.08193703562000869,0.0,0.0021441857027665497,0.005759681719655407,0.0,0.0,0.0,0.0,0.13845442167245653,0.0,0.006114313239686062,0.0,0.980328693219323,0.0,0.0,0.0,0.12149356239996047,0.0,0.0,0.0,0.0,0.0,0.0,0.0,0.010819513545416541,0.0,0.0,0.0,0.4414828815613305,0.0,0.002630735620482358,0.28828974604899105,0.0037653974943162296,0.11489984338468671,0.03159753023315357,0.25664470367459935,0.006953194617430796,0.0029767005573254667,0.008402505644900379,0.0,0.0,11.793872071011812,0.007428798871251339,0.3742936038646104,0.1676283831661219,0.38060682415388963,0.9965815550076511,4.079082531612835,0.0013859759494671993,1.924575206299605,0.013074551067365955,0.20769735889749266,0.1350150211729298,0.0,0.0,0.0,0.0,12.153921841538361,0.0,0.0014098998163170448,0.0,3.317308123830185,0.0,0.0,0.0,8.92341554793908,0.2232137076903866,0.004724582314274603,0.0,0.0005463668913782957,0.0023536651093512017,0.06415440500083001,0.00046789670773385636,0.01560298051912088,0.07287052274114783
0.0,0.0,0.0,0.00027587141296334507,0.0,0.0,0.0,0.0,0.0027506246866958526,0.0,0.0,0.001643120845636426,0.0,0.0,0.0,0.0,0.0,0.0,0.0,0.0007387926352523971,0.0,0.0,0.0,0.0006660551993450558,0.0,0.0,0.0,0.0,0.0,0.0,0.0,0.0,0.0,0.0,0.0009083218496228205,0.0011022798316707237,0.0,0.0,0.0,0.007908721352490593,0.0,0.0,0.07471051136259615,0.0004202102261482895,0.02175204900259269,0.025082443161919155,2.274383987744724,2.401703509787073,0.0,0.0,0.00026343855728865734,0.0,0.007428798871251339,1.9524562315562286,1.0075167878607123,0.0012621615442602522,0.01285081739322431,0.11304612330070381,0.007077729256666763,0.005479316264911597,0.049331995290588564,0.002173697787680835,0.0029853166682200522,1.2756837632689597,0.0,0.00026077328475644765,0.00036351550766421293,0.0,0.008320202121104571,0.00018374724149958314,0.0014442311665428715,0.0,0.0665300512512058,0.0,0.0003842137985365953,0.00021068114781311778,0.005183066841575175,0.0040526465845220384,0.0,0.0,0.08859219507083257,0.0,0.018175568207917606,0.0008757317935031512,0.0,0.0
0.0,0.000666419992543823,0.0,0.01580268157971508,0.0,0.003654912946201491,0.010213916795638267,0.0,0.19422242724280028,0.016997252260862267,0.0002319925143947393,0.036266337016822685,0.05466006318452765,0.0,0.0033147771652743494,0.0,0.0,0.0,0.0,0.050709769619524406,0.0,0.0011384725065362083,0.0,0.47186300945318105,0.0,0.0,0.0,0.01688381485488462,0.0,0.0,0.0,0.0,0.0,0.001867824434090078,0.1995548936852463,0.018549210704145582,0.0005327561709702077,0.0,0.00511666890101703,0.39589595669713645,0.0003131749103120961,0.004809895000749529,1.4735817925489507,0.04376744992599546,0.5135077406023583,0.20641251139179662,8.58212417349545,0.7348934943015992,0.048333412487487876,0.02019944450887705,0.0005009485116331234,0.0006081032480657355,0.3742936038646104,1.0075167878607123,38.04245474810968,1.4845482337727547,12.420937421398293,0.4993244128315005,17.080614194676667,0.15125936662590464,5.3350891771155,0.23391500386733413,0.9728086690205454,3.694169632502751,0.00031655380922171483,0.01081646561361211,0.01487301636722829,0.017604897649497256,0.5086504812684554,0.0021077220506486066,0.0046604126644556685,0.008379237117316213,0.4580507958241864,0.008749483280599844,0.015921117826644716,0.017386984083871605,2.3096653705703414,1.0501015859621805,0.018314545712336913,0.00578885082932837,1.4005821266873393,0.01190526850440646,0.31253087986427647,2.467643043534069,0.1562694052220102,0.05206465196807081
0.0012053779782756292,0.0019847131054698845,0.0,0.004690675531080864,0.0,0.0,0.05612204668399325,0.0,0.24105255819203666,0.014646218305688172,0.0,0.0046222018857083064,0.012271837649328187,0.002211863710639178,0.0,0.006897112123285451,0.0,0.0,0.0,0.011379177357285003,0.0,0.03322914836444721,0.0002951663656970458,0.8556596794325784,0.0,0.0,0.0,0.20165000340623596,0.0052926676162827315,0.0068124006060398,0.0,0.0,0.0013204122630500008,0.0,0.0,0.0809983183568099,0.004783846240201603,0.0003985151964396539,0.0020690009960031225,0.0788951307943943,0.0,0.0018196429631543423,3.179784068492882,0.13136369214073734,1.9057452551183613,0.7561718364883652,0.5371552710257572,0.14338674371300134,0.013133559162811196,1.6486197971481293,0.0,0.9050726439714909,0.1676283831661219,0.0012621615442602522,1.4845482337727547,40.06179576995127,8.047928636521773,0.41125816858414177,7.222245578262909,0.017181113420817577,0.07172729267460072,0.12635796474506722,8.199870832836464,0.028495693651343492,0.006435078181541763,0.30453797292548995,0.0,0.009621013382786614,0.057995675393649436,0.20168688926187991,0.008681128039261955,1.492190871080258,1.522894717610495,0.0,0.14985584035975688,0.21667681081961698,25.530313903828148,4.099291981199104,6.2950383382577115,0.0,0.012963262240976083,0.3280408315863027,1.0344244123414934,0.07680284079979403,0.6124851633856399,0.16301046090389795
0.0,0.0,0.0,0.0004536066953228567,0.0,0.0,0.03453787316575592,0.0026516573135153742,0.3520848689756152,0.000840233506583179,0.0004546563207862971,0.005931521464614017,0.03875192323045483,0.0,0.00022633072267066407,0.0003826794255830307,0.0,0.0,0.0,0.011925353770397667,0.0,0.009875685505105846,0.0,1.0327982513807457,0.0003050624676639743,0.0,0.0,0.06850147375157581,0.0,0.0,0.0,0.0,0.0,0.000575501958938274,0.0022409508981387945,0.028251539804928467,0.0,0.0005917615725267081,0.0012384185745811468,0.11107547395911124,0.0004888010810953571,0.004479942780049797,1.2921804149364597,0.0555565550758598,0.6564382219031882,0.25307523153977957,2.3882572688861963,0.07715441508647974,0.03591560457037023,0.1171853737576596,0.0002598051621346158,0.01745816184714381,0.38060682415388963,0.01285081739322431,12.420937421398293,8.047928636521773,46.46640286221136,0.3622124504363236,6.05731851013151,0.12697805484502878,1.6661941878036888,0.1985680699225442,11.811361853038873,0.1526012518888611,0.0017018325497844303,0.07938515768381829,0.009618817431419352,0.03013287180381887,0.7616236329515778,0.0655231980063406,0.002945900514035804,0.24852224574534765,0.8088972030721703,0.005153816114697402,0.020924247106395986,0.02372730331827116,1.2009501437286954,2.35322617081657,0.9089444503762679,0.0034416804570189083,0.5003370022931214,0.07513824316755822,0.3958336688683842,0.011532031705282334,0.07913307778135964,0.12206698245305776
0.015683150826118947,0.06081115998832704,0.0025640890416171033,0.34646358641296204,0.0,0.06015705001267267,0.14498870765674943,0.03918433922508069,2.8827503345438497,0.33686994980163304,0.0015014756924717116,0.07347347892084531,0.01343104560207023,0.12348956336943866,0.007595184368282519,0.023931435660662283,0.00215112083979026,0.0,0.0,0.10914526904936843,0.007198067096790002,0.14332719793261062,0.00211725292737801,1.602656078649469,0.007267405798125793,0.0,0.07340560038345227,0.7219812945439152,0.3823451597983892,0.11012594124087564,0.0,0.0,0.02416272588334361,0.13055441146668095,0.0016089801007464436,0.4620984157520836,0.018209455943284807,0.11290903179796123,0.11369250478909862,0.40235506022380857,0.01482767633898318,0.003666449372274668,1.2960625996111703,0.16359465564790387,0.4452389517454154,0.15192660517941659,1.101277424282614,0.07976803471630657,0.01513528356577901,0.04038046637669336,0.4826071206840777,0.08881599895127293,0.9965815550076511,0.11304612330070381,0.4993244128315005,0.41125816858414177,0.3622124504363236,5.093629536411063,0.6303916164408607,0.010980905093699393,1.656834982120816,0.09455067340334941,0.3651080326284174,1.1489343168930692,0.014656561084906155,0.12597319077015554,0.0003570130955809651,0.007808282290097996,0.6733293667404034,0.007250252334461394,3.2696173290237645,0.022673483228619506,10.291460582570496,0.4196993291563433,0.22748327862425516,1.571073355922215,1.4187692953520172,0.7132461287483096,0.13485648843783715,0.0007195639496404586,0.020410550897194426,0.057388597983500926,0.17748078296374933,0.02916427640451207,0.2396317545052209,0.44573582408569795
0.0,0.0,0.0,0.04026306891613708,0.0,0.00020011266646345678,0.09568137101658022,0.0044638856782771835,0.39489333560232015,0.029693812361868282,0.0,0.0527791229431374,0.01880023816018187,0.0,0.0027974587685124937,0.0,0.0,0.0,0.0,0.09785536950323916,0.0,0.004719365624130777,0.0,1.389324426354736,0.0,0.0,0.0,0.16366236960394318,0.0,0.0,0.0,0.0,0.0,0.0,0.00023027101782946264,0.02221145341665811,0.0,0.0,0.0,0.44829341887314156,0.0,0.002157766764984377,1.8440451755820713,0.027487387714264722,1.1858994645726697,0.2720785164941365,0.9444764300550527,0.10081200252086944,0.011883533841494999,0.06196687459000889,0.0,0.011714623090611272,4.079082531612835,0.007077729256666763,17.080614194676667,7.222245578262909,6.05731851013151,0.6303916164408607,79.35369798889364,0.021738469274612194,3.5898808833148252,0.10621910865318204,2.5927796276740946,0.1465862041926359,0.0,0.0017162664565169685,0.0,0.0,3.45977344585899,0.0015315557050446834,0.0016787108518440058,0.018200215307653804,0.7537457585694086,0.0,0.0016179617799681597,0.003131228674311966,10.031010389996238,2.4811843228095123,0.04358579140130095,0.0,0.02406313839476347,0.02513022716990156,0.6034604137115307,0.1175325185288247,0.14153942862906796,0.18015149875231165
0.0,0.06426822219429261,0.0008718182339194614,0.0,0.0,0.0,0.0,0.0,0.003430529981336775,0.0,0.061068359041826,0.0,0.8418079870800187,0.0,0.0,0.0009272272558781388,0.003333414250044885,0.00446548582277864,0.003294914640678587,0.0,0.0,0.004286087775711345,0.0,0.0,0.07615380093877978,0.08546975862674547,0.31799308032913787,0.0,0.0011547901022678046,0.0,0.03841284583012956,0.0,0.0,0.012377371134895138,0.0020677239656669948,0.020069849120076002,0.12335676316793487,0.049182430333235154,0.019473354969544467,0.002054715786846585,0.0005945272178287766,0.062100746273054924,0.6710203341577028,2.2204882789085367,3.867680152002563,0.9623635908768461,0.06731671948665822,0.062408700592167146,0.4812784527194066,0.0,0.06485668000453325,0.010325901140898649,0.0013859759494671993,0.005479316264911597,0.15125936662590464,0.017181113420817577,0.12697805484502878,0.010980905093699393,0.021738469274612194,23.415163952669364,0.0035873330873698005,3.7029973512174617,0.2125909476338224,0.00047244760073252874,0.0034187574079595044,0.9171034136874965,7.581683212916997,3.154777344355309,0.005564728218645435,0.03047892008602185,0.0655165513568462,0.10343296957976872,0.005550563815150744,0.286072175843323,5.352167761130627,1.0487225520750632,0.008348620754035202,1.6180076899063593,0.016263199167062942,0.5808259008493364,0.5971773822958867,0.003609337355175313,4.63141368830494,0.007091731963301535,0.035904841595335864,0.0038297858955255756
0.0,0.0,0.0,0.15209803001468042,0.0,0.015984919468388203,0.0031247156137439542,0.007568155921722405,0.1685731796975579,0.19813497036635586,0.0,0.0713387919714556,0.0036260290710601094,0.0019987861073525065,0.002557489001480835,0.0,0.0,0.0,0.0,0.09378321067590024,0.0,0.004830771317005569,0.0,0.19686718459232988,0.0,0.0,0.0001722085281623737,0.1047562130563562,0.005718978255153937,0.0,0.0,0.0,0.0,0.0014060520536952877,0.10261261774726414,0.015149193600099484,0.0,0.0013348527520201379,0.0026340948362142914,0.4462499322692737,0.0,0.005898006146659041,0.3774342685450225,0.004930214466518382,0.2514963080960985,0.057325554569783756,1.0717984354053731,0.03740394281548277,0.004652535149237486,0.000550326882421796,0.0,0.0,1.924575206299605,0.049331995290588564,5.3350891771155,0.07172729267460072,1.6661941878036888,1.656834982120816,3.5898808833148252,0.0035873330873698005,34.36744942262747,0.025071869623174606,0.5953519817427646,1.1260004629889913,0.0,0.0,0.0,0.0,5.532772378247379,0.0,0.004739540716063278,0.0,0.9348643901300425,0.0,0.0,0.0,1.4421236072056471,0.7019526531538167,0.0012530434424461614,0.0,0.010586118315527228,0.0021699399399495102,0.12868245787295832,0.5719028284861263,0.023677040233755633,0.042417773987611776
0.0,0.482212039509607,0.0,0.004197959390973159,0.0,0.0018615913346393595,0.002740997999017632,0.0023174022917221253,0.026072604589243285,0.012747540331744155,0.2958605434938207,0.002765669407287647,6.872650771346263,0.0014917511861351346,0.0,0.0010089798413041714,0.0,0.007972296339075688,0.0018867716337420397,0.014339441914844238,0.0004323928170170114,0.061298309766448865,0.0,0.01125035240795848,0.6848233296806168,0.2027891228654034,1.3473772736891865,0.010768081592739452,0.0018856488539507035,0.0027551171782196236,0.22041541755222732,0.0,0.0,0.05203271229547811,0.11661979212027297,0.09884147716169454,0.6719819004515544,0.19088923493360843,0.09743773168670333,0.024257729427959823,0.002885612376690124,0.23953106644872477,1.6502214425141202,2.5381240391531388,2.958290524490074,1.2352278111561406,0.31939655419152546,0.13742514894512212,0.7994131752155605,0.0017439408518532449,0.3240719639633601,0.0007533281473359627,0.013074551067365955,0.002173697787680835,0.23391500386733413,0.12635796474506722,0.1985680699225442,0.09455067340334941,0.10621910865318204,3.7029973512174617,0.025071869623174606,12.632909570575544,0.17033825794414933,0.002491420033025336,0.0038274124016414793,0.004239204708323397,0.03306884106826382,0.008182280748144156,0.046706823630464876,0.07303626826170326,0.16462195095924193,0.04838047566421126,0.2381849301022557,2.49463599537794,0.3930789087447866,1.6382199823966257,0.19050733195792158,0.5754521091750748,0.10556592847576966,1.291186455951961,0.2677002990829419,0.005674933898446774,0.8492894076624543,0.27863202176084473,0.32641787313828324,0.03264898933263119
0.0,0.0006836380587100517,0.0,0.0,0.0,0.0,0.0,0.0,0.35564879586752046,0.0,0.0002054877496413519,0.0010750932843380358,0.03842725077755809,0.0,0.0,0.0,0.0,0.0,0.0,0.0,0.0,0.006773082321341989,0.0,0.25778078297865975,0.001810408769983696,0.0,0.000347504710281193,0.003984535724638727,0.0,0.0,0.0,0.0,0.0,0.0,0.0030404705204621243,0.009930408385976516,0.0,0.0007545629649437124,0.003982616748238487,0.01398025995926777,0.0004895252288873053,0.00023248290380280533,1.0209030918336348,0.0484562045237945,0.9259215553481593,0.24475424179930613,0.757726290756038,0.05630194603580054,0.025112319709649628,3.331135572556381,0.0011164570057229034,0.008342657056166195,0.20769735889749266,0.0029853166682200522,0.9728086690205454,8.199870832836464,11.811361853038873,0.3651080326284174,2.5927796276740946,0.2125909476338224,0.5953519817427646,0.17033825794414933,26.34540284116835,0.022994227394493603,0.004315017904414241,0.1758111085965143,0.025319798217660696,0.0819344795897478,0.3531093331369506,0.19921568641915244,0.004387099861278619,0.4024678056307612,0.8288092771260694,0.005362774406293875,0.050164225279119574,0.0515599407673307,1.0665064594577325,12.083997710768022,4.188606987524565,0.006881683142336565,0.4026530992152294,0.22832853174777207,0.6742599130832333,0.014311208563007098,0.09567325467287639,0.0
0.0,0.0,0.0,0.032447534029475006,0.0,0.002036391002565322,0.0,0.0,0.027630116674783115,0.04223754066984169,0.0,0.013741976642833609,0.0,0.0008352374611761505,0.0009039607487105607,0.0002604345409535813,0.0,0.0,0.0,0.024204049209104277,0.0,0.00028948691121184875,0.0,0.02559176300907458,0.0,0.0,0.0,0.014053640510285263,0.0035279751548911416,0.0,0.0,0.0,0.0,0.0,0.013112845242301292,0.0038857055873000547,0.00035049126716750543,0.0,0.0,0.09985609064866796,0.0,0.0,0.16311967655417106,0.00022486105387510815,0.01856476187582173,0.006911942057077782,3.6807287197580165,0.2423751581341822,0.0011370411621201776,0.0035839044023464593,0.0030173869435888676,0.0,0.1350150211729298,1.2756837632689597,3.694169632502751,0.028495693651343492,0.1526012518888611,1.1489343168930692,0.1465862041926359,0.00047244760073252874,1.1260004629889913,0.002491420033025336,0.022994227394493603,3.208662542336496,0.0,0.0,0.0,0.0,0.12322922848966161,0.0,0.029832384804534894,0.0,0.8290887506749136,0.0,0.00032771420908833584,0.0011794414207354196,0.15510620187646004,0.0354585471433402,0.004586926073336341,0.0,0.05346016570688768,0.0021408712284604475,0.009765891482001816,0.06358575027173456,0.0007299419908455635,0.009111746091875837
0.0004735720197297537,0.08868177149701412,0.028125669746588484,0.0,0.0,0.0,0.008544244093023451,0.0,0.0028967350621142912,0.0,0.0,0.0005554045958617294,0.0002489741282883376,0.0038556969373648195,0.0011648888558278088,3.0767722771093986,0.03392409761725861,0.0,0.004024127705891783,0.0,0.36577861888509944,0.8269884241875383,1.1951210150946985,0.2010116101112243,0.0,0.014251851786867492,0.923273854429602,0.2237311529032318,0.009402578676758741,0.1315345892914819,0.0,0.0,0.0,0.024175390896317362,0.0007700569423120982,1.2050083902090334,0.7289192024100997,0.10185323399216603,0.37720147179047353,0.14046274018138113,0.0012559937334905731,0.003060967316080471,0.7645627179652056,0.4455050338208119,0.12708391160995242,0.1936728384350669,0.02357198490073418,0.001212637398510725,0.0008806242258496174,0.0,0.09263164575569262,0.06613922236741838,0.0,0.0,0.00031655380922171483,0.006435078181541763,0.0017018325497844303,0.014656561084906155,0.0,0.0034187574079595044,0.0,0.0038274124016414793,0.004315017904414241,0.0,13.126839663970172,0.14553447273084014,0.00048406969755065813,0.010431574479954022,0.0,3.938603554893818,2.341671495718374,7.3947353781321405,0.503188948087463,0.014789055987490108,0.060750798251907816,6.269002858682968,0.4025481379904155,0.00652293534759408,0.04664788824460158,0.0,0.0,0.001723741108297305,0.026698594114954653,0.004063176563593857,0.17488242773351717,0.009027400308148583
0.0,0.3556873629892964,0.3014685629366634,0.0,0.0,0.0,0.0,0.0,0.0017423895023177694,0.0,0.0016620160862738328,0.0,0.0012395454333266754,0.0,0.0,0.0152869830868745,0.313734791782551,0.0015083184748566907,0.23798474758529037,0.0,0.0008242709704711986,0.05414452746864372,0.019926644624658728,0.0,0.0017990050814664018,0.5615416792214579,1.7528774813132284,0.0,0.0,0.0,0.0,0.0,0.0,0.008136025191642892,0.019197543216051244,0.18857241115449444,0.4724188944126092,0.23333401466033132,0.23257486143603348,0.0050226802408650595,0.001915151256113924,0.0011591651936117165,1.176796933168686,0.29972140921585494,2.5837507374167443,0.8123069685209257,0.022118263799488017,0.00278995833418373,0.0006306429389666643,0.04541266709994362,0.11637864392939877,3.935357077478315,0.0,0.00026077328475644765,0.01081646561361211,0.30453797292548995,0.07938515768381829,0.12597319077015554,0.0017162664565169685,0.9171034136874965,0.0,0.004239204708323397,0.1758111085965143,0.0,0.14553447273084014,7.328922421157242,0.28104848337376137,4.793436811853701,0.0,1.3573947378601416,0.15417279405196196,7.283257069198924,0.17178037710191488,0.00024253608998051635,2.121430090113051,7.0407405689486575,0.5485817701984979,0.8383931978845434,1.7262441522823748,0.003780332388113507,0.06465623278758437,0.04444177805768147,4.683379297674265,0.022752003439811066,0.3621133017212267,0.0
0.0,0.024468524773783144,0.0,0.0,0.0,0.0,0.0,0.0,0.0,0.0,0.004912364403886573,0.0,0.2185308592276449,0.0,0.0,0.0,0.0005395698288598748,0.008606074875594304,0.006992051268712174,0.0,0.0,0.0008427775032937019,0.0,0.0,0.015898963806580364,0.24722212580921865,0.6134359056345062,0.0,0.0,0.0,0.05159512001903961,0.0,0.0,0.0031330831879876142,0.0005659308644830099,0.021278400270568768,0.1570690342009681,0.038144617335337055,0.04559837362451823,0.0011884620342737398,0.0005231993973291765,0.001914344995543297,0.7728674219156229,0.9138220616076101,1.576299701369915,0.7034535494950163,0.006414855883021113,0.0025969792248985986,0.001593633601079917,0.0,0.00630872354090293,0.005772118679698332,0.0,0.00036351550766421293,0.01487301636722829,0.0,0.009618817431419352,0.0003570130955809651,0.0,7.581683212916997,0.0,0.03306884106826382,0.025319798217660696,0.0,0.00048406969755065813,0.28104848337376137,3.56558628172939,3.805239045110523,0.0,0.003449291925309316,0.0025865892645064925,0.016900333221569946,0.0,0.0042228853590227065,3.057539625203732,0.921345360799979,0.0004708530219068801,0.30925803941814767,0.0012782044395818297,0.11179216105158932,0.06405894508350478,0.0007107393673365476,0.43090966984468543,0.006284260502386094,0.030103309233904637,0.0005845045285048008
0.0,0.0745202909732859,0.012371281256293762,0.0,0.0,0.0,0.0,0.0,0.0,0.0,0.0009731302052151216,0.0,0.006477482785958672,0.0,0.0,0.0,0.015923076614146114,0.0026123975827767386,0.08601633861488943,0.0,0.0,0.00262719151757465,0.000489045259237598,0.0,0.004760625707041022,0.24295366197467574,0.579643546381838,0.0,0.0,0.0,0.001170454989087331,0.0,0.0,0.0045756565455614216,0.005776581614688039,0.03308181849609004,0.17206032295807216,0.04415789383783259,0.050089858968133144,0.0014525411017329761,0.00024394130875851112,0.0004181719435148364,1.332795562264983,0.659616387382886,2.422059498483695,0.776173721374889,0.009661085244740237,0.005081443255969465,0.000572065471803184,0.0,0.04162795716803077,0.10395208576605823,0.0,0.0,0.017604897649497256,0.009621013382786614,0.03013287180381887,0.007808282290097996,0.0,3.154777344355309,0.0,0.008182280748144156,0.0819344795897478,0.0,0.010431574479954022,4.793436811853701,3.805239045110523,10.540133936375913,0.0,0.0804308689777374,0.021720822016057725,0.3320433105668755,0.004652578480183861,0.0003020137734381763,2.058232091401954,1.5780185075281663,0.021695784696371002,0.7865066507825812,0.09309450767430788,0.008342093169340615,0.1108041570987689,0.0033522240994918345,3.1842335718168147,0.006837494738823629,0.10663336406366983,0.0
0.0011720955419199865,0.0,0.0,0.3203069977580907,0.0,0.019337791041498898,0.20376988789441605,0.048422004335453836,0.27466390011635894,0.6151762524194401,0.0,0.09647639119663887,0.008466440621429799,0.019832016966471806,0.004810886389929329,0.0,0.0,0.0,0.0,0.32392551649605156,0.0,0.007007922326969971,0.0,1.227152651394579,0.0,0.0,0.00031167809931671525,0.765650854131241,0.008022322920490528,0.0019881372667932547,0.0,0.0,0.0,0.004028618088049836,0.0,0.03399754880661359,0.00031304013963263016,0.0018818232523759924,0.00434101436285799,0.6889953687536257,0.0,0.009345627022281944,0.36484063118288435,0.021151033566424678,0.21417674668212688,0.05203873757157753,0.3606635954164117,0.023313249352209228,0.018073229216951318,0.0031644673476824954,0.0,0.0,12.153921841538361,0.008320202121104571,0.5086504812684554,0.057995675393649436,0.7616236329515778,0.6733293667404034,3.45977344585899,0.005564728218645435,5.532772378247379,0.046706823630464876,0.3531093331369506,0.12322922848966161,0.0,0.0,0.0,0.0,1.9352253774620007,0.0012504571059370382,0.0015236631192979478,0.0,1.5359593349504008,0.0,0.0,0.0,2.4360967626790977,0.4702850269772154,0.004166188912383584,0.0,0.0067101102321411536,0.0006281566448448164,0.08106278023002304,0.0020114088821838335,0.017267125057059036,0.47368461499052816
0.0,0.014215858396234134,0.002687695547230729,0.0,0.0,0.0,0.004996163379026346,0.0,0.009312212992002415,0.0,0.0,0.0,0.003968453971242682,0.0,0.0008616869757961874,0.7359249578466631,0.0,0.0,0.00023477982516997975,0.0,0.3837936127333437,0.12802957667907597,0.10178881030355569,0.12392226256547278,0.0,0.0010759056188653687,0.06910514735705053,0.17338045546331748,0.0029036539087352983,0.19981098730403937,0.0,0.0,0.0003962280086516297,0.006668780273314791,0.0077249007279366995,1.1787444708381756,0.3075201214407668,0.016855828857945277,0.03720779322786925,0.014999493312957633,0.0027167776519213876,0.0010085929378864478,5.30866594726354,0.7558007067041613,3.1116527856036282,1.9502087669367574,0.4383175940770065,0.016816250727346622,0.002428713139381805,0.03671401016804065,0.005431803234181646,0.7997873340870553,0.0,0.00018374724149958314,0.0021077220506486066,0.20168688926187991,0.0655231980063406,0.007250252334461394,0.0015315557050446834,0.03047892008602185,0.0,0.07303626826170326,0.19921568641915244,0.0,3.938603554893818,1.3573947378601416,0.003449291925309316,0.0804308689777374,0.0012504571059370382,29.91185834831455,0.2769056368930044,24.72594463774356,0.5468500415067548,0.0002300535244342397,0.2823127288824006,1.7320195481285583,8.360446660691514,0.6605344030259696,11.0643519855854,0.0,0.010411693034601946,0.24921145904825226,3.320952691049139,0.13938732178787544,2.807536165989898,0.0015139184596238632
0.007491107653883401,0.25659043336703796,0.04729304974448426,0.003008672747188456,0.0,0.000760835710304287,0.0386850528809253,0.0020127247960084714,0.12429359965204269,0.002791989602540823,0.007375054888557461,0.003059766184789081,0.43942688479226333,0.017031884195702722,0.002057504749534738,0.6658138398618143,0.07131377391561472,0.0,0.021216391996309186,0.0025972498590614546,0.2586281697383056,0.9975259577738794,0.17676351152613895,0.29537669962547203,0.050213586330236815,0.0621542942626355,0.5847536620172686,0.24421055520016047,0.04379348519168547,0.20830835087107932,0.0009692791387675435,0.0,0.0023121686249964087,0.027547191370967766,0.006045029369151882,0.35558737062956886,0.16167383271400276,0.06808186836698606,0.08922051854617451,0.038815159943396925,0.00027022873260094395,0.0156847667400352,0.24604076454800583,0.35098471594369574,0.1665106513029634,0.08620918221648775,0.03573541731555637,0.001185731371404313,0.18847422706758837,0.0007301552909233982,1.1839887473176542,0.07587308850608264,0.0014098998163170448,0.0014442311665428715,0.0046604126644556685,0.008681128039261955,0.002945900514035804,3.2696173290237645,0.0016787108518440058,0.0655165513568462,0.004739540716063278,0.16462195095924193,0.004387099861278619,0.029832384804534894,2.341671495718374,0.15417279405196196,0.0025865892645064925,0.021720822016057725,0.0015236631192979478,0.2769056368930044,4.438256614922131,0.20760839318351407,4.720766912385311,0.6187701309575785,0.22994101434863462,3.6875466300781348,0.08633147629000086,0.01426061616329932,0.011934900162401417,0.010723820085726707,0.000665970316435492,0.0032597681095524102,0.02620021802564112,0.0034260409969511844,0.06012425318788453,0.02175845996223577
0.0,0.11294309702501712,0.2129105817523418,0.0,0.0,0.0,0.0,0.0,0.01657934994765553,0.0,0.0006590308590241697,0.0,0.0007515502824193684,0.0,0.0,2.477662841298859,0.181116280024485,0.0,0.02015156130987785,0.0,0.09055758287919907,0.6605111174709771,1.9147173054159639,0.050756590968904836,0.0,0.07222402890996772,3.472655859060074,0.029321572886103434,0.0,0.010954697431836507,0.0,0.0,0.0,0.029036570791373822,0.032280502202456964,1.045892988900119,1.4540124025422458,0.27502743309617883,0.7738295435953043,0.040219087293999485,0.005230282184891591,0.0014292561312618654,8.393003738835057,2.4671449639758336,6.902308872667525,5.7828389549695505,0.6324645281373672,0.021076759394057586,0.0012285485474241636,0.07132250470738662,0.013996548405090015,12.14961823662398,0.0,0.0,0.008379237117316213,1.492190871080258,0.24852224574534765,0.022673483228619506,0.018200215307653804,0.10343296957976872,0.0,0.04838047566421126,0.4024678056307612,0.0,7.3947353781321405,7.283257069198924,0.016900333221569946,0.3320433105668755,0.0,24.72594463774356,0.20760839318351407,56.175506890718175,0.5514781315216728,0.0007212519632017364,0.8903610073604279,23.740847026125437,6.037334408049357,0.7620677472597427,5.655630262394758,0.0,0.042704904661075814,0.09874453540224612,3.9461474764271847,0.26952414434734984,5.4710557492248855,0.00017426809505832993
0.05054363844083922,0.1036239838657169,0.00781386734411388,0.7819696113990483,0.0,0.11459656801994483,0.7805528861073123,0.15688193342377554,2.318185845288494,1.450549446196652,0.0002257476736553319,0.10453377072065809,0.022422968323038316,0.1881371911774803,0.012358260751661637,0.7803976355833936,0.008043235172205924,0.0,0.0,0.39171003338506366,0.4250041509124716,0.8902830673899996,0.14363540621427262,7.816494613029897,0.00309440228753288,0.0024060003534218852,0.12262143295485035,4.000465300297595,0.8258526346925381,1.1731985764217152,0.0,0.0,0.07064453503534518,0.31105692135585983,0.0023095222605135153,4.0138992120829275,0.21713237123233955,0.11253968810011514,0.4175369309358383,1.7931072089976183,0.017751513751699786,0.047163225248069596,4.520538784185575,0.4587939050349417,1.3462704904760712,0.5815199236077335,1.172768333950564,0.1159468944562184,0.04238794852211131,0.08917849944740261,0.5561464738382595,0.15113930158013797,3.317308123830185,0.0665300512512058,0.4580507958241864,1.522894717610495,0.8088972030721703,10.291460582570496,0.7537457585694086,0.005550563815150744,0.9348643901300425,0.2381849301022557,0.8288092771260694,0.8290887506749136,0.503188948087463,0.17178037710191488,0.0,0.004652578480183861,1.5359593349504008,0.5468500415067548,4.720766912385311,0.5514781315216728,34.41545401373031,0.25238074716067516,0.1791398742365585,2.5271844090985147,7.034272147692842,1.8848389222577688,0.5978691964721318,0.0,0.012813667638139448,0.3031411903777803,0.6495639227226101,0.09934841101125577,0.8180033613271923,2.7423583533658165
0.0,0.1780625735518259,0.0,0.0,0.0,0.0,0.0,0.00044100661523351965,0.0030285015219327516,0.0,0.06138106646078416,0.0,1.594920286008343,0.00018199662043898938,0.0,0.0,0.0,0.00228888526831714,0.004681887811848873,0.0,0.0,0.014984801466377576,0.0,0.0,0.4648508342891273,0.040943384723843325,0.29947532925169346,0.0,0.0007451946872728113,0.0,0.0222124879843,0.0,0.0,0.017199111761693635,0.0,0.008434776348133347,0.09923984723123147,0.0512073242125476,0.020075250875293892,0.0,0.0002526652387380731,0.1281278155205418,0.026794898515573977,0.4605337136012382,0.21898447545323463,0.024639209437699483,0.007459794767877099,0.002789292409968372,1.0451621200844752,0.0,1.118425745783552,0.0,0.0,0.0,0.008749483280599844,0.0,0.005153816114697402,0.4196993291563433,0.0,0.286072175843323,0.0,2.49463599537794,0.005362774406293875,0.0,0.014789055987490108,0.00024253608998051635,0.0042228853590227065,0.0003020137734381763,0.0,0.0002300535244342397,0.6187701309575785,0.0007212519632017364,0.25238074716067516,2.462183468200257,0.015940151357806805,1.6693181487092525,0.0,0.02173191612338854,0.0005402186748371409,0.03248535274575357,0.015372545072421724,0.0,0.04142286768188517,0.0,0.0020112872505655167,0.0021136839568274817
0.0,0.5617863223136497,0.08903127551749117,0.0,0.0,0.0,0.0,0.0,0.0021133282237356817,0.0,0.035281273214842576,0.0,0.9105603475954784,0.0,0.0,0.000993974677673075,0.21470744043982826,0.05689494165080685,0.8572327065256071,0.0,0.0009000486123133794,0.020160295367354267,0.004897966369078233,0.0,0.08851378759634347,2.4337664543603066,6.203770690360127,0.0,0.0,0.0,0.16032022906041257,0.0,0.0,0.03833279457522429,0.006272677810044398,0.5421235057165178,1.6443174443583484,0.602952079065236,0.684310661698257,0.005049615316224655,0.0007900110845392884,0.004220549020472078,2.925422842587809,3.232975946744394,2.898234474059258,1.3848121864027254,0.0037755391086627525,0.006531567482043894,0.005625386714865665,0.0011666755902460327,0.3560986392256783,7.18130305508789,0.0,0.0003842137985365953,0.015921117826644716,0.14985584035975688,0.020924247106395986,0.22748327862425516,0.0016179617799681597,5.352167761130627,0.0,0.3930789087447866,0.050164225279119574,0.00032771420908833584,0.060750798251907816,2.121430090113051,3.057539625203732,2.058232091401954,0.0,0.2823127288824006,0.22994101434863462,0.8903610073604279,0.1791398742365585,0.015940151357806805,44.8950801392468,26.196834976287615,0.16650175670496625,0.43355323692742903,0.11759048236116973,0.4047918902914176,0.09286686492616156,0.001388553823099411,0.5580101149553882,0.01689699287576628,0.1923116107967692,0.0019771847538129286
0.0,4.278777682742732,1.0497520034631316,0.0,0.0,0.0,0.00047656559089242394,0.0,0.029058474317905855,0.0,0.07240799959174912,0.0,2.0188710487174406,0.0,0.0,0.8692506300773313,1.4606951651147158,0.07318021850685051,1.603512001109972,0.0,0.046070243525891987,1.403872576550512,1.1788986120136251,0.025224287345175584,0.8950009048167897,4.362690289947374,23.50611237377199,0.015075198410408991,0.002466347120968869,0.006852604925994784,0.2661877917254474,0.0,0.0,0.15539125232140977,0.01688701148426506,2.201544470837094,3.5260533467436703,1.8192497105203969,2.438782542985793,0.09625554820489951,0.010947833187290703,0.012050496466069077,10.52035695264659,4.851938913324309,8.577707010471105,4.844294487045951,0.058184913288695406,0.012836166628447646,0.011760170052716007,0.0002628104491719309,4.453678163597093,22.825419144424828,0.0,0.00021068114781311778,0.017386984083871605,0.21667681081961698,0.02372730331827116,1.571073355922215,0.003131228674311966,1.0487225520750632,0.0,1.6382199823966257,0.0515599407673307,0.0011794414207354196,6.269002858682968,7.0407405689486575,0.921345360799979,1.5780185075281663,0.0,1.7320195481285583,3.6875466300781348,23.740847026125437,2.5271844090985147,1.6693181487092525,26.196834976287615,73.6103592257212,1.691949497993031,0.7251577443468656,0.14877956963001712,1.573420784755359,0.0735211496457232,0.004435777795579099,1.7072350528995393,0.12062559903188848,2.1065599630431584,0.014142917343000024
0.0015334853680507487,0.00676745914625892,0.0009003192464762354,0.013924135836917092,0.0,0.00105350942836829,0.09574963770267936,0.0,0.9163583091057192,0.022843865452695927,0.0,0.07197545412527222,0.01708601315034694,0.002842951268319262,0.0033003990423701017,0.2467124951228816,0.0006029082869302164,0.0,0.0,0.04837621784597715,0.14696125513522537,0.2348622124203461,0.024908932545172513,2.7320840667266784,0.0,0.0,0.02203952240986473,0.5392167853999653,0.043081615941332155,0.35947591265299284,0.0,0.0,0.006550048702477804,0.046809109899995476,0.0011931457410704316,1.3320346568312458,0.09469932618710084,0.02479931334528252,0.04928975420013598,0.47694540546898334,0.0003337568302734328,0.03353655658656544,6.286396696134174,0.5312249940742115,2.6049648452241234,1.2804460274830018,0.9062371165198494,0.08134563387223488,0.024106032295784494,0.14494303681388349,0.0040772620437724725,0.6412604883308,8.92341554793908,0.005183066841575175,2.3096653705703414,25.530313903828148,1.2009501437286954,1.4187692953520172,10.031010389996238,0.008348620754035202,1.4421236072056471,0.19050733195792158,1.0665064594577325,0.15510620187646004,0.4025481379904155,0.5485817701984979,0.0004708530219068801,0.021695784696371002,2.4360967626790977,8.360446660691514,0.08633147629000086,6.037334408049357,7.034272147692842,0.0,0.16650175670496625,1.691949497993031,48.62485957308369,2.2352860947614652,6.044018864544125,0.0,0.0033103089060422786,0.4124451753720906,1.2804077557867903,0.15925858497752093,1.6103264892256515,0.2002525031023671
0.0,0.012801035066193872,0.0,0.0,0.0,0.0007337979113756937,0.002863868297875064,0.0,0.5327374816849895,0.0,0.000556766369330173,0.0,0.09985294553355635,0.0,0.0,0.0026226230126429446,0.000242616779572691,0.0,0.0004965628861676548,0.0,0.0014289311999923346,0.017159962251667223,0.0,0.32538307513076675,0.004243410872511656,0.0002427075331265988,0.02363860604014058,0.013997072900146143,0.0017886642337158324,0.008061050798807043,0.0,0.0,0.0,0.002922479082851246,0.0040439297323539465,0.05759835901582309,0.007298936418960739,0.0020195483018404905,0.005975964516855665,0.022269457720869676,0.00039913829798955865,0.003232927701509619,1.657110940500641,0.1779826599393874,3.484980615002489,0.5887882533969889,1.5580895269207553,0.3745516851666733,0.09134442886048044,2.4609078993750195,0.014177179910113642,0.021930600838210954,0.2232137076903866,0.0040526465845220384,1.0501015859621805,4.099291981199104,2.35322617081657,0.7132461287483096,2.4811843228095123,1.6180076899063593,0.7019526531538167,0.5754521091750748,12.083997710768022,0.0354585471433402,0.00652293534759408,0.8383931978845434,0.30925803941814767,0.7865066507825812,0.4702850269772154,0.6605344030259696,0.01426061616329932,0.7620677472597427,1.8848389222577688,0.02173191612338854,0.43355323692742903,0.7251577443468656,2.2352860947614652,35.74182426411347,7.421573600274818,0.05730499300647224,1.221835791818689,8.797555295239723,5.442269846357077,0.03895946584539388,0.3863284308820388,0.011672420413487174
0.0,0.007078389894760833,0.0,0.0,0.0,0.0,0.003329557668749592,0.0,0.08180311252435023,0.0,0.0,0.0,0.004464806213100194,0.0,0.0,0.048850309252540004,0.0,0.0,0.0,0.001078886381349473,0.02953733103576324,0.036488230612466165,0.00144589039869844,0.21612909071930342,0.0,0.0,0.0,0.070524452593665,0.005219124656812046,0.042410941612278104,0.0,0.0,0.0007277432185193261,0.005614411189467785,0.0006717383388667491,0.3554685255214868,0.01622205152859382,0.0025028019671202977,0.010163889833012786,0.02023160290744612,0.0,0.004447529592974786,2.243626947191726,0.13658398275580289,2.73305371542378,0.8333044747881543,0.21994034388012665,0.020414350919533055,0.008368718434787297,1.2527640834511256,0.004499741871189806,0.15557483306279513,0.004724582314274603,0.0,0.018314545712336913,6.2950383382577115,0.9089444503762679,0.13485648843783715,0.04358579140130095,0.016263199167062942,0.0012530434424461614,0.10556592847576966,4.188606987524565,0.004586926073336341,0.04664788824460158,1.7262441522823748,0.0012782044395818297,0.09309450767430788,0.004166188912383584,11.0643519855854,0.011934900162401417,5.655630262394758,0.5978691964721318,0.0005402186748371409,0.11759048236116973,0.14877956963001712,6.044018864544125,7.421573600274818,29.971275349869657,0.0,0.005026443438252796,1.3772851072397003,4.370785967471128,0.10873681312389945,1.3823094306383388,0.014394530923151084
0.0,0.048417545809800705,0.0,0.0,0.0,0.0,0.0,0.0,0.0,0.0,0.03133691828946041,0.0,1.1528388958268108,0.0,0.0,0.0,0.0,0.009702017664371135,0.0031860266918060536,0.0,0.0,0.0017702638807724131,0.0,0.0,0.07988015293004781,0.24138983546474205,0.812100656619227,0.0,0.0006361882072954272,0.0,0.12805794153588787,0.0,0.0,0.0050659584784852685,0.0,0.010632014237880827,0.31449141386964496,0.03996909389732419,0.03848837111050709,0.0,0.0,0.0035091621795166825,0.13954468878073398,0.8043593398542579,0.4307050553470356,0.16790569864323043,0.0014572594732867458,0.0009646209222577697,0.005891285021306387,0.0,0.006145384222107128,0.0,0.0,0.0,0.00578885082932837,0.0,0.0034416804570189083,0.0007195639496404586,0.0,0.5808259008493364,0.0,1.291186455951961,0.006881683142336565,0.0,0.0,0.003780332388113507,0.11179216105158932,0.008342093169340615,0.0,0.0,0.010723820085726707,0.0,0.0,0.03248535274575357,0.4047918902914176,1.573420784755359,0.0,0.05730499300647224,0.0,0.9498576696073964,0.016119468486555547,0.0,0.048186582183009176,0.0007448909640236513,0.0007840746686473271,0.0
0.0,0.002087263528581697,0.0,0.0,0.0,0.0,0.0,0.0,0.0027347374269845073,0.0,0.0005512724373718664,0.0,0.041742610725000295,0.0,0.0,0.0,0.0,0.0,0.0,0.0,0.0,0.0009233293513460324,0.0,0.0,0.002011481337625498,0.0,0.00023773471615649692,0.0,0.0,0.0,0.0,0.0,0.0,0.0,0.00231130660601153,0.002176053593389762,0.00041062693295153,0.0010362586034983428,0.002258307902887834,0.0011328567142331828,0.0,0.002943015206703893,0.41922345846167736,0.06624072360981267,0.7601059471901955,0.4226088223739056,2.003063462392273,2.3497207664339554,0.04973433302621053,0.0005474416513320218,0.0023318374056217916,0.00044089466636626815,0.0005463668913782957,0.08859219507083257,1.4005821266873393,0.012963262240976083,0.5003370022931214,0.020410550897194426,0.02406313839476347,0.5971773822958867,0.010586118315527228,0.2677002990829419,0.4026530992152294,0.05346016570688768,0.0,0.06465623278758437,0.06405894508350478,0.1108041570987689,0.0067101102321411536,0.010411693034601946,0.000665970316435492,0.042704904661075814,0.012813667638139448,0.015372545072421724,0.09286686492616156,0.0735211496457232,0.0033103089060422786,1.221835791818689,0.005026443438252796,0.016119468486555547,0.8231025357843085,0.002530001373959646,1.5226043630383788,0.009503558079864423,0.04644995976280296,0.0
0.0,0.0,0.0,0.0,0.0,0.0,0.0,0.0,0.023352923916400762,0.0,0.0,0.0,0.0002816850027768883,0.0,0.0,0.002540412059505268,0.0,0.0,0.0,0.0,0.0005921273187521551,0.003703358570718668,0.0,0.0618119996221394,0.0,0.0,0.0,0.00293900969910619,0.0008296418476246794,0.0013235885103665484,0.0,0.0,0.0,0.0,0.0008476442674549379,0.02302690168546471,0.0,0.0,0.0,0.004032232295600066,0.0,0.0,0.07306351106302429,0.00309473667282707,0.3780379804113417,0.0440522138784182,0.014366857315650183,0.0022105518884757503,0.0003450598791734012,0.043924077204959694,0.0,0.0002339001688380258,0.0023536651093512017,0.0,0.01190526850440646,0.3280408315863027,0.07513824316755822,0.057388597983500926,0.02513022716990156,0.003609337355175313,0.0021699399399495102,0.005674933898446774,0.22832853174777207,0.0021408712284604475,0.001723741108297305,0.04444177805768147,0.0007107393673365476,0.0033522240994918345,0.0006281566448448164,0.24921145904825226,0.0032597681095524102,0.09874453540224612,0.3031411903777803,0.0,0.001388553823099411,0.004435777795579099,0.4124451753720906,8.797555295239723,1.3772851072397003,0.0,0.002530001373959646,5.745080523270378,1.3436115971105356,0.006010088945928872,0.032706926772490943,0.001300549840110418
0.0,0.04043430320959984,0.017001814463110883,0.0,0.0,0.0,0.001134017678626802,0.0,0.13535477833541784,0.0,0.0021649872254888257,0.000785460191540616,0.05430181985857414,0.0,0.0,0.00904787523498141,0.017211489735738633,0.0022048439448463567,0.01593932800629106,0.0,0.0009737868024760471,0.025746326858208025,0.006988237840464932,0.19532901000263467,0.008512049746288055,0.04660364152856325,0.2258050002050902,0.015186180705297739,0.0,0.00969607828774296,0.0,0.0,0.0,0.002510103523841639,0.01280096680406958,0.07319803958476445,0.06552000094492141,0.016427166009452484,0.015105528217628077,0.010513946481893466,0.0004934669472326104,0.004154265150853923,0.8259077259245737,0.26588235466747057,3.505543855844223,0.7030219571822917,0.25274053196280793,0.21571660851025518,0.21450622972143896,0.08304404387448772,0.03098501583121438,0.10038121758693051,0.06415440500083001,0.018175568207917606,0.31253087986427647,1.0344244123414934,0.3958336688683842,0.17748078296374933,0.6034604137115307,4.63141368830494,0.12868245787295832,0.8492894076624543,0.6742599130832333,0.009765891482001816,0.026698594114954653,4.683379297674265,0.43090966984468543,3.1842335718168147,0.08106278023002304,3.320952691049139,0.02620021802564112,3.9461474764271847,0.6495639227226101,0.04142286768188517,0.5580101149553882,1.7072350528995393,1.2804077557867903,5.442269846357077,4.370785967471128,0.048186582183009176,1.5226043630383788,1.3436115971105356,8.080202852890645,0.06774209129259402,0.2437258254236245,0.001982375826599597
0.0,0.0028238521053865436,0.0,0.0,0.0,0.5989022452944843,0.0002946508163846483,0.0007194410600269277,0.016922399982511563,0.019521045110752512,0.0008488798728980766,0.5508979819947072,0.0025641708367202263,0.0006438246702988731,0.0,0.0005752912765070508,0.0,0.0015450129246223003,0.0014341211545610326,0.0,0.000944973680035334,0.012082798670010548,0.0011906977586210851,0.0032951392500063462,0.0,0.0032797192275082748,0.001700112476405661,0.0,0.0006013202903421671,0.002587169073231111,0.0,0.0,0.0,0.08622699314149063,90.94461676429309,0.5927634550385548,0.1662370797339826,0.03829266511233816,1.2921906430729235,0.2737205871297866,0.11352012894757246,0.01838035653763256,2.962578081998115,0.3808970272710041,0.313969618115423,2.1290002768583816,0.05316199034370288,0.07409427808536342,0.0012355955062449033,0.0015916951702284019,0.002434749483297841,0.009415680252193701,0.00046789670773385636,0.0008757317935031512,2.467643043534069,0.07680284079979403,0.011532031705282334,0.02916427640451207,0.1175325185288247,0.007091731963301535,0.5719028284861263,0.27863202176084473,0.014311208563007098,0.06358575027173456,0.004063176563593857,0.022752003439811066,0.006284260502386094,0.006837494738823629,0.0020114088821838335,0.13938732178787544,0.0034260409969511844,0.26952414434734984,0.09934841101125577,0.0,0.01689699287576628,0.12062559903188848,0.15925858497752093,0.03895946584539388,0.10873681312389945,0.0007448909640236513,0.009503558079864423,0.006010088945928872,0.06774209129259402,281.85652351854344,27.997705488909386,0.07638411132296484
0.0003727384424130212,0.15424860564696793,0.16876920187185787,0.00019733093407104537,0.0,0.15826427536815185,0.05925107635725233,0.012483641704002865,0.18982641240146045,0.03189375073530701,0.05507871819820572,0.1222939382976949,0.0877165800929863,0.010713567640730915,0.0,0.1134375918814121,0.033234382031172946,0.026530198608414796,0.11574476022956293,0.0007402582886288771,0.3208013809578798,0.3314477105459742,0.7541159156310524,0.18983012582544165,0.004736120951369681,0.28327427697979723,1.163918710565688,0.4149210142067457,0.031030385530356783,0.05817339803252136,0.004212552694594558,0.0,0.002409968959826566,0.17223158027665944,29.090984271840853,0.7244392458048103,1.9811657389159583,0.45148238256444434,3.867762983706451,0.16750459129046547,0.08232656089036904,0.15214924172924515,1.0521597982641366,1.8734179228367998,0.9306128149575251,6.373689310021221,0.19178057037879004,0.12194934884519745,0.013875036334441782,0.021499468634057158,0.0461419257579532,0.1345384187697936,0.01560298051912088,0.0,0.1562694052220102,0.6124851633856399,0.07913307778135964,0.2396317545052209,0.14153942862906796,0.035904841595335864,0.023677040233755633,0.32641787313828324,0.09567325467287639,0.0007299419908455635,0.17488242773351717,0.3621133017212267,0.030103309233904637,0.10663336406366983,0.017267125057059036,2.807536165989898,0.06012425318788453,5.4710557492248855,0.8180033613271923,0.0020112872505655167,0.1923116107967692,2.1065599630431584,1.6103264892256515,0.3863284308820388,1.3823094306383388,0.0007840746686473271,0.04644995976280296,0.032706926772490943,0.2437258254236245,27.997705488909386,1.7685616706080458,0.16460175011017517
0.09569423601267252,0.019818120122040598,0.03221558268583283,0.2654846374212086,0.0,9.266704362676569,1.1504849160661696,4.079584956057826,1.0830795970310891,2.402200156730194,0.8672994250213971,1.019696083951014,0.6452585147961427,2.8687485393329744,0.37105837163022704,0.03472054078051222,0.2169822907510879,0.3008602740390004,0.5632966587780266,0.29578644415737493,0.33762261165625024,0.07359165718980652,0.39755668436758196,1.6084255066298851,0.011978032154900967,0.5559812850631831,0.3023111485766263,1.8139282584741303,1.4440237612463722,0.29030151570895474,0.07622009989163377,0.0,0.023783050931548446,1.6278409887747778,0.48786461217457616,2.3898027066192804,0.3756607792788781,1.5042232384629017,0.7612592211540891,6.762674122624148,2.290060238657687,0.21199193596801533,0.2431781887830342,0.053403962826412084,0.04256184958753492,0.08308346521313707,0.09637032035650873,0.0022851204063094543,0.0007657671532094898,0.013167007374980945,0.001307733933116789,0.0,0.07287052274114783,0.0,0.05206465196807081,0.16301046090389795,0.12206698245305776,0.44573582408569795,0.18015149875231165,0.0038297858955255756,0.042417773987611776,0.03264898933263119,0.0,0.009111746091875837,0.009027400308148583,0.0,0.0005845045285048008,0.0,0.47368461499052816,0.0015139184596238632,0.02175845996223577,0.00017426809505832993,2.7423583533658165,0.0021136839568274817,0.0019771847538129286,0.014142917343000024,0.2002525031023671,0.011672420413487174,0.014394530923151084,0.0,0.0,0.001300549840110418,0.001982375826599597,0.07638411132296484,0.16460175011017517,8.601107466999748
