3.1135106920744717,0.0016335829387325626,0.026491657799858688,0.00048320199746456645,0.0,0.005538804665656505,1.9391588844256167,0.05880817801530255,0.024874595051932374,0.03417927550636262,0.001287716851041101,0.0021719346549779993,0.0002819450039883471,4.821078313315515,0.0,0.00033121757727391587,0.40109044565827046,0.000604818042688949,0.022743715707849946,0.0,0.021653081069185925,0.0003804142673818815,0.17405811921800096,0.02948166399012275,0.005047325998131348,0.02756911533795208,0.04620575644746174,0.10016227986463973,3.096120173390827,0.9715097541964093,0.0,0.001298578374464196,0.020783926076003184,0.07320573478290272,0.002751973171611391,0.09275183865134587,0.009328026330451804,0.069243985806343,0.021083311337801086,0.006017921084415819,0.0,0.0011763927096553265,0.0044900269200518214,0.0,0.0003802175528030089,0.0,0.0017038507611927263,0.0,0.0008522093310843295,0.0,0.0,0.0,0.0,0.0,0.0,0.0009507739772525027,0.0,0.008593669820665653,0.0,0.0,0.0,0.0,0.0,0.0,0.0016836244240943238,0.0,0.0,0.0,0.0,0.0,0.006625285113473857,0.0,0.014429396023610331,0.0,0.0,0.0,0.004080270485310195,0.0,0.0,0.0,0.0,0.0,0.0,0.0,0.018758693053353134,0.04510829789176615
0.0016335829387325626,0.9384577573019527,0.006459503108924949,0.0006731866374483523,0.0,0.0,0.0011061199296704917,0.0,0.830234585687062,0.0,0.03792953071328164,0.0003548188980165997,0.34517426074473284,0.0,0.018360367910344823,0.3769322444013146,0.07942754945418971,0.002750609604451136,0.0382607059202447,0.0008505765868596226,0.02623720426969587,1.3518047042546277,0.025162461422536076,1.3826820983708559,2.1218643283241274,0.17284713050506725,5.741642814314644,0.052903377282610846,0.011060534443071547,0.007918331353109558,0.027271464267858685,0.0,0.001873019002966903,0.05798952010399896,0.0,0.11675177192474274,0.2739616587313214,0.1043506632051562,0.05282057599500779,0.03484403380654562,0.0,0.0926292768426149,0.030112661266382325,0.05139454790731526,0.032762577496622536,0.017121781136805174,0.0009986464464210025,0.00047288978429989575,0.024659131379162178,0.0,0.2880155598227537,0.020341847076171045,0.0,0.0,0.0,0.0,0.0,0.0031209056631337356,0.0,0.025579458553408155,0.0,0.19699583210367666,0.0,0.0,0.0008660680912969949,0.009342221276937372,0.0026891717118046436,0.014542091449369738,0.0,0.0,0.014665253796113725,0.002591279372081944,0.0,0.1935465764773136,0.10230902578295105,0.7174002212666553,0.0,0.00043564918948673265,0.0,0.03513865181347123,0.0,0.0,0.008368339500522992,0.0,0.01586285426750108,0.006264206398632754
0.026491657799858688,0.006459503108924949,25.848533107224362,0.0,0.0,0.0038045922221558184,3.0104200702727892,1.4936863266906562,0.005774589215520517,0.41940635338020144,0.029246170413906633,0.0,0.00037113245919461645,0.6818904929313918,0.0,0.009295535325198081,8.877627780383317,0.010135219536306098,0.19906774065073907,0.0,0.8509180505001562,0.007446109578733733,9.344069811750561,0.018752122878959235,0.01054548320844682,16.15715578757209,19.547339728346763,0.712975229369574,0.04783312608747626,0.6372233750254109,0.0005950330126975987,0.0,0.00871463702506133,0.5995278412281693,0.01761594719582811,1.9363402091476913,0.601581281012828,0.7274739369421869,0.5142705211280466,0.03065314149584446,0.0013953224523230233,0.0012037538832074366,0.09519876308497731,0.08495428765352679,0.08176930152227217,0.052508352033273156,0.010841012689332945,0.0,0.0,0.0,0.13384027620600902,0.5341762582954382,0.0,0.0,0.0,0.0,0.0,0.0007328030529059828,0.0,0.0,0.0,0.0005661569848574127,0.0,0.0,0.010948527749689303,0.1412569495731397,0.0,0.018540060415138837,0.0,0.0004072283615616679,0.028590984350231056,0.12196060726826205,0.0,0.0059213540397629215,0.15737363687049105,2.0978381540463986,0.0003034983382400321,0.0,0.0,0.0,0.0,0.0,0.011639729833484465,0.0,0.307823634349066,0.03283277864037588
0.00048320199746456645,0.0006731866374483523,0.0,20.373890601697514,0.0,0.1707257483736189,0.0513664469884571,0.053859309564281595,1.036163428225048,2.95805305597888,0.0,4.357950529404499,0.0,0.006417010132400394,0.29143876281420145,0.0,0.0,0.0,0.0,21.24044384533176,0.0,0.000627995676848325,0.0,1.0935772674435453,0.0014896992791021586,0.0,0.0,6.221757717607609,0.009365362010588133,0.000714054256459975,0.0,0.0,0.00022639205667596878,0.010742478697192288,0.0,0.19489072527784104,0.0037863629412449784,0.009684369204601846,0.004590380571622275,0.4422990477114598,0.0,0.0011882188517034682,0.13478183383092493,0.0,0.0,0.0,0.09310323370104995,0.0,0.0,0.0,0.0,0.0,0.027746368889334617,0.0,0.002992706405225586,0.011755369086967664,0.0,0.16036915824084913,0.030236131343207552,0.0013850619296155728,0.006178271443161242,0.0,0.0,0.0038294688000193138,0.0,0.0,0.0,0.0,0.005150240442544575,0.0,0.0,0.0,0.09099782456535987,0.0,0.0,0.0,0.02329901592850794,0.0,0.0,0.0,0.0,0.0,0.0,0.0,0.0034212075381928283,0.06004601831782795
0.0,0.0,0.0,0.0,0.40315280746702736,0.034556744045636203,0.0,0.006308190697728288,0.0,0.0010397337168256355,0.008448953610867371,0.0,0.0,0.0018344281932599288,0.0,0.0,0.0,0.00024643113154253796,0.0,0.0,0.0,0.0,0.0,0.0,0.0016313297437704258,0.0,0.0,0.0006228076768572847,0.17749631554875722,0.0,0.0,1.976327450123482,0.0,0.20336160805290507,0.0,0.0035062349691983735,0.0016311294597737907,0.009969040285305437,0.0,0.0,0.0,0.0005854975444980951,0.0,0.0,0.0005119199794183009,0.0,0.0,0.0,0.0,0.0,0.0,0.0,0.0,0.0,0.0,0.0,0.0,0.0,0.0,0.0,0.0,0.0006955596818790067,0.0,0.0,0.0,0.0,0.0,0.0,0.0,0.0,0.0,0.0,0.0,0.0,0.0,0.0,0.0,0.0,0.0,0.0,0.0,0.0,0.0,0.0,0.0,0.13013454148752843
0.005538804665656505,0.0,0.0038045922221558184,0.1707257483736189,0.034556744045636203,27.418488626317306,1.044538249870851,10.332864268761798,0.23924083955687983,13.881794214561623,0.013473816188893347,5.0864163588102205,0.0021622016789956747,0.20567442296686855,2.4426537309573093,0.0,0.0,0.000254201093006693,0.0013391519461626064,0.15859907219038777,0.00146091311465914,0.0010437305062640837,0.005315723574456253,0.2612424915226917,0.020169509207949455,0.0023137350966420905,0.0006008370512291118,0.6256302875339738,0.4648683298566851,0.001884909576310662,0.0,1.4772368776297256,0.0025160899339562964,0.1848904660881123,1.2817387706905614,0.7973160792992164,0.00642676525199288,0.17492688745815946,0.048216808834347445,2.0709531806822117,0.0014216253761341732,0.017421973400993856,0.14966863413300238,0.0,0.0003475024839593444,0.0014899227643142441,0.14137985012953097,0.0,0.0036747697880455663,0.0,0.0,0.0,0.0,0.0,0.0005157525425895434,0.004634767339095556,0.0,0.13245982080831611,0.011225775796505093,0.0024126387713973027,0.002613929476041269,0.0,0.0,0.00034968339821180613,0.0,0.0,0.0,0.0,0.0043130502629471455,0.0,0.0008567376167425619,0.0,0.10305020059124058,0.0,0.0,0.0,0.001922021341582757,0.0,0.0,0.0,0.0,0.0,0.0,0.10571813730797776,0.07423450255431059,6.3496685575378855
1.9391588844256167,0.0011061199296704917,3.0104200702727892,0.0513664469884571,0.0,1.044538249870851,37.10416398022706,6.409317510750264,0.5005248669563834,14.612934751621696,0.003850314563300052,0.10438056454824841,0.02172857154473458,8.627782607768046,0.05279069796880654,0.05676603400017661,1.0374329514728315,0.0,0.018430276411416917,0.03124747100274138,1.8029803496365329,0.02272988979950077,3.914049392999648,0.7308729075199993,0.18647373319206784,0.4025464869308116,0.932809044248282,27.852955900792,3.6934654358280508,6.537588322330557,0.0,0.0007308625455498129,0.21752854116949738,1.3424684950009071,0.13237915408210965,5.218439422339657,0.5514508239969156,1.9398205339612304,0.7527316686035431,0.528012162596617,0.009012617687919803,0.08233232930103312,0.3147929820358066,0.00456203456926955,0.0014740907440324291,0.0008919271679245143,0.2547136364939891,0.0,0.010144979233346361,0.0009984477157821002,0.008255892975552142,0.0,0.002756045877277607,0.0,0.0017828055880303494,0.0536879907152558,0.0,0.35691476680919076,0.029279284530435986,0.01086203642774928,0.003197107791348635,0.0016850585368306196,0.000445114954889389,0.0005297874271286221,0.003709486011297189,0.0,0.0,0.0,0.011101730299791494,0.0020345008340926785,0.061486839741758434,0.00032938441685191437,1.0026493939148213,0.0,0.0,0.0,0.20441172352044187,0.0023589917113938214,0.0026643799902384014,0.0,0.0,0.0,0.0010648712753127995,0.002362444957827545,1.0162296513146505,1.2452065856780452
0.05880817801530255,0.0,1.4936863266906562,0.053859309564281595,0.006308190697728288,10.332864268761798,6.409317510750264,45.5399911445774,0.29119518976173087,7.724582348588818,0.0652856096321167,0.7136328880813035,0.00642629959170074,6.653530564320196,0.18270863603211862,0.001101202660101636,0.8907830694724823,0.006951227851449592,0.004967739053848243,0.0834637960463073,0.1130729464849162,0.009647322482053418,1.5526788985140223,0.4555336742250952,0.03978012313055148,0.12671738123942566,0.18087217697235286,1.1494533445117774,1.214062765146879,0.4826587042695064,0.0007525939540876129,1.1753785635410765,0.016350663375266156,0.5004818609752062,0.012942434322680637,1.1451527894088318,0.2699391965695964,0.7477961615738613,0.24619881896202597,0.5102073792540202,0.0013974307884143328,0.04673198946160323,0.14109475565969595,0.0011683300559347013,0.003301524431836949,0.005026583285263406,0.22707021301707217,0.0,0.008434632726730135,0.0,0.004491616732112901,0.0,0.0,0.0,0.0,0.0017044580579647008,0.0,0.12280285438742324,0.0,0.0015181002108282193,0.0,0.0,0.0,0.0,0.0,0.0,0.0,0.0,0.0013344070001512518,0.0,0.007336341852217836,0.0,0.2564719438624386,0.0,0.0,0.0,0.004655949850501985,0.0,0.0,0.0,0.0,0.0,0.0,0.0,0.1160010032155631,8.230344984936135
0.024874595051932374,0.830234585687062,0.005774589215520517,1.036163428225048,0.0,0.23924083955687983,0.5005248669563834,0.29119518976173087,3.1114928020051593,4.016161527451447,0.01915935143882185,1.0907527194653677,0.2111504665269689,0.17669686992940523,0.8347894767772602,0.02110389174131135,0.031232384495019284,0.0,0.004511090880518334,0.5175579413856746,0.02563879615767842,3.0997747078190767,0.04219483720440072,10.913964094490751,0.40759212694090324,0.026845109842223706,1.4684316332648157,3.542545167823762,0.44814199357410556,0.25346099396473154,0.004373651870757192,0.0005121780681525779,0.04609024364390771,0.16472755073499912,0.027647691773456762,1.2133498721079496,0.23142858356591245,0.32426772882065535,0.11413658771573308,0.7519016274885004,0.0011169557896408872,0.04492928465047719,0.9139720523808055,0.02687912289017621,0.2117953307103066,0.1149741568650409,0.4784663826548681,0.036264322485303285,0.006691923350347803,0.006881186885318313,0.021841985414969022,0.006936175154045796,0.6995263865955254,0.0007572324124690772,0.10578907613140193,0.40072641410953547,0.12817533386907812,2.872147616105494,2.7924359229190223,0.02928784852210135,0.330567442514751,0.007923121164719172,0.13163943657124655,0.0388038901984875,0.09508083633046074,0.003207427705201627,0.0,0.0013265675011410716,0.20046855177692438,0.04566947889343753,0.6991168866465846,0.02433457726037138,2.2327424907080387,0.028243263834336774,0.0,0.015105017499724701,2.5150721478952325,0.18961942555314237,0.09121390913504464,0.0,0.0017116679513418968,0.015477384052060268,0.046491423560971704,0.013309518566380883,0.741637588193971,0.3991077470074759
0.03417927550636262,0.0,0.41940635338020144,2.95805305597888,0.0010397337168256355,13.881794214561623,14.612934751621696,7.724582348588818,4.016161527451447,86.10572466787691,0.012976394639095765,5.953526574011921,0.017369359389980948,2.636677466837467,0.39069067771651805,0.00260675643359745,0.032981860248096836,0.0,0.0,6.695702219312974,0.04547781029799919,0.0044493874463254765,0.24445980089241165,0.7418024827520296,0.12019947381329917,0.013849830653131374,0.041020966536270305,6.073235095431982,1.399350576341475,0.03432439562222072,0.0,0.004680920720484692,0.016960360084931837,0.8490425003338218,0.41274305674377826,4.638608176821644,0.15560108957428198,1.4146510318739958,0.34537048930441233,1.8019142745585581,0.008215909679791002,0.07168801709467804,1.918609935318711,0.0005128651810717248,0.0,0.0,1.5931596841065958,0.0,0.008398438764525135,0.0,0.00037628355867703567,0.0,0.022957557609049994,0.0,0.007218501226430347,0.009892657323115684,0.0,1.8263615700988782,0.009732200625466087,0.0022145700281361543,0.002727985064794019,0.0,0.0,0.002343236086567154,0.0,0.0,0.0,0.0,0.031001801363513107,0.0,0.0029836061746418676,0.0,0.907633358281665,0.0,0.0,0.0,0.016088291306624796,0.0,0.0,0.0,0.0,0.0,0.0,0.008551078437276372,0.46134241989323177,2.160430851101226
0.001287716851041101,0.03792953071328164,0.029246170413906633,0.0,0.008448953610867371,0.013473816188893347,0.003850314563300052,0.0652856096321167,0.01915935143882185,0.012976394639095765,33.819566792441556,0.0022092723181241863,3.731859975546966,0.3113437539567559,0.0,0.0032168555290154823,0.4330621754532004,5.2592852661678,2.179521777611279,0.0,0.027224158179358554,0.04155245409690896,0.10693957375627565,0.0006383086997420245,0.5790433552111398,7.798200759771959,0.7780434957660669,0.006111280594082665,3.2853600704044705,0.0312923466812975,0.9408599821813545,0.06787311257673176,0.01174065716980964,6.2243839216338115,0.006425820876593574,0.521452305290794,2.358241566357772,3.4520162491263,0.6369448745260834,0.030398909533984154,0.0,0.591607764297575,0.006456361459441774,0.1875254632758133,0.04579311795575368,0.023052058473096357,0.0011124709814740023,0.005338337224084181,0.04804199650031266,0.0,0.05685651222955587,0.0,0.0,0.0,0.0,0.0,0.0,0.00047227154792348595,0.0,0.18232046543646546,0.0,1.8076446068441732,0.0,0.0,0.0,0.0,0.00045947402849166717,0.0,0.0,0.0,0.010437684660304716,0.0,0.0,0.3756660560142764,0.06614184240759698,0.22777994953394606,0.00036475390965427475,0.011561978082208468,0.0,0.18752192165324005,0.0005833654949137885,0.0,0.023261022731874786,0.00035334843009939465,0.06903932314214493,0.5213377810837592
0.0021719346549779993,0.0003548188980165997,0.0,4.357950529404499,0.0,5.0864163588102205,0.10438056454824841,0.7136328880813035,1.0907527194653677,5.953526574011921,0.0022092723181241863,30.243942352182756,0.0006082267375009774,0.16788441624949804,1.7668086370005436,0.0,0.0,0.0,0.0,10.175434285244343,0.0,0.005747896514594789,0.0,1.2791695423055844,0.007936978272423614,0.0,0.0,2.8111298187618656,0.14352284539950386,0.0,0.0,0.00028073976364094297,0.0005014600320184895,0.07525963831094512,1.0392167631243894,1.3261868904896128,0.0061911759459754535,0.12777660151499307,0.02581648603733216,2.0120241879559697,0.0,0.011454815914983145,0.47981578357270543,0.0,0.0010738293901893321,0.0,0.3348235253494474,0.0,0.005799256569317892,0.0,0.0,0.0,0.07541855050830926,0.0,0.001072617870310681,0.0063115375887327916,0.0,0.21625243636153868,0.04415552094234664,0.004988745077376452,0.06672466082313858,0.0,0.0,0.0012147520029602513,0.0,0.0,0.0,0.0,0.009613928628932056,0.0,0.0,0.0,0.10953956556483654,0.0,0.0,0.0,0.011973577129719144,0.0,0.0,0.0,0.0,0.0,0.0,0.135028005039449,0.03404465747686395,0.6729774636350107
0.0002819450039883471,0.34517426074473284,0.00037113245919461645,0.0,0.0,0.0021622016789956747,0.02172857154473458,0.00642629959170074,0.2111504665269689,0.017369359389980948,3.731859975546966,0.0006082267375009774,13.065573618438648,0.025972997140248047,0.0,0.006715030521556537,0.004866687647205692,0.0053308153702046335,0.003568366799622971,0.000500277364933412,0.002711476474595519,0.201578647938831,0.0047809128197810235,0.04548124797780547,4.166564971245041,0.08757722956239021,2.4537947873007675,0.012519676415942286,0.416858477053973,0.007903147760529377,2.340015437308914,0.020537576016514077,0.000846592191232847,0.5835299836654032,0.009440866185429922,0.26220923998296,1.134611599962078,0.8165215314870422,0.23907522567851744,0.038917503047237144,0.0,1.050211356722111,0.015537050670717725,0.4889180753960286,0.09912845533544404,0.02766283131016771,0.006860226471017033,0.011169496687504301,0.14568592983186687,0.0,0.29540060666125784,0.0,0.0,0.0,0.0,0.0,0.0003364371566970982,0.006583426452230694,0.0,0.5208484799428447,0.0,6.350210615565684,0.0022403319538052383,0.0,0.0,0.0,0.006736989844028494,0.0027525817408146957,0.0,0.0,0.07478028084081133,0.0,0.0002277120967696285,2.9292146412584357,0.2640390188939096,1.1731246730547522,0.0024080490785335033,0.022861193541982145,0.0,0.7862036891976841,0.00042879660143752506,0.0005533967460111057,0.059656235981329256,0.002875344577170635,0.027544544556735242,0.18296671602462689
4.821078313315515,0.0,0.6818904929313918,0.006417010132400394,0.0018344281932599288,0.20567442296686855,8.627782607768046,6.653530564320196,0.17669686992940523,2.636677466837467,0.3113437539567559,0.16788441624949804,0.025972997140248047,25.565060012472745,0.0058439434983847864,0.0016629781185561086,2.32103440702441,0.071491757666145,0.1010788815417224,0.02393347927466509,0.10158145146436352,0.0019176364440630404,1.714318304263958,0.1753605488289795,0.057474852879234914,0.29775716946649033,0.2117818160849318,0.5865193424194696,11.08057079518294,2.6650486458470257,0.0104691820123639,1.2342740489695074,0.043430805529085625,1.1827594788611493,0.017323526347310825,0.7558447382875141,0.1175047699666663,1.0480647036251831,0.22498160921248214,0.08360688823712405,0.0010552796548838725,0.027863830281009985,0.02295831497009373,0.0020868700094872697,0.0067255804645542025,0.008455913331024667,0.005181118219695685,0.0,0.0005359569343787469,0.0,0.004401683896547539,0.0,0.0,0.0,0.0,0.0,0.0,0.0498923116101776,0.0,0.0018383002183275346,0.0,0.00034588596736538586,0.0,0.0,0.0004523620627517687,0.0,0.0,0.0,0.0,0.0,0.013668888670344798,0.0,0.02071278681985666,0.002655683004711276,0.0,0.0,0.004548915471737524,0.0,0.0,0.0,0.0,0.0,0.0,0.0018101568465331225,0.14918735846437348,8.226939179385981
0.0,0.018360367910344823,0.0,0.29143876281420145,0.0,2.4426537309573093,0.05279069796880654,0.18270863603211862,0.8347894767772602,0.39069067771651805,0.0,1.7668086370005436,0.0,0.0058439434983847864,3.294159656663847,0.0,0.0,0.0,0.0,0.15276155519733176,0.0,0.030788693886542588,0.0,1.0548725007695068,0.0,0.0,0.0038170848868706443,0.40204974426444257,0.012089310625746318,0.0006754559278405839,0.0,0.0,0.00037325044593394384,0.01460982619155006,0.4050852969194006,0.15647764752337764,0.000729095353256076,0.019285403245769064,0.008694096149547734,1.7719052196583065,0.0,0.0,0.009697199096669776,0.0,0.0,0.0,0.0069839518273125895,0.0,0.0,0.0,0.0,0.0,0.000970661318814028,0.0,0.0023768217463179747,0.005375763990473753,0.0,0.02348205658021271,0.013360508128760393,0.00032956444109773393,0.00566434897080335,0.0,0.0,0.0,0.0,0.0,0.0,0.0,0.0,0.0,0.0013252432802016052,0.0,0.04035463366015199,0.0,0.0,0.0,0.0077762496380208365,0.0,0.0,0.0,0.0,0.0,0.0,0.07956648537199926,0.019707027383140657,1.427782767507985
0.00033121757727391587,0.3769322444013146,0.009295535325198081,0.0,0.0,0.0,0.05676603400017661,0.001101202660101636,0.02110389174131135,0.00260675643359745,0.0032168555290154823,0.0,0.006715030521556537,0.0016629781185561086,0.0,21.999307142838116,0.04414582124787996,0.0,0.004065982337360851,0.0,6.3955270147764525,4.900803063118178,8.971472924143173,3.057701819094979,0.03592199772273384,0.022975016688928266,6.573102576208339,0.867635404723015,0.005605282675333167,0.09620933902131032,0.0,0.0,0.004898112751605357,0.06114713488225109,0.0020410372642686546,0.8978861719019022,0.358466118939209,0.1874598002831927,0.19340223161916303,0.05968539812444317,0.0,0.002050513605723939,0.3459776827450466,0.16472916520248307,0.0944585313796552,0.12545782737545166,0.013230169566756865,0.0,0.000369067517969249,0.0,0.05003354439874197,0.015057439210070049,0.0,0.0,0.0,0.0,0.0,0.028428748909255234,0.0,0.0,0.0,0.0,0.0,0.0,3.7289833241332446,0.00159746680966486,0.0,0.0,0.0,0.26491465884163684,0.8516782296322404,2.4629234642767113,0.2381230436651085,0.0014965912298972436,0.0007097390617371062,1.226799074038133,0.12174617851181667,0.0009364658339536596,0.04780818988711609,0.0,0.0,0.005669052207507152,0.015020509286802807,0.0,0.14749107007656215,0.019850248072997064
0.40109044565827046,0.07942754945418971,8.877627780383317,0.0,0.0,0.0,1.0374329514728315,0.8907830694724823,0.031232384495019284,0.032981860248096836,0.4330621754532004,0.0,0.004866687647205692,2.32103440702441,0.0,0.04414582124787996,16.201357553147357,0.28287796197699544,5.129142215684081,0.0,1.1139682570571303,0.03699815756264469,9.596093220299046,0.07513537468314616,0.0062505582505931225,9.816724624104994,13.216134826366073,0.3436186328984131,2.005971830120495,3.288512532744708,0.013040398447360537,0.0,0.13746541519003638,2.618111233997093,0.00466571941301637,0.9255500002859589,0.3529794102397628,0.8430627010277019,0.3472071409640113,0.011027985732230718,0.0,0.00033463876504811004,0.024369877166052427,0.047935536665607174,0.03190110185787805,0.015200912783259832,0.0020059925554324538,0.0,0.0,0.0,0.33461304550927706,0.1903144276456972,0.0,0.0,0.0,0.0,0.0,0.0040836477163656544,0.0,0.0,0.0,0.0037973173521552903,0.0,0.0,0.0013171220615895614,0.04402558418771751,0.0,0.012257486321506486,0.0,0.0,0.0092391561898745,0.00806452264132299,0.0,0.046371337589636095,0.18640405898361131,1.3870230207628966,0.0,0.0,0.0,0.0,0.0,0.0,0.0007844835289735326,0.0,0.12024179139260133,0.02979708912468674
0.000604818042688949,0.002750609604451136,0.010135219536306098,0.0,0.00024643113154253796,0.000254201093006693,0.0,0.006951227851449592,0.0,0.0,5.2592852661678,0.0,0.0053308153702046335,0.071491757666145,0.0,0.0,0.28287796197699544,3.939883504359186,2.567006562323507,0.0,0.006491445051796454,0.0,0.03152192140271076,0.0,0.004148140914940675,5.537685278911594,0.2161600042394869,0.0,0.42076346571113715,0.008485468985921788,0.052812325037975186,0.0021696948783826346,0.0048132354179217084,1.088801377620808,0.0031724171041351457,0.2894622666712464,0.29290867730640247,1.0670422429034383,0.2387349399293193,0.002150358003835288,0.0,0.0006820010171596481,0.0,0.0003350850744689933,0.0005602486400068608,0.0,0.0,0.0,0.0,0.0,0.007510075693285921,0.0,0.0,0.0,0.0,0.0,0.0,0.0,0.0,0.0,0.0,0.0015485936806669729,0.0,0.0,0.0,0.0,0.0,0.0,0.0,0.0,0.0,0.0,0.0,0.004022507275199312,0.0009033827515287189,0.005134883386176233,0.0,0.0,0.0,0.0,0.0,0.0,0.0,0.0,0.03814682369612962,0.06479222514338297
0.022743715707849946,0.0382607059202447,0.19906774065073907,0.0,0.0,0.0013391519461626064,0.018430276411416917,0.004967739053848243,0.004511090880518334,0.0,2.179521777611279,0.0,0.003568366799622971,0.1010788815417224,0.0,0.004065982337360851,5.129142215684081,2.567006562323507,13.939333370220897,0.0,0.05980720579452118,0.0061398365971803565,0.3307937651826066,0.000499478575508551,0.006233279376736557,9.373236112558638,2.373656658484407,0.008974531603799399,0.31329743224964207,0.19333490114659477,0.01783030201905552,0.002361712268731604,0.025059706577367,2.9133447234436836,0.0013988226795655296,0.5990750933047505,0.36636922036340797,1.3996818160788826,0.35679898216803435,0.003836693979097574,0.0,0.0005025961148967585,0.001774778793738164,0.018954584336103978,0.012756320666684279,0.0004814645833690087,0.0,0.0,0.0,0.0,0.11507001384343596,0.010128953489525559,0.0,0.0,0.0,0.0,0.0,0.0,0.0,0.0,0.0,0.005612441307905281,0.0,0.0,0.0,0.0018916057875067217,0.0,0.007843489784489923,0.0,0.0,0.0002814711637804677,0.0,0.0,0.037332035512906946,0.04970620081302042,0.3305745401697696,0.0,0.0,0.0,0.0002792132095946473,0.0,0.0,0.0,0.0006231761861910289,0.07173442544156088,0.045963537955981744
0.0,0.0008505765868596226,0.0,21.24044384533176,0.0,0.15859907219038777,0.03124747100274138,0.0834637960463073,0.5175579413856746,6.695702219312974,0.0,10.175434285244343,0.000500277364933412,0.02393347927466509,0.15276155519733176,0.0,0.0,0.0,0.0,2.3485411892068595,0.0,0.0008946039007442224,0.0,0.8513640198183221,0.00316838296801086,0.0,0.0,2.1643984411159707,0.023324296511581816,0.0,0.0,0.0,0.0,0.011334975853396241,0.0,0.22022653316046772,0.0014162609708903207,0.019147133073947012,0.002483832626415502,0.2782437438820576,0.0,0.002302223658259947,0.16313133561768825,0.0,0.0,0.0,0.141668138897762,0.0,0.0,0.0,0.0,0.0,0.043344979887033064,0.0,0.005880451569352856,0.021178421448579128,0.0019254518164531615,0.13625782725640043,0.05230678590508363,0.0,0.004859897309141247,0.0,0.0,0.0015724243034506843,0.0,0.0,0.0,0.0,0.009514184984247094,0.0,0.0,0.0,0.137404021568085,0.0,0.0,0.0,0.06256756841987934,0.0,0.0,0.0,0.0,0.0,0.0,0.0,0.00434267408380843,0.06210327795787051
0.021653081069185925,0.02623720426969587,0.8509180505001562,0.0,0.0,0.00146091311465914,1.8029803496365329,0.1130729464849162,0.02563879615767842,0.04547781029799919,0.027224158179358554,0.0,0.002711476474595519,0.10158145146436352,0.0,6.3955270147764525,1.1139682570571303,0.006491445051796454,0.05980720579452118,0.0,45.12368445927083,0.1962665758291697,28.69670290360755,0.9222628020428104,0.04864597877044272,0.2425869960710356,1.644301628268404,12.607081752656965,0.6420634537373326,12.714937773151151,0.0,0.0,0.4528921644198609,4.0637164595302995,0.06156145904802235,5.557592129935618,1.0443680610069455,3.506888395869593,1.7921846709984897,0.5525655700029855,0.0,0.03449807347631024,0.30771194918420874,0.09003626060176502,0.04058606940327591,0.030365224806365408,0.030582424538174384,0.0,0.003537235197208809,0.0,0.009076688389717433,0.0006326843714797709,0.0,0.0,0.0,0.0,0.0,0.046009829288757326,0.0,0.007546407871278724,0.00022502057400132524,0.0,0.0,0.0,0.8318045372598306,0.0,0.0,0.0,0.0,0.2882821582307512,0.4543237621873692,0.1893474211958452,0.30297712210865535,0.0,0.0,0.035272061148880256,0.24603948155777117,0.013000123583048528,0.09055681121850542,0.0,0.0,0.011801230883280892,0.02012346026507999,0.015715219711655848,2.4659880375209284,0.22600160462746274
0.0003804142673818815,1.3518047042546277,0.007446109578733733,0.000627995676848325,0.0,0.0010437305062640837,0.02272988979950077,0.009647322482053418,3.0997747078190767,0.0044493874463254765,0.04155245409690896,0.005747896514594789,0.201578647938831,0.0019176364440630404,0.030788693886542588,4.900803063118178,0.03699815756264469,0.0,0.0061398365971803565,0.0008946039007442224,0.1962665758291697,5.680011657923041,0.40554688614189244,7.323458608062648,0.2968728953285481,0.02667765741626257,4.651785041248874,0.4530326727818708,0.024607369946716817,0.0492277650623982,0.010568799570671509,0.0,0.004572499143692388,0.0485914834283931,0.004046381871226843,0.25539979343712893,0.2739274197028693,0.10372271009691975,0.07521708381153963,0.07225096811443173,0.0,0.049543601638459674,0.15811161853714173,0.07189584669173471,0.05259217675226884,0.06733994200256846,0.0264985594013018,0.0,0.014174048337773089,0.0,0.04743899785265219,0.012194850575224327,0.0,0.0,0.0,0.009679335499303603,0.0,0.03823435492496938,0.0014760724318935176,0.005102155593019246,0.0,0.09055242736206623,0.0,0.001469162997561436,1.1591309368958334,0.008980853885434776,0.0,0.0018091477589117964,0.0,0.17365626425132805,1.8770882093643295,0.38147928434231965,0.36446673786592737,0.05353126853746455,0.0047583129851218355,0.505610313377756,0.1714805826496297,0.010734579988812493,0.03302239016052797,0.004405626946418571,0.0,0.0033729666257909137,0.011665636651074549,0.002591365732161682,0.16905822699768006,0.009753875914824663
0.17405811921800096,0.025162461422536076,9.344069811750561,0.0,0.0,0.005315723574456253,3.914049392999648,1.5526788985140223,0.04219483720440072,0.24445980089241165,0.10693957375627565,0.0,0.0047809128197810235,1.714318304263958,0.0,8.971472924143173,9.596093220299046,0.03152192140271076,0.3307937651826066,0.0,28.69670290360755,0.40554688614189244,60.87424641528968,0.6956537506947771,0.03743314745092572,2.7603702690019407,18.846007079139472,5.7000049839587925,1.0913829341798333,7.639342411586215,0.0008032004650609961,0.0004098432244735044,0.2732946559283696,6.597744880724191,0.1591993179906995,11.182669935433807,4.393917636338248,6.6693415567653975,5.275543955000541,1.2041851937531096,0.0012559568162747883,0.011806793886962996,0.29884619732183404,0.258386795003892,0.08718175882988537,0.12408580603270203,0.02079392847692616,0.0,0.0010821141079649685,0.0,0.08366632877613152,0.10737810267269217,0.0,0.0,0.0,0.0,0.0,0.03097435857257985,0.0,0.0026434071490753107,0.0,0.0,0.0,0.0,3.3705535570864518,0.011286226249387984,0.0,0.0004081484120399374,0.0,0.1019501454658995,0.5347963729953201,3.210265886736196,0.05367819810025167,0.0,0.0030251203209706807,2.9201907658251964,0.035712606257529624,0.002508201140625824,0.0180957132651451,0.0,0.0,0.0019248114695167287,0.007233869007577052,0.008022750670661183,3.8299075753577574,0.29530711005950905
0.02948166399012275,1.3826820983708559,0.018752122878959235,1.0935772674435453,0.0,0.2612424915226917,0.7308729075199993,0.4555336742250952,10.913964094490751,0.7418024827520296,0.0006383086997420245,1.2791695423055844,0.04548124797780547,0.1753605488289795,1.0548725007695068,3.057701819094979,0.07513537468314616,0.0,0.000499478575508551,0.8513640198183221,0.9222628020428104,7.323458608062648,0.6956537506947771,33.19762493214731,0.3246729231759454,0.04373030479742586,6.363951135691741,10.714592531395319,0.657649338108202,0.4251864364584601,0.0002469887704424086,0.0,0.11147879493724823,0.307933020693209,0.03211476452803623,1.9542817273332427,0.20615314655137276,0.5373267285700636,0.23421762535580642,0.8825694044937642,0.0023661994234601665,0.05574020932938897,1.345472038802937,0.07114325923200478,0.21024324113196868,0.08917945673596818,0.7956489684558955,0.0,0.008945735540832157,0.006757558580830707,0.04925168513545208,0.0007820094597622988,0.40093464156447256,0.0,0.1340198050959635,1.23128784541549,0.11117254168602456,1.4059288008795938,1.3656642174326652,0.02206694266485526,0.07794706935321277,0.0,0.056079620686910775,0.02620963233524496,1.0299584846216385,0.0,0.0,0.0,0.11370451085242264,0.3616699010460196,1.2047814513239758,0.18880850331375723,6.3822350266783126,0.0016221364439235886,0.0,0.33443389254841766,4.302037375719845,0.07658167924503659,0.17300007050466285,0.0,0.0,0.016659404609820374,0.05083039080443451,0.0,0.3475303990371278,0.5427346437109501
0.005047325998131348,2.1218643283241274,0.01054548320844682,0.0014896992791021586,0.0016313297437704258,0.020169509207949455,0.18647373319206784,0.03978012313055148,0.40759212694090324,0.12019947381329917,0.5790433552111398,0.007936978272423614,4.166564971245041,0.057474852879234914,0.0,0.03592199772273384,0.0062505582505931225,0.004148140914940675,0.006233279376736557,0.00316838296801086,0.04864597877044272,0.2968728953285481,0.03743314745092572,0.3246729231759454,3.8395801801910676,0.26302546503860774,2.865784644148745,0.1921956660923646,0.26375899089861043,0.06167064449674075,0.062107102902978946,0.007670124039628531,0.0035121844780287626,0.28397109395218656,0.0987453818683548,0.9352079011672015,1.0913644559816105,0.7554538985109993,0.6682816208974725,0.31466022104547375,0.0,1.379239926369715,0.17121440422659737,0.1985041049307276,0.1472297348576801,0.08150160089129004,0.06006587052706432,0.015429142660430979,0.2305977970209302,0.0,0.3574308755334027,0.0,0.0,0.0,0.0033823391897297873,0.010481888429017394,0.0014440634798135637,0.013431106287614342,0.010263237398386587,0.19869005409605556,0.003896465829478666,1.6501484945911353,0.001271627634379445,0.0002167862081512442,0.0034956448372007493,0.001006333617223181,0.003715439585297809,0.01362075065962991,0.005247411825979726,0.0034713572297930275,0.026615073806614882,0.0027650950784073995,0.02344903260800691,2.187463191050526,0.1904174673171835,0.8599248935311431,0.03498226977144754,0.01760097294298962,0.0011903213379156597,0.25099334798686274,0.00030322190666447934,0.0,0.03482140120264842,0.03031199092299294,0.18132539562926706,0.3237315999923713
0.02756911533795208,0.17284713050506725,16.15715578757209,0.0,0.0,0.0023137350966420905,0.4025464869308116,0.12671738123942566,0.026845109842223706,0.013849830653131374,7.798200759771959,0.0,0.08757722956239021,0.29775716946649033,0.0,0.022975016688928266,9.816724624104994,5.537685278911594,9.373236112558638,0.0,0.2425869960710356,0.02667765741626257,2.7603702690019407,0.04373030479742586,0.26302546503860774,51.67000041705784,21.603449524794502,0.1933406696066238,1.602105813291414,0.3138504306750711,1.3130074954773918,0.014983757256045829,0.01421957021314473,3.3492884902195414,0.02694942624156316,4.7344809676872845,4.965118613060151,6.945214863597963,2.410236646940824,0.03137544887412286,0.0007254735509836032,0.009559942689067253,0.07950878033017791,0.29052254633678565,0.26073960623538095,0.07489274618785056,0.0024633724098282865,0.0,0.000999893759627764,0.0,0.5952691223784569,0.1942276029773237,0.0,0.0,0.0,0.0,0.0,0.0,0.0,0.11359355781480845,0.0,0.8681476478834689,0.0,0.0,0.0003387808760596952,0.08543254886623043,0.013792449453346395,0.18060543760540448,0.0,0.0,0.015271937702362405,0.00506195697543665,0.0,0.945558843357367,1.4525649107399652,6.540842316560716,0.0,0.0,0.0,0.5756222156075571,0.0,0.0,0.037442311931029114,0.0010857635071247677,0.5628626896532972,0.24964496018876636
0.04620575644746174,5.741642814314644,19.547339728346763,0.0,0.0,0.0006008370512291118,0.932809044248282,0.18087217697235286,1.4684316332648157,0.041020966536270305,0.7780434957660669,0.0,2.4537947873007675,0.2117818160849318,0.0038170848868706443,6.573102576208339,13.216134826366073,0.2161600042394869,2.373656658484407,0.0,1.644301628268404,4.651785041248874,18.846007079139472,6.363951135691741,2.865784644148745,21.603449524794502,107.16721245213306,3.63753097222361,0.4342724033513486,0.5014604419892545,1.7386618960062648,0.0006484106808105592,0.04032358276623945,4.297126994433217,0.0747226149303845,10.523599523077454,5.115300741021405,7.769801081886533,4.674171341753466,0.26268658861452227,0.003158754860200369,0.009978724264418965,1.2844838721050307,1.3030741303658564,1.2640880468723048,0.8383690811450727,0.026736930159585066,0.0005116277829143002,0.009126365629216685,0.0,5.06930684204412,2.317554129687431,0.0,0.0,0.0,0.0015025419450586334,0.0,0.017904391465082485,0.0,0.17183156349814802,0.0,1.960018069477289,0.0,0.0,1.0721111718771683,1.2647811178437511,0.02505057278434127,0.4920202475814675,0.0,0.02033988868867588,0.7478386598549392,2.2418977365294173,0.04097916012733717,4.8204283981416465,3.0783177406089774,32.03884853223157,0.0033391850611902527,0.0,0.0016545661245971326,1.0197811685620561,0.0,0.0,0.20410951427081636,0.0007622255652155332,1.991575692989661,0.2045642166322383
0.10016227986463973,0.052903377282610846,0.712975229369574,6.221757717607609,0.0006228076768572847,0.6256302875339738,27.852955900792,1.1494533445117774,3.542545167823762,6.073235095431982,0.006111280594082665,2.8111298187618656,0.012519676415942286,0.5865193424194696,0.40204974426444257,0.867635404723015,0.3436186328984131,0.0,0.008974531603799399,2.1643984411159707,12.607081752656965,0.4530326727818708,5.7000049839587925,10.714592531395319,0.1921956660923646,0.1933406696066238,3.63753097222361,69.13716416499267,2.9224264313106056,9.224624971136054,0.0,0.0006550962994289093,0.85893216410524,1.6210465924581476,0.10408980683358203,6.559023104303774,0.6173923661306717,2.595096819396915,1.109756620199279,1.2741791418446198,0.007184936437858381,0.14710017069408016,1.4911184562377866,0.056393638049720037,0.07746562147670231,0.03917167817933961,0.7463014130558852,0.0010119340336914497,0.03232856344749742,0.002256873643743451,0.016439191727567654,0.0009470089025170859,0.020822501484333504,0.0,0.0010668082793515398,0.27881939057716193,0.0,1.886695343904007,0.03315977559597255,0.05175421022430821,0.004959683605063476,0.0004298615107866274,0.005336388883839036,0.002389237404149605,0.3060285291258066,0.0,0.0,0.0,0.016898330693492034,0.17499061063747778,0.6941350523255454,0.02304179398436918,5.160262123545429,0.0004443979480964867,0.0,0.016285244375484214,1.7912699364078217,0.0545692770191802,0.13533691274768164,0.0,0.0,0.01816640789742911,0.0392662504317412,0.0032318937504472725,1.5773914055782896,1.2425610255916832
3.096120173390827,0.011060534443071547,0.04783312608747626,0.009365362010588133,0.17749631554875722,0.4648683298566851,3.6934654358280508,1.214062765146879,0.44814199357410556,1.399350576341475,3.2853600704044705,0.14352284539950386,0.416858477053973,11.08057079518294,0.012089310625746318,0.005605282675333167,2.005971830120495,0.42076346571113715,0.31329743224964207,0.023324296511581816,0.6420634537373326,0.024607369946716817,1.0913829341798333,0.657649338108202,0.26375899089861043,1.602105813291414,0.4342724033513486,2.9224264313106056,46.22147601219585,5.48851801506713,0.15329271703207464,1.7805429700201467,3.9101574240416475,8.820679282407225,0.044599020058170465,1.4631278938287187,0.41142908165274855,3.0274999677624317,0.4162004408102145,0.1554804815590741,0.0016161587267778292,0.17173602370218188,0.06366812370988446,0.01290618591032967,0.04233043343614195,0.055207497805484784,0.01096373231259883,0.0,0.013961803998897663,0.0,0.007074988984548194,0.0,0.0,0.0,0.0,0.0038659226852427314,0.0,0.13888458664103437,0.0,0.0059832626824269115,0.0,0.008751055414408133,0.0,0.0,0.033569437689019696,0.0,0.0,0.0,0.0,0.021249782570479697,0.0752809399020938,0.0052182775772045996,0.13514843460029413,0.0204381974439457,0.0,0.0013284310677143746,0.05335943645243478,0.002272411914163537,0.008539999691647386,0.0,0.0,0.0009218933554394531,0.0015315366064641521,0.012001630819892284,0.5013654893625101,3.916091795731463
0.9715097541964093,0.007918331353109558,0.6372233750254109,0.000714054256459975,0.0,0.001884909576310662,6.537588322330557,0.4826587042695064,0.25346099396473154,0.03432439562222072,0.0312923466812975,0.0,0.007903147760529377,2.6650486458470257,0.0006754559278405839,0.09620933902131032,3.288512532744708,0.008485468985921788,0.19333490114659477,0.0,12.714937773151151,0.0492277650623982,7.639342411586215,0.4251864364584601,0.06167064449674075,0.3138504306750711,0.5014604419892545,9.224624971136054,5.48851801506713,36.91310724947349,0.0,0.00043298670128790785,1.85618910625792,3.96549532021341,0.047655917120765584,3.0790261377844574,0.3474633858461385,2.0989014756160276,0.6728170552566981,0.2446374894996343,0.0,0.026989771882802372,0.20962333544132705,0.02235560901468975,0.02225938194055359,0.00673186597788157,0.031156120282070453,0.0,0.005838346436508231,0.000986766465654953,0.006288871224092506,0.0,0.0,0.0,0.0,0.01115887380279368,0.0,0.1484815787297135,0.0,0.01853288375370202,0.0,0.0,0.0,0.0,0.12180618072184426,0.0,0.0,0.0,0.0,0.06709668674395433,0.16525434965058172,0.019628139218484737,0.41662983006720083,0.0,0.0,0.0010609755698023525,0.23524798234437239,0.005875259454616353,0.03309117867415197,0.0,0.0,0.006726770931478088,0.0067453733156954965,0.0017818269065603257,1.2239298936471354,0.2540147455703587
0.0,0.027271464267858685,0.0005950330126975987,0.0,0.0,0.0,0.0,0.0007525939540876129,0.004373651870757192,0.0,0.9408599821813545,0.0,2.340015437308914,0.0104691820123639,0.0,0.0,0.013040398447360537,0.052812325037975186,0.01783030201905552,0.0,0.0,0.010568799570671509,0.0008032004650609961,0.0002469887704424086,0.062107102902978946,1.3130074954773918,1.7386618960062648,0.0,0.15329271703207464,0.0,2.9510331304026085,0.0010545196167768462,0.0006051982022056637,0.17540111579064474,0.0006875636903400985,0.23247727015916345,1.2837694807038433,0.5981909491696262,0.1650328909589046,0.0004923554718632287,0.0,0.00612745491491781,0.0,0.099898956777516,0.008605853152366198,0.0002866719376600723,0.0,0.0,0.0031082567702914975,0.0,0.044055705611854915,0.0,0.0,0.0,0.0,0.0,0.0,0.0,0.0,0.15136920958984693,0.0,1.4283533531322556,0.0,0.0,0.0,0.0,0.0013906411278782553,0.0,0.0,0.0,0.0,0.0,0.0,0.4783947465390738,0.24494013411907592,0.5756914972626876,0.0,0.00025839484490024895,0.0,0.46963042113660797,0.0,0.0,0.0017978442060641148,0.0,0.012434251127056994,0.023110877883837998
0.001298578374464196,0.0,0.0,0.0,1.976327450123482,1.4772368776297256,0.0007308625455498129,1.1753785635410765,0.0005121780681525779,0.004680920720484692,0.06787311257673176,0.00028073976364094297,0.020537576016514077,1.2342740489695074,0.0,0.0,0.0,0.0021696948783826346,0.002361712268731604,0.0,0.0,0.0,0.0004098432244735044,0.0,0.007670124039628531,0.014983757256045829,0.0006484106808105592,0.0006550962994289093,1.7805429700201467,0.00043298670128790785,0.0010545196167768462,3.8210787557652126,0.0,0.5379251099610233,0.0,0.020103781370905714,0.006516632069854718,0.10357766439350659,0.00707140842888093,0.0018783489864644654,0.0,0.007964713243335768,0.0,0.0004565605242937601,0.0010087193763949746,0.0027999028506145753,0.0,0.0,0.0,0.0,0.0,0.0,0.0,0.0,0.0,0.0,0.0,0.0,0.0,0.0,0.0,0.000658140616177753,0.0,0.0,0.0,0.0,0.0,0.0,0.0,0.0,0.0,0.0,0.0,0.0004387861127963972,0.0,0.0,0.0,0.0,0.0,0.0,0.0,0.0,0.0,0.0,0.004231235803679685,1.5636303822869504
0.020783926076003184,0.001873019002966903,0.00871463702506133,0.00022639205667596878,0.0,0.0025160899339562964,0.21752854116949738,0.016350663375266156,0.04609024364390771,0.016960360084931837,0.01174065716980964,0.0005014600320184895,0.000846592191232847,0.043430805529085625,0.00037325044593394384,0.004898112751605357,0.13746541519003638,0.0048132354179217084,0.025059706577367,0.0,0.4528921644198609,0.004572499143692388,0.2732946559283696,0.11147879493724823,0.0035121844780287626,0.01421957021314473,0.04032358276623945,0.85893216410524,3.9101574240416475,1.85618910625792,0.0006051982022056637,0.0,4.112442544397011,1.3754167915345656,0.0017847385599490215,0.07848640657578748,0.01651381002580126,0.30716641513842347,0.01896079816362464,0.007424078620030334,0.0,0.003166088080266252,0.016116733468431017,0.0014216378360461747,0.0003436534287560365,0.0,0.001211075998418063,0.0,0.0,0.0,0.0,0.0,0.0,0.0,0.0,0.000724557301274246,0.0,0.01931878311867088,0.0,0.0,0.0,0.0,0.0,0.0,0.010460458884156709,0.0,0.0,0.0,0.0,0.00451694071005271,0.015206928822071253,0.003551781830494404,0.029669205528899373,0.0,0.0,0.0,0.012186671469249233,0.0,0.0008921351856596349,0.0,0.0,0.0,0.0013498498051712942,0.0,0.016095524946545148,0.014648913745228849
0.07320573478290272,0.05798952010399896,0.5995278412281693,0.010742478697192288,0.20336160805290507,0.1848904660881123,1.3424684950009071,0.5004818609752062,0.16472755073499912,0.8490425003338218,6.2243839216338115,0.07525963831094512,0.5835299836654032,1.1827594788611493,0.01460982619155006,0.06114713488225109,2.618111233997093,1.088801377620808,2.9133447234436836,0.011334975853396241,4.0637164595302995,0.0485914834283931,6.597744880724191,0.307933020693209,0.28397109395218656,3.3492884902195414,4.297126994433217,1.6210465924581476,8.820679282407225,3.96549532021341,0.17540111579064474,0.5379251099610233,1.3754167915345656,12.210197080426845,0.05954134690047904,1.5098302027553805,0.7365246227679842,4.730443906111157,0.7054750883574253,0.11887408519499978,0.0004139373796964565,0.25998826237071415,0.07078137351477266,0.038935326620854124,0.044315067934219465,0.03695590327440789,0.013347856443179276,0.0007413750096609547,0.0077332497380737586,0.0,0.1358442900646202,0.062493313557779526,0.0,0.0,0.0,0.0022934035278200406,0.0005987489418384568,0.0694283063752415,0.0010632662271259099,0.011270511705915743,0.0,0.027159847814293325,0.0,0.0,0.03728424135610314,0.017316523149662182,0.0,0.006787380752254005,0.0,0.009698432380081718,0.04536748727914515,0.038251150506270946,0.1285324409621808,0.09226816853135159,0.06004402610348953,0.5950055634784112,0.04135112126983039,0.0012762849809298993,0.002478992429830166,0.0,0.0,0.0,0.006227001365796542,0.027464794906492482,0.6148026997553414,1.9846364142433948
0.002751973171611391,0.0,0.01761594719582811,0.0,0.0,1.2817387706905614,0.13237915408210965,0.012942434322680637,0.027647691773456762,0.41274305674377826,0.006425820876593574,1.0392167631243894,0.009440866185429922,0.017323526347310825,0.4050852969194006,0.0020410372642686546,0.00466571941301637,0.0031724171041351457,0.0013988226795655296,0.0,0.06156145904802235,0.004046381871226843,0.1591993179906995,0.03211476452803623,0.0987453818683548,0.02694942624156316,0.0747226149303845,0.10408980683358203,0.044599020058170465,0.047655917120765584,0.0006875636903400985,0.0,0.0017847385599490215,0.05954134690047904,395.89558800790604,2.1293458595653494,0.2596239608517107,0.1903657665978902,0.6055019458091767,0.029183689144093177,0.0037111374123397368,0.003969589962827133,0.40881062504780463,0.06962508834339962,0.048721437517833484,0.6712478427517036,0.008988146569473941,0.022990752797632807,0.0020713483632999064,0.0,0.000560492517170421,0.0,0.0,0.0,0.10778132533779623,0.0,0.0005408966450092728,0.00561369780905778,0.017495248871045366,0.029350244952142602,0.8683300499068415,0.0003000613855373899,0.0006504066793928605,0.06903992582841853,0.0,0.0,0.0021331874684178743,0.0,0.0,0.0,0.004715432710245027,0.0019700228055431496,0.0,0.0006623477699129988,0.00040889071873373434,0.002019763831859791,0.0,0.0025444216421128944,0.0008969121903305154,0.0,0.0006026675015376273,0.0,0.0007863219113215209,111.80803525623384,37.695234994468926,0.09892201662150814
0.09275183865134587,0.11675177192474274,1.9363402091476913,0.19489072527784104,0.0035062349691983735,0.7973160792992164,5.218439422339657,1.1451527894088318,1.2133498721079496,4.638608176821644,0.521452305290794,1.3261868904896128,0.26220923998296,0.7558447382875141,0.15647764752337764,0.8978861719019022,0.9255500002859589,0.2894622666712464,0.5990750933047505,0.22022653316046772,5.557592129935618,0.25539979343712893,11.182669935433807,1.9542817273332427,0.9352079011672015,4.7344809676872845,10.523599523077454,6.559023104303774,1.4631278938287187,3.0790261377844574,0.23247727015916345,0.020103781370905714,0.07848640657578748,1.5098302027553805,2.1293458595653494,5.113508891949924,12.091331263788087,4.886023738678967,2.9614661519325813,3.743416945967405,0.008380268180706361,0.8822853700748999,1.3189438671813813,0.11144948658020644,0.18810663189324528,0.18315312410801346,0.5291205527420841,0.019287210428761793,0.046651749148618894,0.0033145621268139093,0.31082794807120084,0.054387544129433044,0.2164415745041855,0.0011441574630993109,0.09524198807306893,0.2620057576723352,0.08173406824572249,0.8100438777070209,1.5947218242729955,0.12270640949617796,0.4841906819965156,0.012195507083691229,0.04584315238490534,0.006652477318060162,0.6488277855197163,0.008005749467761406,0.000933528665837998,0.00359802998323013,0.11503514881181866,0.2642382369235898,0.42139070569597464,0.4206895288246688,2.4426437265403274,0.09854650342911443,0.019806052632925845,1.0879483585772205,1.724776324740034,0.06411298089001663,0.14250061341379344,0.0006655724579343882,0.0026066901845427834,0.019467617626837228,0.040637085620612995,0.4801131854445589,2.903329466915575,3.9027056042868504
0.009328026330451804,0.2739616587313214,0.601581281012828,0.0037863629412449784,0.0016311294597737907,0.00642676525199288,0.5514508239969156,0.2699391965695964,0.23142858356591245,0.15560108957428198,2.358241566357772,0.0061911759459754535,1.134611599962078,0.1175047699666663,0.000729095353256076,0.358466118939209,0.3529794102397628,0.29290867730640247,0.36636922036340797,0.0014162609708903207,1.0443680610069455,0.2739274197028693,4.393917636338248,0.20615314655137276,1.0913644559816105,4.965118613060151,5.115300741021405,0.6173923661306717,0.41142908165274855,0.3474633858461385,1.2837694807038433,0.006516632069854718,0.01651381002580126,0.7365246227679842,0.2596239608517107,12.091331263788087,2.677568193169026,10.483094436012957,7.980830707939948,0.334650584844527,0.00413186750971248,0.38789029765457883,0.22951345387767363,0.11630670566927066,0.14512890188081193,0.11303681781331107,0.07416187815597375,0.0065921587849087065,0.11596719884634851,0.0,0.179460811143946,0.07274681057694682,0.0044262429119058125,0.0,0.005170961953732024,0.02186606158394961,0.00429832598502757,0.02444023645484274,0.04246791759242775,0.13524840257297074,0.009117877983431262,0.3312871265858007,0.0014939835553961728,0.00032559174522917673,0.3013670873955763,0.03456643222212062,0.002579758778804246,0.024050491465030216,0.004140112963892737,0.06952602756468759,0.11645317575214657,0.4234438066338237,0.1242490306816256,0.45362553615042167,0.13671885940184522,1.3410588723869012,0.11388606732039157,0.014129202239114116,0.020971719886685156,0.036962419312632375,0.0005323300919561932,0.0034650703614089035,0.039060603979822604,0.153999745335848,5.0953537967932885,0.34901881321016015
0.069243985806343,0.1043506632051562,0.7274739369421869,0.009684369204601846,0.009969040285305437,0.17492688745815946,1.9398205339612304,0.7477961615738613,0.32426772882065535,1.4146510318739958,3.4520162491263,0.12777660151499307,0.8165215314870422,1.0480647036251831,0.019285403245769064,0.1874598002831927,0.8430627010277019,1.0670422429034383,1.3996818160788826,0.019147133073947012,3.506888395869593,0.10372271009691975,6.6693415567653975,0.5373267285700636,0.7554538985109993,6.945214863597963,7.769801081886533,2.595096819396915,3.0274999677624317,2.0989014756160276,0.5981909491696262,0.10357766439350659,0.30716641513842347,4.730443906111157,0.1903657665978902,4.886023738678967,10.483094436012957,6.029959844104396,4.759112895723954,0.23511496490128855,0.004698550917589427,1.195250644701441,0.14005855750073834,0.1358398419090857,0.3537135099167206,0.4357253978779538,0.028082177464953843,0.0046140659058830176,0.06793103941820673,0.0,0.3893246957790468,0.11130117505784268,0.0,0.0,0.0,0.0028784588611176433,0.0007067916480704618,0.11947922666659812,0.0,0.04008449448888572,0.0,0.08347251398563858,0.0007626602409785282,0.0,0.10511737445436765,0.03363897954809241,0.0025972201556689156,0.027272551519118976,0.0,0.012281491845760542,0.10335322652695517,0.11293612445562513,0.1657900357223375,0.31060095747604627,0.17976626139184929,1.6885420204632013,0.0627134942491719,0.006424079793929744,0.0053633930825648,0.011122475739298058,0.0,0.0,0.006369256511623295,0.09616252091848844,2.243269408945055,1.4914332839741042
0.021083311337801086,0.05282057599500779,0.5142705211280466,0.004590380571622275,0.0,0.048216808834347445,0.7527316686035431,0.24619881896202597,0.11413658771573308,0.34537048930441233,0.6369448745260834,0.02581648603733216,0.23907522567851744,0.22498160921248214,0.008694096149547734,0.19340223161916303,0.3472071409640113,0.2387349399293193,0.35679898216803435,0.002483832626415502,1.7921846709984897,0.07521708381153963,5.275543955000541,0.23421762535580642,0.6682816208974725,2.410236646940824,4.674171341753466,1.109756620199279,0.4162004408102145,0.6728170552566981,0.1650328909589046,0.00707140842888093,0.01896079816362464,0.7054750883574253,0.6055019458091767,2.9614661519325813,7.980830707939948,4.759112895723954,1.460209958991864,0.6050935807863589,0.03638818189306589,0.4191844875931236,0.10542728561516895,0.08025916190625645,0.15467993285743362,0.20421525331448503,0.015306630790498862,0.005898678437601677,0.0332395913465442,0.0,0.1710151377784266,0.04141710554310018,0.0,0.0,0.0026586775148622743,0.0013654757411526157,0.0008572314027246952,0.04505117433453826,0.0,0.027037101585645016,0.0,0.019875077289974896,0.0018449184146103847,0.0,0.10466536267378403,0.005723393502740227,0.0,0.00600384343296392,0.0,0.0036740330668295676,0.06179081785271114,0.11679121152877346,0.077058630960649,0.11280049910668888,0.041974048076005466,0.7550594879120981,0.014104680041639023,0.002972884403839194,0.0013156331516805825,0.0007458758141074325,0.0,0.0,0.005808027950765215,0.639429533803216,7.373429982243194,0.8457995316715597
0.006017921084415819,0.03484403380654562,0.03065314149584446,0.4422990477114598,0.0,2.0709531806822117,0.528012162596617,0.5102073792540202,0.7519016274885004,1.8019142745585581,0.030398909533984154,2.0120241879559697,0.038917503047237144,0.08360688823712405,1.7719052196583065,0.05968539812444317,0.011027985732230718,0.002150358003835288,0.003836693979097574,0.2782437438820576,0.5525655700029855,0.07225096811443173,1.2041851937531096,0.8825694044937642,0.31466022104547375,0.03137544887412286,0.26268658861452227,1.2741791418446198,0.1554804815590741,0.2446374894996343,0.0004923554718632287,0.0018783489864644654,0.007424078620030334,0.11887408519499978,0.029183689144093177,3.743416945967405,0.334650584844527,0.23511496490128855,0.6050935807863589,2.350912516214609,0.005888946750575769,0.20890611891208152,0.3633438068874785,0.009915533572825354,0.04567411883907642,0.019081436700659874,0.327527286632887,0.0021585477189131792,0.031370046130688216,0.0007492643483191414,0.0023185354347290852,0.0,0.1388807776756806,0.0,0.09109484654552656,0.2261158707788136,0.08039780977535793,0.24276205219960875,1.06908250555448,0.08216438429542075,0.20309101280589456,0.001248101981988296,0.017026386546736588,0.006026411721241094,0.043512503238647096,0.0,0.0,0.0,0.07168510668067007,0.015853648144190477,0.03667348477723838,0.00584394410981287,0.8788266809566231,0.003294370988140655,0.00041905394175701397,0.008959852108852695,0.7428865787461544,0.008345657982382319,0.011799317014357252,0.0,0.0003012018806126147,0.0017754388385726177,0.00499510653998177,0.024861901657043654,0.0933517199413939,1.6350282127572755
0.0,0.0,0.0013953224523230233,0.0,0.0,0.0014216253761341732,0.009012617687919803,0.0013974307884143328,0.0011169557896408872,0.008215909679791002,0.0,0.0,0.0,0.0010552796548838725,0.0,0.0,0.0,0.0,0.0,0.0,0.0,0.0,0.0012559568162747883,0.0023661994234601665,0.0,0.0007254735509836032,0.003158754860200369,0.007184936437858381,0.0016161587267778292,0.0,0.0,0.0,0.0,0.0004139373796964565,0.0037111374123397368,0.008380268180706361,0.00413186750971248,0.004698550917589427,0.03638818189306589,0.005888946750575769,0.0,0.0,0.0,0.0,0.0,0.0,0.0013903110228356212,0.0,0.0,0.0,0.0,0.0,0.0,0.0,0.0,0.0,0.0,0.0018279671835592548,0.0,0.0,0.0,0.0,0.0,0.0,0.0,0.0,0.0,0.0,0.0,0.0,0.0,0.0,0.0,0.0,0.0,0.0,0.0,0.0,0.0,0.0,0.0,0.0,0.0,0.0006284199252844307,0.0016281766919805057,0.0012478803145352544
0.0011763927096553265,0.0926292768426149,0.0012037538832074366,0.0011882188517034682,0.0005854975444980951,0.017421973400993856,0.08233232930103312,0.04673198946160323,0.04492928465047719,0.07168801709467804,0.591607764297575,0.011454815914983145,1.050211356722111,0.027863830281009985,0.0,0.002050513605723939,0.00033463876504811004,0.0006820010171596481,0.0005025961148967585,0.002302223658259947,0.03449807347631024,0.049543601638459674,0.011806793886962996,0.05574020932938897,1.379239926369715,0.009559942689067253,0.009978724264418965,0.14710017069408016,0.17173602370218188,0.026989771882802372,0.00612745491491781,0.007964713243335768,0.003166088080266252,0.25998826237071415,0.003969589962827133,0.8822853700748999,0.38789029765457883,1.195250644701441,0.4191844875931236,0.20890611891208152,0.0,0.6029829838324521,0.1619692951733011,0.02214084770748963,0.08275805362528245,0.0577644999265995,0.09596646354213649,0.0019351559396419108,0.05407398573425809,0.00040548268492499533,0.002260230317596616,0.0,0.004855318952483858,0.0,0.008566561249520516,0.02837594036497428,0.0019231129224145786,0.003350893412452255,0.04223286277366998,0.04914153032541002,0.009287699693057132,0.07512976618591273,0.00381841872540797,0.00028318593851336905,0.003101123982947989,0.0004156453130453147,0.0,0.0,0.005704069253355664,0.008196577233965654,0.009730104964112874,0.011484680803743971,0.04493386884048865,0.12720660504295528,0.0008688834034562921,0.014122309693416085,0.0708539842303414,0.007334986944200664,0.0031329257931221825,0.0016844715328596228,0.0002261475185091209,0.0016436221740638655,0.009573513664972897,0.002471985695813916,0.05259628683767111,0.180654601542799
0.0044900269200518214,0.030112661266382325,0.09519876308497731,0.13478183383092493,0.0,0.14966863413300238,0.3147929820358066,0.14109475565969595,0.9139720523808055,1.918609935318711,0.006456361459441774,0.47981578357270543,0.015537050670717725,0.02295831497009373,0.009697199096669776,0.3459776827450466,0.024369877166052427,0.0,0.001774778793738164,0.16313133561768825,0.30771194918420874,0.15811161853714173,0.29884619732183404,1.345472038802937,0.17121440422659737,0.07950878033017791,1.2844838721050307,1.4911184562377866,0.06366812370988446,0.20962333544132705,0.0,0.0,0.016116733468431017,0.07078137351477266,0.40881062504780463,1.3189438671813813,0.22951345387767363,0.14005855750073834,0.10542728561516895,0.3633438068874785,0.0,0.1619692951733011,4.812995085256089,11.23707338664044,4.5128602047459765,4.296186237729456,6.82216483152538,0.9978423744396309,0.7467137051818676,0.07652942700112364,0.3865268131362599,2.1374129371000574,0.567733481635179,0.033124027662262,0.6551752642368922,4.800412996909577,1.014238979708283,0.7580802218813393,3.6328395170441268,2.587243184368696,1.5418744212611974,0.20983645597311265,1.3766952191080783,0.15319989268719603,1.1771804640929757,0.8459509880327516,0.6287703601938084,0.7300042359185205,0.2041744455162711,3.1189982013315247,0.6377042085819901,10.406887380349033,3.445058442143863,0.07876341515763656,5.329545816112787,9.121890501674322,6.953615527051703,1.878959487449884,1.6345728067743777,0.2365972744610686,0.1718546444110009,0.08751628957047121,0.71429506466789,1.9056163657320007,3.507943653496541,0.09514783382262264
0.0,0.05139454790731526,0.08495428765352679,0.0,0.0,0.0,0.00456203456926955,0.0011683300559347013,0.02687912289017621,0.0005128651810717248,0.1875254632758133,0.0,0.4889180753960286,0.0020868700094872697,0.0,0.16472916520248307,0.047935536665607174,0.0003350850744689933,0.018954584336103978,0.0,0.09003626060176502,0.07189584669173471,0.258386795003892,0.07114325923200478,0.1985041049307276,0.29052254633678565,1.3030741303658564,0.056393638049720037,0.01290618591032967,0.02235560901468975,0.099898956777516,0.0004565605242937601,0.0014216378360461747,0.038935326620854124,0.06962508834339962,0.11144948658020644,0.11630670566927066,0.1358398419090857,0.08025916190625645,0.009915533572825354,0.0,0.02214084770748963,11.23707338664044,2.19699508064432,11.03766284946907,9.406988316285558,0.3242394678563758,0.19477058490593452,0.8187422362867067,0.06232661062692307,0.21721120026562532,1.623260014703648,0.0029167322074698915,0.0,0.011881432775449008,0.9121476975967484,0.06560234642855793,0.044404498886512385,0.07109797930036192,1.8942156210428283,0.013107634974836671,2.643500202887478,0.502029376658659,0.001371572802442242,0.42497613748531493,1.545488791526659,0.6408378934382346,0.7253632062177392,0.0021828557843727044,0.8173114653847394,0.1968783134360661,4.953965379763676,0.33249103347474407,0.11365985226387176,5.377401399448252,5.422053567368477,0.6727132690811479,0.22974747376358146,0.4561486450304302,1.4117609976224283,0.0024665435565832524,0.016408138487093434,0.4951668316359792,0.16929257920299198,4.773471975390937,0.014562754098214305
0.0003802175528030089,0.032762577496622536,0.08176930152227217,0.0,0.0005119199794183009,0.0003475024839593444,0.0014740907440324291,0.003301524431836949,0.2117953307103066,0.0,0.04579311795575368,0.0010738293901893321,0.09912845533544404,0.0067255804645542025,0.0,0.0944585313796552,0.03190110185787805,0.0005602486400068608,0.012756320666684279,0.0,0.04058606940327591,0.05259217675226884,0.08718175882988537,0.21024324113196868,0.1472297348576801,0.26073960623538095,1.2640880468723048,0.07746562147670231,0.04233043343614195,0.02225938194055359,0.008605853152366198,0.0010087193763949746,0.0003436534287560365,0.044315067934219465,0.048721437517833484,0.18810663189324528,0.14512890188081193,0.3537135099167206,0.15467993285743362,0.04567411883907642,0.0,0.08275805362528245,4.5128602047459765,11.03766284946907,4.2550599522666825,4.796839833242134,0.33757966870818484,0.37111111120103646,1.571774429953069,0.15929943095444726,0.20951087670432073,0.7517678624672175,0.0809023239730746,0.006776056526528468,0.31690767241783124,2.4725098145925113,0.3393541886860852,0.21741996303407599,1.2777365918939925,4.738960245999796,0.4421000416490098,1.0942560480031076,0.9027598758841971,0.04317899318629058,0.3979552909455319,0.4619546594660261,3.041568812370045,1.3067058081761962,0.016824846478601736,2.7620412433929666,0.21309649965581212,5.2078006951153455,1.1847389862541606,0.1216791068716111,7.112730145535154,5.173589697598431,3.7201859417579812,1.9812823842546607,1.6465485558617525,1.0319694475747794,0.1259633891146552,0.3655145615359098,2.856162221280515,0.18386216376217032,2.499350622228728,0.03869091634161754
0.0,0.017121781136805174,0.052508352033273156,0.0,0.0,0.0014899227643142441,0.0008919271679245143,0.005026583285263406,0.1149741568650409,0.0,0.023052058473096357,0.0,0.02766283131016771,0.008455913331024667,0.0,0.12545782737545166,0.015200912783259832,0.0,0.0004814645833690087,0.0,0.030365224806365408,0.06733994200256846,0.12408580603270203,0.08917945673596818,0.08150160089129004,0.07489274618785056,0.8383690811450727,0.03917167817933961,0.055207497805484784,0.00673186597788157,0.0002866719376600723,0.0027999028506145753,0.0,0.03695590327440789,0.6712478427517036,0.18315312410801346,0.11303681781331107,0.4357253978779538,0.20421525331448503,0.019081436700659874,0.0,0.0577644999265995,4.296186237729456,9.406988316285558,4.796839833242134,2.1416271110042087,1.4679728718143945,0.9200189244838876,0.7705306719681281,0.09954173110042293,0.1308195068565641,0.7578412857338934,0.033563424509047465,0.005355678843677928,0.11630894447088631,1.342257507725041,0.18253644579898162,0.14379907432797348,0.4181133233847214,1.8499076090047466,0.11295764764812696,0.3671230073292822,0.377722365643867,0.018930099700140805,0.5541047494599814,0.32291401262546915,0.8250493565557051,0.4170770015520488,0.006955066446275839,2.116716005121622,0.23516752100841296,7.010550036892687,0.815891614521511,0.051984242971425655,2.851274490676223,4.283064204252175,2.4283962252200704,0.5827628837793073,0.6298170475660843,0.34891494905274606,0.08016244666466606,0.034177723883766574,0.3862115376363156,0.8044961123816246,11.72070551256193,0.059783003092986134
0.0017038507611927263,0.0009986464464210025,0.010841012689332945,0.09310323370104995,0.0,0.14137985012953097,0.2547136364939891,0.22707021301707217,0.4784663826548681,1.5931596841065958,0.0011124709814740023,0.3348235253494474,0.006860226471017033,0.005181118219695685,0.0069839518273125895,0.013230169566756865,0.0020059925554324538,0.0,0.0,0.141668138897762,0.030582424538174384,0.0264985594013018,0.02079392847692616,0.7956489684558955,0.06006587052706432,0.0024633724098282865,0.026736930159585066,0.7463014130558852,0.01096373231259883,0.031156120282070453,0.0,0.0,0.001211075998418063,0.013347856443179276,0.008988146569473941,0.5291205527420841,0.07416187815597375,0.028082177464953843,0.015306630790498862,0.327527286632887,0.0013903110228356212,0.09596646354213649,6.82216483152538,0.3242394678563758,0.33757966870818484,1.4679728718143945,4.022792762916532,1.8427234652916067,0.1377972422949682,0.011695409776053758,0.1656521843456746,0.051762441450392715,1.1550370216170753,0.9627022610322091,3.534538028960135,1.3057601756643047,2.091884964320044,1.129571665269675,1.7627887406552873,0.362963830848752,2.2565138455076528,0.018521936167650653,1.0796932911617294,1.9143188289438096,0.05443000170923143,0.011884646837842515,0.02944554708437614,0.007064832883835349,0.34445907785820673,0.19804172995710081,0.26109276394950637,0.4789303546620171,2.021508796381094,0.17675082157972477,0.036890445705084055,0.2934537276795559,2.324645901942096,1.8506695721516582,0.10686274602149748,0.005443790648231645,1.6244178129445968,0.011450213448230776,0.22705292733488133,0.06136169575672864,0.23775691804142834,0.08239709329613051
0.0,0.00047288978429989575,0.0,0.0,0.0,0.0,0.0,0.0,0.036264322485303285,0.0,0.005338337224084181,0.0,0.011169496687504301,0.0,0.0,0.0,0.0,0.0,0.0,0.0,0.0,0.0,0.0,0.0,0.015429142660430979,0.0,0.0005116277829143002,0.0010119340336914497,0.0,0.0,0.0,0.0,0.0,0.0007413750096609547,0.022990752797632807,0.019287210428761793,0.0065921587849087065,0.0046140659058830176,0.005898678437601677,0.0021585477189131792,0.0,0.0019351559396419108,0.9978423744396309,0.19477058490593452,0.37111111120103646,0.9200189244838876,1.8427234652916067,2.3411849541962537,0.10160844459128436,0.002028182468901824,0.0037133245234980375,0.011242640171724041,0.040231334039549954,0.8801618240996121,0.6248673691712109,0.20423696499207467,0.13311220433372103,0.05077423783138633,0.2057339322667429,1.0362191127285398,0.09361996451198235,0.09909271027709786,0.13068910920086638,0.26509890088334515,0.0,0.0004674859171596778,0.03222033982466514,0.0071706556270455584,0.012615193208994045,0.0018158552236888516,0.007803573382261694,0.017851042071385218,0.13261433614400064,0.022047525594083836,0.06595544139694615,0.05069664353109382,0.18508213309714264,0.7225342896192497,0.005649469720662601,0.012384498334881762,1.4865747049368745,0.0012465018913260777,0.8984896680702124,0.14519048838352258,0.42841448807771354,0.0
0.0008522093310843295,0.024659131379162178,0.0,0.0,0.0,0.0036747697880455663,0.010144979233346361,0.008434632726730135,0.006691923350347803,0.008398438764525135,0.04804199650031266,0.005799256569317892,0.14568592983186687,0.0005359569343787469,0.0,0.000369067517969249,0.0,0.0,0.0,0.0,0.003537235197208809,0.014174048337773089,0.0010821141079649685,0.008945735540832157,0.2305977970209302,0.000999893759627764,0.009126365629216685,0.03232856344749742,0.013961803998897663,0.005838346436508231,0.0031082567702914975,0.0,0.0,0.0077332497380737586,0.0020713483632999064,0.046651749148618894,0.11596719884634851,0.06793103941820673,0.0332395913465442,0.031370046130688216,0.0,0.05407398573425809,0.7467137051818676,0.8187422362867067,1.571774429953069,0.7705306719681281,0.1377972422949682,0.10160844459128436,0.7379807518548133,0.0,0.07625040888664987,0.0014905383566774992,0.0017737830088080321,0.0,0.017478546805184146,0.03145611201438626,0.027548123344218706,0.01939626790724343,0.03559921996765733,1.3693054105175544,0.013040417467730202,1.2526212534950996,0.034634869990874256,0.001355905272828946,0.0025904107807097417,0.0,0.018959203774115804,0.0005067775060288059,0.0017959890177074971,0.007928700511707578,0.033090095686362904,0.022904261607893453,0.03981770782715192,1.125382264678148,0.04381379537925889,0.039556269888358926,0.06283978890872785,0.15959090969150186,0.008801572508161527,0.04496672182766858,0.0033738509655664786,0.0017125407400849872,0.21771308517403273,0.0017209400262557318,0.04418127354786936,0.018666963792623514
0.0,0.0,0.0,0.0,0.0,0.0,0.0009984477157821002,0.0,0.006881186885318313,0.0,0.0,0.0,0.0,0.0,0.0,0.0,0.0,0.0,0.0,0.0,0.0,0.0,0.0,0.006757558580830707,0.0,0.0,0.0,0.002256873643743451,0.0,0.000986766465654953,0.0,0.0,0.0,0.0,0.0,0.0033145621268139093,0.0,0.0,0.0,0.0007492643483191414,0.0,0.00040548268492499533,0.07652942700112364,0.06232661062692307,0.15929943095444726,0.09954173110042293,0.011695409776053758,0.002028182468901824,0.0,4.561887419295214,0.0010674402645963628,0.04447112210208661,0.0052463766617786385,0.0,0.014862996598652938,3.2379245600712734,0.14211286010951676,0.02413529185793101,0.10095656843547902,0.05062695630087275,0.007945059929988806,0.0007102662118602628,3.8073854090808106,0.00051644365457859,0.0014025476479263698,0.09470894444458756,0.014060375850001661,0.05055926804374876,0.0006783207491462422,0.02103681418512629,0.004522912197242462,0.11904737061143603,0.07836399027040575,0.0,0.19838748550851712,0.05091643095857943,0.26003873240103315,2.80009963253316,1.443462852647404,0.0,0.0,0.009005818261060167,0.08192675034097885,0.0,0.006662321160819143,0.0
0.0,0.2880155598227537,0.13384027620600902,0.0,0.0,0.0,0.008255892975552142,0.004491616732112901,0.021841985414969022,0.00037628355867703567,0.05685651222955587,0.0,0.29540060666125784,0.004401683896547539,0.0,0.05003354439874197,0.33461304550927706,0.007510075693285921,0.11507001384343596,0.0,0.009076688389717433,0.04743899785265219,0.08366632877613152,0.04925168513545208,0.3574308755334027,0.5952691223784569,5.06930684204412,0.016439191727567654,0.007074988984548194,0.006288871224092506,0.044055705611854915,0.0,0.0,0.1358442900646202,0.000560492517170421,0.31082794807120084,0.179460811143946,0.3893246957790468,0.1710151377784266,0.0023185354347290852,0.0,0.002260230317596616,0.3865268131362599,0.21721120026562532,0.20951087670432073,0.1308195068565641,0.1656521843456746,0.0037133245234980375,0.07625040888664987,0.0010674402645963628,4.884910652237329,0.05124748773027818,0.0,0.0,0.0011622788352231863,0.029304602840272587,0.0006829639337012228,1.4455274111188166,0.0,0.05898409268799772,0.001494886039712031,0.3275004086196891,0.0046386870225003166,0.018796057487132513,0.5609261895304204,0.25502882888929507,0.0073990716262178945,0.07953255451980612,0.0,0.02171251661761852,3.1476580774275704,0.13087331315226017,1.1005436454738573,3.2495898596767687,0.18175168393804797,7.16317414095087,0.03842154753663471,0.010880242738795835,0.042172537019057585,0.060207983342357954,0.0,0.0,0.07208000278649017,0.0,0.09623273971102972,0.00412146092180319
0.0,0.020341847076171045,0.5341762582954382,0.0,0.0,0.0,0.0,0.0,0.006936175154045796,0.0,0.0,0.0,0.0,0.0,0.0,0.015057439210070049,0.1903144276456972,0.0,0.010128953489525559,0.0,0.0006326843714797709,0.012194850575224327,0.10737810267269217,0.0007820094597622988,0.0,0.1942276029773237,2.317554129687431,0.0009470089025170859,0.0,0.0,0.0,0.0,0.0,0.062493313557779526,0.0,0.054387544129433044,0.07274681057694682,0.11130117505784268,0.04141710554310018,0.0,0.0,0.0,2.1374129371000574,1.623260014703648,0.7517678624672175,0.7578412857338934,0.051762441450392715,0.011242640171724041,0.0014905383566774992,0.04447112210208661,0.05124748773027818,27.128121225004506,0.0,0.0,0.002294094144056617,3.6857026558341324,0.08829144118720837,0.009323724570620789,0.10917143363092281,0.028455803922608842,0.0,0.00021522295189731446,0.6666238492208992,0.0,0.02150116735982215,8.64971943791753,0.015958889369757007,0.2981291784490965,0.0,0.5592759790869956,0.018482266551000433,9.778889587877051,0.18512438353503505,0.0,14.77253218916688,14.477844446823918,0.6496710784782789,0.08530166106006885,0.4315806996664443,0.0016792580346667032,0.0,0.02237764864906129,0.41141297982744884,0.0008590210360800999,0.3062891859570127,0.0
0.0,0.0,0.0,0.027746368889334617,0.0,0.0,0.002756045877277607,0.0,0.6995263865955254,0.022957557609049994,0.0,0.07541855050830926,0.0,0.0,0.000970661318814028,0.0,0.0,0.0,0.0,0.043344979887033064,0.0,0.0,0.0,0.40093464156447256,0.0,0.0,0.0,0.020822501484333504,0.0,0.0,0.0,0.0,0.0,0.0,0.0,0.2164415745041855,0.0044262429119058125,0.0,0.0,0.1388807776756806,0.0,0.004855318952483858,0.567733481635179,0.0029167322074698915,0.0809023239730746,0.033563424509047465,1.1550370216170753,0.040231334039549954,0.0017737830088080321,0.0052463766617786385,0.0,0.0,19.902780718173652,0.03543794800507589,0.39267184987936676,0.15150361363605608,0.18754222210533208,1.1174784121393884,4.068629511947749,0.003697167273072839,9.02010382091721,0.0,0.09807300656286837,1.0372838329150238,0.0002905440949283386,0.0,0.0,0.0,16.71175210909934,0.000525648257581674,0.007022936826331078,0.0,3.166005400966807,0.0,0.0,0.0029918442586354538,4.210067564011799,0.0765636454393231,0.0023835163545810538,0.0,0.004635009101048589,0.001427492656155384,0.019533864847215456,0.0017280830426251368,0.01063656374402324,0.0
0.0,0.0,0.0,0.0,0.0,0.0,0.0,0.0,0.0007572324124690772,0.0,0.0,0.0,0.0,0.0,0.0,0.0,0.0,0.0,0.0,0.0,0.0,0.0,0.0,0.0,0.0,0.0,0.0,0.0,0.0,0.0,0.0,0.0,0.0,0.0,0.0,0.0011441574630993109,0.0,0.0,0.0,0.0,0.0,0.0,0.033124027662262,0.0,0.006776056526528468,0.005355678843677928,0.9627022610322091,0.8801618240996121,0.0,0.0,0.0,0.0,0.03543794800507589,0.7818810761340522,0.9695176758758894,0.004724477961880161,0.06124116978855367,0.031004264113042978,0.020192613718619953,0.00022254782679667151,0.06512278112246475,0.0,0.008028242071161984,0.4726360452977635,0.0,0.0,0.0,0.0,0.0077566796937137035,0.0,0.0014710418333107218,0.0,0.07106141147469676,0.0,0.0,0.0,0.02517794061578716,0.0093101577590359,0.0,0.0,0.28346348140070204,0.0,0.0011137373976758277,0.0,0.0008088654946007887,0.0
0.0,0.0,0.0,0.002992706405225586,0.0,0.0005157525425895434,0.0017828055880303494,0.0,0.10578907613140193,0.007218501226430347,0.0,0.001072617870310681,0.0,0.0,0.0023768217463179747,0.0,0.0,0.0,0.0,0.005880451569352856,0.0,0.0,0.0,0.1340198050959635,0.0033823391897297873,0.0,0.0,0.0010668082793515398,0.0,0.0,0.0,0.0,0.0,0.0,0.10778132533779623,0.09524198807306893,0.005170961953732024,0.0,0.0026586775148622743,0.09109484654552656,0.0,0.008566561249520516,0.6551752642368922,0.011881432775449008,0.31690767241783124,0.11630894447088631,3.534538028960135,0.6248673691712109,0.017478546805184146,0.014862996598652938,0.0011622788352231863,0.002294094144056617,0.39267184987936676,0.9695176758758894,24.206680554376963,0.5611775289418868,10.798401997591428,0.09631540336122311,7.016731823947978,0.23315211612969403,6.4964509748124994,0.004317854186976979,1.4523491536974138,4.545420767375805,0.0,0.0,0.0005253503929744681,0.001241505896265473,0.21459797348565582,0.0,0.0030289132569947296,0.0005468450466591522,0.314647402985365,0.0008673402086521878,0.0012745257867759646,0.00028073156720015625,0.4700800196602831,1.0956028972003693,0.003451611475136055,0.0,4.600491799564973,0.0,0.13543370197206503,1.2313695483469744,0.08184438290288508,0.0
0.0009507739772525027,0.0,0.0,0.011755369086967664,0.0,0.004634767339095556,0.0536879907152558,0.0017044580579647008,0.40072641410953547,0.009892657323115684,0.0,0.0063115375887327916,0.0,0.0,0.005375763990473753,0.0,0.0,0.0,0.0,0.021178421448579128,0.0,0.009679335499303603,0.0,1.23128784541549,0.010481888429017394,0.0,0.0015025419450586334,0.27881939057716193,0.0038659226852427314,0.01115887380279368,0.0,0.0,0.000724557301274246,0.0022934035278200406,0.0,0.2620057576723352,0.02186606158394961,0.0028784588611176433,0.0013654757411526157,0.2261158707788136,0.0,0.02837594036497428,4.800412996909577,0.9121476975967484,2.4725098145925113,1.342257507725041,1.3057601756643047,0.20423696499207467,0.03145611201438626,3.2379245600712734,0.029304602840272587,3.6857026558341324,0.15150361363605608,0.004724477961880161,0.5611775289418868,56.54183252552104,3.6080101809700333,0.281317183593046,9.979861096627067,0.4643356069469991,0.16943989703911094,0.001144598649744699,14.504167440314404,0.062074508632486584,0.030579813657807334,3.0681679017290215,0.027199149285161643,1.190491910029272,0.02489721665012487,1.280182187991941,0.046547686359716386,7.691855135891862,1.0601898168000397,0.0,2.499388120019919,0.9844847314792018,29.094086287351868,4.894357114228727,9.180471073683885,0.0,0.0006723544343072232,0.15127800752881593,1.04299738239323,0.05909468242167889,0.9119206359767903,0.009183308187218912
0.0,0.0,0.0,0.0,0.0,0.0,0.0,0.0,0.12817533386907812,0.0,0.0,0.0,0.0003364371566970982,0.0,0.0,0.0,0.0,0.0,0.0,0.0019254518164531615,0.0,0.0,0.0,0.11117254168602456,0.0014440634798135637,0.0,0.0,0.0,0.0,0.0,0.0,0.0,0.0,0.0005987489418384568,0.0005408966450092728,0.08173406824572249,0.00429832598502757,0.0007067916480704618,0.0008572314027246952,0.08039780977535793,0.0,0.0019231129224145786,1.014238979708283,0.06560234642855793,0.3393541886860852,0.18253644579898162,2.091884964320044,0.13311220433372103,0.027548123344218706,0.14211286010951676,0.0006829639337012228,0.08829144118720837,0.18754222210533208,0.06124116978855367,10.798401997591428,3.6080101809700333,32.04493087089582,0.13756377970093342,5.882459712598168,0.5151520191017495,1.9059860748032353,0.0435805309374852,14.718702214184892,0.9331395091411112,0.0,0.012745422920280958,0.08988572911637961,0.008366107507241378,0.07924290201916405,0.002443223211813733,0.0038998242219403833,0.12443616317504165,0.4501663220302792,0.0032546574478218497,0.06370096200626685,0.002423478415611525,1.0508765931094448,1.6878921318781916,0.08720300643359107,0.011478276442025207,0.5453430638898265,0.005284952317985207,0.12243227573330939,0.002783159042395603,0.07499772155789437,0.0008119406141029097
0.008593669820665653,0.0031209056631337356,0.0007328030529059828,0.16036915824084913,0.0,0.13245982080831611,0.35691476680919076,0.12280285438742324,2.872147616105494,1.8263615700988782,0.00047227154792348595,0.21625243636153868,0.006583426452230694,0.0498923116101776,0.02348205658021271,0.028428748909255234,0.0040836477163656544,0.0,0.0,0.13625782725640043,0.046009829288757326,0.03823435492496938,0.03097435857257985,1.4059288008795938,0.013431106287614342,0.0,0.017904391465082485,1.886695343904007,0.13888458664103437,0.1484815787297135,0.0,0.0,0.01931878311867088,0.0694283063752415,0.00561369780905778,0.8100438777070209,0.02444023645484274,0.11947922666659812,0.04505117433453826,0.24276205219960875,0.0018279671835592548,0.003350893412452255,0.7580802218813393,0.044404498886512385,0.21741996303407599,0.14379907432797348,1.129571665269675,0.05077423783138633,0.01939626790724343,0.02413529185793101,1.4455274111188166,0.009323724570620789,1.1174784121393884,0.031004264113042978,0.09631540336122311,0.281317183593046,0.13756377970093342,5.367130036253804,1.6028065595356027,0.06174507240950165,0.5847812446482097,0.07285063342165533,0.18340906096260748,0.7066242062040282,0.03240701549870816,0.034434194151489884,0.0,0.010689024253547291,0.2273784973496275,0.012831938302740714,2.5631262587185075,0.01884735901001435,9.749586475863584,0.8341909864860034,0.019594387498182604,0.9375128939334868,1.9727055883607134,0.38036898645873385,0.1487174593729309,0.0006941883644551855,0.007150433189866594,0.036588918643903304,0.07887557272501951,0.01061180867508935,0.3063130411360683,0.21242796542391457
0.0,0.0,0.0,0.030236131343207552,0.0,0.011225775796505093,0.029279284530435986,0.0,2.7924359229190223,0.009732200625466087,0.0,0.04415552094234664,0.0,0.0,0.013360508128760393,0.0,0.0,0.0,0.0,0.05230678590508363,0.0,0.0014760724318935176,0.0,1.3656642174326652,0.010263237398386587,0.0,0.0,0.03315977559597255,0.0,0.0,0.0,0.0,0.0,0.0010632662271259099,0.017495248871045366,1.5947218242729955,0.04246791759242775,0.0,0.0,1.06908250555448,0.0,0.04223286277366998,3.6328395170441268,0.07109797930036192,1.2777365918939925,0.4181133233847214,1.7627887406552873,0.2057339322667429,0.03559921996765733,0.10095656843547902,0.0,0.10917143363092281,4.068629511947749,0.020192613718619953,7.016731823947978,9.979861096627067,5.882459712598168,1.6028065595356027,80.93859581837192,0.3517274039426961,7.15075339483157,0.0018932291785348867,3.8022192212563852,0.38862460820811146,0.0,0.0050281375188224375,0.0,0.003914182898940686,5.500387928786137,0.0023258121885889856,0.001350251248993919,0.12576192036877537,0.7325169779203924,0.0,0.003144021790937048,0.008912970830641452,11.240454521201215,1.6558300436937743,0.037032434086508366,0.0,0.0029200702740804635,0.012632122180759426,0.5045810789049757,0.583341716873815,0.29600249702122877,0.003060563218188307
0.0,0.025579458553408155,0.0,0.0013850619296155728,0.0,0.0024126387713973027,0.01086203642774928,0.0015181002108282193,0.02928784852210135,0.0022145700281361543,0.18232046543646546,0.004988745077376452,0.5208484799428447,0.0018383002183275346,0.00032956444109773393,0.0,0.0,0.0,0.0,0.0,0.007546407871278724,0.005102155593019246,0.0026434071490753107,0.02206694266485526,0.19869005409605556,0.11359355781480845,0.17183156349814802,0.05175421022430821,0.0059832626824269115,0.01853288375370202,0.15136920958984693,0.0,0.0,0.011270511705915743,0.029350244952142602,0.12270640949617796,0.13524840257297074,0.04008449448888572,0.027037101585645016,0.08216438429542075,0.0,0.04914153032541002,2.587243184368696,1.8942156210428283,4.738960245999796,1.8499076090047466,0.362963830848752,1.0362191127285398,1.3693054105175544,0.05062695630087275,0.05898409268799772,0.028455803922608842,0.003697167273072839,0.00022254782679667151,0.23315211612969403,0.4643356069469991,0.5151520191017495,0.06174507240950165,0.3517274039426961,23.877631138387677,0.18723612947790794,3.9156718273081803,1.5271912187139653,0.022605344980902473,0.008188756193472334,0.2229325946465424,9.590268847703442,1.7321937604753086,0.0027548804458532973,0.057025946938281384,0.026963153462121307,0.17685106809918683,0.10331060417556187,0.2960721945961511,3.761545145478584,0.3901482352987923,0.15708703283439376,5.4067035748365715,0.12298686145898675,0.8188087520892463,0.043714824199542736,0.02025401256249711,7.97378611434887,0.09953492954182795,0.31415701261018025,0.00887608773945728
0.0,0.0,0.0,0.006178271443161242,0.0,0.002613929476041269,0.003197107791348635,0.0,0.330567442514751,0.002727985064794019,0.0,0.06672466082313858,0.0,0.0,0.00566434897080335,0.0,0.0,0.0,0.0,0.004859897309141247,0.00022502057400132524,0.0,0.0,0.07794706935321277,0.003896465829478666,0.0,0.0,0.004959683605063476,0.0,0.0,0.0,0.0,0.0,0.0,0.8683300499068415,0.4841906819965156,0.009117877983431262,0.0,0.0,0.20309101280589456,0.0,0.009287699693057132,1.5418744212611974,0.013107634974836671,0.4421000416490098,0.11295764764812696,2.2565138455076528,0.09361996451198235,0.013040417467730202,0.007945059929988806,0.001494886039712031,0.0,9.02010382091721,0.06512278112246475,6.4964509748124994,0.16943989703911094,1.9059860748032353,0.5847812446482097,7.15075339483157,0.18723612947790794,43.500865834669355,0.0008825725502249415,1.1926891952840961,1.8011789794902024,0.0,0.0,0.0008543166095703721,0.0,13.910930534458355,0.0,0.015230207920235559,0.0,1.1866330840901673,0.0005950320542428285,0.0,0.0012065639899658267,1.7387468157846209,0.519157329236149,0.0002239243330963138,0.0,0.016296446456064463,0.001657362102410211,0.16491600840781,1.4055465395211486,0.10467584830116161,0.0010801221415027299
0.0,0.19699583210367666,0.0005661569848574127,0.0,0.0006955596818790067,0.0,0.0016850585368306196,0.0,0.007923121164719172,0.0,1.8076446068441732,0.0,6.350210615565684,0.00034588596736538586,0.0,0.0,0.0037973173521552903,0.0015485936806669729,0.005612441307905281,0.0,0.0,0.09055242736206623,0.0,0.0,1.6501484945911353,0.8681476478834689,1.960018069477289,0.0004298615107866274,0.008751055414408133,0.0,1.4283533531322556,0.000658140616177753,0.0,0.027159847814293325,0.0003000613855373899,0.012195507083691229,0.3312871265858007,0.08347251398563858,0.019875077289974896,0.001248101981988296,0.0,0.07512976618591273,0.20983645597311265,2.643500202887478,1.0942560480031076,0.3671230073292822,0.018521936167650653,0.09909271027709786,1.2526212534950996,0.0007102662118602628,0.3275004086196891,0.00021522295189731446,0.0,0.0,0.004317854186976979,0.001144598649744699,0.0435805309374852,0.07285063342165533,0.0018932291785348867,3.9156718273081803,0.0008825725502249415,14.060128772590705,0.06622809555352684,0.0007330452114609899,0.004894316097437799,0.005260380743564435,0.03023171266841975,0.024526707252630637,0.0,0.0024070107580417073,0.10868236582416928,0.001028696151701536,0.0035864859904359944,1.6841643916496334,0.16648192777789125,3.55663410517971,0.0016799004968136638,0.5501189720388785,0.0,2.3774450275045376,0.006229677916840338,0.00041610742044481,0.5771535539295602,0.0,0.0147206892666165,0.005814717849379874
0.0,0.0,0.0,0.0,0.0,0.0,0.000445114954889389,0.0,0.13163943657124655,0.0,0.0,0.0,0.0022403319538052383,0.0,0.0,0.0,0.0,0.0,0.0,0.0,0.0,0.0,0.0,0.056079620686910775,0.001271627634379445,0.0,0.0,0.005336388883839036,0.0,0.0,0.0,0.0,0.0,0.0,0.0006504066793928605,0.04584315238490534,0.0014939835553961728,0.0007626602409785282,0.0018449184146103847,0.017026386546736588,0.0,0.00381841872540797,1.3766952191080783,0.502029376658659,0.9027598758841971,0.377722365643867,1.0796932911617294,0.13068910920086638,0.034634869990874256,3.8073854090808106,0.0046386870225003166,0.6666238492208992,0.09807300656286837,0.008028242071161984,1.4523491536974138,14.504167440314404,14.718702214184892,0.18340906096260748,3.8022192212563852,1.5271912187139653,1.1926891952840961,0.06622809555352684,31.762742406473453,0.19220261391446272,0.003881481050162808,0.3559305653006994,0.32926361759192935,0.053723988458634346,0.037605924968960036,0.04989326793321136,0.013463585874036225,0.8698590814430402,0.5779144484655039,0.0050315358689329865,0.3730740959575327,0.09544309962929659,1.4996317775061785,9.77810635637094,1.530327931295783,0.030019398031844537,0.29826096416212655,0.029290591652701453,0.4785067063342729,0.007116596695892591,0.18397095064243021,0.0008653062519560055
0.0,0.0,0.0,0.0038294688000193138,0.0,0.00034968339821180613,0.0005297874271286221,0.0,0.0388038901984875,0.002343236086567154,0.0,0.0012147520029602513,0.0,0.0,0.0,0.0,0.0,0.0,0.0,0.0015724243034506843,0.0,0.001469162997561436,0.0,0.02620963233524496,0.0002167862081512442,0.0,0.0,0.002389237404149605,0.0,0.0,0.0,0.0,0.0,0.0,0.06903992582841853,0.006652477318060162,0.00032559174522917673,0.0,0.0,0.006026411721241094,0.0,0.00028318593851336905,0.15319989268719603,0.001371572802442242,0.04317899318629058,0.018930099700140805,1.9143188289438096,0.26509890088334515,0.001355905272828946,0.00051644365457859,0.018796057487132513,0.0,1.0372838329150238,0.4726360452977635,4.545420767375805,0.062074508632486584,0.9331395091411112,0.7066242062040282,0.38862460820811146,0.022605344980902473,1.8011789794902024,0.0007330452114609899,0.19220261391446272,3.180966593338739,0.0012904569410260784,0.0,0.0012678782088969055,0.0,0.37414952533923374,0.0,0.048914900803302394,0.0,1.5824220008230183,0.002540970477839532,0.0,0.006196606715949518,0.5713730851889325,0.18232693817897414,0.004853850748502918,0.0,0.1888034974532227,0.0015612741364162655,0.007701127126478208,0.14959289183172558,0.01858565521569842,0.0
0.0016836244240943238,0.0008660680912969949,0.010948527749689303,0.0,0.0,0.0,0.003709486011297189,0.0,0.09508083633046074,0.0,0.0,0.0,0.0,0.0004523620627517687,0.0,3.7289833241332446,0.0013171220615895614,0.0,0.0,0.0,0.8318045372598306,1.1591309368958334,3.3705535570864518,1.0299584846216385,0.0034956448372007493,0.0003387808760596952,1.0721111718771683,0.3060285291258066,0.033569437689019696,0.12180618072184426,0.0,0.0,0.010460458884156709,0.03728424135610314,0.0,0.6488277855197163,0.3013670873955763,0.10511737445436765,0.10466536267378403,0.043512503238647096,0.0,0.003101123982947989,1.1771804640929757,0.42497613748531493,0.3979552909455319,0.5541047494599814,0.05443000170923143,0.0,0.0025904107807097417,0.0014025476479263698,0.5609261895304204,0.02150116735982215,0.0002905440949283386,0.0,0.0,0.030579813657807334,0.0,0.03240701549870816,0.0,0.008188756193472334,0.0,0.004894316097437799,0.003881481050162808,0.0012904569410260784,24.818907451210297,0.08190200145242622,0.0,0.00991269894284492,0.0,5.000051006663159,7.202814644223499,6.358959862359434,3.800626074384145,0.07503846054566615,0.02540956874391839,6.6892602833084025,1.9696204413064906,0.0325741541464079,0.27459362746759014,0.0,0.0,0.011123789103258494,0.09622782842354077,0.0008708108890476652,0.20730955790827388,0.005320874475637685
0.0,0.009342221276937372,0.1412569495731397,0.0,0.0,0.0,0.0,0.0,0.003207427705201627,0.0,0.0,0.0,0.0,0.0,0.0,0.00159746680966486,0.04402558418771751,0.0,0.0018916057875067217,0.0,0.0,0.008980853885434776,0.011286226249387984,0.0,0.001006333617223181,0.08543254886623043,1.2647811178437511,0.0,0.0,0.0,0.0,0.0,0.0,0.017316523149662182,0.0,0.008005749467761406,0.03456643222212062,0.03363897954809241,0.005723393502740227,0.0,0.0,0.0004156453130453147,0.8459509880327516,1.545488791526659,0.4619546594660261,0.32291401262546915,0.011884646837842515,0.0004674859171596778,0.0,0.09470894444458756,0.25502882888929507,8.64971943791753,0.0,0.0,0.0,3.0681679017290215,0.012745422920280958,0.034434194151489884,0.0050281375188224375,0.2229325946465424,0.0,0.005260380743564435,0.3559305653006994,0.0,0.08190200145242622,14.354621575313796,0.4116696980044559,6.222931205802729,0.0,0.941748344591592,0.07874627492921972,8.597636312968733,0.2200124952387423,0.0,6.455753856906215,7.665856655356229,0.6989883384780908,0.14672949070816202,2.92436855248978,0.01403251708969852,0.0,0.024614910358263693,3.2907513919997076,0.0,0.0882094492816076,0.0
0.0,0.0026891717118046436,0.0,0.0,0.0,0.0,0.0,0.0,0.0,0.0,0.00045947402849166717,0.0,0.006736989844028494,0.0,0.0,0.0,0.0,0.0,0.0,0.0,0.0,0.0,0.0,0.0,0.003715439585297809,0.013792449453346395,0.02505057278434127,0.0,0.0,0.0,0.0013906411278782553,0.0,0.0,0.0,0.0021331874684178743,0.000933528665837998,0.002579758778804246,0.0025972201556689156,0.0,0.0,0.0,0.0,0.6287703601938084,0.6408378934382346,3.041568812370045,0.8250493565557051,0.02944554708437614,0.03222033982466514,0.018959203774115804,0.014060375850001661,0.0073990716262178945,0.015958889369757007,0.0,0.0,0.0005253503929744681,0.027199149285161643,0.08988572911637961,0.0,0.0,9.590268847703442,0.0008543166095703721,0.03023171266841975,0.32926361759192935,0.0012678782088969055,0.0,0.4116696980044559,5.977668864853624,4.2887029736846385,0.0,0.024224226099302262,0.0014757829289779203,0.13805336219789804,0.0,0.002476502546115241,4.126978061226736,0.2960568840909391,0.00021742272126860107,0.6910972540771626,0.13074048622684895,0.10984041384173926,0.003916927648998856,0.015131974668066452,1.884671903935401,0.0022790160806515727,0.11869699315977102,0.0
0.0,0.014542091449369738,0.018540060415138837,0.0,0.0,0.0,0.0,0.0,0.0013265675011410716,0.0,0.0,0.0,0.0027525817408146957,0.0,0.0,0.0,0.012257486321506486,0.0,0.007843489784489923,0.0,0.0,0.0018091477589117964,0.0004081484120399374,0.0,0.01362075065962991,0.18060543760540448,0.4920202475814675,0.0,0.0,0.0,0.0,0.0,0.0,0.006787380752254005,0.0,0.00359802998323013,0.024050491465030216,0.027272551519118976,0.00600384343296392,0.0,0.0,0.0,0.7300042359185205,0.7253632062177392,1.3067058081761962,0.4170770015520488,0.007064832883835349,0.0071706556270455584,0.0005067775060288059,0.05055926804374876,0.07953255451980612,0.2981291784490965,0.0,0.0,0.001241505896265473,1.190491910029272,0.008366107507241378,0.010689024253547291,0.003914182898940686,1.7321937604753086,0.0,0.024526707252630637,0.053723988458634346,0.0,0.00991269894284492,6.222931205802729,4.2887029736846385,18.13835294535114,0.0,0.21825212164011054,0.0182033907670598,0.8544519539102873,0.012193995997121888,0.004549975159160644,10.26536274265438,2.6059476963540096,0.08912782203437838,0.16411066069008853,1.6554264373988874,0.06350574856586368,0.00028942875102826865,0.01728792882489875,3.806205328220679,0.0012494932947616165,0.08620731708453461,0.0
0.0,0.0,0.0,0.005150240442544575,0.0,0.0043130502629471455,0.011101730299791494,0.0013344070001512518,0.20046855177692438,0.031001801363513107,0.0,0.009613928628932056,0.0,0.0,0.0,0.0,0.0,0.0,0.0,0.009514184984247094,0.0,0.0,0.0,0.11370451085242264,0.005247411825979726,0.0,0.0,0.016898330693492034,0.0,0.0,0.0,0.0,0.0,0.0,0.0,0.11503514881181866,0.004140112963892737,0.0,0.0,0.07168510668067007,0.0,0.005704069253355664,0.2041744455162711,0.0021828557843727044,0.016824846478601736,0.006955066446275839,0.34445907785820673,0.012615193208994045,0.0017959890177074971,0.0006783207491462422,0.0,0.0,16.71175210909934,0.0077566796937137035,0.21459797348565582,0.02489721665012487,0.07924290201916405,0.2273784973496275,5.500387928786137,0.0027548804458532973,13.910930534458355,0.0,0.037605924968960036,0.37414952533923374,0.0,0.0,0.0,0.0,2.081415831866402,0.0,0.0010243458081287621,0.0,0.6929656910053281,0.0,0.0,0.0,0.8496090871030174,0.013057274489287538,0.0007389585138362129,0.0,0.001576947648109332,0.0,0.005627898836773586,0.0,0.0017317681690127173,0.0006387625115502399
0.0,0.0,0.0004072283615616679,0.0,0.0,0.0,0.0020345008340926785,0.0,0.04566947889343753,0.0,0.0,0.0,0.0,0.0,0.0,0.26491465884163684,0.0,0.0,0.0,0.0,0.2882821582307512,0.17365626425132805,0.1019501454658995,0.3616699010460196,0.0034713572297930275,0.0,0.02033988868867588,0.17499061063747778,0.021249782570479697,0.06709668674395433,0.0,0.0,0.00451694071005271,0.009698432380081718,0.0,0.2642382369235898,0.06952602756468759,0.012281491845760542,0.0036740330668295676,0.015853648144190477,0.0,0.008196577233965654,3.1189982013315247,0.8173114653847394,2.7620412433929666,2.116716005121622,0.19804172995710081,0.0018158552236888516,0.007928700511707578,0.02103681418512629,0.02171251661761852,0.5592759790869956,0.000525648257581674,0.0,0.0,1.280182187991941,0.002443223211813733,0.012831938302740714,0.0023258121885889856,0.057025946938281384,0.0,0.0024070107580417073,0.04989326793321136,0.0,5.000051006663159,0.941748344591592,0.024224226099302262,0.21825212164011054,0.0,36.244027357278554,0.3980587358781347,28.096172986829654,0.6267075618089002,0.0001897735816335396,0.22010514412029786,0.8246348168863404,6.9425155631675315,0.3586639993791581,13.939826344160517,0.0024038796846111562,0.00026617100327024085,0.18387029572208563,2.698335701195758,0.01641224212771359,1.188319705238778,0.002051503292898728
0.006625285113473857,0.014665253796113725,0.028590984350231056,0.0,0.0,0.0008567376167425619,0.061486839741758434,0.007336341852217836,0.6991168866465846,0.0029836061746418676,0.010437684660304716,0.0,0.07478028084081133,0.013668888670344798,0.0013252432802016052,0.8516782296322404,0.0092391561898745,0.0,0.0002814711637804677,0.0,0.4543237621873692,1.8770882093643295,0.5347963729953201,1.2047814513239758,0.026615073806614882,0.015271937702362405,0.7478386598549392,0.6941350523255454,0.0752809399020938,0.16525434965058172,0.0,0.0,0.015206928822071253,0.04536748727914515,0.004715432710245027,0.42139070569597464,0.11645317575214657,0.10335322652695517,0.06179081785271114,0.03667348477723838,0.0,0.009730104964112874,0.6377042085819901,0.1968783134360661,0.21309649965581212,0.23516752100841296,0.26109276394950637,0.007803573382261694,0.033090095686362904,0.004522912197242462,3.1476580774275704,0.018482266551000433,0.007022936826331078,0.0014710418333107218,0.0030289132569947296,0.046547686359716386,0.0038998242219403833,2.5631262587185075,0.001350251248993919,0.026963153462121307,0.015230207920235559,0.10868236582416928,0.013463585874036225,0.048914900803302394,7.202814644223499,0.07874627492921972,0.0014757829289779203,0.0182033907670598,0.0010243458081287621,0.3980587358781347,9.233942401385454,0.6231585915559009,6.020584351937474,0.5193772776014105,0.053043667034307566,6.443785525928215,0.5267032669688382,0.04790202546787688,0.10201393915774336,0.0022824359464191867,0.00029674529728618173,0.012231615148518778,0.05922004761145971,0.0007213755619415707,0.29686064976338766,0.022713833566903256
0.0,0.002591279372081944,0.12196060726826205,0.0,0.0,0.0,0.00032938441685191437,0.0,0.02433457726037138,0.0,0.0,0.0,0.0,0.0,0.0,2.4629234642767113,0.00806452264132299,0.0,0.0,0.0,0.1893474211958452,0.38147928434231965,3.210265886736196,0.18880850331375723,0.0027650950784073995,0.00506195697543665,2.2418977365294173,0.02304179398436918,0.0052182775772045996,0.019628139218484737,0.0,0.0,0.003551781830494404,0.038251150506270946,0.0019700228055431496,0.4206895288246688,0.4234438066338237,0.11293612445562513,0.11679121152877346,0.00584394410981287,0.0,0.011484680803743971,10.406887380349033,4.953965379763676,5.2078006951153455,7.010550036892687,0.4789303546620171,0.017851042071385218,0.022904261607893453,0.11904737061143603,0.13087331315226017,9.778889587877051,0.0,0.0,0.0005468450466591522,7.691855135891862,0.12443616317504165,0.01884735901001435,0.12576192036877537,0.17685106809918683,0.0,0.001028696151701536,0.8698590814430402,0.0,6.358959862359434,8.597636312968733,0.13805336219789804,0.8544519539102873,0.0,28.096172986829654,0.6231585915559009,66.01415049008912,0.6889424771671891,0.0005623532414295805,2.76880973542264,19.311969128223186,6.4617342458107325,0.4523515937155739,5.476209731981377,0.0045951291862018845,0.0,0.11922055725745627,3.301027750396013,0.017014768835550583,2.8927914414436926,0.0013638833346536288
0.014429396023610331,0.0,0.0,0.09099782456535987,0.0,0.10305020059124058,1.0026493939148213,0.2564719438624386,2.2327424907080387,0.907633358281665,0.0,0.10953956556483654,0.0002277120967696285,0.02071278681985666,0.04035463366015199,0.2381230436651085,0.0,0.0,0.0,0.137404021568085,0.30297712210865535,0.36446673786592737,0.05367819810025167,6.3822350266783126,0.02344903260800691,0.0,0.04097916012733717,5.160262123545429,0.13514843460029413,0.41662983006720083,0.0,0.0,0.029669205528899373,0.1285324409621808,0.0,2.4426437265403274,0.1242490306816256,0.1657900357223375,0.077058630960649,0.8788266809566231,0.0,0.04493386884048865,3.445058442143863,0.33249103347474407,1.1847389862541606,0.815891614521511,2.021508796381094,0.13261433614400064,0.03981770782715192,0.07836399027040575,1.1005436454738573,0.18512438353503505,3.166005400966807,0.07106141147469676,0.314647402985365,1.0601898168000397,0.4501663220302792,9.749586475863584,0.7325169779203924,0.10331060417556187,1.1866330840901673,0.0035864859904359944,0.5779144484655039,1.5824220008230183,3.800626074384145,0.2200124952387423,0.0,0.012193995997121888,0.6929656910053281,0.6267075618089002,6.020584351937474,0.6889424771671891,40.78025572773805,0.20033304263236634,0.07501883168944043,3.3865889596360432,12.960337388007874,1.47078233354925,1.2155845252833453,0.0,0.013148496264741813,0.21820475713544513,0.4156839623703376,0.035676559765158405,0.5228785944582607,0.2622692231726174
0.0,0.1935465764773136,0.0059213540397629215,0.0,0.0,0.0,0.0,0.0,0.028243263834336774,0.0,0.3756660560142764,0.0,2.9292146412584357,0.002655683004711276,0.0,0.0014965912298972436,0.046371337589636095,0.004022507275199312,0.037332035512906946,0.0,0.0,0.05353126853746455,0.0,0.0016221364439235886,2.187463191050526,0.945558843357367,4.8204283981416465,0.0004443979480964867,0.0204381974439457,0.0,0.4783947465390738,0.0004387861127963972,0.0,0.09226816853135159,0.0006623477699129988,0.09854650342911443,0.45362553615042167,0.31060095747604627,0.11280049910668888,0.003294370988140655,0.0,0.12720660504295528,0.07876341515763656,0.11365985226387176,0.1216791068716111,0.051984242971425655,0.17675082157972477,0.022047525594083836,1.125382264678148,0.0,3.2495898596767687,0.0,0.0,0.0,0.0008673402086521878,0.0,0.0032546574478218497,0.8341909864860034,0.0,0.2960721945961511,0.0005950320542428285,1.6841643916496334,0.0050315358689329865,0.002540970477839532,0.07503846054566615,0.0,0.002476502546115241,0.004549975159160644,0.0,0.0001897735816335396,0.5193772776014105,0.0005623532414295805,0.20033304263236634,4.023995094337185,0.028183013830701306,2.7172420737366543,0.0033646830482459487,0.023503932236193306,0.0,0.05442734275740024,0.0,0.0,0.035512566881687385,0.0,0.0030921897798654465,0.007942254698129644
0.0,0.10230902578295105,0.15737363687049105,0.0,0.0,0.0,0.0,0.0,0.0,0.0,0.06614184240759698,0.0,0.2640390188939096,0.0,0.0,0.0007097390617371062,0.18640405898361131,0.0009033827515287189,0.04970620081302042,0.0,0.0,0.0047583129851218355,0.0030251203209706807,0.0,0.1904174673171835,1.4525649107399652,3.0783177406089774,0.0,0.0,0.0,0.24494013411907592,0.0,0.0,0.06004402610348953,0.00040889071873373434,0.019806052632925845,0.13671885940184522,0.17976626139184929,0.041974048076005466,0.00041905394175701397,0.0,0.0008688834034562921,5.329545816112787,5.377401399448252,7.112730145535154,2.851274490676223,0.036890445705084055,0.06595544139694615,0.04381379537925889,0.19838748550851712,0.18175168393804797,14.77253218916688,0.0,0.0,0.0012745257867759646,2.499388120019919,0.06370096200626685,0.019594387498182604,0.003144021790937048,3.761545145478584,0.0,0.16648192777789125,0.3730740959575327,0.0,0.02540956874391839,6.455753856906215,4.126978061226736,10.26536274265438,0.0,0.22010514412029786,0.053043667034307566,2.76880973542264,0.07501883168944043,0.028183013830701306,58.84825836416071,8.013619892537553,0.15219304249590243,0.6324346322746377,1.2649008311083825,2.3927577890344445,0.004023750176209122,0.02677588481855258,2.682617508522658,0.002878589045715455,0.7306183074288806,0.0
0.0,0.7174002212666553,2.0978381540463986,0.0,0.0,0.0,0.0,0.0,0.015105017499724701,0.0,0.22777994953394606,0.0,1.1731246730547522,0.0,0.0,1.226799074038133,1.3870230207628966,0.005134883386176233,0.3305745401697696,0.0,0.035272061148880256,0.505610313377756,2.9201907658251964,0.33443389254841766,0.8599248935311431,6.540842316560716,32.03884853223157,0.016285244375484214,0.0013284310677143746,0.0010609755698023525,0.5756914972626876,0.0,0.0,0.5950055634784112,0.002019763831859791,1.0879483585772205,1.3410588723869012,1.6885420204632013,0.7550594879120981,0.008959852108852695,0.0,0.014122309693416085,9.121890501674322,5.422053567368477,5.173589697598431,4.283064204252175,0.2934537276795559,0.05069664353109382,0.039556269888358926,0.05091643095857943,7.16317414095087,14.477844446823918,0.0029918442586354538,0.0,0.00028073156720015625,0.9844847314792018,0.002423478415611525,0.9375128939334868,0.008912970830641452,0.3901482352987923,0.0012065639899658267,3.55663410517971,0.09544309962929659,0.006196606715949518,6.6892602833084025,7.665856655356229,0.2960568840909391,2.6059476963540096,0.0,0.8246348168863404,6.443785525928215,19.311969128223186,3.3865889596360432,2.7172420737366543,8.013619892537553,88.27368026732479,1.820041721368762,0.22423848545251893,0.9416282336012843,1.4754454539138575,0.00040320357863392,0.03791527105457405,2.0361134179649447,0.0035822125711210064,1.4282730626656424,0.003565389492082576
0.004080270485310195,0.0,0.0003034983382400321,0.02329901592850794,0.0,0.001922021341582757,0.20441172352044187,0.004655949850501985,2.5150721478952325,0.016088291306624796,0.00036475390965427475,0.011973577129719144,0.0024080490785335033,0.004548915471737524,0.0077762496380208365,0.12174617851181667,0.0,0.0,0.0,0.06256756841987934,0.24603948155777117,0.1714805826496297,0.035712606257529624,4.302037375719845,0.03498226977144754,0.0,0.0033391850611902527,1.7912699364078217,0.05335943645243478,0.23524798234437239,0.0,0.0,0.012186671469249233,0.04135112126983039,0.0,1.724776324740034,0.11388606732039157,0.0627134942491719,0.014104680041639023,0.7428865787461544,0.0,0.0708539842303414,6.953615527051703,0.6727132690811479,3.7201859417579812,2.4283962252200704,2.324645901942096,0.18508213309714264,0.06283978890872785,0.26003873240103315,0.03842154753663471,0.6496710784782789,4.210067564011799,0.02517794061578716,0.4700800196602831,29.094086287351868,1.0508765931094448,1.9727055883607134,11.240454521201215,0.15708703283439376,1.7387468157846209,0.0016799004968136638,1.4996317775061785,0.5713730851889325,1.9696204413064906,0.6989883384780908,0.00021742272126860107,0.08912782203437838,0.8496090871030174,6.9425155631675315,0.5267032669688382,6.4617342458107325,12.960337388007874,0.0033646830482459487,0.15219304249590243,1.820041721368762,72.49944608570722,4.428593390638468,15.072818239790687,0.0,0.004923368480955549,0.9307024119425287,1.7532627027418317,0.05725890052673285,1.5192541096950931,0.016836900154507128
0.0,0.00043564918948673265,0.0,0.0,0.0,0.0,0.0023589917113938214,0.0,0.18961942555314237,0.0,0.011561978082208468,0.0,0.022861193541982145,0.0,0.0,0.0009364658339536596,0.0,0.0,0.0,0.0,0.013000123583048528,0.010734579988812493,0.002508201140625824,0.07658167924503659,0.01760097294298962,0.0,0.0,0.0545692770191802,0.002272411914163537,0.005875259454616353,0.00025839484490024895,0.0,0.0,0.0012762849809298993,0.0025444216421128944,0.06411298089001663,0.014129202239114116,0.006424079793929744,0.002972884403839194,0.008345657982382319,0.0,0.007334986944200664,1.878959487449884,0.22974747376358146,1.9812823842546607,0.5827628837793073,1.8506695721516582,0.7225342896192497,0.15959090969150186,2.80009963253316,0.010880242738795835,0.08530166106006885,0.0765636454393231,0.0093101577590359,1.0956028972003693,4.894357114228727,1.6878921318781916,0.38036898645873385,1.6558300436937743,5.4067035748365715,0.519157329236149,0.5501189720388785,9.77810635637094,0.18232693817897414,0.0325741541464079,0.14672949070816202,0.6910972540771626,0.16411066069008853,0.013057274489287538,0.3586639993791581,0.04790202546787688,0.4523515937155739,1.47078233354925,0.023503932236193306,0.6324346322746377,0.22423848545251893,4.428593390638468,33.83683638769579,4.942521695805089,0.12206908820314935,1.128090067841792,2.0748087778681246,3.2995058261820045,0.012656873862051398,0.3525797087226553,0.0020983970475470367
0.0,0.0,0.0,0.0,0.0,0.0,0.0026643799902384014,0.0,0.09121390913504464,0.0,0.0,0.0,0.0,0.0,0.0,0.04780818988711609,0.0,0.0,0.0,0.0,0.09055681121850542,0.03302239016052797,0.0180957132651451,0.17300007050466285,0.0011903213379156597,0.0,0.0016545661245971326,0.13533691274768164,0.008539999691647386,0.03309117867415197,0.0,0.0,0.0008921351856596349,0.002478992429830166,0.0008969121903305154,0.14250061341379344,0.020971719886685156,0.0053633930825648,0.0013156331516805825,0.011799317014357252,0.0,0.0031329257931221825,1.6345728067743777,0.4561486450304302,1.6465485558617525,0.6298170475660843,0.10686274602149748,0.005649469720662601,0.008801572508161527,1.443462852647404,0.042172537019057585,0.4315806996664443,0.0023835163545810538,0.0,0.003451611475136055,9.180471073683885,0.08720300643359107,0.1487174593729309,0.037032434086508366,0.12298686145898675,0.0002239243330963138,0.0,1.530327931295783,0.004853850748502918,0.27459362746759014,2.92436855248978,0.13074048622684895,1.6554264373988874,0.0007389585138362129,13.939826344160517,0.10201393915774336,5.476209731981377,1.2155845252833453,0.0,1.2649008311083825,0.9416282336012843,15.072818239790687,4.942521695805089,33.31461533475337,0.0,0.0,0.8520876349089823,3.8191233459907385,0.01251495050682567,0.37162834402744205,0.0006024467264390266
0.0,0.03513865181347123,0.0,0.0,0.0,0.0,0.0,0.0,0.0,0.0,0.18752192165324005,0.0,0.7862036891976841,0.0,0.0,0.0,0.0,0.0,0.0002792132095946473,0.0,0.0,0.004405626946418571,0.0,0.0,0.25099334798686274,0.5756222156075571,1.0197811685620561,0.0,0.0,0.0,0.46963042113660797,0.0,0.0,0.0,0.0,0.0006655724579343882,0.036962419312632375,0.011122475739298058,0.0007458758141074325,0.0,0.0,0.0016844715328596228,0.2365972744610686,1.4117609976224283,1.0319694475747794,0.34891494905274606,0.005443790648231645,0.012384498334881762,0.04496672182766858,0.0,0.060207983342357954,0.0016792580346667032,0.0,0.0,0.0,0.0,0.011478276442025207,0.0006941883644551855,0.0,0.8188087520892463,0.0,2.3774450275045376,0.030019398031844537,0.0,0.0,0.01403251708969852,0.10984041384173926,0.06350574856586368,0.0,0.0024038796846111562,0.0022824359464191867,0.0045951291862018845,0.0,0.05442734275740024,2.3927577890344445,1.4754454539138575,0.0,0.12206908820314935,0.0,2.6687032069632832,0.0012754101430766155,0.0005550705550651576,0.15111811334496564,0.0,0.041539782019376394,0.0
0.0,0.0,0.0,0.0,0.0,0.0,0.0,0.0,0.0017116679513418968,0.0,0.0005833654949137885,0.0,0.00042879660143752506,0.0,0.0,0.0,0.0,0.0,0.0,0.0,0.0,0.0,0.0,0.0,0.00030322190666447934,0.0,0.0,0.0,0.0,0.0,0.0,0.0,0.0,0.0,0.0006026675015376273,0.0026066901845427834,0.0005323300919561932,0.0,0.0,0.0003012018806126147,0.0,0.0002261475185091209,0.1718546444110009,0.0024665435565832524,0.1259633891146552,0.08016244666466606,1.6244178129445968,1.4865747049368745,0.0033738509655664786,0.0,0.0,0.0,0.004635009101048589,0.28346348140070204,4.600491799564973,0.0006723544343072232,0.5453430638898265,0.007150433189866594,0.0029200702740804635,0.043714824199542736,0.016296446456064463,0.006229677916840338,0.29826096416212655,0.1888034974532227,0.0,0.0,0.003916927648998856,0.00028942875102826865,0.001576947648109332,0.00026617100327024085,0.00029674529728618173,0.0,0.013148496264741813,0.0,0.004023750176209122,0.00040320357863392,0.004923368480955549,1.128090067841792,0.0,0.0012754101430766155,0.6845153708527887,0.0,0.029634050267263057,0.0003123549560615048,0.025813215624408217,0.0
0.0,0.0,0.0,0.0,0.0,0.0,0.0,0.0,0.015477384052060268,0.0,0.0,0.0,0.0005533967460111057,0.0,0.0,0.005669052207507152,0.0,0.0,0.0,0.0,0.011801230883280892,0.0033729666257909137,0.0019248114695167287,0.016659404609820374,0.0,0.0,0.0,0.01816640789742911,0.0009218933554394531,0.006726770931478088,0.0,0.0,0.0,0.0,0.0,0.019467617626837228,0.0034650703614089035,0.0,0.0,0.0017754388385726177,0.0,0.0016436221740638655,0.08751628957047121,0.016408138487093434,0.3655145615359098,0.034177723883766574,0.011450213448230776,0.0012465018913260777,0.0017125407400849872,0.009005818261060167,0.0,0.02237764864906129,0.001427492656155384,0.0,0.0,0.15127800752881593,0.005284952317985207,0.036588918643903304,0.012632122180759426,0.02025401256249711,0.001657362102410211,0.00041610742044481,0.029290591652701453,0.0015612741364162655,0.011123789103258494,0.024614910358263693,0.015131974668066452,0.01728792882489875,0.0,0.18387029572208563,0.012231615148518778,0.11922055725745627,0.21820475713544513,0.0,0.02677588481855258,0.03791527105457405,0.9307024119425287,2.0748087778681246,0.8520876349089823,0.0005550705550651576,0.0,1.9344856166524882,1.0663484658152318,0.0,0.021828640072536223,0.0
0.0,0.008368339500522992,0.011639729833484465,0.0,0.0,0.0,0.0010648712753127995,0.0,0.046491423560971704,0.0,0.023261022731874786,0.0,0.059656235981329256,0.0,0.0,0.015020509286802807,0.0007844835289735326,0.0,0.0,0.0,0.02012346026507999,0.011665636651074549,0.007233869007577052,0.05083039080443451,0.03482140120264842,0.037442311931029114,0.20410951427081636,0.0392662504317412,0.0015315366064641521,0.0067453733156954965,0.0017978442060641148,0.0,0.0013498498051712942,0.006227001365796542,0.0007863219113215209,0.040637085620612995,0.039060603979822604,0.006369256511623295,0.005808027950765215,0.00499510653998177,0.0,0.009573513664972897,0.71429506466789,0.4951668316359792,2.856162221280515,0.3862115376363156,0.22705292733488133,0.8984896680702124,0.21771308517403273,0.08192675034097885,0.07208000278649017,0.41141297982744884,0.019533864847215456,0.0011137373976758277,0.13543370197206503,1.04299738239323,0.12243227573330939,0.07887557272501951,0.5045810789049757,7.97378611434887,0.16491600840781,0.5771535539295602,0.4785067063342729,0.007701127126478208,0.09622782842354077,3.2907513919997076,1.884671903935401,3.806205328220679,0.005627898836773586,2.698335701195758,0.05922004761145971,3.301027750396013,0.4156839623703376,0.035512566881687385,2.682617508522658,2.0361134179649447,1.7532627027418317,3.2995058261820045,3.8191233459907385,0.15111811334496564,0.029634050267263057,1.0663484658152318,11.794774273085908,0.006779274290540387,0.16875349651625904,0.0
0.0,0.0,0.0,0.0,0.0,0.10571813730797776,0.002362444957827545,0.0,0.013309518566380883,0.008551078437276372,0.00035334843009939465,0.135028005039449,0.002875344577170635,0.0018101568465331225,0.07956648537199926,0.0,0.0,0.0,0.0006231761861910289,0.0,0.015715219711655848,0.002591365732161682,0.008022750670661183,0.0,0.03031199092299294,0.0010857635071247677,0.0007622255652155332,0.0032318937504472725,0.012001630819892284,0.0017818269065603257,0.0,0.0,0.0,0.027464794906492482,111.80803525623384,0.4801131854445589,0.153999745335848,0.09616252091848844,0.639429533803216,0.024861901657043654,0.0006284199252844307,0.002471985695813916,1.9056163657320007,0.16929257920299198,0.18386216376217032,0.8044961123816246,0.06136169575672864,0.14519048838352258,0.0017209400262557318,0.0,0.0,0.0008590210360800999,0.0017280830426251368,0.0,1.2313695483469744,0.05909468242167889,0.002783159042395603,0.01061180867508935,0.583341716873815,0.09953492954182795,1.4055465395211486,0.0,0.007116596695892591,0.14959289183172558,0.0008708108890476652,0.0,0.0022790160806515727,0.0012494932947616165,0.0,0.01641224212771359,0.0007213755619415707,0.017014768835550583,0.035676559765158405,0.0,0.002878589045715455,0.0035822125711210064,0.05725890052673285,0.012656873862051398,0.01251495050682567,0.0,0.0003123549560615048,0.0,0.006779274290540387,404.2845085007611,38.65407065021431,0.047998168495444846
0.018758693053353134,0.01586285426750108,0.307823634349066,0.0034212075381928283,0.0,0.07423450255431059,1.0162296513146505,0.1160010032155631,0.741637588193971,0.46134241989323177,0.06903932314214493,0.03404465747686395,0.027544544556735242,0.14918735846437348,0.019707027383140657,0.14749107007656215,0.12024179139260133,0.03814682369612962,0.07173442544156088,0.00434267408380843,2.4659880375209284,0.16905822699768006,3.8299075753577574,0.3475303990371278,0.18132539562926706,0.5628626896532972,1.991575692989661,1.5773914055782896,0.5013654893625101,1.2239298936471354,0.012434251127056994,0.004231235803679685,0.016095524946545148,0.6148026997553414,37.695234994468926,2.903329466915575,5.0953537967932885,2.243269408945055,7.373429982243194,0.0933517199413939,0.0016281766919805057,0.05259628683767111,3.507943653496541,4.773471975390937,2.499350622228728,11.72070551256193,0.23775691804142834,0.42841448807771354,0.04418127354786936,0.006662321160819143,0.09623273971102972,0.3062891859570127,0.01063656374402324,0.0008088654946007887,0.08184438290288508,0.9119206359767903,0.07499772155789437,0.3063130411360683,0.29600249702122877,0.31415701261018025,0.10467584830116161,0.0147206892666165,0.18397095064243021,0.01858565521569842,0.20730955790827388,0.0882094492816076,0.11869699315977102,0.08620731708453461,0.0017317681690127173,1.188319705238778,0.29686064976338766,2.8927914414436926,0.5228785944582607,0.0030921897798654465,0.7306183074288806,1.4282730626656424,1.5192541096950931,0.3525797087226553,0.37162834402744205,0.041539782019376394,0.025813215624408217,0.021828640072536223,0.16875349651625904,38.65407065021431,5.598986759160813,0.7026477521682216
0.04510829789176615,0.006264206398632754,0.03283277864037588,0.06004601831782795,0.13013454148752843,6.3496685575378855,1.2452065856780452,8.230344984936135,0.3991077470074759,2.160430851101226,0.5213377810837592,0.6729774636350107,0.18296671602462689,8.226939179385981,1.427782767507985,0.019850248072997064,0.02979708912468674,0.06479222514338297,0.045963537955981744,0.06210327795787051,0.22600160462746274,0.009753875914824663,0.29530711005950905,0.5427346437109501,0.3237315999923713,0.24964496018876636,0.2045642166322383,1.2425610255916832,3.916091795731463,0.2540147455703587,0.023110877883837998,1.5636303822869504,0.014648913745228849,1.9846364142433948,0.09892201662150814,3.9027056042868504,0.34901881321016015,1.4914332839741042,0.8457995316715597,1.6350282127572755,0.0012478803145352544,0.180654601542799,0.09514783382262264,0.014562754098214305,0.03869091634161754,0.059783003092986134,0.08239709329613051,0.0,0.018666963792623514,0.0,0.00412146092180319,0.0,0.0,0.0,0.0,0.009183308187218912,0.0008119406141029097,0.21242796542391457,0.003060563218188307,0.00887608773945728,0.0010801221415027299,0.005814717849379874,0.0008653062519560055,0.0,0.005320874475637685,0.0,0.0,0.0,0.0006387625115502399,0.002051503292898728,0.022713833566903256,0.0013638833346536288,0.2622692231726174,0.007942254698129644,0.0,0.003565389492082576,0.016836900154507128,0.0020983970475470367,0.0006024467264390266,0.0,0.0,0.0,0.0,0.047998168495444846,0.7026477521682216,4.005941965564468
