4.6367445381482195,0.0012667689710311925,0.7182941524195302,0.0012313290228937249,0.0,0.005380370678259259,4.060511895281632,0.054347352219515435,0.18665805856374326,0.043046403148676034,0.0344544894474481,0.005277668393383267,0.001979773246989238,3.933430096450561,0.0018880619037887792,0.0037186211907608447,0.31920511091401876,0.009639987723510945,0.06911636772954576,0.005924084014645695,0.10275558064232848,0.0073392396392779275,0.6174187621584535,0.14366053438177898,0.0006569163123076732,0.3410829725467807,0.32623841573548074,0.2242210447080028,3.5729474122796905,1.5512928630994167,0.0,0.0007883261784278683,0.040018124666379,0.14443658846970395,0.008392760663462638,0.42609959469258524,0.05591989114841969,0.2604310431830211,0.11293466312577599,0.024263592796432643,0.028741822411326175,0.004643556082586778,0.0562517256723744,0.004206100648035652,0.008531570791183305,0.002702692811425395,0.03046490941676025,0.0,0.0,0.005984065476188735,0.0002562492751052275,0.0007051348558529997,0.0,0.0,0.0005669026704620803,0.07378199600956976,0.01167387179038858,0.09696921682602427,0.0022684630930935898,0.0,0.0,0.0,0.006606890266963356,0.0010309930514568763,0.0,0.0,0.0,0.0,0.0,0.0004385813878339587,0.007988119331735967,0.0003957140951736204,0.1323713240622892,0.0,0.0,0.0004103864831457414,0.09075257323841071,0.014414116271874555,0.05601229948125304,0.0,0.0,0.003601115364678787,0.001002286984866923,0.0009401831988209942,0.07324317396652293,0.10976345359365937
0.0012667689710311925,2.0832804457797476,0.1079811317155906,0.0,0.0,0.0,0.0004887979411991779,0.0,2.053719833186285,0.00014561511889455559,0.047848472795409054,0.0030550227551283883,0.15910204693250807,0.006654478013527405,0.01127583576414835,0.11187184578674862,0.1314871989861692,0.004285496427895449,0.05348310985158617,0.0,0.007974872482094716,1.9509066514972182,0.034892150739337595,1.4305800343400776,1.318215853510125,0.2970181755120432,10.594914327231349,0.02117058524794637,0.007556966509190978,0.008245710217501477,0.013944845219452974,0.0,0.0006195981024637775,0.03182002085733849,0.0028719032934671107,0.15533885138852518,0.39929571733362335,0.12874267179716323,0.07653859672242636,0.08833548869769955,0.0010641471602519691,0.11263178749133498,0.12786263076018073,0.29121176370937996,0.09610388498085178,0.02355215179061242,0.0014275864147303677,0.0,0.016913411622596797,0.0,2.1218022183663985,0.326031711015903,0.0003151971546683502,0.0,0.0,0.00036755895581135685,0.0,0.03565389822829372,0.0002457768877484901,0.08608462552536979,0.0,0.770127762832508,0.0,0.0,0.025029342702747294,0.1663111699039067,0.008516203516008687,0.05470228587649374,0.0016301666516412398,0.002820311434036078,0.02216217196911453,0.08276635384828325,0.021716768307223407,0.42765676622197973,0.9572110917311892,4.450910734017463,0.005530812152518253,0.005400421660016723,0.001861263781607341,0.05180833144380522,0.000168953612504389,0.0,0.06221351612309627,0.0025882298692297173,0.04064979663179568,0.005666871622893728
0.7182941524195302,0.1079811317155906,14.51936849610359,0.0,0.0,0.006116250551400629,1.2683126209142317,0.45197771434075157,0.008673886292294828,0.016883096495836202,0.013090280576654475,0.0,0.00476005942231478,2.521168919022311,0.00023267793166177728,0.0555825131255228,3.7825269093317395,0.025183550489154858,0.2636437256329135,0.0,0.4056792958952327,0.004876373430260593,9.126545170369708,0.057486863248185,0.001048612357534436,10.845322499650113,11.256580213100316,0.15543158326959333,0.7076578143759065,1.2972538035883694,0.004548663061174361,0.0,0.015713939294092722,0.20930265879903803,0.03625514785429562,1.9093186695068718,1.2562513647002058,1.3440477249425637,0.8696033997733303,0.028646903414723562,0.001902110864589867,0.001838421552031253,0.1520552470050508,0.2516050223268957,0.0576563256601826,0.045459270982361445,0.00744611389236216,0.00039356721970767506,0.00034126942966213205,0.0,0.18524997719964095,1.6801655122840895,0.0,0.0,0.0,0.0,0.0,0.00258330163641139,0.0,0.0013651362928154122,0.0,0.0003237859903321484,0.0,0.0,0.1521120007496744,0.24966822266964606,0.0,0.01041488446863922,0.0,0.015336042936007769,0.01601347063975365,1.0542843504407473,0.003631388578469324,0.002541005730114612,0.29986960400314555,4.317481912364486,0.0008353013038616805,0.00028914379024600693,0.0011726259408474287,0.0,0.0,0.0,0.05982890727301698,0.02069103772982662,0.39119320733356827,0.03143239832779321
0.0012313290228937249,0.0,0.0,10.390736083192348,0.0,0.37040273786432815,0.05633949843976299,0.3399873611571427,1.6336677586240702,4.156254493704684,0.001751453201694103,5.32066907887476,0.0,0.10291219138250189,0.5083057278015738,0.0,0.0,0.0,0.0,11.06499731524462,0.0,0.001252471448684416,0.00022482383895354926,1.8398021372662356,0.0,0.0,0.0,4.801588470317438,0.033806632813513926,0.00021583454678949008,0.0,0.0,0.0,0.018322018481299242,0.0010846352101898573,0.25460682982972394,0.0031550168155851667,0.05934184459433739,0.04455038784249058,2.020457887982247,0.020008428529506475,0.0,0.007053543948145733,0.0015023855580203335,0.0,0.0,0.28531663267257495,0.0,0.0,0.0,0.0,0.0,0.12559689073285732,0.0,0.010313314342607165,0.01776988350899359,0.019972897080427113,0.21855416160086483,0.12271301861884062,0.0,0.09809230326395964,0.0,0.010962343081565495,0.00464276080997787,0.0,0.0,0.0,0.0,0.14655393586393295,0.0,0.0006427729229866797,0.0,0.2826142568534184,0.0,0.0,0.0,0.018796859946034177,0.0,0.0,0.0,0.0,0.0,0.0,0.0,0.004781726867963314,0.16741400506401427
0.0,0.0,0.0,0.0,1.27251996655155,0.5401790327601597,0.0019630980113463127,0.015276113289204434,0.0001779934195182752,0.0027512114260645586,0.02177436895834144,0.0,0.0015596900829276214,0.002368308943500935,0.08180439850051237,0.0,0.0,0.0014240446783339413,0.0,0.0,0.0,0.0,0.0,0.0,0.0,0.001244516801018912,0.0,0.00017411188061222614,0.016643424422072582,0.0,0.0,2.3752011335691003,0.0,0.035467633801831155,0.0,0.008311695259868685,0.0014997348452493574,0.060317476648367147,0.028612016982290087,0.034793358918742606,1.7135593823366913,0.0020903954103031375,0.001698567556245799,0.0,0.0005408760272536502,0.0008023252008520177,0.0,0.0,0.0,0.0,0.0,0.0,0.0,0.0,0.0,0.0,0.0,0.0,0.0,0.0,0.0,0.0,0.0,0.0,0.0,0.0,0.0,0.0,0.0,0.0,0.0,0.0,0.0,0.0,0.0,0.0,0.0,0.00027811588648524405,0.0,0.0,0.0,0.0,0.0,0.0,0.0006433512044181259,0.5546646755952502
0.005380370678259259,0.0,0.006116250551400629,0.37040273786432815,0.5401790327601597,27.1490887371765,0.7112924316433851,9.0702136223558,0.07822611308992798,10.446311911752993,0.08295865853507048,3.8964913807328623,0.002909717835165091,0.23902604911530537,2.2661782882939843,0.0,0.0,0.03603492179355432,0.010198591105946989,0.33723831639877977,0.007496935561406642,0.0,0.02322562917044205,0.16388264177726833,0.00021979715360848542,0.024759661846698373,0.017143236454289962,1.3401840922000252,0.21135014038062425,0.006302710922128522,0.0018662058497750046,0.5773825913247768,0.0,0.028938823554920175,1.2123393306977819,0.11360558187413168,0.02199700603216578,0.11468026396339694,0.06226746514626054,0.5083298715938999,0.0970621231297037,0.007810666722911348,0.005343668570989668,0.0011792208698219026,0.0010276796209312917,0.0031668044427933563,0.03456793498281496,0.0,0.0007412837073965414,0.0006146485966655066,0.0,0.0,0.007818265641590726,0.0,0.03143204569593597,0.06384062217843911,0.024929046287911885,0.04551203920819467,0.051008159335283756,0.0,0.012428823308276033,0.0,0.011717859520277442,0.001223612040305972,0.0009811179735029942,0.0,0.0,0.0,0.012991850814944016,0.0,0.0,0.0,0.21532933595302606,0.0,0.0,0.0,0.027497252902599748,0.00036871425269457443,0.0,0.0,0.0,0.0,0.00029361355756668723,0.5875508330546917,0.09393326667643036,2.3015377275107
4.060511895281632,0.0004887979411991779,1.2683126209142317,0.05633949843976299,0.0019630980113463127,0.7112924316433851,42.48439024740437,4.298232257322918,0.8478273635762728,4.165352198739273,0.12220494329989427,0.11168686435156597,0.016012150008185167,12.285523455573713,0.04758226630755212,0.1443770359492039,0.09563192081664333,0.0002935998804648098,0.012119635872172626,0.05637020261790337,2.3834934989695826,0.017085039142428395,3.2646257138470873,1.47398277902817,0.0,0.0669153165509503,1.0575364509312413,18.99906982361958,3.7401560159502028,7.147846539141448,0.0,0.0026364723872651964,0.06320023672357401,0.49006520224068506,0.04913555539376725,4.1130289386746925,0.21516944050424072,1.6489834193550814,1.1800303568393415,0.658180448606143,0.35066961381954403,0.029890177905363184,0.45174193977758387,0.03343519951905594,0.094211669691628,0.020184721003596993,0.5065000286253591,0.0,0.0035403143395417763,0.0979406789238495,0.0009052307432866452,0.0,0.10879863920033671,0.0009579636573295178,0.026642766015820964,1.6573730541677776,0.3369757752837992,1.053894375449678,0.2887185831309293,0.0,0.01570614357209034,0.0030513794464695834,0.3145699160620353,0.012171461124000027,0.0011762341072667783,0.0,0.0,0.0,0.08882208201441348,0.009699318912331722,0.02253101123730229,0.002867707452499238,3.107636238208315,0.0,0.0,0.002207422300448293,1.2097473894960953,0.11378885685913571,0.2589997186015833,0.0,0.0,0.01074902633098417,0.019545920860480265,0.009116366275850307,0.5756866285556279,1.335682319014116
0.054347352219515435,0.0,0.45197771434075157,0.3399873611571427,0.015276113289204434,9.0702136223558,4.298232257322918,22.22188400504334,0.15998943355659379,4.731815459823273,0.30050324611552537,1.1467830142813629,0.015101363942610803,5.992255597792426,0.16648236501255462,0.0007492087627870745,0.004039131831688268,0.11261648419334742,0.04722641873758366,0.41920261009940185,0.20150714529900524,0.0009516296897195501,0.5914532288742063,0.35946101623530896,0.00022609924565870923,0.06798461898391191,0.09541605634978068,1.3482942046002022,0.9398365907098181,0.13626566040649726,0.0015488416091794233,0.46237970681837565,0.0008872405051634543,0.13819089607410961,0.0029345221523877107,0.5183084648319407,0.062365661865979825,0.40471431302488203,0.18945809541236092,0.3882125515309605,0.07168303136368087,0.020429812917216,0.015875785210639527,0.00413343556216738,0.005124214610907805,0.0002505659306225848,0.048750250782585235,0.0,0.0008818910741242516,0.0,0.0,0.0,0.06334967582451298,0.0,0.012682729910594045,0.2594471385508758,0.1141698203129681,0.13547529629467617,0.1862607726417653,0.0004130329684488655,0.020485323989751884,0.00019143719681975993,0.05716684819308809,0.002996901379440701,0.001182764844289544,0.0,0.0,0.0,0.03954750617074813,0.0,0.0,0.0,0.7317899367765659,0.0,0.00031876391677019737,0.0,0.13257067593798777,0.0009889118869629639,0.0,0.0,0.00016582466460669077,0.0,0.0,0.0007189427153457843,0.022587672316734912,3.6228863967520715
0.18665805856374326,2.053719833186285,0.008673886292294828,1.6336677586240702,0.0001779934195182752,0.07822611308992798,0.8478273635762728,0.15998943355659379,4.021978644520676,0.8353655652388084,0.025666151708505194,1.2204300768529621,0.01561912746493054,0.2613776569482229,0.7385929955115973,0.04401368967251121,0.00923583548946876,0.00015639113791297295,0.003400510722965472,0.42070684437206823,0.04078383718107962,1.9565417089151642,0.04269471354201537,9.345074246944959,0.5674142185328308,0.008907282701334,1.6959936827782751,2.8025011087497536,0.6461402982401399,0.1952219101299015,0.00027857637528969575,0.0018278495931121697,0.03405670569026549,0.09208799546222797,0.013374946981094976,0.6474923746978996,0.08251629757621153,0.2484854149402951,0.16799961956971235,0.5103626201448257,0.03919579804913471,0.014489936054762884,0.5288902142048667,0.03653611129078499,0.22748450921986085,0.06692267026519096,0.2659011889111704,0.009225510814812314,0.014573080016133725,0.10808192020090188,0.03812520504031856,0.01573170586073493,0.4709065588737721,0.0008029736763352492,0.03998742886405064,0.8980596457103801,0.3433194439490982,2.4308052160720606,1.4314510568769379,0.001692170289651932,0.24584547928476683,0.009260532334059435,0.2874967852055915,0.021735482131856245,0.04036519316463058,0.0018154819324470825,0.0,0.0,0.2459823668867058,0.07885974110698087,0.13535443951081377,0.07596603707829067,1.780606496720018,0.01900801476503405,0.001954942389406941,0.12264810412053843,2.2036805197078917,0.2687169672449917,0.38528958489632076,0.0,0.005296446602125466,0.02470697449662051,0.04330236688884662,0.01559548621002005,0.2479028589058579,0.22040630256336216
0.043046403148676034,0.00014561511889455559,0.016883096495836202,4.156254493704684,0.0027512114260645586,10.446311911752993,4.165352198739273,4.731815459823273,0.8353655652388084,61.587810307791536,0.09426862099690142,6.72581257928253,0.0122735490583271,3.7186700415934215,0.173790790819506,0.006707725706556803,0.0019016330476885747,0.0,0.009961724296205576,4.574264722657291,0.012668746622488767,0.004604513653635132,0.01582281360291038,0.6691778538765524,0.0,0.0005582658406044203,0.01996651442911649,11.06782444180896,1.314778353166862,0.005553689072198183,0.0,0.00887331540405688,0.000817783784810903,0.3993717589229336,0.014419928407182639,2.2610672355199193,0.10799436456033153,1.5958810230506792,0.8202523357208125,2.3037820672197404,0.31978927273064345,0.04159268131821523,0.045216452949098145,0.0050093621312866125,0.0,0.0,0.9312698388859475,0.0,0.001513479970927746,0.0009682648435415998,0.0,0.0,0.18634995207082355,0.0,0.05653711879436359,0.23956553942607095,0.16549211371909248,0.2851992472954165,0.3579877425242755,0.0,0.21001855607593126,0.004050084477478532,0.13791208575255734,0.01897272431553251,0.0,0.0,0.0,0.0,0.19791253053651128,0.0,0.0,0.0,1.164170329922048,0.0,0.0,0.0,0.09869260831087465,0.0,0.0004158514009203821,0.0,0.0,0.0,0.0,0.00027495190938199365,0.09384894791982855,1.1813210384257662
0.0344544894474481,0.047848472795409054,0.013090280576654475,0.001751453201694103,0.02177436895834144,0.08295865853507048,0.12220494329989427,0.30050324611552537,0.025666151708505194,0.09426862099690142,17.820034434435776,0.03800974175941297,2.1664791770598457,0.6156059221786502,0.012848983290175949,0.004909777343974279,0.07603164072167312,6.5537905986417195,0.2549944648156047,0.008716363776248284,0.07499877613402682,0.011953823528261045,0.06868527140134385,0.02044767370891712,0.2702583258291492,1.7783719286616284,0.16356010711742064,0.03990412936803376,3.618378897562686,0.06506601782586365,0.26162850049010344,0.19404405246021442,0.0016762028722896425,6.83273974996685,0.04039484665876198,1.1164840464853847,1.7301636525279822,4.7113128281562355,1.310983970021358,0.13225200008592874,0.0918765968291061,1.3460599637071362,0.031275867819081773,0.07811581874753037,0.03593381849752849,0.010567357399449044,0.02303357719354458,0.00032770442350309696,0.006998359554883727,0.0,0.05123676164883328,0.0004560785494793799,0.0,0.0,0.0009750528909339005,0.007080452120132027,0.003986645060265602,0.005573461086290917,0.002482536820398561,0.15864453200474696,0.00022641167135779486,0.7069482374573401,0.0025813479132734502,0.0009738376182634417,0.0013127472505025503,0.0008782354786805432,0.0023577548778481922,0.0006444774289823113,0.0,0.0005163362771769368,0.0018370635627588882,0.0015487175205642087,0.004061219989511921,0.11544656293188017,0.23181890562747026,0.20769048480444532,0.0018929629858643695,0.003216356209883603,0.0008995701638314231,0.11367843372591238,0.0011896565889815398,0.0,0.004185229469694356,0.015336960567813246,0.09398858630345004,0.49623329631019075
0.005277668393383267,0.0030550227551283883,0.0,5.32066907887476,0.0,3.8964913807328623,0.11168686435156597,1.1467830142813629,1.2204300768529621,6.72581257928253,0.03800974175941297,31.312332764342273,0.0021730781029356237,0.2642752272449397,2.5521878004496203,0.0,0.00033479809195371735,0.010385705479515842,0.0043639828274244395,8.325751399283224,0.0011961795492719993,0.0012545946322449584,0.0009249613756686582,1.6881253311035649,0.0,0.008624520511183356,0.0036191332056803123,1.3213981841876647,0.13598157261128663,0.0002502708443237307,0.0,0.003791606501667276,0.0,0.04602775482753095,0.6651997481317989,0.19130301956727752,0.020316139991552868,0.21387093642938587,0.10210434315314751,1.341397839828409,0.035939508239729856,0.009843177891345228,0.006197358794842593,0.0014417506022889293,0.0011750084580843174,0.0006772062364259642,0.057976993666905535,0.0,0.0005396673331561607,0.0,0.0,0.0,0.16633934425903193,0.0,0.022526726868184084,0.038978792629390524,0.01984995210829957,0.07403735007879515,0.17742770624702386,0.0,0.09572914727597344,0.0007354602234849083,0.013048425954702575,0.0021325737613441136,0.0,0.0,0.0,0.0,0.047143957286203325,0.0,0.00023042276971981071,0.0,0.14020814696525816,0.0,0.0,0.0,0.0479167530363255,0.0,0.0,0.0,0.0,0.0,0.0,0.3627322493975506,0.03448069669622167,0.38658965254650257
0.001979773246989238,0.15910204693250807,0.00476005942231478,0.0,0.0015596900829276214,0.002909717835165091,0.016012150008185167,0.015101363942610803,0.01561912746493054,0.0122735490583271,2.1664791770598457,0.0021730781029356237,10.208638477272473,0.018049574195074452,0.0008335338040736811,0.0016099461755509947,0.004298303100924014,0.033199255506769214,0.016139771791827684,0.0015791122457970426,0.011803687641150216,0.02027466129774498,0.007116320500659978,0.005777375349287388,2.0099296220910716,0.20327857516266748,3.7767205210288246,0.006619416423762749,0.13201350802956233,0.009422996252150068,0.7473337868065619,0.012330363027412602,0.00026647436689595166,0.39427818109935536,0.003943192975421212,0.21795090411979062,1.9705023286483263,1.3953530257364612,0.44053528716914486,0.010416453650449978,0.03626328270060421,1.888990601861716,0.007348955942878816,0.5160595386989483,0.055150453431999744,0.00979262169371785,0.0019614056451915194,0.0,0.06802607864281088,0.0,0.3460414734471577,0.000462826029005041,0.0,0.0,0.0004121936239224077,0.0005770640789536472,0.001548597885484646,0.0042586526626252445,0.0,0.8599778108618469,0.0,6.613859846154488,0.0010372807203814843,0.0,0.0,0.0016566218741842038,0.016354446486467788,0.004556555472374608,0.0,0.0,0.010962447411855009,0.0005832752013213008,0.0014199167255262968,1.4458164349319127,1.2629205828655299,1.8169280196853639,0.0002041070310092191,0.004725176855640697,0.0,0.6447751205656146,0.0014332075227477738,0.0,0.02146543549810755,0.0018701887800891858,0.02048955029335576,0.035775554274861676
3.933430096450561,0.006654478013527405,2.521168919022311,0.10291219138250189,0.002368308943500935,0.23902604911530537,12.285523455573713,5.992255597792426,0.2613776569482229,3.7186700415934215,0.6156059221786502,0.2642752272449397,0.018049574195074452,12.351978668991874,0.021602480567572455,0.0029402496253048385,0.2689685241664206,0.4261758925636583,0.28637443531915435,0.17569008162393646,0.5630464791932981,0.0021947256320110206,2.570685435518808,0.4282694621015067,0.001053947794976844,0.6195659627551078,0.4879291681612607,0.9789409275258617,4.785085457080441,1.9043547351686605,0.006393543709342663,0.14054482756899295,0.011035545598413805,0.4070562595805826,0.010035314474116683,1.038495824167993,0.13174164062314841,0.9655162983026466,0.4039467836258856,0.17273092880830626,0.11353755796018955,0.036856258912039766,0.026916625181279887,0.0034891803352253272,0.004164064719708446,0.004029363193391748,0.03997182781216432,0.0,0.0008570179644702061,0.0010831212115289671,0.0023917591598173462,0.0,0.032558676074428736,0.0,0.010721725332285869,0.253146991034134,0.0860541153812218,0.2167062689157613,0.14349979091876727,0.0,0.008946174343063313,0.0016125645154130633,0.030303598161862975,0.0013603517712973093,0.0,0.0,0.0,0.0,0.021565796862221775,0.0,0.005559650943513361,0.0,0.6940684207234583,0.0,0.0,0.0,0.16618624943831234,0.0015409105629922025,0.009331136698900198,0.0,0.0,0.0007057726383293084,0.000982565745601983,0.0031569472085261874,0.11834148209760002,2.8716871060397886
0.0018880619037887792,0.01127583576414835,0.00023267793166177728,0.5083057278015738,0.08180439850051237,2.2661782882939843,0.04758226630755212,0.16648236501255462,0.7385929955115973,0.173790790819506,0.012848983290175949,2.5521878004496203,0.0008335338040736811,0.021602480567572455,1.761727567674572,0.0,0.0,0.007279566602033932,0.005218719632155751,0.1905502778395246,0.0,0.003979329393235763,0.0,0.6806464887264638,0.0024997089869752383,0.007121525383948103,0.007893082531202975,0.23271749262244124,0.03509823251779011,0.0,0.0,0.023239980587352233,0.00044097182874722294,0.004799424856938554,0.0,0.01766359584533248,0.003814170362658301,0.013615982130656441,0.006530385057809933,0.5457490735423752,0.00799967112501559,0.0025680375385805235,0.0029122396214699376,0.00033224348060436335,0.001768451578649816,0.0010453467290450836,0.012335900219062801,0.0,0.0,0.0,0.0004070168069516097,0.0,0.0033867464154342863,0.0,0.0014366181398204187,0.0344682936785527,0.016877417480551948,0.01578847120263674,0.00974744330994192,0.0,0.002433403436985087,0.0,0.004043566852388152,0.00022552193631879982,0.0,0.0,0.0,0.0,0.0033218336465508625,0.0004299840746276747,0.0,0.0,0.04232111064097417,0.0,0.0,0.0,0.016345315913232343,0.0,0.003061764074306506,0.0,0.0,0.0,0.0,0.0011620752775150706,0.0016954690483773206,0.5165051861410492
0.0037186211907608447,0.11187184578674862,0.0555825131255228,0.0,0.0,0.0,0.1443770359492039,0.0007492087627870745,0.04401368967251121,0.006707725706556803,0.004909777343974279,0.0,0.0016099461755509947,0.0029402496253048385,0.0,19.928652197364976,0.050176280573571215,0.0007885478379054023,0.012704750383718513,0.0,1.8994542001658414,1.0748861801100285,6.44000815370967,3.1667786366905926,0.0016997729610568055,0.027128258009338737,5.715307156237517,2.0287378759672405,0.028453317217400523,0.19240920219241744,0.0,0.0,0.007788951972575739,0.018301257612740783,0.01727847204317651,1.2034073003544237,0.7145807248086674,0.26977297473238754,0.31246199848698814,0.013258526642159608,0.0023686364818324263,0.0007873243363670363,0.15836821490583305,0.07371141863722407,0.030228269420842228,0.02092752068774764,0.00507011968358576,0.0,0.0008141843333052323,0.001222266010020209,0.03504216638098579,0.040991331012918915,0.0,0.0,0.0,0.009307944742438085,0.0,0.03396939186311696,0.0,0.0,0.0,0.0006102259870878281,0.0007036906217150799,0.0,4.626238907080726,0.011057411554197202,0.0,0.0,0.0,1.261984355966234,0.37783163911267387,1.8171673185664026,0.5589098534866817,0.0013021850124988496,0.005648751045380641,2.2051818439115003,0.46111306849192485,0.011572239303554001,0.2885334624831955,0.0,0.0,0.008904752923532443,0.012007916183601702,0.009178486497025299,0.3372855241366759,0.027567518030100394
0.31920511091401876,0.1314871989861692,3.7825269093317395,0.0,0.0,0.0,0.09563192081664333,0.004039131831688268,0.00923583548946876,0.0019016330476885747,0.07603164072167312,0.00033479809195371735,0.004298303100924014,0.2689685241664206,0.0,0.050176280573571215,4.471471551257803,0.2032243621262234,4.287146656990495,0.0004220234587722608,0.5868795629065484,0.006438363493071453,4.735631660732545,0.020028747910259086,0.001845631170656299,8.663021271966183,5.76243810793362,0.04598719512193557,0.98868767875184,3.2800687224579956,0.007552534156091134,0.0,0.07105415327977296,1.8777509859004877,0.013216747899864618,1.010280632415414,1.058450314254308,1.3024552676688421,0.3778133866698137,0.008146755447236528,0.0018060939923251601,0.0003870223760542088,0.02519644096551675,0.09828595719119534,0.019778621093730468,0.01316781577330978,0.000895002102231466,0.0,0.0,0.0,0.11584857906258707,0.47957256968734463,0.0,0.0,0.0,0.0,0.0,0.003924582667233817,0.0,0.0,0.0,0.00034504251254131006,0.0,0.0,0.008347648641889275,0.0961932908507214,0.00014000398046711451,0.010135021609322167,0.0,0.00020575303065830893,0.004027486480249768,0.17629653145362278,0.0,0.0014815998446106747,0.20589337067725688,1.2677159390333348,0.0,0.0,0.00015014541586858658,0.0,0.0,0.0,0.027043297208882613,0.00539233730595119,0.17306994644443652,0.017427693813836125
0.009639987723510945,0.004285496427895449,0.025183550489154858,0.0,0.0014240446783339413,0.03603492179355432,0.0002935998804648098,0.11261648419334742,0.00015639113791297295,0.0,6.5537905986417195,0.010385705479515842,0.033199255506769214,0.4261758925636583,0.007279566602033932,0.0007885478379054023,0.2032243621262234,3.190207821139668,2.0592917844335603,0.0,0.049642186060350424,0.0,0.052418407728796156,0.0,0.004916158718001808,2.216878707147519,0.2839603836362222,0.0004688701324823298,0.7922982830898463,0.029864526037352963,0.07729245507816548,0.0229039474417956,0.010077744178640663,1.0835304669723058,0.01551520223238229,0.6322869108401529,0.7960304370607989,2.8144870804981377,1.032555215637106,0.029768633084152615,0.011685580610361823,0.002385304585036272,0.002866905567407181,0.005065375775147849,0.000612603338675492,0.0012815813853984035,0.0002314958909578638,0.0,0.0,0.0,0.005572808315519488,0.00018142795456412017,0.0,0.0,0.0,0.0,0.0,0.0,0.0,0.007290253753800329,0.0,0.05167680554838695,0.0,0.0004548083084234421,0.0,0.0002888475962149343,0.001424129973714738,0.0009593613893210593,0.0,0.0,0.0,0.0,0.0,0.0057266057323537714,0.09468424122088999,0.08670802805501311,0.0,0.0,0.0,0.009514652728695576,0.0,0.0,0.000393155991076761,0.006317065967426933,0.14701029971097546,0.2646072318283965
0.06911636772954576,0.05348310985158617,0.2636437256329135,0.0,0.0,0.010198591105946989,0.012119635872172626,0.04722641873758366,0.003400510722965472,0.009961724296205576,0.2549944648156047,0.0043639828274244395,0.016139771791827684,0.28637443531915435,0.005218719632155751,0.012704750383718513,4.287146656990495,2.0592917844335603,10.147410526362545,0.0,0.34883418190112897,0.0010513487839116425,0.35118945498406584,0.002205982723307044,0.001838294219343112,6.832519154929558,2.4429472857823304,0.009349134612025191,0.6254521101288357,0.4394590488856634,0.01218846771852023,0.0010585753463182746,0.0662226640625639,2.3434064723758383,0.011444913917403553,0.7225886525175007,0.7648813423555367,2.277860900261123,0.6200360854049319,0.012291735093771553,0.007327625202611053,0.0014630759621430747,0.0008835281553986452,0.023457507658543982,0.0077162171334878744,0.0004588659089318391,0.000983923700964177,0.0,0.0,0.0,0.042664809768223115,0.049650210879460734,0.0,0.0,0.0,0.0,0.0,0.0012714724924566888,0.0,0.00024134792566564238,0.0,0.0025177840570402357,0.0,0.0,0.0,0.027197945307543513,0.0,0.009675846168359094,0.0,0.0,0.0007773865993564181,0.0035965486255754575,0.0,0.004256952135422883,0.16834877799695133,0.28061751343143126,0.0,0.0,0.0,0.0010928584942216568,0.0,0.0,0.006746731297760484,0.0040094146542576856,0.10357680713453606,0.09867820554266338
0.005924084014645695,0.0,0.0,11.06499731524462,0.0,0.33723831639877977,0.05637020261790337,0.41920261009940185,0.42070684437206823,4.574264722657291,0.008716363776248284,8.325751399283224,0.0015791122457970426,0.17569008162393646,0.1905502778395246,0.0,0.0004220234587722608,0.0,0.0,2.097268201120404,0.00030657205772949113,0.0,0.00020552207979420933,1.2047498550851408,0.0,0.0,0.0,0.7600882254118941,0.09103256540850929,0.0006428290556213282,0.0,0.0,0.0,0.03740204759604032,0.0006931903375918683,0.22944482506001093,0.015796195860226292,0.1610123714732482,0.07045783665662,0.7581127206640655,0.02708208294915117,0.003226747551934171,0.00930865063914242,0.004084064163271058,0.0,0.0,0.17173924927500311,0.0,0.0,0.0,0.0,0.0,0.1066575243827584,0.0,0.007605371716918452,0.02775809659881038,0.023893966134098787,0.07408406584794594,0.22864758126421483,0.0,0.0632151769905856,0.0,0.029038525490566305,0.0034392947564221557,0.0,0.0,0.0,0.0,0.0538700364314103,0.0,0.0,0.0,0.33215852899356324,0.0,0.0,0.0,0.040553973081409796,0.0,0.0,0.0,0.0,0.0,0.0,0.0,0.0048568850295258705,0.1590040420313168
0.10275558064232848,0.007974872482094716,0.4056792958952327,0.0,0.0,0.007496935561406642,2.3834934989695826,0.20150714529900524,0.04078383718107962,0.012668746622488767,0.07499877613402682,0.0011961795492719993,0.011803687641150216,0.5630464791932981,0.0,1.8994542001658414,0.5868795629065484,0.049642186060350424,0.34883418190112897,0.00030657205772949113,22.72430285541914,0.020958260821971542,22.062973499965754,0.7487278523853113,0.0007553951985510068,0.4249871744386299,1.3236012712537433,4.921289403407887,0.4475875829856657,9.56397720213355,0.0003992554472547877,0.0,0.16061576051059664,3.256216521332574,0.11450235711654275,4.101805419283337,1.3082651446161322,2.7244963925143977,1.4480146162137015,0.10102740035197563,0.02230092088897846,0.012394723399627633,0.23614076666601716,0.06519422400607175,0.014454716590550393,0.022574872041425047,0.011137101222196485,0.0,0.0005925604614486321,0.0011872446038069713,0.008794839313219508,0.0040840748675813705,0.0,0.0,0.0,0.006529020648212086,0.0,0.04138249101748265,0.0,0.0,0.0,0.0010531428805762686,0.0011085222347087052,0.0,0.37678483313858924,0.002049923294676465,0.0,0.000263201153831921,0.0,1.0617403560879304,0.1646452440963952,0.2676345334491243,0.42139115131895555,0.0,0.0023160677269222513,0.11743642940531233,0.7169606826076557,0.028078610370776826,0.5965274072547281,0.0,0.0,0.026720463529156406,0.010289019706542191,0.05021872698450559,1.9488796128989536,0.1726849889151472
0.0073392396392779275,1.9509066514972182,0.004876373430260593,0.001252471448684416,0.0,0.0,0.017085039142428395,0.0009516296897195501,1.9565417089151642,0.004604513653635132,0.011953823528261045,0.0012545946322449584,0.02027466129774498,0.0021947256320110206,0.003979329393235763,1.0748861801100285,0.006438363493071453,0.0,0.0010513487839116425,0.0,0.020958260821971542,6.1031487425078215,0.021760664931789,5.838789977796604,0.276844923267023,0.007984203520951501,2.723509503459499,0.20339025758396162,0.020601704066012114,0.04903771918436834,0.0006418037477228938,0.0,0.00039263735763424664,0.003580668142585514,0.00034268374372677357,0.028218757881689902,0.05644506642788731,0.011509068793988726,0.003861068839804631,0.01197903790986539,0.0,0.025732708046808873,0.102941103012542,0.030371691874238004,0.012666776509435328,0.008774814306652202,0.004358388598868421,0.0008696548153676992,0.0011729660259417992,0.00261847436110631,0.036212338785397084,0.01963100395231259,0.001135845229803928,0.0,0.0,0.022370861066623914,0.0001687054126671777,0.04590629455567757,0.001694234740798133,0.0021642030654374952,0.0,0.021995948136594026,0.0015642358316357565,0.00037332372991542514,0.2919655279643974,0.003564301444275523,0.0,0.00015624291656014694,0.00033213890164025556,0.1908742353701031,0.21074295934594298,0.1592341764967719,0.36433657111928064,0.023267337458707266,0.01363304143288413,0.35176341388615084,0.40717235912931277,0.014550500793835724,0.1669864493983866,0.0,0.0,0.006772527182262448,0.00373823526258537,0.00037898116702823,0.010486630306317248,0.0013271694492408227
0.6174187621584535,0.034892150739337595,9.126545170369708,0.00022482383895354926,0.0,0.02322562917044205,3.2646257138470873,0.5914532288742063,0.04269471354201537,0.01582281360291038,0.06868527140134385,0.0009249613756686582,0.007116320500659978,2.570685435518808,0.0,6.44000815370967,4.735631660732545,0.052418407728796156,0.35118945498406584,0.00020552207979420933,22.062973499965754,0.021760664931789,39.575270614980276,0.67922801591858,0.0007199007341636573,1.913318559924729,12.265933269326858,3.2509515506927555,0.8169694252411452,8.070854498186167,0.0,0.0009259825578297463,0.08429854634395398,2.2837668740860733,0.18879896641625096,8.464920561609866,4.331558772859636,5.0105089014575945,3.6061899394918053,0.13903856674544812,0.02869453986759501,0.015216022636914198,0.16805027353035998,0.10483862435039441,0.032686361145751776,0.05116548539918876,0.03360004971841232,0.001067757485618803,0.0030181560252871254,0.0,0.023937987480269422,0.10337302565246191,0.0,0.0,0.0,0.0038462069957130433,0.0,0.043028864266217895,0.0,0.0,0.0,0.0008469236529015675,0.0,0.0025999291717485958,2.9895787169688544,0.016596228236240903,0.0,0.00016492100379123854,0.0,0.9105824596791418,0.1689686986868616,2.0248786737240434,0.2213214653015374,0.0015454053334115207,0.019329630447972843,1.9317240059016332,0.1691592969347735,0.006479527918727709,0.17758913243479038,0.0,0.0,0.012269503575052782,0.018533990218899885,0.10423803354247739,3.7260882746457846,0.31358188223370914
0.14366053438177898,1.4305800343400776,0.057486863248185,1.8398021372662356,0.0,0.16388264177726833,1.47398277902817,0.35946101623530896,9.345074246944959,0.6691778538765524,0.02044767370891712,1.6881253311035649,0.005777375349287388,0.4282694621015067,0.6806464887264638,3.1667786366905926,0.020028747910259086,0.0,0.002205982723307044,1.2047498550851408,0.7487278523853113,5.838789977796604,0.67922801591858,24.05654520917107,0.22419049128317473,0.017635825235993975,2.8840586518269586,13.097080335070928,0.5652719565568117,0.49151343261301145,0.0,0.0012641681740303765,0.03062444407264062,0.10853270206095994,0.014235529876517855,1.0177449522258872,0.13145800688511364,0.3201041462014364,0.21595573922751782,1.3845274426415621,0.03578295627718423,0.008897786632983509,1.2380673522347694,0.11036951101485949,0.3823012515090917,0.1191353529505222,0.8378731671908476,0.006577979156879159,0.006246472193862589,0.20760374102986018,0.027360872235094584,0.022922228550053186,0.8395825192549594,0.0003159899066213047,0.1124335099915509,2.9023324413542877,1.2225209622087057,1.9174511542886148,3.36555155758058,0.0,0.4254329319192329,0.001974882179717169,0.7032762887437464,0.020210429128579108,0.33083588259582347,0.0,0.0,0.0,0.53340313052129,0.408798997269523,0.3683721608867745,0.19447298773849936,4.999514350372257,0.001606074719268811,0.0,0.1901337689882292,5.5431792009691225,0.4066150843925455,1.244185757619221,0.0,0.0,0.06827524303219976,0.05905256837357437,0.00655992773350599,0.14444723494056996,0.41496330159495215
0.0006569163123076732,1.318215853510125,0.001048612357534436,0.0,0.0,0.00021979715360848542,0.0,0.00022609924565870923,0.5674142185328308,0.0,0.2702583258291492,0.0,2.0099296220910716,0.001053947794976844,0.0024997089869752383,0.0016997729610568055,0.001845631170656299,0.004916158718001808,0.001838294219343112,0.0,0.0007553951985510068,0.276844923267023,0.0007199007341636573,0.22419049128317473,3.3444108245629702,0.10383128582402773,1.7992549771448894,0.0005146181166862055,0.007627495389993448,0.0,0.024573513494747526,0.0006795516672403217,0.0,0.023135323878528145,0.00031126529307010396,0.0485593429461251,0.5233627755829982,0.06970428953972403,0.0685323394511704,0.021552390781725887,0.009989037966004049,0.7038123994426377,0.011531049750461807,0.2846397623502927,0.03742236334840474,0.006211175810081254,0.0009672242760666918,0.0,0.049428530095035735,0.0,0.15412963995748263,0.00568606251840412,0.0,0.0,0.0,0.0,0.0,0.007932983328286417,0.0,0.16428627665515114,0.0,1.6249606795540832,0.0002526024171819719,0.0,0.00014292751185868084,0.008461653582026291,0.006511184633541776,0.004968101253803621,0.0,0.00020391048766422282,0.014120862851616045,0.002643411108845954,0.001813508450983449,1.4304812403718419,0.499852650937977,1.1600434200555896,0.0,0.0007341731968948502,0.0,0.10684081735145591,0.0006109705865994595,0.0,0.017278661194104445,0.0,0.0035203096225594932,0.005765434968067
0.3410829725467807,0.2970181755120432,10.845322499650113,0.0,0.001244516801018912,0.024759661846698373,0.0669153165509503,0.06798461898391191,0.008907282701334,0.0005582658406044203,1.7783719286616284,0.008624520511183356,0.20327857516266748,0.6195659627551078,0.007121525383948103,0.027128258009338737,8.663021271966183,2.216878707147519,6.832519154929558,0.0,0.4249871744386299,0.007984203520951501,1.913318559924729,0.017635825235993975,0.10383128582402773,38.997837682097675,7.936070314247788,0.02488115981535743,1.2721935745533517,1.1165208038888403,0.4564470471026056,0.01236046684860089,0.06486076411115459,1.201061716548684,0.0676119884569937,4.109214808947719,5.119555385907801,5.656272027389604,2.6997148607218198,0.05083669968209678,0.030268773886771006,0.007508853358453858,0.12779856648026638,0.4770525948298635,0.19348675039185345,0.0655877237332379,0.008306638383168995,0.0011778873976024075,0.001296502436646726,0.0,0.47976284877273473,1.0772219866642916,0.0,0.0,0.0,0.0,0.0,0.0006156125949766786,0.0,0.16570218119718993,0.0,1.105107813898389,0.0,0.0008951536580843348,0.0034115167659700125,0.5442482014630572,0.04398976420516307,0.18808955736433092,0.0,0.00019081053687919165,0.00661269935035616,0.13623227602504182,0.0,0.2582439805486073,4.874411702740051,7.752823086096868,0.0,0.0011637520902052518,0.0,0.4591337868293689,0.00040502668689792543,0.0,0.13609512391247353,0.02322952696362288,0.6277150594282965,0.23310493293003656
0.32623841573548074,10.594914327231349,11.256580213100316,0.0,0.0,0.017143236454289962,1.0575364509312413,0.09541605634978068,1.6959936827782751,0.01996651442911649,0.16356010711742064,0.0036191332056803123,3.7767205210288246,0.4879291681612607,0.007893082531202975,5.715307156237517,5.76243810793362,0.2839603836362222,2.4429472857823304,0.0,1.3236012712537433,2.723509503459499,12.265933269326858,2.8840586518269586,1.7992549771448894,7.936070314247788,48.78661829418387,1.8842648090391403,0.8134749174486693,1.046479818564927,1.3102767592188092,0.0019365620939022742,0.06269076108415982,1.35230346523447,0.11635837117431388,7.504422484606046,5.2485981575998295,6.48855107069378,3.5793210421400024,0.18605593743507015,0.02749564300597829,0.026094485273431185,0.646896360033508,1.6967875548632667,0.599184708636083,0.20168932111976054,0.019835606049196236,0.0011018004251816948,0.006699319047629326,0.0,3.304138884682179,3.7431741064271304,0.0,0.0,0.0,0.000738962364106235,0.0,0.041681207931288586,0.0,0.1589881161426095,0.0,1.4059284501731812,0.0,0.0015488669513797607,2.865928232384415,1.0954779382214637,0.04718349403500542,0.28267126964913347,0.00019084702422205178,0.39703862655858346,0.37527434959461503,4.170171237656759,0.20452840480565243,0.8609060496102257,7.483116551560448,37.5092348309391,0.06399000672921795,0.003611916771111103,0.05152229336168712,0.5318020648766856,0.0,0.0028257315225660527,0.42178402628515294,0.05074156974163006,1.4021330494512978,0.17273289451303775
0.2242210447080028,0.02117058524794637,0.15543158326959333,4.801588470317438,0.00017411188061222614,1.3401840922000252,18.99906982361958,1.3482942046002022,2.8025011087497536,11.06782444180896,0.03990412936803376,1.3213981841876647,0.006619416423762749,0.9789409275258617,0.23271749262244124,2.0287378759672405,0.04598719512193557,0.0004688701324823298,0.009349134612025191,0.7600882254118941,4.921289403407887,0.20339025758396162,3.2509515506927555,13.097080335070928,0.0005146181166862055,0.02488115981535743,1.8842648090391403,39.35276103581028,1.323912749570498,5.805638965926915,0.0,0.00043037910550074236,0.15009262301266674,0.4947859161449475,0.06681457275924312,3.909041911665066,0.46348933928335256,1.1434015513190816,0.8472332495542978,1.5039482109930573,0.13951479023046237,0.006766858034837627,0.928767897660304,0.10810981908111021,0.15488430821241717,0.05407691521189019,0.7700005013218156,0.0005048281149826453,0.0,0.14092801167551808,0.009700467653248746,0.0025736446756079133,0.32266229708302535,0.0,0.027178203111793562,1.437138197704837,0.21909262027383383,1.6789642678892274,0.2575815382915225,0.0,0.10618623478225707,0.0,0.2648566135141541,0.012901595823115519,0.09233846529142886,0.0,0.0,0.0,0.3058265452091382,0.21842431679081822,0.27386882611594493,0.04995897944584173,3.9746877485225207,0.0,0.0,0.01666177231075819,2.257721353018216,0.25159171226869753,1.2781581251675715,0.0,0.0,0.05440912508751618,0.03946608998905275,0.01183233044266643,0.8278113805504067,0.7139800685993334
3.5729474122796905,0.007556966509190978,0.7076578143759065,0.033806632813513926,0.016643424422072582,0.21135014038062425,3.7401560159502028,0.9398365907098181,0.6461402982401399,1.314778353166862,3.618378897562686,0.13598157261128663,0.13201350802956233,4.785085457080441,0.03509823251779011,0.028453317217400523,0.98868767875184,0.7922982830898463,0.6254521101288357,0.09103256540850929,0.4475875829856657,0.020601704066012114,0.8169694252411452,0.5652719565568117,0.007627495389993448,1.2721935745533517,0.8134749174486693,1.323912749570498,24.802782847134413,4.716108104793407,0.03678135903293826,0.7560748358414269,2.1268577430337157,3.0651643004327176,0.020562260321502553,1.3411252098387916,0.274840065356133,2.4564240886278514,0.6792119479236538,0.16282878829777747,0.38920463488352336,0.08373570931071048,0.1318463940550806,0.017523096154697725,0.05235662910736995,0.01476801439138661,0.029751831273148704,0.00047259921126431,0.0027949102073953212,0.011203249903740489,0.00553973687971871,0.0010219884092892242,0.0017575398737380607,0.0,0.0,0.10521892412568443,0.006088305112529275,0.26590131981572956,0.0,0.0019419672054405248,0.0013047090707850857,0.008631775467705622,0.009582411442501727,0.0014799014424456331,0.0003365169080410674,0.0,0.0,0.0,0.0,0.0068797643532888106,0.04086415649311466,0.002455162327058583,0.302026913843147,0.0021044459422754356,0.0011582641361218273,0.0017078813235226666,0.18930100697962365,0.020355952836958905,0.15073163154508112,0.0,0.00024952947758163143,0.00788531414079759,0.006618623841360646,0.0061492496342020996,0.22590177761728855,2.3401146079384025
1.5512928630994167,0.008245710217501477,1.2972538035883694,0.00021583454678949008,0.0,0.006302710922128522,7.147846539141448,0.13626566040649726,0.1952219101299015,0.005553689072198183,0.06506601782586365,0.0002502708443237307,0.009422996252150068,1.9043547351686605,0.0,0.19240920219241744,3.2800687224579956,0.029864526037352963,0.4394590488856634,0.0006428290556213282,9.56397720213355,0.04903771918436834,8.070854498186167,0.49151343261301145,0.0,1.1165208038888403,1.046479818564927,5.805638965926915,4.716108104793407,17.157609480196015,0.00034744066236654146,0.00041845883301112045,1.3987476440135345,3.019213875667923,0.08143526914212396,3.763643982051191,0.7772920903789828,2.2847162645855406,0.9348905861026827,0.08486547419836916,0.07530988103199311,0.014270089867048648,0.5689016796372853,0.07863904511910434,0.06882515302261456,0.024662745394141972,0.04711646428812272,0.0,0.0007585342403759576,0.03393097552893637,0.008822070897799966,0.0016256473980792224,0.0,0.0,0.0004696855590355878,0.2699590988272634,0.003421174167605701,0.2199845660976616,0.0,0.0,0.0,0.00034481908973493764,0.026927615083043532,0.0,0.05251096149104506,0.0,0.0,0.0,0.0,0.3158530871788073,0.13676963591807698,0.06035259213269511,0.6745292762113614,0.0,0.0,0.012754610179489138,1.171919968105188,0.11795959751921455,1.1737334588889716,0.0,0.0,0.036587986322741836,0.015549284959877929,0.027478236847925594,1.096190734661991,0.22162822307396426
0.0,0.013944845219452974,0.004548663061174361,0.0,0.0,0.0018662058497750046,0.0,0.0015488416091794233,0.00027857637528969575,0.0,0.26162850049010344,0.0,0.7473337868065619,0.006393543709342663,0.0,0.0,0.007552534156091134,0.07729245507816548,0.01218846771852023,0.0,0.0003992554472547877,0.0006418037477228938,0.0,0.0,0.024573513494747526,0.4564470471026056,1.3102767592188092,0.0,0.03678135903293826,0.00034744066236654146,0.19127252310023138,0.0033523604179854618,0.0,0.04479095100769999,0.001751225947038529,0.09379565919549358,0.7426731265246839,0.3525138927656568,0.16560430287135963,0.0013412249660081019,0.0,0.012521627757108016,0.0019278942701492841,0.030717481054811313,0.006257166184179909,0.0005447178347439177,0.0,0.0,0.0009936335616327688,0.0,0.029124276273644816,0.0,0.0,0.0,0.0,0.0,0.0,0.0,0.0,0.11709863012767789,0.0,0.8428089670748996,0.0,0.0,0.0,0.0007542893200887886,0.004717803405681252,0.0016889013944828748,0.0,0.0,0.0,0.0,0.0,0.07031311979552052,0.5724291607069198,0.5978234776079879,0.0,0.0006412801973057371,0.0,0.20459804069603954,0.0,0.0,0.0,0.0,0.0202225330133356,0.011309812974498509
0.0007883261784278683,0.0,0.0,0.0,2.3752011335691003,0.5773825913247768,0.0026364723872651964,0.46237970681837565,0.0018278495931121697,0.00887331540405688,0.19404405246021442,0.003791606501667276,0.012330363027412602,0.14054482756899295,0.023239980587352233,0.0,0.0,0.0229039474417956,0.0010585753463182746,0.0,0.0,0.0,0.0009259825578297463,0.0012641681740303765,0.0006795516672403217,0.01236046684860089,0.0019365620939022742,0.00043037910550074236,0.7560748358414269,0.00041845883301112045,0.0033523604179854618,0.4639003516804153,0.0,0.22368541812200046,0.0006116130034656647,0.13353824783850968,0.022571343168286438,0.3625581303279824,0.15787389529253812,0.05475389211383704,1.0683509475934232,0.019724799120669687,0.005702032852041015,0.0004600330743745379,0.005326964421275185,0.002115967612020754,0.0,0.0,0.0005156481494016491,0.0,0.0,0.0,0.0,0.0,0.0,0.0,0.0,0.0014763477244558233,0.0,0.0,0.0,0.002017724107570392,0.0,0.0,0.0,0.0,0.0,0.0,0.0,0.0,0.0,0.0,0.0,0.0,0.0,0.0,0.0,0.0,0.0,0.0,0.0006154832841952897,0.0,0.0,0.0,0.005305640010905798,1.0941720068699095
0.040018124666379,0.0006195981024637775,0.015713939294092722,0.0,0.0,0.0,0.06320023672357401,0.0008872405051634543,0.03405670569026549,0.000817783784810903,0.0016762028722896425,0.0,0.00026647436689595166,0.011035545598413805,0.00044097182874722294,0.007788951972575739,0.07105415327977296,0.010077744178640663,0.0662226640625639,0.0,0.16061576051059664,0.00039263735763424664,0.08429854634395398,0.03062444407264062,0.0,0.06486076411115459,0.06269076108415982,0.15009262301266674,2.1268577430337157,1.3987476440135345,0.0,0.0,0.5801033980899292,0.6768586824697186,0.00023494622814290275,0.044122020921260593,0.01352065545468739,0.1866387811294788,0.032788355747987795,0.00023081825272847927,0.0016891738966085452,0.002948971660116179,0.006402515888174307,0.0017599657620823075,0.0006891260228698179,0.0009661547266998723,0.0012293840033660674,0.0,0.0,0.0007327955171171374,0.00046571987769451696,0.0,0.0,0.0,0.0,0.004580771809857172,0.0,0.008289764739121705,0.0,0.0,0.0,0.0,0.0,0.0,0.0,0.0,0.0,0.0,0.0,0.0016375772558435506,0.0044285316497572605,0.001155581864286022,0.017426126033645732,0.0,0.0,0.0,0.014354991076032763,0.002080281905578312,0.011755489873235657,0.0,0.0,0.0004292417131872548,0.0,0.000476851863070225,0.02386451135356323,0.005905357993655054
0.14443658846970395,0.03182002085733849,0.20930265879903803,0.018322018481299242,0.035467633801831155,0.028938823554920175,0.49006520224068506,0.13819089607410961,0.09208799546222797,0.3993717589229336,6.83273974996685,0.04602775482753095,0.39427818109935536,0.4070562595805826,0.004799424856938554,0.018301257612740783,1.8777509859004877,1.0835304669723058,2.3434064723758383,0.03740204759604032,3.256216521332574,0.003580668142585514,2.2837668740860733,0.10853270206095994,0.023135323878528145,1.201061716548684,1.35230346523447,0.4947859161449475,3.0651643004327176,3.019213875667923,0.04479095100769999,0.22368541812200046,0.6768586824697186,4.621092952693773,0.012417890963374173,0.3488592818359096,0.3001958865958297,2.1781656936022027,0.3865265837222346,0.029052684682026476,0.38786992313428426,0.23663648944823415,0.022211210596209795,0.021898353966684554,0.025147860973469986,0.0070162326220663635,0.004151540201900582,0.0,0.0033171149785827946,0.0025433225407455384,0.019154522376994762,0.01731677996654377,0.0016063801368661058,0.0,0.0,0.01788567071114593,0.0,0.034456544663724685,0.0,0.009599882979362045,0.0004357983575798607,0.038379968303956624,0.002015586139175752,0.0,0.004967280198162152,0.0032711394571385915,0.00022525822823053396,0.0015283402551515273,0.0011103253966920983,0.0033231547528617188,0.004417371405906588,0.01975637937935393,0.06126577880093045,0.015491810669356471,0.046636233118370014,0.1536900331148062,0.04275404988518187,0.005823080086721189,0.03377148063838197,0.004171494166661856,0.0,0.0007269754920428383,0.0013266825331105963,0.0045310798920345854,0.09213432568404963,0.26955286187509686
0.008392760663462638,0.0028719032934671107,0.03625514785429562,0.0010846352101898573,0.0,1.2123393306977819,0.04913555539376725,0.0029345221523877107,0.013374946981094976,0.014419928407182639,0.04039484665876198,0.6651997481317989,0.003943192975421212,0.010035314474116683,0.0,0.01727847204317651,0.013216747899864618,0.01551520223238229,0.011444913917403553,0.0006931903375918683,0.11450235711654275,0.00034268374372677357,0.18879896641625096,0.014235529876517855,0.00031126529307010396,0.0676119884569937,0.11635837117431388,0.06681457275924312,0.020562260321502553,0.08143526914212396,0.001751225947038529,0.0006116130034656647,0.00023494622814290275,0.012417890963374173,172.08349560193227,1.6309112843057174,0.583015082409761,0.10218427593445852,0.7330477887180044,0.04143763051367943,0.028234294922478673,0.007128112434459747,0.7898593581729209,0.3507661699200277,0.05686120493491324,0.3872483344257178,0.039008608033280066,0.007103616518929397,0.03543822309321314,0.002086344264030418,0.004482235615426646,0.023232268103513726,0.0,0.0,1.6923195340745854,0.0037329262524687414,0.0014735618683542288,0.00596003446908828,0.0,0.0022630315429261745,0.14628812447476955,0.004637977452708936,0.0034044595283453023,0.022687119858286104,0.0035049537412019773,0.015459719384411187,0.005256294248097964,0.00940876327216008,0.0,0.022921941873476476,0.0,0.08404446718408454,0.0017200160778371863,0.0,0.0350212560363982,0.052314632164434625,0.0008436408093492723,0.01086907379212387,0.02135752699614343,0.0,0.0037394838463461057,0.001729230895238154,0.010274838823876633,79.06742369493182,29.468085517004166,0.24743086694661343
0.42609959469258524,0.15533885138852518,1.9093186695068718,0.25460682982972394,0.008311695259868685,0.11360558187413168,4.1130289386746925,0.5183084648319407,0.6474923746978996,2.2610672355199193,1.1164840464853847,0.19130301956727752,0.21795090411979062,1.038495824167993,0.01766359584533248,1.2034073003544237,1.010280632415414,0.6322869108401529,0.7225886525175007,0.22944482506001093,4.101805419283337,0.028218757881689902,8.464920561609866,1.0177449522258872,0.0485593429461251,4.109214808947719,7.504422484606046,3.909041911665066,1.3411252098387916,3.763643982051191,0.09379565919549358,0.13353824783850968,0.044122020921260593,0.3488592818359096,1.6309112843057174,2.7742114157999422,12.23510668473048,2.4256383212735075,2.9170489893651768,1.1311530239647734,0.5010798813629692,0.4392284291430711,0.5946876957372254,0.2668044124210709,0.20853452023774574,0.11730203552336077,0.1857073720175804,0.005176306283637038,0.06697927356169389,0.06992587923012922,0.1209353740383327,0.1914303272975326,0.003366795446071363,0.0,0.0191282881809395,0.5198264303497251,0.05577690455374143,0.5428885418209356,0.04420050666519311,0.0035001031174592646,0.006709704952749313,0.15669295264514063,0.06861526915678402,0.0018432508123668982,0.09113889850049475,0.034817086678496645,0.0023103728303750493,0.0038549153082089306,0.005544419252501554,0.10272141382891474,0.059983524637760285,0.20720988842216242,0.9193362428305736,0.01266717115599316,0.1142920948810362,0.8045056838283375,0.7093844044036275,0.14168974106774687,0.5810034212484191,0.00046982364124759747,0.006336439864821102,0.01992336781838634,0.03066666158992789,0.5043606155783543,0.9287670124692281,1.3686380921308765
0.05591989114841969,0.39929571733362335,1.2562513647002058,0.0031550168155851667,0.0014997348452493574,0.02199700603216578,0.21516944050424072,0.062365661865979825,0.08251629757621153,0.10799436456033153,1.7301636525279822,0.020316139991552868,1.9705023286483263,0.13174164062314841,0.003814170362658301,0.7145807248086674,1.058450314254308,0.7960304370607989,0.7648813423555367,0.015796195860226292,1.3082651446161322,0.05644506642788731,4.331558772859636,0.13145800688511364,0.5233627755829982,5.119555385907801,5.2485981575998295,0.46348933928335256,0.274840065356133,0.7772920903789828,0.7426731265246839,0.022571343168286438,0.01352065545468739,0.3001958865958297,0.583015082409761,12.23510668473048,3.730859278428504,4.558021611340698,6.528162850901453,0.3685938208842653,0.14400210359995028,0.913782228390295,0.3984448073480883,0.20276018229020046,0.10987455023937456,0.19359552657594262,0.2039907457118839,0.012300872991603705,0.03380914136354908,0.005921402194945476,0.14192755828912468,0.19581713377175994,0.005995691261459159,0.0013394100711059112,0.017640222944203535,0.10270774754438132,0.10463113022466713,0.024116959400348227,0.050396858576662776,0.09893996562730686,0.019279093285254192,0.5129158599182341,0.03815555295821351,0.004516403672213253,0.13611866009107074,0.05521564818655304,0.004293515911805873,0.014361807076708493,0.007324976343596026,0.09075827982266339,0.021341346860285066,0.2552609301963058,0.0771351652416253,0.15288484946748215,0.4987634946204695,1.4865899623701135,0.14217829377059701,0.017648904456361806,0.07777435737500292,0.08300407779408707,0.0012531325839644251,0.003332180713222878,0.02610492524266546,0.436075039981732,4.028325761149426,0.2361151814201876
0.2604310431830211,0.12874267179716323,1.3440477249425637,0.05934184459433739,0.060317476648367147,0.11468026396339694,1.6489834193550814,0.40471431302488203,0.2484854149402951,1.5958810230506792,4.7113128281562355,0.21387093642938587,1.3953530257364612,0.9655162983026466,0.013615982130656441,0.26977297473238754,1.3024552676688421,2.8144870804981377,2.277860900261123,0.1610123714732482,2.7244963925143977,0.011509068793988726,5.0105089014575945,0.3201041462014364,0.06970428953972403,5.656272027389604,6.48855107069378,1.1434015513190816,2.4564240886278514,2.2847162645855406,0.3525138927656568,0.3625581303279824,0.1866387811294788,2.1781656936022027,0.10218427593445852,2.4256383212735075,4.558021611340698,3.0935001736648857,3.365484096451122,0.1191609131254332,0.1628014979581758,2.211264203859125,0.10305201974219903,0.10717340379951901,0.14905971907792,0.062065962732797755,0.01556400719579986,0.0,0.014202659008068889,0.001588604244927133,0.13829960855229284,0.2086573812030786,0.0,0.0002582624992880325,0.00030733062823114205,0.028692211572719856,0.002316481363175228,0.1332230437774702,0.0,0.023518600345052695,0.0,0.1262514221090026,0.0017133278393784165,0.0,0.06646367653752511,0.06008911715424101,0.00024182411487877844,0.0115229428122231,0.0014191344179056856,0.019036171373837018,0.010849430964475245,0.1849453749836834,0.12970330746285041,0.053486623182563614,0.4058402422880052,1.3172607210807057,0.03643257689555212,0.01043766501561616,0.025553974323067153,0.0161655188682917,0.004332175302781239,0.0014221131889640885,0.019016784466240968,0.06450524587675657,0.6834562706910239,0.453933057299694
0.11293466312577599,0.07653859672242636,0.8696033997733303,0.04455038784249058,0.028612016982290087,0.06226746514626054,1.1800303568393415,0.18945809541236092,0.16799961956971235,0.8202523357208125,1.310983970021358,0.10210434315314751,0.44053528716914486,0.4039467836258856,0.006530385057809933,0.31246199848698814,0.3778133866698137,1.032555215637106,0.6200360854049319,0.07045783665662,1.4480146162137015,0.003861068839804631,3.6061899394918053,0.21595573922751782,0.0685323394511704,2.6997148607218198,3.5793210421400024,0.8472332495542978,0.6792119479236538,0.9348905861026827,0.16560430287135963,0.15787389529253812,0.032788355747987795,0.3865265837222346,0.7330477887180044,2.9170489893651768,6.528162850901453,3.365484096451122,2.7025220433136083,0.42881632422323945,0.7354496294391675,0.9074196316672125,0.19714545731972472,0.28076085775579573,0.5509505205208164,0.4920175620993693,0.05329834027584173,0.00518149349972662,0.05197410515272973,0.0014762115638201083,0.05038542047287955,0.11944244201400606,0.0,0.0,0.008190158565795549,0.02088965459128798,0.014413039556158476,0.10557998883181588,0.0011321182195423156,0.014316161602948371,0.005217030815265411,0.04752235015699649,0.011114062856197437,0.0017785409845472052,0.051800405766728175,0.035436079834831984,0.001696773459581173,0.01172053646821656,0.0,0.026119693890306682,0.00854465029413586,0.18569741683943897,0.09607132745367647,0.024462604462699253,0.17905047138238833,0.755711615782285,0.023515872226667116,0.0365529034260871,0.02513088663882475,0.004211451424178245,0.012789436443977729,0.0005968637524416688,0.02151130211138927,1.09459918380415,2.77570403878959,0.6735812187206746
0.024263592796432643,0.08833548869769955,0.028646903414723562,2.020457887982247,0.034793358918742606,0.5083298715938999,0.658180448606143,0.3882125515309605,0.5103626201448257,2.3037820672197404,0.13225200008592874,1.341397839828409,0.010416453650449978,0.17273092880830626,0.5457490735423752,0.013258526642159608,0.008146755447236528,0.029768633084152615,0.012291735093771553,0.7581127206640655,0.10102740035197563,0.01197903790986539,0.13903856674544812,1.3845274426415621,0.021552390781725887,0.05083669968209678,0.18605593743507015,1.5039482109930573,0.16282878829777747,0.08486547419836916,0.0013412249660081019,0.05475389211383704,0.00023081825272847927,0.029052684682026476,0.04143763051367943,1.1311530239647734,0.3685938208842653,0.1191609131254332,0.42881632422323945,0.6974213705567133,0.08715035896946145,0.039506483274837634,0.13804023932678827,0.06858187060087725,0.035621163599604225,0.03325897246898664,0.28534733345969865,0.0015969404272180672,0.0439030101444932,0.018929433021410542,0.0014820523193116299,0.012348960619286264,0.2442503430707472,0.0017370089387385868,0.08702373454043393,0.4585168109212226,0.2605716780622002,0.23116766640887035,1.9228720137776099,0.0007430023765398229,0.3174075345912141,0.06069540277958122,0.12245651490442716,0.013257594383767484,0.003583704730483674,0.006771381459350558,0.0017783683591754075,0.0023101862679234058,0.1939356233919281,0.004967421106221666,0.007095719043810411,0.014828230658249711,0.6239847561726862,0.0030962285737987497,0.018080395702402805,0.03152708933501988,0.6196895808441094,0.016209249615609326,0.01947024101355992,0.0,0.0002631863689978254,0.0007441858640776518,0.01051303611043921,0.07312574360187238,0.025259960523764637,0.5084088955713534
0.028741822411326175,0.0010641471602519691,0.001902110864589867,0.020008428529506475,1.7135593823366913,0.0970621231297037,0.35066961381954403,0.07168303136368087,0.03919579804913471,0.31978927273064345,0.0918765968291061,0.035939508239729856,0.03626328270060421,0.11353755796018955,0.00799967112501559,0.0023686364818324263,0.0018060939923251601,0.011685580610361823,0.007327625202611053,0.02708208294915117,0.02230092088897846,0.0,0.02869453986759501,0.03578295627718423,0.009989037966004049,0.030268773886771006,0.02749564300597829,0.13951479023046237,0.38920463488352336,0.07530988103199311,0.0,1.0683509475934232,0.0016891738966085452,0.38786992313428426,0.028234294922478673,0.5010798813629692,0.14400210359995028,0.1628014979581758,0.7354496294391675,0.08715035896946145,0.20284609931223524,0.05514028872291831,0.018076214374987673,0.006873719424664051,0.023391856800901577,0.009075239660033544,0.0020465543984162404,0.0,0.004485768738639921,0.0,0.0,0.0,0.0,0.0,0.0019131856095987135,0.0,0.00033994115700202923,0.025942035028525073,0.0,0.0008543142614069988,0.0,0.004175345118594591,0.0006775343286235658,0.0,0.0002597835738710483,0.00025738461020173787,0.0,0.000497640967496876,0.0,0.0,0.0,0.0,0.003952547853127426,0.0011794275410043197,0.0003527912802616917,0.0014247961276999026,0.0005453776701340805,0.002043916435869166,0.000736692745128481,0.0006199550861261666,0.00029532577247428835,0.0,0.0015598788043267489,0.03637513286420571,0.06759769213280632,0.21933543596729535
0.004643556082586778,0.11263178749133498,0.001838421552031253,0.0,0.0020903954103031375,0.007810666722911348,0.029890177905363184,0.020429812917216,0.014489936054762884,0.04159268131821523,1.3460599637071362,0.009843177891345228,1.888990601861716,0.036856258912039766,0.0025680375385805235,0.0007873243363670363,0.0003870223760542088,0.002385304585036272,0.0014630759621430747,0.003226747551934171,0.012394723399627633,0.025732708046808873,0.015216022636914198,0.008897786632983509,0.7038123994426377,0.007508853358453858,0.026094485273431185,0.006766858034837627,0.08373570931071048,0.014270089867048648,0.012521627757108016,0.019724799120669687,0.002948971660116179,0.23663648944823415,0.007128112434459747,0.4392284291430711,0.913782228390295,2.211264203859125,0.9074196316672125,0.039506483274837634,0.05514028872291831,0.6624105188838711,0.01382868811386347,0.05201005174141316,0.014504446747741309,0.005212471977231645,0.006982910725750365,0.0,0.006977221379167651,0.0006125498962476595,0.018216291137982867,0.0005930053628782997,0.0,0.0,0.0005292004392469567,0.003856755228816549,0.0069381774129549465,0.001391221532797503,0.0006541177738025192,0.04759570632082473,0.0006814789178389298,0.14983387116701938,0.0008043491406485248,0.0,0.0011170106510559096,0.0,0.0,0.0,0.0006147619470602385,0.00026015599796415476,0.001753610340638152,0.0025412964306981544,0.00046271794599003936,0.07728354169956832,0.011295482016724184,0.016896495296948952,0.0030276848056482192,0.000312066319104525,0.000289887666340682,0.008052059059596205,0.0,0.0,0.0014934280509889012,0.002096415527986888,0.032087185567474134,0.04213431370050612
0.0562517256723744,0.12786263076018073,0.1520552470050508,0.007053543948145733,0.001698567556245799,0.005343668570989668,0.45174193977758387,0.015875785210639527,0.5288902142048667,0.045216452949098145,0.031275867819081773,0.006197358794842593,0.007348955942878816,0.026916625181279887,0.0029122396214699376,0.15836821490583305,0.02519644096551675,0.002866905567407181,0.0008835281553986452,0.00930865063914242,0.23614076666601716,0.102941103012542,0.16805027353035998,1.2380673522347694,0.011531049750461807,0.12779856648026638,0.646896360033508,0.928767897660304,0.1318463940550806,0.5689016796372853,0.0019278942701492841,0.005702032852041015,0.006402515888174307,0.022211210596209795,0.7898593581729209,0.5946876957372254,0.3984448073480883,0.10305201974219903,0.19714545731972472,0.13804023932678827,0.018076214374987673,0.01382868811386347,2.965135515973221,15.610018654190945,3.3086348756980675,2.6054379797274785,4.339879659346721,0.6191893927028915,1.0739664739403385,0.5232985965736757,0.16328044553756887,2.1577779563334243,0.1272805986378693,0.13183591290759675,0.3537598441251119,3.4096141037373613,1.1217531529338705,0.6016953467917064,2.799278730591039,0.22276588177444354,0.5057176460067514,0.6643826720296293,1.541399134063062,0.07434377357607008,1.207888125193746,1.7133696899650597,0.450612586627212,0.7204507685252728,0.08585986087096599,5.489054499172743,0.2262354675022818,10.266221599115909,0.8251951178671029,0.013813951861737948,3.017980247885913,9.127654351060794,2.47559111680424,1.7575922968940048,4.3905988599282555,0.043140362826570605,0.6320497297396516,0.09902557016712574,0.8966629228628904,2.2925990186441485,1.5491873157096072,0.032772824460624524
0.004206100648035652,0.29121176370937996,0.2516050223268957,0.0015023855580203335,0.0,0.0011792208698219026,0.03343519951905594,0.00413343556216738,0.03653611129078499,0.0050093621312866125,0.07811581874753037,0.0014417506022889293,0.5160595386989483,0.0034891803352253272,0.00033224348060436335,0.07371141863722407,0.09828595719119534,0.005065375775147849,0.023457507658543982,0.004084064163271058,0.06519422400607175,0.030371691874238004,0.10483862435039441,0.11036951101485949,0.2846397623502927,0.4770525948298635,1.6967875548632667,0.10810981908111021,0.017523096154697725,0.07863904511910434,0.030717481054811313,0.0004600330743745379,0.0017599657620823075,0.021898353966684554,0.3507661699200277,0.2668044124210709,0.20276018229020046,0.10717340379951901,0.28076085775579573,0.06858187060087725,0.006873719424664051,0.05201005174141316,15.610018654190945,4.706350662097765,4.939576496573075,5.435160418328404,0.34850234755802806,0.07111781747619887,1.55618444241505,0.05965145435900076,0.4711901288380794,2.3014755028292484,0.003562229103363113,0.0015601106368552703,0.016770825970464705,0.2847929658418038,0.11242399843755618,0.07630169366271324,0.10187181514965027,2.5357329333692773,0.02916610645766758,1.7624350972214111,0.12272869119857872,0.0024168984077885037,0.9237663868637004,2.422241951818744,0.9426429845284434,1.1180420364932462,0.003835757249046459,1.9987830864039986,0.09384034296553052,6.063754059876418,0.11920433205743457,0.6864835974278815,6.760646158194772,7.249067381109083,0.3963432617087346,0.2565399375172209,0.800043717429218,0.47222239591722714,0.053880827382206786,0.0263001250102117,0.8576003419449899,0.6973572345454846,4.6640889910677155,0.02744247124912275
0.008531570791183305,0.09610388498085178,0.0576563256601826,0.0,0.0005408760272536502,0.0010276796209312917,0.094211669691628,0.005124214610907805,0.22748450921986085,0.0,0.03593381849752849,0.0011750084580843174,0.055150453431999744,0.004164064719708446,0.001768451578649816,0.030228269420842228,0.019778621093730468,0.000612603338675492,0.0077162171334878744,0.0,0.014454716590550393,0.012666776509435328,0.032686361145751776,0.3823012515090917,0.03742236334840474,0.19348675039185345,0.599184708636083,0.15488430821241717,0.05235662910736995,0.06882515302261456,0.006257166184179909,0.005326964421275185,0.0006891260228698179,0.025147860973469986,0.05686120493491324,0.20853452023774574,0.10987455023937456,0.14905971907792,0.5509505205208164,0.035621163599604225,0.023391856800901577,0.014504446747741309,3.3086348756980675,4.939576496573075,4.249836925299466,3.785590049695505,0.5464498311943662,0.10778427119747111,1.4785778364239925,0.5329199177772379,0.1438585127147403,0.5991924146769897,0.05336662356867346,0.02942205143421113,0.17103041929575144,2.2708049314080276,0.7719335061484648,0.336909810915332,1.845503042740765,4.793240770595513,0.49856949166715775,1.5691372094984548,1.8387787925518784,0.020183615667697472,0.2560528030507117,1.3793828095982974,2.1973115506195846,1.6689650763818922,0.038007603033691315,2.551581146299859,0.035248198130634276,4.16867133725073,0.44437873165025765,0.06365915042323861,4.493480817082385,3.7320688812394263,1.1165642558154347,4.143332407774447,2.7772284878866493,0.13381632692115722,0.8184022473974196,0.4981737943801236,3.490349878731729,0.16354834806518223,0.9223186246438746,0.037211303896106114
0.002702692811425395,0.02355215179061242,0.045459270982361445,0.0,0.0008023252008520177,0.0031668044427933563,0.020184721003596993,0.0002505659306225848,0.06692267026519096,0.0,0.010567357399449044,0.0006772062364259642,0.00979262169371785,0.004029363193391748,0.0010453467290450836,0.02092752068774764,0.01316781577330978,0.0012815813853984035,0.0004588659089318391,0.0,0.022574872041425047,0.008774814306652202,0.05116548539918876,0.1191353529505222,0.006211175810081254,0.0655877237332379,0.20168932111976054,0.05407691521189019,0.01476801439138661,0.024662745394141972,0.0005447178347439177,0.002115967612020754,0.0009661547266998723,0.0070162326220663635,0.3872483344257178,0.11730203552336077,0.19359552657594262,0.062065962732797755,0.4920175620993693,0.03325897246898664,0.009075239660033544,0.005212471977231645,2.6054379797274785,5.435160418328404,3.785590049695505,1.587957938869631,0.4478946298762018,0.2998433352074135,1.4587682269509903,0.10707955844411046,0.029686205554245584,0.30681113712130453,0.01681497856029644,0.0142008899371097,0.055339435735976446,0.6168520704996744,0.2087831085385604,0.0867117953844667,0.4567879521222781,0.6441110888371335,0.08846275010666252,0.5581297290932371,0.2891452802927844,0.004901536053642218,0.20412646400073625,0.3275860175654638,0.504672895949756,0.2818768465464869,0.007930830382900076,1.3170676932934517,0.01770611362587121,2.3941724648887606,0.13020893444492035,0.026258990606359247,1.2313515704213167,1.5814292483821384,0.40427264580028044,0.5904884618081775,0.8770563167126855,0.038135491125201704,0.4520224627548789,0.04728695241494088,0.6258640973980721,0.6661958878358435,2.9829150363003754,0.0241412084272346
0.03046490941676025,0.0014275864147303677,0.00744611389236216,0.28531663267257495,0.0,0.03456793498281496,0.5065000286253591,0.048750250782585235,0.2659011889111704,0.9312698388859475,0.02303357719354458,0.057976993666905535,0.0019614056451915194,0.03997182781216432,0.012335900219062801,0.00507011968358576,0.000895002102231466,0.0002314958909578638,0.000983923700964177,0.17173924927500311,0.011137101222196485,0.004358388598868421,0.03360004971841232,0.8378731671908476,0.0009672242760666918,0.008306638383168995,0.019835606049196236,0.7700005013218156,0.029751831273148704,0.04711646428812272,0.0,0.0,0.0012293840033660674,0.004151540201900582,0.039008608033280066,0.1857073720175804,0.2039907457118839,0.01556400719579986,0.05329834027584173,0.28534733345969865,0.0020465543984162404,0.006982910725750365,4.339879659346721,0.34850234755802806,0.5464498311943662,0.4478946298762018,3.5532196124254725,0.37539067395646597,0.24855268455641685,0.07651126268391915,0.016029663322374876,0.023060649558573742,0.920642099444119,3.554612454773966,4.307634279095035,1.2049402254227988,2.4859738769707325,0.6520987406719619,2.249371789333391,0.08903188829377477,2.2363745297106967,0.15754312429324333,0.6235282831009872,3.431315544026085,0.027277437821814774,0.03046052948878317,0.013460916789961154,0.011226929115434544,0.45839329258463557,0.26868875756677263,0.01405385906861996,0.26993334052653306,0.8543926800653115,0.008295869553106582,0.02633652173379414,0.09737488113715106,1.3187972429668964,0.8934206970364936,0.2955140655314542,0.0008120484899479087,2.920489782498973,0.008216139045959293,0.25108992303620137,0.10004775829601249,0.13381468528461693,0.03345876246408064
0.0,0.0,0.00039356721970767506,0.0,0.0,0.0,0.0,0.0,0.009225510814812314,0.0,0.00032770442350309696,0.0,0.0,0.0,0.0,0.0,0.0,0.0,0.0,0.0,0.0,0.0008696548153676992,0.001067757485618803,0.006577979156879159,0.0,0.0011778873976024075,0.0011018004251816948,0.0005048281149826453,0.00047259921126431,0.0,0.0,0.0,0.0,0.0,0.007103616518929397,0.005176306283637038,0.012300872991603705,0.0,0.00518149349972662,0.0015969404272180672,0.0,0.0,0.6191893927028915,0.07111781747619887,0.10778427119747111,0.2998433352074135,0.37539067395646597,0.009063179530699683,0.03865550475684789,0.010143405051086615,0.0004898525700912226,0.008485408809017986,0.0057633707429885755,0.12215683819717095,0.028644150406273237,0.12278181274577592,0.057545711827467275,0.02035665849629204,0.12829328522756464,0.012109279299349641,0.028005835348137612,0.02052989594665531,0.05015066922821394,0.05779234139774243,0.008742655495255148,0.008468949015988093,0.004533157500326707,0.0035655959311029703,0.004229888089688754,0.023402098373034877,0.0007475964811502967,0.04811814889273061,0.02481979716998582,0.0,0.009622189100454709,0.03995403892132717,0.03883944230135942,0.08271358866306203,0.033681028617162725,0.0002987074076550202,0.3274808278565886,0.0029378931171682994,0.1054207622272224,0.037961571763927705,0.06216934010133704,0.0
0.0,0.016913411622596797,0.00034126942966213205,0.0,0.0,0.0007412837073965414,0.0035403143395417763,0.0008818910741242516,0.014573080016133725,0.001513479970927746,0.006998359554883727,0.0005396673331561607,0.06802607864281088,0.0008570179644702061,0.0,0.0008141843333052323,0.0,0.0,0.0,0.0,0.0005925604614486321,0.0011729660259417992,0.0030181560252871254,0.006246472193862589,0.049428530095035735,0.001296502436646726,0.006699319047629326,0.0,0.0027949102073953212,0.0007585342403759576,0.0009936335616327688,0.0005156481494016491,0.0,0.0033171149785827946,0.03543822309321314,0.06697927356169389,0.03380914136354908,0.014202659008068889,0.05197410515272973,0.0439030101444932,0.004485768738639921,0.006977221379167651,1.0739664739403385,1.55618444241505,1.4785778364239925,1.4587682269509903,0.24855268455641685,0.03865550475684789,0.5615945305143207,0.03294722654447115,0.11376854447518159,0.027033651212367425,0.0032000587900508064,0.00047201310788699374,0.025086591038502998,0.2029785685998848,0.09104971661860084,0.04659454941497824,0.17389548177760167,0.7311023765331878,0.02409281088320554,0.6610707418482106,0.11891151779648387,0.0024516480239896396,0.012826429398774911,0.024764454868365725,0.026131320184229652,0.02103897058700651,0.0034660034348786687,0.08070594078163636,0.02024074974878724,0.10829142612658513,0.033565406919246525,0.33174311735103035,0.10146314103965974,0.22727436650639998,0.06714581277009847,0.2161190771915423,0.13252072652894117,0.00251512876639632,0.10369861535864322,0.006310207680769264,0.32467901662441795,0.09904541923642804,0.1217363146191255,0.005024118729514065
0.005984065476188735,0.0,0.0,0.0,0.0,0.0006146485966655066,0.0979406789238495,0.0,0.10808192020090188,0.0009682648435415998,0.0,0.0,0.0,0.0010831212115289671,0.0,0.001222266010020209,0.0,0.0,0.0,0.0,0.0011872446038069713,0.00261847436110631,0.0,0.20760374102986018,0.0,0.0,0.0,0.14092801167551808,0.011203249903740489,0.03393097552893637,0.0,0.0,0.0007327955171171374,0.0025433225407455384,0.002086344264030418,0.06992587923012922,0.005921402194945476,0.001588604244927133,0.0014762115638201083,0.018929433021410542,0.0,0.0006125498962476595,0.5232985965736757,0.05965145435900076,0.5329199177772379,0.10707955844411046,0.07651126268391915,0.010143405051086615,0.03294722654447115,4.678424661417503,0.00139640992443964,0.5024864826385803,0.0003448787038136996,0.0,0.00395611277277669,5.063924143890663,0.1704493137010135,0.15739545703259442,0.01440850463609792,0.013063176935145252,0.001728267778591398,0.013003049998973164,3.7501846065349684,0.0008831931342229901,0.0011500192400083818,0.3467686311950607,0.001625022162365793,0.014310778160008693,0.00015636601047704427,0.2823965806226926,0.007127934496494671,1.5640675372708657,0.12757705887507917,0.0,0.060094839020676624,0.08155605557368731,0.18466670633882126,5.986457408279106,4.573016110841555,0.0,0.0025610769223333744,0.060386065799628574,0.1983238304805117,0.0127273281478792,0.1262337922003454,0.006628031573718455
0.0002562492751052275,2.1218022183663985,0.18524997719964095,0.0,0.0,0.0,0.0009052307432866452,0.0,0.03812520504031856,0.0,0.05123676164883328,0.0,0.3460414734471577,0.0023917591598173462,0.0004070168069516097,0.03504216638098579,0.11584857906258707,0.005572808315519488,0.042664809768223115,0.0,0.008794839313219508,0.036212338785397084,0.023937987480269422,0.027360872235094584,0.15412963995748263,0.47976284877273473,3.304138884682179,0.009700467653248746,0.00553973687971871,0.008822070897799966,0.029124276273644816,0.0,0.00046571987769451696,0.019154522376994762,0.004482235615426646,0.1209353740383327,0.14192755828912468,0.13829960855229284,0.05038542047287955,0.0014820523193116299,0.0,0.018216291137982867,0.16328044553756887,0.4711901288380794,0.1438585127147403,0.029686205554245584,0.016029663322374876,0.0004898525700912226,0.11376854447518159,0.00139640992443964,1.5430272515457375,0.10078585246934099,0.0005047224508930993,0.0,0.0,0.005928400734066038,0.00020528482163849988,1.2487278408640545,0.0,0.03910141172478473,0.00020446516761738956,0.7118651316417157,0.0008909504020926368,0.005085415645672964,0.10076163361120247,0.29751900635270984,0.007200099271715557,0.08442475787144908,0.0,0.04171937924188437,1.1839054102671402,0.047928015892350566,1.3877893593915336,1.5817783020834675,0.38681443602105153,10.691343754602373,0.08183979835552563,0.014449370640955299,0.027075344998383266,0.03511389751295346,0.0013878885021936906,0.0027702778260377055,0.10892019747258155,0.004391938303706066,0.04340563311115224,0.0016593074013963208
0.0007051348558529997,0.326031711015903,1.6801655122840895,0.0,0.0,0.0,0.0,0.0,0.01573170586073493,0.0,0.0004560785494793799,0.0,0.000462826029005041,0.0,0.0,0.040991331012918915,0.47957256968734463,0.00018142795456412017,0.049650210879460734,0.0,0.0040840748675813705,0.01963100395231259,0.10337302565246191,0.022922228550053186,0.00568606251840412,1.0772219866642916,3.7431741064271304,0.0025736446756079133,0.0010219884092892242,0.0016256473980792224,0.0,0.0,0.0,0.01731677996654377,0.023232268103513726,0.1914303272975326,0.19581713377175994,0.2086573812030786,0.11944244201400606,0.012348960619286264,0.0,0.0005930053628782997,2.1577779563334243,2.3014755028292484,0.5991924146769897,0.30681113712130453,0.023060649558573742,0.008485408809017986,0.027033651212367425,0.5024864826385803,0.10078585246934099,18.084381857664592,0.0,0.0,0.0020459362160181595,2.31407543078514,0.26218796423006796,0.05997033094796234,0.004650010770401762,0.02663505012966205,0.0,0.006225108752887598,0.788536987238797,0.0,0.0665544075716228,3.973292976007162,0.02489781484053909,0.2343797447716921,0.0,0.46561675953531484,0.0300416066403099,11.706800342285955,0.13812778690804148,0.0017132905042813104,7.756514099130605,10.194210362938952,0.4384538045609668,0.2875032811959937,0.47317640530964133,0.0009026782569746078,0.001294410100037441,0.032697294767936695,0.4853266985978305,0.030725373646865815,0.5890007234202635,0.005415510860494432
0.0,0.0003151971546683502,0.0,0.12559689073285732,0.0,0.007818265641590726,0.10879863920033671,0.06334967582451298,0.4709065588737721,0.18634995207082355,0.0,0.16633934425903193,0.0,0.032558676074428736,0.0033867464154342863,0.0,0.0,0.0,0.0,0.1066575243827584,0.0,0.001135845229803928,0.0,0.8395825192549594,0.0,0.0,0.0,0.32266229708302535,0.0017575398737380607,0.0,0.0,0.0,0.0,0.0016063801368661058,0.0,0.003366795446071363,0.005995691261459159,0.0,0.0,0.2442503430707472,0.0,0.0,0.1272805986378693,0.003562229103363113,0.05336662356867346,0.01681497856029644,0.920642099444119,0.0057633707429885755,0.0032000587900508064,0.0003448787038136996,0.0005047224508930993,0.0,11.880379082741467,0.013402372102318648,0.16202620678125418,0.03803402671977599,0.2455323619877649,0.8706328162618661,3.7795689649615314,0.0,5.39888896758344,0.0015002818388973349,0.03642854335996099,0.20065416265606173,0.0008806366239041194,0.0,0.0,0.0,13.269660989050857,0.0,0.000513424433490611,0.0,1.1663874417596687,0.0,0.0,0.0,5.131433485924119,0.022541135672405253,0.0,0.0,0.0019066284339467794,0.0,0.015103085505421936,0.0,0.006386573722585213,0.002801272116985326
0.0,0.0,0.0,0.0,0.0,0.0,0.0009579636573295178,0.0,0.0008029736763352492,0.0,0.0,0.0,0.0,0.0,0.0,0.0,0.0,0.0,0.0,0.0,0.0,0.0,0.0,0.0003159899066213047,0.0,0.0,0.0,0.0,0.0,0.0,0.0,0.0,0.0,0.0,0.0,0.0,0.0013394100711059112,0.0002582624992880325,0.0,0.0017370089387385868,0.0,0.0,0.13183591290759675,0.0015601106368552703,0.02942205143421113,0.0142008899371097,3.554612454773966,0.12215683819717095,0.00047201310788699374,0.0,0.0,0.0,0.013402372102318648,2.5967810058272485,0.9287860956886468,0.004511008372017479,0.13056133194898492,0.1554043666167911,0.025831249463405592,0.0005752357104105973,0.08154299455177724,0.00047143973212679716,0.02214168346704104,2.1176087198452462,0.0,0.0,0.0,0.0,0.012540603334342676,0.0,0.0,0.0,0.049679996544131313,0.0,0.0,0.0,0.020710630573884746,0.007800477994126185,0.0,0.0,0.19853868779272035,0.0,0.008076318982950565,0.0,0.0005279906600240287,0.0
0.0005669026704620803,0.0,0.0,0.010313314342607165,0.0,0.03143204569593597,0.026642766015820964,0.012682729910594045,0.03998742886405064,0.05653711879436359,0.0009750528909339005,0.022526726868184084,0.0004121936239224077,0.010721725332285869,0.0014366181398204187,0.0,0.0,0.0,0.0,0.007605371716918452,0.0,0.0,0.0,0.1124335099915509,0.0,0.0,0.0,0.027178203111793562,0.0,0.0004696855590355878,0.0,0.0,0.0,0.0,1.6923195340745854,0.0191282881809395,0.017640222944203535,0.00030733062823114205,0.008190158565795549,0.08702373454043393,0.0019131856095987135,0.0005292004392469567,0.3537598441251119,0.016770825970464705,0.17103041929575144,0.055339435735976446,4.307634279095035,0.028644150406273237,0.025086591038502998,0.00395611277277669,0.0,0.0020459362160181595,0.16202620678125418,0.9287860956886468,29.90305693810524,0.7790964299156343,8.788774437332917,0.24185076232677116,7.874121804689901,0.020553416187472653,5.32873676728993,0.013497253797734317,0.803117292607872,1.7553800010013256,0.0,0.0,0.002318560214840265,0.0011670375900541922,0.0827185833598133,0.0005839617353185999,0.0008850052484912443,0.00367645152072338,0.0999474540818382,0.0003563811690994407,0.0022885798605807584,0.00044840570662950277,1.049364556168211,0.31217054388821097,0.0031251990379837615,0.0,0.7051708237937862,0.00044929089770572717,0.06612833517073878,4.892842715029614,0.280943825695514,0.005163320361450157
0.07378199600956976,0.00036755895581135685,0.0,0.01776988350899359,0.0,0.06384062217843911,1.6573730541677776,0.2594471385508758,0.8980596457103801,0.23956553942607095,0.007080452120132027,0.038978792629390524,0.0005770640789536472,0.253146991034134,0.0344682936785527,0.009307944742438085,0.0,0.0,0.0,0.02775809659881038,0.006529020648212086,0.022370861066623914,0.0038462069957130433,2.9023324413542877,0.0,0.0,0.000738962364106235,1.437138197704837,0.10521892412568443,0.2699590988272634,0.0,0.0,0.004580771809857172,0.01788567071114593,0.0037329262524687414,0.5198264303497251,0.10270774754438132,0.028692211572719856,0.02088965459128798,0.4585168109212226,0.0,0.003856755228816549,3.4096141037373613,0.2847929658418038,2.2708049314080276,0.6168520704996744,1.2049402254227988,0.12278181274577592,0.2029785685998848,5.063924143890663,0.005928400734066038,2.31407543078514,0.03803402671977599,0.004511008372017479,0.7790964299156343,41.294226085720496,8.805060934903443,0.9330468399531612,5.463836223075754,0.01579851729394369,0.1491948725589814,0.08639442551478298,9.858646873281254,0.055042717634531176,0.026129600780366018,0.05995593896318531,0.0,0.0003920069675749815,0.02749857521837333,0.9882769290907771,0.06622527456917666,2.828707143878322,1.4123217084945363,0.001891213379342711,0.12637291717269059,0.4681901045467526,19.81350786198766,3.1081139102340605,7.121930432405326,0.0,0.03946801165577652,0.09697335550574915,0.6239205423150125,0.08192136028313109,0.6245532736341396,0.07253722409103874
0.01167387179038858,0.0,0.0,0.019972897080427113,0.0,0.024929046287911885,0.3369757752837992,0.1141698203129681,0.3433194439490982,0.16549211371909248,0.003986645060265602,0.01984995210829957,0.001548597885484646,0.0860541153812218,0.016877417480551948,0.0,0.0,0.0,0.0,0.023893966134098787,0.0,0.0001687054126671777,0.0,1.2225209622087057,0.0,0.0,0.0,0.21909262027383383,0.006088305112529275,0.003421174167605701,0.0,0.0,0.0,0.0,0.0014735618683542288,0.05577690455374143,0.10463113022466713,0.002316481363175228,0.014413039556158476,0.2605716780622002,0.00033994115700202923,0.0069381774129549465,1.1217531529338705,0.11242399843755618,0.7719335061484648,0.2087831085385604,2.4859738769707325,0.057545711827467275,0.09104971661860084,0.1704493137010135,0.00020528482163849988,0.26218796423006796,0.2455323619877649,0.13056133194898492,8.788774437332917,8.805060934903443,29.427083224042768,0.48087401381914446,8.023829263479458,0.18743352646916706,2.013955796982462,0.0737127337188281,11.6945758070438,0.2650612718680097,0.00039972354324069727,0.01960102098697,0.023634320665046508,0.01275827042062612,0.1530701053489737,0.12021827250957423,0.00686764090236428,0.42447780440678823,0.8449858503849513,0.0005343074238744463,0.026618168561938417,0.01111405509076855,2.1682805479645775,1.7618686259561331,0.4404757556729523,0.0008272928294530889,0.8709040410592546,0.011350370894158517,0.2779285065611345,0.02609007724522659,0.10468680813523915,0.004137076225832939
0.09696921682602427,0.03565389822829372,0.00258330163641139,0.21855416160086483,0.0,0.04551203920819467,1.053894375449678,0.13547529629467617,2.4308052160720606,0.2851992472954165,0.005573461086290917,0.07403735007879515,0.0042586526626252445,0.2167062689157613,0.01578847120263674,0.03396939186311696,0.003924582667233817,0.0,0.0012714724924566888,0.07408406584794594,0.04138249101748265,0.04590629455567757,0.043028864266217895,1.9174511542886148,0.007932983328286417,0.0006156125949766786,0.041681207931288586,1.6789642678892274,0.26590131981572956,0.2199845660976616,0.0,0.0014763477244558233,0.008289764739121705,0.034456544663724685,0.00596003446908828,0.5428885418209356,0.024116959400348227,0.1332230437774702,0.10557998883181588,0.23116766640887035,0.025942035028525073,0.001391221532797503,0.6016953467917064,0.07630169366271324,0.336909810915332,0.0867117953844667,0.6520987406719619,0.02035665849629204,0.04659454941497824,0.15739545703259442,1.2487278408640545,0.05997033094796234,0.8706328162618661,0.1554043666167911,0.24185076232677116,0.9330468399531612,0.48087401381914446,3.2156495746157625,1.1523354069564593,0.013352282079100915,2.131765802963221,0.17459945930196127,0.5290631711842118,1.4671779558791742,0.026817973183618986,0.02456402583611916,0.0,0.0014189725533611528,0.4917002547826457,0.056190897824292964,1.879517330459425,0.14015222894807622,8.210708660674028,0.8464670037569613,0.0147788651145094,2.472863753451213,2.7253931388088297,0.506924952986135,0.5487987469229794,0.0014128178462128938,0.01642571799999201,0.04933620989473383,0.09217910773706278,0.023906530575480037,0.21622117687009143,0.16559051127744487
0.0022684630930935898,0.0002457768877484901,0.0,0.12271301861884062,0.0,0.051008159335283756,0.2887185831309293,0.1862607726417653,1.4314510568769379,0.3579877425242755,0.002482536820398561,0.17742770624702386,0.0,0.14349979091876727,0.00974744330994192,0.0,0.0,0.0,0.0,0.22864758126421483,0.0,0.001694234740798133,0.0,3.36555155758058,0.0,0.0,0.0,0.2575815382915225,0.0,0.0,0.0,0.0,0.0,0.0,0.0,0.04420050666519311,0.050396858576662776,0.0,0.0011321182195423156,1.9228720137776099,0.0,0.0006541177738025192,2.799278730591039,0.10187181514965027,1.845503042740765,0.4567879521222781,2.249371789333391,0.12829328522756464,0.17389548177760167,0.01440850463609792,0.0,0.004650010770401762,3.7795689649615314,0.025831249463405592,7.874121804689901,5.463836223075754,8.023829263479458,1.1523354069564593,75.56623399667772,0.028825839638696806,8.354756227186677,0.05621605085109661,2.9787288719159934,0.20223214268649778,0.0005311756388258626,0.00046724886465051614,0.0,0.0015861221109143395,3.7290189017291064,0.0011093044066886398,0.002278980140144143,0.0041964164573657,0.42137268662104005,0.0,0.0009485809167669876,0.0009560061362525413,9.158960097096696,1.0437844879226776,0.005506464424430519,0.0,0.05297434121660825,0.001547926351085849,0.4077859052724429,0.018290572891203227,0.19121016206033273,0.00418861133094286
0.0,0.08608462552536979,0.0013651362928154122,0.0,0.0,0.0,0.0,0.0004130329684488655,0.001692170289651932,0.0,0.15864453200474696,0.0,0.8599778108618469,0.0,0.0,0.0,0.0,0.007290253753800329,0.00024134792566564238,0.0,0.0,0.0021642030654374952,0.0,0.0,0.16428627665515114,0.16570218119718993,0.1589881161426095,0.0,0.0019419672054405248,0.0,0.11709863012767789,0.0,0.0,0.009599882979362045,0.0022630315429261745,0.0035001031174592646,0.09893996562730686,0.023518600345052695,0.014316161602948371,0.0007430023765398229,0.0008543142614069988,0.04759570632082473,0.22276588177444354,2.5357329333692773,4.793240770595513,0.6441110888371335,0.08903188829377477,0.012109279299349641,0.7311023765331878,0.013063176935145252,0.03910141172478473,0.02663505012966205,0.0,0.0005752357104105973,0.020553416187472653,0.01579851729394369,0.18743352646916706,0.013352282079100915,0.028825839638696806,20.108306694418115,0.02350434047429793,1.2262880079020813,0.3412884147568214,0.005592523281402983,0.0008707066184122474,0.8330457312110415,4.451979478707275,1.39865428749583,0.0,0.021009550372237527,0.0036744451011813395,0.06283986422574175,0.001429800477546365,0.04609539882323234,3.152623417705082,0.3862417237359378,0.0021464228669069397,2.1904178556971994,0.0074823703408749085,0.14280743133512544,0.6004043428778151,0.003731153541817961,8.307651951072685,0.005679004297384495,0.033755258261755273,0.0004894715102081678
0.0,0.0,0.0,0.09809230326395964,0.0,0.012428823308276033,0.01570614357209034,0.020485323989751884,0.24584547928476683,0.21001855607593126,0.00022641167135779486,0.09572914727597344,0.0,0.008946174343063313,0.002433403436985087,0.0,0.0,0.0,0.0,0.0632151769905856,0.0,0.0,0.0,0.4254329319192329,0.0,0.0,0.0,0.10618623478225707,0.0013047090707850857,0.0,0.0,0.0,0.0,0.0004357983575798607,0.14628812447476955,0.006709704952749313,0.019279093285254192,0.0,0.005217030815265411,0.3174075345912141,0.0,0.0006814789178389298,0.5057176460067514,0.02916610645766758,0.49856949166715775,0.08846275010666252,2.2363745297106967,0.028005835348137612,0.02409281088320554,0.001728267778591398,0.00020446516761738956,0.0,5.39888896758344,0.08154299455177724,5.32873676728993,0.1491948725589814,2.013955796982462,2.131765802963221,8.354756227186677,0.02350434047429793,37.56912493994246,0.015497740597291587,0.4954551497387108,1.940686879127034,0.0,0.0,0.0,0.00033057424118547186,3.8400054817694436,0.0002644344214992305,0.0,0.00027843954775397104,0.5582645046341508,0.0,0.0,0.0,2.281130006826182,0.43847026539390743,0.0002119072969743562,0.0,0.04964306540757396,0.0,0.14740267384656738,0.8920383812072905,0.03493009470485086,0.0017829453504534512
0.0,0.770127762832508,0.0003237859903321484,0.0,0.0,0.0,0.0030513794464695834,0.00019143719681975993,0.009260532334059435,0.004050084477478532,0.7069482374573401,0.0007354602234849083,6.613859846154488,0.0016125645154130633,0.0,0.0006102259870878281,0.00034504251254131006,0.05167680554838695,0.0025177840570402357,0.0,0.0010531428805762686,0.021995948136594026,0.0008469236529015675,0.001974882179717169,1.6249606795540832,1.105107813898389,1.4059284501731812,0.0,0.008631775467705622,0.00034481908973493764,0.8428089670748996,0.002017724107570392,0.0,0.038379968303956624,0.004637977452708936,0.15669295264514063,0.5129158599182341,0.1262514221090026,0.04752235015699649,0.06069540277958122,0.004175345118594591,0.14983387116701938,0.6643826720296293,1.7624350972214111,1.5691372094984548,0.5581297290932371,0.15754312429324333,0.02052989594665531,0.6610707418482106,0.013003049998973164,0.7118651316417157,0.006225108752887598,0.0015002818388973349,0.00047143973212679716,0.013497253797734317,0.08639442551478298,0.0737127337188281,0.17459945930196127,0.05621605085109661,1.2262880079020813,0.015497740597291587,8.773926886988312,0.07428410426894475,0.0044232072218166815,0.0063805126866297674,0.009525466026294149,0.03342575165966373,0.009311406156945291,0.0011117846417319133,0.021007076421879062,0.1248580790768496,0.02485103526375194,0.06775566859377116,2.3900131111507164,0.3576225953501779,3.3841077343872246,0.028139363616484368,0.21264915672511284,0.026192327914459253,1.1518435893824477,0.10816379589931016,0.0005609434554435511,0.6381618472065084,0.024827701811454057,0.028241505264520673,0.008634904777311775
0.006606890266963356,0.0,0.0,0.010962343081565495,0.0,0.011717859520277442,0.3145699160620353,0.05716684819308809,0.2874967852055915,0.13791208575255734,0.0025813479132734502,0.013048425954702575,0.0010372807203814843,0.030303598161862975,0.004043566852388152,0.0007036906217150799,0.0,0.0,0.0,0.029038525490566305,0.0011085222347087052,0.0015642358316357565,0.0,0.7032762887437464,0.0002526024171819719,0.0,0.0,0.2648566135141541,0.009582411442501727,0.026927615083043532,0.0,0.0,0.0,0.002015586139175752,0.0034044595283453023,0.06861526915678402,0.03815555295821351,0.0017133278393784165,0.011114062856197437,0.12245651490442716,0.0006775343286235658,0.0008043491406485248,1.541399134063062,0.12272869119857872,1.8387787925518784,0.2891452802927844,0.6235282831009872,0.05015066922821394,0.11891151779648387,3.7501846065349684,0.0008909504020926368,0.788536987238797,0.03642854335996099,0.02214168346704104,0.803117292607872,9.858646873281254,11.6945758070438,0.5290631711842118,2.9787288719159934,0.3412884147568214,0.4954551497387108,0.07428410426894475,22.36805272495991,0.031419735151300456,0.002276611435649816,0.30084536799034317,0.07262215937974359,0.05139002868800303,0.048038822922607353,0.3440981283923887,0.009902488869704693,2.0166174072273826,0.6557510524469745,0.0014313638268079081,0.11618579641909854,0.05983309302005758,1.002089904407439,6.415193235082772,2.358761585283688,0.0006739620165572356,1.061613155253833,0.027717450139696634,0.6041018140356014,0.025419941493998392,0.2345932349162755,0.015404325674973459
0.0010309930514568763,0.0,0.0,0.00464276080997787,0.0,0.001223612040305972,0.012171461124000027,0.002996901379440701,0.021735482131856245,0.01897272431553251,0.0009738376182634417,0.0021325737613441136,0.0,0.0013603517712973093,0.00022552193631879982,0.0,0.0,0.0004548083084234421,0.0,0.0034392947564221557,0.0,0.00037332372991542514,0.0025999291717485958,0.020210429128579108,0.0,0.0008951536580843348,0.0015488669513797607,0.012901595823115519,0.0014799014424456331,0.0,0.0,0.0,0.0,0.0,0.022687119858286104,0.0018432508123668982,0.004516403672213253,0.0,0.0017785409845472052,0.013257594383767484,0.0,0.0,0.07434377357607008,0.0024168984077885037,0.020183615667697472,0.004901536053642218,3.431315544026085,0.05779234139774243,0.0024516480239896396,0.0008831931342229901,0.005085415645672964,0.0,0.20065416265606173,2.1176087198452462,1.7553800010013256,0.055042717634531176,0.2650612718680097,1.4671779558791742,0.20223214268649778,0.005592523281402983,1.940686879127034,0.0044232072218166815,0.031419735151300456,5.284980970654069,0.0,0.0,0.0,0.0,0.11679630155470522,0.0,0.0022872694020632653,0.0,0.4308298349356781,0.0,0.0,0.003971257642450035,0.25248867122510604,0.031277374052313754,0.00019427468680678793,0.0,0.11871763134721279,0.0,0.009983030440296744,0.09280246070134089,0.013831405087106525,0.0
0.0,0.025029342702747294,0.1521120007496744,0.0,0.0,0.0009811179735029942,0.0011762341072667783,0.001182764844289544,0.04036519316463058,0.0,0.0013127472505025503,0.0,0.0,0.0,0.0,4.626238907080726,0.008347648641889275,0.0,0.0,0.0,0.37678483313858924,0.2919655279643974,2.9895787169688544,0.33083588259582347,0.00014292751185868084,0.0034115167659700125,2.865928232384415,0.09233846529142886,0.0003365169080410674,0.05251096149104506,0.0,0.0,0.0,0.004967280198162152,0.0035049537412019773,0.09113889850049475,0.13611866009107074,0.06646367653752511,0.051800405766728175,0.003583704730483674,0.0002597835738710483,0.0011170106510559096,1.207888125193746,0.9237663868637004,0.2560528030507117,0.20412646400073625,0.027277437821814774,0.008742655495255148,0.012826429398774911,0.0011500192400083818,0.10076163361120247,0.0665544075716228,0.0008806366239041194,0.0,0.0,0.026129600780366018,0.00039972354324069727,0.026817973183618986,0.0005311756388258626,0.0008707066184122474,0.0,0.0063805126866297674,0.002276611435649816,0.0,16.356210450125868,0.06683209652906849,0.0,0.004479915933734667,0.0,3.4226493674482974,1.2361216989825508,4.585470500643327,2.6360437171757436,0.021110934580111144,0.02098167327366202,5.742866516871033,2.1602654110327384,0.005159272414036779,0.061720403677941155,0.0,0.0,0.0018203550047222977,0.04868654935279269,0.015881931338514774,0.35087190652082034,0.0018266153872634916
0.0,0.1663111699039067,0.24966822266964606,0.0,0.0,0.0,0.0,0.0,0.0018154819324470825,0.0,0.0008782354786805432,0.0,0.0016566218741842038,0.0,0.0,0.011057411554197202,0.0961932908507214,0.0002888475962149343,0.027197945307543513,0.0,0.002049923294676465,0.003564301444275523,0.016596228236240903,0.0,0.008461653582026291,0.5442482014630572,1.0954779382214637,0.0,0.0,0.0,0.0007542893200887886,0.0,0.0,0.0032711394571385915,0.015459719384411187,0.034817086678496645,0.05521564818655304,0.06008911715424101,0.035436079834831984,0.006771381459350558,0.00025738461020173787,0.0,1.7133696899650597,2.422241951818744,1.3793828095982974,0.3275860175654638,0.03046052948878317,0.008468949015988093,0.024764454868365725,0.3467686311950607,0.29751900635270984,3.973292976007162,0.0,0.0,0.0,0.05995593896318531,0.01960102098697,0.02456402583611916,0.00046724886465051614,0.8330457312110415,0.0,0.009525466026294149,0.30084536799034317,0.0,0.06683209652906849,4.373649505413209,0.3452180932296299,4.3097546617772915,0.0,0.801737129803179,0.0265940703900947,6.491000141895262,0.04620674975000839,0.01636252057705523,6.9747737520985735,6.348016516210808,0.05000231225731493,1.2367951481303956,1.6282398806906868,0.013024335559591165,0.007502585368731206,0.4091096145392466,4.605324095540349,0.021701195999857915,0.4527100036242469,0.0020915939765632032
0.0,0.008516203516008687,0.0,0.0,0.0,0.0,0.0,0.0,0.0,0.0,0.0023577548778481922,0.0,0.016354446486467788,0.0,0.0,0.0,0.00014000398046711451,0.001424129973714738,0.0,0.0,0.0,0.0,0.0,0.0,0.006511184633541776,0.04398976420516307,0.04718349403500542,0.0,0.0,0.0,0.004717803405681252,0.0,0.0,0.00022525822823053396,0.005256294248097964,0.0023103728303750493,0.004293515911805873,0.00024182411487877844,0.001696773459581173,0.0017783683591754075,0.0,0.0,0.450612586627212,0.9426429845284434,2.1973115506195846,0.504672895949756,0.013460916789961154,0.004533157500326707,0.026131320184229652,0.001625022162365793,0.007200099271715557,0.02489781484053909,0.0,0.0,0.002318560214840265,0.0,0.023634320665046508,0.0,0.0,4.451979478707275,0.0,0.03342575165966373,0.07262215937974359,0.0,0.0,0.3452180932296299,3.135457150164178,1.8814231831191108,0.0,0.00646467740063287,0.0,0.02704541657189736,0.0,0.004482624813750504,3.1484659925288287,0.2447646858142466,0.0,0.5141843893131293,0.0016837593919532218,0.02289626425634391,0.09703837536294938,0.0005444565342777164,0.8741618046272519,0.006981948942903638,0.08450222512342685,0.0007406345537099084
0.0,0.05470228587649374,0.01041488446863922,0.0,0.0,0.0,0.0,0.0,0.0,0.0,0.0006444774289823113,0.0,0.004556555472374608,0.0,0.0,0.0,0.010135021609322167,0.0009593613893210593,0.009675846168359094,0.0,0.000263201153831921,0.00015624291656014694,0.00016492100379123854,0.0,0.004968101253803621,0.18808955736433092,0.28267126964913347,0.0,0.0,0.0,0.0016889013944828748,0.0,0.0,0.0015283402551515273,0.00940876327216008,0.0038549153082089306,0.014361807076708493,0.0115229428122231,0.01172053646821656,0.0023101862679234058,0.000497640967496876,0.0,0.7204507685252728,1.1180420364932462,1.6689650763818922,0.2818768465464869,0.011226929115434544,0.0035655959311029703,0.02103897058700651,0.014310778160008693,0.08442475787144908,0.2343797447716921,0.0,0.0,0.0011670375900541922,0.0003920069675749815,0.01275827042062612,0.0014189725533611528,0.0015861221109143395,1.39865428749583,0.00033057424118547186,0.009311406156945291,0.05139002868800303,0.0,0.004479915933734667,4.3097546617772915,1.8814231831191108,7.58613406945677,0.0,0.06401563692862944,0.0024199589927835947,0.2871195510226984,0.001535462102953372,0.008212449076906655,5.396515557431314,1.4812005598650344,0.0008305083274078738,0.36647385366942997,0.03419038340073123,0.010240050244890223,0.03283408738748976,0.019617793590014216,2.6108605252075114,0.006522934292663027,0.15530140828752537,0.002485249905275453
0.0,0.0016301666516412398,0.0,0.14655393586393295,0.0,0.012991850814944016,0.08882208201441348,0.03954750617074813,0.2459823668867058,0.19791253053651128,0.0,0.047143957286203325,0.0,0.021565796862221775,0.0033218336465508625,0.0,0.0,0.0,0.0,0.0538700364314103,0.0,0.00033213890164025556,0.0,0.53340313052129,0.0,0.0,0.00019084702422205178,0.3058265452091382,0.0,0.0,0.0,0.0,0.0,0.0011103253966920983,0.0,0.005544419252501554,0.007324976343596026,0.0014191344179056856,0.0,0.1939356233919281,0.0,0.0006147619470602385,0.08585986087096599,0.003835757249046459,0.038007603033691315,0.007930830382900076,0.45839329258463557,0.004229888089688754,0.0034660034348786687,0.00015636601047704427,0.0,0.0,13.269660989050857,0.012540603334342676,0.0827185833598133,0.02749857521837333,0.1530701053489737,0.4917002547826457,3.7290189017291064,0.0,3.8400054817694436,0.0011117846417319133,0.048038822922607353,0.11679630155470522,0.0,0.0,0.0,0.0,1.4433350854422051,0.0,0.0,0.0,0.9238198678700004,0.0,0.0,0.0,1.6480681751194646,0.025659630963679174,0.0,0.0,0.0017827539614542896,0.0,0.012178127897321209,0.0,0.003129872469785126,0.0013835155597115899
0.0004385813878339587,0.002820311434036078,0.015336042936007769,0.0,0.0,0.0,0.009699318912331722,0.0,0.07885974110698087,0.0,0.0005163362771769368,0.0,0.0,0.0,0.0004299840746276747,1.261984355966234,0.00020575303065830893,0.0,0.0,0.0,1.0617403560879304,0.1908742353701031,0.9105824596791418,0.408798997269523,0.00020391048766422282,0.00019081053687919165,0.39703862655858346,0.21842431679081822,0.0068797643532888106,0.3158530871788073,0.0,0.0,0.0016375772558435506,0.0033231547528617188,0.022921941873476476,0.10272141382891474,0.09075827982266339,0.019036171373837018,0.026119693890306682,0.004967421106221666,0.0,0.00026015599796415476,5.489054499172743,1.9987830864039986,2.551581146299859,1.3170676932934517,0.26868875756677263,0.023402098373034877,0.08070594078163636,0.2823965806226926,0.04171937924188437,0.46561675953531484,0.0,0.0,0.0005839617353185999,0.9882769290907771,0.12021827250957423,0.056190897824292964,0.0011093044066886398,0.021009550372237527,0.0002644344214992305,0.021007076421879062,0.3440981283923887,0.0,3.4226493674482974,0.801737129803179,0.00646467740063287,0.06401563692862944,0.0,27.967825161601116,0.6517815672551958,27.653680414799105,0.6156920469909024,0.0060778676865577705,0.08545192396807,1.2407705420675539,6.283245260344327,0.4452625429216646,12.945284654015568,0.0,0.0011736759466529697,0.38411824894355123,3.3856479778806565,0.13513356405901472,2.1304377390880354,0.0025629430555023534
0.007988119331735967,0.02216217196911453,0.01601347063975365,0.0006427729229866797,0.0,0.0,0.02253101123730229,0.0,0.13535443951081377,0.0,0.0018370635627588882,0.00023042276971981071,0.010962447411855009,0.005559650943513361,0.0,0.37783163911267387,0.004027486480249768,0.0,0.0007773865993564181,0.0,0.1646452440963952,0.21074295934594298,0.1689686986868616,0.3683721608867745,0.014120862851616045,0.00661269935035616,0.37527434959461503,0.27386882611594493,0.04086415649311466,0.13676963591807698,0.0,0.0,0.0044285316497572605,0.004417371405906588,0.0,0.059983524637760285,0.021341346860285066,0.010849430964475245,0.00854465029413586,0.007095719043810411,0.0,0.001753610340638152,0.2262354675022818,0.09384034296553052,0.035248198130634276,0.01770611362587121,0.01405385906861996,0.0007475964811502967,0.02024074974878724,0.007127934496494671,1.1839054102671402,0.0300416066403099,0.000513424433490611,0.0,0.0008850052484912443,0.06622527456917666,0.00686764090236428,1.879517330459425,0.002278980140144143,0.0036744451011813395,0.0,0.1248580790768496,0.009902488869704693,0.0022872694020632653,1.2361216989825508,0.0265940703900947,0.0,0.0024199589927835947,0.0,0.6517815672551958,4.068361382909658,0.25991136113631996,4.902795120358983,0.37753202301419486,0.009258399418280112,1.998122371078836,0.8111847161959193,0.03443927878074168,0.3080933768500456,0.003780128756895423,0.0001949649622261715,0.013453534387716857,0.01830332918502264,0.006745652626557964,0.04351527958844966,0.002273881418294732
0.0003957140951736204,0.08276635384828325,1.0542843504407473,0.0,0.0,0.0,0.002867707452499238,0.0,0.07596603707829067,0.0,0.0015487175205642087,0.0,0.0005832752013213008,0.0,0.0,1.8171673185664026,0.17629653145362278,0.0,0.0035965486255754575,0.0,0.2676345334491243,0.1592341764967719,2.0248786737240434,0.19447298773849936,0.002643411108845954,0.13623227602504182,4.170171237656759,0.04995897944584173,0.002455162327058583,0.06035259213269511,0.0,0.0,0.001155581864286022,0.01975637937935393,0.08404446718408454,0.20720988842216242,0.2552609301963058,0.1849453749836834,0.18569741683943897,0.014828230658249711,0.0,0.0025412964306981544,10.266221599115909,6.063754059876418,4.16867133725073,2.3941724648887606,0.26993334052653306,0.04811814889273061,0.10829142612658513,1.5640675372708657,0.047928015892350566,11.706800342285955,0.0,0.0,0.00367645152072338,2.828707143878322,0.42447780440678823,0.14015222894807622,0.0041964164573657,0.06283986422574175,0.00027843954775397104,0.02485103526375194,2.0166174072273826,0.0,4.585470500643327,6.491000141895262,0.02704541657189736,0.2871195510226984,0.0,27.653680414799105,0.25991136113631996,40.21834015568308,0.4749125418188306,0.00402151393853446,1.7642760869262548,17.167900267210186,3.60418876709643,1.6701513387437166,7.444847955919688,0.0,0.0020994060319640922,0.40061555985765795,3.8441132204647985,0.21579652468364183,4.207125905170554,0.00500787261576841
0.1323713240622892,0.021716768307223407,0.003631388578469324,0.2826142568534184,0.0,0.21532933595302606,3.107636238208315,0.7317899367765659,1.780606496720018,1.164170329922048,0.004061219989511921,0.14020814696525816,0.0014199167255262968,0.6940684207234583,0.04232111064097417,0.5589098534866817,0.0,0.0,0.0,0.33215852899356324,0.42139115131895555,0.36433657111928064,0.2213214653015374,4.999514350372257,0.001813508450983449,0.0,0.20452840480565243,3.9746877485225207,0.302026913843147,0.6745292762113614,0.0,0.0,0.017426126033645732,0.06126577880093045,0.0017200160778371863,0.9193362428305736,0.0771351652416253,0.12970330746285041,0.09607132745367647,0.6239847561726862,0.003952547853127426,0.00046271794599003936,0.8251951178671029,0.11920433205743457,0.44437873165025765,0.13020893444492035,0.8543926800653115,0.02481979716998582,0.033565406919246525,0.12757705887507917,1.3877893593915336,0.13812778690804148,1.1663874417596687,0.049679996544131313,0.0999474540818382,1.4123217084945363,0.8449858503849513,8.210708660674028,0.42137268662104005,0.001429800477546365,0.5582645046341508,0.06775566859377116,0.6557510524469745,0.4308298349356781,2.6360437171757436,0.04620674975000839,0.0,0.001535462102953372,0.9238198678700004,0.6156920469909024,4.902795120358983,0.4749125418188306,26.347797719904715,0.5048212801957358,0.055334612116032425,4.62050384530491,9.643801015509784,0.49715017867829775,0.6864463008188154,0.0006169598686353386,0.00807337010935866,0.055241949106519306,0.1182732221236618,0.02066652829544184,0.14867813138307218,0.3529286089332112
0.0,0.42765676622197973,0.002541005730114612,0.0,0.0,0.0,0.0,0.0,0.01900801476503405,0.0,0.11544656293188017,0.0,1.4458164349319127,0.0,0.0,0.0013021850124988496,0.0014815998446106747,0.0057266057323537714,0.004256952135422883,0.0,0.0,0.023267337458707266,0.0015454053334115207,0.001606074719268811,1.4304812403718419,0.2582439805486073,0.8609060496102257,0.0,0.0021044459422754356,0.0,0.07031311979552052,0.0,0.0,0.015491810669356471,0.0,0.01266717115599316,0.15288484946748215,0.053486623182563614,0.024462604462699253,0.0030962285737987497,0.0011794275410043197,0.07728354169956832,0.013813951861737948,0.6864835974278815,0.06365915042323861,0.026258990606359247,0.008295869553106582,0.0,0.33174311735103035,0.0,1.5817783020834675,0.0017132905042813104,0.0,0.0,0.0003563811690994407,0.001891213379342711,0.0005343074238744463,0.8464670037569613,0.0,0.04609539882323234,0.0,2.3900131111507164,0.0014313638268079081,0.0,0.021110934580111144,0.01636252057705523,0.004482624813750504,0.008212449076906655,0.0,0.0060778676865577705,0.37753202301419486,0.00402151393853446,0.5048212801957358,2.865158070211127,0.1935544113652465,2.4148094967732825,0.004833561546817934,0.006391217980337037,0.0021917907068023513,0.031063211649914362,0.003031136906162095,0.0,0.040632152186978805,0.0,0.001488380115270673,0.0010211618828070024
0.0,0.9572110917311892,0.29986960400314555,0.0,0.0,0.0,0.0,0.00031876391677019737,0.001954942389406941,0.0,0.23181890562747026,0.0,1.2629205828655299,0.0,0.0,0.005648751045380641,0.20589337067725688,0.09468424122088999,0.16834877799695133,0.0,0.0023160677269222513,0.01363304143288413,0.019329630447972843,0.0,0.499852650937977,4.874411702740051,7.483116551560448,0.0,0.0011582641361218273,0.0,0.5724291607069198,0.0,0.0,0.046636233118370014,0.0350212560363982,0.1142920948810362,0.4987634946204695,0.4058402422880052,0.17905047138238833,0.018080395702402805,0.0003527912802616917,0.011295482016724184,3.017980247885913,6.760646158194772,4.493480817082385,1.2313515704213167,0.02633652173379414,0.009622189100454709,0.10146314103965974,0.060094839020676624,0.38681443602105153,7.756514099130605,0.0,0.0,0.0022885798605807584,0.12637291717269059,0.026618168561938417,0.0147788651145094,0.0009485809167669876,3.152623417705082,0.0,0.3576225953501779,0.11618579641909854,0.0,0.02098167327366202,6.9747737520985735,3.1484659925288287,5.396515557431314,0.0,0.08545192396807,0.009258399418280112,1.7642760869262548,0.055334612116032425,0.1935544113652465,38.28952719430669,11.97936537522222,0.05986193066941027,0.646607193500842,0.05797947815202351,0.44317928685680946,0.06892272320673043,0.023725342309300474,1.7309738720729142,0.04240999962942678,0.6394183491388686,0.00556575355333718
0.0004103864831457414,4.450910734017463,4.317481912364486,0.0,0.0,0.0,0.002207422300448293,0.0,0.12264810412053843,0.0,0.20769048480444532,0.0,1.8169280196853639,0.0,0.0,2.2051818439115003,1.2677159390333348,0.08670802805501311,0.28061751343143126,0.0,0.11743642940531233,0.35176341388615084,1.9317240059016332,0.1901337689882292,1.1600434200555896,7.752823086096868,37.5092348309391,0.01666177231075819,0.0017078813235226666,0.012754610179489138,0.5978234776079879,0.0,0.0,0.1536900331148062,0.052314632164434625,0.8045056838283375,1.4865899623701135,1.3172607210807057,0.755711615782285,0.03152708933501988,0.0014247961276999026,0.016896495296948952,9.127654351060794,7.249067381109083,3.7320688812394263,1.5814292483821384,0.09737488113715106,0.03995403892132717,0.22727436650639998,0.08155605557368731,10.691343754602373,10.194210362938952,0.0,0.0,0.00044840570662950277,0.4681901045467526,0.01111405509076855,2.472863753451213,0.0009560061362525413,0.3862417237359378,0.0,3.3841077343872246,0.05983309302005758,0.003971257642450035,5.742866516871033,6.348016516210808,0.2447646858142466,1.4812005598650344,0.0,1.2407705420675539,1.998122371078836,17.167900267210186,4.62050384530491,2.4148094967732825,11.97936537522222,57.51050764466925,3.6514631620441844,0.3363389668771208,0.367025154191577,1.5962394759729146,0.025406376442625785,0.0369249081408188,2.4334493081084236,0.13482346809033477,2.343880866034171,0.009223127788922864
0.09075257323841071,0.005530812152518253,0.0008353013038616805,0.018796859946034177,0.0,0.027497252902599748,1.2097473894960953,0.13257067593798777,2.2036805197078917,0.09869260831087465,0.0018929629858643695,0.0479167530363255,0.0002041070310092191,0.16618624943831234,0.016345315913232343,0.46111306849192485,0.0,0.0,0.0,0.040553973081409796,0.7169606826076557,0.40717235912931277,0.1691592969347735,5.5431792009691225,0.0,0.0,0.06399000672921795,2.257721353018216,0.18930100697962365,1.171919968105188,0.0,0.0,0.014354991076032763,0.04275404988518187,0.0008436408093492723,0.7093844044036275,0.14217829377059701,0.03643257689555212,0.023515872226667116,0.6196895808441094,0.0005453776701340805,0.0030276848056482192,2.47559111680424,0.3963432617087346,1.1165642558154347,0.40427264580028044,1.3187972429668964,0.03883944230135942,0.06714581277009847,0.18466670633882126,0.08183979835552563,0.4384538045609668,5.131433485924119,0.020710630573884746,1.049364556168211,19.81350786198766,2.1682805479645775,2.7253931388088297,9.158960097096696,0.0021464228669069397,2.281130006826182,0.028139363616484368,1.002089904407439,0.25248867122510604,2.1602654110327384,0.05000231225731493,0.0,0.0008305083274078738,1.6480681751194646,6.283245260344327,0.8111847161959193,3.60418876709643,9.643801015509784,0.004833561546817934,0.05986193066941027,3.6514631620441844,46.73585744012552,0.6447025907474115,8.806969330678914,0.0,0.008261326144648912,0.11698655708383278,0.3089363195507264,0.04659875808529379,0.3874765845595478,0.05183542998748578
0.014414116271874555,0.005400421660016723,0.00028914379024600693,0.0,0.00027811588648524405,0.00036871425269457443,0.11378885685913571,0.0009889118869629639,0.2687169672449917,0.0,0.003216356209883603,0.0,0.004725176855640697,0.0015409105629922025,0.0,0.011572239303554001,0.0,0.0,0.0,0.0,0.028078610370776826,0.014550500793835724,0.006479527918727709,0.4066150843925455,0.0007341731968948502,0.0011637520902052518,0.003611916771111103,0.25159171226869753,0.020355952836958905,0.11795959751921455,0.0006412801973057371,0.0,0.002080281905578312,0.005823080086721189,0.01086907379212387,0.14168974106774687,0.017648904456361806,0.01043766501561616,0.0365529034260871,0.016209249615609326,0.002043916435869166,0.000312066319104525,1.7575922968940048,0.2565399375172209,4.143332407774447,0.5904884618081775,0.8934206970364936,0.08271358866306203,0.2161190771915423,5.986457408279106,0.014449370640955299,0.2875032811959937,0.022541135672405253,0.007800477994126185,0.31217054388821097,3.1081139102340605,1.7618686259561331,0.506924952986135,1.0437844879226776,2.1904178556971994,0.43847026539390743,0.21264915672511284,6.415193235082772,0.031277374052313754,0.005159272414036779,1.2367951481303956,0.5141843893131293,0.36647385366942997,0.025659630963679174,0.4452625429216646,0.03443927878074168,1.6701513387437166,0.49715017867829775,0.006391217980337037,0.646607193500842,0.3363389668771208,0.6447025907474115,30.38809219599614,5.216081655705485,0.015392914461955056,0.6067163120449681,2.588530400088941,3.864377955973236,0.04185424853311541,0.3556964460182503,0.006807056144987764
0.05601229948125304,0.001861263781607341,0.0011726259408474287,0.0,0.0,0.0,0.2589997186015833,0.0,0.38528958489632076,0.0004158514009203821,0.0008995701638314231,0.0,0.0,0.009331136698900198,0.003061764074306506,0.2885334624831955,0.00015014541586858658,0.0,0.0,0.0,0.5965274072547281,0.1669864493983866,0.17758913243479038,1.244185757619221,0.0,0.0,0.05152229336168712,1.2781581251675715,0.15073163154508112,1.1737334588889716,0.0,0.0,0.011755489873235657,0.03377148063838197,0.02135752699614343,0.5810034212484191,0.07777435737500292,0.025553974323067153,0.02513088663882475,0.01947024101355992,0.000736692745128481,0.000289887666340682,4.3905988599282555,0.800043717429218,2.7772284878866493,0.8770563167126855,0.2955140655314542,0.033681028617162725,0.13252072652894117,4.573016110841555,0.027075344998383266,0.47317640530964133,0.0,0.0,0.0031251990379837615,7.121930432405326,0.4404757556729523,0.5487987469229794,0.005506464424430519,0.0074823703408749085,0.0002119072969743562,0.026192327914459253,2.358761585283688,0.00019427468680678793,0.061720403677941155,1.6282398806906868,0.0016837593919532218,0.03419038340073123,0.0,12.945284654015568,0.3080933768500456,7.444847955919688,0.6864463008188154,0.0021917907068023513,0.05797947815202351,0.367025154191577,8.806969330678914,5.216081655705485,18.42130305206572,0.0,0.0057840497523968405,3.2470131754934237,2.85939921986334,0.148592743789217,1.543328022353324,0.013572462779338245
0.0,0.05180833144380522,0.0,0.0,0.0,0.0,0.0,0.0,0.0,0.0,0.11367843372591238,0.0,0.6447751205656146,0.0,0.0,0.0,0.0,0.009514652728695576,0.0010928584942216568,0.0,0.0,0.0,0.0,0.0,0.10684081735145591,0.4591337868293689,0.5318020648766856,0.0,0.0,0.0,0.20459804069603954,0.0,0.0,0.004171494166661856,0.0,0.00046982364124759747,0.08300407779408707,0.0161655188682917,0.004211451424178245,0.0,0.0006199550861261666,0.008052059059596205,0.043140362826570605,0.47222239591722714,0.13381632692115722,0.038135491125201704,0.0008120484899479087,0.0002987074076550202,0.00251512876639632,0.0,0.03511389751295346,0.0009026782569746078,0.0,0.0,0.0,0.0,0.0008272928294530889,0.0014128178462128938,0.0,0.14280743133512544,0.0,1.1518435893824477,0.0006739620165572356,0.0,0.0,0.013024335559591165,0.02289626425634391,0.010240050244890223,0.0,0.0,0.003780128756895423,0.0,0.0006169598686353386,0.031063211649914362,0.44317928685680946,1.5962394759729146,0.0,0.015392914461955056,0.0,0.33527774692186235,0.0013949747104069232,0.0,0.01768440169007968,0.00025170438545473036,0.003610669668094458,0.0
0.0,0.000168953612504389,0.0,0.0,0.0,0.0,0.0,0.00016582466460669077,0.005296446602125466,0.0,0.0011896565889815398,0.0,0.0014332075227477738,0.0,0.0,0.0,0.0,0.0,0.0,0.0,0.0,0.0,0.0,0.0,0.0006109705865994595,0.00040502668689792543,0.0,0.0,0.00024952947758163143,0.0,0.0,0.0006154832841952897,0.0,0.0,0.0037394838463461057,0.006336439864821102,0.0012531325839644251,0.004332175302781239,0.012789436443977729,0.0002631863689978254,0.00029532577247428835,0.0,0.6320497297396516,0.053880827382206786,0.8184022473974196,0.4520224627548789,2.920489782498973,0.3274808278565886,0.10369861535864322,0.0025610769223333744,0.0013878885021936906,0.001294410100037441,0.0019066284339467794,0.19853868779272035,0.7051708237937862,0.03946801165577652,0.8709040410592546,0.01642571799999201,0.05297434121660825,0.6004043428778151,0.04964306540757396,0.10816379589931016,1.061613155253833,0.11871763134721279,0.0,0.007502585368731206,0.09703837536294938,0.03283408738748976,0.0017827539614542896,0.0011736759466529697,0.0001949649622261715,0.0020994060319640922,0.00807337010935866,0.003031136906162095,0.06892272320673043,0.025406376442625785,0.008261326144648912,0.6067163120449681,0.0057840497523968405,0.0013949747104069232,1.0617555391065434,0.0,0.9146189964898611,0.004558150471128108,0.047942034119234124,0.0010891290198210247
0.003601115364678787,0.0,0.0,0.0,0.0,0.0,0.01074902633098417,0.0,0.02470697449662051,0.0,0.0,0.0,0.0,0.0007057726383293084,0.0,0.008904752923532443,0.0,0.0,0.0,0.0,0.026720463529156406,0.006772527182262448,0.012269503575052782,0.06827524303219976,0.0,0.0,0.0028257315225660527,0.05440912508751618,0.00788531414079759,0.036587986322741836,0.0,0.0,0.0004292417131872548,0.0007269754920428383,0.001729230895238154,0.01992336781838634,0.003332180713222878,0.0014221131889640885,0.0005968637524416688,0.0007441858640776518,0.0,0.0,0.09902557016712574,0.0263001250102117,0.4981737943801236,0.04728695241494088,0.008216139045959293,0.0029378931171682994,0.006310207680769264,0.060386065799628574,0.0027702778260377055,0.032697294767936695,0.0,0.0,0.00044929089770572717,0.09697335550574915,0.011350370894158517,0.04933620989473383,0.001547926351085849,0.003731153541817961,0.0,0.0005609434554435511,0.027717450139696634,0.0,0.0018203550047222977,0.4091096145392466,0.0005444565342777164,0.019617793590014216,0.0,0.38411824894355123,0.013453534387716857,0.40061555985765795,0.055241949106519306,0.0,0.023725342309300474,0.0369249081408188,0.11698655708383278,2.588530400088941,3.2470131754934237,0.0,0.0,1.5329996453732062,1.5423366163394523,0.007160855778062934,0.059210739761499216,0.0020836251318398858
0.001002286984866923,0.06221351612309627,0.05982890727301698,0.0,0.0,0.00029361355756668723,0.019545920860480265,0.0,0.04330236688884662,0.0,0.004185229469694356,0.0,0.02146543549810755,0.000982565745601983,0.0,0.012007916183601702,0.027043297208882613,0.000393155991076761,0.006746731297760484,0.0,0.010289019706542191,0.00373823526258537,0.018533990218899885,0.05905256837357437,0.017278661194104445,0.13609512391247353,0.42178402628515294,0.03946608998905275,0.006618623841360646,0.015549284959877929,0.0,0.0,0.0,0.0013266825331105963,0.010274838823876633,0.03066666158992789,0.02610492524266546,0.019016784466240968,0.02151130211138927,0.01051303611043921,0.0015598788043267489,0.0014934280509889012,0.8966629228628904,0.8576003419449899,3.490349878731729,0.6258640973980721,0.25108992303620137,0.1054207622272224,0.32467901662441795,0.1983238304805117,0.10892019747258155,0.4853266985978305,0.015103085505421936,0.008076318982950565,0.06612833517073878,0.6239205423150125,0.2779285065611345,0.09217910773706278,0.4077859052724429,8.307651951072685,0.14740267384656738,0.6381618472065084,0.6041018140356014,0.009983030440296744,0.04868654935279269,4.605324095540349,0.8741618046272519,2.6108605252075114,0.012178127897321209,3.3856479778806565,0.01830332918502264,3.8441132204647985,0.1182732221236618,0.040632152186978805,1.7309738720729142,2.4334493081084236,0.3089363195507264,3.864377955973236,2.85939921986334,0.01768440169007968,0.9146189964898611,1.5423366163394523,7.7029333208684525,0.02866939023180847,0.26623153012166795,0.0035936266201415375
0.0009401831988209942,0.0025882298692297173,0.02069103772982662,0.0,0.0,0.5875508330546917,0.009116366275850307,0.0007189427153457843,0.01559548621002005,0.00027495190938199365,0.015336960567813246,0.3627322493975506,0.0018701887800891858,0.0031569472085261874,0.0011620752775150706,0.009178486497025299,0.00539233730595119,0.006317065967426933,0.0040094146542576856,0.0,0.05021872698450559,0.00037898116702823,0.10423803354247739,0.00655992773350599,0.0,0.02322952696362288,0.05074156974163006,0.01183233044266643,0.0061492496342020996,0.027478236847925594,0.0,0.0,0.000476851863070225,0.0045310798920345854,79.06742369493182,0.5043606155783543,0.436075039981732,0.06450524587675657,1.09459918380415,0.07312574360187238,0.03637513286420571,0.002096415527986888,2.2925990186441485,0.6973572345454846,0.16354834806518223,0.6661958878358435,0.10004775829601249,0.037961571763927705,0.09904541923642804,0.0127273281478792,0.004391938303706066,0.030725373646865815,0.0,0.0,4.892842715029614,0.08192136028313109,0.02609007724522659,0.023906530575480037,0.018290572891203227,0.005679004297384495,0.8920383812072905,0.024827701811454057,0.025419941493998392,0.09280246070134089,0.015881931338514774,0.021701195999857915,0.006981948942903638,0.006522934292663027,0.0,0.13513356405901472,0.006745652626557964,0.21579652468364183,0.02066652829544184,0.0,0.04240999962942678,0.13482346809033477,0.04659875808529379,0.04185424853311541,0.148592743789217,0.00025170438545473036,0.004558150471128108,0.007160855778062934,0.02866939023180847,188.8900697720103,24.176313744287704,0.12744468933984615
0.07324317396652293,0.04064979663179568,0.39119320733356827,0.004781726867963314,0.0006433512044181259,0.09393326667643036,0.5756866285556279,0.022587672316734912,0.2479028589058579,0.09384894791982855,0.09398858630345004,0.03448069669622167,0.02048955029335576,0.11834148209760002,0.0016954690483773206,0.3372855241366759,0.17306994644443652,0.14701029971097546,0.10357680713453606,0.0048568850295258705,1.9488796128989536,0.010486630306317248,3.7260882746457846,0.14444723494056996,0.0035203096225594932,0.6277150594282965,1.4021330494512978,0.8278113805504067,0.22590177761728855,1.096190734661991,0.0202225330133356,0.005305640010905798,0.02386451135356323,0.09213432568404963,29.468085517004166,0.9287670124692281,4.028325761149426,0.6834562706910239,2.77570403878959,0.025259960523764637,0.06759769213280632,0.032087185567474134,1.5491873157096072,4.6640889910677155,0.9223186246438746,2.9829150363003754,0.13381468528461693,0.06216934010133704,0.1217363146191255,0.1262337922003454,0.04340563311115224,0.5890007234202635,0.006386573722585213,0.0005279906600240287,0.280943825695514,0.6245532736341396,0.10468680813523915,0.21622117687009143,0.19121016206033273,0.033755258261755273,0.03493009470485086,0.028241505264520673,0.2345932349162755,0.013831405087106525,0.35087190652082034,0.4527100036242469,0.08450222512342685,0.15530140828752537,0.003129872469785126,2.1304377390880354,0.04351527958844966,4.207125905170554,0.14867813138307218,0.001488380115270673,0.6394183491388686,2.343880866034171,0.3874765845595478,0.3556964460182503,1.543328022353324,0.003610669668094458,0.047942034119234124,0.059210739761499216,0.26623153012166795,24.176313744287704,1.7808037385240874,0.07318020316525183
0.10976345359365937,0.005666871622893728,0.03143239832779321,0.16741400506401427,0.5546646755952502,2.3015377275107,1.335682319014116,3.6228863967520715,0.22040630256336216,1.1813210384257662,0.49623329631019075,0.38658965254650257,0.035775554274861676,2.8716871060397886,0.5165051861410492,0.027567518030100394,0.017427693813836125,0.2646072318283965,0.09867820554266338,0.1590040420313168,0.1726849889151472,0.0013271694492408227,0.31358188223370914,0.41496330159495215,0.005765434968067,0.23310493293003656,0.17273289451303775,0.7139800685993334,2.3401146079384025,0.22162822307396426,0.011309812974498509,1.0941720068699095,0.005905357993655054,0.26955286187509686,0.24743086694661343,1.3686380921308765,0.2361151814201876,0.453933057299694,0.6735812187206746,0.5084088955713534,0.21933543596729535,0.04213431370050612,0.032772824460624524,0.02744247124912275,0.037211303896106114,0.0241412084272346,0.03345876246408064,0.0,0.005024118729514065,0.006628031573718455,0.0016593074013963208,0.005415510860494432,0.002801272116985326,0.0,0.005163320361450157,0.07253722409103874,0.004137076225832939,0.16559051127744487,0.00418861133094286,0.0004894715102081678,0.0017829453504534512,0.008634904777311775,0.015404325674973459,0.0,0.0018266153872634916,0.0020915939765632032,0.0007406345537099084,0.002485249905275453,0.0013835155597115899,0.0025629430555023534,0.002273881418294732,0.00500787261576841,0.3529286089332112,0.0010211618828070024,0.00556575355333718,0.009223127788922864,0.05183542998748578,0.006807056144987764,0.013572462779338245,0.0,0.0010891290198210247,0.0020836251318398858,0.0035936266201415375,0.12744468933984615,0.07318020316525183,1.382258373279845
