3.351553179694023,0.0006905155803164529,0.05119996065637151,0.0005801971264654476,0.000840294297187074,0.0006713758630565336,2.615368203623312,0.04978792522808883,0.020234786389547517,0.014460298625910303,0.021224909087983048,0.0,0.0,3.2055102935211304,0.00025989604702274027,0.01857898903821641,0.14497939913308747,0.0035843867714680866,0.0955161041063258,0.0,0.13367012294565406,0.003948941888858083,0.15310025709687503,0.15116661479527224,0.0,0.031726317808863425,0.060299371241994894,0.514884841153969,4.323913282482218,1.3463783215341345,0.0,0.0011317252270318463,0.02964081302545659,0.2646026928781791,0.0,0.06475029283589909,0.02950828471240517,0.3087162761595023,0.07721538447100261,0.005652454420475785,0.0,0.0005156615272886327,0.0,0.0004042135251736349,0.0,0.0,0.0027577403123483827,0.0,0.0,0.0,0.0,0.0,0.0,0.0,0.0,0.0,0.0,0.0034376970884564696,0.0,0.0,0.0,0.0,0.0,0.0,0.0013225182838006882,0.0,0.0,0.0,0.0,0.0,0.003215757200726844,0.0,0.006373791702291335,0.0005565310544759863,0.0,0.0,0.0,0.0,0.0,0.0,0.0,0.0,0.0,0.0,0.007647905851126188,0.0535297630999432
0.0006905155803164529,2.4388727036548943,0.015541835275201565,0.002038641000941164,0.0005010991866170271,0.000625593707520116,0.004114562186140941,0.002885293804186238,1.2373105424325983,0.0,0.027524211171460016,0.00799741806181759,0.16357120944614004,0.0008856628367375881,0.04594677614267854,0.3589517270905428,0.03500284483994123,0.005596526088804812,0.05346620098932073,0.004039235410638153,0.010726005316948357,2.3861980394288476,0.03283192312711076,1.3790892842513847,1.4609974844623836,0.16851657943541834,11.529595660505938,0.022081607406722013,0.002579369003575663,0.008927698229767333,0.011235224532838105,0.0,0.0,0.04402120145021419,0.0008620948720160392,0.12531031437298448,0.45960728003846146,0.10897628093497568,0.04686729028305844,0.10166249940894719,0.0026424447574867342,0.20174391044745282,0.192835553545001,0.1542072550671691,0.1436323434084541,0.026224740481096808,0.003954670228604349,0.0,0.002008225589680008,0.0,1.04943715315409,0.11176721016852742,0.0,0.0,0.0,0.0,0.0,0.014325856332013748,0.0,0.01591473995183485,0.0,0.1572512526290479,0.0012849267096574927,0.0,0.0394427055119282,0.05563820940542826,0.0036950256887960833,0.017894788222251233,0.0,0.0035198060779049224,0.08778176789517712,0.04410746058227712,0.03042818602812988,0.3701657939817271,0.3322286856457714,3.6754866680859624,0.0014357839225360332,0.0022096767434196204,0.0005486174836273086,0.04268080134999349,0.0,0.0,0.03304248647781476,0.002596588599736918,0.018022879259844544,0.008119926393102486
0.05119996065637151,0.015541835275201565,18.955352019267217,0.0,0.0,0.0025495779831402896,1.4747048394748168,0.782520115510125,0.0,0.033482628829925226,0.060202471840974284,0.0,0.00030170284438789407,1.6160669432542822,0.0,0.03262149167026753,5.911108576761596,0.050819464529019004,1.3062716296654415,0.0,0.43408392230724363,0.0005924697453348861,13.823292822335913,0.02467575473894515,0.0,14.372186123292341,10.594347413888046,0.6515805177535147,0.040932661015295684,0.2543405893810177,0.00018005770507417576,0.0,0.0012102220147861093,0.41621275308677136,0.0029059121066439472,1.14520199626928,0.8216016190454156,0.7379411241014834,0.558770942634424,0.004674379826492712,0.0,0.0,0.02436426112358971,0.04084986279759231,0.03409410606428908,0.013439937808433647,0.0,0.0,0.0,0.0,0.04052825627594117,0.34745320432389537,0.0,0.0,0.0,0.0,0.0,0.0,0.0,0.0,0.0,0.0,0.0,0.0,0.05478216690831755,0.003407320129772822,0.0,0.0,0.0,0.001434656000527297,0.016261246858014895,0.21034987327104074,0.0013080900255950086,0.0,0.015411953548189408,1.290624173534277,0.0,0.0,0.0,0.0,0.0,0.0,0.011023968868553852,0.0,0.11347283105648988,0.01172638862213345
0.0005801971264654476,0.002038641000941164,0.0,22.924201352738095,0.005619685103525177,0.1548114222841646,0.06547996209212324,0.23408033075783935,1.6291509375140467,6.729856982942668,0.0,4.776443112648633,0.0,0.09286196487131185,0.2885162572986533,0.0009501706679859024,0.0,0.0,0.0,15.889486279188997,0.0,0.025450258788625984,0.0,4.286071432169375,0.0,0.0,0.00029122048937512915,4.7822234882922166,0.11430157675276593,0.0,0.0,0.0,0.0,0.02096015363827387,0.0,0.656176853955117,0.0021887745758274665,0.18707755711914428,0.08131730291770584,0.6457039799648877,0.002820551275427293,0.00021007945617324914,0.5019126650897702,0.0,0.0,0.0,0.21201419700267715,0.0,0.0,0.0,0.0,0.0,0.002968331947734862,0.0,0.0,0.002073820397781404,0.0,0.7839023184256634,0.0,0.0,0.02347245409691881,0.0,0.0,0.009115391507233587,0.0,0.0,0.0,0.0,0.010344300745154075,0.0,0.005779625651136958,0.0,0.06800641989308694,0.0,0.0,0.0,0.006818627670244167,0.0,0.0,0.0,0.0,0.0,0.0,0.0,0.016728895007558142,0.15667189563820597
0.000840294297187074,0.0005010991866170271,0.0,0.005619685103525177,0.005594441974302469,0.15982380725834058,0.0015106307095604375,0.0045432122179311155,0.024903895173192053,0.019666260821049258,0.009207964902092445,0.0418041307017017,0.0014731078181041,0.0009786123829168825,0.45165092978538335,0.0,0.0,0.0015606500959600067,0.0,0.004998778142058875,0.00039714022673608963,0.0009747020445584984,0.004029003529331851,0.04852511473876615,0.0,0.000297078291198557,0.0006876469572396845,0.0064257454965179536,0.0032414851363991013,0.0013999647386403594,0.0,0.04354646373968084,0.0,0.0127340622928359,0.0,0.009847127156337296,0.005911033656701922,0.026867860539075326,0.0033272088809144745,0.33457580436409995,0.3393873721201123,0.0016432056976575125,0.0055472363742604495,0.0,0.0,0.0,0.004779411765272626,0.0,0.0,0.0,0.0,0.0,0.0,0.0,0.0,0.0,0.0,0.004402924995465304,0.0,0.0,0.0,0.0,0.0,0.0017937189043544964,0.0,0.0,0.0,0.0,0.0,0.0,0.0,0.0,0.0002458329059196267,0.0,0.0,0.0,0.0,0.0,0.0,0.0,0.0,0.0,0.0,0.0,0.0006242258292688031,0.6299848643398136
0.0006713758630565336,0.000625593707520116,0.0025495779831402896,0.1548114222841646,0.15982380725834058,41.2722003983428,0.32446879366922626,5.666475384496874,0.13191775582156348,17.844197455156493,0.007917798230820335,4.659701353443926,0.0011088281002020373,0.33282203814373673,1.5448606706024834,0.0,0.0,0.0,0.0,0.15518132249221217,0.0015016762745543874,0.002445657019877444,0.003393717583674225,0.1705271823519032,0.0,0.0009962638790366708,0.001973874199942584,0.5810907775591865,0.06539563657755744,0.00035074346830270904,0.0,0.42195335238106846,0.0011652103698700114,0.18814377727088785,3.5864083415308348,0.237590777660762,0.0069297407701672835,0.10839049686177876,0.022860657766956245,1.4901981035211245,0.07906203857663278,0.001604437960999245,0.0501166089846272,0.0,0.0003775914834817307,0.0,0.041139264981606624,0.0,0.0,0.0,0.0,0.0,0.003222862765892474,0.0,0.0024946327607672054,0.0,0.002945986866169991,0.030467260017529963,0.0,0.0,0.007785057562269716,0.0,0.0004534631000906617,0.008358574928870523,0.0,0.0,0.0,0.0,0.0028360905091500467,0.0,0.0003448572146116538,0.0,0.01538462133450672,0.0005617666996747769,0.0,0.0,0.004004452455312433,0.0,0.0,0.0,0.0,0.0,0.001995164176217625,0.22969122273098783,0.07436634311854863,9.19945661187066
2.615368203623312,0.004114562186140941,1.4747048394748168,0.06547996209212324,0.0015106307095604375,0.32446879366922626,58.88851688443303,4.078378620149271,0.12390873613075506,3.916061651921566,0.05702172461776711,0.015826230568856636,0.001798900883129894,15.657775101768292,0.020613970919239374,0.06259135708025232,1.1301826101156323,0.0024949887738800807,0.3124585331036567,0.008048241882218123,1.005768873548693,0.05116431260924386,3.195378594736435,1.432154474739248,0.0,0.20301808555806194,0.865906195960054,27.545827838933743,2.7064818153028702,4.282842228436664,0.0,0.004320802053658689,0.06928819402334133,0.6532633350471219,0.02506590807155323,1.0453983862265581,0.29158756936779107,1.4875376186685036,0.49794444140669764,0.17523334134907512,0.016249195607442445,0.010161889195185073,0.05812842939095691,0.0042722981243750995,0.0,0.0,0.011825454544721625,0.0,0.0012016586713707623,0.0,0.0,0.0,0.0,0.0,0.0,0.0,0.0,0.07091061441580486,0.0,0.0,0.00023784013492019498,0.0,0.0,0.0,0.00746938287505268,0.0,0.0,0.0,0.0,0.0,0.008302835926748237,0.0,0.12750731266325616,0.0015904200966662474,0.0,0.0,0.0,0.0,0.0,0.0,0.0,0.0,0.008006319316756955,0.0,0.2512494802379283,0.6377140959788988
0.04978792522808883,0.002885293804186238,0.782520115510125,0.23408033075783935,0.0045432122179311155,5.666475384496874,4.078378620149271,14.141334865452489,0.2558665859989279,6.991528919108678,0.0656514794037392,0.9592203377915302,0.004143501109617626,4.25255315991271,0.12411007771744668,0.06651769133091474,0.060940661626024455,0.005060222078010721,0.011939395216175312,0.15747498928565548,0.11118582055619955,0.052665195742391924,0.6629587851147525,1.1153363857216358,0.0,0.0473219094986485,0.11286502002461347,2.759508560812543,0.35923362725267843,0.11050584514655021,0.0012555507034835687,0.005462325574988478,0.00877552984479032,0.13013198983735533,0.0026621040101051504,0.6264737239074208,0.1747920136544664,0.48849885238805835,0.18408236121284952,0.4883934780845508,0.00838779411540229,0.0034937926812402607,0.054386794481837815,0.0,0.0,0.00031321129047291187,0.010456652367641896,0.0,0.0,0.0,0.0,0.0,0.00022369726171367696,0.0,0.0,0.0,0.0,0.142000511192894,0.0,0.0,0.0016623046065496014,0.0,0.0,0.0,0.001003017641114709,0.0,0.0,0.0,0.0,0.0,0.01054182929522698,0.0,0.034828819432359374,0.0003387066564451507,0.0,0.0,0.0,0.0,0.0,0.0,0.0,0.0,0.0005831585372836034,0.0,0.04101498322656622,1.4554837748448566
0.020234786389547517,1.2373105424325983,0.0,1.6291509375140467,0.024903895173192053,0.13191775582156348,0.12390873613075506,0.2558665859989279,3.444685280716131,0.855964710418932,0.010999476795683045,1.070554592014719,0.04614514987432561,0.13030611830696445,0.8305532310699204,0.10649447622764123,0.0011243688841868073,0.0,0.002339923785116725,0.36216912147435115,0.00484119011705962,2.5685625478976366,0.0022274888284461087,12.186302840311924,0.3674715240865629,0.019446568433279757,1.685661145883571,1.9578634857161865,0.21856255811773054,0.02539784260595448,0.0,0.0,0.010167864360962434,0.10013420844884592,0.015209241727456137,0.7020006585269432,0.1687832666483901,0.22321898742991808,0.13215352199467778,0.8836990556401071,0.0055167681325014985,0.08439872716360448,0.7204451255695582,0.02243585162503868,0.14506505857212681,0.05503782745712319,0.22943284276422543,0.004781487429327115,0.002159444591157381,0.0019616165061447292,0.00914068751255004,0.0,0.8553505873432604,0.0014251248984477895,0.03711710169465558,0.17432782763517465,0.13415149080766758,1.5539384472816429,0.7670906606284484,0.0,0.07463111259660948,0.0012862187922550341,0.045158641368607096,0.019466693281257618,0.04762519584449604,0.000549966819528994,0.0,0.0,0.17365652781094995,0.020852983037046684,0.06091448733647999,0.005782520309496473,1.2126674091581615,0.10113942009068258,0.0,0.02550474738284153,1.1546783758625898,0.1017937579054191,0.032549042561036606,0.0,0.0,0.007485203572523623,0.025628661148235005,0.006271651807703561,0.21813044969455622,0.252736033554509
0.014460298625910303,0.0,0.033482628829925226,6.729856982942668,0.019666260821049258,17.844197455156493,3.916061651921566,6.991528919108678,0.855964710418932,103.8999859006457,0.030017014911820083,11.294687712384205,0.0004153060754756642,2.234643347983331,0.6813232110502673,0.00596161028630375,0.0,0.0,0.0,6.9676896923205485,0.007783629375786179,0.013934132614378565,0.045844349859980905,1.1053787293974036,0.0,0.0,0.035351155688760454,12.160894215132092,1.25615362945744,0.008692834233154477,0.0,0.008592651529166,0.009736099032050844,0.32284132395178006,0.02014298713778571,3.3803404744592975,0.035817035430101736,2.1219938387122728,0.6414949468023847,3.6724404210179045,0.036823267858682694,0.01590549507068014,0.5077449442960511,0.0,0.0,0.0,0.19425494478417618,0.0,0.0,0.0,0.0,0.0,0.0024404602832155836,0.0,0.0,0.0,0.0,0.6515231809480023,0.0,0.0,0.012894534747505078,0.0,0.0,0.0,0.0,0.0,0.0,0.0,0.0003195323470641181,0.0,0.0016261533930063928,0.0,0.048400826706684406,0.0015839615531121382,0.0,0.0,0.0,0.0,0.0,0.0,0.0,0.0,0.0022782387682224155,0.0,0.21401127295593592,3.005940259053963
0.021224909087983048,0.027524211171460016,0.060202471840974284,0.0,0.009207964902092445,0.007917798230820335,0.05702172461776711,0.0656514794037392,0.010999476795683045,0.030017014911820083,27.46468267017997,0.0030286836025057375,3.8228626131388874,0.21796652220740395,0.0,0.0055279669973409525,0.3990561105886916,5.9960492182278715,1.4326424918726386,0.00029049147106176775,0.1658873559887623,0.016133753096860708,0.36957462679085806,0.003419664987812578,0.04225275772902943,1.6567165254979426,0.4077022890480667,0.01984772807906546,0.6560994767301181,0.17297516177067412,0.4394895603021381,0.03160703254830751,0.025487662461893434,9.381088641066116,0.003911151972368442,0.3221655301611437,1.5806879271836467,4.810062299766121,0.5282809148305538,0.0768335778402918,0.1264344169008783,0.3625293561330856,0.005434899889625276,0.0698061663681542,0.00866666135708436,0.002107927438867206,0.002144651550219363,0.0,0.002519906074503315,0.0,0.04334186053849078,0.0012926628211010326,0.0,0.0,0.0,0.0,0.0,0.0,0.0,0.030354634849789192,0.0,0.284797001850439,0.0,0.0,0.0,0.0,0.0,0.0,0.0,0.0,0.011314823906456196,0.0,0.0,0.12377431692360365,0.07160359193379529,0.0636979021308583,0.0,0.00031069907567384274,0.0,0.03979203410776237,0.0,0.0,0.002601838820438409,0.0010384169319831735,0.03538014771631057,1.928022225742011
0.0,0.00799741806181759,0.0,4.776443112648633,0.0418041307017017,4.659701353443926,0.015826230568856636,0.9592203377915302,1.070554592014719,11.294687712384205,0.0030286836025057375,45.688293821933584,0.0,0.15694279289166063,2.689506638254169,0.000412279660043279,0.0,0.0,0.0,11.972412807405757,0.0,0.019438343092580294,0.0,1.7943646664997162,0.0011184360466419733,0.0,0.006646744572784962,0.7953945352127756,0.13353616383195163,0.00025365815742921374,0.0,0.002939014851517631,0.0,0.03792470827642909,0.00040254665913387806,0.7654191051220819,0.004059556731528853,0.3103164090884731,0.06638137812913911,2.65934432351483,0.004413494773096979,0.0,0.2013839050755108,0.0,0.0,0.0,0.11710762886829823,0.0,0.0,0.0,0.0,0.0,0.06949212538352872,0.0,0.0022809804521974632,0.001074247682049396,0.00030864540406190863,0.14366409924920948,0.0002465840534633647,0.0,0.15792492829060986,0.0,0.0,0.016284117296020164,0.0,0.0,0.0,0.0,0.012944150655416445,0.0,0.0037331829109934953,0.0,0.0565912784858398,0.0,0.0,0.0,0.021953636408044524,0.0,0.0,0.0,0.0,0.0,0.0,0.0,0.008658530323991045,1.111707872383275
0.0,0.16357120944614004,0.00030170284438789407,0.0,0.0014731078181041,0.0011088281002020373,0.001798900883129894,0.004143501109617626,0.04614514987432561,0.0004153060754756642,3.8228626131388874,0.0,11.888116987774826,0.026799503908791295,0.0,0.013185760647598604,0.0008204121868042245,0.3938455513955109,0.028326694456435077,0.0,0.0029827187440308873,0.04960965141863816,0.002218377832174875,0.013403968522697894,1.8522764692372393,1.282481393072114,4.84141535035742,0.009324898749537028,0.040986070399166824,0.0,1.5655865621713703,0.009441642674685767,0.0,0.6045486831006085,0.002805160091727269,0.16486244183135787,3.850504378657764,1.8230117699915864,0.44906105614557784,0.0354492825781277,0.05552519425559837,1.3537867063559508,0.013887526889744328,0.641586429010366,0.10470097174580188,0.022841263137984867,0.004886743472160538,0.0,0.011499268473075567,0.0,0.3761945568614811,0.0,0.0,0.0,0.0002790755847384222,0.0,0.0,0.0017858640458800928,0.0,0.490117867523609,0.0,4.88749141365603,0.0,0.0,0.0007222581374543317,0.0,0.0029315883973128906,0.0004647239298148968,0.0,0.0,0.09601735448908558,0.0,0.006347366270300043,2.0846837239248437,1.6235875122550865,1.8902283673160218,0.0013808480777282974,0.0003115876797831909,0.0,0.9540959886235831,0.0,0.0,0.007582819224993789,0.0,0.014438244264069776,0.42925508983028615
3.2055102935211304,0.0008856628367375881,1.6160669432542822,0.09286196487131185,0.0009786123829168825,0.33282203814373673,15.657775101768292,4.25255315991271,0.13030611830696445,2.234643347983331,0.21796652220740395,0.15694279289166063,0.026799503908791295,23.977405363716336,0.00900423816129258,0.11741502234458867,0.6277139782971566,0.03990156665476337,0.04769368991614705,0.04258962389008878,0.3531958174237528,0.061616142795686404,1.9697138309031021,0.8005692776690436,0.0003066914963704372,0.15586430513660093,0.3345568229863467,3.2069648295346247,3.2967164468911694,1.4675756241501798,0.0034953945122684934,0.00954623178567981,0.01864458722041749,0.5757997731724727,0.007265958313757171,0.5418277164859165,0.3913930689975296,1.5765385001974668,0.3932467064712019,0.4342796215025392,0.01869026462687716,0.02481995957992139,0.02135853773749848,0.0,0.0,0.0033159899386620228,0.0014981486533320715,0.0,0.0,0.0,0.0,0.0,0.0,0.0,0.0,0.0,0.0,0.048544260003532264,0.0,0.0,0.0,0.0,0.0,0.0,0.0005550738689735099,0.0,0.0,0.0,0.0,0.0,0.01264566215773401,0.0,0.006432066112348389,0.0003453371270968038,0.0,0.0,0.0012447009971670896,0.0,0.0,0.0,0.0,0.0,0.0016458715099855585,0.0,0.08317752955210676,3.3372140384828364
0.00025989604702274027,0.04594677614267854,0.0,0.2885162572986533,0.45165092978538335,1.5448606706024834,0.020613970919239374,0.12411007771744668,0.8305532310699204,0.6813232110502673,0.0,2.689506638254169,0.0,0.00900423816129258,4.351718487824449,0.001176444297988637,0.0,0.0,0.0,0.20533197185665805,0.0,0.04931122123816518,0.0,1.2073762132228962,0.0,0.0,0.012808225855071086,0.25049455133155224,0.003821516354431314,0.0,0.0,0.003977367584414874,0.0007613963563376427,0.0021217371121303513,0.0,0.25958982370549927,0.0,0.012797019558093106,0.004443496325193875,2.596799066880187,0.0,0.0,0.08683592268620137,0.0,0.0,0.0,0.075841169280511,0.0,0.0,0.0,0.0,0.0,0.014227902084080415,0.0,0.00020298500121875004,0.0005625417546906184,0.0,0.04897641833906415,0.0011342842840616962,0.0,0.011525488191376467,0.0,0.0,0.03435521944696224,0.0007416663844136334,0.0,0.0,0.0,0.024152419673043636,0.0,0.00345326010806215,0.0,0.059089932793467144,0.0007850957893577882,0.0,0.0,0.025561450039993237,0.0,0.0,0.0,0.0,0.0,0.0,0.0,0.0,1.0689233862114043
0.01857898903821641,0.3589517270905428,0.03262149167026753,0.0009501706679859024,0.0,0.0,0.06259135708025232,0.06651769133091474,0.10649447622764123,0.00596161028630375,0.0055279669973409525,0.000412279660043279,0.013185760647598604,0.11741502234458867,0.001176444297988637,24.77921846572455,0.04835286622023141,0.0,0.0024103114714256074,0.0,3.9012554508852713,4.765319637993443,6.806580032815726,1.9141644745372655,0.019725980713650417,0.004028436483002094,8.656475685517172,0.5859002894397832,0.14682790742808494,0.23156144209598034,0.0,0.00026778216911451096,0.024586661074371186,0.20570284751388535,0.017821033655613217,3.037975322577961,0.9346717014527489,0.5019750828030506,0.7658945225161179,0.12287092294983464,0.007966597971375094,0.08892850285026042,1.4377182169811922,0.5067706250750192,0.14632057050386096,0.1467441043214224,0.03855903237569635,0.0,0.014527780087689155,0.0008522986751314302,0.015815964034634613,0.011186574787732956,0.0,0.0,0.0,0.0,0.0,0.08490955824162924,0.0,0.0013277100353062568,0.0,0.0058282462908326865,0.0,0.0014677823944960837,4.745092205682139,0.0,0.0,0.0,0.0,0.378672344034398,0.8732635620084185,1.414497876266398,1.0464273016330279,0.11289780891742221,0.0,0.5265228502959641,0.2284363438685063,0.028383327853351334,0.07240219017096147,0.0,0.0,0.008171525329313424,0.06564356080213839,0.0006499367120588604,0.49564149210024905,0.3680379768635509
0.14497939913308747,0.03500284483994123,5.911108576761596,0.0,0.0,0.0,1.1301826101156323,0.060940661626024455,0.0011243688841868073,0.0,0.3990561105886916,0.0,0.0008204121868042245,0.6277139782971566,0.0,0.04835286622023141,8.30123208884501,0.3200364102149259,6.676909790192351,0.0,0.5672908132070974,0.005084470182196112,8.278056894252753,0.011799099497665697,0.0,3.741855814602185,5.270955640660094,0.4433372605212617,0.24892985257434552,2.1186709101047914,0.0032103263137056503,0.0,0.009767926762407817,3.6499460827336994,0.0,0.33117245523048666,0.5252872157934285,0.5821832721595611,0.18484984946057523,0.002132483710823975,0.001427607384692865,0.0,0.0009487397457458483,0.006335397031628128,0.003603401981409847,0.0,0.0,0.0,0.0,0.0,0.029359256778310756,0.033037456211936045,0.0,0.0,0.0,0.0,0.0,0.0,0.0,0.0,0.0,0.0,0.0,0.0,0.0010091000789442938,0.003840322096616855,0.0,0.0005337237972472894,0.0,0.0,0.003129764090586491,0.0021356557292968935,0.0,0.0,0.0345619076745735,0.21152264299208715,0.0,0.0,0.0,0.0,0.0,0.0,0.0010664742731255317,0.0,0.012663210242258032,0.01894751351031202
0.0035843867714680866,0.005596526088804812,0.050819464529019004,0.0,0.0015606500959600067,0.0,0.0024949887738800807,0.005060222078010721,0.0,0.0,5.9960492182278715,0.0,0.3938455513955109,0.03990156665476337,0.0,0.0,0.3200364102149259,7.91146449877011,8.18134534766098,0.0,0.028355596477596303,0.0,0.1446191380895017,0.0,0.0005103094756506591,3.218613848622277,0.3121302590874495,0.0006076278121835878,0.11713427167134195,0.030396739023886135,0.1881353729661176,0.00448615727133509,0.001718546668696819,1.1557053400667265,0.0015866142186103218,0.6731311750705135,0.3344436838003562,3.188575786395779,0.5225315505067926,0.010338757068971772,0.007366830170007344,0.00033506341911330594,0.004340501871466584,0.0018673113014265007,0.0,0.0,0.00037283181431845805,0.0,0.0,0.0,0.000776759088170034,0.0004026281846776561,0.0,0.0,0.0,0.0,0.0,0.0,0.0,0.0012260232883858748,0.0,0.012335446399042303,0.0,0.0,0.0,0.0,0.0,0.0,0.0,0.0,0.0,0.0,0.0,0.0009030966274343568,0.016050004902910458,0.025278053495044008,0.0,0.0,0.0,0.003391000187137454,0.0,0.0,0.0,0.0,0.023694861206263115,0.12463956767312886
0.0955161041063258,0.05346620098932073,1.3062716296654415,0.0,0.0,0.0,0.3124585331036567,0.011939395216175312,0.002339923785116725,0.0,1.4326424918726386,0.0,0.028326694456435077,0.04769368991614705,0.0,0.0024103114714256074,6.676909790192351,8.18134534766098,16.209882826912896,0.0,0.2057657046352557,0.0029524490573994357,1.429330695073562,0.0,0.002469627490373764,4.818692358836611,2.947677228436855,0.04130603958574984,0.24237629251882586,0.9176991558370358,0.03427508936697995,0.0007205336989388406,0.018770781573226238,3.0399305258933143,0.004782199546744747,1.2615352510515272,1.0806886123015875,2.3378899005628355,0.45821847084851614,0.007999293103728527,0.0009320405360673338,0.0003080257552140635,0.002050062009208628,0.013767516410536836,0.01347728983669777,0.002040576335885713,0.0019943904434840945,0.0,0.0,0.0,0.051161907514510475,0.028702771470712887,0.0,0.0,0.0,0.0,0.0,0.0,0.0,0.0,0.0,0.0,0.0,0.0,0.0,0.010430648363741257,0.0,0.0016529237278993826,0.0,0.0,0.005833591168709146,0.0,0.0,0.0,0.1763116292723208,0.4080142987182906,0.0,0.0,0.0,0.0,0.0,0.0,0.003851461033190247,0.0011012504802518786,0.0629914801782965,0.08694789359777469
0.0,0.004039235410638153,0.0,15.889486279188997,0.004998778142058875,0.15518132249221217,0.008048241882218123,0.15747498928565548,0.36216912147435115,6.9676896923205485,0.00029049147106176775,11.972412807405757,0.0,0.04258962389008878,0.20533197185665805,0.0,0.0,0.0,0.0,3.4775765608833398,0.0,0.00810416919557968,0.0,0.9141457615390624,0.0,0.0,0.0,0.5693549947291927,0.03789183741731627,0.0,0.0,0.0005192817842658555,0.0,0.00967904247439823,0.0,0.2241372257856554,0.003273733656503491,0.0831741972790973,0.02346077034963658,0.40575552482718685,0.0,0.0,0.12231331636308665,0.0,0.0,0.0,0.09294784835360995,0.0,0.0,0.0,0.0,0.0,0.004709281103287166,0.0,0.0,0.0,0.0,0.12691358138460473,0.0,0.0,0.044357880607117976,0.0,0.0,0.009513214654785971,0.0,0.0,0.0,0.0,0.004005359905744355,0.0,0.0008700846488819665,0.0,0.06248158152208099,0.0,0.0,0.0,0.012598159728111472,0.0,0.0,0.0,0.0,0.0,0.0,0.0,0.0074244336357821294,0.14274874121950767
0.13367012294565406,0.010726005316948357,0.43408392230724363,0.0,0.00039714022673608963,0.0015016762745543874,1.005768873548693,0.11118582055619955,0.00484119011705962,0.007783629375786179,0.1658873559887623,0.0,0.0029827187440308873,0.3531958174237528,0.0,3.9012554508852713,0.5672908132070974,0.028355596477596303,0.2057657046352557,0.0,35.7565589570636,0.12553833514828194,22.226329384056623,0.9355103597219506,0.0,0.08328492854340602,0.9109358185656379,10.857475886619953,1.1046536860318483,11.774277799466955,0.0,0.003552409304038523,0.200674298991154,4.082026502218111,0.013431478514957327,2.742622918447561,0.4670020402001462,3.669181735542028,1.6680293210993287,0.11694001004009527,0.029346132381654233,0.018692881590752986,0.06853219156051715,0.04446302319204976,0.0020625867128411354,0.004386490151056827,0.0007164615861792651,0.0,0.003892627800321613,0.0,0.0,0.0,0.0,0.0,0.0,0.0,0.0,0.008901429100664307,0.0,0.0,0.0,0.0006757560219983033,0.0,0.0,0.1194687639918889,0.0,0.0,0.0,0.0,0.0039127405045803415,0.07856201010431642,0.0034548139265637577,0.04406946926851297,0.014139607640371418,0.0,0.0020801209969934296,0.0011834598871626224,0.0012421989350643757,0.0012175499513594592,0.0,0.0,0.0,0.005509088529628382,0.0,0.8356364131059689,0.8340067415453002
0.003948941888858083,2.3861980394288476,0.0005924697453348861,0.025450258788625984,0.0009747020445584984,0.002445657019877444,0.05116431260924386,0.052665195742391924,2.5685625478976366,0.013934132614378565,0.016133753096860708,0.019438343092580294,0.04960965141863816,0.061616142795686404,0.04931122123816518,4.765319637993443,0.005084470182196112,0.0,0.0029524490573994357,0.00810416919557968,0.12553833514828194,5.476956099664143,0.0744674179679314,7.343647865913445,0.32526043489280465,0.008818512698280016,4.074659815234556,0.18080127574269766,0.05720545507594616,0.04956571554917212,0.0008600528729651863,0.0,0.008224932554976645,0.023875762238676535,0.002335382550911542,0.19716439305368205,0.21225807670004326,0.05540869916270212,0.055137103075447204,0.07613175404086948,0.0,0.1106023032092521,0.4176007991526389,0.042900246850937254,0.08327742995642153,0.034199402474729544,0.06409670732380372,0.0011353959739151887,0.0015041833066147476,0.0,0.02117007290070525,0.017744911474105948,0.0012958350827523026,0.0,0.0008572268972925594,0.024811194641649097,0.007995492043643766,0.5154121016200921,0.0038854482633398813,0.00035071446928378107,0.0006746358512996537,0.006331286831058554,0.008456518841723746,0.0006789134801671623,0.48381158517261397,0.0025174809783502076,0.0,0.0,0.0,0.05264208369149138,0.8461339273102835,0.05652072402477444,0.7824648637918306,0.12352938146740558,0.0006857084913738064,0.17579030243407584,0.12529772343364734,0.0630057810718384,0.038920253046670385,0.0,0.0008297257050498858,0.011246226985559327,0.011451056449010804,0.004184589132557653,0.13332346666716893,0.0336619430323752
0.15310025709687503,0.03283192312711076,13.823292822335913,0.0,0.004029003529331851,0.003393717583674225,3.195378594736435,0.6629587851147525,0.0022274888284461087,0.045844349859980905,0.36957462679085806,0.0,0.002218377832174875,1.9697138309031021,0.0,6.806580032815726,8.278056894252753,0.1446191380895017,1.429330695073562,0.0,22.226329384056623,0.0744674179679314,73.19118800776961,0.5638062741614339,0.0014694784723358286,1.551196037799169,14.073134754257362,5.438579091348867,0.47577301940276895,4.034739997314658,0.0,0.004971285567449187,0.04994290597075053,4.340155157494033,0.0432946956252274,7.438739244172302,3.5796614387542824,6.686842760463359,5.788106771071439,0.4165435738643028,0.030638297173482605,0.0169070745246014,0.11583827885702869,0.2283239607696205,0.037235937622404576,0.028117770477418022,0.0033167280457664337,0.0,0.0028399612246350816,0.0,0.005047117409198299,0.034612427750008966,0.0,0.0,0.0,0.0,0.0,0.007913036829011264,0.0,0.0,0.0,0.0006250163413088854,0.0,0.0,1.5935990459806788,0.0012849814247875423,0.0,0.0,0.0,0.016906156723890727,0.09440751623594228,0.9129908234029076,0.02401805431469938,0.024676664560366057,0.0007933716351620064,0.7710294278285085,0.001090440594391157,0.0,0.0,0.0,0.0,0.0,0.015062795861143495,0.007173082663400779,2.0722478199390806,1.2542919986352212
0.15116661479527224,1.3790892842513847,0.02467575473894515,4.286071432169375,0.04852511473876615,0.1705271823519032,1.432154474739248,1.1153363857216358,12.186302840311924,1.1053787293974036,0.003419664987812578,1.7943646664997162,0.013403968522697894,0.8005692776690436,1.2073762132228962,1.9141644745372655,0.011799099497665697,0.0,0.0,0.9141457615390624,0.9355103597219506,7.343647865913445,0.5638062741614339,50.3945060098111,0.12902360758946996,0.0025393749944623853,2.835611878230029,18.60462627416785,1.5110239078356258,0.9894373374460063,0.0,0.0007690310016122297,0.18219757541874895,0.5897527418047394,0.0462698087989959,3.8244376345285223,0.37035770962577963,1.3180720538772022,0.8352473580884033,1.3523490870295738,0.018300397439200613,0.03935475697423165,3.1584739726683213,0.1343068876436946,0.08966225377919333,0.044320486220224005,0.7116239915909844,0.0,0.005205596500487776,0.0,0.007213166086155742,0.0,0.5424426672343204,0.0008150910492147271,0.05692389975591787,0.36596080390256625,0.21527787493019548,1.6390624475839504,0.11283957791470164,0.0,0.06278983761279378,0.0005814872636361456,0.006650379450860828,0.1413287626438089,0.37240497690773433,0.0,0.0,0.0,0.17137413835296209,0.031469386501162586,0.29588831749036015,0.010248528171839747,8.356641707434667,0.032829128050287995,0.0,0.015944496805711226,2.658150937664732,0.04817462151619016,0.12221390407852663,0.0,0.0,0.00883038648944733,0.09155732370754942,0.0,0.8787884506565498,0.709456009950072
0.0,1.4609974844623836,0.0,0.0,0.0,0.0,0.0,0.0,0.3674715240865629,0.0,0.04225275772902943,0.0011184360466419733,1.8522764692372393,0.0003066914963704372,0.0,0.019725980713650417,0.0,0.0005103094756506591,0.002469627490373764,0.0,0.0,0.32526043489280465,0.0014694784723358286,0.12902360758946996,2.405694157686319,0.008921271496981896,4.58977430969612,0.0,0.00020079826545025775,0.0,0.006419832371618568,0.0,0.0,0.053286223639494174,0.0,0.02928168877988914,0.5197751816291803,0.03505102131437009,0.032723979294705385,0.02221789069755972,0.0037730069080387763,0.44557391638339156,0.015570984228784427,0.11684338942786114,0.027832514757945587,0.008634108073705567,0.0,0.0,0.007677798915279078,0.0,0.07078430972081735,0.0,0.0,0.0,0.0,0.0,0.0,0.002860230201384699,0.0,0.04066880752930677,0.0,0.8509914962951315,0.0,0.0,0.0,0.0015145241014271487,0.0,0.0,0.0,0.0,0.020793044785480642,0.0,0.0,1.1286264757353512,0.13695456520423285,0.6656507430524963,0.00039774507210152594,0.0,0.0,0.1051602468845888,0.0,0.0,0.0018324108605576436,0.0,0.0008307852331460588,0.014104618910560763
0.031726317808863425,0.16851657943541834,14.372186123292341,0.0,0.000297078291198557,0.0009962638790366708,0.20301808555806194,0.0473219094986485,0.019446568433279757,0.0,1.6567165254979426,0.0,1.282481393072114,0.15586430513660093,0.0,0.004028436483002094,3.741855814602185,3.218613848622277,4.818692358836611,0.0,0.08328492854340602,0.008818512698280016,1.551196037799169,0.0025393749944623853,0.008921271496981896,58.4603289165811,15.303763523323747,0.04851308142259742,0.11637427634150546,0.18067466669479915,2.1618461577983403,0.0010982417104489328,0.0013706568680020013,0.9433244425512114,0.005628891015348374,3.4713830675871002,4.3889160415064365,5.110616335335933,1.3229882118537075,0.01440600364726196,0.005391394400253019,0.003238291049490399,0.07090681046797757,0.2404041654337804,0.2217566886617487,0.02874290207006888,0.004156768555941947,0.0,0.0,0.0,0.3843913732261531,0.5179066999863176,0.0,0.0,0.0,0.0,0.0,0.00040970768416327447,0.0,0.015011871152122611,0.0,0.20452224175028985,0.0,0.0,0.0030444066790654666,0.1803074765575404,0.0006837815460825285,0.04460977857881336,0.0,0.0,0.0505842145475609,0.0034379514226193326,0.0,0.02000424804952743,2.9011559431550475,5.793330159412375,0.0,0.0,0.0,0.13203842672758956,0.0,0.0,0.04007485245057471,0.00039743796823545904,0.12087350659247348,0.13628912968685292
0.060299371241994894,11.529595660505938,10.594347413888046,0.00029122048937512915,0.0006876469572396845,0.001973874199942584,0.865906195960054,0.11286502002461347,1.685661145883571,0.035351155688760454,0.4077022890480667,0.006646744572784962,4.84141535035742,0.3345568229863467,0.012808225855071086,8.656475685517172,5.270955640660094,0.3121302590874495,2.947677228436855,0.0,0.9109358185656379,4.074659815234556,14.073134754257362,2.835611878230029,4.58977430969612,15.303763523323747,96.4504276722766,1.1380540880524115,0.09531508615962848,0.3417555766360886,0.9896289469285126,0.0005361029478897988,0.007886187765125596,1.860273478911402,0.027840072741243487,7.599222050184148,4.799759427698786,5.78172315894566,3.481872466625707,0.22988402705514274,0.0023546336742557117,0.1561769834409128,0.7418050263521374,1.5591342497282588,1.1070593733452516,0.3020959643140593,0.003531803464471549,0.0,0.0023677266705070467,0.0,2.5509720576279964,3.26102794464251,0.0,0.0,0.0,0.0,0.0,0.0030363062864449536,0.0,0.0865557795028853,0.0,1.487242578667886,0.0,0.0,2.5420905182674334,0.32883194815168615,0.00516658804765456,0.06429785646522407,0.0,0.024643631273310204,0.6915194698735642,3.1875969578425063,0.18298078346012656,0.5434642228478538,6.636225901911716,36.76913388032283,0.0027927028852871437,0.0009064799678984517,0.0,0.7613882502607265,0.0,0.0,0.20652884441321964,0.0,0.5981237950205754,0.11247914789255505
0.514884841153969,0.022081607406722013,0.6515805177535147,4.7822234882922166,0.0064257454965179536,0.5810907775591865,27.545827838933743,2.759508560812543,1.9578634857161865,12.160894215132092,0.01984772807906546,0.7953945352127756,0.009324898749537028,3.2069648295346247,0.25049455133155224,0.5859002894397832,0.4433372605212617,0.0006076278121835878,0.04130603958574984,0.5693549947291927,10.857475886619953,0.18080127574269766,5.438579091348867,18.60462627416785,0.0,0.04851308142259742,1.1380540880524115,63.322416417975774,5.716055629451229,7.42809565095144,0.0,0.0022262736054076415,0.672473501532672,2.218242611406267,0.07334556790995511,5.743693587784974,0.42440617887642335,4.0862541553649345,1.9015344616210619,1.3374682883272826,0.05660422379683602,0.037815252087431764,0.7842292568911435,0.027755516116048075,0.0017073244131392696,0.00419257868144387,0.25820564922143935,0.0,0.001702371736354737,0.0,0.0,0.0,0.011914829156289745,0.0,0.0,0.018467347618116702,0.002317869818441026,1.0037116052072868,0.0,0.0,0.012334748826730088,0.0012591561873756777,0.0,0.0015073725299563365,0.029890811834987898,0.0,0.0,0.0,0.0017326446906953373,0.00040659582193612365,0.047730663969253025,0.0002856581796512794,1.4864770289772207,0.015420853085681651,0.0,0.00039950759842699167,0.10126524516195953,0.001447197225089353,0.010845248370860882,0.0,0.0,0.0008844582831494831,0.016513136759228646,0.0,1.470949262238642,1.5070483058020663
4.323913282482218,0.002579369003575663,0.040932661015295684,0.11430157675276593,0.0032414851363991013,0.06539563657755744,2.7064818153028702,0.35923362725267843,0.21856255811773054,1.25615362945744,0.6560994767301181,0.13353616383195163,0.040986070399166824,3.2967164468911694,0.003821516354431314,0.14682790742808494,0.24892985257434552,0.11713427167134195,0.24237629251882586,0.03789183741731627,1.1046536860318483,0.05720545507594616,0.47577301940276895,1.5110239078356258,0.00020079826545025775,0.11637427634150546,0.09531508615962848,5.716055629451229,34.87663824182558,4.7302715992768025,0.012165592169002724,0.008408333354497064,3.8268199050277465,4.224020047399817,0.01985810335960842,0.7631533351568668,0.1016520490774843,2.672622702210915,0.41844472072857836,0.22659288766464497,0.036699417654031896,0.01825825870337981,0.026204952693518666,0.0011785069975970305,0.0,0.0034573643203646884,0.0022339042838353013,0.0,0.0007144488293256937,0.0,0.0010530131048435314,0.0,0.0,0.0,0.0,0.0,0.0,0.04523483817547228,0.0,0.0,0.0,0.000261253620591228,0.0,0.0,0.0012973501447034607,0.0,0.0,0.0,0.0,0.0,0.018752503269695735,0.0,0.023368166283907584,0.0004208478366284493,0.0,0.0,0.0006330455434657432,0.0,0.0008637956006418434,0.0,0.0,0.0,0.003794653125406409,0.0015307162234392553,0.258411252387227,4.045474801310872
1.3463783215341345,0.008927698229767333,0.2543405893810177,0.0,0.0013999647386403594,0.00035074346830270904,4.282842228436664,0.11050584514655021,0.02539784260595448,0.008692834233154477,0.17297516177067412,0.00025365815742921374,0.0,1.4675756241501798,0.0,0.23156144209598034,2.1186709101047914,0.030396739023886135,0.9176991558370358,0.0,11.774277799466955,0.04956571554917212,4.034739997314658,0.9894373374460063,0.0,0.18067466669479915,0.3417555766360886,7.42809565095144,4.7302715992768025,26.983996809692655,0.0,0.003121473866861991,0.7189123526347742,4.000685366271273,0.0033793033994158807,0.2510288535437173,0.12514508215796039,1.2484999201244598,0.2143135213557666,0.014216609701964488,0.008508522852280851,0.0012772997852956954,0.0404667311184185,0.0050012188016267545,0.0,0.0003462364614511013,0.004281678881436141,0.0,0.0003605000575126212,0.0,0.0,0.0,0.0,0.0,0.0,0.0,0.0,0.014206519122481588,0.0,0.0,0.0,0.0,0.0,0.0,0.015360218052133076,0.0,0.0,0.0,0.0,0.0,0.026072698564063405,0.0,0.10087429742645757,0.00214665723970197,0.0,0.0,0.0027360413860721333,0.0008062023939539212,0.003388485145389999,0.0,0.0,0.0010264945051447162,0.0019326225635650487,0.0,0.07634118182464499,0.17735825102682926
0.0,0.011235224532838105,0.00018005770507417576,0.0,0.0,0.0,0.0,0.0012555507034835687,0.0,0.0,0.4394895603021381,0.0,1.5655865621713703,0.0034953945122684934,0.0,0.0,0.0032103263137056503,0.1881353729661176,0.03427508936697995,0.0,0.0,0.0008600528729651863,0.0,0.0,0.006419832371618568,2.1618461577983403,0.9896289469285126,0.0,0.012165592169002724,0.0,0.31786166947720995,0.0002589642179606504,0.0,0.11883353832406655,0.0,0.08985962946127238,0.5838300241119849,0.7426844703279879,0.15950405279824584,0.002091465510469354,0.002539533941915188,0.004688416263572629,0.0,0.030446079517110963,0.0032868302396355776,0.0002794212627711767,0.0,0.0,0.00023926675594307948,0.0,0.008359966106648044,0.0,0.0,0.0,0.0,0.0,0.0,0.0,0.0,0.020041520300092215,0.0,0.3369782447752932,0.0,0.0,0.0,0.0,0.0,0.0008786974486954275,0.0,0.0,0.0,0.0,0.0,0.043396582112769776,0.3065549982315219,0.2655666033664454,0.0,0.0,0.0,0.09002935682820304,0.0,0.0,0.0003818554639640217,0.0,0.0009779416058197318,0.03412253864483304
0.0011317252270318463,0.0,0.0,0.0,0.04354646373968084,0.42195335238106846,0.004320802053658689,0.005462325574988478,0.0,0.008592651529166,0.03160703254830751,0.002939014851517631,0.009441642674685767,0.00954623178567981,0.003977367584414874,0.00026778216911451096,0.0,0.00448615727133509,0.0007205336989388406,0.0005192817842658555,0.003552409304038523,0.0,0.004971285567449187,0.0007690310016122297,0.0,0.0010982417104489328,0.0005361029478897988,0.0022262736054076415,0.008408333354497064,0.003121473866861991,0.0002589642179606504,0.2050113947849802,0.0007019104621093187,0.03141224297685043,0.0,0.017788055813222497,0.005203965564050075,0.1221556374501773,0.017757010174855023,0.1140670812321563,0.4257534939051776,0.010713616626009979,0.0,0.0,0.0,0.0,0.0,0.0,0.0,0.0,0.0,0.0,0.0,0.0,0.0,0.0,0.0,0.0,0.0,0.0,0.0,0.0,0.0,0.0,0.0,0.0,0.0,0.0,0.0,0.0,0.0,0.0,0.0,0.0,0.0,0.0,0.0,0.0,0.0,0.0,0.0,0.0,0.0,0.0,0.005666037725086992,0.8625619909334882
0.02964081302545659,0.0,0.0012102220147861093,0.0,0.0,0.0011652103698700114,0.06928819402334133,0.00877552984479032,0.010167864360962434,0.009736099032050844,0.025487662461893434,0.0,0.0,0.01864458722041749,0.0007613963563376427,0.024586661074371186,0.009767926762407817,0.001718546668696819,0.018770781573226238,0.0,0.200674298991154,0.008224932554976645,0.04994290597075053,0.18219757541874895,0.0,0.0013706568680020013,0.007886187765125596,0.672473501532672,3.8268199050277465,0.7189123526347742,0.0,0.0007019104621093187,2.613212659886553,1.1129656477887484,0.003668174177928198,0.038572967544189735,0.005250013787105022,0.3415157336082371,0.04991999469398017,0.0012675887920274931,0.0023601280612250575,0.0007678116445417138,0.0,0.0,0.0,0.0,0.00043340325672702306,0.0,0.0,0.0,0.0,0.0,0.0,0.0,0.0,0.0,0.0,0.002259310038583435,0.0,0.0,0.0,0.0,0.0,0.0,0.005345933027365216,0.0,0.0,0.0,0.0,0.0,0.0006755116581480292,0.0005598802283810966,0.01172778223169454,0.0014158050575648743,0.0,0.0,0.0,0.0,0.0,0.0,0.0,0.0,0.0,0.0,0.022477692771346616,0.0654277896045616
0.2646026928781791,0.04402120145021419,0.41621275308677136,0.02096015363827387,0.0127340622928359,0.18814377727088785,0.6532633350471219,0.13013198983735533,0.10013420844884592,0.32284132395178006,9.381088641066116,0.03792470827642909,0.6045486831006085,0.5757997731724727,0.0021217371121303513,0.20570284751388535,3.6499460827336994,1.1557053400667265,3.0399305258933143,0.00967904247439823,4.082026502218111,0.023875762238676535,4.340155157494033,0.5897527418047394,0.053286223639494174,0.9433244425512114,1.860273478911402,2.218242611406267,4.224020047399817,4.000685366271273,0.11883353832406655,0.03141224297685043,1.1129656477887484,10.991521022735338,0.2554919939532799,1.2645063792767792,1.185000179871301,5.6228190637494775,0.8919794948554846,0.3432754616347666,0.292208233363683,0.4748971772175389,0.1083092129916903,0.05701856778274255,0.0324546573506393,0.11064647528089508,0.02494283225317781,0.002429118444701573,0.0013249437447213307,0.0,0.018069162666766815,0.007168139850538297,0.0,0.0018623975787748362,0.0,0.0,0.0,0.019590856760425282,0.0,0.002665325211400524,0.0,0.014752603234792843,0.0,0.0,0.01517250161192844,0.00199549198064123,0.0007292725259351848,0.002893559162923861,0.0,0.004887422973281201,0.0095952712241001,0.013773500695502577,0.036055080640369115,0.02230991309586031,0.012590270247118639,0.07709386016093424,0.016162243158688534,0.006176769890315938,0.001854826859010521,0.0,0.0010244718691704419,0.0,0.004971470914952241,0.05872318513442558,0.40149690952816497,3.747947511964422
0.0,0.0008620948720160392,0.0029059121066439472,0.0,0.0,3.5864083415308348,0.02506590807155323,0.0026621040101051504,0.015209241727456137,0.02014298713778571,0.003911151972368442,0.00040254665913387806,0.002805160091727269,0.007265958313757171,0.0,0.017821033655613217,0.0,0.0015866142186103218,0.004782199546744747,0.0,0.013431478514957327,0.002335382550911542,0.0432946956252274,0.0462698087989959,0.0,0.005628891015348374,0.027840072741243487,0.07334556790995511,0.01985810335960842,0.0033793033994158807,0.0,0.0,0.003668174177928198,0.2554919939532799,251.84021466761556,3.854020304536228,0.31495126379931826,0.24242750338797708,2.4204856928791565,0.15547710318370422,0.037280813664990045,0.01310833998486329,0.9156375472787303,0.3086614866928659,0.06902724118397863,1.1715262630095902,0.1569073559537431,0.00419972862665943,0.011498140079908778,0.0,0.0,0.001562973741142807,0.0,0.0018573674040880408,0.08003792579650426,0.0,0.0008224239405470769,0.004939956611098572,0.001290540330014411,0.0011368847422066227,0.06611422516882152,0.0,0.0022442716762803676,0.024018461577650738,0.00623944581341415,0.0011006590704905992,0.0,0.0007323650554830485,0.0,0.025285487001421067,0.001614707200580456,0.02959676050637303,0.003774914034294054,0.0,0.0009181666333209654,0.004817457854961442,0.0,0.005112004841859997,0.0,0.0,0.0006485735301895398,0.0,0.07662129239166401,70.92066594608762,27.820305083490943,0.38124050959834166
0.06475029283589909,0.12531031437298448,1.14520199626928,0.656176853955117,0.009847127156337296,0.237590777660762,1.0453983862265581,0.6264737239074208,0.7020006585269432,3.3803404744592975,0.3221655301611437,0.7654191051220819,0.16486244183135787,0.5418277164859165,0.25958982370549927,3.037975322577961,0.33117245523048666,0.6731311750705135,1.2615352510515272,0.2241372257856554,2.742622918447561,0.19716439305368205,7.438739244172302,3.8244376345285223,0.02928168877988914,3.4713830675871002,7.599222050184148,5.743693587784974,0.7631533351568668,0.2510288535437173,0.08985962946127238,0.017788055813222497,0.038572967544189735,1.2645063792767792,3.854020304536228,6.228728671720294,8.995952886597198,3.726833732010936,4.121381644113282,6.066738366573748,0.2738509106831418,0.28398520063961075,1.850596271536869,0.5555567916571362,0.2887005636031791,0.3355376645092581,0.3032981112723699,0.005062548838916204,0.010988482094271905,0.0,0.03499527905973723,0.02002641320950631,0.30715652577786245,0.010944176441718594,0.025290092814678367,0.04473516650659835,0.034913122984879634,0.39657923785758414,0.358274007464116,0.01233556497888806,0.09533004424267687,0.009325728474086987,0.007441010085986909,0.05590807546106539,0.37434541099843066,0.0003896584494554068,0.008867913454141107,0.006290221666883981,0.11236601253662402,0.06540825466167867,0.1445236856756913,0.07916800187331695,1.7225909884957145,0.0538319910119972,0.05227596831137368,0.2151665333642072,0.5325484838350455,0.05885382019758648,0.07755927152556374,0.0027131670572131785,0.006642688266618496,0.010792090813375786,0.1394201650834863,0.6882716657779853,3.0758711580450266,2.564993050237756
0.02950828471240517,0.45960728003846146,0.8216016190454156,0.0021887745758274665,0.005911033656701922,0.0069297407701672835,0.29158756936779107,0.1747920136544664,0.1687832666483901,0.035817035430101736,1.5806879271836467,0.004059556731528853,3.850504378657764,0.3913930689975296,0.0,0.9346717014527489,0.5252872157934285,0.3344436838003562,1.0806886123015875,0.003273733656503491,0.4670020402001462,0.21225807670004326,3.5796614387542824,0.37035770962577963,0.5197751816291803,4.3889160415064365,4.799759427698786,0.42440617887642335,0.1016520490774843,0.12514508215796039,0.5838300241119849,0.005203965564050075,0.005250013787105022,1.185000179871301,0.31495126379931826,8.995952886597198,1.8595376806182984,6.895422394399475,6.466965934814708,0.2482754486758907,0.1417530047183314,0.8531774487709437,0.2170823633528037,0.25791738319710056,0.058111661240214725,0.09531951060742849,0.02582536828741802,0.0009727232110855599,0.010174720805101217,0.001075239971330195,0.10961677646015167,0.017459741079839053,0.0014198407239683737,0.0,0.0,0.0010391692042268066,0.0,0.01574024251986581,0.0,0.046146479391191306,0.0,0.4456431136052582,0.0,0.0,0.09401737766122024,0.0016148329693863417,0.0,0.0008668272444088789,0.0006509510697754435,0.008908660465033094,0.07871087032133854,0.06832484421317116,0.08089435487120747,0.22003022430336996,0.1635715037527453,0.5067514128754104,0.016204020926637468,0.004418286450611328,0.006723886431535357,0.06177305937484781,0.0,0.00047255998756266993,0.03257337383221968,0.05912875263108811,2.318728571799257,0.6693191289323794
0.3087162761595023,0.10897628093497568,0.7379411241014834,0.18707755711914428,0.026867860539075326,0.10839049686177876,1.4875376186685036,0.48849885238805835,0.22321898742991808,2.1219938387122728,4.810062299766121,0.3103164090884731,1.8230117699915864,1.5765385001974668,0.012797019558093106,0.5019750828030506,0.5821832721595611,3.188575786395779,2.3378899005628355,0.0831741972790973,3.669181735542028,0.05540869916270212,6.686842760463359,1.3180720538772022,0.03505102131437009,5.110616335335933,5.78172315894566,4.0862541553649345,2.672622702210915,1.2484999201244598,0.7426844703279879,0.1221556374501773,0.3415157336082371,5.6228190637494775,0.24242750338797708,3.726833732010936,6.895422394399475,6.471214022147548,3.3963833143095385,0.6968802807047243,0.6602094724219005,0.7772306876030909,0.1650768500598463,0.05652285622779693,0.03360180355071976,0.07142247957939103,0.027106197001019693,0.0,0.0003803050499593932,0.0,0.06773228426386509,0.023175573312141106,0.0,0.0,0.0,0.0,0.0,0.08137805134836164,0.0,0.0034893441739818707,0.0006497959877840934,0.045444210073822114,0.0,0.0,0.041530218310210656,0.0063856031486076515,0.0,0.001774147271937403,0.0,0.0,0.0190453435093042,0.04209439279477935,0.10454976352016544,0.042286266186592425,0.1407611131253374,0.5076664798358196,0.0017719684546641209,0.0,0.007823574551645895,0.0018804029905941761,0.0,0.0,0.02464772629043117,0.03141795254626739,1.1226780878769773,6.235596252895784
0.07721538447100261,0.04686729028305844,0.558770942634424,0.08131730291770584,0.0033272088809144745,0.022860657766956245,0.49794444140669764,0.18408236121284952,0.13215352199467778,0.6414949468023847,0.5282809148305538,0.06638137812913911,0.44906105614557784,0.3932467064712019,0.004443496325193875,0.7658945225161179,0.18484984946057523,0.5225315505067926,0.45821847084851614,0.02346077034963658,1.6680293210993287,0.055137103075447204,5.788106771071439,0.8352473580884033,0.032723979294705385,1.3229882118537075,3.481872466625707,1.9015344616210619,0.41844472072857836,0.2143135213557666,0.15950405279824584,0.017757010174855023,0.04991999469398017,0.8919794948554846,2.4204856928791565,4.121381644113282,6.466965934814708,3.3963833143095385,1.2806035682584487,0.4950780025579169,0.24163277507596662,0.398025632320524,0.44496609810176085,0.26914173514965845,0.10602130660713918,0.7954732532168408,0.15408135971734715,0.020893310367692514,0.0041033988101427865,0.0,0.023317840431985166,0.01081117564832055,0.0,0.007665234011224617,0.0013607844954974344,0.0,0.0027622357378307926,0.05362349055848412,0.0,0.00247975428823307,0.0,0.01125271580481875,0.0032243936800327,0.0,0.03879026260373457,0.0006742589248481829,0.0,0.0044798564745406515,0.0,0.00035447045018082866,0.01665305302831136,0.050764545159544844,0.030269874441131616,0.01094305844442651,0.024845309403647674,0.1911856204397201,0.0014136411349658844,0.018520528991882026,0.003257888701991568,0.0,0.008364070136566835,0.0,0.0788396701022498,0.6267540306889756,6.342024366190901,1.4883856760091367
0.005652454420475785,0.10166249940894719,0.004674379826492712,0.6457039799648877,0.33457580436409995,1.4901981035211245,0.17523334134907512,0.4883934780845508,0.8836990556401071,3.6724404210179045,0.0768335778402918,2.65934432351483,0.0354492825781277,0.4342796215025392,2.596799066880187,0.12287092294983464,0.002132483710823975,0.010338757068971772,0.007999293103728527,0.40575552482718685,0.11694001004009527,0.07613175404086948,0.4165435738643028,1.3523490870295738,0.02221789069755972,0.01440600364726196,0.22988402705514274,1.3374682883272826,0.22659288766464497,0.014216609701964488,0.002091465510469354,0.1140670812321563,0.0012675887920274931,0.3432754616347666,0.15547710318370422,6.066738366573748,0.2482754486758907,0.6968802807047243,0.4950780025579169,3.6338582110243416,0.7475849193626765,0.09902847640427785,0.6146291922182693,0.033874796393655676,0.040276478540744017,0.05495309168547264,0.4800209958311085,0.0037145421045277674,0.004744804156740079,0.0,0.0,0.00044069812104398685,0.4406100900840263,0.012482893278659256,0.040002258559030245,0.08911566321755875,0.06503791351047751,0.24691737735170605,0.2939427482631194,0.0004310716018571275,0.13675957988939824,0.0008562775137929099,0.009610907136417933,0.20687014695301664,0.04804116032537001,0.0008327553425954886,0.0,0.00037261866848960836,0.21670496803826195,0.012969289202747489,0.02723161298550747,0.008035871384060436,0.6762327771316731,0.01291991548527987,0.0019621619247994727,0.002004643086142521,0.6858993798324795,0.00647797234964082,0.016169749056222364,0.0,0.0,0.00107671819176045,0.041873330309756075,0.02968992946022383,0.30271525537055,3.5522076871739285
0.0,0.0026424447574867342,0.0,0.002820551275427293,0.3393873721201123,0.07906203857663278,0.016249195607442445,0.00838779411540229,0.0055167681325014985,0.036823267858682694,0.1264344169008783,0.004413494773096979,0.05552519425559837,0.01869026462687716,0.0,0.007966597971375094,0.001427607384692865,0.007366830170007344,0.0009320405360673338,0.0,0.029346132381654233,0.0,0.030638297173482605,0.018300397439200613,0.0037730069080387763,0.005391394400253019,0.0023546336742557117,0.05660422379683602,0.036699417654031896,0.008508522852280851,0.002539533941915188,0.4257534939051776,0.0023601280612250575,0.292208233363683,0.037280813664990045,0.2738509106831418,0.1417530047183314,0.6602094724219005,0.24163277507596662,0.7475849193626765,0.973761143971024,0.07620199645850789,0.0067428463487984825,0.005636987760293577,0.001916419103362104,0.009971091670013919,0.0020315217721916666,0.0030517365610656646,0.0,0.0,0.0,0.0,0.0,0.0,0.0,0.0,0.0,0.0,0.0,0.0,0.0,0.0014078138824234008,0.0,0.0,0.00046058688843432776,0.0,0.0,0.0009972161958752366,0.0,0.0,0.0,0.001746075552874753,0.0,0.0006943006514243159,0.0,0.0,0.0,0.0,0.0,0.0,0.0,0.0,0.001360741452928461,0.004426247578027215,0.094406190184368,5.662510060837298
0.0005156615272886327,0.20174391044745282,0.0,0.00021007945617324914,0.0016432056976575125,0.001604437960999245,0.010161889195185073,0.0034937926812402607,0.08439872716360448,0.01590549507068014,0.3625293561330856,0.0,1.3537867063559508,0.02481995957992139,0.0,0.08892850285026042,0.0,0.00033506341911330594,0.0003080257552140635,0.0,0.018692881590752986,0.1106023032092521,0.0169070745246014,0.03935475697423165,0.44557391638339156,0.003238291049490399,0.1561769834409128,0.037815252087431764,0.01825825870337981,0.0012772997852956954,0.004688416263572629,0.010713616626009979,0.0007678116445417138,0.4748971772175389,0.01310833998486329,0.28398520063961075,0.8531774487709437,0.7772306876030909,0.398025632320524,0.09902847640427785,0.07620199645850789,0.529388996692377,0.0325105267419563,0.08224777401106224,0.012441453954187028,0.010245848376756222,0.008553901529329045,0.0,0.0038815360403492384,0.0,0.042120961550014074,0.0,0.0,0.0,0.001572403772218189,0.00039536976671676637,0.0,0.0016731240219621368,0.0,0.007880665807810147,0.0,0.08161325698016667,0.0,0.0,0.001186698095744253,0.0,0.0,0.0,0.0,0.0006035073373285085,0.019959050661943457,0.0009952502204578554,0.01091659939302759,0.08301011114846525,0.0012213888256785393,0.009630538773094315,0.006550942954855756,0.0009273114161850076,0.0023922505693452045,0.0016388217846498752,0.0,0.0,0.0012906855378901107,0.0032986702898060065,0.057792557920564515,0.35311902730729516
0.0,0.192835553545001,0.02436426112358971,0.5019126650897702,0.0055472363742604495,0.0501166089846272,0.05812842939095691,0.054386794481837815,0.7204451255695582,0.5077449442960511,0.005434899889625276,0.2013839050755108,0.013887526889744328,0.02135853773749848,0.08683592268620137,1.4377182169811922,0.0009487397457458483,0.004340501871466584,0.002050062009208628,0.12231331636308665,0.06853219156051715,0.4176007991526389,0.11583827885702869,3.1584739726683213,0.015570984228784427,0.07090681046797757,0.7418050263521374,0.7842292568911435,0.026204952693518666,0.0404667311184185,0.0,0.0,0.0,0.1083092129916903,0.9156375472787303,1.850596271536869,0.2170823633528037,0.1650768500598463,0.44496609810176085,0.6146291922182693,0.0067428463487984825,0.0325105267419563,8.268287955777197,21.304858582472026,4.673950820311019,4.430339715490881,5.687906872275799,0.28682043978133737,0.32266300656780766,0.014720037518920618,0.36625178283984083,1.935920703741236,0.8790232190080779,0.3099135510698519,0.57193587215291,2.3663078435632503,0.6190636302257014,0.816670873528876,5.151313234935258,0.51608546532942,1.1146057795448068,0.1340528256430095,0.9071569760458003,0.3216991716016195,3.502097670724131,1.102747748675554,0.8560463198440419,1.6323377892587185,0.5034572631952455,4.538254296929347,0.3064786697435769,9.357748118613733,4.245685265234701,0.13042358304315677,6.866406487464313,10.179025077607704,6.506810388676811,1.7940925472294276,0.8517325205367039,0.06705242820919213,0.18876664561778003,0.021017648220939846,1.331679058438175,3.8121943036802906,4.146962601829784,0.11787589914721877
0.0004042135251736349,0.1542072550671691,0.04084986279759231,0.0,0.0,0.0,0.0042722981243750995,0.0,0.02243585162503868,0.0,0.0698061663681542,0.0,0.641586429010366,0.0,0.0,0.5067706250750192,0.006335397031628128,0.0018673113014265007,0.013767516410536836,0.0,0.04446302319204976,0.042900246850937254,0.2283239607696205,0.1343068876436946,0.11684338942786114,0.2404041654337804,1.5591342497282588,0.027755516116048075,0.0011785069975970305,0.0050012188016267545,0.030446079517110963,0.0,0.0,0.05701856778274255,0.3086614866928659,0.5555567916571362,0.25791738319710056,0.05652285622779693,0.26914173514965845,0.033874796393655676,0.005636987760293577,0.08224777401106224,21.304858582472026,5.372957475143975,12.605219899538158,6.860860415032866,0.2902431352274223,0.02351897235333817,0.35292239298483136,0.003235611497585255,0.647703011087326,1.5933436789785491,0.008245807653778097,0.007179621926970326,0.01351837594460826,0.19112706183015837,0.12365926898510247,0.17675732382705436,0.05603418918505078,2.81726856362589,0.0021153833480502923,2.948931133810782,0.09186890348403605,0.0020540089763068556,0.8846925031946097,0.7944999989346272,0.5535354590732525,0.5904184481164217,0.003152672175640957,0.5685286633228311,0.3707576535773688,3.2335083911724896,0.4342855289127469,0.6501568275617667,9.180303495209744,5.56879236706257,0.41918160364274715,0.18351561692580726,0.15280193485719493,0.9857921511156339,0.0051952681229701465,0.0035048914933849544,0.937083556468388,0.561480147708277,5.948676171968668,0.013368310307675081
0.0,0.1436323434084541,0.03409410606428908,0.0,0.0,0.0003775914834817307,0.0,0.0,0.14506505857212681,0.0,0.00866666135708436,0.0,0.10470097174580188,0.0,0.0,0.14632057050386096,0.003603401981409847,0.0,0.01347728983669777,0.0,0.0020625867128411354,0.08327742995642153,0.037235937622404576,0.08966225377919333,0.027832514757945587,0.2217566886617487,1.1070593733452516,0.0017073244131392696,0.0,0.0,0.0032868302396355776,0.0,0.0,0.0324546573506393,0.06902724118397863,0.2887005636031791,0.058111661240214725,0.03360180355071976,0.10602130660713918,0.040276478540744017,0.001916419103362104,0.012441453954187028,4.673950820311019,12.605219899538158,8.856418067919305,6.013775481417761,0.8783992912090827,0.33016656574418196,1.0557740830300884,0.13007054585580777,0.28424299427296007,0.803760630173925,0.23209941783638147,0.18976811210015637,0.27261039224730355,2.2670248775139497,0.6797199394182551,0.25384165413219845,3.085973648768604,9.262375155093546,0.432083590834144,1.557542199591872,1.367802475327445,0.0069038587810066445,0.5755338004631073,0.9514576237453619,2.753438822425436,3.3282525850150715,0.1772290279635927,3.832661286749455,0.15981291572534684,6.087273754787283,1.3910377848859283,0.39956083600535425,5.705076883048026,4.9874739041166105,3.441941357053228,6.130597462426294,1.6905299562894736,0.25327325636912457,0.31651452427813975,0.4684901992082114,7.253200018042073,0.29559149687702657,1.6949715505495642,0.004496982401438983
0.0,0.026224740481096808,0.013439937808433647,0.0,0.0,0.0,0.0,0.00031321129047291187,0.05503782745712319,0.0,0.002107927438867206,0.0,0.022841263137984867,0.0033159899386620228,0.0,0.1467441043214224,0.0,0.0,0.002040576335885713,0.0,0.004386490151056827,0.034199402474729544,0.028117770477418022,0.044320486220224005,0.008634108073705567,0.02874290207006888,0.3020959643140593,0.00419257868144387,0.0034573643203646884,0.0003462364614511013,0.0002794212627711767,0.0,0.0,0.11064647528089508,1.1715262630095902,0.3355376645092581,0.09531951060742849,0.07142247957939103,0.7954732532168408,0.05495309168547264,0.009971091670013919,0.010245848376756222,4.430339715490881,6.860860415032866,6.013775481417761,1.1130618114840507,0.9172432580960398,0.4308519656283595,0.30434702238391304,0.014117311179279014,0.05813165413353711,0.294039302943622,0.051894133395980854,0.2841253545851389,0.09281257843257677,0.5179620872157527,0.16498944633285872,0.07189935858173772,0.5120498048077926,0.9070013003601959,0.08250006076415407,0.4787765582416968,0.2539949388274175,0.007050877849101211,0.5931566975467658,0.15113991479971903,0.5552853412489134,0.37541429598978915,0.034821215746729244,1.4195012908013898,0.056301319864151315,3.2879620053974015,0.6014498008525687,0.11185815188221501,1.3192247946081375,1.656508264727095,1.202258660494828,0.7811220504655978,0.28694465381120526,0.07182606374378138,0.24619203063635198,0.014903969450367344,1.186648051234492,1.0909313981661235,6.405213331177585,0.02842347246586011
0.0027577403123483827,0.003954670228604349,0.0,0.21201419700267715,0.004779411765272626,0.041139264981606624,0.011825454544721625,0.010456652367641896,0.22943284276422543,0.19425494478417618,0.002144651550219363,0.11710762886829823,0.004886743472160538,0.0014981486533320715,0.075841169280511,0.03855903237569635,0.0,0.00037283181431845805,0.0019943904434840945,0.09294784835360995,0.0007164615861792651,0.06409670732380372,0.0033167280457664337,0.7116239915909844,0.0,0.004156768555941947,0.003531803464471549,0.25820564922143935,0.0022339042838353013,0.004281678881436141,0.0,0.0,0.00043340325672702306,0.02494283225317781,0.1569073559537431,0.3032981112723699,0.02582536828741802,0.027106197001019693,0.15408135971734715,0.4800209958311085,0.0020315217721916666,0.008553901529329045,5.687906872275799,0.2902431352274223,0.8783992912090827,0.9172432580960398,8.730982668725149,1.460244018213022,0.1897309483831316,0.003216950948076768,0.2329758156993527,0.00556002051880128,0.6553340708794456,5.20561862708879,6.438243400451778,0.35988026239299487,1.8000563274569967,0.7215128991446341,2.0382883691625335,0.037549094608110935,2.692625098062095,0.022519772308436433,1.602006149080675,6.561058174537554,0.2736950533888981,0.004698137956688485,0.0021249819017262386,0.002406320397853103,0.5610427188162561,0.6359348275227734,0.23814262301789105,0.8773489192339615,1.0107815185869238,0.08690142724473557,0.008443333042532357,0.5052738645445364,0.949744595188723,2.4478380270782125,0.08201953936040123,0.0,1.5965765864088102,0.002408016718871205,1.0109810475069523,0.15635552999008825,0.49100438245730516,0.02588727198244878
0.0,0.0,0.0,0.0,0.0,0.0,0.0,0.0,0.004781487429327115,0.0,0.0,0.0,0.0,0.0,0.0,0.0,0.0,0.0,0.0,0.0,0.0,0.0011353959739151887,0.0,0.0,0.0,0.0,0.0,0.0,0.0,0.0,0.0,0.0,0.0,0.002429118444701573,0.00419972862665943,0.005062548838916204,0.0009727232110855599,0.0,0.020893310367692514,0.0037145421045277674,0.0030517365610656646,0.0,0.28682043978133737,0.02351897235333817,0.33016656574418196,0.4308519656283595,1.460244018213022,0.4209715703962637,0.06182729082315069,0.0,0.0003648549866999774,0.0018679485199105535,0.0018043090785707606,0.7262733682735072,0.01743661728038435,0.015311339856161264,0.010354117733788117,0.009797451198570672,0.024720240054707424,0.00781980297693676,0.0097192140949031,0.0033123314722856476,0.026932612582187477,0.15422160059913748,0.006173978263586058,0.0012293970537022075,0.0,0.0002911517610923244,0.005300833427877542,0.0034603239073451738,0.00428402494462362,0.028310460477348507,0.01611252051067759,0.0,0.0010071457152934097,0.023562515641746117,0.013558436311015347,0.1667672986398276,0.002646534789451399,0.0,0.2134944489601135,0.00022632930264756095,0.4463822173153637,0.035455912060867296,0.09712140665757178,0.001572203271663845
0.0,0.002008225589680008,0.0,0.0,0.0,0.0,0.0012016586713707623,0.0,0.002159444591157381,0.0,0.002519906074503315,0.0,0.011499268473075567,0.0,0.0,0.014527780087689155,0.0,0.0,0.0,0.0,0.003892627800321613,0.0015041833066147476,0.0028399612246350816,0.005205596500487776,0.007677798915279078,0.0,0.0023677266705070467,0.001702371736354737,0.0007144488293256937,0.0003605000575126212,0.00023926675594307948,0.0,0.0,0.0013249437447213307,0.011498140079908778,0.010988482094271905,0.010174720805101217,0.0003803050499593932,0.0041033988101427865,0.004744804156740079,0.0,0.0038815360403492384,0.32266300656780766,0.35292239298483136,1.0557740830300884,0.30434702238391304,0.1897309483831316,0.06182729082315069,0.40122756209596755,0.0,0.1860875012947564,0.0,0.00030443012004536434,0.006357468871912953,0.0031243958523892116,0.004428800038844167,0.009537244886363242,0.034864502846739295,0.0035111792041441206,0.17946032612018753,0.0007573627569501651,0.450970707671292,0.00837296560082162,0.0013239690098780915,0.00440976855115122,0.0,0.0,0.0,0.0,0.00425114944992342,0.09488366304345783,0.005462177722548152,0.024347341472731692,0.677865002034682,0.0060670352924985325,0.044866664700936,0.02506940906474559,0.05982000215407987,0.004147265449770651,0.002731721565759894,0.011481076695443803,0.0003150683523841905,0.18718315327730556,0.020762484683097802,0.015514869561698317,0.0008322425098404214
0.0,0.0,0.0,0.0,0.0,0.0,0.0,0.0,0.0019616165061447292,0.0,0.0,0.0,0.0,0.0,0.0,0.0008522986751314302,0.0,0.0,0.0,0.0,0.0,0.0,0.0,0.0,0.0,0.0,0.0,0.0,0.0,0.0,0.0,0.0,0.0,0.0,0.0,0.0,0.001075239971330195,0.0,0.0,0.0,0.0,0.0,0.014720037518920618,0.003235611497585255,0.13007054585580777,0.014117311179279014,0.003216950948076768,0.0,0.0,5.537265462496816,0.0,0.02534351212326619,0.0015110960769401773,0.0,0.0021492698111687473,2.9304256709795253,0.04163822400111033,0.006888350081366191,0.02140255838501876,0.0034289082883080108,0.0,0.0,5.044956835484442,0.0,0.0011030353181914893,0.10236793177758723,0.0,0.004072366333803815,0.0,0.061461281134425436,0.0003707752853608429,0.19418951976016294,0.0384901831116594,0.0014425068921547735,0.0019686159391567063,0.009651446944152146,0.052494588085011624,5.7115049687866755,2.0687926646053065,0.0,0.00017387690159967114,0.02207563055389475,0.12491977114947907,0.0,0.0009867597697546554,0.0
0.0,1.04943715315409,0.04052825627594117,0.0,0.0,0.0,0.0,0.0,0.00914068751255004,0.0,0.04334186053849078,0.0,0.3761945568614811,0.0,0.0,0.015815964034634613,0.029359256778310756,0.000776759088170034,0.051161907514510475,0.0,0.0,0.02117007290070525,0.005047117409198299,0.007213166086155742,0.07078430972081735,0.3843913732261531,2.5509720576279964,0.0,0.0010530131048435314,0.0,0.008359966106648044,0.0,0.0,0.018069162666766815,0.0,0.03499527905973723,0.10961677646015167,0.06773228426386509,0.023317840431985166,0.0,0.0,0.042120961550014074,0.36625178283984083,0.647703011087326,0.28424299427296007,0.05813165413353711,0.2329758156993527,0.0003648549866999774,0.1860875012947564,0.0,5.877092499533904,0.03806670862961682,0.0036290017468899537,0.0006082789222312139,0.0,0.0005452701943544576,0.0,0.9790041316058969,0.00023769058023138462,0.04787844939873718,0.011724244868139326,0.2812462271913081,0.001634150222044634,0.07031003911030936,0.22262965409262547,0.1099108573805331,0.003710921497981661,0.03824929943243142,0.0007202840763566206,0.008710934894896064,1.8969683990121413,0.021042484755951683,0.8945549588098306,3.2725733002623767,0.4598933125151984,11.603565775985297,0.013364082271993516,0.0030184738200325165,0.0011572455339842007,0.048807120409910726,0.0,0.0,0.10734421424988437,0.00179653907414388,0.020458292224299256,0.0012876363852814638
0.0,0.11176721016852742,0.34745320432389537,0.0,0.0,0.0,0.0,0.0,0.0,0.0,0.0012926628211010326,0.0,0.0,0.0,0.0,0.011186574787732956,0.033037456211936045,0.0004026281846776561,0.028702771470712887,0.0,0.0,0.017744911474105948,0.034612427750008966,0.0,0.0,0.5179066999863176,3.26102794464251,0.0,0.0,0.0,0.0,0.0,0.0,0.007168139850538297,0.001562973741142807,0.02002641320950631,0.017459741079839053,0.023175573312141106,0.01081117564832055,0.00044069812104398685,0.0,0.0,1.935920703741236,1.5933436789785491,0.803760630173925,0.294039302943622,0.00556002051880128,0.0018679485199105535,0.0,0.02534351212326619,0.03806670862961682,27.955982966879258,0.0,0.0,0.025295636050099976,0.7835905157610165,0.580554179180996,0.003753392567422947,0.05296031352968621,0.03820718194431945,0.0,0.0,0.445901016212908,0.0,0.04708873943686609,5.0262887320051,0.021702033746064952,0.4663970382278482,0.0,1.181010005541956,0.022882831818143757,14.026196930836965,0.070689850401816,0.0002334864064259707,12.155032799100718,19.788889656951742,0.29201311732528296,0.07946977229089057,0.7185983749069221,0.0007242969751865577,0.0,0.004072635213072082,0.5309339210216147,0.018151846985807782,0.38275244547653486,0.0
0.0,0.0,0.0,0.002968331947734862,0.0,0.003222862765892474,0.0,0.00022369726171367696,0.8553505873432604,0.0024404602832155836,0.0,0.06949212538352872,0.0,0.0,0.014227902084080415,0.0,0.0,0.0,0.0,0.004709281103287166,0.0,0.0012958350827523026,0.0,0.5424426672343204,0.0,0.0,0.0,0.011914829156289745,0.0,0.0,0.0,0.0,0.0,0.0,0.0,0.30715652577786245,0.0014198407239683737,0.0,0.0,0.4406100900840263,0.0,0.0,0.8790232190080779,0.008245807653778097,0.23209941783638147,0.051894133395980854,0.6553340708794456,0.0018043090785707606,0.00030443012004536434,0.0015110960769401773,0.0036290017468899537,0.0,19.918894843107335,0.01690937950584537,0.16920977508439394,0.18875025370955034,0.15355564334259517,3.0821367149064143,4.461577907891186,0.0,4.164948728465615,0.0,0.04350089859042968,0.3783472155302227,0.0003796690777644154,0.0,0.0,0.0,13.691389714757756,0.0,0.014656159291634089,0.0008680405220204975,3.968437879994071,0.004569290376031651,0.0,0.001347508978691429,4.47323077711535,0.11257746668004273,0.0029458097715323885,0.0,0.0,0.009698658076501786,0.03477256867658593,0.006802338550465379,0.027564351710731284,0.0003578332116765648
0.0,0.0,0.0,0.0,0.0,0.0,0.0,0.0,0.0014251248984477895,0.0,0.0,0.0,0.0,0.0,0.0,0.0,0.0,0.0,0.0,0.0,0.0,0.0,0.0,0.0008150910492147271,0.0,0.0,0.0,0.0,0.0,0.0,0.0,0.0,0.0,0.0018623975787748362,0.0018573674040880408,0.010944176441718594,0.0,0.0,0.007665234011224617,0.012482893278659256,0.0,0.0,0.3099135510698519,0.007179621926970326,0.18976811210015637,0.2841253545851389,5.20561862708879,0.7262733682735072,0.006357468871912953,0.0,0.0006082789222312139,0.0,0.01690937950584537,1.1841295685284994,1.012087434446032,0.012238934487533113,0.11412138197109205,0.05674405236972397,0.03459482817246813,0.00956189631705036,0.1331768513359398,0.0006275568863864001,0.5643987246044825,2.3227977564634488,0.0,0.0,0.0,0.0007062158285080357,0.018363314276056194,0.0,0.00632139533865578,0.0,0.04638215520834771,0.00027391862293637864,0.00032285604803645584,0.0,0.0069354402628811,0.5046470062183747,0.0,0.0,1.2076682679964152,0.0,0.0464269402414335,0.004096747669330891,0.05702154004539511,0.0
0.0,0.0,0.0,0.0,0.0,0.0024946327607672054,0.0,0.0,0.03711710169465558,0.0,0.0,0.0022809804521974632,0.0002790755847384222,0.0,0.00020298500121875004,0.0,0.0,0.0,0.0,0.0,0.0,0.0008572268972925594,0.0,0.05692389975591787,0.0,0.0,0.0,0.0,0.0,0.0,0.0,0.0,0.0,0.0,0.08003792579650426,0.025290092814678367,0.0,0.0,0.0013607844954974344,0.040002258559030245,0.0,0.001572403772218189,0.57193587215291,0.01351837594460826,0.27261039224730355,0.09281257843257677,6.438243400451778,0.01743661728038435,0.0031243958523892116,0.0021492698111687473,0.0,0.025295636050099976,0.16920977508439394,1.012087434446032,34.43689662420913,1.988263915579565,17.220632142849233,0.11107729069435428,16.52050545077696,0.01158350395085484,5.0140695782681695,0.0006977505619633039,1.1436078698000975,4.1290193925716725,0.00026636139957081297,0.0006020510029502756,0.0,0.0012193519637704487,0.14034257096909056,0.032048113736056434,0.00321018320324327,0.05074674848594665,0.17997173616028214,0.007085895623526693,0.0,0.0,0.48681945175034963,0.40082197943105496,0.011732015617299942,0.0,0.5320900311558532,0.0070580204989660646,0.0616235816975832,2.2785673988900794,0.10617498981088883,0.0
0.0,0.0,0.0,0.002073820397781404,0.0,0.0,0.0,0.0,0.17432782763517465,0.0,0.0,0.001074247682049396,0.0,0.0,0.0005625417546906184,0.0,0.0,0.0,0.0,0.0,0.0,0.024811194641649097,0.0,0.36596080390256625,0.0,0.0,0.0,0.018467347618116702,0.0,0.0,0.0,0.0,0.0,0.0,0.0,0.04473516650659835,0.0010391692042268066,0.0,0.0,0.08911566321755875,0.0,0.00039536976671676637,2.3663078435632503,0.19112706183015837,2.2670248775139497,0.5179620872157527,0.35988026239299487,0.015311339856161264,0.004428800038844167,2.9304256709795253,0.0005452701943544576,0.7835905157610165,0.18875025370955034,0.012238934487533113,1.988263915579565,44.456393322291824,5.8232745552789105,0.39194959296943627,10.840541394298063,0.012778659865806688,0.07408440128172229,0.0,12.049236368425607,0.031147701083333597,0.011376944151812793,0.061125893057008655,0.0,0.0002604582449840305,0.015484165300146454,2.2232337112677376,0.018992780674885464,1.9637553884100463,1.673637370422503,0.015643542737878144,0.013371631227295008,0.08387367726473248,25.19772444666786,5.043550392155233,9.067656577840005,0.0,0.004109637201291668,0.3967374485559621,0.7716168587967215,0.12727443958304063,0.48157943225929706,0.0
0.0,0.0,0.0,0.0,0.0,0.002945986866169991,0.0,0.0,0.13415149080766758,0.0,0.0,0.00030864540406190863,0.0,0.0,0.0,0.0,0.0,0.0,0.0,0.0,0.0,0.007995492043643766,0.0,0.21527787493019548,0.0,0.0,0.0,0.002317869818441026,0.0,0.0,0.0,0.0,0.0,0.0,0.0008224239405470769,0.034913122984879634,0.0,0.0,0.0027622357378307926,0.06503791351047751,0.0,0.0,0.6190636302257014,0.12365926898510247,0.6797199394182551,0.16498944633285872,1.8000563274569967,0.010354117733788117,0.009537244886363242,0.04163822400111033,0.0,0.580554179180996,0.15355564334259517,0.11412138197109205,17.220632142849233,5.8232745552789105,41.36989366971164,0.23804624410974348,6.348267846774017,0.028914426798624927,1.919340137545198,0.003838666644761173,11.688564291316451,0.09650568763275086,0.014207676225893013,0.14439160329094947,0.0,0.005620139634269428,0.2523902663664904,0.559040678635236,0.004626263006754242,1.2911088320098068,0.45106113937917247,0.009609544334514806,0.006467980515768991,0.018540212258363047,0.6426569405305527,1.0301591044640266,1.005926052380512,0.0,0.5996098390608833,0.01736880012608402,0.21138488142002457,0.009764286048051412,0.04664600840556233,0.0
0.0034376970884564696,0.014325856332013748,0.0,0.7839023184256634,0.004402924995465304,0.030467260017529963,0.07091061441580486,0.142000511192894,1.5539384472816429,0.6515231809480023,0.0,0.14366409924920948,0.0017858640458800928,0.048544260003532264,0.04897641833906415,0.08490955824162924,0.0,0.0,0.0,0.12691358138460473,0.008901429100664307,0.5154121016200921,0.007913036829011264,1.6390624475839504,0.002860230201384699,0.00040970768416327447,0.0030363062864449536,1.0037116052072868,0.04523483817547228,0.014206519122481588,0.0,0.0,0.002259310038583435,0.019590856760425282,0.004939956611098572,0.39657923785758414,0.01574024251986581,0.08137805134836164,0.05362349055848412,0.24691737735170605,0.0,0.0016731240219621368,0.816670873528876,0.17675732382705436,0.25384165413219845,0.07189935858173772,0.7215128991446341,0.009797451198570672,0.034864502846739295,0.006888350081366191,0.9790041316058969,0.003753392567422947,3.0821367149064143,0.05674405236972397,0.11107729069435428,0.39194959296943627,0.23804624410974348,5.2614243702707615,1.276804586087148,0.010906546946950571,0.6183032703715077,0.24998304590474776,0.13759211190307127,0.9835170246048033,0.0150254517513746,0.0050498990960128765,0.0,0.0013067631532939395,0.6657105877867854,0.004890528558467041,2.6993683843357412,0.003122293621099355,14.17702375269806,0.6002226168586928,0.04613688957673755,2.0954726520365208,3.125245467910356,0.2364571944902973,0.06082029372023015,0.011251709031227125,0.0007590720576130074,0.012889502824973826,0.05378995369674936,0.019852280879441193,0.2747525792456818,0.04395275663737889
0.0,0.0,0.0,0.0,0.0,0.0,0.0,0.0,0.7670906606284484,0.0,0.0,0.0002465840534633647,0.0,0.0,0.0011342842840616962,0.0,0.0,0.0,0.0,0.0,0.0,0.0038854482633398813,0.0,0.11283957791470164,0.0,0.0,0.0,0.0,0.0,0.0,0.0,0.0,0.0,0.0,0.001290540330014411,0.358274007464116,0.0,0.0,0.0,0.2939427482631194,0.0,0.0,5.151313234935258,0.05603418918505078,3.085973648768604,0.5120498048077926,2.0382883691625335,0.024720240054707424,0.0035111792041441206,0.02140255838501876,0.00023769058023138462,0.05296031352968621,4.461577907891186,0.03459482817246813,16.52050545077696,10.840541394298063,6.348267846774017,1.276804586087148,108.25083710783444,0.01761379546495169,8.490240602056854,0.0,2.376170784015316,0.3962229418978837,0.00017512449775675291,0.0032264264079087416,0.0,0.00419931127180631,3.790633653359121,0.06191463986540546,0.0021049497502978625,0.05839553894393785,0.4600660953421767,0.003047291868667727,0.0019668725631267554,0.0027229720085185983,6.389420165174604,2.3651848390920205,0.024316637150385186,0.0,0.006700987876032709,0.03976706639322625,0.4033090505760477,0.22518882281733701,0.281012440064448,0.0
0.0,0.01591473995183485,0.0,0.0,0.0,0.0,0.0,0.0,0.0,0.0,0.030354634849789192,0.0,0.490117867523609,0.0,0.0,0.0013277100353062568,0.0,0.0012260232883858748,0.0,0.0,0.0,0.00035071446928378107,0.0,0.0,0.04066880752930677,0.015011871152122611,0.0865557795028853,0.0,0.0,0.0,0.020041520300092215,0.0,0.0,0.002665325211400524,0.0011368847422066227,0.01233556497888806,0.046146479391191306,0.0034893441739818707,0.00247975428823307,0.0004310716018571275,0.0,0.007880665807810147,0.51608546532942,2.81726856362589,9.262375155093546,0.9070013003601959,0.037549094608110935,0.00781980297693676,0.17946032612018753,0.0034289082883080108,0.04787844939873718,0.03820718194431945,0.0,0.00956189631705036,0.01158350395085484,0.012778659865806688,0.028914426798624927,0.010906546946950571,0.01761379546495169,28.398004740968464,0.0011645999314023913,3.082013441961582,0.07996060003412254,0.0,0.0017898757896128404,0.6444970527432473,8.508007778059692,2.6019597639169705,0.0003029849110769093,0.04659589790327255,0.024714735287062042,0.19204752500947414,0.0005641838773326759,0.1566791964451941,2.414186626967458,0.3541291128665266,0.00486921046469461,0.7613468026073982,0.02588766064225592,0.564742162037464,0.014232077061284506,0.005602463227566795,5.787305773195899,0.0018584399422262516,0.026973643412617924,0.00026839610327099544
0.0,0.0,0.0,0.02347245409691881,0.0,0.007785057562269716,0.00023784013492019498,0.0016623046065496014,0.07463111259660948,0.012894534747505078,0.0,0.15792492829060986,0.0,0.0,0.011525488191376467,0.0,0.0,0.0,0.0,0.044357880607117976,0.0,0.0006746358512996537,0.0,0.06278983761279378,0.0,0.0,0.0,0.012334748826730088,0.0,0.0,0.0,0.0,0.0,0.0,0.06611422516882152,0.09533004424267687,0.0,0.0006497959877840934,0.0,0.13675957988939824,0.0,0.0,1.1146057795448068,0.0021153833480502923,0.432083590834144,0.08250006076415407,2.692625098062095,0.0097192140949031,0.0007573627569501651,0.0,0.011724244868139326,0.0,4.164948728465615,0.1331768513359398,5.0140695782681695,0.07408440128172229,1.919340137545198,0.6183032703715077,8.490240602056854,0.0011645999314023913,36.21852627641838,0.0,0.5456439096053474,2.6640913655507883,0.0,0.0,0.0,0.0,7.053737860624442,0.0003217441454019042,0.020939443733569273,0.0,0.6854547902649968,0.00057215240648976,0.0,0.016822220340290392,0.3607299982114351,0.3247034766955467,0.000553036885476241,0.0,0.0037084281143065175,0.0,0.034871021318559486,1.5533354831895614,0.04967353578617815,0.0072417336610844886
0.0,0.1572512526290479,0.0,0.0,0.0,0.0,0.0,0.0,0.0012862187922550341,0.0,0.284797001850439,0.0,4.88749141365603,0.0,0.0,0.0058282462908326865,0.0,0.012335446399042303,0.0,0.0,0.0006757560219983033,0.006331286831058554,0.0006250163413088854,0.0005814872636361456,0.8509914962951315,0.20452224175028985,1.487242578667886,0.0012591561873756777,0.000261253620591228,0.0,0.3369782447752932,0.0,0.0,0.014752603234792843,0.0,0.009325728474086987,0.4456431136052582,0.045444210073822114,0.01125271580481875,0.0008562775137929099,0.0014078138824234008,0.08161325698016667,0.1340528256430095,2.948931133810782,1.557542199591872,0.4787765582416968,0.022519772308436433,0.0033123314722856476,0.450970707671292,0.0,0.2812462271913081,0.0,0.0,0.0006275568863864001,0.0006977505619633039,0.0,0.003838666644761173,0.24998304590474776,0.0,3.082013441961582,0.0,9.05718645457696,0.006167882405350976,0.0,0.00551642221129036,0.0,0.04839127645430938,0.0038026350597703583,0.0003330994195200689,0.0003740285861991796,0.1920999245192293,0.0,0.028087884359046904,2.6226513147503727,0.5254151264686747,1.7567180667788957,0.002310486300414732,0.04173314472064432,0.00019613237194043623,2.504507768352432,0.001971392397636635,0.0,0.2902679999559249,0.0006408184356355971,0.0,0.007273416943498109
0.0,0.0012849267096574927,0.0,0.0,0.0,0.0004534631000906617,0.0,0.0,0.045158641368607096,0.0,0.0,0.0,0.0,0.0,0.0,0.0,0.0,0.0,0.0,0.0,0.0,0.008456518841723746,0.0,0.006650379450860828,0.0,0.0,0.0,0.0,0.0,0.0,0.0,0.0,0.0,0.0,0.0022442716762803676,0.007441010085986909,0.0,0.0,0.0032243936800327,0.009610907136417933,0.0,0.0,0.9071569760458003,0.09186890348403605,1.367802475327445,0.2539949388274175,1.602006149080675,0.026932612582187477,0.00837296560082162,5.044956835484442,0.001634150222044634,0.445901016212908,0.04350089859042968,0.5643987246044825,1.1436078698000975,12.049236368425607,11.688564291316451,0.13759211190307127,2.376170784015316,0.07996060003412254,0.5456439096053474,0.006167882405350976,35.92254927039858,0.019726097925617928,0.008358250528943923,0.3337226732286617,0.0031099386255618935,0.02477390890988424,0.09264118207179524,0.5750910444300257,0.0018482309652813312,1.5355809865821868,0.2588858358314913,0.0009402160100051992,0.01931150437792337,0.03563592883598444,0.489692280444799,8.113887890184804,4.204746845497563,0.0,1.1445386405803846,0.01708267682223134,0.5480347230969991,0.014061860069932652,0.07738044945531129,0.0
0.0,0.0,0.0,0.009115391507233587,0.0017937189043544964,0.008358574928870523,0.0,0.0,0.019466693281257618,0.0,0.0,0.016284117296020164,0.0,0.0,0.03435521944696224,0.0014677823944960837,0.0,0.0,0.0,0.009513214654785971,0.0,0.0006789134801671623,0.0,0.1413287626438089,0.0,0.0,0.0,0.0015073725299563365,0.0,0.0,0.0,0.0,0.0,0.0,0.024018461577650738,0.05590807546106539,0.0,0.0,0.0,0.20687014695301664,0.0,0.0,0.3216991716016195,0.0020540089763068556,0.0069038587810066445,0.007050877849101211,6.561058174537554,0.15422160059913748,0.0013239690098780915,0.0,0.07031003911030936,0.0,0.3783472155302227,2.3227977564634488,4.1290193925716725,0.031147701083333597,0.09650568763275086,0.9835170246048033,0.3962229418978837,0.0,2.6640913655507883,0.0,0.019726097925617928,6.322902396588956,0.00025274832080967604,0.0,0.0,0.0,0.274927856398651,0.0007723213871498257,0.12486208149217537,0.0,0.6699602492131491,0.0011487928671180285,0.0,0.043569238578194995,0.15970765047213317,0.020237223675015743,0.0,0.0,0.009900473283438625,0.0,0.0018921183966586223,0.45364695453940485,0.027048410406744324,0.008666052742454404
0.0013225182838006882,0.0394427055119282,0.05478216690831755,0.0,0.0,0.0,0.00746938287505268,0.001003017641114709,0.04762519584449604,0.0,0.0,0.0,0.0007222581374543317,0.0005550738689735099,0.0007416663844136334,4.745092205682139,0.0010091000789442938,0.0,0.0,0.0,0.1194687639918889,0.48381158517261397,1.5935990459806788,0.37240497690773433,0.0,0.0030444066790654666,2.5420905182674334,0.029890811834987898,0.0012973501447034607,0.015360218052133076,0.0,0.0,0.005345933027365216,0.01517250161192844,0.00623944581341415,0.37434541099843066,0.09401737766122024,0.041530218310210656,0.03879026260373457,0.04804116032537001,0.00046058688843432776,0.001186698095744253,3.502097670724131,0.8846925031946097,0.5755338004631073,0.5931566975467658,0.2736950533888981,0.006173978263586058,0.00440976855115122,0.0011030353181914893,0.22262965409262547,0.04708873943686609,0.0003796690777644154,0.0,0.00026636139957081297,0.011376944151812793,0.014207676225893013,0.0150254517513746,0.00017512449775675291,0.0017898757896128404,0.0,0.00551642221129036,0.008358250528943923,0.00025274832080967604,22.373955860753277,0.11489110352324138,0.0,0.007883695749328732,0.0,5.7699074343469,5.571398283892798,8.062548332476544,2.5108250470766857,0.012351645086870035,0.036678483052526537,6.0215148343832166,0.9077910746275406,0.008846026459803988,0.08711215495361085,0.0,0.0,0.003192704120577738,0.147917209795785,0.06313936342627428,0.7089221070823613,0.0035701256375874203
0.0,0.05563820940542826,0.003407320129772822,0.0,0.0,0.0,0.0,0.0,0.000549966819528994,0.0,0.0,0.0,0.0,0.0,0.0,0.0,0.003840322096616855,0.0,0.010430648363741257,0.0,0.0,0.0025174809783502076,0.0012849814247875423,0.0,0.0015145241014271487,0.1803074765575404,0.32883194815168615,0.0,0.0,0.0,0.0,0.0,0.0,0.00199549198064123,0.0011006590704905992,0.0003896584494554068,0.0016148329693863417,0.0063856031486076515,0.0006742589248481829,0.0008327553425954886,0.0,0.0,1.102747748675554,0.7944999989346272,0.9514576237453619,0.15113991479971903,0.004698137956688485,0.0012293970537022075,0.0,0.10236793177758723,0.1099108573805331,5.0262887320051,0.0,0.0,0.0006020510029502756,0.061125893057008655,0.14439160329094947,0.0050498990960128765,0.0032264264079087416,0.6444970527432473,0.0,0.0,0.3337226732286617,0.0,0.11489110352324138,11.68808408602939,0.2064279886371382,6.211697598196275,0.0,1.0342367566289628,0.08632745455706069,8.025419819698378,0.11802230105904338,0.0008403368533993394,2.503363679345044,5.903120973195836,0.16621301347425552,0.6832544834268064,0.880320983194327,0.000482258365953665,0.0,0.0527642888857575,3.6915098590338618,0.008995354931948862,0.057736057040653675,0.0
0.0,0.0036950256887960833,0.0,0.0,0.0,0.0,0.0,0.0,0.0,0.0,0.0,0.0,0.0029315883973128906,0.0,0.0,0.0,0.0,0.0,0.0,0.0,0.0,0.0,0.0,0.0,0.0,0.0006837815460825285,0.00516658804765456,0.0,0.0,0.0,0.0,0.0,0.0,0.0007292725259351848,0.0,0.008867913454141107,0.0,0.0,0.0,0.0,0.0,0.0,0.8560463198440419,0.5535354590732525,2.753438822425436,0.5552853412489134,0.0021249819017262386,0.0,0.0,0.0,0.003710921497981661,0.021702033746064952,0.0,0.0,0.0,0.0,0.0,0.0,0.0,8.508007778059692,0.0,0.04839127645430938,0.0031099386255618935,0.0,0.0,0.2064279886371382,5.681038197390467,4.081366915550548,0.0,0.005810610327730364,0.0012701319208750454,0.03512239698874261,0.0,0.001178687527128909,1.360667734382617,0.07921417249107815,0.0,0.11317000843656799,0.0010468022232461422,0.012943670636540748,0.00023844624177335236,0.002910392576657475,0.4717474012809171,0.00529402758003545,0.017815729099747827,0.0
0.0,0.017894788222251233,0.0,0.0,0.0,0.0,0.0,0.0,0.0,0.0,0.0,0.0,0.0004647239298148968,0.0,0.0,0.0,0.0005337237972472894,0.0,0.0016529237278993826,0.0,0.0,0.0,0.0,0.0,0.0,0.04460977857881336,0.06429785646522407,0.0,0.0,0.0,0.0008786974486954275,0.0,0.0,0.002893559162923861,0.0007323650554830485,0.006290221666883981,0.0008668272444088789,0.001774147271937403,0.0044798564745406515,0.00037261866848960836,0.0009972161958752366,0.0,1.6323377892587185,0.5904184481164217,3.3282525850150715,0.37541429598978915,0.002406320397853103,0.0002911517610923244,0.0,0.004072366333803815,0.03824929943243142,0.4663970382278482,0.0,0.0007062158285080357,0.0012193519637704487,0.0002604582449840305,0.005620139634269428,0.0013067631532939395,0.00419931127180631,2.6019597639169705,0.0,0.0038026350597703583,0.02477390890988424,0.0,0.007883695749328732,6.211697598196275,4.081366915550548,16.16415674471847,0.0,0.17625343125066442,0.014062043380817018,0.6604052259219637,0.000488671997505191,0.0,1.8437657681148327,1.1106369028214562,0.00444301797816939,0.4392868740759268,0.08427937513539079,0.003362613187336529,0.0021577660069606016,0.028161059553252214,3.1170229382311123,0.006617487100860853,0.05522749456770757,0.000761366749372826
0.0,0.0,0.0,0.010344300745154075,0.0,0.0028360905091500467,0.0,0.0,0.17365652781094995,0.0003195323470641181,0.0,0.012944150655416445,0.0,0.0,0.024152419673043636,0.0,0.0,0.0,0.0,0.004005359905744355,0.0,0.0,0.0,0.17137413835296209,0.0,0.0,0.0,0.0017326446906953373,0.0,0.0,0.0,0.0,0.0,0.0,0.0,0.11236601253662402,0.0006509510697754435,0.0,0.0,0.21670496803826195,0.0,0.0,0.5034572631952455,0.003152672175640957,0.1772290279635927,0.034821215746729244,0.5610427188162561,0.005300833427877542,0.0,0.0,0.0007202840763566206,0.0,13.691389714757756,0.018363314276056194,0.14034257096909056,0.015484165300146454,0.2523902663664904,0.6657105877867854,3.790633653359121,0.0003029849110769093,7.053737860624442,0.0003330994195200689,0.09264118207179524,0.274927856398651,0.0,0.0,0.0,0.0,5.061252841694283,0.0,0.003076388447712201,0.0,1.1473741880874613,0.001506132806698523,0.0,0.001003477734563862,0.6456386241403195,0.09855223921040679,0.0,0.0,0.0,0.0014432227484396278,0.013328139811870128,0.0026057018302092947,0.01666617307815478,0.002111146725133028
0.0,0.0035198060779049224,0.001434656000527297,0.0,0.0,0.0,0.0,0.0,0.020852983037046684,0.0,0.0,0.0,0.0,0.0,0.0,0.378672344034398,0.0,0.0,0.0,0.0,0.0039127405045803415,0.05264208369149138,0.016906156723890727,0.031469386501162586,0.0,0.0,0.024643631273310204,0.00040659582193612365,0.0,0.0,0.0,0.0,0.0,0.004887422973281201,0.025285487001421067,0.06540825466167867,0.008908660465033094,0.0,0.00035447045018082866,0.012969289202747489,0.0,0.0006035073373285085,4.538254296929347,0.5685286633228311,3.832661286749455,1.4195012908013898,0.6359348275227734,0.0034603239073451738,0.00425114944992342,0.061461281134425436,0.008710934894896064,1.181010005541956,0.0,0.0,0.032048113736056434,2.2232337112677376,0.559040678635236,0.004890528558467041,0.06191463986540546,0.04659589790327255,0.0003217441454019042,0.0003740285861991796,0.5750910444300257,0.0007723213871498257,5.7699074343469,1.0342367566289628,0.005810610327730364,0.17625343125066442,0.0,48.11185059013252,0.17927741742246736,34.449234005547964,1.0166112351948893,0.00621161271311313,0.15816338910788613,1.2533789793429608,9.037595021894171,0.838990169053649,14.7776330068039,0.0,0.0,0.3012338948389827,4.666995065429849,0.09278508480926034,1.8972206264905092,0.0
0.003215757200726844,0.08778176789517712,0.016261246858014895,0.005779625651136958,0.0,0.0003448572146116538,0.008302835926748237,0.01054182929522698,0.06091448733647999,0.0016261533930063928,0.011314823906456196,0.0037331829109934953,0.09601735448908558,0.01264566215773401,0.00345326010806215,0.8732635620084185,0.003129764090586491,0.0,0.005833591168709146,0.0008700846488819665,0.07856201010431642,0.8461339273102835,0.09440751623594228,0.29588831749036015,0.020793044785480642,0.0505842145475609,0.6915194698735642,0.047730663969253025,0.018752503269695735,0.026072698564063405,0.0,0.0,0.0006755116581480292,0.0095952712241001,0.001614707200580456,0.1445236856756913,0.07871087032133854,0.0190453435093042,0.01665305302831136,0.02723161298550747,0.0,0.019959050661943457,0.3064786697435769,0.3707576535773688,0.15981291572534684,0.056301319864151315,0.23814262301789105,0.00428402494462362,0.09488366304345783,0.0003707752853608429,1.8969683990121413,0.022882831818143757,0.014656159291634089,0.00632139533865578,0.00321018320324327,0.018992780674885464,0.004626263006754242,2.6993683843357412,0.0021049497502978625,0.024714735287062042,0.020939443733569273,0.1920999245192293,0.0018482309652813312,0.12486208149217537,5.571398283892798,0.08632745455706069,0.0012701319208750454,0.014062043380817018,0.003076388447712201,0.17927741742246736,7.51809462837396,0.16276327474077162,8.194615007470716,0.6956310661652868,0.1148498267938976,5.501718543884838,0.2649095537786716,0.0168616410260326,0.029611566359770664,0.01996830900909965,0.0,0.005235766301609587,0.04749915624431353,0.0074921687477847035,0.15283797027224486,0.0063799977051229185
0.0,0.04410746058227712,0.21034987327104074,0.0,0.0,0.0,0.0,0.0,0.005782520309496473,0.0,0.0,0.0,0.0,0.0,0.0,1.414497876266398,0.0021356557292968935,0.0,0.0,0.0,0.0034548139265637577,0.05652072402477444,0.9129908234029076,0.010248528171839747,0.0,0.0034379514226193326,3.1875969578425063,0.0002856581796512794,0.0,0.0,0.0,0.0,0.0005598802283810966,0.013773500695502577,0.02959676050637303,0.07916800187331695,0.06832484421317116,0.04209439279477935,0.050764545159544844,0.008035871384060436,0.001746075552874753,0.0009952502204578554,9.357748118613733,3.2335083911724896,6.087273754787283,3.2879620053974015,0.8773489192339615,0.028310460477348507,0.005462177722548152,0.19418951976016294,0.021042484755951683,14.026196930836965,0.0008680405220204975,0.0,0.05074674848594665,1.9637553884100463,1.2911088320098068,0.003122293621099355,0.05839553894393785,0.19204752500947414,0.0,0.0,1.5355809865821868,0.0,8.062548332476544,8.025419819698378,0.03512239698874261,0.6604052259219637,0.0,34.449234005547964,0.16276327474077162,83.70983203920939,0.6820764656128684,0.0,1.2905587095409354,11.542531275525047,2.761493871918538,1.2794445943950947,4.367590769108943,0.0,0.0,0.1260944246364596,5.692887736836276,0.23983842279838583,3.9111407881854996,0.0007729954167574847
0.006373791702291335,0.03042818602812988,0.0013080900255950086,0.06800641989308694,0.0002458329059196267,0.01538462133450672,0.12750731266325616,0.034828819432359374,1.2126674091581615,0.048400826706684406,0.0,0.0565912784858398,0.006347366270300043,0.006432066112348389,0.059089932793467144,1.0464273016330279,0.0,0.0,0.0,0.06248158152208099,0.04406946926851297,0.7824648637918306,0.02401805431469938,8.356641707434667,0.0,0.0,0.18298078346012656,1.4864770289772207,0.023368166283907584,0.10087429742645757,0.0,0.0,0.01172778223169454,0.036055080640369115,0.003774914034294054,1.7225909884957145,0.08089435487120747,0.10454976352016544,0.030269874441131616,0.6762327771316731,0.0,0.01091659939302759,4.245685265234701,0.4342855289127469,1.3910377848859283,0.6014498008525687,1.0107815185869238,0.01611252051067759,0.024347341472731692,0.0384901831116594,0.8945549588098306,0.070689850401816,3.968437879994071,0.04638215520834771,0.17997173616028214,1.673637370422503,0.45106113937917247,14.17702375269806,0.4600660953421767,0.0005641838773326759,0.6854547902649968,0.028087884359046904,0.2588858358314913,0.6699602492131491,2.5108250470766857,0.11802230105904338,0.0,0.000488671997505191,1.1473741880874613,1.0166112351948893,8.194615007470716,0.6820764656128684,54.856068846070364,0.12564947942063037,0.03673725568943872,2.918375256499877,13.774450192627306,1.2657864500490414,1.5926423110777501,0.0,0.0015373794775730026,0.32421977229989735,0.7485050965490488,0.14066714400830538,0.8017211889642081,0.018030553512793823
0.0005565310544759863,0.3701657939817271,0.0,0.0,0.0,0.0005617666996747769,0.0015904200966662474,0.0003387066564451507,0.10113942009068258,0.0015839615531121382,0.12377431692360365,0.0,2.0846837239248437,0.0003453371270968038,0.0007850957893577882,0.11289780891742221,0.0,0.0009030966274343568,0.0,0.0,0.014139607640371418,0.12352938146740558,0.024676664560366057,0.032829128050287995,1.1286264757353512,0.02000424804952743,0.5434642228478538,0.015420853085681651,0.0004208478366284493,0.00214665723970197,0.043396582112769776,0.0,0.0014158050575648743,0.02230991309586031,0.0,0.0538319910119972,0.22003022430336996,0.042286266186592425,0.01094305844442651,0.01291991548527987,0.0006943006514243159,0.08301011114846525,0.13042358304315677,0.6501568275617667,0.39956083600535425,0.11185815188221501,0.08690142724473557,0.0,0.677865002034682,0.0014425068921547735,3.2725733002623767,0.0002334864064259707,0.004569290376031651,0.00027391862293637864,0.007085895623526693,0.015643542737878144,0.009609544334514806,0.6002226168586928,0.003047291868667727,0.1566791964451941,0.00057215240648976,2.6226513147503727,0.0009402160100051992,0.0011487928671180285,0.012351645086870035,0.0008403368533993394,0.001178687527128909,0.0,0.001506132806698523,0.00621161271311313,0.6956310661652868,0.0,0.12564947942063037,4.643725025168989,0.04663793337948403,6.442472400852274,0.03346665486929553,0.016587434160751376,0.0031460734853606806,0.0990223761232368,0.0003632708924930722,0.0011378428649284318,0.13748625142523568,0.0,0.0020347185340622827,0.01671212652244556
0.0,0.3322286856457714,0.015411953548189408,0.0,0.0,0.0,0.0,0.0,0.0,0.0,0.07160359193379529,0.0,1.6235875122550865,0.0,0.0,0.0,0.0345619076745735,0.016050004902910458,0.1763116292723208,0.0,0.0,0.0006857084913738064,0.0007933716351620064,0.0,0.13695456520423285,2.9011559431550475,6.636225901911716,0.0,0.0,0.0,0.3065549982315219,0.0,0.0,0.012590270247118639,0.0009181666333209654,0.05227596831137368,0.1635715037527453,0.1407611131253374,0.024845309403647674,0.0019621619247994727,0.0,0.0012213888256785393,6.866406487464313,9.180303495209744,5.705076883048026,1.3192247946081375,0.008443333042532357,0.0010071457152934097,0.0060670352924985325,0.0019686159391567063,0.4598933125151984,12.155032799100718,0.0,0.00032285604803645584,0.0,0.013371631227295008,0.006467980515768991,0.04613688957673755,0.0019668725631267554,2.414186626967458,0.0,0.5254151264686747,0.01931150437792337,0.0,0.036678483052526537,2.503363679345044,1.360667734382617,1.8437657681148327,0.0,0.15816338910788613,0.1148498267938976,1.2905587095409354,0.03673725568943872,0.04663793337948403,49.53005834183484,14.6884928246423,0.017174185095891803,0.1301031632470805,0.07373798407795862,0.9296943581604704,0.0003784297496714305,0.002349843577400666,0.6755181293368566,0.023067764109352944,0.1830951938305747,0.0007990606712065149
0.0,3.6754866680859624,1.290624173534277,0.0,0.0,0.0,0.0,0.0,0.02550474738284153,0.0,0.0636979021308583,0.0,1.8902283673160218,0.0,0.0,0.5265228502959641,0.21152264299208715,0.025278053495044008,0.4080142987182906,0.0,0.0020801209969934296,0.17579030243407584,0.7710294278285085,0.015944496805711226,0.6656507430524963,5.793330159412375,36.76913388032283,0.00039950759842699167,0.0,0.0,0.2655666033664454,0.0,0.0,0.07709386016093424,0.004817457854961442,0.2151665333642072,0.5067514128754104,0.5076664798358196,0.1911856204397201,0.002004643086142521,0.0,0.009630538773094315,10.179025077607704,5.56879236706257,4.9874739041166105,1.656508264727095,0.5052738645445364,0.023562515641746117,0.044866664700936,0.009651446944152146,11.603565775985297,19.788889656951742,0.001347508978691429,0.0,0.0,0.08387367726473248,0.018540212258363047,2.0954726520365208,0.0027229720085185983,0.3541291128665266,0.016822220340290392,1.7567180667788957,0.03563592883598444,0.043569238578194995,6.0215148343832166,5.903120973195836,0.07921417249107815,1.1106369028214562,0.001003477734563862,1.2533789793429608,5.501718543884838,11.542531275525047,2.918375256499877,6.442472400852274,14.6884928246423,108.29192416383698,0.8994040493661069,0.12292660693285365,0.3862743035238031,1.4890737098175482,0.0,0.008340035011025159,2.214570335371826,0.1356058519607276,1.071700642240343,0.000815574426991448
0.0,0.0014357839225360332,0.0,0.006818627670244167,0.0,0.004004452455312433,0.0,0.0,1.1546783758625898,0.0,0.0,0.021953636408044524,0.0013808480777282974,0.0012447009971670896,0.025561450039993237,0.2284363438685063,0.0,0.0,0.0,0.012598159728111472,0.0011834598871626224,0.12529772343364734,0.001090440594391157,2.658150937664732,0.00039774507210152594,0.0,0.0027927028852871437,0.10126524516195953,0.0006330455434657432,0.0027360413860721333,0.0,0.0,0.0,0.016162243158688534,0.0,0.5325484838350455,0.016204020926637468,0.0017719684546641209,0.0014136411349658844,0.6858993798324795,0.0,0.006550942954855756,6.506810388676811,0.41918160364274715,3.441941357053228,1.202258660494828,0.949744595188723,0.013558436311015347,0.02506940906474559,0.052494588085011624,0.013364082271993516,0.29201311732528296,4.47323077711535,0.0069354402628811,0.48681945175034963,25.19772444666786,0.6426569405305527,3.125245467910356,6.389420165174604,0.00486921046469461,0.3607299982114351,0.002310486300414732,0.489692280444799,0.15970765047213317,0.9077910746275406,0.16621301347425552,0.0,0.00444301797816939,0.6456386241403195,9.037595021894171,0.2649095537786716,2.761493871918538,13.774450192627306,0.03346665486929553,0.017174185095891803,0.8994040493661069,47.588759359548376,2.6187096745348235,18.47174177885783,0.0,0.0006469713647910694,0.8069125641056746,1.9204595888918732,0.21599757746071316,1.1104812782792972,0.0
0.0,0.0022096767434196204,0.0,0.0,0.0,0.0,0.0,0.0,0.1017937579054191,0.0,0.00031069907567384274,0.0,0.0003115876797831909,0.0,0.0,0.028383327853351334,0.0,0.0,0.0,0.0,0.0012421989350643757,0.0630057810718384,0.0,0.04817462151619016,0.0,0.0,0.0009064799678984517,0.001447197225089353,0.0,0.0008062023939539212,0.0,0.0,0.0,0.006176769890315938,0.005112004841859997,0.05885382019758648,0.004418286450611328,0.0,0.018520528991882026,0.00647797234964082,0.0,0.0009273114161850076,1.7940925472294276,0.18351561692580726,6.130597462426294,0.7811220504655978,2.4478380270782125,0.1667672986398276,0.05982000215407987,5.7115049687866755,0.0030184738200325165,0.07946977229089057,0.11257746668004273,0.5046470062183747,0.40082197943105496,5.043550392155233,1.0301591044640266,0.2364571944902973,2.3651848390920205,0.7613468026073982,0.3247034766955467,0.04173314472064432,8.113887890184804,0.020237223675015743,0.008846026459803988,0.6832544834268064,0.11317000843656799,0.4392868740759268,0.09855223921040679,0.838990169053649,0.0168616410260326,1.2794445943950947,1.2657864500490414,0.016587434160751376,0.1301031632470805,0.12292660693285365,2.6187096745348235,47.349540615903905,9.945899312845023,0.003233572462270605,0.6112246205814661,3.8919315971947213,5.556104661114956,0.0557807722757493,0.39791340974974976,0.0015439187867385296
0.0,0.0005486174836273086,0.0,0.0,0.0,0.0,0.0,0.0,0.032549042561036606,0.0,0.0,0.0,0.0,0.0,0.0,0.07240219017096147,0.0,0.0,0.0,0.0,0.0012175499513594592,0.038920253046670385,0.0,0.12221390407852663,0.0,0.0,0.0,0.010845248370860882,0.0008637956006418434,0.003388485145389999,0.0,0.0,0.0,0.001854826859010521,0.0,0.07755927152556374,0.006723886431535357,0.007823574551645895,0.003257888701991568,0.016169749056222364,0.0,0.0023922505693452045,0.8517325205367039,0.15280193485719493,1.6905299562894736,0.28694465381120526,0.08201953936040123,0.002646534789451399,0.004147265449770651,2.0687926646053065,0.0011572455339842007,0.7185983749069221,0.0029458097715323885,0.0,0.011732015617299942,9.067656577840005,1.005926052380512,0.06082029372023015,0.024316637150385186,0.02588766064225592,0.000553036885476241,0.00019613237194043623,4.204746845497563,0.0,0.08711215495361085,0.880320983194327,0.0010468022232461422,0.08427937513539079,0.0,14.7776330068039,0.029611566359770664,4.367590769108943,1.5926423110777501,0.0031460734853606806,0.07373798407795862,0.3862743035238031,18.47174177885783,9.945899312845023,37.92871825248316,0.0,0.0008498278918447277,1.2263324384306176,3.6276896045554357,0.03128742191301148,0.2715881372376204,0.0
0.0,0.04268080134999349,0.0,0.0,0.0,0.0,0.0,0.0,0.0,0.0,0.03979203410776237,0.0,0.9540959886235831,0.0,0.0,0.0,0.0,0.003391000187137454,0.0,0.0,0.0,0.0,0.0,0.0,0.1051602468845888,0.13203842672758956,0.7613882502607265,0.0,0.0,0.0,0.09002935682820304,0.0,0.0,0.0,0.0,0.0027131670572131785,0.06177305937484781,0.0018804029905941761,0.0,0.0,0.0,0.0016388217846498752,0.06705242820919213,0.9857921511156339,0.25327325636912457,0.07182606374378138,0.0,0.0,0.002731721565759894,0.0,0.048807120409910726,0.0007242969751865577,0.0,0.0,0.0,0.0,0.0,0.011251709031227125,0.0,0.564742162037464,0.0,2.504507768352432,0.0,0.0,0.0,0.000482258365953665,0.012943670636540748,0.003362613187336529,0.0,0.0,0.01996830900909965,0.0,0.0,0.0990223761232368,0.9296943581604704,1.4890737098175482,0.0,0.003233572462270605,0.0,0.5422799200285173,0.0,0.0,0.01601746280573604,0.0,0.0010670552870121026,0.0
0.0,0.0,0.0,0.0,0.0,0.0,0.0,0.0,0.0,0.0,0.0,0.0,0.0,0.0,0.0,0.0,0.0,0.0,0.0,0.0,0.0,0.0008297257050498858,0.0,0.0,0.0,0.0,0.0,0.0,0.0,0.0,0.0,0.0,0.0,0.0010244718691704419,0.0006485735301895398,0.006642688266618496,0.0,0.0,0.008364070136566835,0.0,0.0,0.0,0.18876664561778003,0.0051952681229701465,0.31651452427813975,0.24619203063635198,1.5965765864088102,0.2134944489601135,0.011481076695443803,0.00017387690159967114,0.0,0.0,0.0,1.2076682679964152,0.5320900311558532,0.004109637201291668,0.5996098390608833,0.0007590720576130074,0.006700987876032709,0.014232077061284506,0.0037084281143065175,0.001971392397636635,1.1445386405803846,0.009900473283438625,0.0,0.0,0.00023844624177335236,0.0021577660069606016,0.0,0.0,0.0,0.0,0.0015373794775730026,0.0003632708924930722,0.0003784297496714305,0.0,0.0006469713647910694,0.6112246205814661,0.0008498278918447277,0.0,1.1127543067384644,0.0,0.052471473313553584,0.006008544742479112,0.037418256460625514,0.0006231046098634967
0.0,0.0,0.0,0.0,0.0,0.0,0.0,0.0,0.007485203572523623,0.0,0.0,0.0,0.0,0.0,0.0,0.008171525329313424,0.0,0.0,0.0,0.0,0.0,0.011246226985559327,0.0,0.00883038648944733,0.0,0.0,0.0,0.0008844582831494831,0.0,0.0010264945051447162,0.0,0.0,0.0,0.0,0.0,0.010792090813375786,0.00047255998756266993,0.0,0.0,0.00107671819176045,0.0,0.0,0.021017648220939846,0.0035048914933849544,0.4684901992082114,0.014903969450367344,0.002408016718871205,0.00022632930264756095,0.0003150683523841905,0.02207563055389475,0.0,0.004072635213072082,0.009698658076501786,0.0,0.0070580204989660646,0.3967374485559621,0.01736880012608402,0.012889502824973826,0.03976706639322625,0.005602463227566795,0.0,0.0,0.01708267682223134,0.0,0.003192704120577738,0.0527642888857575,0.002910392576657475,0.028161059553252214,0.0014432227484396278,0.3012338948389827,0.005235766301609587,0.1260944246364596,0.32421977229989735,0.0011378428649284318,0.002349843577400666,0.008340035011025159,0.8069125641056746,3.8919315971947213,1.2263324384306176,0.0,0.0,3.623491118251003,1.7592590141038111,0.0,0.004584802829737973,0.0
0.0,0.03304248647781476,0.011023968868553852,0.0,0.0,0.001995164176217625,0.008006319316756955,0.0005831585372836034,0.025628661148235005,0.0022782387682224155,0.002601838820438409,0.0,0.007582819224993789,0.0016458715099855585,0.0,0.06564356080213839,0.0010664742731255317,0.0,0.003851461033190247,0.0,0.005509088529628382,0.011451056449010804,0.015062795861143495,0.09155732370754942,0.0018324108605576436,0.04007485245057471,0.20652884441321964,0.016513136759228646,0.003794653125406409,0.0019326225635650487,0.0003818554639640217,0.0,0.0,0.004971470914952241,0.07662129239166401,0.1394201650834863,0.03257337383221968,0.02464772629043117,0.0788396701022498,0.041873330309756075,0.001360741452928461,0.0012906855378901107,1.331679058438175,0.937083556468388,7.253200018042073,1.186648051234492,1.0109810475069523,0.4463822173153637,0.18718315327730556,0.12491977114947907,0.10734421424988437,0.5309339210216147,0.03477256867658593,0.0464269402414335,0.0616235816975832,0.7716168587967215,0.21138488142002457,0.05378995369674936,0.4033090505760477,5.787305773195899,0.034871021318559486,0.2902679999559249,0.5480347230969991,0.0018921183966586223,0.147917209795785,3.6915098590338618,0.4717474012809171,3.1170229382311123,0.013328139811870128,4.666995065429849,0.04749915624431353,5.692887736836276,0.7485050965490488,0.13748625142523568,0.6755181293368566,2.214570335371826,1.9204595888918732,5.556104661114956,3.6276896045554357,0.01601746280573604,0.052471473313553584,1.7592590141038111,12.088934769564798,0.13681148896920475,0.2615738734453631,0.0075303109841159226
0.0,0.002596588599736918,0.0,0.0,0.0,0.22969122273098783,0.0,0.0,0.006271651807703561,0.0,0.0010384169319831735,0.0,0.0,0.0,0.0,0.0006499367120588604,0.0,0.0,0.0011012504802518786,0.0,0.0,0.004184589132557653,0.007173082663400779,0.0,0.0,0.00039743796823545904,0.0,0.0,0.0015307162234392553,0.0,0.0,0.0,0.0,0.05872318513442558,70.92066594608762,0.6882716657779853,0.05912875263108811,0.03141795254626739,0.6267540306889756,0.02968992946022383,0.004426247578027215,0.0032986702898060065,3.8121943036802906,0.561480147708277,0.29559149687702657,1.0909313981661235,0.15635552999008825,0.035455912060867296,0.020762484683097802,0.0,0.00179653907414388,0.018151846985807782,0.006802338550465379,0.004096747669330891,2.2785673988900794,0.12727443958304063,0.009764286048051412,0.019852280879441193,0.22518882281733701,0.0018584399422262516,1.5533354831895614,0.0006408184356355971,0.014061860069932652,0.45364695453940485,0.06313936342627428,0.008995354931948862,0.00529402758003545,0.006617487100860853,0.0026057018302092947,0.09278508480926034,0.0074921687477847035,0.23983842279838583,0.14066714400830538,0.0,0.023067764109352944,0.1356058519607276,0.21599757746071316,0.0557807722757493,0.03128742191301148,0.0,0.006008544742479112,0.0,0.13681148896920475,290.98206392053805,39.17963469003631,0.025684490293534114
0.007647905851126188,0.018022879259844544,0.11347283105648988,0.016728895007558142,0.0006242258292688031,0.07436634311854863,0.2512494802379283,0.04101498322656622,0.21813044969455622,0.21401127295593592,0.03538014771631057,0.008658530323991045,0.014438244264069776,0.08317752955210676,0.0,0.49564149210024905,0.012663210242258032,0.023694861206263115,0.0629914801782965,0.0074244336357821294,0.8356364131059689,0.13332346666716893,2.0722478199390806,0.8787884506565498,0.0008307852331460588,0.12087350659247348,0.5981237950205754,1.470949262238642,0.258411252387227,0.07634118182464499,0.0009779416058197318,0.005666037725086992,0.022477692771346616,0.40149690952816497,27.820305083490943,3.0758711580450266,2.318728571799257,1.1226780878769773,6.342024366190901,0.30271525537055,0.094406190184368,0.057792557920564515,4.146962601829784,5.948676171968668,1.6949715505495642,6.405213331177585,0.49100438245730516,0.09712140665757178,0.015514869561698317,0.0009867597697546554,0.020458292224299256,0.38275244547653486,0.027564351710731284,0.05702154004539511,0.10617498981088883,0.48157943225929706,0.04664600840556233,0.2747525792456818,0.281012440064448,0.026973643412617924,0.04967353578617815,0.0,0.07738044945531129,0.027048410406744324,0.7089221070823613,0.057736057040653675,0.017815729099747827,0.05522749456770757,0.01666617307815478,1.8972206264905092,0.15283797027224486,3.9111407881854996,0.8017211889642081,0.0020347185340622827,0.1830951938305747,1.071700642240343,1.1104812782792972,0.39791340974974976,0.2715881372376204,0.0010670552870121026,0.037418256460625514,0.004584802829737973,0.2615738734453631,39.17963469003631,3.6436501220728164,0.43260981566444057
0.0535297630999432,0.008119926393102486,0.01172638862213345,0.15667189563820597,0.6299848643398136,9.19945661187066,0.6377140959788988,1.4554837748448566,0.252736033554509,3.005940259053963,1.928022225742011,1.111707872383275,0.42925508983028615,3.3372140384828364,1.0689233862114043,0.3680379768635509,0.01894751351031202,0.12463956767312886,0.08694789359777469,0.14274874121950767,0.8340067415453002,0.0336619430323752,1.2542919986352212,0.709456009950072,0.014104618910560763,0.13628912968685292,0.11247914789255505,1.5070483058020663,4.045474801310872,0.17735825102682926,0.03412253864483304,0.8625619909334882,0.0654277896045616,3.747947511964422,0.38124050959834166,2.564993050237756,0.6693191289323794,6.235596252895784,1.4883856760091367,3.5522076871739285,5.662510060837298,0.35311902730729516,0.11787589914721877,0.013368310307675081,0.004496982401438983,0.02842347246586011,0.02588727198244878,0.001572203271663845,0.0008322425098404214,0.0,0.0012876363852814638,0.0,0.0003578332116765648,0.0,0.0,0.0,0.0,0.04395275663737889,0.0,0.00026839610327099544,0.0072417336610844886,0.007273416943498109,0.0,0.008666052742454404,0.0035701256375874203,0.0,0.0,0.000761366749372826,0.002111146725133028,0.0,0.0063799977051229185,0.0007729954167574847,0.018030553512793823,0.01671212652244556,0.0007990606712065149,0.000815574426991448,0.0,0.0015439187867385296,0.0,0.0,0.0006231046098634967,0.0,0.0075303109841159226,0.025684490293534114,0.43260981566444057,11.532844841446968
