-0.4783101799174942,-0.0005535528293144,0.0020333783151588,-7.504920612161472e-05,0.0,-5.654899365260876e-05,-0.3665129256061161,-0.0255006312729122,0.0023692358513054,-0.0102147782385636,-0.00341944397728,-0.0002000564370607,0.0,-1.302772285943094,0.0,0.0002204504478545,0.0081790598798299,-0.0011027741710619,0.0006533163538536,-0.0004812334262139,-0.0013688105091777,-0.0001097379181884,-0.0019856325581801,0.0219023301463324,0.0,0.0086962601127146,0.0007051717251424,0.0377788733927159,-0.9463410273698626,-0.0760367791972964,0.0,0.0,-0.0223564254851571,-0.0133143574605517,0.0,-0.0006352052161022,0.002768081313404,-0.0036400429987174,0.0006616747851771,2.132249071611881e-05,0.0,-0.0002497463275366,0.0034972847979779,-0.0002556839227707,0.0,0.0,2.3550535484294225e-05,0.0,0.0,0.0,-0.0002186610910027,0.0,0.0,0.0,0.0,0.0,0.0,0.0027288732263066,0.0,0.0,0.0,0.0,0.0,0.0,0.0,0.0,0.0,0.0,0.0,0.0,-0.0001388707083129,0.0,0.0085500158328282,0.0,0.0,0.0,0.0044656245183714,0.0001071965907288,0.0008372185092191,0.0,0.0,7.85615608354625e-05,0.0,0.0,0.0003665153246908
-0.0005535528293144,0.0219969034333175,0.0010119210390393,0.0,0.0,0.0,0.003394771994514,0.0,-0.1562419481661192,0.0,-5.007040148134176e-05,-0.0003841078836362,0.0002198302683096,0.0010381694425823,-0.0038544974996928,0.0442330323555478,0.0213884459844392,0.0014638327973826,0.0206170422762424,0.0,0.0007756022563781,-0.185880127065021,0.0035255655995776,-0.062258506415739,-0.0158910107388851,0.0382308288633263,0.6513997186380184,0.0018846064881491,-0.0003436606119059,0.0033123397907099,0.0039499884199018,0.0,-0.0008898689196075,0.00501106602197,-0.0001717627351252,0.0180958104013502,0.0020546183799274,0.0198724927392468,0.0116124677759789,-0.032993492800002,0.0,-0.007039754481764,-0.0819606247769864,-0.0149414118643547,-0.022670970672899,-0.0077884459716294,-0.0020293009355105,0.0,0.0001665952063504,-5.757808915228018e-05,-0.0051598556823505,-0.0176706102563891,0.0,0.0,0.0,-0.0014316115152238,-8.869559586808296e-05,-0.0022035515619214,0.0,-0.0003853742237823,0.0,-0.015444136969912,-9.827366463629052e-05,0.0,-0.0110227979940207,-0.0269066725323975,-0.000180951519234,-0.0032082470877461,0.0,-0.0013507657556265,-0.030436237268171,-0.0469147536487129,-0.006451758882563,-0.0053992471102711,-0.0038174599656974,-0.2093662878121128,-0.0029693827093117,-0.002271729764688,-0.0019795358554363,-0.0010380596086916,0.0,-0.0007946015547975,-0.0148405482396578,-0.0012111255824266,-0.0179929747825122
0.0020333783151588,0.0010119210390393,-0.6082921440652271,5.428746773402938e-05,0.0,0.0,0.405931784217316,-0.0212521045105806,5.782052062128254e-06,0.0016700182163881,-0.0005007163079262,0.0,-0.0002616682042977,0.0111572068957685,0.0,0.0025218394913448,-0.3089507070923208,-0.0018377642411147,-0.0025684674601766,0.0,-0.0443906816658846,-0.000289991094335,0.12001187044384,0.018233729314793,8.318910108911317e-06,-0.2780697400749429,0.0580513310597551,0.0744798390263401,-0.0049010056234233,0.0181609887526654,-5.723540678736569e-05,0.0,-0.0034072533775362,0.0112939877543203,-0.0002727462400574,-0.1332652353362409,0.0133108763743273,0.0051195952966047,-0.037347119845965,-0.006474953860394,0.0,-0.000145125469618,-0.0530413299534103,-0.0217521476017756,-0.0122553976570432,-0.0065414824683677,-0.0008193311355046,0.0,-0.0001176968685495,0.0,-0.0285276379598372,0.0036811395462959,0.0,0.0,0.0,0.0,0.0,-0.0005845504058088,0.0,-0.0001039320676576,0.0,-8.183150825838573e-05,0.0,0.0,-0.0094156505013974,-0.0250059297234694,5.82313080136034e-05,-0.0009112055133694,0.0,0.0003556707327837,-0.0072713071850207,-0.0371560147107024,-0.0015441657534202,-0.0006188960486614,-0.0082941775683729,-0.2174099891301001,-0.0006140927621425,-0.0001224150558405,0.0,-0.00074439539368,0.0,0.0,-0.0115478959163738,0.0,-0.0330007328550808
-7.504920612161472e-05,0.0,5.428746773402938e-05,0.964580842037695,0.0,-0.0106099745822427,0.0052365326470911,-0.0424221225904819,0.1687634125902781,0.1035174885660244,-0.0006586666523808,0.1478157961216898,7.28238962472226e-05,-0.0586922814829642,-0.1031057085381313,0.0,0.0,0.0,0.0,0.8650127968342523,0.0,0.0,0.0,0.4203118558331795,0.0,0.0,0.0,0.3994221380459574,-0.0411344479912711,0.0001081762216842,0.0,0.0,-6.845502774172601e-05,-0.0306309439017983,0.0006261159422251,0.0397138565051748,-0.0009312744992931,0.0002010020079229,0.0008541905767496,-0.042911689110139,-0.0001339151594513,0.0,-0.0178457544077279,0.0,0.0,-9.349077050600596e-05,-0.0333922743922821,-0.0004355155994955,0.0,0.0,0.0,0.0,-0.0108993136085386,-0.0002559909715386,-0.0051391006427567,-0.0011797454444085,-0.0022313410497632,0.0250229272333671,-0.0035174198388454,0.0,-0.0087402812160038,0.0,0.0,-0.0017751950202507,0.0,0.0,0.0,0.0,-0.0156890297324807,0.0,0.0,0.0,-0.0175289059266363,0.0,0.0,0.0,-0.0079607019185867,0.0,0.0,0.0,0.0,-5.76633237774464e-05,0.0,0.0,0.0078505321404663
0.0,0.0,0.0,0.0,0.0,0.0,0.0,0.0,0.0,0.0,0.0,0.0,0.0,0.0,0.0,0.0,0.0,0.0,0.0,0.0,0.0,0.0,0.0,0.0,0.0,0.0,0.0,0.0,0.0,0.0,0.0,0.0,0.0,0.0,0.0,0.0,0.0,0.0,0.0,0.0,0.0,0.0,0.0,0.0,0.0,0.0,0.0,0.0,0.0,0.0,0.0,0.0,0.0,0.0,0.0,0.0,0.0,0.0,0.0,0.0,0.0,0.0,0.0,0.0,0.0,0.0,0.0,0.0,0.0,0.0,0.0,0.0,0.0,0.0,0.0,0.0,0.0,0.0,0.0,0.0,0.0,0.0,0.0,0.0,0.0
-5.654899365260876e-05,0.0,0.0,-0.0106099745822427,0.0,-3.4654700739225124,-0.0070832599380634,-1.2146515108861178,-0.0079227363414229,-0.702077128893858,-0.0054616247797553,-0.0721040383231914,-0.0001282673234317,-0.0166290256324454,-0.2729369912083381,0.0,0.0,-0.0019007046292708,-8.877315001436311e-05,-0.0166098695695487,0.0,0.0,0.0010140361069704,0.0094761895817038,0.0,-0.0006555071676416,-0.0007203617729169,0.0033889933492797,-0.0120069320714606,-5.0143861980188525e-05,-0.0004722381884344,0.0,-6.631636340559938e-05,-0.0156722892507312,-0.121740842248918,-0.0078697359359827,-0.0013362851511222,-0.0188524414145725,-0.0038584362342143,-0.5053419970229714,-0.0004288070406595,0.0,-0.0048246130500914,0.0,0.0,-4.133802559239636e-05,-0.002733829511214,0.0,0.0,0.0,0.0,0.0,-0.0014659706108677,-0.0003284750628839,-0.003365147410982,0.0,-4.21952048516837e-05,-0.0012620865564616,-0.001094231078554,0.0,-0.0034603043874898,0.0,0.0,-0.0026514861680405,0.0,0.0,0.0,0.0,-0.0017129954808951,0.0,0.0,0.0,0.0007248427355559,0.0,0.0,0.0,-0.0011728934816431,0.0,0.0,0.0,0.0,-0.0003722201496898,0.0,-0.0848729537452215,-0.0069099807054219
-0.3665129256061161,0.003394771994514,0.405931784217316,0.0052365326470911,0.0,-0.0070832599380634,-1.121390528018032,-0.720846311678605,0.0187525399528319,-0.1233120250339963,-0.0134008817460277,0.0006289064449358,-0.0004074919255069,-3.044683522587482,-0.0017670443626155,0.0077626952649519,0.0629031820285241,0.000239470356211,0.0044639587686222,0.0021748033999215,-0.0952279201327103,0.0007014395969699,-0.011712875962356,0.1695892506545414,0.0008442631226926,0.1260311384847756,0.0428305893645,1.652060379985414,-1.0541469930342358,-0.6706704557591964,0.0,0.0,-0.1232537380402225,-0.1601623328674618,0.0003414994894496,0.1026630785393409,0.0479069208134013,0.0302324440149036,0.0335523966284103,0.1233717603977253,0.0005937874673862,-0.0042156165790323,0.0172454122810982,-0.0008495140207403,0.0002132059906676,0.0013054337923423,-0.0002994309433883,0.0,-0.0001693379872944,0.0013898309845127,0.0010601511078996,3.117630432417156e-05,0.0,0.0,0.0,-0.0011017229077964,-0.000371384325813,-0.011175873596934,-4.212892975161827e-05,0.0,-0.0007115200647373,-0.0001884544769122,-0.0002470893251973,0.0010151350717908,-0.0003498143941475,0.0,0.0,0.0,-3.983964109690921e-05,0.0002679920227576,-0.0017460449108248,-2.67278326753678e-05,-0.0384101478273834,-0.0006996949177832,0.0,-4.682301676913266e-05,0.0381105533273319,-0.0012162403716958,3.945666686151912e-05,0.0,0.0,0.0008337241634244,7.593176486486807e-05,0.0,0.028404723246095
-0.0255006312729122,0.0,-0.0212521045105806,-0.0424221225904819,0.0,-1.2146515108861178,-0.720846311678605,-4.3366520071408425,-0.0093955183372458,-1.4139651222451917,-0.0799490655277773,-0.1779284214114081,-0.0095191516889465,-1.0430725636538989,-0.0032938575704256,-0.0001401891922603,-0.0140873510068512,-0.0597898408342077,-0.0091317062833107,-0.0321563865586488,-0.0045575599090999,0.000455291931138,-0.0133854621790731,-0.063430162289289,-0.0010401136060713,-0.0832026972257847,-0.0247929333485064,-0.2010654725833075,-0.2331367462449538,-0.0069906629557953,-0.0038630366100442,0.0,-0.0084150715162366,-0.1524194237288617,0.0,-0.0815839754388873,-0.0253140902018496,-0.140195684305723,-0.0225862953064385,-0.3066502913296405,-0.0016901852183928,-0.00395381756503,-0.0062301783117347,0.0,0.0,0.0,-0.0028667544024966,0.0,0.0,0.0,0.0,0.0,0.0004501080329894,0.0,3.5449787106374084e-06,0.0,0.0,-0.0163694963788174,0.0,0.0,0.0001461377853142,0.0,0.0,-0.0012656918328538,0.0,0.0,0.0,0.0,0.0,0.0,-8.238699047224382e-05,0.0,-0.0122967972335429,0.0,0.0,-0.0004370054402732,0.0004245668721175,0.0,0.0,0.0,0.0,0.0,0.0,0.0,-0.0125037463077421
0.0023692358513054,-0.1562419481661192,5.782052062128254e-06,0.1687634125902781,0.0,-0.0079227363414229,0.0187525399528319,-0.0093955183372458,0.1975474848500407,0.106313009999922,-0.0011170554630098,0.0093245567936955,0.0009211510408657,-0.0209540676400701,-0.3658421067244308,-0.0013802557093177,0.0009887185495548,0.0002561347186338,-0.0001050718556822,0.0270338692192131,-0.0001572468682253,-0.0070709191778737,7.178211643884404e-05,1.433929353343369,-0.0224200055569086,0.0023474359823335,-0.071374505559995,0.09012726389717,-0.0477163411005488,-0.0018933478461668,8.137861568049002e-05,0.0,-0.0107703418173863,-0.0156684695342926,-0.0004943121229478,0.0279139845153917,8.015913377691545e-05,-0.0051566983090359,-0.0025753132144055,-0.1728532250033562,-0.0001897837309166,-0.000311483044269,-0.0695417510642737,0.0011263112015955,-0.0274867778150312,-0.0119234217831329,-0.0266765575516536,-0.0043899015912477,-0.0008885739413159,-0.0140734315246543,-0.0017620517112708,0.0006085069269735,-0.0366265014403981,0.0011010623644444,-0.0113125143652756,-0.033186595905695,-0.0331476893015991,0.1366768635892299,-0.077210841965041,0.0,-0.0114346609259864,-0.0059346051366243,-0.0240609952379282,-0.0005906562383578,-0.0005565911398293,-0.001401100514236,0.0,0.0,-0.0306769080299315,-0.0019761387577833,-0.0344862772007688,-0.0032669685611404,-0.1008403316985757,-0.0006888940569628,0.0,-0.0002453136981795,-0.0840590371175583,-0.0427707266916723,-0.0385917221042042,0.0,-0.0001274631403461,-0.0098993528868915,-0.0166978756742904,-0.0021021098988198,-0.0029526946150458
-0.0102147782385636,0.0,0.0016700182163881,0.1035174885660244,0.0,-0.702077128893858,-0.1233120250339963,-1.4139651222451917,0.106313009999922,-0.3714283716747348,-0.0162882977472895,0.1009375219316281,-0.0006706565253951,-1.0427063498523883,-0.0349290585898237,6.8177525563107e-05,-2.7704517491217708e-05,-0.0004870903064391,0.0,0.2038804953186827,-0.0001676475771349,0.0,0.0039649355220021,0.3363499219911421,0.0,-0.0001475378144751,0.0007587877364637,0.6036844499663849,-0.3258733964628379,0.0020147465085289,0.0,0.0,-0.0016809567624861,-0.3794053484766951,-0.0407064339801189,0.3811932900372783,-0.0050534414818367,-0.0966772467419023,-0.0075035726340558,0.4487662830302698,0.0007988522048081,-0.0003107457601186,-0.016931729166885,0.0,0.0,4.420845744295661e-05,-0.0297887091652177,0.0,0.0,0.0,0.0,0.0,0.0002707498666985,-1.9794554415396293e-06,0.0003929570810434,0.0001189783323279,0.0,-0.0218135277618977,0.0,0.0,-0.0054418805683362,0.0,0.0,-0.00234130877064,0.0,0.0,0.0,0.0,-0.0051168765164135,0.0,0.0,0.0,-0.0115250108225334,0.0,0.0,0.0,-0.0006623441708597,0.0,0.0,0.0,0.0,0.0,0.0,-0.0246505197181952,0.0319569646294117
-0.00341944397728,-5.007040148134176e-05,-0.0005007163079262,-0.0006586666523808,0.0,-0.0054616247797553,-0.0134008817460277,-0.0799490655277773,-0.0011170554630098,-0.0162882977472895,2.362510746185125,-0.0026579834724141,-0.1109705489020533,-0.0524596213501763,0.0,-0.0009340593859525,0.0101983662321674,0.6306661109155709,-0.0101934092486494,-0.0017694208549146,-0.0106955796907875,0.0005051313940503,-0.0149761815835777,-0.0010990809644334,0.0007670671957597,-0.641741603611523,-0.0138280840491701,-0.0154604029770386,-0.1303326410561146,-0.0038857124484639,-0.2449034369750794,0.0,-0.011032667338811,-1.0662777501770455,-0.0053638209854754,-0.2807539348864704,0.0651676484452412,-0.171194663632121,-0.0682971187151142,-0.1754300711625993,-0.0060193864002259,-0.0257851147110173,-0.0032148978078382,0.003949669857343,-0.0010363538495276,-0.0005907420505945,-0.0027467103795995,0.0,0.0007367490781464,0.0,0.0027008662006107,3.4285129198384665e-05,0.0,0.0,0.0,0.000239500556532,-0.0005100741799293,0.0010277811024168,0.0,0.0043045295063732,0.0,0.0655971122903338,0.0,1.709300616791474e-05,-9.755744802695608e-05,-3.182836350707557e-05,0.0,0.0,0.0,0.0,9.18115431150763e-05,0.0002739758660366,-0.0005210934086266,0.0088108901912689,0.0036632581337306,0.0066791534602336,0.0011746526416512,-6.764395526216883e-06,-0.0003241840788678,0.0087110852920617,0.0,0.0,-0.0003126278990679,-0.0025928792285379,-0.0216983462154376
-0.0002000564370607,-0.0003841078836362,0.0,0.1478157961216898,0.0,-0.0721040383231914,0.0006289064449358,-0.1779284214114081,0.0093245567936955,0.1009375219316281,-0.0026579834724141,-1.0432084461284146,-0.0001131489575189,-0.0691882755582556,-0.4604396243135366,0.0,0.0,0.0,0.0,-0.2924655692517632,0.0,-0.0002007100471179,0.0,0.0101245140101527,0.0,0.0,-4.458240287770036e-05,0.011425114140207,-0.049916410983978,0.0,0.0,0.0,0.0,-0.0743725105480858,-0.0429278388170991,0.0112072844865062,-0.0008027481027028,-0.0564042873842489,-0.017212859138492,-0.0660730575552293,-0.0020639190359487,0.0,-0.0119729181253236,0.0,-0.0002016584171767,3.31053207090673e-05,-0.0170071519571965,-0.0001560611952753,0.0,0.0,0.0,0.0,-0.0229838928389923,-0.0011535812469579,-0.0044609021348188,-0.0007494209495415,-0.0044081005963724,-0.0115269788131887,-0.0325670757868691,0.0,-0.0055737172951187,0.0,0.0,-0.0043723942439854,0.0,0.0,0.0,0.0,-0.0130631082831817,0.0,0.0,0.0,-0.0056884599270677,0.0,0.0,0.0,-0.0260779028133039,0.0,0.0,0.0,0.0,0.0,0.0,-0.0468190224005549,-0.003810593706027
0.0,0.0002198302683096,-0.0002616682042977,7.28238962472226e-05,0.0,-0.0001282673234317,-0.0004074919255069,-0.0095191516889465,0.0009211510408657,-0.0006706565253951,-0.1109705489020533,-0.0001131489575189,-1.146581980077427,-0.0048394794721187,-0.0004933156131946,8.527586416537222e-05,0.000590436354495,0.0006117659685891,8.613213758889286e-05,0.0,-9.341859573758047e-05,-0.000352448550648,-0.0025673803898431,-0.001543654749579,-0.0231013842764435,-0.399093447954251,-0.8500615311552379,-0.0019564184627756,-0.0135666129278431,-0.0006206777945803,-0.6978343561669152,0.0,-0.000649779923642,-0.221295399809337,0.0015181076773029,-0.132280189769288,0.0467029408634157,-0.0939839174835144,-0.0359027926338223,-0.0225389008321301,-0.0030792713963981,0.0856343630576866,0.0001740649864082,0.0112144004549042,0.0001577527720678,-0.000998562077075,-0.0028766313027462,3.403436743069211e-05,0.0016034758845689,2.824880482030563e-05,0.004608515088709,0.0005115793208121,0.0,0.0,0.0,-6.731194993649403e-05,-9.732918436832676e-05,-0.0005521803472973,0.0,0.0091013829595459,0.0,0.0748056919150123,0.0,1.808003681050186e-05,0.0002755045690812,0.0,0.0004781860486481,0.0003394372821727,0.0,0.0,-0.0004357491838797,0.0001471900639504,0.0014665800635842,-0.0160040765732865,0.0076419760476297,-0.0076295529920838,0.0019604563187236,-0.00217009447441,-0.0002502098511746,0.0129393403848779,0.0,-0.0001240483976947,-0.0003012939769833,-0.0002052379915113,-0.0042978770862905
-1.302772285943094,0.0010381694425823,0.0111572068957685,-0.0586922814829642,0.0,-0.0166290256324454,-3.044683522587482,-1.0430725636538989,-0.0209540676400701,-1.0427063498523883,-0.0524596213501763,-0.0691882755582556,-0.0048394794721187,-4.2167795613922205,-7.295710452573662e-05,-0.0004681520063221,0.0037691140336265,-0.0359098099343229,-0.0023422620653115,-0.0173255212410981,-0.0110270472414039,-0.0001192737564932,-0.0311420595052081,-0.1072459604762438,0.0,0.0177224945262676,0.024133501753979,-0.350581415063472,-1.2472147795100037,-0.1252237590719074,-0.0035519217453224,0.0,-0.0205511581702537,-0.1642717514740986,0.0007206519741827,-0.0526296703070025,0.0007944443695266,-0.0938236120152408,-0.00462101508081,-0.0409877201915253,-0.0018821877340367,-0.0028690219041494,-0.0029113014647396,8.731477877096003e-06,0.0,0.0,-0.0014878518892397,0.0,0.0,0.0,-0.0005237292177124,0.0,0.0,0.0,0.0,0.0,0.0,-0.0095833739666325,0.0,0.0,0.0,0.0,0.0,0.0,0.0,0.0,0.0,0.0,0.0,0.0,-0.0011872131068742,0.0,-0.01811392376305,-0.0001231379023505,0.0,0.0,0.0012999165309837,3.893676103227035e-05,-0.0001765943622635,0.0,0.0,4.418496134976669e-05,0.0,0.0,-0.0118953250213682
0.0,-0.0038544974996928,0.0,-0.1031057085381313,0.0,-0.2729369912083381,-0.0017670443626155,-0.0032938575704256,-0.3658421067244308,-0.0349290585898237,0.0,-0.4604396243135366,-0.0004933156131946,-7.295710452573662e-05,-0.4751031995116681,-0.0003474992969973,0.0,0.0,0.0,-0.031779822689726,0.0,-0.0026030508027261,0.0,-0.2906405531835603,0.0,0.0,-0.0027731364568217,-0.0211742380615288,-0.0021539502538379,-0.0006322477444749,0.0,0.0,-0.0004258121615793,-0.0007738329417946,0.0018151077771594,-0.1054935511880014,0.0,-0.0011661722845727,-0.000207866779341,-0.7148927213219871,-1.1922947211579875e-06,0.0,-0.0271816270104873,-0.0002235014035586,0.0,0.0,-0.0453419092686605,-0.0034770571210594,0.0,0.0,0.0,0.0,-0.0179197830108861,-0.0074638198842442,-0.02261416341487,-0.0014785772715414,-0.0039142232402543,-0.0294487445372001,-0.0231328387835885,0.0,-0.0238221567180569,0.0,-6.278154709430299e-05,-0.0266223235243178,0.0,0.0,0.0,0.0,-0.0275213822788297,0.0,-0.0008026319470868,0.0,-0.0197230007038814,0.0,0.0,0.0,-0.0234941269421289,-0.0003458203191024,-0.001162864624401,0.0,0.0,0.0,0.0,-0.0004249074870123,0.0004970716742414
0.0002204504478545,0.0442330323555478,0.0025218394913448,0.0,0.0,0.0,0.0077626952649519,-0.0001401891922603,-0.0013802557093177,6.8177525563107e-05,-0.0009340593859525,0.0,8.527586416537222e-05,-0.0004681520063221,-0.0003474992969973,1.1392866236162116,-0.0013666951084992,-0.0002109373528081,0.0003744346182227,0.0,-0.1434270527211326,0.5372026213087743,0.2027226041857019,0.5749061294940346,0.0016763707757911,0.0001345858824804,0.2624773042305625,0.2163485055062746,-0.0104458655400822,0.0072483081857369,-2.8431597609821925e-05,0.0,-0.008421306622014,0.0010123401488113,-0.0010454907271606,0.1407159897338297,0.1014782804190911,0.0557617728746947,-0.0262578671088978,0.0705186643615327,-0.0004978748219619,-0.0053631242254272,-0.1021519954335805,-0.0351665971890231,-0.0214355713785814,-0.0054511689794107,-0.0067263259011394,-0.0001576066049915,-0.0023769024357835,-0.0008162114649422,-0.0142393789455009,0.0010549734031015,0.0,-0.0001507107641761,0.0,-0.0029209401689353,-0.0008984035598941,-0.0053056811029789,-0.0001618308388218,2.9392193843584148e-05,0.0,-0.0080978419827748,-0.0025567614788326,-6.7183940216411e-05,-0.2966456582695514,0.0005833858194027,0.0,0.0,0.0,0.0008925905552874,-0.0748785372624356,-0.0107385508559527,-0.0911496296341656,-0.0014164215822001,-0.0005118830704948,-0.0890392789325051,-0.0219956373417184,-0.0117492608039143,-0.0377783619121522,0.0,0.0,-0.0098895963513081,-0.0009198906025612,0.0001487894604351,0.009899365369843
0.0081790598798299,0.0213884459844392,-0.3089507070923208,0.0,0.0,0.0,0.0629031820285241,-0.0140873510068512,0.0009887185495548,-2.7704517491217708e-05,0.0101983662321674,0.0,0.000590436354495,0.0037691140336265,0.0,-0.0013666951084992,-0.1207318266532343,-0.0285849007567835,-0.4123574114821839,0.0,-0.0367064424718402,0.0008629561391424,-0.4149612938606156,0.0060925810439529,0.0029908009346217,-0.1448163728609549,0.3683775419667707,0.0267761662002652,-0.0034955231651772,0.0442609554757897,-7.064030295692616e-05,0.0,-0.001768985695585,0.0008018538407103,-0.000452717535457,-0.0206222033615594,-0.0044640678861694,-0.0179970037851544,-0.01815183433256,-0.0002949567219234,0.0,6.916289253659751e-05,0.0030377798775001,0.0036932783475197,0.0064423319321883,0.0031423506641541,2.8268517614784515e-05,0.0,9.006303232785202e-05,0.0,0.0142580106804819,0.0300319666535197,0.0,0.0,0.0,0.0,0.0,-0.0004531664961768,0.0,-1.0640729308063785e-05,0.0,-0.0003028808958411,0.0,0.0,-0.0003597770262756,0.0059372080341843,4.833940235984263e-05,-0.0004790498103212,0.0,9.204470889260098e-05,-0.0039525932078072,0.0053229212739899,-0.0001697025672827,0.000636826723412,0.0174229510614458,0.0939437117788358,0.0,-5.038101187030283e-06,0.0,0.0003605561971667,0.0,-0.000202359203717,0.0019916195429793,0.0,-0.0036554977044062
-0.0011027741710619,0.0014638327973826,-0.0018377642411147,0.0,0.0,-0.0019007046292708,0.000239470356211,-0.0597898408342077,0.0002561347186338,-0.0004870903064391,0.6306661109155709,0.0,0.0006117659685891,-0.0359098099343229,0.0,-0.0002109373528081,-0.0285849007567835,-1.1081463150212545,-0.3664307064984721,0.0,-0.0098133696179124,0.0,-0.0275421695647525,0.0,0.0059556097810232,-0.6232763530055863,0.0401741462959225,-0.0011005869697504,-0.0752290795603457,-0.0108963356575631,0.0005892493876918,0.0,-0.0072009937523461,-0.3420058957629699,0.0,0.0528971671135518,0.0539073625562581,-0.1021203072409392,0.0721732808456972,-0.0463094321891648,-0.0002582295777259,0.0004391609451568,-0.0001455602202566,0.0004073334544511,0.0001413657451306,0.0,0.0,0.0,0.0,0.0,0.0007042649357271,0.0001002415663251,0.0,0.0,0.0,0.0,0.0,0.0,0.0,0.0004157561814236,0.0,0.006342161627162,0.0,0.0,0.0,0.0,-1.4741421690113e-07,0.0,0.0,0.0,0.0,0.0,0.0,0.0007642156047851,0.004077713302449,0.0094676565771593,0.0,0.0,0.0,0.0017789386962535,0.0,0.0,0.0,0.0,0.0016314710284068
0.0006533163538536,0.0206170422762424,-0.0025684674601766,0.0,0.0,-8.877315001436311e-05,0.0044639587686222,-0.0091317062833107,-0.0001050718556822,0.0,-0.0101934092486494,0.0,8.613213758889286e-05,-0.0023422620653115,0.0,0.0003744346182227,-0.4123574114821839,-0.3664307064984721,-1.0538125062252932,0.0,-0.0192853108370013,0.0003709106189119,-0.0464936419862572,0.0010972766238018,0.0030425546810478,0.384691112078223,0.0552392743612299,-0.0020076954091909,-0.021355799441945,0.0059719514360719,-0.00068662543632,0.0,-0.0018207047433723,-0.0993471761192071,-0.000438689505453,-0.0108866101259841,0.0116854658118717,-0.10747809804195,-0.0361129326704382,-0.0077630801058435,0.0,-0.0007182597818895,0.0010756626930329,-0.0016694073487855,0.0025345117968586,-0.0007229139597565,0.0,0.0,0.0,0.0,0.0107197518024402,0.0056054332066567,0.0,0.0,0.0,0.0,0.0,0.0,0.0,0.0005234557552831,0.0,0.0006700044294833,0.0,0.0,0.0,-0.0003886649219184,0.0001096164475245,-0.0004963753199503,0.0,0.0001359445353976,-0.0007135055472032,0.0002280492311341,0.0,0.0025003380488392,0.0182148920216802,0.0269195650641164,0.0,0.0,0.0,-0.0007703748144347,0.0,0.0,0.0002162248133256,-0.0003985793932712,-0.0028753237162117
-0.0004812334262139,0.0,0.0,0.8650127968342523,0.0,-0.0166098695695487,0.0021748033999215,-0.0321563865586488,0.0270338692192131,0.2038804953186827,-0.0017694208549146,-0.2924655692517632,0.0,-0.0173255212410981,-0.031779822689726,0.0,0.0,0.0,0.0,0.1566235485272087,0.0,0.0,0.0,0.0360816553927859,0.0,0.0,0.0,0.0657660063883323,-0.0167966693846492,1.2518646819283826e-05,0.0,0.0,0.0,-0.0226891351522021,0.0,0.020030761727868,0.00011964271505,-0.0111647339122236,-0.0004063094825035,0.0091165403447406,0.0002365101663836,0.0,-0.0039042136872244,0.0,0.0,0.0,-0.0077910206902371,0.0,0.0,0.0,0.0,0.0,-0.0003829885583748,-0.000119516019748,1.0712020408488198e-05,0.0,-0.0001118501385531,-0.001181192788927,-0.0007077594345228,0.0,-0.0012279101404321,0.0,0.0,-0.0039897956856286,0.0,0.0,0.0,0.0,-0.0023137893441053,0.0,0.0,0.0,-0.0083381864593082,0.0,0.0,0.0,-0.0007449804348167,0.0,0.0,0.0,0.0,0.0,0.0,0.0,0.0029892695018993
-0.0013688105091777,0.0007756022563781,-0.0443906816658846,0.0,0.0,0.0,-0.0952279201327103,-0.0045575599090999,-0.0001572468682253,-0.0001676475771349,-0.0106955796907875,0.0,-9.341859573758047e-05,-0.0110270472414039,0.0,-0.1434270527211326,-0.0367064424718402,-0.0098133696179124,-0.0192853108370013,0.0,-0.2150093716701455,0.0077394268412375,-1.3711331381729908,0.0729262002914476,9.483460307638998e-05,-0.0082527300737886,-0.0512338411310322,-0.0889249067036845,0.0050183339721872,0.1562773163966011,-5.124369264748898e-05,0.0,-0.0390509953566413,-0.1182179318501857,-0.0018471143173448,-0.0531360869123858,-0.0244382146932453,0.0105919325582393,-0.1384236927828846,0.048171104114389,-1.5219862984939368e-05,-0.0002216295939188,-0.0146433521474486,-0.0078594248056567,-0.0016807643738521,-0.0008613892327242,-0.000295044124643,0.0,-0.0005132693634648,0.0,-0.0007128048875842,0.000107039510809,0.0,0.0,0.0,0.0,0.0,-0.0004104193865431,0.0,0.0,0.0,-8.250902445810336e-06,0.0,0.0,-0.0164574241764559,0.0,0.0,0.0,0.0,-0.0049038433078331,-0.0149355767853395,-0.0016078191198174,-0.0123691401242676,-8.987227479045185e-05,0.0,-0.0024337485472623,-0.0033889779399378,-0.0015667096231633,-0.0056990702100903,0.0,0.0,-0.0007506700249099,-0.0006743414918087,0.0,-0.0109827379840053
-0.0001097379181884,-0.185880127065021,-0.000289991094335,0.0,0.0,0.0,0.0007014395969699,0.000455291931138,-0.0070709191778737,0.0,0.0005051313940503,-0.0002007100471179,-0.000352448550648,-0.0001192737564932,-0.0026030508027261,0.5372026213087743,0.0008629561391424,0.0,0.0003709106189119,0.0,0.0077394268412375,0.0238815991446427,0.0049018093340313,0.3885886407755121,-0.0212336259464699,-3.6119145622579714e-05,0.0788335727401823,0.0205923872640693,-0.0022088853117767,6.16367658483945e-05,0.0,0.0,-0.0008953596283292,0.0016852226658212,0.0,0.0124997835122841,0.0017765586022358,0.0008969132570706,0.0036183026756061,-0.0130007604292474,0.0,-0.0001903133631791,-0.0179696710094155,-0.0046228910486988,-0.0064825984167143,-0.0012300690048189,-0.0021564570508728,0.0,0.0,-0.00081802481601,-0.0058033469218652,-0.0004473753679359,0.0,0.0,0.0,-0.0012254432429851,-0.0003710422711001,-0.0111701370428972,0.000142923261055,0.0,0.0,-0.000141135467248,-0.0011280537994572,0.0,-0.0866316698054413,-3.706252250086265e-06,0.0,-1.6178026849723274e-05,0.0,-0.0032301545216913,-0.0671868653816301,-0.0095514796529285,-0.0341637224564696,0.0,8.685043101362705e-05,-0.0347394669114115,-0.0073205498269107,-0.0053972474167867,-0.0111901502377261,0.0,0.0,-0.0016973586917854,-0.0007738476977571,-0.0002441380183822,-0.003391897914762
-0.0019856325581801,0.0035255655995776,0.12001187044384,0.0,0.0,0.0010140361069704,-0.011712875962356,-0.0133854621790731,7.178211643884404e-05,0.0039649355220021,-0.0149761815835777,0.0,-0.0025673803898431,-0.0311420595052081,0.0,0.2027226041857019,-0.4149612938606156,-0.0275421695647525,-0.0464936419862572,0.0,-1.3711331381729908,0.0049018093340313,-1.025719288644389,0.0332269616971124,0.0002243660889972,-0.1246087413192959,0.1261527679449297,-0.348875399469955,-0.0394908984406485,0.1004110117655644,0.0002234166705334,0.0,-0.0255369095464193,-0.0329233586428445,-0.0035037086314208,-0.1898488773658338,-0.0751492183717742,-0.092448782130876,-0.2811223697116181,0.09744943156089,-9.038747214276035e-05,-0.0031927252067721,-0.0383852676763679,-0.0226855257630238,-0.0072148725539487,-0.0032889783390967,-0.0011835129285919,0.0,-0.0006258837909489,0.0,0.0015199930065631,0.0033514444455926,0.0,0.0,0.0,0.0,0.0,-0.0026033238622236,0.0,7.06714965894887e-05,0.0,-0.0023344672639968,0.0,0.0,-0.1373863580755318,0.001186826006609,0.0,0.0,0.0,-0.0119149852011438,-0.0109781323551891,-0.0590084931561533,-0.0128355900085013,-0.0028511605051885,-0.0005192398901308,-0.0554945077037816,-0.0021244915719098,-0.0001128012834947,-0.0024355182543456,8.478354851140893e-05,0.0,-0.0006324117059646,-0.0014729986352457,0.0,-0.0347388025875216
0.0219023301463324,-0.062258506415739,0.018233729314793,0.4203118558331795,0.0,0.0094761895817038,0.1695892506545414,-0.063430162289289,1.433929353343369,0.3363499219911421,-0.0010990809644334,0.0101245140101527,-0.001543654749579,-0.1072459604762438,-0.2906405531835603,0.5749061294940346,0.0060925810439529,0.0,0.0010972766238018,0.0360816553927859,0.0729262002914476,0.3885886407755121,0.0332269616971124,2.92729370412977,-0.004180110769146,0.0029498596917182,0.1106975033559116,0.8054574455348319,-0.2501789137267844,0.0528457447251376,0.0,0.0,-0.0699045020042732,-0.0725438864642828,0.0004129691542709,0.3776778352193277,0.0355723158013144,0.0744481394318993,0.0334688057219082,-0.0211500886542564,0.0040402803762487,7.241344117188705e-05,0.054189526101206,-0.0022563358780308,-0.0309026526268701,-0.0123431296687153,-0.0309794891035607,-0.0001736119197345,-0.0023698777950324,-0.0002767816601914,-0.0032756690114258,-9.59077272364064e-05,-0.0695987192447133,0.0008148391670792,0.0204657454569037,-0.0526282143478076,-0.0783714031098856,0.4262582714838311,0.0689288223858658,0.0,-0.0020018700834221,-0.00028602929735,-0.0015220055907324,0.0029063785275956,-0.0064792294742564,0.0,0.0,0.0,-0.0214024730358015,0.0012724898789399,-0.1017051339417869,0.000900093365656,0.1792782037495731,-0.0018829673079003,0.0,-0.0068519770829121,0.1681293481978074,-0.0317075971865651,-0.0427422723056739,0.0,0.0,-0.0136703491319914,-0.0073113191080718,6.065595913207613e-05,0.0751021673765662
0.0,-0.0158910107388851,8.318910108911317e-06,0.0,0.0,0.0,0.0008442631226926,-0.0010401136060713,-0.0224200055569086,0.0,0.0007670671957597,0.0,-0.0231013842764435,0.0,0.0,0.0016763707757911,0.0029908009346217,0.0059556097810232,0.0030425546810478,0.0,9.483460307638998e-05,-0.0212336259464699,0.0002243660889972,-0.004180110769146,0.055225867122601,0.0145063299117278,0.1264764665648395,-0.0003368665306985,-6.386706173146247e-05,0.0011204766151882,0.0125161947523099,0.0,0.0,-0.0039212493865118,0.0,0.0103706461889749,-0.0127603919589056,0.0031110008455952,0.0076516263406091,-0.0086973778150565,0.0,0.0972517177389504,-0.0054162387586659,-0.0004556030505162,-0.0030673280663469,0.0002567117212387,0.0,0.0,-0.0012418909050646,0.0,0.0050404366599976,0.0008746081036311,0.0,0.0,0.0,0.0,0.0,-0.0002776206046923,0.0,-8.75758691962385e-05,0.0,-0.0271298574027225,0.0001318149396718,0.0,-0.0002333850919258,-0.0006477465961827,5.850167391025583e-05,-0.0009432207225638,0.0,0.0,0.00093383762818,0.0004143365124915,0.0,-0.2822513270416984,0.0239752081810338,-0.0070079182642765,0.0,-0.0002275772202843,0.0,0.0055308145685835,0.0,0.0,-0.0011512987159945,0.0,0.0006096130054735
0.0086962601127146,0.0382308288633263,-0.2780697400749429,0.0,0.0,-0.0006555071676416,0.1260311384847756,-0.0832026972257847,0.0023474359823335,-0.0001475378144751,-0.641741603611523,0.0,-0.399093447954251,0.0177224945262676,0.0,0.0001345858824804,-0.1448163728609549,-0.6232763530055863,0.384691112078223,0.0,-0.0082527300737886,-3.6119145622579714e-05,-0.1246087413192959,0.0029498596917182,0.0145063299117278,-2.606512616552043,-0.227775018262945,0.0065120855830534,-0.0500513818931954,0.0891314708111774,-0.548617906003321,0.0,-0.003712701477357,-0.0065450389701593,7.656522268422194e-05,0.2274015638097239,0.1711919052612009,0.0581976050272175,0.1586339068387969,-0.0448357245779106,6.632407778812708e-06,-0.0004635275467138,-0.0225437900266132,-0.0208208716647068,-0.0092545543253198,-0.0013959895635967,0.0,0.0,0.0004300448624095,0.0,0.0039031227151875,0.0206055851010229,0.0,0.0,0.0,0.0,0.0,-0.0001497185915898,0.0,2.675528962672691e-05,0.0,0.0463233731654556,0.0,0.0,-4.0180143196849714e-05,-0.0228527262983498,0.0018793255446831,-0.0091690801620534,0.0,-0.0001369252860426,-0.0018670161874361,-0.0004977402908369,-0.0002303395212502,0.0016910591482245,0.0200214016693678,-0.0795741428681814,0.0,-3.7982823821514846e-06,0.0,0.0198982966679456,0.0,0.0,-0.0051735137445285,4.3278892604136974e-05,-0.0020367942982271
0.0007051717251424,0.6513997186380184,0.0580513310597551,0.0,0.0,-0.0007203617729169,0.0428305893645,-0.0247929333485064,-0.071374505559995,0.0007587877364637,-0.0138280840491701,-4.458240287770036e-05,-0.8500615311552379,0.024133501753979,-0.0027731364568217,0.2624773042305625,0.3683775419667707,0.0401741462959225,0.0552392743612299,0.0,-0.0512338411310322,0.0788335727401823,0.1261527679449297,0.1106975033559116,0.1264764665648395,-0.227775018262945,-1.3345939760555865,0.0489370969930893,-0.0239383708546183,0.0145920678108781,-0.1010887694951029,0.0,-0.0077165847608192,0.0736082092898981,-0.0017370030042211,-0.0763468585630268,0.0482571402715713,-0.0087956627242793,0.0222268635884869,-0.0809234626562676,0.000151882091539,0.0122167803325257,-0.2676512367905749,-0.1012199188282958,-0.0611952931103784,-0.0164944904406909,-0.0048717823992459,0.0,0.0003208517685752,0.0,-0.0324009946970311,0.0796343713389665,0.0,0.0,0.0,-0.0001282141086231,0.0,-0.0040497512057871,0.0,0.005655731555743,0.0,0.0153532947683484,0.0,0.0,-0.1696989367129958,-0.0268524364315335,0.0013292622552677,-0.0188880040947484,0.0,-0.0051108268920414,-0.0317075412860597,-0.1328260457752784,-0.0126770402899475,-0.0669676971900705,0.0491379192268066,-0.4830584194660761,-0.000870644530386,-0.0017569003836013,-0.0020763006177329,-0.0029182375997923,0.0,-0.0004149364157026,-0.0328281192114642,-0.0001624168467556,-0.0676510979420969
0.0377788733927159,0.0018846064881491,0.0744798390263401,0.3994221380459574,0.0,0.0033889933492797,1.652060379985414,-0.2010654725833075,0.09012726389717,0.6036844499663849,-0.0154604029770386,0.011425114140207,-0.0019564184627756,-0.350581415063472,-0.0211742380615288,0.2163485055062746,0.0267761662002652,-0.0011005869697504,-0.0020076954091909,0.0657660063883323,-0.0889249067036845,0.0205923872640693,-0.348875399469955,0.8054574455348319,-0.0003368665306985,0.0065120855830534,0.0489370969930893,2.9895583222780995,-0.7249150479225023,0.1446545547471806,0.0,0.0,-0.259348398364136,-0.2444924611050655,0.0016669259299713,0.4120153756426717,0.0482644028066471,0.116785969346893,-0.0167138279663183,0.3400957524995804,0.0012349440392409,-0.0032924326053534,-0.0030165843754489,-0.0044125900372039,-0.0047137995085991,-0.0021654033842245,-0.0359476051440831,0.0,-0.0012245947434928,0.0007591794461029,-0.0021517385827901,2.214514433203323e-05,-0.0032590983196584,-0.0008732149482163,-0.0039796586722915,-0.0029176325040775,0.0001825315636937,0.0662285980112363,0.0006854775889678,0.0,-0.0043690982487448,0.0008194772604187,-0.0004757639472573,-0.0071169797583707,-0.0101161890969667,0.0,0.0,0.0,-0.002895470291997,-0.0037021023109256,-0.0363354760307473,-0.0010071581370689,0.0393641692518431,-0.0016582347465726,0.0,-0.0024912869756734,0.0723883859721048,-0.0116026523634307,-0.0359094665610898,0.0,0.0,-0.0102896141739614,-0.0046165440634566,0.0,0.0802011496817386
-0.9463410273698626,-0.0003436606119059,-0.0049010056234233,-0.0411344479912711,0.0,-0.0120069320714606,-1.0541469930342358,-0.2331367462449538,-0.0477163411005488,-0.3258733964628379,-0.1303326410561146,-0.049916410983978,-0.0135666129278431,-1.2472147795100037,-0.0021539502538379,-0.0104458655400822,-0.0034955231651772,-0.0752290795603457,-0.021355799441945,-0.0167966693846492,0.0050183339721872,-0.0022088853117767,-0.0394908984406485,-0.2501789137267844,-6.386706173146247e-05,-0.0500513818931954,-0.0239383708546183,-0.7249150479225023,-7.579527377612885,-0.7430044402757847,-0.0052215054748032,0.0,-1.2411446146846317,-0.6496557512502541,-0.0032661556843786,-0.1330990449022644,-0.01109260766101,-0.2387177243820913,-0.0567282416634676,-0.072859514947489,-0.0008556174223873,-0.0128266222888042,-0.0121324036036482,-0.0021395141526449,-0.0007468348353709,-0.0005551209961983,-0.0037872737200892,0.0,-0.0020447313508561,0.0,0.0003485305805859,0.0,0.0,0.0,0.0,0.0,0.0,-0.0466778690565522,0.0,0.0,0.0,-0.0004851506147536,0.0,0.0,-0.0012488572202503,0.0,0.0,0.0,0.0,-0.0008520018462969,-0.0190441323293412,0.0,-0.1556080059610908,-0.0096963384726915,0.0,-0.0004743560567981,-0.0109436739231919,-0.002455434171846,-0.0071460301376793,0.0,0.0,-0.0014629065631419,-0.0001117546519882,0.0,-0.0460451665391648
-0.0760367791972964,0.0033123397907099,0.0181609887526654,0.0001081762216842,0.0,-5.0143861980188525e-05,-0.6706704557591964,-0.0069906629557953,-0.0018933478461668,0.0020147465085289,-0.0038857124484639,0.0,-0.0006206777945803,-0.1252237590719074,-0.0006322477444749,0.0072483081857369,0.0442609554757897,-0.0108963356575631,0.0059719514360719,1.2518646819283826e-05,0.1562773163966011,6.16367658483945e-05,0.1004110117655644,0.0528457447251376,0.0011204766151882,0.0891314708111774,0.0145920678108781,0.1446545547471806,-0.7430044402757847,0.4552396381444863,0.0001042323066427,0.0,-0.364991574381575,-0.1795087433658224,-0.0003113051180512,0.000897763156623,0.0072243052604989,-0.0071616910722335,-0.0202033197511541,-0.0006062475308991,0.0001298343406344,-0.0014699976493806,-0.0154132293170957,-0.0058439379328125,-0.0023800669291338,-0.001126323120899,-0.000359631518799,0.0,-0.0002493651758393,0.0003752165618232,0.0020941653477266,9.369702287709782e-05,0.0,0.0,0.0,-0.0002156050123714,0.0,-0.0062336467485184,0.0,0.0,0.0,7.952443122120731e-05,0.0,0.0,-0.0036704174306196,0.0,0.0,0.0,0.0,-0.0059312303093174,-0.0235162300788163,-0.0005063070682512,-0.0757100973331333,-0.0005621652741126,0.0,0.0007306310852195,-0.0127240505064304,-0.0044659366222593,-0.0128675762506808,0.0,0.0,-0.0009421802846659,-0.0013507878836208,0.0,-0.0087976900589566
0.0,0.0039499884199018,-5.723540678736569e-05,0.0,0.0,-0.0004722381884344,0.0,-0.0038630366100442,8.137861568049002e-05,0.0,-0.2449034369750794,0.0,-0.6978343561669152,-0.0035519217453224,0.0,-2.8431597609821925e-05,-7.064030295692616e-05,0.0005892493876918,-0.00068662543632,0.0,-5.124369264748898e-05,0.0,0.0002234166705334,0.0,0.0125161947523099,-0.548617906003321,-0.1010887694951029,0.0,-0.0052215054748032,0.0001042323066427,-0.238060526847131,0.0,0.0,-0.0306012882483189,0.0,-0.0041828246866757,0.0399051012542622,-0.0189881651781964,0.0045113883053477,-0.0068489024375272,0.0,0.0077148477532551,0.0001649009509528,0.0021449037445695,0.0009297652797588,0.0002733389904693,0.0,0.0,0.0004245323121358,0.0,0.0022543567632828,0.0002653518922615,0.0,0.0,0.0,0.0,0.0,0.0,0.0,0.0054685205952516,0.0,0.0670596326166579,0.0,0.0,0.0,0.0,-3.0148697976773123e-05,0.0,0.0,0.0,7.543791833107239e-05,0.0,0.0,0.0057114406716973,0.0127823973761417,0.0051396542813853,0.0,0.0,0.0,0.0145706039998021,0.0,0.0,-2.0771932082595847e-05,0.0,-0.0006527535286216
0.0,0.0,0.0,0.0,0.0,0.0,0.0,0.0,0.0,0.0,0.0,0.0,0.0,0.0,0.0,0.0,0.0,0.0,0.0,0.0,0.0,0.0,0.0,0.0,0.0,0.0,0.0,0.0,0.0,0.0,0.0,0.0,0.0,0.0,0.0,0.0,0.0,0.0,0.0,0.0,0.0,0.0,0.0,0.0,0.0,0.0,0.0,0.0,0.0,0.0,0.0,0.0,0.0,0.0,0.0,0.0,0.0,0.0,0.0,0.0,0.0,0.0,0.0,0.0,0.0,0.0,0.0,0.0,0.0,0.0,0.0,0.0,0.0,0.0,0.0,0.0,0.0,0.0,0.0,0.0,0.0,0.0,0.0,0.0,0.0
-0.0223564254851571,-0.0008898689196075,-0.0034072533775362,-6.845502774172601e-05,0.0,-6.631636340559938e-05,-0.1232537380402225,-0.0084150715162366,-0.0107703418173863,-0.0016809567624861,-0.011032667338811,0.0,-0.000649779923642,-0.0205511581702537,-0.0004258121615793,-0.008421306622014,-0.001768985695585,-0.0072009937523461,-0.0018207047433723,0.0,-0.0390509953566413,-0.0008953596283292,-0.0255369095464193,-0.0699045020042732,0.0,-0.003712701477357,-0.0077165847608192,-0.259348398364136,-1.2411446146846317,-0.364991574381575,0.0,0.0,-0.5536538874270892,-0.2608069325277951,-0.0020659443693204,-0.0137691676735317,-0.0015993949964115,-0.0764943812067521,-0.01511271618649,-0.0046612637338133,-0.0003881535748028,-0.0011452743474315,-0.0115106591815846,-0.0023529903988051,1.7995816686621382e-05,0.0,-0.0012341041147892,0.0,0.0,0.0,0.0,0.0,0.0,0.0,0.0,-0.0001666979135217,0.0,-0.0147132385223107,0.0,0.0,0.0,0.0,0.0,0.0,-0.0005580744311189,0.0,0.0,0.0,0.0,-0.0024776097825122,-0.0117695177079455,0.0,-0.0605939846590049,-0.0005004576500872,0.0,0.0,-0.0100702490903509,-0.0014245995161845,-0.0042999720345155,0.0,0.0,-0.0014515798188495,0.0001358536805918,0.0,-0.0041735938954706
-0.0133143574605517,0.00501106602197,0.0112939877543203,-0.0306309439017983,0.0,-0.0156722892507312,-0.1601623328674618,-0.1524194237288617,-0.0156684695342926,-0.3794053484766951,-1.0662777501770455,-0.0743725105480858,-0.221295399809337,-0.1642717514740986,-0.0007738329417946,0.0010123401488113,0.0008018538407103,-0.3420058957629699,-0.0993471761192071,-0.0226891351522021,-0.1182179318501857,0.0016852226658212,-0.0329233586428445,-0.0725438864642828,-0.0039212493865118,-0.0065450389701593,0.0736082092898981,-0.2444924611050655,-0.6496557512502541,-0.1795087433658224,-0.0306012882483189,0.0,-0.2608069325277951,-0.866785618454256,-0.0006687460095322,-0.1253155421591896,-0.1039496511711229,-0.8571440343286535,-0.0890566460158035,-0.1582863455311648,-0.0091338832504013,-0.1125496455639307,-0.0083105193356867,0.0016046276408354,0.0005710552997633,0.0007097238324007,9.80922075633348e-05,0.0,6.714981750478266e-05,3.601702807038156e-05,0.0044388849807897,0.0065025453124993,0.0,0.0,0.0,-0.0004076417289661,0.0,-0.0134978019840149,0.0,0.0003300753147835,0.0,0.0006794391750605,0.0,0.0,-0.0033601539463303,0.0018723755332371,-4.3652333396210245e-05,0.0002973043900008,0.0,-0.0017459373523637,-0.0102913754540337,-0.0002443264186385,-0.0340481040835402,0.0027179675540546,0.0049641805143232,0.0197591560015238,-0.0069705602140147,-0.0019412318914284,-0.005758799631805,0.0010280899250406,0.0,-0.0022298363696222,-0.0025107740744772,-0.0014999116685211,-0.0374314668585006
0.0,-0.0001717627351252,-0.0002727462400574,0.0006261159422251,0.0,-0.121740842248918,0.0003414994894496,0.0,-0.0004943121229478,-0.0407064339801189,-0.0053638209854754,-0.0429278388170991,0.0015181076773029,0.0007206519741827,0.0018151077771594,-0.0010454907271606,-0.000452717535457,0.0,-0.000438689505453,0.0,-0.0018471143173448,0.0,-0.0035037086314208,0.0004129691542709,0.0,7.656522268422194e-05,-0.0017370030042211,0.0016669259299713,-0.0032661556843786,-0.0003113051180512,0.0,0.0,-0.0020659443693204,-0.0006687460095322,-5.87939176314228,0.0004971410444971,-0.0245682824097213,-0.0115191060305025,-0.0125679684105854,0.0545690741592894,-0.0014788168433686,-0.0011868461777547,0.0332865227991165,-0.0175653525317323,-0.0019451302586656,-0.0396021567241121,0.0121461063338549,-0.0001409195349524,-9.064508309811838e-05,0.0,-0.0007398281522488,-5.862920289408256e-05,0.0,0.0002765359561193,-0.0150760395375972,0.0,-2.1074625536501238e-06,4.273116275140579e-05,-0.0006970039748558,-0.0001033826918076,-0.0415420986123095,0.0016425986782752,0.0,0.0004999354435916,0.0,-0.0002301459610117,0.0,-6.193608588991985e-07,0.0,0.0,-0.0005246231785112,-0.0015400970954702,-0.0001580327963731,0.0,0.0002154178599213,-0.0015724496788276,5.8920520372130855e-05,-0.0003136646446201,-0.0001803490358688,0.0,-0.0001567905669323,0.0,0.0003757844573883,-6.365560156331354,0.4870829736500507
-0.0006352052161022,0.0180958104013502,-0.1332652353362409,0.0397138565051748,0.0,-0.0078697359359827,0.1026630785393409,-0.0815839754388873,0.0279139845153917,0.3811932900372783,-0.2807539348864704,0.0112072844865062,-0.132280189769288,-0.0526296703070025,-0.1054935511880014,0.1407159897338297,-0.0206222033615594,0.0528971671135518,-0.0108866101259841,0.020030761727868,-0.0531360869123858,0.0124997835122841,-0.1898488773658338,0.3776778352193277,0.0103706461889749,0.2274015638097239,-0.0763468585630268,0.4120153756426717,-0.1330990449022644,0.000897763156623,-0.0041828246866757,0.0,-0.0137691676735317,-0.1253155421591896,0.0004971410444971,-1.2162712690645043,-0.965199994523482,-0.5552379882937432,-0.5620184756484646,-2.3298396229853897,-0.0503310846306863,-0.153854203335542,-0.0291735473093463,-0.0349672114363075,-0.0206334550786134,-0.0152556619732551,-0.0222424858315734,-0.0049648499332031,-0.0067398938053674,0.0001937449055197,0.0019410802108266,0.0201979517866018,-0.0054789378092582,-0.0007008853970092,-0.0055667276009812,0.0030784471956026,-0.0108469447146232,-0.0045920429881483,-0.0085179921787744,0.0004339368986305,-0.0057233459922886,-0.0141161504778838,-0.0031782507966371,-0.0034234996333192,-0.0214344265908971,0.0052290108728916,-0.0006782017278806,-0.0007348962207512,-0.0064744832915357,0.0103407909735824,-0.0015285807154218,0.0092644022188898,0.0208882104494676,-0.0283654022452544,-0.0051385296858598,0.0072724999026163,0.0657368690320514,-0.0030294722650735,0.0310346802660519,0.0013038603777832,0.0005556442424056,0.0003731788594902,0.0031066488294817,-0.0115337190444103,-0.0856042125694371
0.002768081313404,0.0020546183799274,0.0133108763743273,-0.0009312744992931,0.0,-0.0013362851511222,0.0479069208134013,-0.0253140902018496,8.015913377691545e-05,-0.0050534414818367,0.0651676484452412,-0.0008027481027028,0.0467029408634157,0.0007944443695266,0.0,0.1014782804190911,-0.0044640678861694,0.0539073625562581,0.0116854658118717,0.00011964271505,-0.0244382146932453,0.0017765586022358,-0.0751492183717742,0.0355723158013144,-0.0127603919589056,0.1711919052612009,0.0482571402715713,0.0482644028066471,-0.01109260766101,0.0072243052604989,0.0399051012542622,0.0,-0.0015993949964115,-0.1039496511711229,-0.0245682824097213,-0.965199994523482,-0.0089105805514522,-0.2984736201995242,-0.1742971000402167,-0.0580569940985333,-0.0050487206826613,-0.0185615228600952,-0.0151155189427678,-0.0007543669190015,-0.0089753694207555,-0.0068374064281071,-0.0034221791865193,-0.0001940365863753,-0.0002224189502464,0.0,-0.0011684086861811,0.0131299478914227,0.0,0.0,-0.0001601417106981,-0.0004784212964569,-0.0006865262859885,0.0011489662471398,0.000326586000637,0.0015841845066969,0.0,0.0412669324308874,-0.0005601384744084,-0.0003478430208126,-0.0178184715528894,0.0024084632799823,0.0004391421182036,-0.0002220001487992,0.0,-3.362503746031292e-05,-0.0018032626277901,0.0135667878075008,0.001018095251879,0.0112792757285139,0.0173220837574887,0.0721757377982779,0.0019876340155639,-0.0009336312030307,0.0028940896021829,0.0123344332805779,0.0,0.000391013472618,0.0021005857155544,-0.0121686073879742,-0.2975217890799354
-0.0036400429987174,0.0198724927392468,0.0051195952966047,0.0002010020079229,0.0,-0.0188524414145725,0.0302324440149036,-0.140195684305723,-0.0051566983090359,-0.0966772467419023,-0.171194663632121,-0.0564042873842489,-0.0939839174835144,-0.0938236120152408,-0.0011661722845727,0.0557617728746947,-0.0179970037851544,-0.1021203072409392,-0.10747809804195,-0.0111647339122236,0.0105919325582393,0.0008969132570706,-0.092448782130876,0.0744481394318993,0.0031110008455952,0.0581976050272175,-0.0087956627242793,0.116785969346893,-0.2387177243820913,-0.0071616910722335,-0.0189881651781964,0.0,-0.0764943812067521,-0.8571440343286535,-0.0115191060305025,-0.5552379882937432,-0.2984736201995242,-0.7559327175430073,-0.3966432042014536,-0.2856069748711476,-0.0105488093477374,-0.2156436004330339,-0.0155678865272419,-0.0048483423521719,-0.0120444476254818,-0.0111711434463844,-0.0041544758178149,-5.475185721892236e-05,-0.000597538172975,0.0,0.0146877166876014,0.0204681996479692,0.0,0.0,0.0,-0.000615933823135,0.0,-0.0003975030971647,0.0,-0.0001343623515312,0.0,-0.0081467220041874,0.0,0.0,-0.0063275884111923,0.0028238235212077,1.6656544590740414e-05,-0.0020281192800197,0.0,-0.0009966947630093,-0.005637281985508,0.0099422889625485,-0.0276437303757279,-0.0018889844771146,0.0238491227467861,0.0421810752450644,0.0034352110876699,-0.0013955053110125,-0.0031599525313404,0.0005475157354758,0.0,-0.0023818536807298,0.0002726068485478,0.0003107768491062,-0.1208430873737761
0.0006616747851771,0.0116124677759789,-0.037347119845965,0.0008541905767496,0.0,-0.0038584362342143,0.0335523966284103,-0.0225862953064385,-0.0025753132144055,-0.0075035726340558,-0.0682971187151142,-0.017212859138492,-0.0359027926338223,-0.00462101508081,-0.000207866779341,-0.0262578671088978,-0.01815183433256,0.0721732808456972,-0.0361129326704382,-0.0004063094825035,-0.1384236927828846,0.0036183026756061,-0.2811223697116181,0.0334688057219082,0.0076516263406091,0.1586339068387969,0.0222268635884869,-0.0167138279663183,-0.0567282416634676,-0.0202033197511541,0.0045113883053477,0.0,-0.01511271618649,-0.0890566460158035,-0.0125679684105854,-0.5620184756484646,-0.1742971000402167,-0.3966432042014536,-0.1727045732339353,-0.0868850167428683,-0.0151864945688358,-0.0972838148960669,-0.0242446001576743,-0.0070371443203758,-0.0180720308562728,-0.0204296121488632,-0.0072829205430411,0.0004205018497897,-0.0014209101079592,0.0,0.0040726148777596,0.008875980767916,0.0,-0.0005109736035611,-0.000175344246314,2.085155348171028e-05,0.0,-0.0048771630182783,0.0,1.3003128123986083e-05,0.0,0.0016783832550099,-4.857801097588525e-05,0.0,-0.0172592626064992,-0.0004557381672872,0.0,0.000304530558387,0.0,-0.005608823913256,-0.0091693531752866,5.841667244054382e-05,-0.0233098045258686,0.0003053339213739,0.0096757583334026,0.0353490835794495,-0.004746206171432,-0.0025559146545279,-0.0037177180247383,0.0015257414232242,-0.0001253476113336,-0.001907600680028,-0.002138077326188,-0.0325954970848758,-0.6118297864997375
2.132249071611881e-05,-0.032993492800002,-0.006474953860394,-0.042911689110139,0.0,-0.5053419970229714,0.1233717603977253,-0.3066502913296405,-0.1728532250033562,0.4487662830302698,-0.1754300711625993,-0.0660730575552293,-0.0225389008321301,-0.0409877201915253,-0.7148927213219871,0.0705186643615327,-0.0002949567219234,-0.0463094321891648,-0.0077630801058435,0.0091165403447406,0.048171104114389,-0.0130007604292474,0.09744943156089,-0.0211500886542564,-0.0086973778150565,-0.0448357245779106,-0.0809234626562676,0.3400957524995804,-0.072859514947489,-0.0006062475308991,-0.0068489024375272,0.0,-0.0046612637338133,-0.1582863455311648,0.0545690741592894,-2.3298396229853897,-0.0580569940985333,-0.2856069748711476,-0.0868850167428683,-2.569864032153619,-0.0329120930815869,-0.0073234395788929,-0.1332663061584565,-0.0001161826154109,-0.0049797178046654,-0.0035065775263062,-0.1523360243911599,-0.0048544170685397,-0.0001158172888905,-0.001569610629579,-0.0002932964666628,0.0,-0.0589822870007724,-0.0187572702234738,-0.0450162630055917,-0.0054369117614121,-0.0098591993006781,-0.0411328579224716,-0.1023488610623797,0.0,-0.0469572640264655,0.0001590265660165,-0.0026386121545476,-0.054856860993307,-0.0026147572239073,0.0,0.0,0.0,-0.0510769838377632,-1.805053194877079e-05,-0.0052007968981955,0.0003815214521623,-0.0076478155530194,-0.0008529588849302,0.0,-0.0010478032554578,-0.0656278902414399,-0.0030001521988919,-0.0011466510465401,0.0,-0.0001001099367393,-0.0029396336170996,-0.0022095726470471,0.0032058949478245,0.0163778886354995
0.0,0.0,0.0,-0.0001339151594513,0.0,-0.0004288070406595,0.0005937874673862,-0.0016901852183928,-0.0001897837309166,0.0007988522048081,-0.0060193864002259,-0.0020639190359487,-0.0030792713963981,-0.0018821877340367,-1.1922947211579875e-06,-0.0004978748219619,0.0,-0.0002582295777259,0.0,0.0002365101663836,-1.5219862984939368e-05,0.0,-9.038747214276035e-05,0.0040402803762487,0.0,6.632407778812708e-06,0.000151882091539,0.0012349440392409,-0.0008556174223873,0.0001298343406344,0.0,0.0,-0.0003881535748028,-0.0091338832504013,-0.0014788168433686,-0.0503310846306863,-0.0050487206826613,-0.0105488093477374,-0.0151864945688358,-0.0329120930815869,-0.0008116038434993,-0.0052959498747255,0.0005849535653164,-0.0001407487127565,0.0,0.0,-0.0001605263205669,0.0,0.0,0.0,-0.0001675067188039,0.0,0.0,0.0,0.0,0.0,0.0,0.0005708427478347,0.0,0.0002259271239457,0.0,0.0,0.0,0.0,0.0,0.0,0.0,0.0,0.0,4.6729838259862144e-05,-0.0001806259051795,0.0,1.5255440293205668e-05,0.0,0.0,0.0,7.031391748589932e-05,1.9297827810684047e-05,0.0,0.0,0.0,0.0,0.0,-0.0002726782849884,-0.0018548666789607
-0.0002497463275366,-0.007039754481764,-0.000145125469618,0.0,0.0,0.0,-0.0042156165790323,-0.00395381756503,-0.000311483044269,-0.0003107457601186,-0.0257851147110173,0.0,0.0856343630576866,-0.0028690219041494,0.0,-0.0053631242254272,6.916289253659751e-05,0.0004391609451568,-0.0007182597818895,0.0,-0.0002216295939188,-0.0001903133631791,-0.0031927252067721,7.241344117188705e-05,0.0972517177389504,-0.0004635275467138,0.0122167803325257,-0.0032924326053534,-0.0128266222888042,-0.0014699976493806,0.0077148477532551,0.0,-0.0011452743474315,-0.1125496455639307,-0.0011868461777547,-0.153854203335542,-0.0185615228600952,-0.2156436004330339,-0.0972838148960669,-0.0073234395788929,-0.0052959498747255,-0.0519054256817411,-0.0019322646693584,0.000999160376383,-0.0023692017559775,-0.000167115929779,-0.001121864534066,-2.45595687211776e-05,-1.8479456485544183e-05,0.0,0.0001673457790849,9.434552130827406e-05,0.0,0.0,0.0,-0.0009823091136141,0.0,0.0001602801244896,0.0,0.0005100854707113,0.0,0.0053616001912238,0.0007393956878241,0.0,-0.0012306634236812,3.0279442590639146e-06,1.3757354627895965e-05,0.000216113455727,-0.0003449642921323,-0.0002408566935165,-0.0003524743191545,-0.0010504142349072,-0.0006993057491786,0.0005053818697288,0.0011045109381492,-7.279232717529177e-05,-0.0001090508904414,-0.0001003594536348,0.0005854032675697,0.0006639318249484,-7.725735205994262e-05,-6.151470882544476e-05,0.0003275666921679,-0.0005714810630028,0.0019972825307755
0.0034972847979779,-0.0819606247769864,-0.0530413299534103,-0.0178457544077279,0.0,-0.0048246130500914,0.0172454122810982,-0.0062301783117347,-0.0695417510642737,-0.016931729166885,-0.0032148978078382,-0.0119729181253236,0.0001740649864082,-0.0029113014647396,-0.0271816270104873,-0.1021519954335805,0.0030377798775001,-0.0001455602202566,0.0010756626930329,-0.0039042136872244,-0.0146433521474486,-0.0179696710094155,-0.0383852676763679,0.054189526101206,-0.0054162387586659,-0.0225437900266132,-0.2676512367905749,-0.0030165843754489,-0.0121324036036482,-0.0154132293170957,0.0001649009509528,0.0,-0.0115106591815846,-0.0083105193356867,0.0332865227991165,-0.0291735473093463,-0.0151155189427678,-0.0155678865272419,-0.0242446001576743,-0.1332663061584565,0.0005849535653164,-0.0019322646693584,-0.1200795196451995,-1.1319132923917268,-0.1644286900718904,-0.2339387836429699,-0.3143383904947023,-0.036925733632265,-0.0479484700057561,-0.005957918001113,-0.1611026890332378,-0.1101398255511146,-0.0124988954160411,0.0035004091164259,-0.044000232938225,0.016369155830718,-0.0159754257808475,-0.0877238896115886,-0.000570941173535,0.0202545549195757,-0.0586952908498476,-0.2235196090300142,0.0058157989278366,-0.0138205457017267,-0.0780336410546303,-0.0296985293560467,-0.0497791720706928,-0.0425078358268007,-0.0323649256805596,0.0519425020192234,-0.0545876975754743,-0.0840423547747546,0.1424194828890593,-0.028196807937341,-0.2007101597630418,-0.7860034074830016,0.3698593856755315,-0.0654067043147699,0.1302156088301179,0.0116667351789508,-0.0033609047823613,-0.0014796713779265,-0.0016500533158235,0.1547442857300318,-0.0942429333645385
-0.0002556839227707,-0.0149414118643547,-0.0217521476017756,0.0,0.0,0.0,-0.0008495140207403,0.0,0.0011263112015955,0.0,0.003949669857343,0.0,0.0112144004549042,8.731477877096003e-06,-0.0002235014035586,-0.0351665971890231,0.0036932783475197,0.0004073334544511,-0.0016694073487855,0.0,-0.0078594248056567,-0.0046228910486988,-0.0226855257630238,-0.0022563358780308,-0.0004556030505162,-0.0208208716647068,-0.1012199188282958,-0.0044125900372039,-0.0021395141526449,-0.0058439379328125,0.0021449037445695,0.0,-0.0023529903988051,0.0016046276408354,-0.0175653525317323,-0.0349672114363075,-0.0007543669190015,-0.0048483423521719,-0.0070371443203758,-0.0001161826154109,-0.0001407487127565,0.000999160376383,-1.1319132923917268,-0.0459983110248236,0.0699262314204376,-0.0133805860328272,-0.0288106387898222,-0.0085687660848467,0.0776864778364044,0.001252371414454,0.0021554089428471,-0.0063917268465369,-0.0006965713335236,4.985827508695251e-05,0.0004824507729894,-0.0169645252780259,-0.0067510851776335,-0.0055855696231495,-0.0012752897474774,0.0614867299580971,8.378640415163328e-05,0.0886073772021403,-0.0043630611794646,-0.0001228882046355,-0.0237786610534852,-0.0044919264214811,-0.0388761107243904,-0.0204635571471406,-0.0001199313132821,0.013177050217641,-0.0044668932196155,0.1026596035204833,0.0201275310568329,0.0536116023112324,-0.0259882871137608,-0.1173324312761931,0.0481404970094065,-0.009424412597238,0.0215488796905049,0.042350039820258,-0.001500918084875,-0.0006597232576433,-0.0070968290069005,-0.0210399876527316,-0.5216497076369117
0.0,-0.022670970672899,-0.0122553976570432,0.0,0.0,0.0,0.0002132059906676,0.0,-0.0274867778150312,0.0,-0.0010363538495276,-0.0002016584171767,0.0001577527720678,0.0,0.0,-0.0214355713785814,0.0064423319321883,0.0001413657451306,0.0025345117968586,0.0,-0.0016807643738521,-0.0064825984167143,-0.0072148725539487,-0.0309026526268701,-0.0030673280663469,-0.0092545543253198,-0.0611952931103784,-0.0047137995085991,-0.0007468348353709,-0.0023800669291338,0.0009297652797588,0.0,1.7995816686621382e-05,0.0005710552997633,-0.0019451302586656,-0.0206334550786134,-0.0089753694207555,-0.0120444476254818,-0.0180720308562728,-0.0049797178046654,0.0,-0.0023692017559775,-0.1644286900718904,0.0699262314204376,-0.2206759891820578,-0.1805171549015844,-0.0040791054947783,0.0366765989691838,-0.1016583982469842,-0.0117100411293779,-0.0220867861606952,0.0889862733924162,-0.0113683411904045,0.0334861813759339,0.0076381602891358,-0.0676765700596656,-0.0068445945255334,-0.0304258029810455,-0.1710654483191301,0.1194500249777571,-0.0756572307058209,-0.0637156866900377,-0.048509868488106,-0.0027125918828893,-0.0143160017518094,0.0318997524057812,-0.0459460307787827,0.0449062160942,-0.0346761393177613,0.0539838234742045,-0.0100816951554141,0.0305939735180516,-0.0075243030063807,-0.0686286299850134,0.0650696952627245,0.0909022385102407,0.032839698390963,-0.2026486023195444,-0.0280835651958209,0.0091832428858886,0.0419183559357453,-0.055037868441665,-0.028564212866437,-0.0244979195047871,-0.1552465432469203
0.0,-0.0077884459716294,-0.0065414824683677,-9.349077050600596e-05,0.0,-4.133802559239636e-05,0.0013054337923423,0.0,-0.0119234217831329,4.420845744295661e-05,-0.0005907420505945,3.31053207090673e-05,-0.000998562077075,0.0,0.0,-0.0054511689794107,0.0031423506641541,0.0,-0.0007229139597565,0.0,-0.0008613892327242,-0.0012300690048189,-0.0032889783390967,-0.0123431296687153,0.0002567117212387,-0.0013959895635967,-0.0164944904406909,-0.0021654033842245,-0.0005551209961983,-0.001126323120899,0.0002733389904693,0.0,0.0,0.0007097238324007,-0.0396021567241121,-0.0152556619732551,-0.0068374064281071,-0.0111711434463844,-0.0204296121488632,-0.0035065775263062,0.0,-0.000167115929779,-0.2339387836429699,-0.0133805860328272,-0.1805171549015844,-0.1461572876277574,-0.0416353645047126,-0.0123886428487638,0.0287004230089947,-0.002715236265114,-0.0071171155180069,0.0231842995758164,-0.0015893695117124,0.0027155478875321,-0.0012207796895115,-0.0266497005864954,-0.0113770573523114,-0.0050477183204006,-0.0352348667633146,0.0601828891238312,-0.0144057759483895,-0.0819789260279973,-0.0051815394509807,-0.0007420767541426,-0.0022536500861935,0.0134102820268142,0.0272774365952513,0.0329100686620374,-0.0093960847958181,0.0458271963529419,-0.0027358026967094,0.0718753258422796,0.0055859883214154,-0.0241371003198136,0.1036814184669006,0.0506274525771496,0.0133396763304115,-0.0499782102768226,0.0033851556806956,0.0160381245023769,-0.0047156568550076,-0.0056252954196472,-0.027308052991809,-0.0697189833067274,-0.6197383678196773
2.3550535484294225e-05,-0.0020293009355105,-0.0008193311355046,-0.0333922743922821,0.0,-0.002733829511214,-0.0002994309433883,-0.0028667544024966,-0.0266765575516536,-0.0297887091652177,-0.0027467103795995,-0.0170071519571965,-0.0028766313027462,-0.0014878518892397,-0.0453419092686605,-0.0067263259011394,2.8268517614784515e-05,0.0,0.0,-0.0077910206902371,-0.000295044124643,-0.0021564570508728,-0.0011835129285919,-0.0309794891035607,0.0,0.0,-0.0048717823992459,-0.0359476051440831,-0.0037872737200892,-0.000359631518799,0.0,0.0,-0.0012341041147892,9.80922075633348e-05,0.0121461063338549,-0.0222424858315734,-0.0034221791865193,-0.0041544758178149,-0.0072829205430411,-0.1523360243911599,-0.0001605263205669,-0.001121864534066,-0.3143383904947023,-0.0288106387898222,-0.0040791054947783,-0.0416353645047126,-0.1022462338553911,0.0426961184077999,-0.0125982815013792,-0.0009983536172182,-0.0057397636470369,-0.0027091285963079,-0.0209337377250147,0.3368950373096204,0.0030255681474201,0.0101743964172639,0.2043654635133638,-0.0920124438889419,-0.0205094990943548,0.0005333570635469,-0.1446651955669874,-0.0495926242084427,0.1018351765382145,-0.2327392427632665,-0.0072178079063836,0.0006349150739504,0.001315041610687,0.0011200503481754,-0.0349846408262846,-0.027442418527756,-0.0046045426561408,-0.0777494972259923,-0.0524701497596458,-0.0145360463960256,-0.0038491350700425,-0.018103398991478,-0.0160432821837839,-0.040509128523364,-0.0098385844617385,-0.0005067072944418,0.073371887786077,-0.0029290284103324,0.0052531339761237,-0.0111747021559613,-0.0122706886898581
0.0,0.0,0.0,-0.0004355155994955,0.0,0.0,0.0,0.0,-0.0043899015912477,0.0,0.0,-0.0001560611952753,3.403436743069211e-05,0.0,-0.0034770571210594,-0.0001576066049915,0.0,0.0,0.0,0.0,0.0,0.0,0.0,-0.0001736119197345,0.0,0.0,0.0,0.0,0.0,0.0,0.0,0.0,0.0,0.0,-0.0001409195349524,-0.0049648499332031,-0.0001940365863753,-5.475185721892236e-05,0.0004205018497897,-0.0048544170685397,0.0,-2.45595687211776e-05,-0.036925733632265,-0.0085687660848467,0.0366765989691838,-0.0123886428487638,0.0426961184077999,0.0012612001262138,-0.0046596089732247,-0.0001470486492519,-0.000361765393159,0.0002108264731205,-0.0005691147905871,-0.027145356870411,0.0161108166755587,0.0019814396337654,0.0121782438305553,-0.0022544652286943,0.0008128819058432,0.0083566944269093,-4.4054811135440616e-05,-0.0089709167646421,0.0067525765780398,0.0101418679174505,-0.0002403539685751,-0.000134216896214,0.0005497450782536,0.0003549554693883,-0.0024756154470665,0.0003741602934239,-5.866365073294387e-05,-0.000197497567509,0.0009893959596834,-0.0012404146787724,-0.0013167993936856,-0.003133961899109,0.0056066935434947,-0.0320949404126008,0.0002867900726358,-0.0018023520221776,-0.0771179786554835,-6.208128910309572e-05,0.0128874542819479,-0.0035657792608711,-0.0165692413623031
0.0,0.0001665952063504,-0.0001176968685495,0.0,0.0,0.0,-0.0001693379872944,0.0,-0.0008885739413159,0.0,0.0007367490781464,0.0,0.0016034758845689,0.0,0.0,-0.0023769024357835,9.006303232785202e-05,0.0,0.0,0.0,-0.0005132693634648,0.0,-0.0006258837909489,-0.0023698777950324,-0.0012418909050646,0.0004300448624095,0.0003208517685752,-0.0012245947434928,-0.0020447313508561,-0.0002493651758393,0.0004245323121358,0.0,0.0,6.714981750478266e-05,-9.064508309811838e-05,-0.0067398938053674,-0.0002224189502464,-0.000597538172975,-0.0014209101079592,-0.0001158172888905,0.0,-1.8479456485544183e-05,-0.0479484700057561,0.0776864778364044,-0.1016583982469842,0.0287004230089947,-0.0125982815013792,-0.0046596089732247,0.0346056379061842,-0.0003379320161072,0.0185591586099907,0.0002074401286811,0.0,0.0005473403096923,-0.0005186561653478,0.0003378527241819,-0.0027938357386156,8.078293087846333e-05,-0.0006990239466707,-0.0251748850656219,-0.0001736752406538,0.0735439103647599,-0.0015104345079116,-0.0004464480218296,-0.0009404537636505,-4.860273455477824e-05,-0.0003327960792241,0.0,-4.758634857421432e-05,-0.002930834549487,0.002168077525955,-0.0019519939157968,-0.002640150603497,0.0382372703979408,0.001588999260688,-0.0042111952795769,-0.0009258732551649,-0.0054367851113862,-0.00343993644425,0.0020937068729059,-0.0011784941305304,-0.0005433498647004,-0.0467412223036728,0.0004754738985035,-0.0022402980951987
0.0,-5.757808915228018e-05,0.0,0.0,0.0,0.0,0.0013898309845127,0.0,-0.0140734315246543,0.0,0.0,0.0,2.824880482030563e-05,0.0,0.0,-0.0008162114649422,0.0,0.0,0.0,0.0,0.0,-0.00081802481601,0.0,-0.0002767816601914,0.0,0.0,0.0,0.0007591794461029,0.0,0.0003752165618232,0.0,0.0,0.0,3.601702807038156e-05,0.0,0.0001937449055197,0.0,0.0,0.0,-0.001569610629579,0.0,0.0,-0.005957918001113,0.001252371414454,-0.0117100411293779,-0.002715236265114,-0.0009983536172182,-0.0001470486492519,-0.0003379320161072,0.0338718614932623,-0.0028577818648354,0.0055487608317967,0.0005521345404344,-0.0001966257118847,-3.665153576164765e-05,0.1281892149408018,-6.595090667670603e-05,-0.0164987303665014,0.0059264451240833,-0.0024692654980266,-0.0003484320350866,-0.0003438388852964,0.0227976913647269,-0.000726099793928,-2.366073796844037e-05,-0.0293434944292491,0.0,-0.0023500933001645,-0.0002885451683361,0.0002715212734655,-0.000528122249952,-0.0260326579845527,-0.0022190325181942,0.0003898163137225,0.0111065819676506,-0.0026176721042746,0.0089741590508695,-0.0092770280402498,0.0388464152105037,0.0,-0.0006876987730298,-0.0022771775022822,0.0011274435698773,-0.0002834526398506,-0.0024169147587781
-0.0002186610910027,-0.0051598556823505,-0.0285276379598372,0.0,0.0,0.0,0.0010601511078996,0.0,-0.0017620517112708,0.0,0.0027008662006107,0.0,0.004608515088709,-0.0005237292177124,0.0,-0.0142393789455009,0.0142580106804819,0.0007042649357271,0.0107197518024402,0.0,-0.0007128048875842,-0.0058033469218652,0.0015199930065631,-0.0032756690114258,0.0050404366599976,0.0039031227151875,-0.0324009946970311,-0.0021517385827901,0.0003485305805859,0.0020941653477266,0.0022543567632828,0.0,0.0,0.0044388849807897,-0.0007398281522488,0.0019410802108266,-0.0011684086861811,0.0146877166876014,0.0040726148777596,-0.0002932964666628,-0.0001675067188039,0.0001673457790849,-0.1611026890332378,0.0021554089428471,-0.0220867861606952,-0.0071171155180069,-0.0057397636470369,-0.000361765393159,0.0185591586099907,-0.0028577818648354,-0.0972759691463804,-0.0140847022467915,7.695105091080425e-05,9.750288924315395e-05,0.0,-0.0027821808527087,-0.0009831008514551,-0.0071430986325632,-0.0004347349324974,-0.0002736552445107,0.0002310683591422,0.0493817309040177,-0.0062890690123324,-0.0042199522667389,-0.0187033109868675,-0.0407298575448952,-0.0005159718310225,-0.0143432154482594,0.0,0.001515176925766,-0.2589975005052954,-0.0386990494670664,0.0100325762536308,0.0037803983473751,-0.0063697067533092,-0.3736259299380325,0.0041031647697012,-0.0066541631794822,-0.0006063829700807,0.0026882619570095,0.0,0.0001811217259484,-0.0287629641544087,-0.002199945800066,-0.0573305274479792
0.0,-0.0176706102563891,0.0036811395462959,0.0,0.0,0.0,3.117630432417156e-05,0.0,0.0006085069269735,0.0,3.4285129198384665e-05,0.0,0.0005115793208121,0.0,0.0,0.0010549734031015,0.0300319666535197,0.0001002415663251,0.0056054332066567,0.0,0.000107039510809,-0.0004473753679359,0.0033514444455926,-9.59077272364064e-05,0.0008746081036311,0.0206055851010229,0.0796343713389665,2.214514433203323e-05,0.0,9.369702287709782e-05,0.0002653518922615,0.0,0.0,0.0065025453124993,-5.862920289408256e-05,0.0201979517866018,0.0131299478914227,0.0204681996479692,0.008875980767916,0.0,0.0,9.434552130827406e-05,-0.1101398255511146,-0.0063917268465369,0.0889862733924162,0.0231842995758164,-0.0027091285963079,0.0002108264731205,0.0002074401286811,0.0055487608317967,-0.0140847022467915,0.874053578024579,0.0,-1.7918589406222556e-05,8.517574062544861e-05,-0.0304777331585912,-0.0188415822499985,0.0008460902925371,-0.0025958780144696,0.0024667806252925,0.0,0.0038540162796577,-0.0106806500333301,0.0,0.0014372093077292,0.0786662156715658,0.0017847968678598,-0.0135916737836163,0.0,0.0067137421367481,-0.0005931484606843,-0.0173087238561009,0.0160320454333302,-0.0003397083540692,0.7452904342176028,0.9850835018617716,0.0289798231169822,-0.0010317322321475,0.0050027800813667,0.0060935126950984,0.0,-0.0005736611195564,0.0102867285578499,-0.0015718486652723,-0.0555371678195735
0.0,0.0,0.0,-0.0108993136085386,0.0,-0.0014659706108677,0.0,0.0004501080329894,-0.0366265014403981,0.0002707498666985,0.0,-0.0229838928389923,0.0,0.0,-0.0179197830108861,0.0,0.0,0.0,0.0,-0.0003829885583748,0.0,0.0,0.0,-0.0695987192447133,0.0,0.0,0.0,-0.0032590983196584,0.0,0.0,0.0,0.0,0.0,0.0,0.0,-0.0054789378092582,0.0,0.0,0.0,-0.0589822870007724,0.0,0.0,-0.0124988954160411,-0.0006965713335236,-0.0113683411904045,-0.0015893695117124,-0.0209337377250147,-0.0005691147905871,0.0,0.0005521345404344,7.695105091080425e-05,0.0,0.0980859616774172,-0.001112182164438,-0.0070011051688751,0.013525647664807,-0.0112658441874166,0.0591121631507268,0.1430859160914982,0.0,-0.0728132163449354,-0.0020636388429945,0.0003278969443384,-0.0089601012151969,-0.0003355629738074,0.0,0.0,0.0,0.1170666029148933,0.0,-0.000437926423144,2.075369887782428e-05,-0.3809541253669186,-0.0001622440251141,0.0,-0.0001010955486449,-0.3314374046223817,-0.0048951726091887,-0.0003647198934364,0.0,0.0,3.6263060062692126e-05,-0.0010628253945763,-9.130856867768091e-05,-0.001249848941766
0.0,0.0,0.0,-0.0002559909715386,0.0,-0.0003284750628839,0.0,0.0,0.0011010623644444,-1.9794554415396293e-06,0.0,-0.0011535812469579,0.0,0.0,-0.0074638198842442,-0.0001507107641761,0.0,0.0,0.0,-0.000119516019748,0.0,0.0,0.0,0.0008148391670792,0.0,0.0,0.0,-0.0008732149482163,0.0,0.0,0.0,0.0,0.0,0.0,0.0002765359561193,-0.0007008853970092,0.0,0.0,-0.0005109736035611,-0.0187572702234738,0.0,0.0,0.0035004091164259,4.985827508695251e-05,0.0334861813759339,0.0027155478875321,0.3368950373096204,-0.027145356870411,0.0005473403096923,-0.0001966257118847,9.750288924315395e-05,-1.7918589406222556e-05,-0.001112182164438,0.2672863109663587,0.1073729307828256,-0.0027891252070821,0.0093605686341012,0.0028887481765213,0.0020297232677313,0.0049500056039081,0.0001313497757821,0.0001310687750628,0.0026149560413836,0.3014328861414398,-0.0005793419283891,0.0,0.0012701782783202,-4.483548704486596e-05,-0.0005661945614041,0.0003427638562299,-0.0014582212328266,0.0009485411105809,-0.0016518543184575,0.0001410000448008,0.001341829473455,-2.3443516465194063e-05,-0.0008191275606519,-0.0091887093273383,9.395897458527976e-05,0.0,0.1260948142756547,-0.0003582258390311,0.0071978025226055,0.0013189253341588,0.0023814913580504
0.0,0.0,0.0,-0.0051391006427567,0.0,-0.003365147410982,0.0,3.5449787106374084e-06,-0.0113125143652756,0.0003929570810434,0.0,-0.0044609021348188,0.0,0.0,-0.02261416341487,0.0,0.0,0.0,0.0,1.0712020408488198e-05,0.0,0.0,0.0,0.0204657454569037,0.0,0.0,0.0,-0.0039796586722915,0.0,0.0,0.0,0.0,0.0,0.0,-0.0150760395375972,-0.0055667276009812,-0.0001601417106981,0.0,-0.000175344246314,-0.0450162630055917,0.0,0.0,-0.044000232938225,0.0004824507729894,0.0076381602891358,-0.0012207796895115,0.0030255681474201,0.0161108166755587,-0.0005186561653478,-3.665153576164765e-05,0.0,8.517574062544861e-05,-0.0070011051688751,0.1073729307828256,1.100925370506232,0.0560579458933843,0.890970027325196,-0.0003657617171592,0.5573231262431605,-0.0004009197816689,-0.0589457293206793,-0.0021647900410447,0.1169124299721075,0.1579943174813698,0.0,0.0002072402710585,-0.0004404771245259,-0.000158240641346,-0.0053886448033947,-0.0005533728009757,-0.0001023139794676,-6.795746832447569e-05,-0.026449611148759,-0.0003584861542366,0.0002438193085001,0.0,0.0146309580614416,0.0372599711444778,6.370263949993384e-05,0.0,0.0375181688797786,8.452413783772462e-05,0.0033667476150689,-0.0733161037355612,0.0017245837253463
0.0,-0.0014316115152238,0.0,-0.0011797454444085,0.0,0.0,-0.0011017229077964,0.0,-0.033186595905695,0.0001189783323279,0.000239500556532,-0.0007494209495415,-6.731194993649403e-05,0.0,-0.0014785772715414,-0.0029209401689353,0.0,0.0,0.0,0.0,0.0,-0.0012254432429851,0.0,-0.0526282143478076,0.0,0.0,-0.0001282141086231,-0.0029176325040775,0.0,-0.0002156050123714,0.0,0.0,-0.0001666979135217,-0.0004076417289661,0.0,0.0030784471956026,-0.0004784212964569,-0.000615933823135,2.085155348171028e-05,-0.0054369117614121,0.0,-0.0009823091136141,0.016369155830718,-0.0169645252780259,-0.0676765700596656,-0.0266497005864954,0.0101743964172639,0.0019814396337654,0.0003378527241819,0.1281892149408018,-0.0027821808527087,-0.0304777331585912,0.013525647664807,-0.0027891252070821,0.0560579458933843,2.7902659269989,0.4556534300129749,-0.0402914214279407,0.3072729932129553,0.000297031651542,0.004603337227582,-0.0119686422741017,0.6495877994770896,-0.0031935934024331,-0.0017687951532053,0.0223472444947567,0.0,0.0021610329828289,0.0011559847188407,-0.0237054473462036,-0.0062771954622789,-0.0776464311096264,-0.0059536028757853,-0.0009295125785289,0.0048668542076012,-0.0052025334126065,2.116123551455207,0.0360225127793381,0.3902802321210948,0.0,0.0004825783962949,0.0108697021377198,0.0031444147317321,0.0033612992421617,0.013074234321391
0.0,-8.869559586808296e-05,0.0,-0.0022313410497632,0.0,-4.21952048516837e-05,-0.000371384325813,0.0,-0.0331476893015991,0.0,-0.0005100741799293,-0.0044081005963724,-9.732918436832676e-05,0.0,-0.0039142232402543,-0.0008984035598941,0.0,0.0,0.0,-0.0001118501385531,0.0,-0.0003710422711001,0.0,-0.0783714031098856,0.0,0.0,0.0,0.0001825315636937,0.0,0.0,0.0,0.0,0.0,0.0,-2.1074625536501238e-06,-0.0108469447146232,-0.0006865262859885,0.0,0.0,-0.0098591993006781,0.0,0.0,-0.0159754257808475,-0.0067510851776335,-0.0068445945255334,-0.0113770573523114,0.2043654635133638,0.0121782438305553,-0.0027938357386156,-6.595090667670603e-05,-0.0009831008514551,-0.0188415822499985,-0.0112658441874166,0.0093605686341012,0.890970027325196,0.4556534300129749,2.4918970086058487,-0.0453582897088654,0.2923326233873716,0.0010633983307001,-0.0774223821779407,-0.0065328738849444,1.7005231398115208,0.0116896965797461,-0.0001589251124106,-0.0043097633081291,-0.0007272987579751,0.0004189665803051,-0.0344941058188202,-0.0085503038620469,-0.001774971091477,-0.1273477814392405,-0.0135151118316013,-0.0018735425956957,-0.0065106012242337,-0.0013780840009925,0.0053938619922213,0.1076745937952164,0.0117065742081115,-0.0002222967845579,-0.013099443720505,-0.0096563063422004,0.0075379515764788,-0.0039243547429457,-0.0078040429880725
0.0027288732263066,-0.0022035515619214,-0.0005845504058088,0.0250229272333671,0.0,-0.0012620865564616,-0.011175873596934,-0.0163694963788174,0.1366768635892299,-0.0218135277618977,0.0010277811024168,-0.0115269788131887,-0.0005521803472973,-0.0095833739666325,-0.0294487445372001,-0.0053056811029789,-0.0004531664961768,0.0,0.0,-0.001181192788927,-0.0004104193865431,-0.0111701370428972,-0.0026033238622236,0.4262582714838311,-0.0002776206046923,-0.0001497185915898,-0.0040497512057871,0.0662285980112363,-0.0466778690565522,-0.0062336467485184,0.0,0.0,-0.0147132385223107,-0.0134978019840149,4.273116275140579e-05,-0.0045920429881483,0.0011489662471398,-0.0003975030971647,-0.0048771630182783,-0.0411328579224716,0.0005708427478347,0.0001602801244896,-0.0877238896115886,-0.0055855696231495,-0.0304258029810455,-0.0050477183204006,-0.0920124438889419,-0.0022544652286943,8.078293087846333e-05,-0.0164987303665014,-0.0071430986325632,0.0008460902925371,0.0591121631507268,0.0028887481765213,-0.0003657617171592,-0.0402914214279407,-0.0453582897088654,0.6944441800243153,0.071874382825769,4.941969757479136e-05,0.0257391796306213,-0.0162999143452166,-0.0402931350359541,-0.0271301740750785,0.0003445396931352,0.0038411353429759,0.0,0.000235551461188,0.0043007250301617,-0.0018092246013184,-0.0409400437206099,-0.0047589620570145,0.9271726274260912,-0.007652002804408,0.0006669145021948,0.1707871845145993,-0.0293598451514532,-0.0690594080276809,-0.0334670653172564,0.0001450590483628,-0.000179731878312,-0.0120563907503454,-0.0130138136814067,-0.0094104831905649,-0.0241680232378804
0.0,0.0,0.0,-0.0035174198388454,0.0,-0.001094231078554,-4.212892975161827e-05,0.0,-0.077210841965041,0.0,0.0,-0.0325670757868691,0.0,0.0,-0.0231328387835885,-0.0001618308388218,0.0,0.0,0.0,-0.0007077594345228,0.0,0.000142923261055,0.0,0.0689288223858658,0.0,0.0,0.0,0.0006854775889678,0.0,0.0,0.0,0.0,0.0,0.0,-0.0006970039748558,-0.0085179921787744,0.000326586000637,0.0,0.0,-0.1023488610623797,0.0,0.0,-0.000570941173535,-0.0012752897474774,-0.1710654483191301,-0.0352348667633146,-0.0205094990943548,0.0008128819058432,-0.0006990239466707,0.0059264451240833,-0.0004347349324974,-0.0025958780144696,0.1430859160914982,0.0020297232677313,0.5573231262431605,0.3072729932129553,0.2923326233873716,0.071874382825769,2.898348271490826,-9.001615836955685e-05,0.2358505690129031,-0.0091916370348483,0.0864449294238139,-0.0069713751703086,0.0,0.000307522759976,0.0,0.0,-0.0906963326936534,-0.002434583304587,0.0,-0.019514310807904,-0.0709748850564477,-0.0002351257035991,-0.000430487449462,-0.0003010283082624,0.3082281805306004,-0.0061018427517393,0.0003616102560158,0.0,0.0005920842030873,-0.0007990086459375,-0.0312381455373481,-0.0115099994018252,-0.0003219146940416
0.0,-0.0003853742237823,-0.0001039320676576,0.0,0.0,0.0,0.0,0.0,0.0,0.0,0.0043045295063732,0.0,0.0091013829595459,0.0,0.0,2.9392193843584148e-05,-1.0640729308063785e-05,0.0004157561814236,0.0005234557552831,0.0,0.0,0.0,7.06714965894887e-05,0.0,-8.75758691962385e-05,2.675528962672691e-05,0.005655731555743,0.0,0.0,0.0,0.0054685205952516,0.0,0.0,0.0003300753147835,-0.0001033826918076,0.0004339368986305,0.0015841845066969,-0.0001343623515312,1.3003128123986083e-05,0.0,0.0002259271239457,0.0005100854707113,0.0202545549195757,0.0614867299580971,0.1194500249777571,0.0601828891238312,0.0005333570635469,0.0083566944269093,-0.0251748850656219,-0.0024692654980266,-0.0002736552445107,0.0024667806252925,0.0,0.0049500056039081,-0.0004009197816689,0.000297031651542,0.0010633983307001,4.941969757479136e-05,-9.001615836955685e-05,-0.6392047164435338,-8.23539213814881e-05,-0.2527614191495433,-0.0076145669456377,0.0,-0.0003026082670937,-0.0101465762149705,-0.1040987488466419,0.1144629473818715,0.0,0.0015548415556859,0.0006501662058731,-0.0038409211400649,0.0001007734373147,0.0054868748539547,-0.5408527975300863,-0.0011413638678058,2.3192454346006897e-05,-0.0709989725969271,0.0026309224338221,-0.2545150836903815,0.0077256631123446,-0.000472620857537,-0.3594831918694156,0.0001172952477457,-0.0049720314500446
0.0,0.0,0.0,-0.0087402812160038,0.0,-0.0034603043874898,-0.0007115200647373,0.0001461377853142,-0.0114346609259864,-0.0054418805683362,0.0,-0.0055737172951187,0.0,0.0,-0.0238221567180569,0.0,0.0,0.0,0.0,-0.0012279101404321,0.0,0.0,0.0,-0.0020018700834221,0.0,0.0,0.0,-0.0043690982487448,0.0,0.0,0.0,0.0,0.0,0.0,-0.0415420986123095,-0.0057233459922886,0.0,0.0,0.0,-0.0469572640264655,0.0,0.0,-0.0586952908498476,8.378640415163328e-05,-0.0756572307058209,-0.0144057759483895,-0.1446651955669874,-4.4054811135440616e-05,-0.0001736752406538,-0.0003484320350866,0.0002310683591422,0.0,-0.0728132163449354,0.0001313497757821,-0.0589457293206793,0.004603337227582,-0.0774223821779407,0.0257391796306213,0.2358505690129031,-8.23539213814881e-05,0.4121195680477086,-0.0005185057344539,-0.0045926251759322,0.113253754866049,0.0,0.0,0.0,0.0,-0.117009851536855,0.0,8.670994649195772e-06,0.0,-0.0447730340434792,-0.0003513802660155,0.0,0.000136629599124,-0.0881603509616164,-0.0248255866538944,8.82664313978435e-05,0.0,-0.0006481669839563,0.0003582379122049,-0.008781323144703,-0.1795584155078939,0.0023915423043845
0.0,-0.015444136969912,-8.183150825838573e-05,0.0,0.0,0.0,-0.0001884544769122,0.0,-0.0059346051366243,0.0,0.0655971122903338,0.0,0.0748056919150123,0.0,0.0,-0.0080978419827748,-0.0003028808958411,0.006342161627162,0.0006700044294833,0.0,-8.250902445810336e-06,-0.000141135467248,-0.0023344672639968,-0.00028602929735,-0.0271298574027225,0.0463233731654556,0.0153532947683484,0.0008194772604187,-0.0004851506147536,7.952443122120731e-05,0.0670596326166579,0.0,0.0,0.0006794391750605,0.0016425986782752,-0.0141161504778838,0.0412669324308874,-0.0081467220041874,0.0016783832550099,0.0001590265660165,0.0,0.0053616001912238,-0.2235196090300142,0.0886073772021403,-0.0637156866900377,-0.0819789260279973,-0.0495926242084427,-0.0089709167646421,0.0735439103647599,-0.0003438388852964,0.0493817309040177,0.0038540162796577,-0.0020636388429945,0.0001310687750628,-0.0021647900410447,-0.0119686422741017,-0.0065328738849444,-0.0162999143452166,-0.0091916370348483,-0.2527614191495433,-0.0005185057344539,-1.1247567287486655,-0.0079067531168178,-0.0004956099665319,-0.000598245842824,0.0022072235810557,-0.0075683863464996,6.223040557893584e-05,-0.0001100513816992,-0.001463826826647,0.0133550960082519,0.0002530410358107,-0.0152364840440441,-0.0956826447443688,-0.424052703406694,-0.3129303729378501,-0.0034993070962944,-0.0270111383833813,-0.003654972968612,-0.4033736307338492,-0.0004789609142657,-0.0032254092790767,-0.0854755868374525,-0.021170048897293,-0.0428665657351287
0.0,-9.827366463629052e-05,0.0,0.0,0.0,0.0,-0.0002470893251973,0.0,-0.0240609952379282,0.0,0.0,0.0,0.0,0.0,-6.278154709430299e-05,-0.0025567614788326,0.0,0.0,0.0,0.0,0.0,-0.0011280537994572,0.0,-0.0015220055907324,0.0001318149396718,0.0,0.0,-0.0004757639472573,0.0,0.0,0.0,0.0,0.0,0.0,0.0,-0.0031782507966371,-0.0005601384744084,0.0,-4.857801097588525e-05,-0.0026386121545476,0.0,0.0007393956878241,0.0058157989278366,-0.0043630611794646,-0.048509868488106,-0.0051815394509807,0.1018351765382145,0.0067525765780398,-0.0015104345079116,0.0227976913647269,-0.0062890690123324,-0.0106806500333301,0.0003278969443384,0.0026149560413836,0.1169124299721075,0.6495877994770896,1.7005231398115208,-0.0402931350359541,0.0864449294238139,-0.0076145669456377,-0.0045926251759322,-0.0079067531168178,1.5743654219296273,-0.0009592417693574,-0.0003992412845103,-0.0241466385200994,-0.0008991389258944,-0.0011243598135882,-0.0075119036280964,0.0059390210331419,-0.0031416680615252,-0.1294709023712975,0.0013813263970541,-0.0002073489852597,0.0018203128073149,-0.0037247055183855,0.016226482848443,0.190055601536277,0.0622841946024878,0.0003192452310272,0.0846029797614943,-0.0045260330202542,-0.0024395693482803,-0.002496643390548,-0.0020559155668458
0.0,0.0,0.0,-0.0017751950202507,0.0,-0.0026514861680405,0.0010151350717908,-0.0012656918328538,-0.0005906562383578,-0.00234130877064,1.709300616791474e-05,-0.0043723942439854,1.808003681050186e-05,0.0,-0.0266223235243178,-6.7183940216411e-05,0.0,0.0,0.0,-0.0039897956856286,0.0,0.0,0.0,0.0029063785275956,0.0,0.0,0.0,-0.0071169797583707,0.0,0.0,0.0,0.0,0.0,0.0,0.0004999354435916,-0.0034234996333192,-0.0003478430208126,0.0,0.0,-0.054856860993307,0.0,0.0,-0.0138205457017267,-0.0001228882046355,-0.0027125918828893,-0.0007420767541426,-0.2327392427632665,0.0101418679174505,-0.0004464480218296,-0.000726099793928,-0.0042199522667389,0.0,-0.0089601012151969,0.3014328861414398,0.1579943174813698,-0.0031935934024331,0.0116896965797461,-0.0271301740750785,-0.0069713751703086,0.0,0.113253754866049,-0.0004956099665319,-0.0009592417693574,0.219389139416129,-0.0002166781008891,0.0,0.0,0.0,-0.0057234407746466,4.695945241356235e-05,-0.004897101055297,0.0002643281213722,-0.0072557627577377,-0.0002293990568251,0.0,-0.0002370373371956,-0.0163229284479158,-0.0021265089919596,-0.0014761895527903,0.0,0.0010800229688397,-0.0007163317478409,-0.0010633747196388,0.0019635729801204,0.0004494438276094
0.0,-0.0110227979940207,-0.0094156505013974,0.0,0.0,0.0,-0.0003498143941475,0.0,-0.0005565911398293,0.0,-9.755744802695608e-05,0.0,0.0002755045690812,0.0,0.0,-0.2966456582695514,-0.0003597770262756,0.0,0.0,0.0,-0.0164574241764559,-0.0866316698054413,-0.1373863580755318,-0.0064792294742564,-0.0002333850919258,-4.0180143196849714e-05,-0.1696989367129958,-0.0101161890969667,-0.0012488572202503,-0.0036704174306196,0.0,0.0,-0.0005580744311189,-0.0033601539463303,0.0,-0.0214344265908971,-0.0178184715528894,-0.0063275884111923,-0.0172592626064992,-0.0026147572239073,0.0,-0.0012306634236812,-0.0780336410546303,-0.0237786610534852,-0.0143160017518094,-0.0022536500861935,-0.0072178079063836,-0.0002403539685751,-0.0009404537636505,-2.366073796844037e-05,-0.0187033109868675,0.0014372093077292,-0.0003355629738074,-0.0005793419283891,0.0,-0.0017687951532053,-0.0001589251124106,0.0003445396931352,0.0,-0.0003026082670937,0.0,-0.000598245842824,-0.0003992412845103,-0.0002166781008891,-0.8837021602032609,0.0070872745807202,0.0,0.0003091023028085,0.0,-0.0015082416057506,-0.0084945179753619,-0.1370903322295846,-0.0792320726239282,-0.0007408703075373,0.0018012109696803,-0.1314733981319015,-0.0284313694738962,-0.0005883296369522,-0.0022770743630975,0.0,0.0,-0.0005482892854256,0.0015619806963504,-0.0025991186026969,-0.0410605871423008
0.0,-0.0269066725323975,-0.0250059297234694,0.0,0.0,0.0,0.0,0.0,-0.001401100514236,0.0,-3.182836350707557e-05,0.0,0.0,0.0,0.0,0.0005833858194027,0.0059372080341843,0.0,-0.0003886649219184,0.0,0.0,-3.706252250086265e-06,0.001186826006609,0.0,-0.0006477465961827,-0.0228527262983498,-0.0268524364315335,0.0,0.0,0.0,0.0,0.0,0.0,0.0018723755332371,-0.0002301459610117,0.0052290108728916,0.0024084632799823,0.0028238235212077,-0.0004557381672872,0.0,0.0,3.0279442590639146e-06,-0.0296985293560467,-0.0044919264214811,0.0318997524057812,0.0134102820268142,0.0006349150739504,-0.000134216896214,-4.860273455477824e-05,-0.0293434944292491,-0.0407298575448952,0.0786662156715658,0.0,0.0,0.0002072402710585,0.0223472444947567,-0.0043097633081291,0.0038411353429759,0.000307522759976,-0.0101465762149705,0.0,0.0022072235810557,-0.0241466385200994,0.0,0.0070872745807202,-0.0346294274935415,0.0096652984478594,-0.1478671316117354,0.0,0.0174719978642032,0.0055030112264857,-0.2648479912506374,0.0179411578217677,0.000314201977356,0.090055283718459,-0.0273797611169543,0.0308692007065264,-0.0736411130962641,-0.01982448185553,0.001565613576012,0.0,-0.0035785971652493,-0.0402478936208233,-0.0002731504983907,0.0005609364499763
0.0,-0.000180951519234,5.82313080136034e-05,0.0,0.0,0.0,0.0,0.0,0.0,0.0,0.0,0.0,0.0004781860486481,0.0,0.0,0.0,4.833940235984263e-05,-1.4741421690113e-07,0.0001096164475245,0.0,0.0,0.0,0.0,0.0,5.850167391025583e-05,0.0018793255446831,0.0013292622552677,0.0,0.0,0.0,-3.0148697976773123e-05,0.0,0.0,-4.3652333396210245e-05,0.0,-0.0006782017278806,0.0004391421182036,1.6656544590740414e-05,0.0,0.0,0.0,1.3757354627895965e-05,-0.0497791720706928,-0.0388761107243904,-0.0459460307787827,0.0272774365952513,0.001315041610687,0.0005497450782536,-0.0003327960792241,0.0,-0.0005159718310225,0.0017847968678598,0.0,0.0012701782783202,-0.0004404771245259,0.0,-0.0007272987579751,0.0,0.0,-0.1040987488466419,0.0,-0.0075683863464996,-0.0008991389258944,0.0,0.0,0.0096652984478594,-0.059862986403068,0.0702840413544612,0.0,0.0022642099661363,-4.974636177287456e-05,-0.0014456519132111,0.0,-0.0001089142200795,-0.4234119278319585,-0.0060055346642565,0.0001555445333291,-0.0574318871887945,0.002706868741176,-0.0211023974499644,0.0012090955298201,0.0007470567564405,-0.0767247100966264,4.322806495959619e-06,-0.0014315259911137
0.0,-0.0032082470877461,-0.0009112055133694,0.0,0.0,0.0,0.0,0.0,0.0,0.0,0.0,0.0,0.0003394372821727,0.0,0.0,0.0,-0.0004790498103212,0.0,-0.0004963753199503,0.0,0.0,-1.6178026849723274e-05,0.0,0.0,-0.0009432207225638,-0.0091690801620534,-0.0188880040947484,0.0,0.0,0.0,0.0,0.0,0.0,0.0002973043900008,-6.193608588991985e-07,-0.0007348962207512,-0.0002220001487992,-0.0020281192800197,0.000304530558387,0.0,0.0,0.000216113455727,-0.0425078358268007,-0.0204635571471406,0.0449062160942,0.0329100686620374,0.0011200503481754,0.0003549554693883,0.0,-0.0023500933001645,-0.0143432154482594,-0.0135916737836163,0.0,-4.483548704486596e-05,-0.000158240641346,0.0021610329828289,0.0004189665803051,0.000235551461188,0.0,0.1144629473818715,0.0,6.223040557893584e-05,-0.0011243598135882,0.0,0.0003091023028085,-0.1478671316117354,0.0702840413544612,-0.1226917179094084,0.0,-0.0002160331868988,0.0003343669751338,-0.0211184408523523,0.0006730891147471,-0.0003482949128934,-0.0628368334427427,-0.0200065547616582,0.0003051466961179,-0.0454008884162179,0.0011785898881614,0.0021878646024848,-0.0001399101122583,-0.000453080671199,-0.0095545565580714,-0.0003599769638761,-0.0053286658566597
0.0,0.0,0.0,-0.0156890297324807,0.0,-0.0017129954808951,-3.983964109690921e-05,0.0,-0.0306769080299315,-0.0051168765164135,0.0,-0.0130631082831817,0.0,0.0,-0.0275213822788297,0.0,0.0,0.0,0.0,-0.0023137893441053,0.0,0.0,0.0,-0.0214024730358015,0.0,0.0,0.0,-0.002895470291997,0.0,0.0,0.0,0.0,0.0,0.0,0.0,-0.0064744832915357,0.0,0.0,0.0,-0.0510769838377632,0.0,-0.0003449642921323,-0.0323649256805596,-0.0001199313132821,-0.0346761393177613,-0.0093960847958181,-0.0349846408262846,-0.0024756154470665,-4.758634857421432e-05,-0.0002885451683361,0.0,0.0,0.1170666029148933,-0.0005661945614041,-0.0053886448033947,0.0011559847188407,-0.0344941058188202,0.0043007250301617,-0.0906963326936534,0.0,-0.117009851536855,-0.0001100513816992,-0.0075119036280964,-0.0057234407746466,0.0,0.0,0.0,0.0,-0.1359000474126999,0.0,0.0,0.0,-0.0160530156273163,0.0,0.0,0.0,-0.2202503861797412,-0.0183690952901101,-6.860225648016937e-05,0.0,-0.0001354990067696,-4.143823084879026e-05,-0.004438364643667,-0.0001147111156342,-0.0010139511014121
0.0,-0.0013507657556265,0.0003556707327837,0.0,0.0,0.0,0.0002679920227576,0.0,-0.0019761387577833,0.0,0.0,0.0,0.0,0.0,0.0,0.0008925905552874,9.204470889260098e-05,0.0,0.0001359445353976,0.0,-0.0049038433078331,-0.0032301545216913,-0.0119149852011438,0.0012724898789399,0.0,-0.0001369252860426,-0.0051108268920414,-0.0037021023109256,-0.0008520018462969,-0.0059312303093174,0.0,0.0,-0.0024776097825122,-0.0017459373523637,0.0,0.0103407909735824,-3.362503746031292e-05,-0.0009966947630093,-0.005608823913256,-1.805053194877079e-05,4.6729838259862144e-05,-0.0002408566935165,0.0519425020192234,0.013177050217641,0.0539838234742045,0.0458271963529419,-0.027442418527756,0.0003741602934239,-0.002930834549487,0.0002715212734655,0.001515176925766,0.0067137421367481,0.0,0.0003427638562299,-0.0005533728009757,-0.0237054473462036,-0.0085503038620469,-0.0018092246013184,-0.002434583304587,0.0015548415556859,0.0,-0.001463826826647,0.0059390210331419,4.695945241356235e-05,-0.0015082416057506,0.0174719978642032,0.0022642099661363,-0.0002160331868988,0.0,-0.1958630748599752,-0.0089306205959155,-0.1238106956211465,-0.0052264886434582,-0.0015136788838929,0.0140968918639273,0.0432223142333665,0.478733715406901,0.0022610085161014,0.108285213010536,0.0002766253921881,-0.0001637694177723,0.000309964995398,0.3219515621309778,-0.0047800503378948,-0.1588644862974139
-0.0001388707083129,-0.030436237268171,-0.0072713071850207,0.0,0.0,0.0,-0.0017460449108248,-8.238699047224382e-05,-0.0344862772007688,0.0,9.18115431150763e-05,0.0,-0.0004357491838797,-0.0011872131068742,-0.0008026319470868,-0.0748785372624356,-0.0039525932078072,0.0,-0.0007135055472032,0.0,-0.0149355767853395,-0.0671868653816301,-0.0109781323551891,-0.1017051339417869,0.00093383762818,-0.0018670161874361,-0.0317075412860597,-0.0363354760307473,-0.0190441323293412,-0.0235162300788163,7.543791833107239e-05,0.0,-0.0117695177079455,-0.0102913754540337,-0.0005246231785112,-0.0015285807154218,-0.0018032626277901,-0.005637281985508,-0.0091693531752866,-0.0052007968981955,-0.0001806259051795,-0.0003524743191545,-0.0545876975754743,-0.0044668932196155,-0.0100816951554141,-0.0027358026967094,-0.0046045426561408,-5.866365073294387e-05,0.002168077525955,-0.000528122249952,-0.2589975005052954,-0.0005931484606843,-0.000437926423144,-0.0014582212328266,-0.0001023139794676,-0.0062771954622789,-0.001774971091477,-0.0409400437206099,0.0,0.0006501662058731,8.670994649195772e-06,0.0133550960082519,-0.0031416680615252,-0.004897101055297,-0.0084945179753619,0.0055030112264857,-4.974636177287456e-05,0.0003343669751338,0.0,-0.0089306205959155,-0.3440218863137335,-0.0417591718000942,-0.1049858539105941,-0.0177771091142154,0.0025676956085194,-0.0851579149462522,-0.0184253232332747,-0.0079010843552965,-0.0163113081141939,0.0018500799056072,0.0,-0.0033879926377833,-0.0029565321184812,-0.0004128948948632,-0.0423980709172724
0.0,-0.0469147536487129,-0.0371560147107024,0.0,0.0,0.0,-2.67278326753678e-05,0.0,-0.0032669685611404,0.0,0.0002739758660366,0.0,0.0001471900639504,0.0,0.0,-0.0107385508559527,0.0053229212739899,0.0,0.0002280492311341,0.0,-0.0016078191198174,-0.0095514796529285,-0.0590084931561533,0.000900093365656,0.0004143365124915,-0.0004977402908369,-0.1328260457752784,-0.0010071581370689,0.0,-0.0005063070682512,0.0,0.0,0.0,-0.0002443264186385,-0.0015400970954702,0.0092644022188898,0.0135667878075008,0.0099422889625485,5.841667244054382e-05,0.0003815214521623,0.0,-0.0010504142349072,-0.0840423547747546,0.1026596035204833,0.0305939735180516,0.0718753258422796,-0.0777494972259923,-0.000197497567509,-0.0019519939157968,-0.0260326579845527,-0.0386990494670664,-0.0173087238561009,2.075369887782428e-05,0.0009485411105809,-6.795746832447569e-05,-0.0776464311096264,-0.1273477814392405,-0.0047589620570145,-0.019514310807904,-0.0038409211400649,0.0,0.0002530410358107,-0.1294709023712975,0.0002643281213722,-0.1370903322295846,-0.2648479912506374,-0.0014456519132111,-0.0211184408523523,0.0,-0.1238106956211465,-0.0417591718000942,0.8579316810768485,-0.0266733600324954,-0.0009627064303403,0.0110139898701491,0.318459201340062,0.0954885190455358,-0.0155274936225008,0.1644437222199276,0.0009766924251528,0.0002615129568047,-0.0007312850733037,0.1960534248204144,-0.0096822120753454,-0.3684746276184144
0.0085500158328282,-0.006451758882563,-0.0015441657534202,-0.0175289059266363,0.0,0.0007248427355559,-0.0384101478273834,-0.0122967972335429,-0.1008403316985757,-0.0115250108225334,-0.0005210934086266,-0.0056884599270677,0.0014665800635842,-0.01811392376305,-0.0197230007038814,-0.0911496296341656,-0.0001697025672827,0.0,0.0,-0.0083381864593082,-0.0123691401242676,-0.0341637224564696,-0.0128355900085013,0.1792782037495731,0.0,-0.0002303395212502,-0.0126770402899475,0.0393641692518431,-0.1556080059610908,-0.0757100973331333,0.0,0.0,-0.0605939846590049,-0.0340481040835402,-0.0001580327963731,0.0208882104494676,0.001018095251879,-0.0276437303757279,-0.0233098045258686,-0.0076478155530194,1.5255440293205668e-05,-0.0006993057491786,0.1424194828890593,0.0201275310568329,-0.0075243030063807,0.0055859883214154,-0.0524701497596458,0.0009893959596834,-0.002640150603497,-0.0022190325181942,0.0100325762536308,0.0160320454333302,-0.3809541253669186,-0.0016518543184575,-0.026449611148759,-0.0059536028757853,-0.0135151118316013,0.9271726274260912,-0.0709748850564477,0.0001007734373147,-0.0447730340434792,-0.0152364840440441,0.0013813263970541,-0.0072557627577377,-0.0792320726239282,0.0179411578217677,0.0,0.0006730891147471,-0.0160530156273163,-0.0052264886434582,-0.1049858539105941,-0.0266733600324954,1.6838582060110028,-0.0111834705911869,0.0042790814340355,0.0807575122816802,0.6450896903904938,-0.0218217107229256,-0.0258109297249665,0.0,0.0002410230236972,-0.0021033433696024,0.0084095528027807,0.0027743799012517,-0.0031181055483161
0.0,-0.0053992471102711,-0.0006188960486614,0.0,0.0,0.0,-0.0006996949177832,0.0,-0.0006888940569628,0.0,0.0088108901912689,0.0,-0.0160040765732865,-0.0001231379023505,0.0,-0.0014164215822001,0.000636826723412,0.0007642156047851,0.0025003380488392,0.0,-8.987227479045185e-05,0.0,-0.0028511605051885,-0.0018829673079003,-0.2822513270416984,0.0016910591482245,-0.0669676971900705,-0.0016582347465726,-0.0096963384726915,-0.0005621652741126,0.0057114406716973,0.0,-0.0005004576500872,0.0027179675540546,0.0,-0.0283654022452544,0.0112792757285139,-0.0018889844771146,0.0003053339213739,-0.0008529588849302,0.0,0.0005053818697288,-0.028196807937341,0.0536116023112324,-0.0686286299850134,-0.0241371003198136,-0.0145360463960256,-0.0012404146787724,0.0382372703979408,0.0003898163137225,0.0037803983473751,-0.0003397083540692,-0.0001622440251141,0.0001410000448008,-0.0003584861542366,-0.0009295125785289,-0.0018735425956957,-0.007652002804408,-0.0002351257035991,0.0054868748539547,-0.0003513802660155,-0.0956826447443688,-0.0002073489852597,-0.0002293990568251,-0.0007408703075373,0.000314201977356,-0.0001089142200795,-0.0003482949128934,0.0,-0.0015136788838929,-0.0177771091142154,-0.0009627064303403,-0.0111834705911869,-0.0128958508576816,0.0216224442069407,0.0337975248432981,0.0057595367968987,-0.0034220467599805,-0.0017584992676194,0.0066997740437962,-0.0005101318300297,-0.0016154152847197,-0.0016546270800756,-0.0009030913860391,-0.0008811567542011
0.0,-0.0038174599656974,-0.0082941775683729,0.0,0.0,0.0,0.0,0.0,0.0,0.0,0.0036632581337306,0.0,0.0076419760476297,0.0,0.0,-0.0005118830704948,0.0174229510614458,0.004077713302449,0.0182148920216802,0.0,0.0,8.685043101362705e-05,-0.0005192398901308,0.0,0.0239752081810338,0.0200214016693678,0.0491379192268066,0.0,0.0,0.0,0.0127823973761417,0.0,0.0,0.0049641805143232,0.0002154178599213,-0.0051385296858598,0.0173220837574887,0.0238491227467861,0.0096757583334026,0.0,0.0,0.0011045109381492,-0.2007101597630418,-0.0259882871137608,0.0650696952627245,0.1036814184669006,-0.0038491350700425,-0.0013167993936856,0.001588999260688,0.0111065819676506,-0.0063697067533092,0.7452904342176028,0.0,0.001341829473455,0.0002438193085001,0.0048668542076012,-0.0065106012242337,0.0006669145021948,-0.000430487449462,-0.5408527975300863,0.0,-0.424052703406694,0.0018203128073149,0.0,0.0018012109696803,0.090055283718459,-0.4234119278319585,-0.0628368334427427,0.0,0.0140968918639273,0.0025676956085194,0.0110139898701491,0.0042790814340355,0.0216224442069407,-4.586044959966728,-0.3100418803526655,0.0052554141188363,-0.0613683643836374,0.0336824095820214,-0.6201833354149555,0.0014961058343201,0.0009381287110001,-0.0350517327997974,-0.0005670322690521,-0.0172829761990178
0.0,-0.2093662878121128,-0.2174099891301001,0.0,0.0,0.0,-4.682301676913266e-05,-0.0004370054402732,-0.0002453136981795,0.0,0.0066791534602336,0.0,-0.0076295529920838,0.0,0.0,-0.0890392789325051,0.0939437117788358,0.0094676565771593,0.0269195650641164,0.0,-0.0024337485472623,-0.0347394669114115,-0.0554945077037816,-0.0068519770829121,-0.0070079182642765,-0.0795741428681814,-0.4830584194660761,-0.0024912869756734,-0.0004743560567981,0.0007306310852195,0.0051396542813853,0.0,0.0,0.0197591560015238,-0.0015724496788276,0.0072724999026163,0.0721757377982779,0.0421810752450644,0.0353490835794495,-0.0010478032554578,0.0,-7.279232717529177e-05,-0.7860034074830016,-0.1173324312761931,0.0909022385102407,0.0506274525771496,-0.018103398991478,-0.003133961899109,-0.0042111952795769,-0.0026176721042746,-0.3736259299380325,0.9850835018617716,-0.0001010955486449,-2.3443516465194063e-05,0.0,-0.0052025334126065,-0.0013780840009925,0.1707871845145993,-0.0003010283082624,-0.0011413638678058,0.000136629599124,-0.3129303729378501,-0.0037247055183855,-0.0002370373371956,-0.1314733981319015,-0.0273797611169543,-0.0060055346642565,-0.0200065547616582,0.0,0.0432223142333665,-0.0851579149462522,0.318459201340062,0.0807575122816802,0.0337975248432981,-0.3100418803526655,0.7337155131943601,0.0602156985036848,-0.0389739785923734,0.0269420171543524,-0.1313723451766338,0.0001975361481149,-0.00104380218507,-0.0607963147981178,-0.0085029922948713,-0.2526625985032302
0.0044656245183714,-0.0029693827093117,-0.0006140927621425,-0.0079607019185867,0.0,-0.0011728934816431,0.0381105533273319,0.0004245668721175,-0.0840590371175583,-0.0006623441708597,0.0011746526416512,-0.0260779028133039,0.0019604563187236,0.0012999165309837,-0.0234941269421289,-0.0219956373417184,0.0,0.0,0.0,-0.0007449804348167,-0.0033889779399378,-0.0073205498269107,-0.0021244915719098,0.1681293481978074,0.0,0.0,-0.000870644530386,0.0723883859721048,-0.0109436739231919,-0.0127240505064304,0.0,0.0,-0.0100702490903509,-0.0069705602140147,5.8920520372130855e-05,0.0657368690320514,0.0019876340155639,0.0034352110876699,-0.004746206171432,-0.0656278902414399,7.031391748589932e-05,-0.0001090508904414,0.3698593856755315,0.0481404970094065,0.032839698390963,0.0133396763304115,-0.0160432821837839,0.0056066935434947,-0.0009258732551649,0.0089741590508695,0.0041031647697012,0.0289798231169822,-0.3314374046223817,-0.0008191275606519,0.0146309580614416,2.116123551455207,0.0053938619922213,-0.0293598451514532,0.3082281805306004,2.3192454346006897e-05,-0.0881603509616164,-0.0034993070962944,0.016226482848443,-0.0163229284479158,-0.0284313694738962,0.0308692007065264,0.0001555445333291,0.0003051466961179,-0.2202503861797412,0.478733715406901,-0.0184253232332747,0.0954885190455358,0.6450896903904938,0.0057595367968987,0.0052554141188363,0.0602156985036848,4.079076447345615,0.0490520227426647,0.2773344259225802,0.0,0.0007680769957541,0.03702722056541,0.1479244772881172,0.0057162491262532,0.0679339679624355
0.0001071965907288,-0.002271729764688,-0.0001224150558405,0.0,0.0,0.0,-0.0012162403716958,0.0,-0.0427707266916723,0.0,-6.764395526216883e-06,0.0,-0.00217009447441,3.893676103227035e-05,-0.0003458203191024,-0.0117492608039143,-5.038101187030283e-06,0.0,0.0,0.0,-0.0015667096231633,-0.0053972474167867,-0.0001128012834947,-0.0317075971865651,-0.0002275772202843,-3.7982823821514846e-06,-0.0017569003836013,-0.0116026523634307,-0.002455434171846,-0.0044659366222593,0.0,0.0,-0.0014245995161845,-0.0019412318914284,-0.0003136646446201,-0.0030294722650735,-0.0009336312030307,-0.0013955053110125,-0.0025559146545279,-0.0030001521988919,1.9297827810684047e-05,-0.0001003594536348,-0.0654067043147699,-0.009424412597238,-0.2026486023195444,-0.0499782102768226,-0.040509128523364,-0.0320949404126008,-0.0054367851113862,-0.0092770280402498,-0.0066541631794822,-0.0010317322321475,-0.0048951726091887,-0.0091887093273383,0.0372599711444778,0.0360225127793381,0.1076745937952164,-0.0690594080276809,-0.0061018427517393,-0.0709989725969271,-0.0248255866538944,-0.0270111383833813,0.190055601536277,-0.0021265089919596,-0.0005883296369522,-0.0736411130962641,-0.0574318871887945,-0.0454008884162179,-0.0183690952901101,0.0022610085161014,-0.0079010843552965,-0.0155274936225008,-0.0218217107229256,-0.0034220467599805,-0.0613683643836374,-0.0389739785923734,0.0490520227426647,-0.7221951776741878,-0.1100358386230779,-0.0037292634341553,-0.1134068128715825,0.0407946529846971,-0.2388495623984257,-0.0033024861763944,-0.0481701176203232
0.0008372185092191,-0.0019795358554363,0.0,0.0,0.0,0.0,3.945666686151912e-05,0.0,-0.0385917221042042,0.0,-0.0003241840788678,0.0,-0.0002502098511746,-0.0001765943622635,-0.001162864624401,-0.0377783619121522,0.0,0.0,0.0,0.0,-0.0056990702100903,-0.0111901502377261,-0.0024355182543456,-0.0427422723056739,0.0,0.0,-0.0020763006177329,-0.0359094665610898,-0.0071460301376793,-0.0128675762506808,0.0,0.0,-0.0042999720345155,-0.005758799631805,-0.0001803490358688,0.0310346802660519,0.0028940896021829,-0.0031599525313404,-0.0037177180247383,-0.0011466510465401,0.0,0.0005854032675697,0.1302156088301179,0.0215488796905049,-0.0280835651958209,0.0033851556806956,-0.0098385844617385,0.0002867900726358,-0.00343993644425,0.0388464152105037,-0.0006063829700807,0.0050027800813667,-0.0003647198934364,9.395897458527976e-05,6.370263949993384e-05,0.3902802321210948,0.0117065742081115,-0.0334670653172564,0.0003616102560158,0.0026309224338221,8.82664313978435e-05,-0.003654972968612,0.0622841946024878,-0.0014761895527903,-0.0022770743630975,-0.01982448185553,0.002706868741176,0.0011785898881614,-6.860225648016937e-05,0.108285213010536,-0.0163113081141939,0.1644437222199276,-0.0258109297249665,-0.0017584992676194,0.0336824095820214,0.0269420171543524,0.2773344259225802,-0.1100358386230779,0.1304809367984693,0.000269651006197,-0.0003144346328402,-0.0904206893024631,0.3773456310456837,0.0007126574076111,-0.0155994482275994
0.0,-0.0010380596086916,-0.00074439539368,0.0,0.0,0.0,0.0,0.0,0.0,0.0,0.0087110852920617,0.0,0.0129393403848779,0.0,0.0,0.0,0.0003605561971667,0.0017789386962535,-0.0007703748144347,0.0,0.0,0.0,8.478354851140893e-05,0.0,0.0055308145685835,0.0198982966679456,-0.0029182375997923,0.0,0.0,0.0,0.0145706039998021,0.0,0.0,0.0010280899250406,0.0,0.0013038603777832,0.0123344332805779,0.0005475157354758,0.0015257414232242,0.0,0.0,0.0006639318249484,0.0116667351789508,0.042350039820258,0.0091832428858886,0.0160381245023769,-0.0005067072944418,-0.0018023520221776,0.0020937068729059,0.0,0.0026882619570095,0.0060935126950984,0.0,0.0,0.0,0.0,-0.0002222967845579,0.0001450590483628,0.0,-0.2545150836903815,0.0,-0.4033736307338492,0.0003192452310272,0.0,0.0,0.001565613576012,-0.0211023974499644,0.0021878646024848,0.0,0.0002766253921881,0.0018500799056072,0.0009766924251528,0.0,0.0066997740437962,-0.6201833354149555,-0.1313723451766338,0.0,-0.0037292634341553,0.000269651006197,-0.1033246440159535,0.0003012743117843,0.0,-0.0035621957730022,0.0,-0.0003137778314941
0.0,0.0,0.0,0.0,0.0,0.0,0.0,0.0,-0.0001274631403461,0.0,0.0,0.0,0.0,0.0,0.0,0.0,0.0,0.0,0.0,0.0,0.0,0.0,0.0,0.0,0.0,0.0,0.0,0.0,0.0,0.0,0.0,0.0,0.0,0.0,-0.0001567905669323,0.0005556442424056,0.0,0.0,-0.0001253476113336,-0.0001001099367393,0.0,-7.725735205994262e-05,-0.0033609047823613,-0.001500918084875,0.0419183559357453,-0.0047156568550076,0.073371887786077,-0.0771179786554835,-0.0011784941305304,-0.0006876987730298,0.0,0.0,0.0,0.1260948142756547,0.0375181688797786,0.0004825783962949,-0.013099443720505,-0.000179731878312,0.0005920842030873,0.0077256631123446,-0.0006481669839563,-0.0004789609142657,0.0846029797614943,0.0010800229688397,0.0,0.0,0.0012090955298201,-0.0001399101122583,-0.0001354990067696,-0.0001637694177723,0.0,0.0002615129568047,0.0002410230236972,-0.0005101318300297,0.0014961058343201,0.0001975361481149,0.0007680769957541,-0.1134068128715825,-0.0003144346328402,0.0003012743117843,-0.148946535912919,-1.2921311681386958e-05,0.0021654474251912,0.0004481454398284,8.427801407738311e-05
7.85615608354625e-05,-0.0007946015547975,0.0,-5.76633237774464e-05,0.0,-0.0003722201496898,0.0008337241634244,0.0,-0.0098993528868915,0.0,0.0,0.0,-0.0001240483976947,4.418496134976669e-05,0.0,-0.0098895963513081,-0.000202359203717,0.0,0.0,0.0,-0.0007506700249099,-0.0016973586917854,-0.0006324117059646,-0.0136703491319914,0.0,0.0,-0.0004149364157026,-0.0102896141739614,-0.0014629065631419,-0.0009421802846659,0.0,0.0,-0.0014515798188495,-0.0022298363696222,0.0,0.0003731788594902,0.000391013472618,-0.0023818536807298,-0.001907600680028,-0.0029396336170996,0.0,-6.151470882544476e-05,-0.0014796713779265,-0.0006597232576433,-0.055037868441665,-0.0056252954196472,-0.0029290284103324,-6.208128910309572e-05,-0.0005433498647004,-0.0022771775022822,0.0001811217259484,-0.0005736611195564,3.6263060062692126e-05,-0.0003582258390311,8.452413783772462e-05,0.0108697021377198,-0.0096563063422004,-0.0120563907503454,-0.0007990086459375,-0.000472620857537,0.0003582379122049,-0.0032254092790767,-0.0045260330202542,-0.0007163317478409,-0.0005482892854256,-0.0035785971652493,0.0007470567564405,-0.000453080671199,-4.143823084879026e-05,0.000309964995398,-0.0033879926377833,-0.0007312850733037,-0.0021033433696024,-0.0016154152847197,0.0009381287110001,-0.00104380218507,0.03702722056541,0.0407946529846971,-0.0904206893024631,0.0,-1.2921311681386958e-05,0.1292205194481812,-0.0599264325604024,-0.0009769654475954,-0.0071693251048755
0.0,-0.0148405482396578,-0.0115478959163738,0.0,0.0,0.0,7.593176486486807e-05,0.0,-0.0166978756742904,0.0,-0.0003126278990679,0.0,-0.0003012939769833,0.0,0.0,-0.0009198906025612,0.0019916195429793,0.0,0.0002162248133256,0.0,-0.0006743414918087,-0.0007738476977571,-0.0014729986352457,-0.0073113191080718,-0.0011512987159945,-0.0051735137445285,-0.0328281192114642,-0.0046165440634566,-0.0001117546519882,-0.0013507878836208,-2.0771932082595847e-05,0.0,0.0001358536805918,-0.0025107740744772,0.0003757844573883,0.0031066488294817,0.0021005857155544,0.0002726068485478,-0.002138077326188,-0.0022095726470471,0.0,0.0003275666921679,-0.0016500533158235,-0.0070968290069005,-0.028564212866437,-0.027308052991809,0.0052531339761237,0.0128874542819479,-0.0467412223036728,0.0011274435698773,-0.0287629641544087,0.0102867285578499,-0.0010628253945763,0.0071978025226055,0.0033667476150689,0.0031444147317321,0.0075379515764788,-0.0130138136814067,-0.0312381455373481,-0.3594831918694156,-0.008781323144703,-0.0854755868374525,-0.0024395693482803,-0.0010633747196388,0.0015619806963504,-0.0402478936208233,-0.0767247100966264,-0.0095545565580714,-0.004438364643667,0.3219515621309778,-0.0029565321184812,0.1960534248204144,0.0084095528027807,-0.0016546270800756,-0.0350517327997974,-0.0607963147981178,0.1479244772881172,-0.2388495623984257,0.3773456310456837,-0.0035621957730022,0.0021654474251912,-0.0599264325604024,0.0092321691999251,-0.0025340846728008,-0.0271102459694049
0.0,-0.0012111255824266,0.0,0.0,0.0,-0.0848729537452215,0.0,0.0,-0.0021021098988198,-0.0246505197181952,-0.0025928792285379,-0.0468190224005549,-0.0002052379915113,0.0,-0.0004249074870123,0.0001487894604351,0.0,0.0,-0.0003985793932712,0.0,0.0,-0.0002441380183822,0.0,6.065595913207613e-05,0.0,4.3278892604136974e-05,-0.0001624168467556,0.0,0.0,0.0,0.0,0.0,0.0,-0.0014999116685211,-6.365560156331354,-0.0115337190444103,-0.0121686073879742,0.0003107768491062,-0.0325954970848758,0.0032058949478245,-0.0002726782849884,-0.0005714810630028,0.1547442857300318,-0.0210399876527316,-0.0244979195047871,-0.0697189833067274,-0.0111747021559613,-0.0035657792608711,0.0004754738985035,-0.0002834526398506,-0.002199945800066,-0.0015718486652723,-9.130856867768091e-05,0.0013189253341588,-0.0733161037355612,0.0033612992421617,-0.0039243547429457,-0.0094104831905649,-0.0115099994018252,0.0001172952477457,-0.1795584155078939,-0.021170048897293,-0.002496643390548,0.0019635729801204,-0.0025991186026969,-0.0002731504983907,4.322806495959619e-06,-0.0003599769638761,-0.0001147111156342,-0.0047800503378948,-0.0004128948948632,-0.0096822120753454,0.0027743799012517,-0.0009030913860391,-0.0005670322690521,-0.0085029922948713,0.0057162491262532,-0.0033024861763944,0.0007126574076111,0.0,0.0004481454398284,-0.0009769654475954,-0.0025340846728008,-18.534705449508092,0.7590649085209417
0.0003665153246908,-0.0179929747825122,-0.0330007328550808,0.0078505321404663,0.0,-0.0069099807054219,0.028404723246095,-0.0125037463077421,-0.0029526946150458,0.0319569646294117,-0.0216983462154376,-0.003810593706027,-0.0042978770862905,-0.0118953250213682,0.0004970716742414,0.009899365369843,-0.0036554977044062,0.0016314710284068,-0.0028753237162117,0.0029892695018993,-0.0109827379840053,-0.003391897914762,-0.0347388025875216,0.0751021673765662,0.0006096130054735,-0.0020367942982271,-0.0676510979420969,0.0802011496817386,-0.0460451665391648,-0.0087976900589566,-0.0006527535286216,0.0,-0.0041735938954706,-0.0374314668585006,0.4870829736500507,-0.0856042125694371,-0.2975217890799354,-0.1208430873737761,-0.6118297864997375,0.0163778886354995,-0.0018548666789607,0.0019972825307755,-0.0942429333645385,-0.5216497076369117,-0.1552465432469203,-0.6197383678196773,-0.0122706886898581,-0.0165692413623031,-0.0022402980951987,-0.0024169147587781,-0.0573305274479792,-0.0555371678195735,-0.001249848941766,0.0023814913580504,0.0017245837253463,0.013074234321391,-0.0078040429880725,-0.0241680232378804,-0.0003219146940416,-0.0049720314500446,0.0023915423043845,-0.0428665657351287,-0.0020559155668458,0.0004494438276094,-0.0410605871423008,0.0005609364499763,-0.0014315259911137,-0.0053286658566597,-0.0010139511014121,-0.1588644862974139,-0.0423980709172724,-0.3684746276184144,-0.0031181055483161,-0.0008811567542011,-0.0172829761990178,-0.2526625985032302,0.0679339679624355,-0.0481701176203232,-0.0155994482275994,-0.0003137778314941,8.427801407738311e-05,-0.0071693251048755,-0.0271102459694049,0.7590649085209417,0.1223436979381322
