-0.4911810151080881,0.0,0.0027205909907796,0.0,0.0,-0.0012701938789013,-0.022669120407337,-0.2186575057789287,-0.0010461012410344,0.0037092874668075,9.143052109808174e-05,0.0,-0.0001379837212923,-0.54592202612191,0.0,-0.0003974401533165,0.0643808536645854,0.0,0.0007992190874721,0.0,0.0131201144661506,-0.0012880676881987,0.0666084832872161,0.0212072102405892,0.0,0.0017287845513909,0.0005940824432821,0.0177563126994346,0.359404999473454,0.0278413462201491,0.0,-0.0003210093891369,-0.0019615302581316,-0.0085593273263331,0.0,0.0239724597151429,0.0002469880407528,0.0165946849207771,0.0133456995657959,0.0005651490012798,-0.0005922945119652,0.0,0.0,0.0,0.0,0.0,0.0,0.0,0.0,0.0,0.0,0.0,0.0,0.0,0.0,0.0,0.0,0.0006479109481413,0.0,0.0,0.0,0.0,0.0,0.0,0.0,0.0,0.0,0.0,0.0,0.0,0.0001764038191713,0.0,0.0021828051026849,0.0,0.0,0.0,0.0,0.0,0.0,0.0,0.0,0.0,0.0,0.0,0.008582907799741
0.0,-0.1311130010970472,-0.0020814846079797,0.0,0.0,0.0,-3.106425543036373e-05,-0.0002137638396146,-0.1770896218476655,0.0,0.0216684884806615,-9.856413014522449e-05,0.0229729732893848,-0.000234602548443,0.0,-0.0038272900643951,-0.0013285534145747,0.0018543612850287,-0.0033864692049293,0.0,-0.0002787765251575,-0.3662036239362519,2.3517302025443424e-05,-0.2934923276654947,0.0256601565091741,-0.0299795388218017,-0.4329143009496232,-0.0008170667459704,0.0007780327596273,0.0001370422681055,-0.0045435631088627,0.0003224079604468,0.0,0.0018837680203142,0.0,-0.0025923716352747,0.0140960906129884,0.0106414404436075,0.0006065279086798,-0.0018005035439647,0.0020604036716677,0.0322668008120657,-0.0033476477611684,0.0011186922750359,0.0037758886983257,-0.000752557353635,-0.0010178720785471,0.0,0.006022249405291,0.0,-0.4634725045666542,-0.0019961597743433,0.0,0.0,0.0,0.0,0.0,-0.001918499446682,0.0,0.0203067196253787,0.0,0.1042412164278493,0.0,0.0,-0.021241785592216,0.007617789115659,0.0007141027656185,0.0031123863013812,0.0,-0.0005949577419169,-0.017034227107823,-0.0006814524450345,-0.0285034379768174,-0.0033306055153876,0.0125583406628454,-0.7316977714736393,-0.00217315673418,0.0001672747237847,0.0,0.0091707037372157,0.0,0.0,0.0023176599602809,0.0,6.39438077310575e-05
0.0027205909907796,-0.0020814846079797,-0.8668292356101261,0.0,0.0,0.0018386310282962,0.5643417154881459,0.0436913389446753,0.0012959302631256,0.0049280785380687,0.0020989595959952,0.0,-0.0004775096392177,0.0355668417288269,0.0,0.0037922104207759,-0.2936204389920345,0.0048224213843662,0.0043956609673454,0.0,0.075593016738795,0.0001155948913597,0.3361227764954571,0.0293550078281638,-0.000350622135378,-0.0270118485310805,-0.2517762151827223,0.1782597339937014,-0.0052841541926786,0.0860285610339172,-0.0003816380032889,0.0,-0.0024789568160144,-0.0839035066434172,-0.0033920519347388,0.1170579491206628,0.0767447904362134,0.0191509145934465,0.0374194513117001,-0.0030963130232782,0.0007479802689391,-0.0001282785068053,0.0233965525792611,0.0244227638053744,0.0276972945383281,0.0265146484163979,1.1113566706335452e-05,0.0,0.0,0.0,0.0494322973119131,0.1340285180425853,0.0,0.0,0.0,0.0,0.0,0.000425981806063,0.0,0.0,0.0,0.0,0.0,-0.0004795525933397,0.0095488593839461,0.1191891925153296,0.0,0.010963007760863,0.0,0.0001691771847022,0.0194555866952896,0.033243147138367,0.0021280115744298,0.0003404985569516,0.1029816276109771,0.9269309757606046,0.0,0.0,0.0,0.0,0.0,0.0,0.0047274048028391,-0.0008008014367843,-0.0057444997264189
0.0,0.0,0.0,0.2547615582715158,0.0,-0.0285169707551272,0.0100667638912157,0.0062147414337421,0.454159854088461,0.1082004780516873,0.0,-0.5642587241589746,-0.0016647577433712,-0.0041262666995115,-0.0615634763830642,0.0,0.0,0.0,0.0,-0.5310593873981195,-0.0005976211173637,-0.0001012506102169,0.0,0.1533303523801163,0.0,0.0,0.0003931684831404,0.1381393650966675,-0.0436558162971285,-0.0001084124619451,0.0,0.0,0.0005713592484189,-0.044547967978339,0.0,0.0118358896399612,0.0019974801048087,0.034314082687134,0.0152738443076746,-0.0513373585713145,0.0029469834803821,0.0,-0.0027462767650464,0.0,-4.759247182792882e-05,0.0,-0.0194390511350258,0.0,-0.0014219223661014,0.0,0.0,0.0,-0.0100361493396331,-0.0004383726525931,0.0009800846079942,0.0001601170290599,-0.0002296998867216,-0.033613937746655,-0.0002628866873002,-8.0557429763363e-05,0.0061654182654216,0.0,0.0,0.0005816221103618,0.0,0.0,0.0,0.0,0.0104857091895954,0.0,3.81873321897801e-06,0.0,0.0071632362112924,0.0,0.0,0.0,0.001960183295759,-0.0011854048192185,0.0,0.0,0.0,0.0,-0.000450055445049,0.0,0.0
0.0,0.0,0.0,0.0,-0.7910573890389122,0.0188543301586958,0.0011887637195313,0.0011565075576952,0.0,-8.139105859608525e-05,-0.00091019442515,0.0,0.0,0.0002751349444569,-1.3817659269908211,0.0001247095697389,0.0,0.0,0.0,0.0,0.0003894250090903,0.0005770695577018,-0.0003014053934567,0.0013732166529214,0.0,-0.0003313255979044,0.0,0.0013840423003764,-0.0101657139689878,0.0029386902315895,0.0,-0.2824645495798512,0.0,-0.0032292812768461,0.0034590224519648,0.0009091404709804,-0.000326378208905,-0.0082888314620422,-0.0024098200598971,-0.0221145739071867,-0.1344654478377195,0.0,0.0,0.0,0.0,0.0,0.0,0.0,0.0,0.0,0.0,0.0,0.0,0.0,0.0,0.0,0.0,0.0,0.0,-0.000536304485894,-0.000604245451925,0.0,0.0,0.0,0.0,0.0,0.0,0.0,0.0,0.0,0.0004340501505794,0.0,0.0,0.0,0.0,0.0,0.0,0.0,0.0,0.0,0.0,0.0,0.0,-0.0008466841222039,-9.957301824105952e-05
-0.0012701938789013,0.0,0.0018386310282962,-0.0285169707551272,0.0188543301586958,-2.9488158694418023,0.0266907197107133,-0.9669299537191516,0.0359163761350972,0.2437729982938207,-0.0067403031992869,-0.0386918105896832,-0.0003903188739415,-0.094526598902714,-0.387678363327171,0.0,8.488853677404639e-05,-0.0018937300775943,-0.0029205481583921,-0.0593957887645513,0.0010075672495764,0.0,0.002313208680018,0.0384323386111132,-0.0001265530531708,-0.0077992266348468,0.0,0.0283767814737916,-0.0571705379339165,0.0012103208562359,0.0,-0.003327062454551,0.000231499307996,-0.0345912592367003,-0.2996112965181998,-0.0091930818435734,-0.0059623442749705,-0.003665468510589,-0.0043985352420428,-0.1704457322526416,-0.0053275724755403,-0.000894922850873,0.0015645715801201,0.0,-0.0003300507052398,-0.0003240676466502,-0.0009547242610358,0.0,0.0,0.0,0.0,0.0,6.685625419329496e-05,0.0,-0.0002543057967363,0.0,0.0,0.0069977520533337,0.0,-0.001235612565807,-0.001219856336572,0.0,0.0,-8.429930648489434e-05,0.0,0.0,0.0,0.0,-0.0016560527787269,0.0,0.0,0.0,0.0003304017236457,6.013372705483234e-05,0.0,0.0,0.0,0.0,0.0,0.0,0.0,0.0,0.0,-0.0003792235493352,-0.0074116699571565
-0.022669120407337,-3.106425543036373e-05,0.5643417154881459,0.0100667638912157,0.0011887637195313,0.0266907197107133,1.8949001045380176,-0.9158136514761758,0.0144354607820264,-0.7219377423972854,-0.0105557722650687,0.0052849540016906,-0.0083192845995213,-0.3311162120636168,0.0022837039093419,0.0006581630288959,0.1907607948754864,0.0,0.0030453203062312,0.0019651908194499,-0.0085663534015943,0.0091553716577543,0.1656508559049662,0.2599277091873186,0.0,0.4754507701959229,0.0388157978867699,-0.2053625899918111,-0.7682545499343402,0.3847965841636475,0.0,-0.0079496126240361,-0.1043083371614131,-1.132678614244112,0.0253093420289713,1.0185468088436165,0.1407203891991779,-0.1051817593115306,0.1035098427230083,0.0809019220030106,-0.0121101478533222,-0.0015489641768678,0.0113720105754728,0.0014459555990144,0.0,0.0,0.0046498194325255,0.0,-0.0005509163029417,0.0,0.0,0.0,0.0007813270123018,0.0,0.0,-0.0062716098042325,0.0,-0.0342363819838789,0.0,-0.0071421636363462,0.0,0.0,0.0,0.0,0.0023840774380893,0.0,0.0,0.0,-0.0055200616780086,0.0,-0.0017450896770051,0.0,-0.0139599731433115,0.0,0.0,0.0,-0.0048503075778189,0.0,-0.0002633635956175,0.0,0.0,0.0,-0.0005277252955444,0.0,0.263195061157903
-0.2186575057789287,-0.0002137638396146,0.0436913389446753,0.0062147414337421,0.0011565075576952,-0.9669299537191516,-0.9158136514761758,-9.93159765589211,-0.0047699783498747,-0.8009100249696596,-0.0414881786909958,-0.0105955271585508,-0.004845579638068,-3.5977092060115803,-0.0226214955772577,0.0009834499620548,0.0700652514186814,-0.0062248323098023,-0.0002706254438025,0.0156979552165896,0.0296461480753394,0.0031073146429223,0.1014677619432979,0.0663925844961039,-0.0001988229333932,-0.0042329466039175,-0.0014244830677214,0.0096115351201031,0.0221049287420913,-0.1054025859180833,-0.0012686438050831,-0.2135538538284766,-0.0024364842810435,-0.0273302563875084,-0.0010289981567944,0.0591033562096275,-0.0030409949580992,0.0399110631094933,-0.0355868347126571,0.0036144890651001,-0.0067188397569378,-0.0017151529749698,-0.0061320151516314,-0.0028284894932961,0.0,-0.0032168109769906,-0.0004690932734948,-0.0001796104484498,-0.0001943932118695,0.0,0.0,0.0,0.0,0.0,0.0,0.0,0.0,-0.0137600311434189,0.0,-0.0050155604463524,0.0,-8.657964732496865e-05,0.0,0.0,0.0,0.0,0.0,0.0,0.0,0.0,0.0010451069024505,0.0,0.0019634643437122,0.0,0.0,0.0,0.0,0.0,0.0,0.0,0.0,0.0,0.0,0.0,0.012214406212422
-0.0010461012410344,-0.1770896218476655,0.0012959302631256,0.454159854088461,0.0,0.0359163761350972,0.0144354607820264,-0.0047699783498747,0.0118790853990686,0.2730633899268262,-0.0012884348721515,0.1115551991323447,-0.0096012460820619,-0.0074043903286885,-0.0004569697739858,-0.0005369240955639,0.000779872443558,0.0,0.0004407595208021,0.0744404268293974,-0.0011865974905129,-0.588772734784359,-4.660025721289648e-05,1.285702866780012,-0.0862482162207185,0.0022102530177,0.0911895311641727,0.3323553973974875,-0.050114391227649,0.001636919305947,0.0,-0.0004130457768517,-0.0054212037402167,-0.0653239188035974,-0.0016114414810984,0.033344401782014,0.0006369848247126,-0.034905407432335,-0.003665488862823,-0.25950979469896,-0.0065666671926539,-0.0041100566092386,0.0429240556652885,-0.0039223515688555,-0.0083967968975096,-0.0002946662273926,-0.0477008029582325,-0.0020803341126674,0.000147848930526,-0.0045280526143231,-0.0003367988388697,0.0,0.0457989905471558,-0.0023716712963849,-0.0043756027929819,-0.0936480968396929,0.0082606897705708,-0.3390980481834772,0.0237468512076933,-0.00104772152664,0.0112156247886105,0.0003886763920162,0.0060900948917091,-0.0002419857574843,-0.0104963440235715,0.0,0.0,0.0,0.0220967264966065,-0.0106389445853297,-0.2652366133137306,-0.0033126816578479,-0.0486806769889978,-0.0004272607705124,0.0,-0.0159683890414046,-0.1224560644483959,-0.0073809297167576,-0.0143379726251781,0.0,-0.0007734806476096,-0.0071834078215017,-0.0185792985801946,0.0010899131801662,-0.000358489935918
0.0037092874668075,0.0,0.0049280785380687,0.1082004780516873,-8.139105859608525e-05,0.2437729982938207,-0.7219377423972854,-0.8009100249696596,0.2730633899268262,-4.336239496071917,-0.0005506860215816,-0.3878246604161222,6.795713261724714e-05,0.0199856010238286,0.0389798172731438,0.0,0.0018886751884871,0.0,0.0,-0.6466375476918179,0.0002606546757816,0.002053025751374,0.0022063904600522,0.0691620318673876,0.0,0.0,0.0007296246151428,-0.6369242939408283,-0.5168274662592042,0.0022447800811206,0.0,-0.0008931398780816,-0.0005447802027132,-0.3994549353044429,-0.0051921560560973,0.0619615588238926,0.0067700270047259,0.0611747241463668,0.0258282915120627,-0.0121185534526417,-0.0025503969508247,0.0,-0.0048433376774199,0.0,0.0,0.0007490102018646,-0.0302361033073011,0.0,0.0,0.0,0.0,0.0,0.0,0.0,0.0,-0.0009502104964002,0.0,-0.0172276589073035,0.0,0.0,-0.0008208769645422,0.0,0.0,0.0,0.0,0.0,0.0,0.0,-0.0020640783587433,0.0,0.0,0.0,-0.031735059474189,0.0,0.0,0.0,0.0,0.0,0.0,0.0,0.0,0.0,0.0,0.0018024055424155,0.0196381675606532
9.143052109808174e-05,0.0216684884806615,0.0020989595959952,0.0,-0.00091019442515,-0.0067403031992869,-0.0105557722650687,-0.0414881786909958,-0.0012884348721515,-0.0005506860215816,1.3475041868494506,-0.0001901705174289,-0.140266240697871,-0.0937131805262934,-0.0004403236839382,0.0001494382859479,-0.0210954712238124,0.2298674161641879,-0.1105289598907646,-0.0023747022314737,-0.0045259309338316,-0.0026890620846603,0.0009269397484545,-0.0021531144874562,-0.0317286446252007,-0.1711142890368626,-0.1180177773543769,-0.0017385887685512,-0.4116572359357498,0.001031113164646,-0.0816320513495978,-0.0549297951682359,-0.0018827147224315,-0.4759170980656567,-0.0001084329060878,-0.0685976688600193,-0.0113593830754151,-0.3718827387426124,-0.0083237856318564,-0.0140308805570813,-0.022337203629242,-0.050400958014631,-0.0031815008846594,0.0444710788047021,0.029929767978998,0.0044219875654286,-0.0003231892385769,-0.0017549046046846,0.007033240411643,0.0,0.0312759736968143,0.0010089044245443,0.0,0.0,0.0,0.0,0.0,0.0,0.0,0.2540975277772476,0.0,0.6241712577862591,4.824291431784593e-05,-0.0002878913079814,0.0,1.2896148999201654e-05,0.0012756670810246,0.0005104887964375,0.0,0.0,0.0082636169656914,0.0,0.0,0.0034650964689065,0.0768193696833634,0.0634281775706837,-0.000134282466808,0.0006335391159388,0.0,0.0663630870158862,-0.0021847314368832,0.0,0.0212083744034304,-0.0004670163182028,-0.0151773638048117
0.0,-9.856413014522449e-05,0.0,-0.5642587241589746,0.0,-0.0386918105896832,0.0052849540016906,-0.0105955271585508,0.1115551991323447,-0.3878246604161222,-0.0001901705174289,-1.1550895668642016,-0.0010383446052605,-0.0099840011365965,0.1958021414666127,0.0,0.0,0.0,0.0,-1.2104951051239514,0.0,-0.0012059168873482,0.0,-0.0389054745159785,0.0,0.0,-0.0011776463585202,0.1171724396220075,-0.0334841683993555,0.0,0.0,0.0,0.0,-0.0188830124836455,-0.4842629405346783,-0.0234871675291594,-0.0009169130036549,0.0060802661703129,0.0003617446136604,-0.4364572650746188,-0.001642137426028,-5.860773267874006e-05,-0.0050191971618002,0.0,0.0,-0.0005348748259146,-0.0267422653486871,0.0,0.0,0.0,0.0,0.0,-0.0484498988481483,-0.0023113618626694,-0.0018383003657616,-0.0016829868101787,-0.0015094027300583,0.0006743673615973,-0.0226356651338319,0.0,-0.0110014092831723,0.0,0.0,-0.002243391740196,0.0,0.0,0.0,0.0,-0.047422672219038,0.0,0.0,0.0,-0.0308819852583265,0.0,0.0,0.0,-0.0082423186219341,0.0,0.0,0.0,0.0,0.0,0.0,0.0025388181565844,-0.0012119837130637
-0.0001379837212923,0.0229729732893848,-0.0004775096392177,-0.0016647577433712,0.0,-0.0003903188739415,-0.0083192845995213,-0.004845579638068,-0.0096012460820619,6.795713261724714e-05,-0.140266240697871,-0.0010383446052605,-0.0345442228692427,-0.0054078911275483,-9.36966200445266e-05,0.0004761415974603,0.0005671930829889,-0.0007318691849687,-0.0021824547608313,-0.006962349478102,-0.0026332588421805,-0.0005283090852255,-0.0057458981164445,-0.0537788220669858,-0.488433761699398,-0.0548966413295358,-0.3482022400762523,-0.0555974716592824,-0.0244998363672945,-0.0096502615314863,-0.150011786625789,-0.0146241272743226,-0.0003468534127285,-0.0349802601395357,0.0113963623481405,-0.2804551182805849,-0.1196038072117133,-0.1964451610155643,-0.4100957439472211,-0.1238668668381957,-0.041515896616242,-0.1628216568885312,-0.0967570627832172,0.060750705055524,0.0175277487577217,-0.0049062587995625,-0.0466463016972794,-0.0068372883786457,0.0110923966024955,-0.0006819704409135,0.0704604731600186,0.0,-0.0024280839998061,-0.0004743470149379,-0.0048277239533054,-0.0253382075372244,-0.0008669610494366,-0.0022409768613186,-0.000225090809208,0.2710729930286323,-0.0058029751531763,0.4871545074706766,0.0001343210230144,-0.0005057235735623,-1.4370312817720278e-05,0.0004313210612229,0.0003354371507023,0.0002353847302018,-0.0138412881525556,0.0,0.0406818710376628,-0.0005338502243459,-0.033555874941704,-0.1729644631246687,0.0307849581783058,-0.2070631000758144,-0.0436379283850673,-0.0045789696633859,-0.0079878156078633,-0.0621944267827932,-0.0034057192078677,-0.0035653714881051,0.011964222309809,0.0032873271714199,-0.0088140666153834
-0.54592202612191,-0.000234602548443,0.0355668417288269,-0.0041262666995115,0.0002751349444569,-0.094526598902714,-0.3311162120636168,-3.5977092060115803,-0.0074043903286885,0.0199856010238286,-0.0937131805262934,-0.0099840011365965,-0.0054078911275483,-3.9150007726604135,-0.0002246707263477,0.0012128972609362,0.1106876018761097,-0.0176983204891821,-0.0048440200156129,-0.0207786116049814,0.0244820168393031,0.0033899383624824,0.1782251440797534,0.0210754476696064,-5.869876949420371e-05,-0.0182879224636397,-0.0043487904541672,0.0343066897242749,0.0623865106306602,-0.1198371177881882,-0.0008507550174301,-0.0058439461348726,-0.0015934124056457,-0.1115557636970867,0.0029015616814092,-0.0502161017850898,-0.0074564454268005,0.0253771816512868,-0.0076132905912473,-0.0127833995254822,0.0031499461026012,-0.0023400630487352,-0.0051185587855065,-0.0008901104805644,-0.0004909950777434,-0.0024905048644015,0.0017474383958744,0.0,-0.0010900152429136,0.0,0.0,0.0,0.0,0.0,0.0,0.0,0.0,-0.0027503329200582,0.0,-0.0030221186869136,0.0,0.0003803138527322,0.0,0.0,0.0002338140979232,0.0,0.0,0.0,0.0,0.0,-0.0006415593795147,0.0,0.0017916230020465,0.0,0.0,0.0,0.0,0.0,0.0,0.0,0.0,0.0,0.0,0.0,-0.0053611743134163
0.0,0.0,0.0,-0.0615634763830642,-1.3817659269908211,-0.387678363327171,0.0022837039093419,-0.0226214955772577,-0.0004569697739858,0.0389798172731438,-0.0004403236839382,0.1958021414666127,-9.36966200445266e-05,-0.0002246707263477,-0.1174683625001721,0.0,0.0,0.0,0.0,-0.1028803982518325,0.0,0.0,0.0,0.0051186398779011,0.0,0.0,0.0,0.007682989299982,-0.002425951818724,0.0,0.0,-0.1772003770916938,0.0,-0.000540830664446,-0.1058335941961408,0.0005930055736313,-0.0003648166225409,0.0002911806948835,1.9235951227638988e-06,-0.1862130736030193,-0.0301356374904153,0.0,-0.0014705785836606,0.0,0.0,-3.2412088954973894e-05,-0.0007286251382428,0.0,0.0,0.0,0.0,0.0,-7.407063381639313e-05,0.0,-0.0003466718888613,0.0,0.0,-0.000217425242986,0.0,0.0,0.0001216818745146,0.0,0.0,-0.0003741608677952,0.0,0.0,0.0,0.0,-0.0033437544538417,0.0,0.0,0.0,0.0002684873961494,0.0,0.0,0.0,0.0,0.0,0.0,0.0,0.0,0.0,0.0,-0.0064501267415076,0.0004023888850281
-0.0003974401533165,-0.0038272900643951,0.0037922104207759,0.0,0.0001247095697389,0.0,0.0006581630288959,0.0009834499620548,-0.0005369240955639,0.0,0.0001494382859479,0.0,0.0004761415974603,0.0012128972609362,0.0,1.569474234890176,0.0206924066685459,0.0,0.002374074357681,0.0,0.6828955408401604,0.0154498601915736,-0.1464846554195031,0.1247603237508902,-9.341909018390203e-05,0.0248804906694464,0.1406301509669902,0.0863556639153375,-0.0019919192938389,0.0161987930418159,0.0,0.0,-0.000343289384044,0.0005530768256935,-0.0023595611884024,0.0856774551015233,0.1144642077053263,0.0123861314057566,0.0019276204609677,0.0010856175407085,-0.0001637336677401,0.0,-0.0027287317295101,-0.0058320537156476,-0.0004509425828294,1.0456583497357998e-05,-0.0015822253316876,0.0,0.0,0.0,-0.0018468072454918,0.0009509715273256,0.0,0.0,0.0,-0.0006353068972211,0.0,-0.0001841590445275,0.0,-0.0003411015167837,0.0,0.0,0.0,0.0,0.2858504963547343,0.0,0.0,0.0,0.0,0.0010765004840037,-0.0535918226053884,0.1478781913935368,-0.0126279692229271,0.0,0.0008464053992833,0.0834764976225242,-0.0145559869297699,-0.0002119613463148,-2.7491366093073603e-05,0.0,0.0,-0.0012744848043172,-0.0013624056298044,0.0,-0.0088587935003101
0.0643808536645854,-0.0013285534145747,-0.2936204389920345,0.0,0.0,8.488853677404639e-05,0.1907607948754864,0.0700652514186814,0.000779872443558,0.0018886751884871,-0.0210954712238124,0.0,0.0005671930829889,0.1106876018761097,0.0,0.0206924066685459,-0.2094003597874716,-0.0110894946503396,0.0624457386458554,0.0,0.2538086175698388,0.0089257499915468,0.3071868308655954,0.061323841213891,0.000900203923834,0.2446101946327999,-0.0839179251098053,0.0414233327927675,0.0351626553682943,0.4539295801361095,-5.855409798169322e-05,-0.002303056533625,-0.0031389581198767,-0.2509018281372283,0.0005976847153587,0.0517492259260728,0.1147778356238267,-0.0310262934648192,0.0275055634683958,-0.0025108650896682,-0.0017301379121712,0.0003098661258376,0.0044444815140256,0.0263365979038022,0.0174175995210101,0.0154204288593771,0.0,0.0,0.0,0.0,0.0236820728538388,0.1079083484138801,0.0,0.0,0.0,0.0,0.0,0.0,0.0,0.0008109456303102,0.0,0.0,0.0,0.0,0.0005019876912397,0.0590181340786897,0.0005080648477581,0.0573016273885551,0.0,0.0,-0.0006263362731693,0.0004184273503062,0.0,0.0011268490615532,0.3219001207761959,0.5359847451120406,0.0,0.0,0.0,0.0,0.0,0.0,0.0012672952087484,-0.0014529943535581,-0.0080897529269812
0.0,0.0018543612850287,0.0048224213843662,0.0,0.0,-0.0018937300775943,0.0,-0.0062248323098023,0.0,0.0,0.2298674161641879,0.0,-0.0007318691849687,-0.0176983204891821,0.0,0.0,-0.0110894946503396,-0.1170614145555005,-0.0441603713444606,0.0,0.0021735811236958,0.0,0.0151009643982078,0.0,-0.0018260703058224,-0.0222725018751074,-0.0199741930495291,0.0,-0.1046259091577966,0.0060530231932269,-0.002650458818765,-0.0042571711528927,0.0,-0.135423652198329,0.0002426963192707,-0.0023027182985242,0.1087648467099455,-0.0694250199331577,0.0419245219292573,-0.0018920216219467,-0.0012802812051404,0.0002058621244223,0.0003025419181848,0.005801464640577,0.0008949468609452,0.0005632867801551,0.0001748031234442,0.0,0.0,0.0,0.0048879674787388,0.0,0.0,0.0,0.0,0.0,0.0,0.0,0.0,0.0,0.0,0.0017666868555252,0.0,-0.0004137411936356,0.0,0.0006484427120155,0.0041319554869567,0.0004099176234833,0.0,0.0,0.0,0.0,0.0,0.0007913222526017,0.0512151534599789,0.0502204472972863,0.0,0.0,0.0,0.0030803729625844,0.0,0.0,0.0,-0.0001790325085818,-0.0031986699325216
0.0007992190874721,-0.0033864692049293,0.0043956609673454,0.0,0.0,-0.0029205481583921,0.0030453203062312,-0.0002706254438025,0.0004407595208021,0.0,-0.1105289598907646,0.0,-0.0021824547608313,-0.0048440200156129,0.0,0.002374074357681,0.0624457386458554,-0.0441603713444606,0.2894875218800866,-0.0003489139561711,0.0333898609918415,0.0005653370241022,0.0783396477558388,0.0004016098833769,-0.0016141985489064,-0.2845445811323303,-0.2555742896652198,-0.0006980832832964,-0.0633463124412499,0.0647440775211147,-0.002813825183688,-0.0016746861982938,0.0008071152146126,-0.1927792734405073,-0.0008057973956918,-0.0244669767927484,0.0258799541632841,-0.1019374889980627,0.0173779859522956,-0.0030169914394465,-0.0003977173838729,0.0,0.0009052871491548,0.0250569604623401,0.0039059291711553,0.0031713376709269,0.0,0.0,0.0,0.0,0.003539703000737,0.0096306949114236,0.0,0.0,0.0,0.0,0.0,0.0,0.0,0.0006512133547779,0.0,0.0004372235737148,0.0,-5.7528312706310304e-05,0.0,0.009361260405445,0.0025004504534529,0.03694325874324,0.0,0.0,-0.002356326491037,0.0,0.0,0.0021500440329052,0.2425213964537056,0.2088837881554837,0.0,0.0,0.0,4.268056493097749e-05,0.0,0.0,0.0002375286298764,0.0,0.0012489962023805
0.0,0.0,0.0,-0.5310593873981195,0.0,-0.0593957887645513,0.0019651908194499,0.0156979552165896,0.0744404268293974,-0.6466375476918179,-0.0023747022314737,-1.2104951051239514,-0.006962349478102,-0.0207786116049814,-0.1028803982518325,0.0,0.0,0.0,-0.0003489139561711,-0.3245284376168056,0.0003446893765294,0.0002887556321272,0.0,-0.0045973425575743,0.0,0.0,0.0001438369732939,-0.0619009935211217,-0.1433733468407162,-9.127679511255265e-05,0.0,0.0005066158805764,0.0009303499969826,-0.1130062489849821,0.0,-0.0285635536444205,-0.0032872951306667,0.0191969342007013,0.0078922772269452,-0.0865368019003447,0.0033647734685354,-0.0008912830111774,-0.0035805477131628,-8.945274359307368e-05,0.0,0.0,-0.0396562766387793,0.0,0.0,0.0,0.0,0.0,-0.0217893451038096,0.0006200274675068,-0.0046025569566177,-0.0045380309501687,0.0,-0.0200200971513592,-0.0009306306570668,-0.0002583686356899,-0.0100140266548279,0.0,0.0,-0.0009821798312376,0.0,0.0,0.0,0.0,-0.0350571163155941,0.0,0.0,0.0,-0.0509627437567999,0.0,0.0,0.0,-0.0080914665175673,0.0,0.0,0.0,0.0,0.0,0.0,0.0,-0.0001664758578928
0.0131201144661506,-0.0002787765251575,0.075593016738795,-0.0005976211173637,0.0003894250090903,0.0010075672495764,-0.0085663534015943,0.0296461480753394,-0.0011865974905129,0.0002606546757816,-0.0045259309338316,0.0,-0.0026332588421805,0.0244820168393031,0.0,0.6828955408401604,0.2538086175698388,0.0021735811236958,0.0333898609918415,0.0003446893765294,2.819160702877872,0.0015664173716063,0.1341851450076486,0.1067632203636029,5.59535899364275e-05,0.1247157662840683,-0.0111595169071736,-0.4927604597736285,-0.0483261975283077,1.2407507106646998,0.0,-0.0028673011621883,-0.026476243022327,-0.1622512082552682,-0.0047107475863122,0.5747145491190653,0.1995761994407927,0.0872871286534167,-0.0020510097150507,0.007692295697734,-0.006658772876576,0.0001308968369633,0.0013303133188551,-0.0010012694081403,9.83754105051203e-05,0.0,0.0005790532215236,0.0,0.0,0.0,-4.926328165277413e-05,0.000232971323683,0.0,0.0,0.0,0.0,0.0,0.0015244895367064,0.0,-0.0004425812693417,0.0,0.0,0.0,-2.938322145566957e-05,0.0693877964894309,0.0,0.0,0.0,0.0,0.0052443496747087,0.0050831269443052,0.0082214232304158,0.0116122886649572,0.0,0.0,0.0058337447238323,-0.0024479158055078,0.0,0.0014684901514019,0.0,0.0,-0.0008799536824846,-0.0021508384886062,0.0003946258952745,0.2045436868253747
-0.0012880676881987,-0.3662036239362519,0.0001155948913597,-0.0001012506102169,0.0005770695577018,0.0,0.0091553716577543,0.0031073146429223,-0.588772734784359,0.002053025751374,-0.0026890620846603,-0.0012059168873482,-0.0005283090852255,0.0033899383624824,0.0,0.0154498601915736,0.0089257499915468,0.0,0.0005653370241022,0.0002887556321272,0.0015664173716063,-0.9531901512459644,-0.0239750793974963,-0.6019127277481929,-0.0661709639412757,0.0106193987144298,-0.0140250260870726,-0.0309087481753185,-0.0025927055839854,-5.7652203878477065e-05,0.000964681959503,-0.0005787360837347,-0.0023031341885269,-0.0063105436677198,-0.0015759437649197,0.0232991688313664,0.053283993741781,0.0028216748151353,0.0067484687284827,-0.0087041541237054,0.0006084586580054,0.0008353114432405,-0.0164336006245786,-0.0170343440662826,-0.0010193863875867,-0.0009921502002512,-0.0242547849483491,-0.0010213957874165,0.0,-0.0001845649978875,-0.0248195825111058,0.0079840406497088,6.865479418294172e-05,-0.0014088475678028,0.0,-0.0157603274420044,-0.0021821827327647,-0.0472182022655693,-0.0008640146236286,-9.437848499732187e-06,-0.000486905058223,0.0107149759033129,0.0005385031748734,-0.0001004899534218,-0.1754390865815191,0.0095061908285979,0.0,0.0,0.0,-0.0267419875523886,-0.7093886744845271,-0.0870406676204939,-0.1984317729815959,-0.0010980528588609,0.0084278704755397,-0.1045699455549909,-0.1240479729265661,-0.0074686885635682,-0.0162102294180227,0.0002567257131223,0.0,-1.7828007433944996e-05,-0.0048121112223337,-8.419815827829898e-05,-0.0018247128363639
0.0666084832872161,2.3517302025443424e-05,0.3361227764954571,0.0,-0.0003014053934567,0.002313208680018,0.1656508559049662,0.1014677619432979,-4.660025721289648e-05,0.0022063904600522,0.0009269397484545,0.0,-0.0057458981164445,0.1782251440797534,0.0,-0.1464846554195031,0.3071868308655954,0.0151009643982078,0.0783396477558388,0.0,0.1341851450076486,-0.0239750793974963,0.8010517315544983,0.016215129315349,0.0,0.3760885328207837,0.1927153519819902,-1.0886995583680157,0.0884582661216224,0.4425737054011948,0.0,-0.0018009682948657,0.0019836378540537,-0.3423452997022666,-0.0499122682875902,0.6407621720689011,0.9222579021269564,-0.6180700059080759,-0.3320192853888298,-0.0176414037442928,-0.0030332501053514,0.0,0.0010025160248677,0.0049748651882014,0.0011618168595671,0.004807188346144,-0.0003035365966038,0.0,3.589391601515456e-05,0.0,0.0041436394891006,0.0233685549143171,0.0,0.0,0.0,0.0,0.0,-0.000691963115303,0.0,-0.0006075421884091,0.0,0.0,0.0,0.0006388718221296,0.2583319137023528,0.0011303502311502,0.0,0.0,0.0,-0.0021029946277139,-0.0260377419436283,0.1200585822094225,-0.005700213917447,0.0,0.0079377412802987,0.572973392700892,-0.001079105642656,0.0,-0.0001856913628993,0.0,0.0,-0.0013778754066256,-0.0001284626371136,0.0019672411444585,-0.3967487268333032
0.0212072102405892,-0.2934923276654947,0.0293550078281638,0.1533303523801163,0.0013732166529214,0.0384323386111132,0.2599277091873186,0.0663925844961039,1.285702866780012,0.0691620318673876,-0.0021531144874562,-0.0389054745159785,-0.0537788220669858,0.0210754476696064,0.0051186398779011,0.1247603237508902,0.061323841213891,0.0,0.0004016098833769,-0.0045973425575743,0.1067632203636029,-0.6019127277481929,0.016215129315349,3.19099294321702,-0.1245911375842172,0.0643933920639509,-0.2879713540094287,0.3395533126674426,-0.0686877385756698,0.1673187496378385,0.0,-0.0015136096982954,-0.0276421108846414,-0.3354640674148057,0.0081536572054747,0.6923515045636157,0.1794214653696271,-0.0606154413182631,-0.0200204100827041,-0.1770333162147291,-0.0133057082515793,-0.0211914055973987,0.1574858444924144,-0.0211184967343116,-0.0097240920806894,-0.0091082892312766,-0.1150741769877079,0.0,-0.0054875180180126,-0.0010285325604628,-0.0262095452824886,0.0,-0.0644335892376603,0.0002925532792063,-0.0021711564033727,-0.1728295144807892,-0.0033379954993051,-0.0636885205619402,-0.0379478353887147,-0.0279405578196692,0.0014541944636801,6.592150001749553e-06,0.0002040390807163,0.0010426096086425,0.010837268066684,0.0,0.0,0.0,0.0208493776492797,0.0058624396771859,-0.1678183105258966,-0.0154637083297303,0.4134181903690685,0.0,0.0,-0.022980868312571,-0.1111756704305839,-0.0003358462538774,0.0034933204659273,0.0,0.0,-0.0053184056418377,-0.0312366386587265,4.004959748258942e-05,0.1249167906506951
0.0,0.0256601565091741,-0.000350622135378,0.0,0.0,-0.0001265530531708,0.0,-0.0001988229333932,-0.0862482162207185,0.0,-0.0317286446252007,0.0,-0.488433761699398,-5.869876949420371e-05,0.0,-9.341909018390203e-05,0.000900203923834,-0.0018260703058224,-0.0016141985489064,0.0,5.59535899364275e-05,-0.0661709639412757,0.0,-0.1245911375842172,-0.3809141182126724,-0.0265492329834515,-0.3468275907675908,-1.0733632184839571e-05,0.0034240127721417,0.0,-0.0264646399097858,-0.0021623816390041,0.0,0.0035365499310697,0.0,0.0055546596564971,0.0442490482766237,-0.0017146446065361,0.0118549234155439,-0.0061261864233517,-0.0083318379831304,0.0971294908693462,-0.0011706760142225,0.0201695015660435,0.0171734850322938,0.0011420799509782,-0.0007235696050599,0.0,0.0234563509368194,0.0,-0.059543601817574,-0.0010701320462574,0.0,0.0,0.0,0.0,0.0,0.007856846004634,0.0,0.0815668680749061,0.0,-0.0640281919085474,0.0004665595466699,0.0,-0.0001224383909344,-0.0002301641179972,0.0048497464935605,0.0060226014816542,0.0,0.0,0.0191310521868899,0.0,-0.0005927943375823,-0.709765084938093,0.0014996389226734,-0.4450246775997994,0.0,-0.0009855601450544,0.0,-0.0452011182233759,-0.0014615423289691,0.0,0.0078074331669897,0.0,6.455919180706606e-05
0.0017287845513909,-0.0299795388218017,-0.0270118485310805,0.0,-0.0003313255979044,-0.0077992266348468,0.4754507701959229,-0.0042329466039175,0.0022102530177,0.0,-0.1711142890368626,0.0,-0.0548966413295358,-0.0182879224636397,0.0,0.0248804906694464,0.2446101946327999,-0.0222725018751074,-0.2845445811323303,0.0,0.1247157662840683,0.0106193987144298,0.3760885328207837,0.0643933920639509,-0.0265492329834515,-2.7350296696730383,-0.2196431035763858,0.1661493590477515,-0.2100227225597287,0.1633969313576932,-0.1682133218397548,-0.0152015262758587,-0.0002764741812985,-0.197467996881436,-0.000567441996298,-0.1948615136896104,-0.3919063187202756,-0.5833850425586309,-0.1624635569159873,-0.0087423427159868,-0.003896684401953,-0.0056380086465768,0.0270235377197813,0.2140879231065752,0.0543503864353975,0.0262504664211945,-0.0002977603998563,0.0,0.001832548702544,0.0,0.0278774372741097,0.1360776066332997,0.0,0.0,0.0,0.0,0.0,0.0,0.0,0.0536853029570268,0.0,0.1867709740573239,0.0,0.0002297464701017,0.0007713338712886,0.1415225359662233,0.0344859313898134,0.1913624155814634,0.0,0.0,0.0145427569378687,0.0041687764064149,0.0,0.0019152400482888,1.2676479617962446,1.3101938442041916,0.0,2.639897730930384e-05,0.0,-0.034975106480515,0.0,0.0,0.0056270917529298,-0.0001249193071882,-0.0259380853380193
0.0005940824432821,-0.4329143009496232,-0.2517762151827223,0.0003931684831404,0.0,0.0,0.0388157978867699,-0.0014244830677214,0.0911895311641727,0.0007296246151428,-0.1180177773543769,-0.0011776463585202,-0.3482022400762523,-0.0043487904541672,0.0,0.1406301509669902,-0.0839179251098053,-0.0199741930495291,-0.2555742896652198,0.0001438369732939,-0.0111595169071736,-0.0140250260870726,0.1927153519819902,-0.2879713540094287,-0.3468275907675908,-0.2196431035763858,0.1619443420331737,-0.0485821272664823,-0.0831496669504305,0.0328795158254571,-0.3857167690144532,-0.003382661120654,-0.0003966804609462,-0.444271871814497,-0.0271908537617116,-0.593847498100107,-0.1803698175721283,-0.6897078253312211,-0.4539902895422701,-0.0355045609386868,-0.0027638010532385,-0.0041350616061286,0.0562052416489606,0.312371725934646,0.0768657810052693,0.0633431393818524,-0.000321918184905,0.0,-0.0016298874842457,0.0,-0.4701965919745528,0.2621237626806352,0.0,0.0,0.0,0.0001463951266709,0.0,0.000647583890703,0.0,0.0362600332742599,0.0,0.0373629879569786,0.0,-0.0003402833883774,0.1350448851456933,0.3604793927604693,0.0298725116423958,0.2284862102458942,0.0,-0.0001511442177748,-0.0749799058425501,0.2022703923392851,-0.0239077542422998,-0.2098245635955754,0.8554925335287067,-0.1201525386376823,-0.0001282973894736,0.0,0.0002892339951358,-0.1416243222535861,0.0,0.0,0.0163031448425576,-0.0016661510373653,-0.3804417173737649
0.0177563126994346,-0.0008170667459704,0.1782597339937014,0.1381393650966675,0.0013840423003764,0.0283767814737916,-0.2053625899918111,0.0096115351201031,0.3323553973974875,-0.6369242939408283,-0.0017385887685512,0.1171724396220075,-0.0555974716592824,0.0343066897242749,0.007682989299982,0.0863556639153375,0.0414233327927675,0.0,-0.0006980832832964,-0.0619009935211217,-0.4927604597736285,-0.0309087481753185,-1.0886995583680157,0.3395533126674426,-1.0733632184839571e-05,0.1661493590477515,-0.0485821272664823,-0.6950409848841145,-0.3951088102495984,0.8014585408516526,0.0,-0.0026370744771329,-0.1257226232215038,-1.2087614456710696,-0.010666279126651,0.8932567318579294,0.2098993333662882,-0.5241897535940441,-0.1447455036923419,0.0372163662106831,-0.0188712894007332,-0.0120322561368005,0.0137299593504001,-0.0200400636786559,0.0004322230727615,0.0002035004642818,-0.0283594375914601,0.0,-0.0047758234049151,0.0,0.0,0.0,-0.0020564467781026,0.0,0.000321789583848,-0.0122541564640901,0.0,-0.2109793057402786,0.0,-0.0330566406110047,-0.0021772888954521,0.0,0.0,0.0,0.0044739073252152,0.0,0.0,0.0,-0.0146027146319382,-0.0029174016144407,-0.0439623129269389,-0.0012755416995668,-0.1705635690872053,0.0,0.0,0.0009651633971353,-0.0292146021897976,-0.0002508730794749,-0.0013585199405112,0.0,0.0,-0.002800395060328,-0.001951755499316,0.0,0.0422355603303495
0.359404999473454,0.0007780327596273,-0.0052841541926786,-0.0436558162971285,-0.0101657139689878,-0.0571705379339165,-0.7682545499343402,0.0221049287420913,-0.050114391227649,-0.5168274662592042,-0.4116572359357498,-0.0334841683993555,-0.0244998363672945,0.0623865106306602,-0.002425951818724,-0.0019919192938389,0.0351626553682943,-0.1046259091577966,-0.0633463124412499,-0.1433733468407162,-0.0483261975283077,-0.0025927055839854,0.0884582661216224,-0.0686877385756698,0.0034240127721417,-0.2100227225597287,-0.0831496669504305,-0.3951088102495984,3.8112463844534727,-0.4744131288399847,-0.0087050338692945,0.0037195765420994,0.8335813196188765,-1.3949987940121653,-0.0197127986343925,-0.5932474497809304,-0.0884864591993554,-0.6204149088527798,-0.2427190731425175,-0.0810200542667168,-0.0023886291274566,-0.0103445163419971,-0.0166965866621815,-0.0104121303113535,-0.002135904526659,-0.0065641426819054,0.0001378152254737,-0.0023023464197556,-0.0038504920369281,0.0,-8.500135784617344e-05,0.0,0.0,0.0,0.0,-0.000356459948269,0.0,-0.0401505375916733,0.0,-0.0122827614385207,-9.561501891304744e-05,0.0011833069032762,0.0,5.694464033069678e-05,0.0022182452609945,0.0,0.0,0.0,0.0,0.0003711501664007,-0.0026886895647496,0.0,0.0012705557626749,0.0003778095195586,0.0,-0.0001495393967414,-0.0041409023060585,0.0003802954408445,0.0,0.000438318694689,0.0,-0.0003000674702282,0.0004257773937351,-0.0008676971965397,-0.0430422967726347
0.0278413462201491,0.0001370422681055,0.0860285610339172,-0.0001084124619451,0.0029386902315895,0.0012103208562359,0.3847965841636475,-0.1054025859180833,0.001636919305947,0.0022447800811206,0.001031113164646,0.0,-0.0096502615314863,-0.1198371177881882,0.0,0.0161987930418159,0.4539295801361095,0.0060530231932269,0.0647440775211147,-9.127679511255265e-05,1.2407507106646998,-5.7652203878477065e-05,0.4425737054011948,0.1673187496378385,0.0,0.1633969313576932,0.0328795158254571,0.8014585408516526,-0.4744131288399847,1.6949037664201752,0.0,-0.0013517003847565,-0.3044797501896549,-0.1293626576247413,0.0083258467938319,0.3633151280211696,0.077413104825575,0.1333580248639188,0.0274985240384852,0.0068352054367492,-0.0038911225449771,-0.0018650080348033,0.0167962832891782,-0.0030763541811116,0.0,0.0,0.0028838678038467,0.0,-0.0008775858658221,0.0,0.0,0.0,0.0,0.0,0.0,-0.0031267216298976,0.0,0.0011402053157423,0.0,-0.0045474120514151,0.0,0.0,0.0,0.0,0.0477611641075383,0.0,0.0,0.0,0.0,0.008574704641526,0.0077824668328294,0.0099588636269092,0.0288758548317118,0.0,0.0,0.0016895849374317,0.0033955537923199,0.0,0.0056892041517325,0.0,0.0,0.0007971424108942,0.000491153862802,0.0,0.2003083830175755
0.0,-0.0045435631088627,-0.0003816380032889,0.0,0.0,0.0,0.0,-0.0012686438050831,0.0,0.0,-0.0816320513495978,0.0,-0.150011786625789,-0.0008507550174301,0.0,0.0,-5.855409798169322e-05,-0.002650458818765,-0.002813825183688,0.0,0.0,0.000964681959503,0.0,0.0,-0.0264646399097858,-0.1682133218397548,-0.3857167690144532,0.0,-0.0087050338692945,0.0,-0.2382364064177876,-0.0004162182023063,0.0,-0.0049468405288141,0.0,-0.0095963032471896,-0.096734375886839,-0.0444727795755159,-0.0206031107514458,-0.0007364206006882,-0.0016811958608772,-0.0042717352421503,-0.0003845896045661,0.033589350896911,0.0055959507417769,-0.0004734253909172,0.0,0.0,-0.0005386252764556,0.0,0.0171924527533402,0.0,0.0,0.0,0.0,0.0,0.0,0.0,0.0,0.0290808630343697,0.0,-0.0092178423101055,0.0,0.0,0.0,0.0,0.0011050599869228,0.0,0.0,0.0,0.0100903199133894,0.0,0.0,-0.0569035335424925,0.0079491164462219,-0.1679810202928811,0.0,0.0,0.0,-0.1078525557150442,0.0,0.0,-0.0001728867500756,0.0,-0.0006003657206569
-0.0003210093891369,0.0003224079604468,0.0,0.0,-0.2824645495798512,-0.003327062454551,-0.0079496126240361,-0.2135538538284766,-0.0004130457768517,-0.0008931398780816,-0.0549297951682359,0.0,-0.0146241272743226,-0.0058439461348726,-0.1772003770916938,0.0,-0.002303056533625,-0.0042571711528927,-0.0016746861982938,0.0005066158805764,-0.0028673011621883,-0.0005787360837347,-0.0018009682948657,-0.0015136096982954,-0.0021623816390041,-0.0152015262758587,-0.003382661120654,-0.0026370744771329,0.0037195765420994,-0.0013517003847565,-0.0004162182023063,-0.1243257073662157,-0.0005520420360889,-0.0933156448083323,-0.001822642696479,-0.0782455488863486,-0.0201841720382791,-0.1583406324780003,-0.1560380177379654,-0.0275511426161014,-0.5074421597752795,-0.0080136416357873,-0.0028102898663867,-0.0015278848648399,3.771230621563483e-06,-0.0006115551266939,0.0,-0.0007942358713389,-0.0017633611322565,0.0,0.0,0.0,0.0,0.0,0.0,0.0,0.0,0.0,0.0,-0.0036433928080413,0.0,-0.0011827145256158,0.0,0.0,0.0,0.0,0.0,0.0,0.0,0.0,0.0,0.0,0.0,0.0002566471208161,0.0,0.0,0.0,0.0,0.0,0.0,0.0,0.0,5.348431225282106e-06,0.0,-0.0165774099974485
-0.0019615302581316,0.0,-0.0024789568160144,0.0005713592484189,0.0,0.000231499307996,-0.1043083371614131,-0.0024364842810435,-0.0054212037402167,-0.0005447802027132,-0.0018827147224315,0.0,-0.0003468534127285,-0.0015934124056457,0.0,-0.000343289384044,-0.0031389581198767,0.0,0.0008071152146126,0.0009303499969826,-0.026476243022327,-0.0023031341885269,0.0019836378540537,-0.0276421108846414,0.0,-0.0002764741812985,-0.0003966804609462,-0.1257226232215038,0.8335813196188765,-0.3044797501896549,0.0,-0.0005520420360889,0.0421773656814836,-0.2313043692255969,-0.0023935378383324,0.0047910791302757,0.001245051053446,-0.0655903129293857,-0.0031327765511246,0.0011738017866671,-0.0026265601268771,0.0,0.0026554392285312,0.0008934519069134,0.0,0.0,-0.0005875921928654,0.0,-0.0001577051356904,0.0,0.0,0.0,0.0,0.0,0.0,0.0,0.0,-0.0045523029155609,0.0,0.0,0.0,0.0,0.0,0.0,-0.0002805264224916,0.0,0.0,0.0,0.0,-0.0005501297604864,-0.0026177666388456,0.0,-0.002219959110354,0.0,0.0,0.0,0.0007294326270588,0.0,0.0002340586128629,0.0,0.0,0.0,0.0,0.0,-0.0006898843174193
-0.0085593273263331,0.0018837680203142,-0.0839035066434172,-0.044547967978339,-0.0032292812768461,-0.0345912592367003,-1.132678614244112,-0.0273302563875084,-0.0653239188035974,-0.3994549353044429,-0.4759170980656567,-0.0188830124836455,-0.0349802601395357,-0.1115557636970867,-0.000540830664446,0.0005530768256935,-0.2509018281372283,-0.135423652198329,-0.1927792734405073,-0.1130062489849821,-0.1622512082552682,-0.0063105436677198,-0.3423452997022666,-0.3354640674148057,0.0035365499310697,-0.197467996881436,-0.444271871814497,-1.2087614456710696,-1.3949987940121653,-0.1293626576247413,-0.0049468405288141,-0.0933156448083323,-0.2313043692255969,-2.268913967667591,-0.0141780291832268,-0.3073528610529218,-0.0943337866757015,-1.1423908329281058,-0.1148094885757957,-0.0252333987472266,-0.1014919449050914,-0.0222557110879304,-0.0140185461345975,-0.0059393150352819,0.0005330267261304,-0.0021064938523529,-0.0027463490724831,-0.0017160016895679,-0.0019200424021679,0.0,0.0007934427608182,0.0026225852855798,0.0,0.0,0.0,-0.0016733566878009,0.0,-0.0650026283964843,0.0,-0.0045769360564159,0.0,0.0065128908316864,0.0,0.0,0.0034213860593863,0.0008653532618617,0.0002141263469386,0.000752172617255,0.0,-0.0015759899398742,-0.0044559062854378,0.0036805731264242,-0.0143368378422346,0.0003848510821581,0.0077540960090197,0.0145627335332816,-0.0037606177357778,0.0001454218058961,-0.0008690333322568,1.7792479604433782e-05,0.0,0.0,-0.0006561482104121,-0.0016169301223323,-0.0644468449222377
0.0,0.0,-0.0033920519347388,0.0,0.0034590224519648,-0.2996112965181998,0.0253093420289713,-0.0010289981567944,-0.0016114414810984,-0.0051921560560973,-0.0001084329060878,-0.4842629405346783,0.0113963623481405,0.0029015616814092,-0.1058335941961408,-0.0023595611884024,0.0005976847153587,0.0002426963192707,-0.0008057973956918,0.0,-0.0047107475863122,-0.0015759437649197,-0.0499122682875902,0.0081536572054747,0.0,-0.000567441996298,-0.0271908537617116,-0.010666279126651,-0.0197127986343925,0.0083258467938319,0.0,-0.001822642696479,-0.0023935378383324,-0.0141780291832268,-6.016491704699991,0.1015219713990779,-0.0521131735359445,-0.0339483936154542,-0.0492426325859696,0.0014985133994548,-0.0069908489325874,-0.0001498661980044,0.0927412682589511,0.0121952798902075,-0.0076055600058548,-0.1293753944897059,0.0057499593787247,0.0035312142714579,0.0006159502099869,0.0,0.0,0.0006440597588585,0.0,0.0,0.001655380928515,0.0,0.0006384458338888,-0.0003444093441528,0.0011024363919199,0.0015098022388696,-0.0022651754789229,0.0,0.0,-0.0075608611516021,0.0,-9.750626839239868e-05,0.0001358278411339,-0.0005269397216709,0.0,-0.0014155739069134,0.0013032020738291,-0.0010652914033893,0.0030159026163324,0.0,0.0008699890107092,-0.004648375097025,-0.0001768772270319,0.0002942335981764,0.0,0.0,-0.000908737154354,0.0,-0.0005034981799931,2.7925339164004104,1.7856682772516148
0.0239724597151429,-0.0025923716352747,0.1170579491206628,0.0118358896399612,0.0009091404709804,-0.0091930818435734,1.0185468088436165,0.0591033562096275,0.033344401782014,0.0619615588238926,-0.0685976688600193,-0.0234871675291594,-0.2804551182805849,-0.0502161017850898,0.0005930055736313,0.0856774551015233,0.0517492259260728,-0.0023027182985242,-0.0244669767927484,-0.0285635536444205,0.5747145491190653,0.0232991688313664,0.6407621720689011,0.6923515045636157,0.0055546596564971,-0.1948615136896104,-0.593847498100107,0.8932567318579294,-0.5932474497809304,0.3633151280211696,-0.0095963032471896,-0.0782455488863486,0.0047910791302757,-0.3073528610529218,0.1015219713990779,-0.3977828757342229,-0.0011554607542361,-1.1176794759158846,-0.3432684993595162,-1.3528400286893354,-0.2468786096345588,-0.049326932800029,0.2038485975641462,0.0424870216800276,0.0068416610271109,-0.0031366083383735,0.0108451877973873,-0.0048736814694628,-0.0011865238694632,0.0016542818212343,0.0057542789743435,0.0134377030331616,-0.0172472475137247,-0.0034301425342391,-0.0042671064164672,0.0863005948927407,-0.0001714299339519,0.0402869700927238,-0.0122692593437755,-0.0136714864407406,-0.0098946308831904,0.0014031715569806,0.0,0.0022324213380885,0.14430128084403,0.0129966618369271,0.0002809584572562,0.0033643765495372,0.0038221185325657,0.0502186495764861,0.0269197229912124,0.0350158182247569,0.4983363784062212,0.0017538864262058,0.0530508534149301,0.1510112479594675,0.2957705800114095,0.0128091516351307,0.0664682985539589,0.0001815730196363,-0.0012791671303092,0.0060737070827779,-0.0011795193946088,0.0643803603931011,-0.0355785770283277
0.0002469880407528,0.0140960906129884,0.0767447904362134,0.0019974801048087,-0.000326378208905,-0.0059623442749705,0.1407203891991779,-0.0030409949580992,0.0006369848247126,0.0067700270047259,-0.0113593830754151,-0.0009169130036549,-0.1196038072117133,-0.0074564454268005,-0.0003648166225409,0.1144642077053263,0.1147778356238267,0.1087648467099455,0.0258799541632841,-0.0032872951306667,0.1995761994407927,0.053283993741781,0.9222579021269564,0.1794214653696271,0.0442490482766237,-0.3919063187202756,-0.1803698175721283,0.2098993333662882,-0.0884864591993554,0.077413104825575,-0.096734375886839,-0.0201841720382791,0.001245051053446,-0.0943337866757015,-0.0521131735359445,-0.0011554607542361,-0.1828228057288225,-0.1117451961553079,0.1307836077167075,-0.1351819656531238,-0.1006485410391751,-0.0272715263888916,-0.0096067576190312,0.0611925707639579,0.0328176032528658,-0.0404864802277529,-0.0017876030228371,0.0003068952235936,0.012705569894066,0.0004623351000523,0.0204107873281945,0.0163808956413409,0.0,-0.0002818694978062,-0.0002109624371056,-0.001124793797505,0.0,-0.000146226260879,0.0,0.0688695710050408,-0.0001032283004248,0.1251900922274056,-0.0009260807150049,-0.0026388528099291,0.1442524776545115,0.0115989407121486,0.0051585054348,0.0189970002686593,-0.0002096378807215,0.0162775355961252,0.0146442420108716,0.0854668087252342,0.0335478786128546,0.0248220475883973,0.2465861908285985,0.688804445262551,0.0066551232661037,0.001048445098889,0.0045389947929757,0.055874685726389,-0.0001187320815339,0.001068600789115,0.0191056588709325,-0.0380733072199171,-0.6180234479282827
0.0165946849207771,0.0106414404436075,0.0191509145934465,0.034314082687134,-0.0082888314620422,-0.003665468510589,-0.1051817593115306,0.0399110631094933,-0.034905407432335,0.0611747241463668,-0.3718827387426124,0.0060802661703129,-0.1964451610155643,0.0253771816512868,0.0002911806948835,0.0123861314057566,-0.0310262934648192,-0.0694250199331577,-0.1019374889980627,0.0191969342007013,0.0872871286534167,0.0028216748151353,-0.6180700059080759,-0.0606154413182631,-0.0017146446065361,-0.5833850425586309,-0.6897078253312211,-0.5241897535940441,-0.6204149088527798,0.1333580248639188,-0.0444727795755159,-0.1583406324780003,-0.0655903129293857,-1.1423908329281058,-0.0339483936154542,-1.1176794759158846,-0.1117451961553079,-0.434904934512708,-0.3143756751111993,-0.0584844232033331,-0.1284815907481122,-0.0331113522683121,-0.1339153305212556,-0.0307175047616113,-0.0013488321833599,-0.0464557863397137,-0.0081157774559743,-0.0089714530840273,-0.0141889856242983,0.0,0.0076804696631902,0.0274707959245859,0.0,0.0,-0.0006741081174853,0.0,0.0,-0.0182474097802577,0.0,-0.071254399805775,0.0,0.0373855462485836,0.0001438200459761,0.0,0.0023007458653666,0.0266538559530592,0.0021720849558191,0.0099409569472767,-0.0021893590674927,0.0004693427103265,-0.0012843773336371,0.0081967212282799,-0.0040809107277347,0.0040782362328234,0.0819494186677158,0.217290803025316,-0.0043100873558112,-0.0001707815999081,0.0,0.0030413455441767,-0.0018308235440568,0.0,0.006418989359516,-0.0182899003903096,-0.1907951481861793
0.0133456995657959,0.0006065279086798,0.0374194513117001,0.0152738443076746,-0.0024098200598971,-0.0043985352420428,0.1035098427230083,-0.0355868347126571,-0.003665488862823,0.0258282915120627,-0.0083237856318564,0.0003617446136604,-0.4100957439472211,-0.0076132905912473,1.9235951227638988e-06,0.0019276204609677,0.0275055634683958,0.0419245219292573,0.0173779859522956,0.0078922772269452,-0.0020510097150507,0.0067484687284827,-0.3320192853888298,-0.0200204100827041,0.0118549234155439,-0.1624635569159873,-0.4539902895422701,-0.1447455036923419,-0.2427190731425175,0.0274985240384852,-0.0206031107514458,-0.1560380177379654,-0.0031327765511246,-0.1148094885757957,-0.0492426325859696,-0.3432684993595162,0.1307836077167075,-0.3143756751111993,-0.3162437123544506,-0.0378534398492212,-0.1528546731857967,-0.0151694710861379,-0.0460409323089946,-0.0349189896000102,-0.0142274496307854,-0.1877189513298379,-0.0100078437654477,-0.0059189132046467,-0.0132491075385213,0.0,0.0096251554965503,0.014167107427672,0.0,0.0,-0.0004496411580907,0.0,-0.0008921535874563,-0.0140611709187785,0.0002940715176533,-0.0296510689601295,-0.0006748525827522,0.0135763119763383,-0.0001664468482447,-0.0057935977459471,0.0112112973126123,0.0118474294508725,0.0013968944454162,0.004941530516874,0.0,-0.0002530671261208,-0.0009707535965602,0.0079711754807774,0.0001281459493203,0.0043680140570163,0.0542467500776087,0.1654791001118628,0.0,-0.0005560991383778,-7.106864550103779e-05,-5.6512366018711376e-05,-0.0045848336121367,0.0,0.0026386396866005,-0.2815483378557081,-0.8046742960820501
0.0005651490012798,-0.0018005035439647,-0.0030963130232782,-0.0513373585713145,-0.0221145739071867,-0.1704457322526416,0.0809019220030106,0.0036144890651001,-0.25950979469896,-0.0121185534526417,-0.0140308805570813,-0.4364572650746188,-0.1238668668381957,-0.0127833995254822,-0.1862130736030193,0.0010856175407085,-0.0025108650896682,-0.0018920216219467,-0.0030169914394465,-0.0865368019003447,0.007692295697734,-0.0087041541237054,-0.0176414037442928,-0.1770333162147291,-0.0061261864233517,-0.0087423427159868,-0.0355045609386868,0.0372163662106831,-0.0810200542667168,0.0068352054367492,-0.0007364206006882,-0.0275511426161014,0.0011738017866671,-0.0252333987472266,0.0014985133994548,-1.3528400286893354,-0.1351819656531238,-0.0584844232033331,-0.0378534398492212,-0.3139606834830341,-0.0320981191646419,-0.0291011588442707,0.0880704102812207,-0.0025011613155828,-0.0007491384786754,-0.0032048892399795,-0.076513832952809,-0.0029385873041854,-0.0120359515626465,0.0005613369293989,-0.0001618248923345,0.0,-0.219923508664177,-0.0095166331509755,-0.0286053013247231,0.0556571694697108,-0.0145695468202913,0.0215766989758844,-0.2043342037466854,-0.0576595295613464,-0.0831038338807138,-0.0004711089213008,0.0,-0.0035905342197609,-7.843493865618507e-05,0.0,0.0,0.0,-0.1873777633001469,-0.0004179330659746,-0.0021363499211069,-0.0002923840309701,0.155058082886408,-8.992687477223844e-05,-0.0001285034090029,0.0,-0.0338402239316657,-0.0013141816675908,-0.002977318928938,0.0,-0.0007612685688535,-0.0011106385690821,-0.0042716850415927,-0.0024108022508403,0.002837595900018
-0.0005922945119652,0.0020604036716677,0.0007479802689391,0.0029469834803821,-0.1344654478377195,-0.0053275724755403,-0.0121101478533222,-0.0067188397569378,-0.0065666671926539,-0.0025503969508247,-0.022337203629242,-0.001642137426028,-0.041515896616242,0.0031499461026012,-0.0301356374904153,-0.0001637336677401,-0.0017301379121712,-0.0012802812051404,-0.0003977173838729,0.0033647734685354,-0.006658772876576,0.0006084586580054,-0.0030332501053514,-0.0133057082515793,-0.0083318379831304,-0.003896684401953,-0.0027638010532385,-0.0188712894007332,-0.0023886291274566,-0.0038911225449771,-0.0016811958608772,-0.5074421597752795,-0.0026265601268771,-0.1014919449050914,-0.0069908489325874,-0.2468786096345588,-0.1006485410391751,-0.1284815907481122,-0.1528546731857967,-0.0320981191646419,-0.0317531389880416,-0.0465639440119058,-0.0350701922157585,-0.0175253562146306,-0.0018819976775384,-0.0096666681804766,-0.0009441794909334,-0.0013819405859722,-0.0021270831783906,0.0,0.0,0.0,0.0,0.0,0.0,0.0,0.0,-0.0024772747729271,0.0,-0.0170677603218869,0.0,0.0003979104226395,-0.0004698476033308,0.0,0.0,0.0,0.0,0.0,0.0,0.0,0.0,0.0,0.0,-7.954318952565749e-05,-0.0002614749647905,-0.0001431252153297,0.0002093159623786,0.0,0.0,0.0,0.0,2.1634467360213484e-05,-0.0001013606959808,-0.0028569125137395,-0.0535638222112621
0.0,0.0322668008120657,-0.0001282785068053,0.0,0.0,-0.000894922850873,-0.0015489641768678,-0.0017151529749698,-0.0041100566092386,0.0,-0.050400958014631,-5.860773267874006e-05,-0.1628216568885312,-0.0023400630487352,0.0,0.0,0.0003098661258376,0.0002058621244223,0.0,-0.0008912830111774,0.0001308968369633,0.0008353114432405,0.0,-0.0211914055973987,0.0971294908693462,-0.0056380086465768,-0.0041350616061286,-0.0120322561368005,-0.0103445163419971,-0.0018650080348033,-0.0042717352421503,-0.0080136416357873,0.0,-0.0222557110879304,-0.0001498661980044,-0.049326932800029,-0.0272715263888916,-0.0331113522683121,-0.0151694710861379,-0.0291011588442707,-0.0465639440119058,-0.0310018856750207,-0.0228579665588824,0.0143673319933586,0.0093103775629992,0.0015171548970536,-0.0110673381738222,-0.0013161671189241,0.0237781003143904,0.0,0.0119558327403898,0.0,0.0,0.0,-0.0012967915672084,-0.0103048622599718,0.0,-0.0013940129769432,0.0,0.0451572324355659,-0.0001466982792612,0.0358497171244511,-8.1591205838521e-05,-0.0002219634124142,0.0,0.0,0.0,0.0,-0.0002553042590676,-0.0001491532485391,0.0032187309638344,0.0,-0.0101568273513494,0.0264403517081739,-9.067237721149876e-05,0.0002461718437941,-0.0067438872435987,-0.0016339592397768,-0.0048387821144312,-0.0003471280597073,3.1150076765443426e-05,0.0,0.0083733957035768,0.0004816329469819,0.000554500667427
0.0,-0.0033476477611684,0.0233965525792611,-0.0027462767650464,0.0,0.0015645715801201,0.0113720105754728,-0.0061320151516314,0.0429240556652885,-0.0048433376774199,-0.0031815008846594,-0.0050191971618002,-0.0967570627832172,-0.0051185587855065,-0.0014705785836606,-0.0027287317295101,0.0044444815140256,0.0003025419181848,0.0009052871491548,-0.0035805477131628,0.0013303133188551,-0.0164336006245786,0.0010025160248677,0.1574858444924144,-0.0011706760142225,0.0270235377197813,0.0562052416489606,0.0137299593504001,-0.0166965866621815,0.0167962832891782,-0.0003845896045661,-0.0028102898663867,0.0026554392285312,-0.0140185461345975,0.0927412682589511,0.2038485975641462,-0.0096067576190312,-0.1339153305212556,-0.0460409323089946,0.0880704102812207,-0.0350701922157585,-0.0228579665588824,-0.0064529945260022,-0.512665877012455,-0.142961063230927,-0.3388035014902253,0.4139092009939158,-0.1325538776232864,-0.261731037191395,0.0111878818469075,-0.0100752622660417,0.1087584964692258,0.058277441322008,-0.0446511885611572,-0.0175650913898542,0.6620225752483949,0.0587948292640248,0.1156715072323014,0.1912381958183381,-0.3157652497971706,-0.0938882537309221,-0.0132774784616443,0.0225026872570447,-0.000410703724257,0.0907122047072948,0.1110907924192206,0.0559429650566194,0.0466503029288834,0.0416306263085367,0.3808279224739647,-0.0025460845821564,0.6916196705163518,0.4010432436729134,-0.0029627879618391,-0.0860730626914134,-0.0593469925129071,0.9808416913772448,-0.1411948208206637,0.1964964588469095,-0.0353194522626894,-0.0426626648039515,0.0008243148618844,-0.0655872971761929,0.4361436313656587,0.1354561859607899
0.0,0.0011186922750359,0.0244227638053744,0.0,0.0,0.0,0.0014459555990144,-0.0028284894932961,-0.0039223515688555,0.0,0.0444710788047021,0.0,0.060750705055524,-0.0008901104805644,0.0,-0.0058320537156476,0.0263365979038022,0.005801464640577,0.0250569604623401,-8.945274359307368e-05,-0.0010012694081403,-0.0170343440662826,0.0049748651882014,-0.0211184967343116,0.0201695015660435,0.2140879231065752,0.312371725934646,-0.0200400636786559,-0.0104121303113535,-0.0030763541811116,0.033589350896911,-0.0015278848648399,0.0008934519069134,-0.0059393150352819,0.0121952798902075,0.0424870216800276,0.0611925707639579,-0.0307175047616113,-0.0349189896000102,-0.0025011613155828,-0.0175253562146306,0.0143673319933586,-0.512665877012455,-0.1343841547539894,0.1659701052494858,0.0275775496092327,-0.0802187567553654,-0.1123345649416659,-0.2052724681929306,0.016087085907209,0.0352587161551848,0.045114613220984,0.0003204680807829,-0.0016806554088659,-0.0036059939132508,0.1967610762062103,0.0447909122693901,0.0123871184230309,0.0033705301263276,0.1863175625445617,-0.0002467523657945,0.0918718326408343,0.1042841769394187,-0.0013902413402344,0.0175210696180943,0.4063198764892592,0.1090585071382246,0.1767139999079168,0.0003974513155851,0.1500284833741841,0.0122472465018256,0.301769371011079,0.0146623423991978,0.0496462942121248,-0.02461896883249,-0.6163228456694506,0.0469741359275207,-0.0333359330812096,0.0938326563840304,-0.1681849738462723,-0.0391468894000459,0.0006993676883538,0.0560454168540403,-0.0125656593985826,-0.1664231147299118
0.0,0.0037758886983257,0.0276972945383281,-4.759247182792882e-05,0.0,-0.0003300507052398,0.0,0.0,-0.0083967968975096,0.0,0.029929767978998,0.0,0.0175277487577217,-0.0004909950777434,0.0,-0.0004509425828294,0.0174175995210101,0.0008949468609452,0.0039059291711553,0.0,9.83754105051203e-05,-0.0010193863875867,0.0011618168595671,-0.0097240920806894,0.0171734850322938,0.0543503864353975,0.0768657810052693,0.0004322230727615,-0.002135904526659,0.0,0.0055959507417769,3.771230621563483e-06,0.0,0.0005330267261304,-0.0076055600058548,0.0068416610271109,0.0328176032528658,-0.0013488321833599,-0.0142274496307854,-0.0007491384786754,-0.0018819976775384,0.0093103775629992,-0.142961063230927,0.1659701052494858,0.1735361782929624,-0.2751843196848703,0.057535584043294,-0.105441890163272,-0.0590183872460666,-0.0171037182081437,0.0206603185329493,0.026829248609442,0.0332114861944354,0.0006173699713618,-0.0202875694578173,-0.2851721008762077,-0.0583991373674549,0.0239944540963767,0.0833542161223216,0.1699524763884031,-0.0080062308805579,0.0729755422462956,-0.0261896562691393,0.0002756272500549,0.0195680780809985,0.055588739586348,0.195068800059094,0.0631308029007393,-0.0118502630258599,0.1148467785271556,0.0092028706739754,-0.0982825747927228,0.0602584061226522,0.005745311965139,-0.2703629595121319,-0.3423162471821852,-0.0797345492977552,-0.3427897030250371,-0.1319261303570233,-0.1051617767197867,-0.103584313144894,-0.0503708941955714,-0.1926069719764474,-0.0165477473176723,-0.0592725597012924
0.0,-0.000752557353635,0.0265146484163979,0.0,0.0,-0.0003240676466502,0.0,-0.0032168109769906,-0.0002946662273926,0.0007490102018646,0.0044219875654286,-0.0005348748259146,-0.0049062587995625,-0.0024905048644015,-3.2412088954973894e-05,1.0456583497357998e-05,0.0154204288593771,0.0005632867801551,0.0031713376709269,0.0,0.0,-0.0009921502002512,0.004807188346144,-0.0091082892312766,0.0011420799509782,0.0262504664211945,0.0633431393818524,0.0002035004642818,-0.0065641426819054,0.0,-0.0004734253909172,-0.0006115551266939,0.0,-0.0021064938523529,-0.1293753944897059,-0.0031366083383735,-0.0404864802277529,-0.0464557863397137,-0.1877189513298379,-0.0032048892399795,-0.0096666681804766,0.0015171548970536,-0.3388035014902253,0.0275775496092327,-0.2751843196848703,-0.4949027130189392,-0.2469991612866913,-0.781135295521079,-0.1187701640558372,-0.0008125697593902,0.0072766686248178,0.0434825541443243,0.0132320492201902,-0.0043126589287745,-0.0260661692092815,-0.0352991672822044,-0.0490436551089318,0.0153287700928114,0.0659053730741191,-0.0509010389385561,0.0042213841183712,0.0166559558880517,-0.0045264258909401,-0.0032681425803589,0.0587940357703534,0.0671829599733692,0.1173875589473616,0.0230363962139605,0.0226062398781464,0.1783828087772994,0.005956333030339,0.5561745364784145,0.0460343782865408,0.0055613497038313,-0.1174470845958235,-0.4440141287252366,0.0043304298249859,-0.0959751696529805,0.0031299508266747,-0.0496587673187168,-0.0859436820179069,-0.0071097717987528,-0.1169301663637335,-0.2584392590370881,-1.389379116660287
0.0,-0.0010178720785471,1.1113566706335452e-05,-0.0194390511350258,0.0,-0.0009547242610358,0.0046498194325255,-0.0004690932734948,-0.0477008029582325,-0.0302361033073011,-0.0003231892385769,-0.0267422653486871,-0.0466463016972794,0.0017474383958744,-0.0007286251382428,-0.0015822253316876,0.0,0.0001748031234442,0.0,-0.0396562766387793,0.0005790532215236,-0.0242547849483491,-0.0003035365966038,-0.1150741769877079,-0.0007235696050599,-0.0002977603998563,-0.000321918184905,-0.0283594375914601,0.0001378152254737,0.0028838678038467,0.0,0.0,-0.0005875921928654,-0.0027463490724831,0.0057499593787247,0.0108451877973873,-0.0017876030228371,-0.0081157774559743,-0.0100078437654477,-0.076513832952809,-0.0009441794909334,-0.0110673381738222,0.4139092009939158,-0.0802187567553654,0.057535584043294,-0.2469991612866913,0.0356115735590939,-0.0179661530597292,-0.0462269114033342,-0.0009065421651076,-0.0261703342171541,-0.005858131688213,0.0218034352535719,-0.5838784378853346,-0.0970239381098428,-0.0944169207325324,0.4513228357623366,0.0231975078649302,0.1253021110387361,-0.0456348867628376,-0.2436644631176551,-0.0007193873000642,0.119087182728864,-0.0422560253606025,-0.0086045937806873,-0.0046298038981859,0.0085597088054412,-0.000896513202157,0.1862035476512133,-0.0523991554900473,-0.0783410168848798,-0.2023309486335454,-0.0335759896015271,-0.0091124905407927,0.0041100810821671,-0.0909362513380889,-0.185572484661512,0.0923040533182039,-0.0215388844240133,-0.0002400099036326,0.1382171406057898,-0.0012557026315801,-0.0266408502002487,0.0079248530815685,-0.0041681548011234
0.0,0.0,0.0,0.0,0.0,0.0,0.0,-0.0001796104484498,-0.0020803341126674,0.0,-0.0017549046046846,0.0,-0.0068372883786457,0.0,0.0,0.0,0.0,0.0,0.0,0.0,0.0,-0.0010213957874165,0.0,0.0,0.0,0.0,0.0,0.0,-0.0023023464197556,0.0,0.0,-0.0007942358713389,0.0,-0.0017160016895679,0.0035312142714579,-0.0048736814694628,0.0003068952235936,-0.0089714530840273,-0.0059189132046467,-0.0029385873041854,-0.0013819405859722,-0.0013161671189241,-0.1325538776232864,-0.1123345649416659,-0.105441890163272,-0.781135295521079,-0.0179661530597292,-0.0153625770793164,-0.0369917254066406,-0.0004228187172381,7.604752172267472e-05,-0.0096574351968985,0.0067216746898362,0.0116403729815885,-0.0039667712432096,0.0196803808727192,0.0146491459856011,0.0129455187905561,0.0413169031816657,-0.0842863253346588,-0.0009738681289874,-0.0045333007482284,0.0149136723304879,-0.0048880627832704,-0.005173205741979,-0.0020161469970866,-0.0005937651662336,-0.001152655327083,0.038249518285791,-0.0342681056177317,-0.0012095172555172,-0.1638143570035954,0.0156789223368939,0.000160046218664,-0.0074396844654988,-0.0809190775010471,-0.0045314245044921,0.0656499552200622,-0.0108628017754608,-0.0002836800951842,0.6743098669109426,-0.0003433628268622,0.0022867290192349,0.0248229185899571,-0.0051194505035252
0.0,0.006022249405291,0.0,-0.0014219223661014,0.0,0.0,-0.0005509163029417,-0.0001943932118695,0.000147848930526,0.0,0.007033240411643,0.0,0.0110923966024955,-0.0010900152429136,0.0,0.0,0.0,0.0,0.0,0.0,0.0,0.0,3.589391601515456e-05,-0.0054875180180126,0.0234563509368194,0.001832548702544,-0.0016298874842457,-0.0047758234049151,-0.0038504920369281,-0.0008775858658221,-0.0005386252764556,-0.0017633611322565,-0.0001577051356904,-0.0019200424021679,0.0006159502099869,-0.0011865238694632,0.012705569894066,-0.0141889856242983,-0.0132491075385213,-0.0120359515626465,-0.0021270831783906,0.0237781003143904,-0.261731037191395,-0.2052724681929306,-0.0590183872460666,-0.1187701640558372,-0.0462269114033342,-0.0369917254066406,-0.5649391948980428,0.0,0.0836380857773477,0.0,-0.000903482286363,-0.0003813874523803,-0.0015594798869833,-0.0108200407538076,-0.0066393129291177,0.0057555622566203,-0.0005957682370257,-0.0357539653964986,-0.0024598983401224,-0.1069024923718063,-0.0030170224387404,0.0,-0.0002615945534641,0.0,9.276440787630336e-05,-0.0002616759309626,-0.0054420055462868,-0.0006905441253121,0.0252513758715685,0.0,-0.0155168600409534,0.1029338558461882,0.0021902011537488,-0.0045516690655562,-0.0373872666324926,-0.0168398479864411,-0.0022369737863037,-0.0013882729883448,-0.0193827770905314,0.0,-0.0062883981894155,0.0008607170453514,-1.1713600008059082e-05
0.0,0.0,0.0,0.0,0.0,0.0,0.0,0.0,-0.0045280526143231,0.0,0.0,0.0,-0.0006819704409135,0.0,0.0,0.0,0.0,0.0,0.0,0.0,0.0,-0.0001845649978875,0.0,-0.0010285325604628,0.0,0.0,0.0,0.0,0.0,0.0,0.0,0.0,0.0,0.0,0.0,0.0016542818212343,0.0004623351000523,0.0,0.0,0.0005613369293989,0.0,0.0,0.0111878818469075,0.016087085907209,-0.0171037182081437,-0.0008125697593902,-0.0009065421651076,-0.0004228187172381,0.0,0.1210693699373642,0.0,0.0069893174442117,-0.0001245902554275,0.0,0.0,-0.1912095001923995,-0.0004545182000703,0.0030397275418053,0.0006781209367759,-0.0059988170027851,0.0,0.0,-0.2485716506266128,0.0,0.0013758032069455,0.0212433903342337,-0.0001162402614601,0.001305304031418,-0.0013072014224152,0.0053173542785204,-0.0002936977043193,0.0072335117610902,0.0112100326077239,0.0,0.012206587088573,0.0133340104263752,0.030082587502949,-0.192819173862379,0.1618986689439763,0.0,-0.0009506243468731,-0.0111177175051426,-0.0607089865360035,0.0,-0.0050043933052256
0.0,-0.4634725045666542,0.0494322973119131,0.0,0.0,0.0,0.0,0.0,-0.0003367988388697,0.0,0.0312759736968143,0.0,0.0704604731600186,0.0,0.0,-0.0018468072454918,0.0236820728538388,0.0048879674787388,0.003539703000737,0.0,-4.926328165277413e-05,-0.0248195825111058,0.0041436394891006,-0.0262095452824886,-0.059543601817574,0.0278774372741097,-0.4701965919745528,0.0,-8.500135784617344e-05,0.0,0.0171924527533402,0.0,0.0,0.0007934427608182,0.0,0.0057542789743435,0.0204107873281945,0.0076804696631902,0.0096251554965503,-0.0001618248923345,0.0,0.0119558327403898,-0.0100752622660417,0.0352587161551848,0.0206603185329493,0.0072766686248178,-0.0261703342171541,7.604752172267472e-05,0.0836380857773477,0.0,-0.1595170531783565,-0.0013506585555265,0.0,-0.0003517297003419,0.0003185462149735,0.0004707106720616,0.0,-0.1120365062721069,-2.4456099926294396e-05,0.0599001847223051,-0.000750316598899,0.0235101608719385,0.0,0.0012306209213495,-0.0453946679401062,0.0006314328506551,-0.0012993854780893,-0.0026923888883059,0.0,-0.000572268750358,0.0647015500643298,-0.0013155568310744,-0.2026871461245363,-0.0252905815813268,-0.0151868218625835,-0.3734118670148627,-0.0112915301475397,0.0002064566748963,0.0,-0.0048450174916952,0.0001107829183048,0.0,0.0058321310681275,0.0,-0.0004681908005289
0.0,-0.0019961597743433,0.1340285180425853,0.0,0.0,0.0,0.0,0.0,0.0,0.0,0.0010089044245443,0.0,0.0,0.0,0.0,0.0009509715273256,0.1079083484138801,0.0,0.0096306949114236,0.0,0.000232971323683,0.0079840406497088,0.0233685549143171,0.0,-0.0010701320462574,0.1360776066332997,0.2621237626806352,0.0,0.0,0.0,0.0,0.0,0.0,0.0026225852855798,0.0006440597588585,0.0134377030331616,0.0163808956413409,0.0274707959245859,0.014167107427672,0.0,0.0,0.0,0.1087584964692258,0.045114613220984,0.026829248609442,0.0434825541443243,-0.005858131688213,-0.0096574351968985,0.0,0.0069893174442117,-0.0013506585555265,-0.6113605999859671,0.0,0.0,0.0,0.1506338431372448,0.0306305746593493,0.0,0.0019463051274554,0.0007621656782458,0.0,0.0,0.0474997881365874,0.0,0.0003997457947185,0.2187811217932133,0.0154290649097387,0.0559878589713023,0.0,0.0137422953391363,0.0007448601157238,-0.6438969579401891,0.0011838947295374,0.0,0.3424574827251149,-1.0917272332843877,-0.0051464234023741,0.0018011259193409,0.0153389257698886,0.0,-0.0001528591838093,-5.932541437278264e-05,-0.0112614138793585,-0.0008712131723435,-0.0418309499107047
0.0,0.0,0.0,-0.0100361493396331,0.0,6.685625419329496e-05,0.0007813270123018,0.0,0.0457989905471558,0.0,0.0,-0.0484498988481483,-0.0024280839998061,0.0,-7.407063381639313e-05,0.0,0.0,0.0,0.0,-0.0217893451038096,0.0,6.865479418294172e-05,0.0,-0.0644335892376603,0.0,0.0,0.0,-0.0020564467781026,0.0,0.0,0.0,0.0,0.0,0.0,0.0,-0.0172472475137247,0.0,0.0,0.0,-0.219923508664177,0.0,0.0,0.058277441322008,0.0003204680807829,0.0332114861944354,0.0132320492201902,0.0218034352535719,0.0067216746898362,-0.000903482286363,-0.0001245902554275,0.0,0.0,-1.2257825270062237,-0.0206807549734957,-0.0405143963228729,-0.0041900208153914,-0.0169253119345027,0.4503128323638394,-0.515356122197722,-0.006408275773116,-0.1136099218302885,0.0,0.0038169765934041,-0.000132973393045,5.660874198540976e-05,0.0,0.0,0.0,0.1604120199709833,0.0,-0.0017716456388709,0.0,-0.1116418010422253,0.0,0.0,0.0,-0.4281686632064255,-0.0177124738864287,0.0004569265434888,0.0,0.0003083574100461,-0.0003428156155634,-0.0232972350276176,0.0,0.0038863424914727
0.0,0.0,0.0,-0.0004383726525931,0.0,0.0,0.0,0.0,-0.0023716712963849,0.0,0.0,-0.0023113618626694,-0.0004743470149379,0.0,0.0,0.0,0.0,0.0,0.0,0.0006200274675068,0.0,-0.0014088475678028,0.0,0.0002925532792063,0.0,0.0,0.0,0.0,0.0,0.0,0.0,0.0,0.0,0.0,0.0,-0.0034301425342391,-0.0002818694978062,0.0,0.0,-0.0095166331509755,0.0,0.0,-0.0446511885611572,-0.0016806554088659,0.0006173699713618,-0.0043126589287745,-0.5838784378853346,0.0116403729815885,-0.0003813874523803,0.0,-0.0003517297003419,0.0,-0.0206807549734957,0.0663383702580283,-0.06967239758349,-0.0017073269172392,0.0082069687095335,0.0456833357329817,-0.0191083195696913,-0.0054192971451512,0.0520077401820462,0.0003594703046322,0.0001554158276744,-0.2310016534278938,0.0,0.0,0.0,0.0,-0.0087830087939551,4.068727764630457e-05,-0.0021537637833267,0.0,0.0390838457804716,0.0,1.6470687627588536e-05,-0.0001671520921845,-0.0056730639502916,-0.0008730817048386,-0.0002880848248035,0.0,0.0383255020060407,0.0,-0.002103055842187,-0.0001832795464344,-0.0007023467080563
0.0,0.0,0.0,0.0009800846079942,0.0,-0.0002543057967363,0.0,0.0,-0.0043756027929819,0.0,0.0,-0.0018383003657616,-0.0048277239533054,0.0,-0.0003466718888613,0.0,0.0,0.0,0.0,-0.0046025569566177,0.0,0.0,0.0,-0.0021711564033727,0.0,0.0,0.0,0.000321789583848,0.0,0.0,0.0,0.0,0.0,0.0,0.001655380928515,-0.0042671064164672,-0.0002109624371056,-0.0006741081174853,-0.0004496411580907,-0.0286053013247231,0.0,-0.0012967915672084,-0.0175650913898542,-0.0036059939132508,-0.0202875694578173,-0.0260661692092815,-0.0970239381098428,-0.0039667712432096,-0.0015594798869833,0.0,0.0003185462149735,0.0,-0.0405143963228729,-0.06967239758349,-1.028297053939742,-0.0157173044932752,-0.8357294887922592,0.0083646095442773,-1.024822528605997,-0.0052001645938587,0.2940573511110183,0.0001467175064411,0.0418891655207717,-0.1095150389247286,9.671679524973286e-05,0.0,0.0001356542945562,-0.0002728568733407,-0.0084306560010157,0.0,0.0004318829467437,0.0,-0.0087347927080938,0.0,-0.0004502725424728,0.0,-0.0854194017007571,-0.0168147627217128,0.0006558650582044,0.0,-0.003600397335708,-0.0002678603506396,-0.0133595627584947,-0.0148107268896871,0.0044358570469104
0.0,0.0,0.0,0.0001601170290599,0.0,0.0,-0.0062716098042325,0.0,-0.0936480968396929,-0.0009502104964002,0.0,-0.0016829868101787,-0.0253382075372244,0.0,0.0,-0.0006353068972211,0.0,0.0,0.0,-0.0045380309501687,0.0,-0.0157603274420044,0.0,-0.1728295144807892,0.0,0.0,0.0001463951266709,-0.0122541564640901,-0.000356459948269,-0.0031267216298976,0.0,0.0,0.0,-0.0016733566878009,0.0,0.0863005948927407,-0.001124793797505,0.0,0.0,0.0556571694697108,0.0,-0.0103048622599718,0.6620225752483949,0.1967610762062103,-0.2851721008762077,-0.0352991672822044,-0.0944169207325324,0.0196803808727192,-0.0108200407538076,-0.1912095001923995,0.0004707106720616,0.1506338431372448,-0.0041900208153914,-0.0017073269172392,-0.0157173044932752,-2.817976536551888,-0.3460537364502911,0.0435811997210847,-0.7413916158698244,-0.0193611969146748,-0.0001092729450197,-0.0004940548317779,0.1136062057898023,0.001983493105117,0.0198241044317075,0.2137312233584699,0.001354408357575,0.0348309114532492,-0.0038308056920499,0.1285033055216898,-0.0009507123794742,0.0134504840210732,0.0563446398852743,0.0,0.1404224469724413,0.2690217282502143,0.4607182784085057,-0.3963845366558411,0.0890227733022226,0.0,-0.0091592304028454,-0.0622962896864354,-0.6780279551932188,0.0406348024890076,0.1390349074228693
0.0,0.0,0.0,-0.0002296998867216,0.0,0.0,0.0,0.0,0.0082606897705708,0.0,0.0,-0.0015094027300583,-0.0008669610494366,0.0,0.0,0.0,0.0,0.0,0.0,0.0,0.0,-0.0021821827327647,0.0,-0.0033379954993051,0.0,0.0,0.0,0.0,0.0,0.0,0.0,0.0,0.0,0.0,0.0006384458338888,-0.0001714299339519,0.0,0.0,-0.0008921535874563,-0.0145695468202913,0.0,0.0,0.0587948292640248,0.0447909122693901,-0.0583991373674549,-0.0490436551089318,0.4513228357623366,0.0146491459856011,-0.0066393129291177,-0.0004545182000703,0.0,0.0306305746593493,-0.0169253119345027,0.0082069687095335,-0.8357294887922592,-0.3460537364502911,0.8185719629263104,0.0317646208807887,0.0079883268860634,-0.0356152597915967,-0.0009891742870573,-0.0005541305790279,-0.0781103353371801,-0.0089217156826271,0.0006462588536653,0.0054513714453718,-0.0008322628268573,-0.0009840851313885,-0.0265788397991914,0.0019362625181018,-6.65485195460058e-05,0.0031521303107892,-0.0069643969410645,-0.0001766052509278,-0.0045527387680135,0.0021213543808351,-0.1386985948539493,-0.2935568755591753,0.014640085385602,-0.0006478304571238,0.0017572520241534,-0.0004515293324268,-0.1429953534950922,0.0083440707464534,0.0023445511148408
0.0006479109481413,-0.001918499446682,0.000425981806063,-0.033613937746655,0.0,0.0069977520533337,-0.0342363819838789,-0.0137600311434189,-0.3390980481834772,-0.0172276589073035,0.0,0.0006743673615973,-0.0022409768613186,-0.0027503329200582,-0.000217425242986,-0.0001841590445275,0.0,0.0,0.0,-0.0200200971513592,0.0015244895367064,-0.0472182022655693,-0.000691963115303,-0.0636885205619402,0.007856846004634,0.0,0.000647583890703,-0.2109793057402786,-0.0401505375916733,0.0011402053157423,0.0,0.0,-0.0045523029155609,-0.0650026283964843,-0.0003444093441528,0.0402869700927238,-0.000146226260879,-0.0182474097802577,-0.0140611709187785,0.0215766989758844,-0.0024772747729271,-0.0013940129769432,0.1156715072323014,0.0123871184230309,0.0239944540963767,0.0153287700928114,0.0231975078649302,0.0129455187905561,0.0057555622566203,0.0030397275418053,-0.1120365062721069,0.0,0.4503128323638394,0.0456833357329817,0.0083646095442773,0.0435811997210847,0.0317646208807887,0.2350029065619849,0.0826013434357515,0.0079077459650353,0.0334782710314273,0.0100238025721483,0.0243692344495865,0.1458148160503835,0.0058502316959361,0.0,0.0,0.0,0.1178566793729068,0.0003670444037889,-0.2749390865222061,0.0020077758560532,1.4979213545201175,-0.0325332550742343,0.0001341527849301,0.073799314952037,0.2812208551502431,-0.0113647773730845,0.0161053842128052,0.0,-0.0007239929307726,-0.00011396907642,-0.0146912762553416,0.0023144160255344,0.0084707465204376
0.0,0.0,0.0,-0.0002628866873002,0.0,0.0,0.0,0.0,0.0237468512076933,0.0,0.0,-0.0226356651338319,-0.000225090809208,0.0,0.0,0.0,0.0,0.0,0.0,-0.0009306306570668,0.0,-0.0008640146236286,0.0,-0.0379478353887147,0.0,0.0,0.0,0.0,0.0,0.0,0.0,0.0,0.0,0.0,0.0011024363919199,-0.0122692593437755,0.0,0.0,0.0002940715176533,-0.2043342037466854,0.0,0.0,0.1912381958183381,0.0033705301263276,0.0833542161223216,0.0659053730741191,0.1253021110387361,0.0413169031816657,-0.0005957682370257,0.0006781209367759,-2.4456099926294396e-05,0.0019463051274554,-0.515356122197722,-0.0191083195696913,-1.024822528605997,-0.7413916158698244,0.0079883268860634,0.0826013434357515,-2.184304936866874,-0.0032395111738821,-0.0487103754123048,0.0,0.0665299849865015,-0.0132238000388874,-0.0005808985943135,-0.0008177517402374,0.0,0.0,-0.2085792991943285,0.000915055307948,-0.0023291524768186,9.360862459667146e-05,-0.1114428953357962,0.0,0.0,0.0017660923051811,-1.1409821369833493,-0.3127712133262056,-9.306694966315282e-05,0.0,-0.0051705955657181,-0.0043877834605273,-0.2883778660410817,0.04159512154342,0.0345788188881192
0.0,0.0203067196253787,0.0,-8.0557429763363e-05,-0.000536304485894,-0.001235612565807,-0.0071421636363462,-0.0050155604463524,-0.00104772152664,0.0,0.2540975277772476,0.0,0.2710729930286323,-0.0030221186869136,0.0,-0.0003411015167837,0.0008109456303102,0.0,0.0006512133547779,-0.0002583686356899,-0.0004425812693417,-9.437848499732187e-06,-0.0006075421884091,-0.0279405578196692,0.0815668680749061,0.0536853029570268,0.0362600332742599,-0.0330566406110047,-0.0122827614385207,-0.0045474120514151,0.0290808630343697,-0.0036433928080413,0.0,-0.0045769360564159,0.0015098022388696,-0.0136714864407406,0.0688695710050408,-0.071254399805775,-0.0296510689601295,-0.0576595295613464,-0.0170677603218869,0.0451572324355659,-0.3157652497971706,0.1863175625445617,0.1699524763884031,-0.0509010389385561,-0.0456348867628376,-0.0842863253346588,-0.0357539653964986,-0.0059988170027851,0.0599001847223051,0.0007621656782458,-0.006408275773116,-0.0054192971451512,-0.0052001645938587,-0.0193611969146748,-0.0356152597915967,0.0079077459650353,-0.0032395111738821,0.1864012535144939,-0.0035098320923739,0.2101256457044392,-0.0699617691698096,0.0010789516693693,-0.0002449985820682,0.0143344835351835,0.1996390708712967,0.0240969668558405,-0.0210260763439279,-0.0026004635803984,0.0245162421377931,0.0016057858748624,-0.0206257386231035,0.0609061754017173,-0.0165561374905715,-0.0506760333093193,-0.038601030033146,-0.7561554304934502,-0.0207666169192266,-0.2513176449435348,-0.1844434221354059,-0.0014886373819473,-0.8282411376381682,0.0083915587840285,0.0130701113959247
0.0,0.0,0.0,0.0061654182654216,-0.000604245451925,-0.001219856336572,0.0,0.0,0.0112156247886105,-0.0008208769645422,0.0,-0.0110014092831723,-0.0058029751531763,0.0,0.0001216818745146,0.0,0.0,0.0,0.0,-0.0100140266548279,0.0,-0.000486905058223,0.0,0.0014541944636801,0.0,0.0,0.0,-0.0021772888954521,-9.561501891304744e-05,0.0,0.0,0.0,0.0,0.0,-0.0022651754789229,-0.0098946308831904,-0.0001032283004248,0.0,-0.0006748525827522,-0.0831038338807138,0.0,-0.0001466982792612,-0.0938882537309221,-0.0002467523657945,-0.0080062308805579,0.0042213841183712,-0.2436644631176551,-0.0009738681289874,-0.0024598983401224,0.0,-0.000750316598899,0.0,-0.1136099218302885,0.0520077401820462,0.2940573511110183,-0.0001092729450197,-0.0009891742870573,0.0334782710314273,-0.0487103754123048,-0.0035098320923739,-0.0586092218145434,-0.0001323754331867,-0.006569934576472,0.0343307571346409,0.0,0.0,0.0,0.0,-0.9852209430613424,0.0,0.0013724132205613,0.0,0.0709915713399501,8.235411157249242e-05,0.0,0.0002879944764917,-0.0152444154219912,-0.0374668598145308,0.0,0.0,0.0025145824268842,0.0,-0.0177683484356385,0.0425454435609596,0.0052570250935828
0.0,0.1042412164278493,0.0,0.0,0.0,0.0,0.0,-8.657964732496865e-05,0.0003886763920162,0.0,0.6241712577862591,0.0,0.4871545074706766,0.0003803138527322,0.0,0.0,0.0,0.0017666868555252,0.0004372235737148,0.0,0.0,0.0107149759033129,0.0,6.592150001749553e-06,-0.0640281919085474,0.1867709740573239,0.0373629879569786,0.0,0.0011833069032762,0.0,-0.0092178423101055,-0.0011827145256158,0.0,0.0065128908316864,0.0,0.0014031715569806,0.1251900922274056,0.0373855462485836,0.0135763119763383,-0.0004711089213008,0.0003979104226395,0.0358497171244511,-0.0132774784616443,0.0918718326408343,0.0729755422462956,0.0166559558880517,-0.0007193873000642,-0.0045333007482284,-0.1069024923718063,0.0,0.0235101608719385,0.0,0.0,0.0003594703046322,0.0001467175064411,-0.0004940548317779,-0.0005541305790279,0.0100238025721483,0.0,0.2101256457044392,-0.0001323754331867,-0.3124192743435436,-0.0032339489031545,0.0,3.534839661669579e-05,-0.0001781364748141,0.0025030122774638,-0.000549916211065,-0.0002190948888498,0.0,0.0172553455590236,0.0,-0.0015654719823787,-0.0492158073888949,-0.0132770681460208,-0.1346686285347877,-0.0008806555156032,-0.0464948569125257,0.0,-0.145995660816601,-0.0293133749471474,0.0,-0.0452456493955272,0.0,-0.0002581712029707
0.0,0.0,0.0,0.0,0.0,0.0,0.0,0.0,0.0060900948917091,0.0,4.824291431784593e-05,0.0,0.0001343210230144,0.0,0.0,0.0,0.0,0.0,0.0,0.0,0.0,0.0005385031748734,0.0,0.0002040390807163,0.0004665595466699,0.0,0.0,0.0,0.0,0.0,0.0,0.0,0.0,0.0,0.0,0.0,-0.0009260807150049,0.0001438200459761,-0.0001664468482447,0.0,-0.0004698476033308,-8.1591205838521e-05,0.0225026872570447,0.1042841769394187,-0.0261896562691393,-0.0045264258909401,0.119087182728864,0.0149136723304879,-0.0030170224387404,-0.2485716506266128,0.0,0.0474997881365874,0.0038169765934041,0.0001554158276744,0.0418891655207717,0.1136062057898023,-0.0781103353371801,0.0243692344495865,0.0665299849865015,-0.0699617691698096,-0.006569934576472,-0.0032339489031545,-0.8191974203009922,0.0001603255552623,0.0038082651922896,0.0244243150514676,-0.0066953395720233,-0.0005591940377976,-0.0001566453051012,0.0085886677935285,-0.0003540323746827,0.0141041298870279,0.0545304323569085,-0.0001765196665419,0.0080130968343812,0.0079252511047707,0.0672357255628584,0.0902349265676572,0.0136344977823674,-0.0042278900271806,-0.032682748696547,-0.0010493545864897,-0.2100053346491856,0.0006055762084797,0.0017892065562387
0.0,0.0,-0.0004795525933397,0.0005816221103618,0.0,-8.429930648489434e-05,0.0,0.0,-0.0002419857574843,0.0,-0.0002878913079814,-0.002243391740196,-0.0005057235735623,0.0,-0.0003741608677952,0.0,0.0,-0.0004137411936356,-5.7528312706310304e-05,-0.0009821798312376,-2.938322145566957e-05,-0.0001004899534218,0.0006388718221296,0.0010426096086425,0.0,0.0002297464701017,-0.0003402833883774,0.0,5.694464033069678e-05,0.0,0.0,0.0,0.0,0.0,-0.0075608611516021,0.0022324213380885,-0.0026388528099291,0.0,-0.0057935977459471,-0.0035905342197609,0.0,-0.0002219634124142,-0.000410703724257,-0.0013902413402344,0.0002756272500549,-0.0032681425803589,-0.0422560253606025,-0.0048880627832704,0.0,0.0,0.0012306209213495,0.0,-0.000132973393045,-0.2310016534278938,-0.1095150389247286,0.001983493105117,-0.0089217156826271,0.1458148160503835,-0.0132238000388874,0.0010789516693693,0.0343307571346409,0.0,0.0001603255552623,0.2040072329703733,0.0,0.0,0.0,0.0,-0.0101917147278133,0.0006053758908001,0.0005532734735185,6.207121072593736e-05,0.1584106687331368,0.0,0.0,1.1381243429664298e-05,0.0034256948773242,-0.0003517232694577,5.096092493453096e-05,0.0,-0.0180429130189846,0.0,-0.0009804849159244,-0.0479192728553271,0.0005260410541818
0.0,-0.021241785592216,0.0095488593839461,0.0,0.0,0.0,0.0023840774380893,0.0,-0.0104963440235715,0.0,0.0,0.0,-1.4370312817720278e-05,0.0002338140979232,0.0,0.2858504963547343,0.0005019876912397,0.0,0.0,0.0,0.0693877964894309,-0.1754390865815191,0.2583319137023528,0.010837268066684,-0.0001224383909344,0.0007713338712886,0.1350448851456933,0.0044739073252152,0.0022182452609945,0.0477611641075383,0.0,0.0,-0.0002805264224916,0.0034213860593863,0.0,0.14430128084403,0.1442524776545115,0.0023007458653666,0.0112112973126123,-7.843493865618507e-05,0.0,0.0,0.0907122047072948,0.0175210696180943,0.0195680780809985,0.0587940357703534,-0.0086045937806873,-0.005173205741979,-0.0002615945534641,0.0013758032069455,-0.0453946679401062,0.0003997457947185,5.660874198540976e-05,0.0,9.671679524973286e-05,0.0198241044317075,0.0006462588536653,0.0058502316959361,-0.0005808985943135,-0.0002449985820682,0.0,3.534839661669579e-05,0.0038082651922896,0.0,1.3060239060591066,0.0041228966225836,0.0,0.001000899881716,0.0,0.0960247648515254,0.1444167279544363,-0.1463044806344145,0.2015651014956865,-5.1414736681103305e-05,0.0047916393659371,0.0847721678410184,0.0589483812466883,0.0056011691245285,0.0451793269171491,0.0,0.0,0.0021963047039263,0.0039307927940757,0.0001822342492243,-0.0022181481066289
0.0,0.007617789115659,0.1191891925153296,0.0,0.0,0.0,0.0,0.0,0.0,0.0,1.2896148999201654e-05,0.0,0.0004313210612229,0.0,0.0,0.0,0.0590181340786897,0.0006484427120155,0.009361260405445,0.0,0.0,0.0095061908285979,0.0011303502311502,0.0,-0.0002301641179972,0.1415225359662233,0.3604793927604693,0.0,0.0,0.0,0.0,0.0,0.0,0.0008653532618617,-9.750626839239868e-05,0.0129966618369271,0.0115989407121486,0.0266538559530592,0.0118474294508725,0.0,0.0,0.0,0.1110907924192206,0.4063198764892592,0.055588739586348,0.0671829599733692,-0.0046298038981859,-0.0020161469970866,0.0,0.0212433903342337,0.0006314328506551,0.2187811217932133,0.0,0.0,0.0,0.2137312233584699,0.0054513714453718,0.0,-0.0008177517402374,0.0143344835351835,0.0,-0.0001781364748141,0.0244243150514676,0.0,0.0041228966225836,0.3836608216042991,0.025356761905331,0.4959996824888917,0.0,0.097013966219161,-0.0001597288148269,-0.0250076521548567,0.0061652597088357,0.0,0.4333725491750078,0.1008851724598709,0.0150170055567637,0.0032004465581534,-0.0681332708896885,-0.001514993290623,-0.0007186656068619,-0.0007428412088272,0.0676998247868094,6.320613292918906e-05,-0.0041500760427251
0.0,0.0007141027656185,0.0,0.0,0.0,0.0,0.0,0.0,0.0,0.0,0.0012756670810246,0.0,0.0003354371507023,0.0,0.0,0.0,0.0005080648477581,0.0041319554869567,0.0025004504534529,0.0,0.0,0.0,0.0,0.0,0.0048497464935605,0.0344859313898134,0.0298725116423958,0.0,0.0,0.0,0.0011050599869228,0.0,0.0,0.0002141263469386,0.0001358278411339,0.0002809584572562,0.0051585054348,0.0021720849558191,0.0013968944454162,0.0,0.0,0.0,0.0559429650566194,0.1090585071382246,0.195068800059094,0.1173875589473616,0.0085597088054412,-0.0005937651662336,9.276440787630336e-05,-0.0001162402614601,-0.0012993854780893,0.0154290649097387,0.0,0.0,0.0001356542945562,0.001354408357575,-0.0008322628268573,0.0,0.0,0.1996390708712967,0.0,0.0025030122774638,-0.0066953395720233,0.0,0.0,0.025356761905331,-0.4463798011919042,-0.2789275972538689,0.0,-0.0007773171824162,0.0,0.024188993130648,0.0,-0.0003913137124051,-0.2574024735169547,-0.0230377508506161,0.0,-0.0383052696309033,-0.0025627669518015,-0.0019994434910927,-0.0051813697400528,-0.0008595306324256,-0.1137533431385452,0.0004355346684541,0.0026215399811234
0.0,0.0031123863013812,0.010963007760863,0.0,0.0,0.0,0.0,0.0,0.0,0.0,0.0005104887964375,0.0,0.0002353847302018,0.0,0.0,0.0,0.0573016273885551,0.0004099176234833,0.03694325874324,0.0,0.0,0.0,0.0,0.0,0.0060226014816542,0.1913624155814634,0.2284862102458942,0.0,0.0,0.0,0.0,0.0,0.0,0.000752172617255,-0.0005269397216709,0.0033643765495372,0.0189970002686593,0.0099409569472767,0.004941530516874,0.0,0.0,0.0,0.0466503029288834,0.1767139999079168,0.0631308029007393,0.0230363962139605,-0.000896513202157,-0.001152655327083,-0.0002616759309626,0.001305304031418,-0.0026923888883059,0.0559878589713023,0.0,0.0,-0.0002728568733407,0.0348309114532492,-0.0009840851313885,0.0,0.0,0.0240969668558405,0.0,-0.000549916211065,-0.0005591940377976,0.0,0.001000899881716,0.4959996824888917,-0.2789275972538689,1.109707637914442,0.0,0.0177909189706901,-0.000879893599236,0.0942509801508406,0.0,0.0002196758467022,0.3086404127803423,0.1772763649410688,0.0076180059098164,-0.0172875364846157,-0.0062107971062056,-0.005242884010663,-0.0020484662835389,-0.000769439575765,-0.1574291376907023,0.0002855055476138,0.0006991419574186
0.0,0.0,0.0,0.0104857091895954,0.0,-0.0016560527787269,-0.0055200616780086,0.0,0.0220967264966065,-0.0020640783587433,0.0,-0.047422672219038,-0.0138412881525556,0.0,-0.0033437544538417,0.0,0.0,0.0,0.0,-0.0350571163155941,0.0,0.0,0.0,0.0208493776492797,0.0,0.0,0.0,-0.0146027146319382,0.0,0.0,0.0,0.0,0.0,0.0,0.0,0.0038221185325657,-0.0002096378807215,-0.0021893590674927,0.0,-0.1873777633001469,0.0,-0.0002553042590676,0.0416306263085367,0.0003974513155851,-0.0118502630258599,0.0226062398781464,0.1862035476512133,0.038249518285791,-0.0054420055462868,-0.0013072014224152,0.0,0.0,0.1604120199709833,-0.0087830087939551,-0.0084306560010157,-0.0038308056920499,-0.0265788397991914,0.1178566793729068,-0.2085792991943285,-0.0210260763439279,-0.9852209430613424,-0.0002190948888498,-0.0001566453051012,-0.0101917147278133,0.0,0.0,0.0,0.0,-0.045792726828692,-0.0001190354180716,0.0002259709632227,0.0,0.0499123154835762,0.0,0.0,0.0,-0.0379724891730883,-0.2698463470803221,0.0002322110909022,0.0,-0.0046802296812912,-0.0002908233588717,-0.1884724710151283,0.0013580406006067,0.0166186665398163
0.0,-0.0005949577419169,0.0001691771847022,0.0,0.0,0.0,0.0,0.0,-0.0106389445853297,0.0,0.0,0.0,0.0,0.0,0.0,0.0010765004840037,0.0,0.0,0.0,0.0,0.0052443496747087,-0.0267419875523886,-0.0021029946277139,0.0058624396771859,0.0,0.0,-0.0001511442177748,-0.0029174016144407,0.0003711501664007,0.008574704641526,0.0,0.0,-0.0005501297604864,-0.0015759899398742,-0.0014155739069134,0.0502186495764861,0.0162775355961252,0.0004693427103265,-0.0002530671261208,-0.0004179330659746,0.0,-0.0001491532485391,0.3808279224739647,0.1500284833741841,0.1148467785271556,0.1783828087772994,-0.0523991554900473,-0.0342681056177317,-0.0006905441253121,0.0053173542785204,-0.000572268750358,0.0137422953391363,0.0,4.068727764630457e-05,0.0,0.1285033055216898,0.0019362625181018,0.0003670444037889,0.000915055307948,-0.0026004635803984,0.0,0.0,0.0085886677935285,0.0006053758908001,0.0960247648515254,0.097013966219161,-0.0007773171824162,0.0177909189706901,-0.0001190354180716,-0.1599912526165847,-0.0064833506235957,-0.8281099470154408,0.0968341970856622,0.0,0.0373239787800865,0.0183879059227503,-0.6849979240372294,0.0252555379248778,0.5035203820629006,0.0,-0.0010756087194785,-5.555642512301026e-05,0.1951193594639937,0.0043255637256398,0.0256742042169624
0.0001764038191713,-0.017034227107823,0.0194555866952896,3.81873321897801e-06,0.0004340501505794,0.0,-0.0017450896770051,0.0010451069024505,-0.2652366133137306,0.0,0.0082636169656914,0.0,0.0406818710376628,-0.0006415593795147,0.0,-0.0535918226053884,-0.0006263362731693,0.0,-0.002356326491037,0.0,0.0050831269443052,-0.7093886744845271,-0.0260377419436283,-0.1678183105258966,0.0191310521868899,0.0145427569378687,-0.0749799058425501,-0.0439623129269389,-0.0026886895647496,0.0077824668328294,0.0100903199133894,0.0,-0.0026177666388456,-0.0044559062854378,0.0013032020738291,0.0269197229912124,0.0146442420108716,-0.0012843773336371,-0.0009707535965602,-0.0021363499211069,0.0,0.0032187309638344,-0.0025460845821564,0.0122472465018256,0.0092028706739754,0.005956333030339,-0.0783410168848798,-0.0012095172555172,0.0252513758715685,-0.0002936977043193,0.0647015500643298,0.0007448601157238,-0.0017716456388709,-0.0021537637833267,0.0004318829467437,-0.0009507123794742,-6.65485195460058e-05,-0.2749390865222061,-0.0023291524768186,0.0245162421377931,0.0013724132205613,0.0172553455590236,-0.0003540323746827,0.0005532734735185,0.1444167279544363,-0.0001597288148269,0.0,-0.000879893599236,0.0002259709632227,-0.0064833506235957,0.128255013049029,-0.0155972604707663,-0.4158622941625824,-0.0156373603508018,0.0019916102486963,0.1536357131051249,-0.0668689737786413,-0.0010158065487789,-0.0021536295796683,0.0002092180794982,0.0002013468538472,-0.0004861250318706,0.0003252009548969,5.375645567629776e-05,7.159262954341125e-05
0.0,-0.0006814524450345,0.033243147138367,0.0,0.0,0.0,0.0,0.0,-0.0033126816578479,0.0,0.0,0.0,-0.0005338502243459,0.0,0.0,0.1478781913935368,0.0004184273503062,0.0,0.0,0.0,0.0082214232304158,-0.0870406676204939,0.1200585822094225,-0.0154637083297303,0.0,0.0041687764064149,0.2022703923392851,-0.0012755416995668,0.0,0.0099588636269092,0.0,0.0,0.0,0.0036805731264242,-0.0010652914033893,0.0350158182247569,0.0854668087252342,0.0081967212282799,0.0079711754807774,-0.0002923840309701,0.0,0.0,0.6916196705163518,0.301769371011079,-0.0982825747927228,0.5561745364784145,-0.2023309486335454,-0.1638143570035954,0.0,0.0072335117610902,-0.0013155568310744,-0.6438969579401891,0.0,0.0,0.0,0.0134504840210732,0.0031521303107892,0.0020077758560532,9.360862459667146e-05,0.0016057858748624,0.0,0.0,0.0141041298870279,6.207121072593736e-05,-0.1463044806344145,-0.0250076521548567,0.024188993130648,0.0942509801508406,0.0,-0.8281099470154408,-0.0155972604707663,-1.3756289395986343,0.0047978262992656,6.179972203049584e-06,0.0816582688123759,-0.8392617840715805,-0.6550712238886014,0.0192444552013647,-0.0178290943325836,-1.1465042382592566e-05,-0.0021689195775245,-0.0003227272333117,0.1865984428015366,0.0073905190415246,-0.4124899210628167
0.0021828051026849,-0.0285034379768174,0.0021280115744298,0.0071632362112924,0.0,0.0003304017236457,-0.0139599731433115,0.0019634643437122,-0.0486806769889978,-0.031735059474189,0.0,-0.0308819852583265,-0.033555874941704,0.0017916230020465,0.0002684873961494,-0.0126279692229271,0.0,0.0,0.0,-0.0509627437567999,0.0116122886649572,-0.1984317729815959,-0.005700213917447,0.4134181903690685,-0.0005927943375823,0.0,-0.0239077542422998,-0.1705635690872053,0.0012705557626749,0.0288758548317118,0.0,0.0,-0.002219959110354,-0.0143368378422346,0.0030159026163324,0.4983363784062212,0.0335478786128546,-0.0040809107277347,0.0001281459493203,0.155058082886408,0.0,-0.0101568273513494,0.4010432436729134,0.0146623423991978,0.0602584061226522,0.0460343782865408,-0.0335759896015271,0.0156789223368939,-0.0155168600409534,0.0112100326077239,-0.2026871461245363,0.0011838947295374,-0.1116418010422253,0.0390838457804716,-0.0087347927080938,0.0563446398852743,-0.0069643969410645,1.4979213545201175,-0.1114428953357962,-0.0206257386231035,0.0709915713399501,-0.0015654719823787,0.0545304323569085,0.1584106687331368,0.2015651014956865,0.0061652597088357,0.0,0.0,0.0499123154835762,0.0968341970856622,-0.4158622941625824,0.0047978262992656,2.767224578133325,-0.0404574019371269,0.0003633902372409,-0.237253700087185,0.1470444357143717,0.0608280526518686,0.1475650255563988,0.0,-0.000368965015872,0.0169478163494457,-0.0785778252043909,0.007776498219307,0.0473594579773216
0.0,-0.0033306055153876,0.0003404985569516,0.0,0.0,6.013372705483234e-05,0.0,0.0,-0.0004272607705124,0.0,0.0034650964689065,0.0,-0.1729644631246687,0.0,0.0,0.0,0.0011268490615532,0.0007913222526017,0.0021500440329052,0.0,0.0,-0.0010980528588609,0.0,0.0,-0.709765084938093,0.0019152400482888,-0.2098245635955754,0.0,0.0003778095195586,0.0,-0.0569035335424925,0.0002566471208161,0.0,0.0003848510821581,0.0,0.0017538864262058,0.0248220475883973,0.0040782362328234,0.0043680140570163,-8.992687477223844e-05,-7.954318952565749e-05,0.0264403517081739,-0.0029627879618391,0.0496462942121248,0.005745311965139,0.0055613497038313,-0.0091124905407927,0.000160046218664,0.1029338558461882,0.0,-0.0252905815813268,0.0,0.0,0.0,0.0,0.0,-0.0001766052509278,-0.0325332550742343,0.0,0.0609061754017173,8.235411157249242e-05,-0.0492158073888949,-0.0001765196665419,0.0,-5.1414736681103305e-05,0.0,-0.0003913137124051,0.0002196758467022,0.0,0.0,-0.0156373603508018,6.179972203049584e-06,-0.0404574019371269,-0.0408189281535886,-0.0142450175708907,0.023156249159313,-0.0004913337571239,-0.0029584291334616,0.0,-0.017811748973292,-0.0022696361572612,0.0,0.0038391368685295,0.0,-0.0010239645162101
0.0,0.0125583406628454,0.1029816276109771,0.0,0.0,0.0,0.0,0.0,0.0,0.0,0.0768193696833634,0.0,0.0307849581783058,0.0,0.0,0.0008464053992833,0.3219001207761959,0.0512151534599789,0.2425213964537056,0.0,0.0,0.0084278704755397,0.0079377412802987,0.0,0.0014996389226734,1.2676479617962446,0.8554925335287067,0.0,0.0,0.0,0.0079491164462219,0.0,0.0,0.0077540960090197,0.0008699890107092,0.0530508534149301,0.2465861908285985,0.0819494186677158,0.0542467500776087,-0.0001285034090029,-0.0002614749647905,-9.067237721149876e-05,-0.0860730626914134,-0.02461896883249,-0.2703629595121319,-0.1174470845958235,0.0041100810821671,-0.0074396844654988,0.0021902011537488,0.012206587088573,-0.0151868218625835,0.3424574827251149,0.0,1.6470687627588536e-05,-0.0004502725424728,0.1404224469724413,-0.0045527387680135,0.0001341527849301,0.0,-0.0165561374905715,0.0,-0.0132770681460208,0.0080130968343812,0.0,0.0047916393659371,0.4333725491750078,-0.2574024735169547,0.3086404127803423,0.0,0.0373239787800865,0.0019916102486963,0.0816582688123759,0.0003633902372409,-0.0142450175708907,-6.853606532331372,-1.4181284675681047,0.018224223443749,-0.1137136897439757,0.0171923217230343,-0.2137543729866005,-0.0200748994112051,-0.0001435894069839,-0.2236102753643174,0.0007360392517463,-0.01125125248071
0.0,-0.7316977714736393,0.9269309757606046,0.0,0.0,0.0,0.0,0.0,-0.0159683890414046,0.0,0.0634281775706837,0.0,-0.2070631000758144,0.0,0.0,0.0834764976225242,0.5359847451120406,0.0502204472972863,0.2088837881554837,0.0,0.0058337447238323,-0.1045699455549909,0.572973392700892,-0.022980868312571,-0.4450246775997994,1.3101938442041916,-0.1201525386376823,0.0009651633971353,-0.0001495393967414,0.0016895849374317,-0.1679810202928811,0.0,0.0,0.0145627335332816,-0.004648375097025,0.1510112479594675,0.688804445262551,0.217290803025316,0.1654791001118628,0.0,-0.0001431252153297,0.0002461718437941,-0.0593469925129071,-0.6163228456694506,-0.3423162471821852,-0.4440141287252366,-0.0909362513380889,-0.0809190775010471,-0.0045516690655562,0.0133340104263752,-0.3734118670148627,-1.0917272332843877,0.0,-0.0001671520921845,0.0,0.2690217282502143,0.0021213543808351,0.073799314952037,0.0017660923051811,-0.0506760333093193,0.0002879944764917,-0.1346686285347877,0.0079252511047707,1.1381243429664298e-05,0.0847721678410184,0.1008851724598709,-0.0230377508506161,0.1772763649410688,0.0,0.0183879059227503,0.1536357131051249,-0.8392617840715805,-0.237253700087185,0.023156249159313,-1.4181284675681047,-0.6620006653090478,-0.2542990746991627,-0.005040017597351,0.0666311564051926,-0.9496890372999,-0.0030441288231902,0.0008571142694655,-0.1726056205662781,-0.0112079553559856,-0.3789550029620847
0.0,-0.00217315673418,0.0,0.001960183295759,0.0,0.0,-0.0048503075778189,0.0,-0.1224560644483959,0.0,-0.000134282466808,-0.0082423186219341,-0.0436379283850673,0.0,0.0,-0.0145559869297699,0.0,0.0,0.0,-0.0080914665175673,-0.0024479158055078,-0.1240479729265661,-0.001079105642656,-0.1111756704305839,0.0,0.0,-0.0001282973894736,-0.0292146021897976,-0.0041409023060585,0.0033955537923199,0.0,0.0,0.0007294326270588,-0.0037606177357778,-0.0001768772270319,0.2957705800114095,0.0066551232661037,-0.0043100873558112,0.0,-0.0338402239316657,0.0002093159623786,-0.0067438872435987,0.9808416913772448,0.0469741359275207,-0.0797345492977552,0.0043304298249859,-0.185572484661512,-0.0045314245044921,-0.0373872666324926,0.030082587502949,-0.0112915301475397,-0.0051464234023741,-0.4281686632064255,-0.0056730639502916,-0.0854194017007571,0.4607182784085057,-0.1386985948539493,0.2812208551502431,-1.1409821369833493,-0.038601030033146,-0.0152444154219912,-0.0008806555156032,0.0672357255628584,0.0034256948773242,0.0589483812466883,0.0150170055567637,0.0,0.0076180059098164,-0.0379724891730883,-0.6849979240372294,-0.0668689737786413,-0.6550712238886014,0.1470444357143717,-0.0004913337571239,0.018224223443749,-0.2542990746991627,-1.5579231615524605,0.102749074814956,-0.0869471996738386,0.0,-0.003197809603386,0.0212211522389654,-0.2416143412242921,0.0186757664031577,0.0741853668268533
0.0,0.0001672747237847,0.0,-0.0011854048192185,0.0,0.0,0.0,0.0,-0.0073809297167576,0.0,0.0006335391159388,0.0,-0.0045789696633859,0.0,0.0,-0.0002119613463148,0.0,0.0,0.0,0.0,0.0,-0.0074686885635682,0.0,-0.0003358462538774,-0.0009855601450544,2.639897730930384e-05,0.0,-0.0002508730794749,0.0003802954408445,0.0,0.0,0.0,0.0,0.0001454218058961,0.0002942335981764,0.0128091516351307,0.001048445098889,-0.0001707815999081,-0.0005560991383778,-0.0013141816675908,0.0,-0.0016339592397768,-0.1411948208206637,-0.0333359330812096,-0.3427897030250371,-0.0959751696529805,0.0923040533182039,0.0656499552200622,-0.0168398479864411,-0.192819173862379,0.0002064566748963,0.0018011259193409,-0.0177124738864287,-0.0008730817048386,-0.0168147627217128,-0.3963845366558411,-0.2935568755591753,-0.0113647773730845,-0.3127712133262056,-0.7561554304934502,-0.0374668598145308,-0.0464948569125257,0.0902349265676572,-0.0003517232694577,0.0056011691245285,0.0032004465581534,-0.0383052696309033,-0.0172875364846157,-0.2698463470803221,0.0252555379248778,-0.0010158065487789,0.0192444552013647,0.0608280526518686,-0.0029584291334616,-0.1137136897439757,-0.005040017597351,0.102749074814956,1.2693197365709203,-0.1869895484939029,-0.0508558076088833,-0.0489666011299495,0.2246825668374117,-0.770049455593465,-0.0035648655537715,-0.0160451949380847
0.0,0.0,0.0,0.0,0.0,0.0,-0.0002633635956175,0.0,-0.0143379726251781,0.0,0.0,0.0,-0.0079878156078633,0.0,0.0,-2.7491366093073603e-05,0.0,0.0,0.0,0.0,0.0014684901514019,-0.0162102294180227,-0.0001856913628993,0.0034933204659273,0.0,0.0,0.0002892339951358,-0.0013585199405112,0.0,0.0056892041517325,0.0,0.0,0.0002340586128629,-0.0008690333322568,0.0,0.0664682985539589,0.0045389947929757,0.0,-7.106864550103779e-05,-0.002977318928938,0.0,-0.0048387821144312,0.1964964588469095,0.0938326563840304,-0.1319261303570233,0.0031299508266747,-0.0215388844240133,-0.0108628017754608,-0.0022369737863037,0.1618986689439763,0.0,0.0153389257698886,0.0004569265434888,-0.0002880848248035,0.0006558650582044,0.0890227733022226,0.014640085385602,0.0161053842128052,-9.306694966315282e-05,-0.0207666169192266,0.0,0.0,0.0136344977823674,5.096092493453096e-05,0.0451793269171491,-0.0681332708896885,-0.0025627669518015,-0.0062107971062056,0.0002322110909022,0.5035203820629006,-0.0021536295796683,-0.0178290943325836,0.1475650255563988,0.0,0.0171923217230343,0.0666311564051926,-0.0869471996738386,-0.1869895484939029,-0.1450670926789781,-0.0001712606415475,-0.0053589037711529,-0.1498656385400106,-0.4924003579355087,0.0015744905908506,-0.0088488589134178
0.0,0.0091707037372157,0.0,0.0,0.0,0.0,0.0,0.0,0.0,0.0,0.0663630870158862,0.0,-0.0621944267827932,0.0,0.0,0.0,0.0,0.0030803729625844,4.268056493097749e-05,0.0,0.0,0.0002567257131223,0.0,0.0,-0.0452011182233759,-0.034975106480515,-0.1416243222535861,0.0,0.000438318694689,0.0,-0.1078525557150442,0.0,0.0,1.7792479604433782e-05,0.0,0.0001815730196363,0.055874685726389,0.0030413455441767,-5.6512366018711376e-05,0.0,0.0,-0.0003471280597073,-0.0353194522626894,-0.1681849738462723,-0.1051617767197867,-0.0496587673187168,-0.0002400099036326,-0.0002836800951842,-0.0013882729883448,0.0,-0.0048450174916952,0.0,0.0,0.0,0.0,0.0,-0.0006478304571238,0.0,0.0,-0.2513176449435348,0.0,-0.145995660816601,-0.0042278900271806,0.0,0.0,-0.001514993290623,-0.0019994434910927,-0.005242884010663,0.0,0.0,0.0002092180794982,-1.1465042382592566e-05,0.0,-0.017811748973292,-0.2137543729866005,-0.9496890372999,0.0,-0.0508558076088833,-0.0001712606415475,-0.1630067379641006,-0.0120852730381897,0.0,-0.0584018172944005,0.0,-0.0016066136423203
0.0,0.0,0.0,0.0,0.0,0.0,0.0,0.0,-0.0007734806476096,0.0,-0.0021847314368832,0.0,-0.0034057192078677,0.0,0.0,0.0,0.0,0.0,0.0,0.0,0.0,0.0,0.0,0.0,-0.0014615423289691,0.0,0.0,0.0,0.0,0.0,0.0,0.0,0.0,0.0,-0.000908737154354,-0.0012791671303092,-0.0001187320815339,-0.0018308235440568,-0.0045848336121367,-0.0007612685688535,0.0,3.1150076765443426e-05,-0.0426626648039515,-0.0391468894000459,-0.103584313144894,-0.0859436820179069,0.1382171406057898,0.6743098669109426,-0.0193827770905314,-0.0009506243468731,0.0001107829183048,-0.0001528591838093,0.0003083574100461,0.0383255020060407,-0.003600397335708,-0.0091592304028454,0.0017572520241534,-0.0007239929307726,-0.0051705955657181,-0.1844434221354059,0.0025145824268842,-0.0293133749471474,-0.032682748696547,-0.0180429130189846,0.0,-0.0007186656068619,-0.0051813697400528,-0.0020484662835389,-0.0046802296812912,-0.0010756087194785,0.0002013468538472,-0.0021689195775245,-0.000368965015872,-0.0022696361572612,-0.0200748994112051,-0.0030441288231902,-0.003197809603386,-0.0489666011299495,-0.0053589037711529,-0.0120852730381897,0.0428218810119082,-0.0008547062449996,-0.1174723462425354,-0.0033691693354234,-0.0140642449903121
0.0,0.0,0.0,0.0,0.0,0.0,0.0,0.0,-0.0071834078215017,0.0,0.0,0.0,-0.0035653714881051,0.0,0.0,-0.0012744848043172,0.0,0.0,0.0,0.0,-0.0008799536824846,-1.7828007433944996e-05,-0.0013778754066256,-0.0053184056418377,0.0,0.0,0.0,-0.002800395060328,-0.0003000674702282,0.0007971424108942,0.0,0.0,0.0,0.0,0.0,0.0060737070827779,0.001068600789115,0.0,0.0,-0.0011106385690821,2.1634467360213484e-05,0.0,0.0008243148618844,0.0006993676883538,-0.0503708941955714,-0.0071097717987528,-0.0012557026315801,-0.0003433628268622,0.0,-0.0111177175051426,0.0,-5.932541437278264e-05,-0.0003428156155634,0.0,-0.0002678603506396,-0.0622962896864354,-0.0004515293324268,-0.00011396907642,-0.0043877834605273,-0.0014886373819473,0.0,0.0,-0.0010493545864897,0.0,0.0021963047039263,-0.0007428412088272,-0.0008595306324256,-0.000769439575765,-0.0002908233588717,-5.555642512301026e-05,-0.0004861250318706,-0.0003227272333117,0.0169478163494457,0.0,-0.0001435894069839,0.0008571142694655,0.0212211522389654,0.2246825668374117,-0.1498656385400106,0.0,-0.0008547062449996,0.1760716253680204,-0.138810897539038,0.0002069569793483,-0.0042761058151666
0.0,0.0023176599602809,0.0047274048028391,-0.000450055445049,0.0,0.0,-0.0005277252955444,0.0,-0.0185792985801946,0.0,0.0212083744034304,0.0,0.011964222309809,0.0,0.0,-0.0013624056298044,0.0012672952087484,0.0,0.0002375286298764,0.0,-0.0021508384886062,-0.0048121112223337,-0.0001284626371136,-0.0312366386587265,0.0078074331669897,0.0056270917529298,0.0163031448425576,-0.001951755499316,0.0004257773937351,0.000491153862802,-0.0001728867500756,5.348431225282106e-06,0.0,-0.0006561482104121,-0.0005034981799931,-0.0011795193946088,0.0191056588709325,0.006418989359516,0.0026386396866005,-0.0042716850415927,-0.0001013606959808,0.0083733957035768,-0.0655872971761929,0.0560454168540403,-0.1926069719764474,-0.1169301663637335,-0.0266408502002487,0.0022867290192349,-0.0062883981894155,-0.0607089865360035,0.0058321310681275,-0.0112614138793585,-0.0232972350276176,-0.002103055842187,-0.0133595627584947,-0.6780279551932188,-0.1429953534950922,-0.0146912762553416,-0.2883778660410817,-0.8282411376381682,-0.0177683484356385,-0.0452456493955272,-0.2100053346491856,-0.0009804849159244,0.0039307927940757,0.0676998247868094,-0.1137533431385452,-0.1574291376907023,-0.1884724710151283,0.1951193594639937,0.0003252009548969,0.1865984428015366,-0.0785778252043909,0.0038391368685295,-0.2236102753643174,-0.1726056205662781,-0.2416143412242921,-0.770049455593465,-0.4924003579355087,-0.0584018172944005,-0.1174723462425354,-0.138810897539038,-0.9397935647134096,-0.0017521172564844,-0.0207541336307083
0.0,0.0,-0.0008008014367843,0.0,-0.0008466841222039,-0.0003792235493352,0.0,0.0,0.0010899131801662,0.0018024055424155,-0.0004670163182028,0.0025388181565844,0.0032873271714199,0.0,-0.0064501267415076,0.0,-0.0014529943535581,-0.0001790325085818,0.0,0.0,0.0003946258952745,-8.419815827829898e-05,0.0019672411444585,4.004959748258942e-05,0.0,-0.0001249193071882,-0.0016661510373653,0.0,-0.0008676971965397,0.0,0.0,0.0,0.0,-0.0016169301223323,2.7925339164004104,0.0643803603931011,-0.0380733072199171,-0.0182899003903096,-0.2815483378557081,-0.0024108022508403,-0.0028569125137395,0.0004816329469819,0.4361436313656587,-0.0125656593985826,-0.0165477473176723,-0.2584392590370881,0.0079248530815685,0.0248229185899571,0.0008607170453514,0.0,0.0,-0.0008712131723435,0.0,-0.0001832795464344,-0.0148107268896871,0.0406348024890076,0.0083440707464534,0.0023144160255344,0.04159512154342,0.0083915587840285,0.0425454435609596,0.0,0.0006055762084797,-0.0479192728553271,0.0001822342492243,6.320613292918906e-05,0.0004355346684541,0.0002855055476138,0.0013580406006067,0.0043255637256398,5.375645567629776e-05,0.0073905190415246,0.007776498219307,0.0,0.0007360392517463,-0.0112079553559856,0.0186757664031577,-0.0035648655537715,0.0015744905908506,0.0,-0.0033691693354234,0.0002069569793483,-0.0017521172564844,3.2806650721792368,0.556196414191624
0.008582907799741,6.39438077310575e-05,-0.0057444997264189,0.0,-9.957301824105952e-05,-0.0074116699571565,0.263195061157903,0.012214406212422,-0.000358489935918,0.0196381675606532,-0.0151773638048117,-0.0012119837130637,-0.0088140666153834,-0.0053611743134163,0.0004023888850281,-0.0088587935003101,-0.0080897529269812,-0.0031986699325216,0.0012489962023805,-0.0001664758578928,0.2045436868253747,-0.0018247128363639,-0.3967487268333032,0.1249167906506951,6.455919180706606e-05,-0.0259380853380193,-0.3804417173737649,0.0422355603303495,-0.0430422967726347,0.2003083830175755,-0.0006003657206569,-0.0165774099974485,-0.0006898843174193,-0.0644468449222377,1.7856682772516148,-0.0355785770283277,-0.6180234479282827,-0.1907951481861793,-0.8046742960820501,0.002837595900018,-0.0535638222112621,0.000554500667427,0.1354561859607899,-0.1664231147299118,-0.0592725597012924,-1.389379116660287,-0.0041681548011234,-0.0051194505035252,-1.1713600008059082e-05,-0.0050043933052256,-0.0004681908005289,-0.0418309499107047,0.0038863424914727,-0.0007023467080563,0.0044358570469104,0.1390349074228693,0.0023445511148408,0.0084707465204376,0.0345788188881192,0.0130701113959247,0.0052570250935828,-0.0002581712029707,0.0017892065562387,0.0005260410541818,-0.0022181481066289,-0.0041500760427251,0.0026215399811234,0.0006991419574186,0.0166186665398163,0.0256742042169624,7.159262954341125e-05,-0.4124899210628167,0.0473594579773216,-0.0010239645162101,-0.01125125248071,-0.3789550029620847,0.0741853668268533,-0.0160451949380847,-0.0088488589134178,-0.0016066136423203,-0.0140642449903121,-0.0042761058151666,-0.0207541336307083,0.556196414191624,0.2018905803111756
