Iteration,Cost_data,Cost_reg,Cost_total,Streamlines,Fixels_excluded,Step_min,Step_mean,Step_mean_abs,Step_var,Step_max,Coeff_min,Coeff_mean,Coeff_mean_abs,Coeff_var,Coeff_max,Coeff_norm,
0,840.483,0,840.483,19997,454,0,0,0,0,0,0,0,0,0,0,0,
1,836.15585577820252,0.53970424149774132,836.69556001970022,19997,454,-0.0066452984203997454,-0.00075115176535504532,0.0011618236470936022,2.6117671856813287e-06,0.003385657465424935,-0.0066452984203997454,-0.00075115176535504532,0.0011618236470936022,2.6117671856813287e-06,0.003385657465424935,0.052232731946440895,
2,832.88131451769391,0.53995952870366892,833.42127404639757,19997,454,-0.0039130104351891891,-0.00079746353246736132,0.0010333795310282668,2.0300446206865961e-06,0.0012367728009490821,-0.010384516661158102,-0.001548615297822406,0.0020947824407100799,8.6336974842753854e-06,0.0042831524905029804,0.17266531598802343,
3,829.64774663079584,0.53746324054396033,830.18520987133979,19997,454,-0.0039021729109419028,-0.00079376024147456551,0.0010294260311806077,2.0167550946268241e-06,0.0012344887873766883,-0.014111422586156015,-0.0023423755392969767,0.0030894392138396372,1.867285228800916e-05,0.0051616390553553123,0.37343837290789517,
4,826.45198313658329,0.53499441389580837,826.98697755047908,19997,454,-0.0038918579876015499,-0.00078995792789256127,0.0010254048007462017,2.0034449094404418e-06,0.0012322119871118393,-0.017829879080160628,-0.0031323334671895272,0.004098176239976316,3.2692499079967367e-05,0.0060370357646568574,0.65381728910026737,
5,823.29355017378293,0.53256290731238531,823.82611308109529,19997,454,-0.0038815329551647321,-0.00078616880319248503,0.0010213961302027149,1.9902088316948897e-06,0.0012299385729764765,-0.021539886610744585,-0.0039185022703820301,0.0051106219205464074,5.0652903752508874e-05,0.00690941218866244,1.0130074221464249,
6,820.17198956189463,0.53016845149207081,820.70215801338668,19997,454,-0.0038711944003977932,-0.00078239323908480343,0.0010174021039194728,1.977046861511341e-06,0.0012276685670955232,-0.025241435684610361,-0.0047008955094668247,0.0061229956588254343,7.2514565235438482e-05,0.0077787767162024492,1.4502187901435342,
7,817.08684889879623,0.52781073533770462,817.61465963413389,19997,454,-0.0038608425017540669,-0.00077863121500286871,0.0010134370523846488,1.9639586999645778e-06,0.0012254020021878894,-0.028934516904174454,-0.0054795267244696763,0.0071338453746628561,9.8238226307276348e-05,0.0086451374905571945,1.9646662879192196,
8,814.03768144428068,0.5254894509742174,814.56317089525487,19997,454,-0.0038504774563456841,-0.00077488270852996827,0.0010094942955887023,1.9509440474383972e-06,0.0012231389103772984,-0.032658210116545669,-0.0062544094329996507,0.0081418073462155328,0.00012778487282460424,0.009849849805061494,2.5555696716192604,
9,811.02404604822777,0.52320429393864532,811.54725034216642,19997,454,-0.0038400994624300838,-0.00077114769710783524,0.0010055627929235597,1.9380026049295276e-06,0.0012208793231588927,-0.036490676779492234,-0.0070255571301074838,0.0091463363530544881,0.00016111573290048046,0.011070729128220387,3.2221535422767089,
10,808.04551367378349,0.52095430078338634,808.56646797456688,19997,454,-0.0038297087193142273,-0.00076742243691693452,0.001001638828010798,1.9251266380276521e-06,0.0012186232714085259,-0.04031274661156508,-0.0077929795670244198,0.010147250703521809,0.00019819219857179641,0.012289352399628913,3.9636457792373565,
11,805.10164804682472,0.51874116434012596,805.62038921116482,19997,454,-0.0038193054273402889,-0.0007637131219225831,0.00099772862125439604,1.9123283447818997e-06,0.0012163707853891181,-0.044124407205062104,-0.0085566926889470065,0.011144399834641359,0.00023897601679916409,0.013505723185018031,4.7792813599664825,
12,802.19202404674911,0.51656259520222625,802.70858664195134,19997,454,-0.0038088897878492491,-0.00076001867191281412,0.00099383111971226303,1.8996052484382417e-06,0.0012141218947715792,-0.04792564635415833,-0.0093167113608598109,0.012137764709140074,0.00028342916336660743,0.014719845079789611,5.6682998381687817,
13,799.31622242674871,0.5144186034146141,799.83064103016329,19997,454,-0.003798462003217133,-0.00075633728424766386,0.00098994454806375907,1.8869534867415e-06,0.0012118766286219656,-0.051716452055988286,-0.010073048645107495,0.013127309062561328,0.00033151381989528331,0.015931721708411575,6.6299448840857709,
14,796.47386530077915,0.51230465954044868,796.98616996031956,19997,454,-0.0037880222767920054,-0.00075264835590638679,0.0009860483298337237,1.8743316341772238e-06,0.0012096350154206456,-0.055496812511561862,-0.010825697001013929,0.014113035735778181,0.00038319180095959776,0.01714135672383222,7.6634528273909952,
15,793.66454606944694,0.51023578324286978,794.17478185268976,19997,454,-0.003777570826017913,-0.00074896196500986013,0.00098215256454039688,1.8617599963752191e-06,0.0012073970674791482,-0.059266716129322897,-0.011574658966023721,0.015094916014815989,0.0004384253293983397,0.018348753791311369,8.7680681626373964,
16,790.88782211815692,0.50819509236382188,791.39601721052077,19997,454,-0.0037671080567475944,-0.00074532329512542843,0.00097830244279482502,1.8493284199514614e-06,0.0012051628220283441,-0.06302615152482495,-0.012319982261149181,0.016072970769953447,0.00049717823181181326,0.019553916613339713,9.9430674580044531,
17,788.14329302869578,0.50618723124992215,788.64948025994568,19997,454,-0.0037566337828795963,-0.00074169571232433483,0.00097446136831729304,1.8369632008315336e-06,0.0012029323129362744,-0.066775107560938837,-0.013061677973473526,0.017047204490602066,0.00055941358974803256,0.020756848926275988,11.187712381370902,
18,785.43058348577165,0.50421101660766698,785.9347945023793,19997,454,-0.003746148393376766,-0.00073806811129758143,0.0009706182749257044,1.82464194223414e-06,0.0012007055654191536,-0.070513573263612642,-0.013799746084771093,0.018017608247554117,0.0006250942834487678,0.02195755449169514,12.501260574691907,
19,782.74928649545177,0.50227528672684174,783.25156178217856,19997,454,-0.0037356520940599164,-0.00073446139250594241,0.00096679408338583761,1.812406320882789e-06,0.0011984826035451189,-0.074241537866952242,-0.014534207477277083,0.018984190785755053,0.00069418415001564024,0.023156037095240257,13.88298881616279,
20,780.09901681793963,0.50036869513954718,780.59938551307914,19997,454,-0.00372514509131528,-0.00073087574671446085,0.00096298901184673348,1.8002563154843675e-06,0.0011962634542623766,-0.077958990814764928,-0.015265083223991468,0.019946980758274457,0.00076664730837488538,0.024352300549502635,15.332179520189333,
21,777.4793935897535,0.49849455704886714,777.97788814680234,19997,454,-0.0037146275989732485,-0.00072730204054753276,0.00095919395415337524,1.7881734242628877e-06,0.0011940481418017514,-0.081665921766560623,-0.015992385264538955,0.020905985912763436,0.00084244779689159022,0.025546348691304385,16.848113490034912,
22,774.89004233689025,0.49665277083544757,775.3866951077257,19997,454,-0.0037053019010025844,-0.00072374138326458638,0.00095541004478287572,1.7761596049306267e-06,0.0011918366903186945,-0.085362320585068638,-0.016716126647803611,0.021861205035374344,0.00092154992112215167,0.026738185381623078,18.430076872521912,
23,772.33059301409526,0.49484327645358628,772.82543629054885,19997,454,-0.0036993530155991407,-0.0007201938792780867,0.00095163741302877153,1.7642148255092922e-06,0.0011896291233140957,-0.089048177348581975,-0.017436320527081627,0.022812660328503594,0.0010039182224090288,0.027927814504937174,20.077360529958167,
24,769.80068056649952,0.49306585944682091,770.29374642594632,19997,454,-0.0036934087485976192,-0.00071665937234048085,0.00094787613431677586,1.7523385339867269e-06,0.0011874254637811875,-0.092723482348850306,-0.018152979899422144,0.023760353980917474,0.0010895174649897738,0.02911523996871836,21.789259782330486,
25,767.2999442567027,0.49132000776952889,767.79126426447226,19997,454,-0.0036874692012719011,-0.00071313817059749543,0.00094412695024875923,1.7405311067606693e-06,0.001185225734209133,-0.09638822608727432,-0.01886611807001963,0.024704302394071901,0.0011783126578705219,0.030300465702927493,23.565074844752566,
26,764.82802778052724,0.48960558896934298,765.31763336949655,19997,454,-0.0036815344299612018,-0.00070963006264535109,0.00094038976964608344,1.7287918820077638e-06,0.0011830299565989022,-0.10004239928307718,-0.019575748132664984,0.025644521002700447,0.0012702690301820163,0.031483495659526392,25.404110334610142,
27,762.38459214417094,0.48791466505895137,762.87250680922989,19997,454,-0.0036756044839874715,-0.00070613173378094381,0.00093666278735331069,1.717113994867843e-06,0.0011808381524318267,-0.10368599287000085,-0.020281879866445925,0.026581034644049595,0.0013653518332282755,0.03266433381195822,27.305671312732283,
28,759.96934804471266,0.48626939666247898,760.45561744137513,19997,454,-0.0036696794303759401,-0.00070259398230574927,0.0009328991877866706,1.7053991367716142e-06,0.0011786503427100472,-0.10731899808413116,-0.020984473848751795,0.027513797245576569,0.0014635235419543687,0.033842984154668264,29.269007315545419,
29,757.58188847481665,0.48464885220065601,758.06653732701727,19997,454,-0.003663759384100062,-0.0006991233608010794,0.00092921136054692889,1.6938605052538835e-06,0.0011764665479842508,-0.1109414065584048,-0.021683597209552739,0.028442864267666217,0.0015647531369195015,0.035019450702652513,31.293497985253108,
30,755.2218644089628,0.48305781551690125,755.70492222447967,19997,454,-0.0036578447468755258,-0.00069566920345710272,0.00092558603056862288,1.682395814847956e-06,0.001174286789039273,-0.1145532096807938,-0.022379266413009895,0.029368254927084891,0.0016690069776239829,0.036193737491691788,33.378470545502033,
31,752.88894157052573,0.48149698396996665,753.37043855449565,19997,454,-0.0036519351794827722,-0.00069222730508866907,0.00092198306479783498,1.67099644363522e-06,0.0011721110855420181,-0.11815439922189934,-0.023071493718098607,0.030289974409465709,0.0017762513888372551,0.037365848577233809,35.523251525356265,
32,750.58278973122515,0.47996612568350105,751.06275585690867,19997,454,-0.003646030750803574,-0.00068879832030182468,0.00091839189690352233,1.6596634650341495e-06,0.0011699394566077762,-0.12174496718682902,-0.023760292038400348,0.031208023306924796,0.0018864529586074428,0.038535788033841584,37.72717271919025,
33,748.30308277979407,0.47846500692595062,748.78154778672001,19997,454,-0.0036401315091405574,-0.0006853822265412711,0.00091481317369381302,1.6483966025434438e-06,0.001167771920871185,-0.12532490580987435,-0.0244456742649416,0.032122430849475532,0.0019995784972633647,0.039703559954712767,39.989570366770032,
34,746.04949866984407,0.47699339646359379,746.5264920663077,19997,454,-0.0036342375149877614,-0.00068197899865400158,0.00091125136814075721,1.637195574994513e-06,0.0011656084965174943,-0.12889420754559777,-0.025127653263595728,0.033033201482913985,0.0021155950364343656,0.040869168451230259,42.309785133650877,
35,743.82171936857299,0.4755510655497846,744.29727043412277,19997,454,-0.0036283488286625826,-0.00067858861137914332,0.00090772790442578209,1.6260601018290468e-06,0.0011634492012885563,-0.1324528650693905,-0.025806241874974788,0.033940351095054479,0.0022344698282324173,0.042032617652518818,44.687162094820117,
36,741.61943205745797,0.47413778859313771,742.09356984605108,19997,454,-0.0036224655102184487,-0.00067521022392208051,0.00090422233457743769,1.6149882764398861e-06,0.0011612940524891604,-0.13600087127808602,-0.026481452098896848,0.034843905845810291,0.002356170278458419,0.043193911705007977,47.121049398889923,
37,739.44232528096381,0.47275334194546192,739.91507862290928,19997,454,-0.0036165876506739475,-0.00067184545809656905,0.00090072784510078084,1.6039831176583355e-06,0.0011591430669930585,-0.13953821929536608,-0.027153297556993489,0.035743851042278264,0.0024806641418757373,0.044353054772001035,49.610802173372868,
38,737.29009274795044,0.47139750318728763,737.76149025113773,19997,454,-0.003610715269612816,-0.00066849345688513285,0.00089724360665061325,1.5930426748734215e-06,0.0011569962612630524,-0.14306490245909956,-0.027821791013878688,0.036640199217145113,0.0026079193272712307,0.045510051033264089,52.155778626097344,
39,735.16243198151551,0.47007005322813467,735.63250203474365,19997,454,-0.0036048484347619863,-0.00066515419407789291,0.00089376962069224141,1.5821666697134927e-06,0.0011548536513289569,-0.14658091433388271,-0.02848694520795652,0.037532962052408796,0.0027379039606294678,0.046664904684593042,54.755341308628729,
40,733.0590831336408,0.46876633472954399,733.52784946837039,19997,454,-0.0035989872050546938,-0.000661805001382537,0.00089028324603404986,1.5713095512827908e-06,0.0011527152528046493,-0.15008624870805301,-0.029148750209339002,0.03842212834175493,0.0028705843395759735,0.047817619937397693,57.408816207179896,
41,730.97975368711991,0.46749955750197464,731.44725324462183,19997,454,-0.0035931316498375989,-0.00065845715500024407,0.00088679578171076861,1.5604941529724551e-06,0.0011505810808964145,-0.1535808995941898,-0.029807207364339255,0.039307706691449909,0.0030059278714361344,0.048968201018294105,60.115551500851254,
42,728.92411129293691,0.46625608113505823,729.39036737407196,19997,454,-0.0035872818286637425,-0.00065515783252035795,0.00088335442540245213,1.5498142273369133e-06,0.0011484511504723386,-0.1570648612292882,-0.030462365196859627,0.040189736290314387,0.0031439064710556985,0.050116652168766443,62.874985514642916,
43,726.89186601179017,0.46503960279693674,727.35690561458716,19997,454,-0.003581437786963257,-0.00065187010119832254,0.00087992227364407267,1.5391955127819959e-06,0.0011463254759666089,-0.16055228839113053,-0.0311142352980581,0.041068238280047784,0.0032844890431968426,0.051262977644733053,65.68649637489365,
44,724.8827348308937,0.46384989056790771,725.34658472146157,19997,454,-0.0035755995812696115,-0.00064859427790718138,0.0008764996776231015,1.5286384359750876e-06,0.0011442040714158812,-0.16412618445618121,-0.031762829575965115,0.041943225732124355,0.0034276447220992511,0.052407181716148936,68.549466797262923,
45,722.89643453737472,0.46269001050219061,723.35912454787695,19997,454,-0.0035697673900771916,-0.00064533062384120759,0.00087308692373239333,1.5181433166609389e-06,0.0011420869153948546,-0.16769425620154696,-0.032408160199806482,0.04281471871831246,0.0035733428835824951,0.053549268631543794,71.463284328766321,
46,720.9326906116637,0.46155540533598644,721.39424601699966,19997,454,-0.0035639411986096146,-0.00064208073663178915,0.00086968583156628483,1.5077131198304358e-06,0.0011399739848770595,-0.17125650955294974,-0.033050240936438227,0.043682727625929993,0.0037215532758414134,0.054689242616420851,74.427343963552431,
47,718.99122775891306,0.46044752390949539,719.45167528282252,19997,454,-0.0035581210559963044,-0.00063884342752861532,0.00086629526216664354,1.4973452316069058e-06,0.0011378653815843551,-0.17481295057190427,-0.033689084363966726,0.04454725063220364,0.0038722457482625173,0.055827107998005207,77.441042719502079,
48,717.07177580952339,0.45936615988756424,717.5311419694109,19997,454,-0.0035523070205410114,-0.00063561861176938202,0.00086291513134282346,1.487039263348723e-06,0.0011357610993931678,-0.1783635853453383,-0.034324702975736206,0.04540830493075862,0.0040253903515327328,0.056962869097398373,80.503781640303117,
49,715.17406795229999,0.45831111626429838,715.63237906856432,19997,454,-0.0035464991093186872,-0.00063240626148290788,0.00085954553279375082,1.4767949411642839e-06,0.0011336611533985007,-0.18190842000718896,-0.034957109237219064,0.046265893901149206,0.0041809573450300452,0.058096530250796877,83.614965943255868,
50,713.29784069285142,0.45728219825987093,713.75512289111134,19997,454,-0.0035406973732592831,-0.00062920635021512035,0.00085618645620961662,1.466611994708734e-06,0.001131565555355677,-0.18544746075217056,-0.035586315587434081,0.047120050361644274,0.0043389171962077934,0.059228095806152556,86.774005006959655,
51,711.44283578722911,0.45627933913686541,711.89911512636593,19997,454,-0.0035349018681601766,-0.00062601743454866027,0.00085285959242301036,1.4564873206037165e-06,0.0011294743166484179,-0.18898071383066523,-0.036212333021982859,0.047970791365812192,0.0044992404242656771,0.060357570122800977,89.98030924488927,
52,709.60879730528427,0.45530197418476226,710.06409927946902,19997,454,-0.003529112649569744,-0.00062284045735165876,0.00084954883579668901,1.4464225943108597e-06,0.0011273874402315254,-0.19250818554838001,-0.036835173479334446,0.048818119793482301,0.0046618978511585498,0.061484957563032502,93.233295125319842,
53,707.79546817478354,0.45435028986096321,708.24981846464448,19997,454,-0.0035233297727902844,-0.00061967775724578302,0.00084624999171195342,1.4364222680307304e-06,0.0011253049455368603,-0.19602988226613199,-0.037454851236580301,0.049662084324093692,0.0048268607706817004,0.062610262508569367,96.532388552863324,
54,706.00259792342968,0.4534239727459739,706.45602189617568,19997,454,-0.0035175532925568386,-0.00061652737284898938,0.00084296113309413037,1.4264822070619979e-06,0.0011232268392148488,-0.19954581039918073,-0.03807137860942926,0.050502749011205321,0.0049941004726963148,0.063733489347784222,99.877015353453601,
55,704.22993902781127,0.45252283758302814,704.68246186539432,19997,454,-0.0035117832635975371,-0.00061338929361183514,0.00083968227573884573,1.4166021785705199e-06,0.0011211531346582463,-0.20305597641732226,-0.038684767903041123,0.051340137992933618,0.0051635884530320132,0.064854642482442465,103.26660547218724,
56,702.4772470380442,0.45164670154157965,702.92889373958576,19997,454,-0.0035060197401739798,-0.00061026349266921792,0.00083641341818457122,1.4067819160576604e-06,0.0011190838415523717,-0.20656038684437944,-0.039295031395710271,0.052174273813745287,0.0053352964107175492,0.065973726323994841,106.70059291794027,
57,700.74428053969041,0.45079538370442912,701.19507592339482,19997,454,-0.0035002627763030692,-0.00060714994303842282,0.00083315455868415678,1.3970211535748236e-06,0.0011170189692473419,-0.21005904825797642,-0.039902181338748732,0.053005188639399486,0.0055091962471651929,0.067090745293242188,110.17841574705669,
58,699.03080111560712,0.44996870504168435,699.48076982064879,19997,454,-0.0034945124256986915,-0.00060404861766650663,0.00082990569523083788,1.3873196257952269e-06,0.0011149585267702397,-0.21355196728922612,-0.040506229956415424,0.053832856412100429,0.0056852600653587611,0.068205703820012425,113.69951604710987,
59,697.33657330820733,0.44916648838844242,697.78573979659575,19997,454,-0.0034887687417625014,-0.00060095948943135274,0.00082666784422038642,1.3776770680132726e-06,0.0011129025228322183,-0.2170391506224168,-0.041107189445846536,0.054657350086447808,0.0058634601690414736,0.069318606342844646,117.26333992066043,
60,695.66136458228789,0.44838855842272196,696.10975314071061,19997,454,-0.0034830317775827709,-0.00059788253114283305,0.00082344083921114918,1.3680932161442032e-06,0.001110850965830824,-0.22052060499469819,-0.041705071976989326,0.05547864631396153,0.0060437690619040739,0.070429457308675475,120.86933746901957,
61,694.00494528819604,0.44763474164369116,694.45258002983974,19997,454,-0.0034773015859311564,-0.00059481771554378675,0.0008202238095834449,1.3585678067233182e-06,0.0011088038638557781,-0.2239963371957662,-0.042299889692533066,0.056296819858159555,0.0062261594467731803,0.071538261172531259,124.51696277601684,
62,692.36708862558362,0.44690486635015958,692.81399349193373,19997,454,-0.0034715782192630829,-0.00059176501531119259,0.00081701675236329249,1.3491005769055344e-06,0.0011067612246926147,-0.22746635406754512,-0.04289165470784434,0.057111898921520313,0.0064106042247998084,0.072645022397223868,128.20567389177137,
63,690.74757060755996,0.44619876261936126,691.19376937017933,19997,454,-0.0034658617297150646,-0.00058872440305719818,0.00081381966432785837,1.339691264464934e-06,0.0011047230558270851,-0.23093066250386943,-0.043480379110901635,0.057923854505252101,0.0065970764946479228,0.073749745453050949,131.9349328164638,
64,689.14617002533055,0.44551626228596164,689.59168628761654,19997,454,-0.0034601521691023057,-0.0005856958513300722,0.00081063254200737012,1.3303396077937779e-06,0.001102689364449074,-0.23438926945016214,-0.044066074962231624,0.058732690725815648,0.0067855495516833866,0.074852434817500021,135.70420548411604,
65,687.56266841323213,0.44485719892135339,688.00752561215347,19997,454,-0.0034544495889192893,-0.00058267933261548725,0.00080745538168736303,1.321045345902578e-06,0.0011006601574579057,-0.23784218190311385,-0.044648754294847069,0.059538444100176773,0.0069759968871630799,0.075953094974957933,139.51296174637443,
66,685.9968501102685,0.44422142544895299,686.44107153571747,19997,454,-0.0034487540403358094,-0.0005796747452223829,0.00080428810529571389,1.3118080705004971e-06,0.0010986354414650918,-0.24128940691035822,-0.045228429040069511,0.060341122697660669,0.00716839217622564,0.07705173041642302,143.36067513233658,
67,684.44850200031101,0.44360874443449461,684.89211074474554,19997,454,-0.0034430655741974317,-0.00057668217752382064,0.00080113082449968429,1.3026277532503398e-06,0.001096615222799505,-0.24473095157014774,-0.045805111217593203,0.061140688261645211,0.0073627093054968416,0.07814834563922253,147.24682340063134,
68,682.91741617435173,0.4430191986523232,683.36043537300407,19997,454,-0.0034373842410190237,-0.0005736997337539209,0.00079798166679494013,1.2935004033215154e-06,0.0010945995075106144,-0.2481668230310258,-0.046378810951347348,0.061937136583354736,0.0075589220652670366,0.079242945146733149,151.17088238327545,
69,681.40338286591168,0.44245205033844742,681.84583491625017,19997,454,-0.0034317100909870436,-0.00057073086981773691,0.00079484410645398555,1.2844327295716163e-06,0.001092588301373179,-0.2515970284914944,-0.046949541821164835,0.062730458739747308,0.007757004970674314,0.08033553344810633,155.1323424085156,
70,679.90619582590261,0.44190773977013448,680.34810356567277,19997,454,-0.0034260431739542457,-0.00056777416902061169,0.00079171675251817628,1.2754216908117932e-06,0.0010905816098920943,-0.2550215751996886,-0.04751731599018566,0.063520710347677506,0.0079569325226316236,0.081426115057998419,159.13069352010984,
71,678.42565259931894,0.44138590419789536,678.86703850351682,19997,454,-0.0034203835394407151,-0.00056482929679017163,0.00078859929545852621,1.26646641706088e-06,0.0010885794383113725,-0.25844047045303326,-0.048082145286975748,0.064307861994810811,0.0081586793647454251,0.082514694496309798,163.16542861554376,
72,676.96155298395843,0.44088638746707165,677.40243937142554,19997,454,-0.003414731236648272,-0.00056189626275235426,0.00078549176730488871,1.25756672702636e-06,0.001086581791607566,-0.2618537215979222,-0.048644041549728081,0.065091966909087501,0.0083622203369416517,0.083601276287917359,167.2360445184961,
73,675.51369925514564,0.44040903631834749,675.95410829146397,19997,454,-0.0034090863144387489,-0.00055897503916955136,0.00078239416267445946,1.2487223651081605e-06,0.0010845886744913727,-0.26526133602938645,-0.049203016588897981,0.065873002139749184,0.008567530468592266,0.084685864962408736,171.34204184137673,
74,674.08189613618174,0.43995369906396975,674.52184983524569,19997,454,-0.0034034488213418664,-0.00055606559801319138,0.00077930647574467316,1.2399330758661083e-06,0.0010826000914191487,-0.26866332119075909,-0.049759082186910754,0.066650968284286016,0.008774584977669057,0.085768465053827889,175.48292496840347,
75,672.66595076764224,0.43952022555947334,673.10547099320172,19997,454,-0.0033978188055511977,-0.0005531679112003203,0.00077622870046705492,1.2311986044691353e-06,0.0010806160465956943,-0.27205968457333896,-0.050312250098110994,0.067425888291798672,0.0089833592699351435,0.086849081100423581,179.65820203943292,
76,671.26567267695987,0.43910846718552476,671.70478114414539,19997,454,-0.0033921963149220976,-0.00055028195059630535,0.00077316083057064184,1.2225186966974268e-06,0.001078636543977402,-0.27545043371605454,-0.050862532048707422,0.068197797637878754,0.0091938289381364863,0.087927717644400979,183.86738493379158,
77,669.88087374851284,0.4387182768301035,670.3195920253429,19997,454,-0.0033865813969714289,-0.00054740768801574255,0.00077010301787868915,1.2138930989419897e-06,0.0010766615872745606,-0.27883557620512467,-0.051409939736723316,0.068966674931467381,0.0094059697611943004,0.089004379231675534,188.10998925412483,
78,668.51136819397652,0.43834950887090274,668.94971770284747,19997,454,-0.0033809740988755429,-0.00054454509522341033,0.00076705523073275408,1.2053215582041241e-06,0.001074691179957466,-0.28221511967371832,-0.051954484831946798,0.069732553185227308,0.0096197577033969722,0.090079070411633003,192.38553431023604,
79,667.15697252313771,0.43800201915789028,667.59497454229563,19997,454,-0.0033753744674701381,-0.00054169414393530455,0.00076401732671734857,1.1968038220951549e-06,0.0010727253252574012,-0.28558907180161397,-0.052496178975881838,0.070495450091092232,0.0098351689135927969,0.091151795736890404,196.69354310294236,
80,665.81750551501318,0.43767566499617128,666.25518118000934,19997,454,-0.0033697825492478468,-0.0005388548058194529,0.0007609892987026067,1.1883396388353275e-06,0.0010707640261724213,-0.28895744031485732,-0.05303503378170147,0.071255338347833194,0.010052179724383154,0.092222559763062831,201.03354230793869,
81,664.49278818937319,0.43737030512900238,664.93015849450217,19997,454,-0.0033641983903586726,-0.00053602705249692392,0.00075797113934593971,1.1799287572538532e-06,0.0010688072854682308,-0.29232023298541771,-0.05357106083419845,0.072012237304874493,0.01027076665131545,0.093291367048531068,205.40506225965768,
82,663.18264377864557,0.43708579972102773,663.61972957836656,19997,454,-0.0033586220366070138,-0.00053321085554276901,0.00075496284109381241,1.1715709267882736e-06,0.0010668551056838603,-0.29567745763084374,-0.054104271689741114,0.072766140813305763,0.010490906392076643,0.094358222154214924,209.80763693514078,
83,661.88689770009137,0.43682201034174745,662.32371971043312,19997,454,-0.003353053533452382,-0.0005304061864867634,0.00075196439618363487,1.1632658974835055e-06,0.0010649074891340411,-0.29902912211391824,-0.054634677876227937,0.073517056247991111,0.010712575825687487,0.095423129643348967,214.24080393792406,
84,660.60537752841901,0.43657879994914511,661.0419563283682,19997,454,-0.0033474929260071369,-0.00052761301681460225,0.00074897579664581413,1.1550134199922273e-06,0.001063721138581014,-0.30237523434231123,-0.055162290893042316,0.074264981482892581,0.01093575201169621,0.096486094081261117,218.70410448191251,
85,659.33791296869958,0.43635603287356733,659.7742690015732,19997,454,-0.0033419402590362554,-0.00052483131796854658,0.00074599703430542111,1.1468132455735098e-06,0.0010637488491015712,-0.30571580226823264,-0.055687122211010943,0.075009940961372423,0.011160412189373598,0.097547120035155435,223.1970833752826,
86,658.08434228998499,0.43615345904965019,658.52049574903469,19997,454,-0.003336395576954824,-0.00052205628231458958,0.00074302332175037536,1.1386555698550373e-06,0.001063763720705642,-0.30905083388808346,-0.056209178493325566,0.075751917872213193,0.011386532854727422,0.098606212073897442,227.71927056169372,
87,656.84449296473508,0.43597130081099156,657.28046426554613,19997,454,-0.0033308589238302032,-0.00051929718942420066,0.0007400639522845971,1.1305587740399556e-06,0.0010637658865529493,-0.3123803372421074,-0.056728475682749947,0.076490919607097599,0.011614092458229523,0.099663374767802737,232.27023507213224,
88,655.61820080010125,0.43580906891008558,656.05400986901134,19997,454,-0.0033253303433483372,-0.00051654984353038166,0.00073711475572821089,1.1225142606858624e-06,0.0010637554788066759,-0.31570432041402208,-0.057245025526280295,0.077226948294055742,0.011843068842667032,0.10071861268866952,236.84953378449796,
89,654.40530373596744,0.4356667503457764,654.84097048631327,19997,454,-0.0033198098788498527,-0.00051381378570091189,0.00073417531785337751,1.1145209249913692e-06,0.001063732628442033,-0.3190227915306551,-0.057758839311981156,0.077960019414878512,0.012073439945499956,0.10177193040916968,241.45672547005361,
90,653.20564173657567,0.4355442167088856,653.64118595328455,19997,454,-0.0033142975733531431,-0.00051108905459967022,0.00073124664261288604,1.1065786559406096e-06,0.0010636974653694764,-0.32233575876162385,-0.058269928366580834,0.078690140602848735,0.012305183892722229,0.10282333250282295,246.09137267055183,
91,652.01905674131581,0.43544134024016884,652.45449808155593,19997,454,-0.0033087934695166512,-0.0005083756217575513,0.00072833190924649768,1.0986872090893516e-06,0.0010636501184315406,-0.3256432303189819,-0.058778303988338172,0.079417317413036606,0.012538278985283511,0.10387282354377776,250.75304142668494,
92,650.84539263976103,0.4353579944418699,651.28075063420295,19997,454,-0.0033032976096452837,-0.00050567345834236785,0.00072543357146630802,1.0908463399492614e-06,0.0010635907154087406,-0.32894521445686392,-0.059283977446680694,0.080141559812299132,0.01277270369822415,0.10492040810662159,255.44130126078477,
93,649.68449524721677,0.43529405406635252,650.11978930128316,19997,454,-0.0032978100356879864,-0.00050298253548403723,0.00072255708231164565,1.0830558046322318e-06,0.0010635193830262402,-0.33224171947113235,-0.059786959982164559,0.080862877756500903,0.013008436679872601,0.1059660907661871,260.15572516077214,
94,648.53621237949005,0.4352493951016892,648.97146177459172,19997,454,-0.0032923307892391293,-0.00050030274994545914,0.00071973111256704307,1.0753152112613833e-06,0.0010634362469621743,-0.33553275369902097,-0.060287262732110228,0.081581281115999729,0.013245456734344917,0.10700987609736316,264.89588923016402,
95,647.40039353004295,0.43522389494987268,647.83561742499285,19997,454,-0.0032868599115356343,-0.00049763422255313602,0.00071692243594883242,1.0676246165995112e-06,0.0010633414318515135,-0.33881832551877922,-0.060784896954663395,0.082296779899256406,0.013483742870738769,0.10805176867490657,269.66137367190464,
96,646.27689014799125,0.43521743183241923,646.71210757982362,19997,454,-0.0032813974434562194,-0.00049497684895802687,0.00071412304662379022,1.0599836277278273e-06,0.0010632350612973776,-0.34209844334931588,-0.061279873803621529,0.08300938402809703,0.013723274252446818,0.10909177307325839,274.45176177468392,
97,645.16555551326633,0.43522988535937474,645.6007853986257,19997,454,-0.003275943425524687,-0.00049233060008094221,0.00071133293641306597,1.0523920031307795e-06,0.0010631172578730104,-0.34537311564984036,-0.061772204403702298,0.083719105034015376,0.013964030212939288,0.11012989386636254,279.26664022857284,
98,644.06624471385885,0.43526113632078461,644.50150585017968,19997,454,-0.0032704978979048393,-0.00048969544688246892,0.00070855215215300785,1.044849501936029e-06,0.0010629881431304777,-0.34864235091950541,-0.062261899850584994,0.084425962933799795,0.014205990254968595,0.11116613562748687,284.10559910911695,
99,642.97881462314876,0.43531106667282271,643.41412568982162,19997,454,-0.0032650609004010772,-0.00048707136029186448,0.00070578208480821043,1.0373558838737526e-06,0.0010628478376055915,-0.35190615769704908,-0.062748971210876539,0.085129962113159971,0.014449134049769731,0.11220050292904649,288.96823186134486,
100,641.90312387755239,0.43537955952439222,642.33850343707672,19997,454,-0.0032596324724586782,-0.00048445831120783284,0.00070302771829793432,1.0299109092766473e-06,0.0010626964608280033,-0.35516454456043461,-0.063233429522084522,0.085831160628975944,0.014693441436261152,0.11323300034243113,293.85413528378677,
101,640.83903285442648,0.43546649912386148,641.27449935355037,19997,454,-0.0032542126531622025,-0.00048185627049929084,0.00070031019835335186,1.0225143390795279e-06,0.0010625341313244558,-0.35841752012649047,-0.063715285792583634,0.086529608560468249,0.014938892420245525,0.11426363243783395,298.76290951249024,
102,639.78640365028377,0.43557177084600263,640.22197542112974,19997,454,-0.0032488014812351584,-0.00047926520900618973,0.00069763802533349267,1.0151659348194198e-06,0.0010623609666283724,-0.36166509305055083,-0.064194551001589842,0.087225384758908509,0.015185467173611449,0.11529240378408342,303.69415800505539,
103,638.74510014906741,0.43569526117909113,639.18079541024645,19997,454,-0.0032433989950400757,-0.00047668502378727257,0.00069497723130813177,1.0078653119277433e-06,0.0010621770832848216,-0.36490727202609391,-0.064671236025377415,0.087918606467236024,0.015433146011296552,0.11631931894847869,308.64748707991976,
104,637.71498772765563,0.43583685757397123,638.15082458522954,19997,454,-0.0032380052325771676,-0.00047411583476339469,0.00069232502180704828,1.0006125316931072e-06,0.001061982596857044,-0.36814406578438019,-0.065145351860140727,0.088609316627738868,0.015681909457478015,0.11734438249662542,313.62250724010283,
105,636.6959335118554,0.43599644884763117,637.13192996070302,19997,454,-0.0032326202314814025,-0.00047155753730429231,0.0006896813169011925,9.9340720554360655e-07,0.0010617776219345695,-0.37137548309409169,-0.065616909397444925,0.089297394807517236,0.0159317381775302,0.11836759899227632,318.61883181242649,
106,635.68780626227749,0.43617392475244521,636.12398018702993,19997,454,-0.0032272440290205314,-0.00046901010212396088,0.00068704611177089036,9.8624909739401653e-07,0.0010615622721387077,-0.37460153276095698,-0.066085919499568935,0.089982825617123174,0.016182612999720441,0.11938897299717327,323.63607738140911,
107,634.69047635370771,0.4363691761045122,635.12684552981227,19997,454,-0.0032218766621052424,-0.00046647349992921865,0.00068441940139090936,9.7913797179344611e-07,0.0010613366601284384,-0.37782222362740042,-0.066552392999498097,0.09066558692198963,0.016434514914417941,0.12040850907089132,328.6738637734444,
108,633.70381575491911,0.4365820947711691,634.14039784969032,19997,454,-0.0032165181672843867,-0.00046394770140267036,0.00068180118053458132,9.7207359389346179e-07,0.0010611008976085465,-0.38103756457218013,-0.067016340700901039,0.091345632298160631,0.016687425073298217,0.12142621177068651,333.73181404089104,
109,632.72769800872629,0.43681257365898579,633.16451058238533,19997,454,-0.0032111685807423985,-0.00046143267720331205,0.0006791914437756009,9.6505572944813136e-07,0.0010608550953345511,-0.38424756451002318,-0.067477773378103956,0.092022936618567169,0.016941324788549237,0.12244208565134489,338.80955444619622,
110,631.76199821227578,0.43706050670190483,632.19905871897765,19997,454,-0.0032058279382994079,-0.00045892839796732852,0.00067659147790327808,9.5808414481394494e-07,0.0010605993631207437,-0.38745223239126297,-0.067936701776071431,0.092697502960725556,0.017196195532076564,0.12345613526503424,343.90671444599923,
111,630.8065929976085,0.43732578884955914,631.24391878645804,19997,454,-0.0032004962754105378,-0.00045643483430876316,0.00067400118100520174,9.5115860694987691e-07,0.0010603338098456238,-0.39065157720147398,-0.068393136610380226,0.093369340898731293,0.017452018934710704,0.12446836516115871,349.02292667527939,
112,629.86136051245899,0.43760831605568118,630.29896882851472,19997,454,-0.0031951736271669255,-0.00045395195682037913,0.00067141933347786829,9.4427888341791892e-07,0.0010600585434592507,-0.3938456079611089,-0.068847088567200704,0.094038468042517337,0.017708776785413789,0.12547877988621531,354.15782693149038,
113,628.92618050409646,0.437908071369289,629.36408857546576,19997,454,-0.0031898600282940291,-0.00045147958710367825,0.00066884578020825255,9.3744444433072251e-07,0.0010597736709884007,-0.39703433372513319,-0.069298568154304407,0.094704896541193448,0.0179664509845275,0.12648738398365203,359.31105323956547,
114,628.00093533794438,0.4382245823652075,628.43915992030963,19997,454,-0.0031845555131511274,-0.00044901714114081145,0.00066627996013063438,9.3065395164964894e-07,0.0010594792985450078,-0.40021776358265976,-0.069747585295445128,0.09536862464346374,0.018225023414516574,0.12749418199372969,364.48224326691695,
115,627.08550643092212,0.43855834219478146,627.52406477311695,19997,454,-0.0031792601208376868,-0.00044656573710840503,0.00066372301379628612,9.2390948496824426e-07,0.0010591754880511874,-0.40339590668061148,-0.070194151032553442,0.096029662311602496,0.018484476469431323,0.12849917845338477,369.67104491215702,
116,626.17977816634357,0.43890888770386272,626.61868705404743,19997,454,-0.0031739738962037762,-0.00044412489903850158,0.00066117448790547562,9.1720990441730001e-07,0.0010588623676285685,-0.40656877216112042,-0.070638275931592068,0.096688019047554224,0.018744792573906099,0.12950237789609673,374.87710668554809,
117,625.28363699031252,0.43927606160589394,625.72291305191845,19997,454,-0.003168696872701536,-0.00044169383220067355,0.00065863361039182079,9.1055345345257663e-07,0.0010585400924337136,-0.40973636924358681,-0.071079969763792605,0.097343709663006622,0.019005954074940924,0.13050378482926925,380.1000755447435,
118,624.39696805262884,0.4396599327472604,624.83662798537614,19997,454,-0.0031634290764923855,-0.00043927450917766322,0.00065610237329233919,9.0394390396914053e-07,0.0010582087273383336,-0.41289870716830618,-0.071519244272970225,0.097996742849090296,0.019267944039214259,0.13150340379522302,385.33961284024599,
119,623.51965950718773,0.44006034802509864,623.95971985521282,19997,454,-0.0031581705231133661,-0.00043686557704794527,0.00065357959818611582,8.9737867644042327e-07,0.0010578683800993194,-0.41605579516697905,-0.071956109850018143,0.098647124160904737,0.019530745356294222,0.1325027281610619,390.59537638052814,
120,622.65160112889544,0.44047721055773009,623.09207833945311,19997,454,-0.0031529212472212994,-0.00043446716974262313,0.00065106514276064861,8.9085727402721203e-07,0.0010575191513345458,-0.4192076425262557,-0.072390577019760732,0.099294872068989834,0.019794341032371109,0.13350026661722747,395.86702630638979,
121,621.79268467952147,0.44090995900487379,622.23359463852637,19997,454,-0.0031476812847916263,-0.00043207888492840759,0.00064855877652029797,8.8437902431230548e-07,0.0010571611409371619,-0.42235425856357089,-0.07282265590468906,0.099939988032133664,0.020058714151337854,0.13449602371433944,401.15422431260572,
122,620.94280289491053,0.44135898656642442,621.38416188147698,19997,454,-0.003142450689099175,-0.00042970015588372355,0.00064605995451737686,8.7794262966030416e-07,0.0010567944479099982,-0.42549565262757078,-0.07325235606057301,0.10058247931273212,0.02032384777988766,0.13549000399853822,406.45663174997333,
123,620.10184893900669,0.44182554458991696,620.54367448359665,19997,454,-0.0031372297771117886,-0.00042733098557723789,0.00064356869986652917,8.7154794289583315e-07,0.001056419170407994,-0.42863183413093081,-0.073679687046150244,0.1012223712871536,0.02058972513849773,0.13648221201143801,411.77391304481608,
124,619.2697177486375,0.44230725691556316,619.71202500555307,19997,454,-0.0031320178319590212,-0.00042497415699271196,0.00064108781526216619,8.6520035272075717e-07,0.0010560354049719794,-0.43176281252239818,-0.074104661203142685,0.10185967430153305,0.020856330469986618,0.13747265229001299,417.10575306926239,
125,618.4463048875175,0.44280481672760758,618.88910970424513,19997,454,-0.0031268156499893356,-0.00042262752105380835,0.00063861517611343724,8.5889538971698199e-07,0.0010556432462793318,-0.43488859721254608,-0.0745272887241967,0.10249440678506626,0.02112364751391092,0.13846132936647937,422.45182663070449,
126,617.63151198220999,0.44331823982074531,618.07483022203076,19997,454,-0.0031216228501469256,-0.00042028750579283907,0.00063614723191826746,8.5262575698362986e-07,0.0010552427932557346,-0.43800919772468055,-0.074947576229989335,0.10312655869821724,0.021391658966935307,0.13944824776818279,427.81178767973921,
127,616.82523330711501,0.44384789580861339,617.26908120292364,19997,454,-0.0031164400185220149,-0.00041796113359020797,0.00063369102565885018,8.4640534909811181e-07,0.0010548341400115813,-0.44112462428541793,-0.075365537363579663,0.10375613437980884,0.021660350020384064,0.14043341201748999,433.18534005766088,
128,616.02736899512274,0.44439298067477107,616.47176197579756,19997,454,-0.0031112665745117547,-0.00041564544942295883,0.00063124362320748863,8.4022806257402815e-07,0.0010544173804977967,-0.44423488602845412,-0.075781182813002848,0.10438315876431711,0.021929705044009484,0.14141682663176314,438.57217117514568,
129,615.23782112928689,0.44495342597826915,615.68277455526515,19997,454,-0.0031061027127819579,-0.00041333888896307293,0.0006288034810921475,8.3409061115928764e-07,0.0010539926078483471,-0.44733999257866047,-0.076194521701966,0.10500764449155681,0.022199708020229098,0.14239849612316638,443.97196069656172,
130,614.4564998426963,0.44552732316764504,614.90202716586396,19997,454,-0.003100948419666951,-0.00041103614046384491,0.000626365307664958,8.2798224286542988e-07,0.0010535599143659865,-0.45043995351598948,-0.076605557842429478,0.10562957533836753,0.022470341172836659,0.14337842499855766,449.38435311556037,
131,613.68329997665342,0.44612163312153391,614.12942160977491,19997,454,-0.0030958037603050969,-0.00040874627833510462,0.00062393850070173213,8.219210259905368e-07,0.0010531193535762114,-0.45353477847634499,-0.077014304120764751,0.10624896333718348,0.02274159011186986,0.14435661775938388,454.80906064728532,
132,612.91812606633493,0.44672868447193864,613.3648547508069,19997,454,-0.0030906687423427289,-0.00040647343082714145,0.00062153093608932478,8.1591491857449862e-07,0.0010526710646597379,-0.45662447709445758,-0.077420777551591685,0.10686582466282112,0.023013442093508047,0.14533307890159181,460.24582842806745,
133,612.1608840443364,0.44735099958713692,612.60823504392351,19997,454,-0.003085543391673991,-0.00040420841498237065,0.0006191392723913522,8.0994542747098029e-07,0.0010522151243686645,-0.45970905903638326,-0.07782498596657407,0.10748016632148776,0.023285881251921398,0.14630781291551734,465.69433915717605,
134,611.41148101704721,0.44798850272950264,611.85946951977667,19997,454,-0.0030804277328109839,-0.00040195342371636829,0.00061677143375106318,8.0401676330290373e-07,0.0010517516250732313,-0.46278853399247644,-0.078226939390290587,0.10809199752587061,0.023558892654121692,0.14728082428578324,471.1542941897797,
135,610.66982522536023,0.44864111009663166,611.1184663354569,19997,454,-0.0030753217908054365,-0.00039970843537797719,0.0006144282057676633,7.9812872375606207e-07,0.0010512806549659263,-0.46586291168066724,-0.078626647825668611,0.10870132748051908,0.023832461510073573,0.14825211749120229,476.62539773996139,
136,609.93582603097639,0.44930873862118292,610.38513476959758,19997,454,-0.0030702255919682585,-0.00039747342030634796,0.00061209339654266228,7.9228109117916095e-07,0.0010508023015649087,-0.46893220184502488,-0.079024121245974979,0.1093081653736592,0.024106573169039455,0.14922169700468188,482.10735680762008,
137,609.20939390244689,0.44999130599234777,609.65938520843929,19997,454,-0.0030651391622626332,-0.00039524834880637496,0.00060976640110701596,7.8647364847672192e-07,0.0010503166516167676,-0.47199641425538646,-0.079419369594781478,0.10991252037704445,0.024381213118796114,0.15018956729313057,487.59988116280351,
138,608.49044040136823,0.45068873064750425,608.9411291320157,19997,454,-0.0030600625272883663,-0.00039303319117926045,0.00060744721182875701,7.8070617916936886e-07,0.0010498237910997682,-0.4750555587069959,-0.079812402785960357,0.11051440164583373,0.024656366984862114,0.15115573281736638,493.10268333025743,
139,607.77887816876478,0.45140093176397128,608.23027910052872,19997,454,-0.0030549957122831452,-0.00039082791772286857,0.00060513582091080182,7.7497846739419878e-07,0.0010493238052289697,-0.47810964502014125,-0.080203230703683501,0.11111381831847914,0.024932020529727671,0.15212019803202653,498.61547857402371,
140,607.07463895382966,0.45212550461889683,607.52676445844861,19997,454,-0.0030499387421198993,-0.00038861849117058806,0.00060281821283078682,7.6926228599557751e-07,0.0010488167784622427,-0.48115868303979231,-0.080591849194854376,0.11171076550904513,0.025208154404307119,0.15308296738547905,504.1378799317381,
141,606.37762229082159,0.45286927736403348,606.83049156818561,19997,454,-0.003044891641310366,-0.00038642615249413244,0.00060051562400714948,7.6360006309768227e-07,0.0010483027945066203,-0.48420268263523886,-0.080978275347348472,0.1123052595771723,0.025484757295292468,0.15404404531973578,509.66966114855404,
142,605.68774542873848,0.45362544774090668,606.14137087647941,19997,454,-0.0030398544339754092,-0.00038424830154755511,0.00059822547717769013,7.5798634082523697e-07,0.0010477819365612147,-0.48724165369962935,-0.08136252364889611,0.11289731429867701,0.025761817083542256,0.15500343627037236,515.2105798537616,
143,605.00492039307574,0.45439598204534432,605.45931637512103,19997,454,-0.0030348271438509307,-0.00038208260280998883,0.00059594547491988441,7.5241628054380644e-07,0.00104725428564025,-0.49027560614975196,-0.081744606251705876,0.11348694112808999,0.026039320976509014,0.15596114466644495,520.76038020920373,
144,604.32906494869349,0.45518089832575226,604.78424584701929,19997,454,-0.0030298097943455699,-0.00037992663149109178,0.0005936732209036211,7.4688488473911238e-07,0.001046719925252566,-0.4933045499255938,-0.082124532883196849,0.11407414911017442,0.026317255409237877,0.15691717493041341,526.31879092934832,
145,603.66009794742149,0.45598012077479677,604.11607806819632,19997,454,-0.0030248024085258464,-0.00037778036283404181,0.00059140871286688312,7.4139195409013451e-07,0.0010461789352000626,-0.49632849499002418,-0.08250231324603105,0.11465894727785551,0.026595606951171882,0.15787153147804997,531.88554341648648,
146,602.99793931824638,0.45679357353828381,603.45473289178472,19997,454,-0.0030198050091013017,-0.00037564369263606699,0.00058915186733186887,7.3593712816340252e-07,0.0010456313956488542,-0.49934745132843195,-0.082877956938666841,0.11524134457204582,0.026874362277722358,0.15882421871835831,537.46037119216942,
147,602.34250978940941,0.45762118143568042,602.80013097084509,19997,454,-0.0030148176184198244,-0.00037351674094685732,0.00058690282487517211,7.3052049549213498e-07,0.001045077380070729,-0.50236142894836977,-0.083251473679613358,0.11582135006570982,0.027153508246203276,0.15977524105349597,543.04301141581936,
148,601.69373114234918,0.45846286995050944,602.15219401229967,19997,454,-0.0030098402584710321,-0.00037139940298232439,0.00058466150126574288,7.2514169568286981e-07,0.0010445169702093823,-0.50537043787919422,-0.083622873082596152,0.11639897273909816,0.027433031818505395,0.1607246028787003,548.63320333828938,
149,601.0515292195787,0.45931745360032589,601.510846673179,19997,454,-0.0030048729508854329,-0.00036928985931508276,0.00058242609743335114,7.1979693895833878e-07,0.0010439502467081531,-0.50837448817170883,-0.083992162941911169,0.11697421976495716,0.027712919410136708,0.16167230858221068,554.23067528332399,
150,600.41584403034562,0.46018869102490684,600.87603272137051,19997,454,-0.0029999157169364105,-0.00036717173731814302,0.0005801802573195356,7.1445337315962786e-07,0.0010433772867736667,-0.51137358989780901,-0.08435933467922925,0.11754708195256801,0.027993151371405092,0.16261836254519596,559.83503427673043,
151,599.78658326619598,0.46107174797693584,600.24765501417289,19997,454,-0.0029949686677266892,-0.00036508249550536978,0.00057796140809840987,7.0918573735930879e-07,0.0010427981669786845,-0.51436775315012284,-0.084724417174734723,0.11811758754487861,0.028273722269737254,0.16356276914168602,565.44617167247532,
152,599.16366894492626,0.46196905871644722,599.62563800364273,19997,454,-0.0029900316019460704,-0.00036300361489770446,0.0005757511227568392,7.0395681368430796e-07,0.0010422129488557577,-0.51735698805275576,-0.085087420789632495,0.11868574631172224,0.02855461991710519,0.16450553273853621,571.06384372218668,
153,598.54702801418057,0.4628800890676571,599.00990810324822,19997,454,-0.0029851047737200387,-0.00036093415086420604,0.00057354887809807614,6.9876458107266848e-07,0.0010416217235012085,-0.52034130473463658,-0.085448354940496629,0.11925156709515319,0.028835831896303735,0.16544665769531214,576.68780209417844,
154,597.93658780319834,0.463804766154986,598.40039256935336,19997,454,-0.0029801880529906131,-0.00035887411991675824,0.00057135536060448828,6.9360892677336014e-07,0.0010410245640925454,-0.52332071335421404,-0.085807229060413395,0.11981505876527988,0.029117345934452782,0.16638614836423621,582.31780134312123,
155,597.33227673340298,0.46474305220993078,597.79701978561286,19997,454,-0.0029752815061569772,-0.00035682326905537903,0.00056917181879292229,6.8848919803658584e-07,0.0010404215445131845,-0.52629522408335205,-0.08616405232946886,0.12037622995043903,0.029399149788961312,0.1673240090901105,587.95359662943724,
156,596.73402519204274,0.46569478776413747,597.1997199798069,19997,454,-0.0029703851555026722,-0.00035478066092234101,0.00056700354117618704,6.8340337976616022e-07,0.0010398127378514804,-0.52926484713934874,-0.08651883299039119,0.12093508835261275,0.029681230937787271,0.16826024420963043,593.59493752480762,
157,596.14176245028148,0.46665998484241478,596.60842243512388,19997,454,-0.0029654990882917493,-0.00035274791306643099,0.00056486344579050279,6.7835457064919113e-07,0.0010391982165347941,-0.53222959271373516,-0.086871580903457757,0.1214916433005901,0.02996357761548573,0.16919485801703166,599.2415887320991,
158,595.55541838377871,0.46763855729867054,596.02305694107736,19997,454,-0.0029606232558461133,-0.00035072535192759544,0.00056278101076193414,6.7334327624395125e-07,0.001038578052341125,-0.53518947123835059,-0.087222306255385129,0.12204590446136254,0.030246178506890889,0.17012785483969711,604.89332395931092,
159,594.97492462448963,0.46863043233519536,595.44355505682483,19997,454,-0.0029557576941494066,-0.00034871208483528159,0.00056073178842981359,6.6836755488850608e-07,0.0010379523163986906,-0.5381444928325374,-0.08757101834022038,0.12259788062110782,0.030529021960501702,0.17105923899261002,610.54991018807357,
160,594.40021363723463,0.46963554296272575,594.86984918019732,19997,454,-0.0029509024043236575,-0.00034670807320509828,0.00055869067155826574,6.6342718625264601e-07,0.0010373210791754192,-0.54109466777633908,-0.087917726413425615,0.12314758053842581,0.030812096440943761,0.17198901478298037,616.21111672243433,
161,593.83121870621903,0.47065382274024786,594.30187252895928,19997,454,-0.0029460573971854085,-0.00034471328735993507,0.00055665629167293276,6.5852196827282612e-07,0.0010366844104912746,-0.54404000634897609,-0.088262439700785358,0.12369501295289846,0.031095390533031852,0.17291718651022206,621.876715270104,
162,593.26787392468236,0.47168520580008438,593.73955913048246,19997,454,-0.0029412226896964361,-0.0003427276977279502,0.00055462863817545491,6.536516997432009e-07,0.001036042379529027,-0.5469805188462501,-0.088605167398513471,0.12424018658510719,0.031378892941084632,0.17384375846589628,627.54647992875152,
163,592.71011433231047,0.47272972187889678,593.18284405418933,19997,454,-0.0029363982985554623,-0.00034075105088328671,0.00055260748117931502,6.4881573209358183e-07,0.0010353950548392579,-0.54991621558048931,-0.088945918449397157,0.12478310991268225,0.031662592391703923,0.17476873493365491,633.22018524168675,
164,592.15788951436548,0.47378708541905251,592.63167659978456,19997,454,-0.0029315843128987062,-0.00033877079926976985,0.00055058029604610566,6.4398885286430776e-07,0.0010347425043444598,-0.55284710701336826,-0.08928468924866656,0.12532377887601223,0.031946472297285707,0.1756921201891852,638.89749947341681,
165,591.61112204606957,0.47485734870586671,592.08597939477545,19997,454,-0.0029267837570564467,-0.0003368123666007597,0.0005485724997658164,6.3922178489855689e-07,0.001034084795345279,-0.55577320546809328,-0.089621501615267316,0.12586221484060486,0.032230527172760357,0.17661391830224596,644.57831292803439,
166,591.06974859310958,0.47594051769512374,591.54568911080469,19997,454,-0.0029219924171945836,-0.00033486347982050871,0.00054657186567801618,6.3448978853295529e-07,0.0010334219945914425,-0.55869452128756492,-0.089956365095087656,0.1263984269128873,0.032514746393636176,0.17753413354323452,650.26241312632988,
167,590.53370726251478,0.47703646894922469,591.010743731464,19997,454,-0.0029172115573380055,-0.0003329235928528901,0.00054457787794388282,6.2979164605902736e-07,0.0010327541682057931,-0.56161106484528933,-0.090289288687940547,0.12693242366849608,0.03279911923074208,0.17845277016180583,655.9495854956109,
168,590.00293716310966,0.47814521755228262,590.48108238066197,19997,454,-0.0029124410487881116,-0.00033099227611907954,0.00054259013006435525,6.2512636045450884e-07,0.0010320813816394015,-0.56452284650412921,-0.090620280964059802,0.1274642132638083,0.033083634860334721,0.17936983240398771,661.63961357183405,
169,589.477382677077,0.4792666079890186,589.95664928506608,19997,454,-0.0029076809432291711,-0.00032906503503531316,0.00054060414963447644,6.204848236042061e-07,0.0010314036997491991,-0.56742987666215461,-0.090949345999094877,0.12799379937030753,0.033368280261369114,0.18028532450757953,667.33223694712092,
170,588.95698160690063,0.48040039783635885,589.43738200473695,19997,454,-0.0029029312554208699,-0.00032714933748616818,0.00053862742427605859,6.1588189769445243e-07,0.0010307211867937652,-0.57033216574150614,-0.091276495336581331,0.12852121079941969,0.033653046389205105,0.1811992507020776,673.0272747377129,
171,588.44167120953034,0.48154686384938195,588.92321807337976,19997,454,-0.0028981920043440537,-0.00032524595162425015,0.00053666074518168849,6.1131890756039187e-07,0.0010300339064495923,-0.5732297241608405,-0.091601741288205349,0.12904644390249304,0.033937924730925939,0.18211161520863753,678.7245566937878,
172,587.93139376948579,0.48270580395702278,588.41409957344285,19997,454,-0.0028934631958847999,-0.00032335097687678072,0.00053470023595192752,6.0678790961655913e-07,0.0010293419218129151,-0.57612256236199977,-0.091925092265082164,0.12956950476476892,0.034222904895364017,0.18302242224001763,684.42387500238499,
173,587.42609165481144,0.48387715849563046,587.90996881330705,19997,454,-0.0028887448457738819,-0.00032146486903073917,0.00053274637415027821,6.0228967619030783e-07,0.0010286452953763507,-0.57901069079571543,-0.092246557134113297,0.13009040188652349,0.034507976852451966,0.18393167600053359,690.12502907218686,
174,586.92570792770857,0.48506086803106258,587.41076879573961,19997,454,-0.0028840369657931195,-0.00031958760094487993,0.00053079917969014177,5.9782401881263166e-07,0.0010279440890504892,-0.58189411992630691,-0.092566144735057851,0.13060914375052171,0.034793130684050315,0.18483938068601533,695.82782055032226,
175,586.4301863380565,0.48625687362683107,586.91644321168337,19997,454,-0.0028793395685172405,-0.00031771914325809088,0.00052885926901131747,5.9339074485257158e-07,0.0010272383641719111,-0.5847728602304999,-0.092883863878315973,0.13112573881955278,0.035078356581982412,0.18574554048376396,701.53205328306626,
176,585.93947893046106,0.48746519205638822,586.4269441225174,19997,454,-0.0028746526662091522,-0.00031585165634138746,0.00052691921858111018,5.8897406135353623e-07,0.0010265281815086543,-0.58764692219712711,-0.093199715534657293,0.13164018772606925,0.035363640718323264,0.18665015957250991,707.23745072574695,
177,585.45352345398373,0.48868555353353593,585.94220900751725,19997,454,-0.0028699762909684817,-0.00031400050405130963,0.00052499446665319382,5.846045989144296e-07,0.001025813550822227,-0.59051631636918556,-0.093513716038708478,0.13215250647449125,0.035648977478713276,0.18755324212237198,712.94390059678676,
178,584.97226507607775,0.48991811096218618,585.46218318703995,19997,454,-0.002865310435529623,-0.00031215847078507535,0.00052307704842874544,5.8026773205041373e-07,0.0010250945220097441,-0.59338105323718704,-0.093825874509493562,0.13266270386151746,0.03593435758967669,0.18845479229484213,718.65121743594409,
179,584.49565033673775,0.49116273375667385,584.98681307049446,19997,454,-0.0028606551100420026,-0.00031032508261457259,0.00052116662582223723,5.759623864424015e-07,0.001024371217081588,-0.5962411433256547,-0.094136199592108075,0.13317078822131512,0.036219771651180691,0.18935481424273015,724.35921325196261,
180,584.02362630356674,0.49241936498292294,584.51604566854962,19997,454,-0.0028560103243234439,-0.00030850035676266419,0.00051926315589247997,5.7168846576100219e-07,0.0010236436930301141,-0.59909659716697039,-0.094444699948870822,0.13367676791422914,0.036505210394226419,0.19025331211011764,730.06770267413413,
181,583.55614068155751,0.49368794858922954,584.04982863014675,19997,454,-0.0028513760891166681,-0.00030668426422794881,0.00051736624326039328,5.6744578190042547e-07,0.0010229120084565195,-0.60194742530473233,-0.094751384213098713,0.13418065128049841,0.036790664655600186,0.19115029003231943,735.77650244734809,
182,583.09314180588763,0.49496842898914895,583.58811023487681,19997,454,-0.0028467524147024392,-0.00030487677577899393,0.0005154758793801228,5.6323414688349067e-07,0.001022176220788572,-0.60479363829268762,-0.0950562609888779,0.13468244663991111,0.037076125377020611,0.19204575213584824,741.48543141503524,
183,582.63457863411827,0.49626075105420786,583.13083938517252,19997,454,-0.0028421393110355476,-0.00030307786220366237,0.0005135920555747514,5.5905337339503195e-07,0.0010214363869108277,-0.60763524669438929,-0.095359338851081679,0.13518216229174174,0.037361583604428268,0.19293970253837844,747.19431050496098,
184,582.18040073848852,0.49756486010906836,582.67796559859755,19997,454,-0.0028375367877441645,-0.00030128749431084135,0.00051171476303902294,5.5490327478556196e-07,0.0010206925631720421,-0.61047226108287278,-0.09566062634539263,0.13567980651469153,0.037647030487278722,0.1938321453487124,752.90296271508714,
185,581.73055829831924,0.49888070192676542,582.22943900024597,19997,454,-0.0028329448541315931,-0.00029950564293121715,0.00050984399284102614,5.5078366507338558e-07,0.0010199448053949457,-0.61330469204033145,-0.095960131988323663,0.13617538756682976,0.037932457277836715,0.19472308466674684,758.61121309945645,
186,581.28500209250524,0.50020822272398513,581.78521031522928,19997,454,-0.0028283635191787104,-0.00029773227891747239,0.00050797973592336097,5.4669435894505092e-07,0.0010191931688759109,-0.61613255015779311,-0.096257864267240964,0.1366689137868479,0.038217855330473074,0.19561252458344025,764.31888875413097,
187,580.84368349210195,0.50154736915639531,581.3452308612583,19997,454,-0.0028237927915416711,-0.00029596737314507556,0.00050612198310470257,5.4263517175745561e-07,0.0010184377083911741,-0.61895584603480036,-0.096553831640386181,0.13716040213071187,0.038503216100961989,0.19650046918078121,770.0258188031388,
188,580.4065544529999,0.50289808831407912,580.90945254131395,19997,454,-0.0028192326795571853,-0.00029421089651245866,0.00050427072508080954,5.3860591953781414e-07,0.0010176784782018947,-0.62177459027908877,-0.096848042536898521,0.13764985770430829,0.038788531145781929,0.19738692253175749,775.7318343844928,
189,579.97356750870199,0.50426032771695617,580.4778278364189,19997,454,-0.0028146831912410041,-0.00029246281994169338,0.0005024259524262026,5.3460641898627862e-07,0.0010169155320564601,-0.62458879350626939,-0.097140505356840365,0.13813728779478432,0.039073792121416616,0.19827188870032605,781.4367686362109,
190,579.54467576317757,0.5056340353103016,580.05030979848789,19997,454,-0.0028101443342905615,-0.00029072311437894235,0.00050058765559522094,5.3063648747591494e-07,0.0010161489231965517,-0.62739846633950902,-0.097431228471219489,0.13862271353271408,0.039358990783659287,0.19915537174138387,787.14045668240203,
191,579.11983288383271,0.50701915946029918,579.62685204329307,19997,454,-0.0028056161160850716,-0.00028899175079492498,0.00049875582492368354,5.2669594305509936e-07,0.0010153787043606368,-0.63020361940921665,-0.097720220222014195,0.13910613516586245,0.039644118986918837,0.20003737570073946,792.84273561938983,
192,578.69899309451716,0.50841564894965141,579.20740874346677,19997,454,-0.0028010985436883315,-0.00028726870018532051,0.00049693045062983718,5.2278460444743832e-07,0.0010146049277872282,-0.63300426335272608,-0.098007488922199473,0.13958757822756115,0.039929168683525772,0.20091790461508541,798.54344450183191,
193,578.28211116869193,0.50982345297325804,578.79193462166518,19997,454,-0.002796591623848833,-0.00028555393357130172,0.00049511152281598528,5.1890229105396189e-07,0.0010138276452211913,-0.63580040881398348,-0.098293042855771173,0.14006704859064725,0.040214131923044023,0.20186359398069365,804.24242432895744,
194,577.86914279374332,0.51124253744828052,578.38038533119163,19997,454,-0.0027920953630025665,-0.00028384697578952002,0.00049329858525899522,5.150479302007564e-07,0.001013046907915296,-0.63859206644323452,-0.098576889831560238,0.14054456117721476,0.040499000550539822,0.20287613096942805,809.93951201024595,
195,577.46006721883305,0.51267095965478449,577.97273817848782,19997,454,-0.0027876097672705782,-0.00028212331638361344,0.00049146835887122398,5.1117248031633079e-07,0.0010122627666366132,-0.641379247025187,-0.098859013147944139,0.14102009861454001,0.040783749931524227,0.20388788522863899,815.63421488055303,
196,577.05481419433863,0.51411438202166426,577.56892857636035,19997,454,-0.0027831372356692721,-0.00028043174341401013,0.00048967453001826306,5.0737349320493379e-07,0.0010114752683984681,-0.64416196795617542,-0.099139444891357648,0.14149368300594597,0.041068388470796358,0.20489885339298511,821.32670102745635,
197,576.65334463274121,0.51556699653851246,577.16891162927971,19997,454,-0.0027786774300777575,-0.0002787503903713768,0.00048790341106948594,5.0360689459540133e-07,0.001010684453180056,-0.64694023734669825,-0.099418195281729196,0.14196536190508674,0.041352909964353042,0.20590903214503081,827.0168463770965,
198,576.2556141060179,0.5170306667861202,576.77264477280403,19997,454,-0.0027742283112502466,-0.00027707711737051574,0.00048614553926117169,4.9986829395313869e-07,0.0010098903941405761,-0.64971406621350836,-0.099695272399099699,0.1424351563532146,0.041637306907278231,0.20691841822049217,832.70450083865728,
199,575.86158055361011,0.51850535412192555,576.380085907732,19997,454,-0.002769789997714084,-0.00027541194774940666,0.00048439384120230102,4.9615762485278867e-07,0.0010090931279998041,-0.65248346510958366,-0.099970684346849401,0.1429030971816572,0.041921571917698887,0.20792700840784936,838.38951678206001,
200,575.47120242793426,0.51999101058000397,575.9911934385143,19997,454,-0.0027653623363098631,-0.00027375485360339453,0.00048264830737473441,4.9247471278854904e-07,0.0010082927049233237,-0.65524844467513355,-0.10024443920045287,0.1433691977371212,0.04220569770645026,0.2089347995419952,844.07174843129872,
201,575.08443903896477,0.52148753349839982,575.6059265724632,19997,454,-0.0027609453299017039,-0.00027210550793301295,0.00048090862994759246,4.8881878598312292e-07,0.0010074891728571926,-0.65800901555582236,-0.10051654470838546,0.14383356370904671,0.042489676916087384,0.20994178850578032,849.7510486448316,
202,574.70125136841398,0.52299500096385887,575.22424636937785,19997,454,-0.0027565389827487641,-0.00027046252958421959,0.00047917344636126891,4.8518696620222856e-07,0.0010066825792649878,-0.66076518840146958,-0.10078700723796996,0.14429632119987945,0.042773501550472777,0.21094797222958039,855.4272575079051,
203,574.32159762758533,0.5245133248177708,574.84611095240314,19997,454,-0.002752143298800597,-0.00026882927271125988,0.00047744612572079187,4.81585844922915e-07,0.0010058729699296191,-0.66351697386571906,-0.10105583651068105,0.14475756858842262,0.043057165515294073,0.21195334768981197,861.10025314036614,
204,573.9454380773675,0.52604238966299033,574.47148046703046,19997,454,-0.0027477582819557013,-0.0002672041776124935,0.00047572512958467137,4.7801218556516459e-07,0.0010050603930732815,-0.66626438260595044,-0.10132304068829352,0.14521742427854809,0.04334066199086134,0.21295791191074157,866.76989915523598,
205,573.57273351785693,0.52758218760326481,574.10031570546016,19997,454,-0.0027433839353427363,-0.00026558705732409113,0.00047401029179332515,4.7446550045602006e-07,0.0010042448942537815,-0.66900742528239432,-0.10158862774561755,0.1456761596930975,0.04362398416325735,0.21396166196254687,872.43605928098373,
206,573.20344529323097,0.52913267432251332,573.73257796755354,19997,454,-0.0027390202617015879,-0.00026397784100610339,0.00047230155983310403,4.7094553430676359e-07,0.0010034265193122908,-0.67174611255808725,-0.10185260558662398,0.14613375965008057,0.043907125284029631,0.21496459496122794,878.09859855530863,
207,572.83753521118661,0.53069380439608071,573.36822901558264,19997,454,-0.0027346672638917532,-0.00026237649970334742,0.00047059892305342262,4.6745211549700835e-07,0.0010026053134647749,-0.67448045509878196,-0.10211498208632719,0.14659012872748692,0.044190078692197349,0.2159667080680813,883.75738376525476,
208,572.47496562716356,0.53226549934388268,573.00723112650746,19997,454,-0.0027303249443845711,-0.00026078293057393224,0.00046890229682918378,4.639849252846122e-07,0.0010017813215014656,-0.67721046357259984,-0.10237576501690085,0.14704518486415422,0.044472837763328499,0.21696799848925302,889.41228242880663,
209,572.11569936347337,0.5338479218126283,572.64954728528596,19997,454,-0.0027259933053669825,-0.000259196797377736,0.00046721153985076396,4.6054317941808896e-07,0.0010009545877804676,-0.67993614868241548,-0.10263496181427906,0.14749889660706497,0.044755395741809825,0.21796846347530635,895.06315944045468,
210,571.75970587389565,0.53544079248553478,572.29514666638124,19997,454,-0.0027216724588287082,-0.00025761114138447247,0.00046552167643962609,4.5711288276770971e-07,0.0010001251537160819,-0.6826575210535657,-0.10289257295566302,0.14795100975319553,0.045037741030602846,0.21896810030765249,900.70978287102628,
211,571.40694248762156,0.53704386548958249,571.9439863531112,19997,454,-0.0027173621780420616,-0.00025604094478630499,0.00046384569716947374,4.5372392126187421e-07,0.0009992930446316205,-0.68537459143028578,-0.10314861390044958,0.14840150289649173,0.045319872745344013,0.21996690629949925,906.3521350341349,
212,571.05737256296629,0.53865750976409454,571.5960300727304,19997,454,-0.0027130626431753953,-0.00025447819761278024,0.00046217576066223995,4.5036069152109163e-07,0.00099994728974619248,-0.68808737046739077,-0.10340309209806257,0.14885026565551157,0.045601784644567517,0.22096636836072267,911.99009110670579,
213,570.7109610174216,0.54028162134559032,571.25124263876717,19997,454,-0.002708773794349298,-0.00025292327926412978,0.00046051166632512066,4.470226487568465e-07,0.00099910642880073498,-0.69079586884195254,-0.10365601537732662,0.14929726941883972,0.04588347047513712,0.22196498952580423,917.62352603226725,
214,570.36767288636725,0.54191600451031274,570.90958889087756,19997,454,-0.0027044956296024695,-0.00025137603036027813,0.00045885357143882492,4.4370996773326449e-07,0.00099826243055172923,-0.69350009724348616,-0.10390739140768687,0.14974253645858343,0.04616492416135555,0.22296276795118211,923.25231830294967,
215,570.02747308560583,0.54356069212350511,570.57103377772933,19997,454,-0.0027002281546719283,-0.00024983681183266449,0.00045720185462368054,4.4042325553827289e-07,0.00099741594686722891,-0.69620006634594311,-0.10415722821951943,0.15018604465800311,0.046446139999632471,0.2239597011516862,928.8763538526498,
216,569.69032734680832,0.54521562944083291,570.23554297624912,19997,454,-0.0026959713666064923,-0.00024830521158138825,0.0004555561213428092,4.3716157945626413e-07,0.00099656702324189437,-0.69889578682746545,-0.10440553343110105,0.15062778173611027,0.04672711208939672,0.22495578667638269,934.49551467584502,
217,569.35620179715806,0.54688077434693061,569.90308257150502,19997,454,-0.0026917252657005859,-0.00024678120153055598,0.00045391636066136753,4.3392477577526593e-07,0.00099571569909189233,-0.70158726936405746,-0.10465231463263143,0.15106775590080965,0.04700783461125646,0.22595102211996876,940.10968439051794,
218,569.02506296656156,0.54855608508718301,569.57361905164873,19997,454,-0.0026874898513245928,-0.00024526475356844622,0.00045228256145571165,4.3071268153717671e-07,0.00099486201633599701,-0.70427452463089379,-0.10489757938619958,0.15150596897150562,0.047288301826429062,0.2269454051166728,945.71874822675477,
219,568.69687778274465,0.55024152022217265,569.24711930296678,19997,454,-0.002683265122794036,-0.00024375583960702893,0.00045065471249071268,4.2752513447276217e-07,0.00099400601534608375,-0.70695756330237658,-0.10514133522580664,0.15194242509401104,0.047568508076105034,0.22793893334112791,951.32259301402462,
220,568.37161356637125,0.55193703862459464,568.92355060499585,19997,454,-0.002679051079166341,-0.00024225443159533677,0.00044903280244308342,4.2436197301069944e-07,0.00099314773608714848,-0.70963639605185747,-0.10538358965740237,0.15237715248732872,0.047848447780819856,0.22893160450798636,956.92110716861635,
221,568.04923802622011,0.55364259947616656,568.60288062569623,19997,454,-0.0026748477192214252,-0.00024076050151945305,0.00044741681990238092,4.2122303627698619e-07,0.00099228721813364538,-0.71231103355136161,-0.10562435015892195,0.15281013230848273,0.048128115439823246,0.22992341637152847,962.5141806810251,
222,567.72971925443676,0.55535816226452273,568.28507741670126,19997,454,-0.0026706550414673708,-0.00023927402140316053,0.00044580678062308953,4.1810816409621367e-07,0.00099142450067073369,-0.71498148647131665,-0.10586362418032468,0.1532413711115507,0.04840750563045481,0.23091436672527296,968.10170510346575,
223,567.4130257217862,0.55708368678016795,567.97010940856637,19997,454,-0.0026664730441374276,-0.00023779496330851241,0.00044420264725113234,4.1501719699237037e-07,0.00099055962249867393,-0.71764776548027953,-0.10610141914363375,0.15367087610905988,0.048686613007520724,0.23190445340159135,973.68357353740691,
224,567.09912767129072,0.55881942454190436,567.65794709583258,19997,454,-0.0026623017251953731,-0.00023632114198304967,0.00044260224913627568,4.1194566344976171e-07,0.00098969262203613497,-0.72030988124466722,-0.10633774028561631,0.15409865971949502,0.048965430644979047,0.23289367427132646,979.25964746893601,
225,566.78799585709726,0.56056446329098331,567.34856032038829,19997,454,-0.002658141106459243,-0.00023485378135975975,0.00044100682410491042,4.0889593641630149e-07,0.0009888235373226007,-0.72296784443964179,-0.10657259406697632,0.15452472366762465,0.049243952638926516,0.23388202724341289,984.8298088258914,
226,566.47959645687388,0.56231978129510118,567.04191623816894,19997,454,-0.0026539919146050333,-0.0002333968044805002,0.00043942030722525553,4.0587574789457697e-07,0.000987952406043947,-0.72562166574930231,-0.10680599087145635,0.15494907533097074,0.049522176205922551,0.23486951026439354,990.39400194224504,
227,566.17392020321608,0.56409148578502122,566.73801168900115,19997,454,-0.0026498526478076741,-0.00023191290197291682,0.0004378054806580851,4.0281046126154702e-07,0.00098707926551282557,-0.72827135604487758,-0.10703790377342977,0.15537168760158745,0.049800069450552382,0.23585612131841313,995.95158894159715,
228,565.87093719219069,0.56585930393059947,566.43679649612125,19997,454,-0.0026457242252805016,-0.00023046162699716757,0.00043622199290111477,3.9981922329026721e-07,0.00098620415270917676,-0.73091692607978487,-0.10726836540042679,0.15579259291637784,0.05007764709797561,0.23684185842649844,1001.5028643124142,
229,565.57058927999378,0.56764376003893857,566.13823304003267,19997,454,-0.0026416065608482375,-0.00022902824161749399,0.00043465543924626891,3.9687225806534903e-07,0.00098532710443352631,-0.73355838639604831,-0.10749739364204421,0.15621180899077561,0.050354912625629231,0.23782671964641489,1007.047897599959,
230,565.27285518055987,0.56943796166835592,565.84229314222819,19997,454,-0.0026374995125331637,-0.00022760094004685609,0.00043309547302475,3.9394577866238229e-07,0.00098444815703413696,-0.7361957477242127,-0.10772499458209119,0.1566293417462446,0.05063186030682814,0.23881070307233659,1012.586574276256,
231,564.9777079252317,0.57124174414705153,565.54894966937877,19997,454,-0.0026334031494167779,-0.00022617880209722374,0.00043154803362231161,3.9103787194425104e-07,0.00098356734614592277,-0.73882902068087741,-0.10795117338418822,0.1570451961919182,0.050908483834099703,0.23979380683435589,1018.11876819816,
232,564.68511739453947,0.57305517396741668,565.25817256850689,19997,454,-0.0026293174355259638,-0.00022476604771432904,0.00043003654136499354,3.8815689004307866e-07,0.00098268470730616432,-0.74145821590193683,-0.10817593943190262,0.15745940339128328,0.051184780227795761,0.24077602909804685,1023.6444197756874,
233,564.39505566628554,0.57487817916175266,564.96993384544726,19997,454,-0.0026252423664341312,-0.00022336041662701289,0.00042853055562957587,3.8529819858466837e-07,0.00098180027566523989,-0.74408334401947762,-0.10839929984852957,0.15787197444081899,0.051460744872618848,0.24175736806417236,1029.1634367075044,
234,564.10749510342475,0.57671072249904176,564.68420582592375,19997,454,-0.0026211779370278287,-0.00022196189487128201,0.00042703020424375083,3.8246167407225253e-07,0.00098091408597795224,-0.7467044156601087,-0.10862126174340074,0.15828294786674907,0.051736373234493607,0.24273782196833918,1034.6757283166376,
235,563.8224083948262,0.57855276718778004,564.40096116201403,19997,454,-0.0026171241423545259,-0.00022057045512225164,0.00042553707495305074,3.7964716605237113e-07,0.00098002617267260446,-0.74932144144550383,-0.10884183219852357,0.15869230911934765,0.05201166084952713,0.24371738908061802,1040.1812053296931,
236,563.53976855156793,0.58040427670432537,564.1201728282723,19997,454,-0.0026130809772768643,-0.00021918607003788433,0.00042405559351384311,3.7685452458595806e-07,0.00097913656982585254,-0.75193443199211563,-0.10906101826856135,0.1591000779574476,0.052286603323354948,0.24469606770520547,1045.6797798637756,
237,563.25954890296634,0.58226521478855031,563.84181411775489,19997,454,-0.0026090484364136991,-0.00021780871231912884,0.00042259738470267134,3.7408360043264787e-07,0.00097824531117446573,-0.75454339791092695,-0.10927882698087989,0.15950632188376176,0.052561196330552049,0.24567385618008375,1051.1713654147104,
238,562.98172309270217,0.58413554544128032,563.56585863814348,19997,454,-0.0026050265141360994,-0.00021643835471035991,0.00042115675791010783,3.7133424505231717e-07,0.0009773524301170866,-0.75714834980720458,-0.10949526533559067,0.1599110168540947,0.052835435614047119,0.24665075287668028,1056.6558768453283,
239,562.70626507497877,0.58601523292174218,563.29228030790057,19997,454,-0.0026010152045664674,-0.0002150749700000909,0.0004197213785173118,3.6860631060599619e-07,0.00097645795971871836,-0.75974929828025151,-0.10971034030559085,0.16031419341823971,0.053109316984542944,0.24762675619953395,1062.1332303738743,
240,562.43314911071934,0.58790424174506972,563.02105335246438,19997,454,-0.0025970145015825987,-0.00021371853102098421,0.00041829114515594005,3.6589964995475961e-07,0.00097556193271137169,-0.76234625392316335,-0.1099240588366118,0.16071589244242684,0.053382836319934721,0.24860186458596223,1067.6033435623744,
241,562.16234976383294,0.5898025366798294,562.75215230051276,19997,454,-0.0025930243988184377,-0.00021236901065053128,0.00041686657726209268,3.6321411666131206e-07,0.00097466438149798834,-0.76493922732258601,-0.11013642784726259,0.16111615148768535,0.053655989564734753,0.24957607650573183,1073.0661353051303,
242,561.89384189751672,0.59171008274556325,562.48555198026224,19997,454,-0.0025890448896648439,-0.00021102638181112564,0.00041545099806086419,3.6054956498882705e-07,0.00097376533815632924,-0.76752822905847318,-0.11034745422907359,0.16151495004256813,0.053928772729496727,0.25054939046073244,1078.521525817205,
243,561.62760067057934,0.59362684521039222,562.22122751578968,19997,454,-0.0025850759672742785,-0.00020969061747057313,0.00041404268469189405,3.5790584990150477e-07,0.00097286483443990491,-0.77011326970384875,-0.11055714484654393,0.1619122671235495,0.054201181890245906,0.25152180498465299,1083.9694366230278,
244,561.36360153387159,0.5955527895885907,561.95915432346021,19997,454,-0.0025811176245576456,-0.00020836169064248749,0.00041263963139581217,3.5528282706483172e-07,0.00097196290178251286,-0.77269435982456791,-0.11076550653718606,0.16230820085794409,0.054473213187907488,0.25249331864266089,1089.4097905449619,
245,561.10182022668027,0.59748788163825473,561.69930810831852,19997,454,-0.0025771698541899456,-0.00020703957438665324,0.00041124162310626083,3.5268035284532275e-07,0.00097105957129981087,-0.77527150997908012,-0.1109725461115732,0.16270283763669119,0.054744862827743483,0.25346393003108414,1094.8425116920419,
246,560.84223277324372,0.59943208735894549,561.44166486060271,19997,454,-0.0025732326486114501,-0.00020572424180904882,0.00040984865026058711,3.5009828431018628e-07,0.00097015487379311304,-0.7778447307181976,-0.11117827035338204,0.1630961643281508,0.055016127078785386,0.25443363777709599,1100.2675254486289,
247,560.58481547927317,0.60138537298937578,561.18620085226257,19997,454,-0.002569306000026811,-0.00020441566606279834,0.00040846070321807625,3.4753647922786567e-07,0.00096924883975092399,-0.78041403258485909,-0.11138268601944476,0.16348826308771292,0.055287002273275841,0.25540244053840255,1105.6847584632435,
248,560.32954492848125,0.60334770500513313,560.9328926334864,19997,454,-0.0025653935290427801,-0.00020311382034790155,0.00040708196728607638,3.4499479606742599e-07,0.00096834149935337067,-0.78297942611390181,-0.11158579983979237,0.16387928383260536,0.055557484806108608,0.25637033700293355,1111.0941386373661,
249,560.07639797926231,0.60531905011642373,560.68171702937877,19997,454,-0.0025614957179268924,-0.00020181867791196163,0.0004057173162555898,3.4247309399856991e-07,0.00096743288247352292,-0.78554092183182866,-0.11178761851770491,0.1642692334557431,0.055827571134273668,0.25733732588853475,1116.495595114339,
250,559.82535176127749,0.60729937526581379,560.43265113654331,19997,454,-0.0025576084247552985,-0.0002005302120503649,0.00040435800124815545,3.3997123289162035e-07,0.00096652301868074689,-0.78809853025658394,-0.1119881487297552,0.1646580636791001,0.056097257776303332,0.25830340594266465,1121.8890582682902,
251,559.57638367219465,0.60928864762604928,560.1856723198207,19997,454,-0.0025537316407407604,-0.00019924839610682341,0.00040300627479077989,3.3748907331715901e-07,0.00096561193724300717,-0.79065226189732474,-0.11218739712586225,0.16504576010560518,0.056366541311721655,0.25926857594209235,1127.2744596931213,
252,559.3294713744051,0.61128683459785449,559.94075820900298,19997,454,-0.0025498653568721543,-0.00019797320347326452,0.00040166138160612917,3.3502647654565797e-07,0.00096469966712984135,-0.79320212725419692,-0.11238537032933521,0.16543229524769459,0.056635418380497904,0.26023283469259834,1132.6517321915776,
253,559.08459279180011,0.61329390380777149,559.69788669560785,19997,454,-0.0025460095639168959,-0.00019670460759075485,0.0004003213497228044,3.3258330454768488e-07,0.00096378623701478248,-0.79574813681811385,-0.11258207493692571,0.16581769513902173,0.056903885682499558,0.26119618102867942,1138.0208097643088,
254,558.84172610659834,0.61530982310603932,559.45703592970438,19997,454,-0.0025421642524193345,-0.00019544258194934184,0.00039898616950853681,3.3015941999311256e-07,0.00096287167527879796,-0.79829030107053323,-0.11277751751887505,0.16620188045259146,0.057171939976951996,0.26215861381325428,1143.381627599063,
255,558.60084975618361,0.61733456056445424,559.21818431674808,19997,454,-0.0025383294127048228,-0.00019418710008861637,0.00039765583125953415,3.2775468625096862e-07,0.00096195601001148028,-0.80082863048323805,-0.11297170461896379,0.1665848500857702,0.057439578081897064,0.26312013193737266,1148.7341220598594,
256,558.3619424300166,0.61936808447430813,558.98131051449093,19997,454,-0.0025345050348826435,-0.00019293813559802765,0.00039633032520138613,3.2536896738913765e-07,0.00096103926901409617,-0.80336313551812066,-0.11316464275456191,0.16696654587293608,0.057706796873656555,0.2640807343199269,1154.0782306762574,
257,558.12498306656494,0.62141036334430633,558.74639342990929,19997,454,-0.0025306911088443245,-0.00019169566211709417,0.00039500964149041627,3.2300212817402055e-07,0.00096012147980346397,-0.80589382662696496,-0.11335633841667911,0.16734689967638913,0.057973593286298968,0.2650404199073666,1159.413892132693,
258,557.88995085027818,0.62346136589853451,558.51341221617668,19997,454,-0.0025268876242668893,-0.00019045965333593605,0.00039369377021422424,3.20654034069848e-07,0.00095920266961257246,-0.80842071425123185,-0.11354679807001494,0.16772583064632368,0.058239964311106715,0.26599918767341496,1164.7410462578232,
259,557.65682520856626,0.62552106107443228,558.2823462696407,19997,454,-0.0025230945706156064,-0.00018923008299523945,0.00039238270139304058,3.1832455123831055e-07,0.00095828286539424495,-0.81094380882184747,-0.11373602815301016,0.16810330510431379,0.058505906996047338,0.26695703661878789,1170.0596340139507,
260,557.42558580889772,0.62758941802081003,558.05317522691848,19997,454,-0.0025193119371443389,-0.00018800692488713514,0.00039107642498091197,3.1601354653871775e-07,0.00095736209382324855,-0.81346312075899185,-0.11392403507789736,0.16847935267492145,0.058771418445248545,0.26791396577091586,1175.3695974865257,
261,557.19621255584912,0.62966640609585001,557.82587896194491,19997,454,-0.0025155397128969418,-0.00018679015285470856,0.00038977493086606913,3.1372088752606074e-07,0.00095644038129889515,-0.81597866047188883,-0.11411082523075229,0.16885393807711419,0.059036495818474609,0.26886997418366798,1180.6708798736738,
262,556.96868558821689,0.63175199486517541,557.60043758308211,19997,454,-0.0025117778867103703,-0.00018557974079314439,0.00038847820887259011,3.1144644245185307e-07,0.00095551775394694071,-0.81849043835859925,-0.11429640497154522,0.16922706418238895,0.05930113633060434,0.26982506093707886,1185.9634254757561,
263,556.74298527621181,0.63384615409990785,557.37683143031177,19997,454,-0.0025080264472149257,-0.00018437566264952208,0.00038718624876117797,3.0919008026299759e-07,0.00095459423762383588,-0.82099846480581418,-0.11448078063419445,0.16959873714458598,0.059565337251114854,0.27077922513707753,1191.2471796850459,
264,556.51909221859137,0.63594885377476329,557.15504107236609,19997,454,-0.0025042853828377803,-0.00018317789242317165,0.00038589904022994469,3.0695167060083938e-07,0.00095366985791655147,-0.82350275018865193,-0.11466395852661793,0.16996896309810006,0.05982909590356595,0.27173246591521932,1196.5220889754155,
265,556.29698723995875,0.63806006406615912,556.93504730402492,19997,454,-0.0025005546818020184,-0.00018198640416619642,0.00038461657291566511,3.0473108380119794e-07,0.00095274464014679001,-0.82600330487045392,-0.11484594493078398,0.17033774815787092,0.060092409665088671,0.27268478242841915,1201.7881008921083,
266,556.07665138794573,0.64017975535035765,556.71683114329608,19997,454,-0.0024968343321296145,-0.00018080117198360362,0.00038333883639483669,3.0252819089331609e-07,0.00095181860937297179,-0.82850013920258359,-0.11502674610276765,0.17070509841937573,0.060355275965873645,0.27363617385868816,1207.045164041507,
267,555.85806593055463,0.64230789820159584,556.50037382875621,19997,454,-0.0024931243216450008,-0.00017962217003361875,0.00038206582018423521,3.0034286359898714e-07,0.00095089179039220117,-0.83099326352422853,-0.11520636827280116,0.17107101995862148,0.060617692288666494,0.27458663941287259,1212.2932280810412,
268,555.64121235347807,0.64444446339027517,556.28565681686837,19997,454,-0.002489424637972542,-0.00017844937252788759,0.00038079755454257136,2.9817497433203842e-07,0.00094996420774272447,-0.83348268816220106,-0.11538481764532867,0.17143551883213745,0.060879656168262707,0.27553617832239441,1217.5322437090858,
269,555.42607235744231,0.64658942188116386,556.07266177932343,19997,454,-0.0024857352685432568,-0.00017728275373202264,0.0003795345771053455,2.9602439619774316e-07,0.00094903588570686829,-0.83596842343074429,-0.11556210039906117,0.17179860107696671,0.061141165191007443,0.27648478984299463,1222.7621626549578,
270,555.21262785562863,0.64874274483160066,555.86137060046019,19997,454,-0.0024820562005915276,-0.00017612228796568395,0.00037827638014774969,2.9389100299145188e-07,0.000948106848312777,-0.83845047963133579,-0.11573822268702691,0.17216027271066561,0.061402216994295662,0.27743247325447895,1227.982937668919,
271,555.00086097106487,0.65090440358970914,555.65176537465459,19997,454,-0.0024783874211600373,-0.00017496794960299036,0.0003770228569980838,2.9177466919868123e-07,0.00094717711933597448,-0.84092886705249581,-0.11591319063662944,0.17252053973129503,0.061662809266077534,0.27837922786046576,1233.1945225122845,
272,554.79075403411025,0.65307436969268662,555.44382840380297,19997,454,-0.0024747289171012875,-0.00017381971307251219,0.00037577420480332648,2.8967526999286823e-07,0.00094624672230357858,-0.84340359596959713,-0.11608701034970222,0.17287940811741592,0.061922939744365434,0.27932505298813654,1238.3968719475643,
273,554.58228957992492,0.65525261486504305,555.23754219478997,19997,454,-0.0024710806750772342,-0.00017267755285808685,0.00037453633479144101,2.8759268123614943e-07,0.00094531568049464811,-0.84587467664467442,-0.11625968790256058,0.17323688382809024,0.062182606216743812,0.2802699479879876,1243.5899417286596,
274,554.37545034601112,0.65743911101692587,555.03288945702809,19997,454,-0.0024674426815625701,-0.00017154144349861765,0.00037330344937166159,2.855267794769515e-07,0.00094438401694335236,-0.84834211932623693,-0.11643122934605916,0.17359297280287131,0.062441806519882168,0.28121391223358527,1248.7736885911236,
275,554.17021926973916,0.65963383024238231,554.82985309998151,19997,454,-0.002463814922846602,-0.00017041135958843445,0.00037207524449616738,2.8347744194986606e-07,0.00094345175444079141,-0.85080593424908357,-0.11660164070564764,0.1739476809618104,0.062700538539049167,0.28215694512132244,1253.9480702424444,
276,553.96657948594157,0.66183674481775012,554.62841623075929,19997,454,-0.0024601973850329846,-0.00016928727577779302,0.00037085179570568212,2.8144454657438144e-07,0.00094251891553779027,-0.85326613163411658,-0.11677092798142505,0.17430101420544789,0.062958800207634183,0.28309904607017738,1259.1130453524761,
277,553.76451432452632,0.66404782719993583,554.42856215172628,19997,454,-0.0024565900540443981,-0.0001681691667729755,0.00036963291804877491,2.7942797195417166e-07,0.00094158552254617516,-0.85572272168816099,-0.11693909714819829,0.17465297841481764,0.063216589506664311,0.2840402145214756,1264.2685735437797,
278,553.56400730811401,0.66626705002483677,554.2302743581389,19997,454,-0.0024529929156218658,-0.000167057007336517,0.00036841860067597469,2.7742759737553252e-07,0.00094065159754170278,-0.85817571460378284,-0.11710615415553474,0.17500357945144568,0.063473904464332168,0.28498044993865274,1269.4146153821789,
279,553.36504214970455,0.66849438610568668,554.03353653581019,19997,454,-0.0024494059553261094,-0.00016595077228753071,0.00036720883268859082,2.754433028065975e-07,0.00093971716236546739,-0.86062512055910889,-0.11727210492782239,0.17535282315734882,0.063730743155519839,0.28591975180702006,1274.5511323672413,
280,553.16760275037836,0.67072980843147367,553.83833255880984,19997,454,-0.0024458291585413134,-0.00016485043650208721,0.00036600360313961654,2.7347496889650395e-07,0.0009387822386274535,-0.86307094971765019,-0.11743695536432407,0.17570071535503939,0.063987103701330053,0.28685811963353186,1279.6780869228996,
281,552.97167348308972,0.67297329029638664,553.64464677338606,19997,454,-0.0024422625104753245,-0.0001637556020809818,0.00036480252820216252,2.7152173170368174e-07,0.00093784684770607623,-0.86551321222812549,-0.11760071096640526,0.17604726147469613,0.064242983949895777,0.28779555294655601,1284.7954360139656,
282,552.77723934392634,0.67522771074849208,553.4524670546748,19997,454,-0.0024387059961614279,-0.00016266096131427058,0.00036360031377244011,2.69572907299788e-07,0.00093691101075303346,-0.86795191822428697,-0.11776337192771973,0.17639246164409955,0.064498376636996424,0.28873205129564439,1289.9030343632915,
283,552.5842962935003,0.67748434038876693,553.26178063388909,19997,454,-0.0024351596004554194,-0.00016156764792178832,0.00036239809948215802,2.6763075467466238e-07,0.00093597474808520414,-0.87038707782474234,-0.11792493957564146,0.17673631712937618,0.064753275609766847,0.28966761425101595,1295.0007589197271,
284,552.39281314736149,0.6797518337967059,553.07256498115817,19997,454,-0.0024316233079344309,-0.00016049115816804056,0.00036121138658899737,2.6572615194742652e-07,0.00093503808045274008,-0.87281870113267679,-0.11808543073380946,0.17707884469842153,0.065007689772184921,0.29060224140401297,1300.0887877539262,
285,552.20277775266004,0.68202729947842311,552.88480505213852,19997,454,-0.0024280971198118485,-0.00015942016658535238,0.00036002887387005312,2.6383635330939204e-07,0.00093410102947455659,-0.87524679825248863,-0.1182448509003949,0.17742004979948009,0.065261617192689206,0.2915359323658096,1305.1670822365913,
286,552.01417511634349,0.68431069285545787,552.69848580919893,19997,454,-0.0024245809967465997,-0.00015835492013491881,0.00035885185296182165,2.6196180275171249e-07,0.000933163614950263,-0.87767137924923522,-0.11840320582053013,0.17775993813354654,0.065515056257664087,0.2924686867686998,1310.2356100970242,
287,551.82699039819795,0.68660198796241023,552.51359238616033,19997,454,-0.0024210749282514619,-0.00015729539662609056,0.00035768082219399011,2.6010239028599156e-07,0.00093222585695858283,-0.88009245417748672,-0.11856050121715567,0.17809851538471511,0.065768005398760682,0.29340050426496916,1315.2943399698149,
288,551.64120892846358,0.68890115914102823,552.33011008760457,19997,454,-0.0024175788984145577,-0.00015624157143574269,0.00035651422425793237,2.5825800206847985e-07,0.00093128777532396621,-0.88251003307590126,-0.11871674278859147,0.17843578721764919,0.066020463090195616,0.294331384526755,1320.343241340822,
289,551.45681731676837,0.69120812984292812,552.14802544661131,19997,454,-0.0024140928911098483,-0.00015519141190331346,0.00035535003982104169,2.5642450930313495e-07,0.0009303493896557376,-0.88492412596701109,-0.11887193420049455,0.17877175726949188,0.06627242545932531,0.29526132724583537,1325.3822367610469,
290,551.27380234102793,0.69352297480235414,551.96732531583029,19997,454,-0.0024106168900505185,-0.00015414452666751442,0.00035418788989512715,2.5460110489901493e-07,0.00092941071935091063,-0.8873347428570616,-0.11902607872716263,0.17910642879029007,0.066523888222079053,0.2961903321334175,1330.411240553359,
291,551.09214744805058,0.69584567878788917,551.7879931268385,19997,454,-0.0024071508787236141,-0.00015310776763210844,0.0003530346365401117,2.5280141388957224e-07,0.00092847178360303743,-0.88974189373578516,-0.1191791864947941,0.17943981188434024,0.066774855319135823,0.29711839891992764,1335.4303315273974,
292,550.91183876823243,0.69817610359131721,551.61001487182375,19997,454,-0.0024036948403780285,-0.00015207655368515904,0.00035188571406196144,2.5101618397186909e-07,0.00092753260141468477,-0.89214558857616322,-0.1193312630484796,0.17977191208183826,0.067025325324028509,0.29804552735481316,1340.4394811552461,
293,550.73286238128571,0.70051427796971044,551.43337665925537,19997,454,-0.0024002487584442291,-0.00015105095809941766,0.00035074121060603262,2.4924550027899616e-07,0.00092659319155983209,-0.89454583733460746,-0.11948231400657947,0.18010273499315638,0.067275296969177958,0.2989717172063352,1345.4386640865901,
294,550.5552046001128,0.70286017774746301,551.25806477786023,19997,454,-0.0023968126158491654,-0.00015003091335607453,0.00034960107117840551,2.4748916778969495e-07,0.00092565357259258025,-0.89694264995045658,-0.11963234491993524,0.18043228616571605,0.067524768974803681,0.29989696826135831,1350.4278547270987,
295,550.37885189501367,0.70521377837854293,551.08406567339216,19997,454,-0.0023933863955529094,-0.00014901639489554926,0.00034846528389746647,2.457470765711033e-07,0.00092471376288534395,-0.89933603634600945,-0.119781361314831,0.18076057112715654,0.067773740100143073,0.300821280325138,1355.4070282627613,
296,550.20379089110111,0.7075750554649306,550.91136594656609,19997,454,-0.0023899700803304436,-0.00014800737855852103,0.00034733383724856764,2.4401911810580782e-07,0.00092377378060208646,-0.90172600642633993,-0.11992936869338942,0.18108759538574157,0.068022209143487181,0.30174465322112559,1360.3761606606001,
297,550.03000855261234,0.70994398477058496,550.73995253738292,19997,454,-0.0023865636528129825,-0.00014700354245824438,0.00034620642189542376,2.4230458940708506e-07,0.00092283364370975918,-0.90411257007915291,-0.12007637223584747,0.18141336413258974,0.068270174651124033,0.30266708679076887,1365.3352228478295,
298,549.85749161881745,0.71232054234881603,550.56981216116628,19997,454,-0.0023831670954837848,-0.00014600546146301455,0.00034508362503486533,2.4060458089449095e-07,0.00092189336997825486,-0.90649573717463672,-0.12022237769731033,0.18173788313835421,0.068517635790576556,0.30358858089331497,1370.2841981757406,
299,549.68622716835921,0.71470470408605835,550.40093187244531,19997,454,-0.0023797803906749899,-0.00014501281055183745,0.00034396513411708327,2.3891838344176938e-07,0.00092095297698703722,-0.90887551756531171,-0.1203673905078621,0.18206115785332436,0.068764591474800824,0.30450913540561991,1375.2230649045416,
300,549.51620242721287,0.71709644618008106,550.23329887339298,19997,454,-0.0023764035205705611,-0.00014402556571776651,0.00034285093742787834,2.3724589115765677e-07,0.00092001248212139034,-0.91125192108588227,-0.12051141607358011,0.18238319370838749,0.069011040654124237,0.30542875022195032,1380.1518020418307,
301,549.34740476705861,0.71949574497476321,550.06690051203338,19997,454,-0.0023730364672153999,-0.00014304370310992795,0.00034174102329354879,2.3558699879803833e-07,0.00091907190256924421,-0.91362495755309769,-0.12065445977668997,0.18270399611512947,0.069256982315848176,0.30634742525379333,1385.0703893346476,
302,549.17982170354594,0.72190257695851845,549.90172428050448,19997,454,-0.0023696792125149644,-0.0001420671989394823,0.00034063538001049063,2.3394160176680421e-07,0.00091813125533041532,-0.91599463676561266,-0.12079652697562925,0.18302357046584825,0.069502415483838925,0.30726516042966456,1389.9788072612946,
303,549.01344089457166,0.72431691876307669,549.73775781333472,19997,454,-0.0023663317382334546,-0.00014109602947940148,0.0003395340788896021,2.3230959611394775e-07,0.00091719055721680798,-0.91836096850384608,-0.12093762300510856,0.18334192213357056,0.069747339218124607,0.30818195569491952,1394.8770370232739,
304,548.84825013855584,0.72673874716220899,549.57498888571808,19997,454,-0.0023629940259949334,-0.00014013017106491451,0.00033843756848075897,2.3069087853444377e-07,0.00091624982485390811,-0.92072396252984101,-0.12107775317617352,0.18365905647207015,0.069991752614487937,0.30909781101156769,1399.7650605371443,
305,548.68423737276294,0.72916803907054595,549.41340541183354,19997,454,-0.0023596660572880283,-0.00013916960009329124,0.00033734658837823039,2.2908534636574054e-07,0.00091530907468306442,-0.923083628587129,-0.12121692277626712,0.18397497881588037,0.070235654804069181,0.31001272635808763,1404.6428604265795,
306,548.5213906716499,0.73160477154233516,549.25299544319228,19997,454,-0.0023563478134623729,-0.00013821429302451541,0.00033626099919706754,2.2749289758669391e-07,0.00091436832296213906,-0.92543997640059139,-0.12135513706929164,0.18428969448031357,0.070479044952968251,0.31092670172924342,1409.5104200144121,
307,548.35969918799628,0.73404902803246752,549.09374821602876,19997,454,-0.0023530392757366279,-0.00013726199359867706,0.00033517827658198333,2.2590896651636878e-07,0.00091342758576824822,-0.92779301567632799,-0.12149239906289036,0.18460320652870174,0.070721919448258799,0.31183973713590374,1414.3676670457278,
308,548.19915102764753,0.73650046814072212,548.93565149578831,19997,454,-0.0023497404498747949,-0.00013631605755884689,0.00033410087211731553,2.2434023074530111e-07,0.00091248687899837691,-0.93014275612620279,-0.12162871512044908,0.18491552138381098,0.070964278955662582,0.31275183260486145,1419.2146148342961,
309,548.03973438951812,0.73896046777979885,548.77869485729786,19997,454,-0.0023464513837317662,-0.00013537385137112951,0.00033302615805800841,2.2278134905301101e-07,0.00091154621838395995,-0.93248920750993458,-0.12176408897182008,0.18522664283896229,0.071206121707831416,0.31366298817867,1424.0512280349205,
310,547.88145382039374,0.7414271018102977,548.62288092220399,19997,454,-0.0023431719057560732,-0.00013441457704455338,0.00033193334579749488,2.2119069883935531e-07,0.00091060561927687163,-0.93483237941569064,-0.12189850354886507,0.18553655389328536,0.071447425788714297,0.3145732039154423,1428.8770683484972,
311,547.72428424322925,0.74389928476053591,548.46818352798982,19997,454,-0.002339902080948112,-0.00013348380189412315,0.00033086797407229411,2.1965932176714447e-07,0.0009096650917710229,-0.93717228149663878,-0.122031987350759,0.18584528310324983,0.071688212629923462,0.31548247983664646,1433.6925643858392,
312,547.56821020524649,0.74638020496581747,548.3145904102123,19997,454,-0.0023366418666400731,-0.00013255991875896309,0.00032980847655467849,2.1814393963710723e-07,0.00090872463649566398,-0.93950892336327885,-0.12216454726951803,0.18615283743035888,0.071928483278781485,0.3163908160642015,1438.4977370923509,
313,547.41322210849125,0.74886841598331522,548.16209052447459,19997,454,-0.0023333912412895354,-0.00013164115814971608,0.00032875311057321816,2.1664098138618093e-07,0.00090778429224513946,-0.94184231460456835,-0.12229618842766785,0.18645922207836294,0.072168237154372442,0.31729821269616232,1443.2925748502944,
314,547.25930907979046,0.75136388852506297,548.01067296831548,19997,454,-0.0023301501854775916,-0.00013072747257128299,0.00032770183919060363,2.1515030599383047e-07,0.00090684406978657503,-0.94417246479004591,-0.12242691590023934,0.18676444220736044,0.072407473688691187,0.31820466985358342,1448.0770663001351,
315,547.10646036177582,0.75386660080505741,547.86032696258087,19997,454,-0.0023269186793572973,-0.00012981883891428813,0.00032665465027703557,2.136718168904472e-07,0.00090590398507701259,-0.94649938346940321,-0.12255673473915331,0.18706850295801136,0.072646192345062269,0.31911018767078098,1452.8512007089003,
316,546.95466531858165,0.75637653121598236,547.71104184979765,19997,454,-0.0023236967030111823,-0.00012891523429260646,0.00032561153201182826,2.1220541843828547e-07,0.00090496405262731415,-0.94882308017241435,-0.12268564997344621,0.18737140945196817,0.072884392617930741,0.32001476629659587,1457.6149679659968,
317,546.8039133687048,0.75889398365106442,547.56280735235589,19997,454,-0.0023204842364093351,-0.00012801596723958941,0.00032457190003385317,2.1074967794053638e-07,0.00090402428677818086,-0.95114356440882364,-0.1228136659406853,0.18767316612325929,0.073122073047475741,0.3209184058942347,1462.3683388764673,
318,546.6542041375933,0.76141828182129867,547.4156224194146,19997,454,-0.0023172812965314158,-0.00012709724814379426,0.00032351199334933412,2.0925707614335124e-07,0.00090308470170661357,-0.95346084570535505,-0.12294076318882911,0.18797375361999955,0.073359197072159196,0.3218211066411063,1467.1105822461118,
319,546.50551781379659,0.7639494142305101,547.26946722802711,19997,454,-0.00231408950152347,-0.00012620790077863547,0.00032248052268569804,2.0782524619486587e-07,0.00090214531142763328,-0.95577493520687851,-0.12306697108960782,0.18827320141178511,0.073595800207229431,0.32272286872866013,1471.8424083443813,
320,546.35784314603416,0.7664880103448084,547.12433115637896,19997,454,-0.0023109075327043243,-0.00012532467471204276,0.00032145425430298702,2.0640749035568031e-07,0.00090120612984599864,-0.95808584273958286,-0.12319229576431948,0.18857151572529202,0.073831883817052649,0.32362369236227889,1476.563844457236,
321,546.21117042343326,0.7690337206366179,546.98020414406983,19997,454,-0.0023077349977667899,-0.00012444633984312351,0.0003204319716268709,2.0500129181860352e-07,0.00090026717076134046,-0.96039357773734968,-0.12331674210416295,0.18886870156349392,0.074067447512738124,0.32452357776112861,1481.2748828072497,
322,546.06548971976827,0.77158652178517706,546.8370762415534,19997,454,-0.0023045718550049024,-0.00012357289206085085,0.00031941368109377562,2.0360660167579556e-07,0.00089932844768632315,-0.96269814959235456,-0.12344031499622397,0.18916476392882664,0.074302490963518014,0.32542252515795367,1485.9755167793967,
323,545.92079121792244,0.77414639303953314,546.69493761096203,19997,454,-0.0023014180717229214,-0.00012270430923320993,0.00031839937098679133,2.02223329322331e-07,0.00089838997400282954,-0.96499956766407746,-0.12356301930545679,0.1894597078051112,0.07453701386751567,0.32632053479889889,1490.6657403364459,
324,545.77706521101436,0.77671331378650321,546.55377852480092,19997,454,-0.0022982736270841697,-0.00012184056904989589,0.00031738902940380909,2.0085138433767402e-07,0.00089745176293451467,-0.96729784129116159,-0.1236848598745072,0.1897535381574191,0.07477101595110934,0.32721760694335777,1495.3455480062357,
325,545.63430210111983,0.7792872635318181,546.41358936465167,19997,454,-0.0022951385004081081,-0.00012098164926323089,0.00031638264442567339,1.9949067689573931e-07,0.00089651382755257631,-0.96959297979156966,-0.12380584152377028,0.19004625993209412,0.075004496968582551,0.32811374186381886,1500.0149348746825,
326,545.49249239796495,0.78186822189900151,546.27436061986396,19997,454,-0.0022920126709121942,-0.0001201275276909566,0.00031538020411879341,1.9814111776710721e-07,0.00089557618077599447,-0.97188499246248183,-0.12392596905146172,0.19033787805677713,0.07523745670178171,0.32900893984571311,1504.6738965789325,
327,545.35162671764965,0.78445616862842993,546.13608288627813,19997,454,-0.0022888961177073204,-0.00011927818221590868,0.00031438169653568381,1.9680261831659022e-07,0.00089463883537429232,-0.97417388858018916,-0.12404524723367671,0.19062839744043364,0.075469894959776837,0.32990320118726479,1509.3224293005769,
328,545.21169578138188,0.78705108357635012,545.99874686495821,19997,454,-0.0022857888197993768,-0.00011843359078633315,0.00031338710971552821,1.9547509050089455e-07,0.0008937018039678915,-0.97645967739998851,-0.12416368082446336,0.19091782297338489,0.075701811578524292,0.3307965261993408,1513.9605297589073,
329,545.07269041422728,0.78965294671394359,545.86234336094128,19997,454,-0.0022826907560896201,-0.00011759373141593747,0.00031239643168494619,1.9415844686692341e-07,0.00089276509902941792,-0.97874236815607818,-0.12428127455587976,0.19120615952733316,0.075933206420533195,0.33168891520530458,1518.5881952042434,
330,544.9346015438789,0.79226173812641076,545.7268632820053,19997,454,-0.0022796019053804377,-0.00011675858218401577,0.00031140965045847193,1.9285260054881688e-07,0.0008918287328857819,-0.98102197006145864,-0.12439803313806357,0.19149341195538921,0.076164079374530513,0.33258036854086898,1523.2054234112356,
331,544.79742019945456,0.79487743801200539,545.59229763746657,19997,454,-0.0022765222463710993,-0.00011592812123564336,0.00031042675403931199,1.9155746526657571e-07,0.0008908927177196153,-0.98329849230782973,-0.1245139612592986,0.19177958509210299,0.076394430355135309,0.33347088655395163,1527.8122126723511,
332,544.66113751025318,0.79750002668115694,545.45863753693436,19997,454,-0.0022734517576629065,-0.00011510232678161403,0.00030944773041980517,1.9027295532311461e-07,0.00088995706556926511,-0.98557194406549264,-0.12462906358608057,0.19206468375349542,0.076624259302528655,0.33436046960453175,1532.4085617912706,
333,544.52574470460991,0.80012948455553434,545.32587418916546,19997,454,-0.0022703904177607129,-0.00011428117709878354,0.00030847256758223041,1.8899898560242358e-07,0.00088902178833194794,-0.98784233448325331,-0.12474334476317941,0.19234871273708207,0.076853566182132571,0.33524911806450719,1536.9944700764693,
334,544.39123310868445,0.80276579216715627,545.19399890085162,19997,454,-0.0022673382050710073,-0.00011346465053003691,0.00030750127252333794,1.8773547156732956e-07,0.00088808689776372399,-0.99010967268832428,-0.12485680941370939,0.19263167682190627,0.0770823509842853,0.33613683231755448,1541.5699373347218,
335,544.25759432385121,0.8054089376814626,545.06300326153269,19997,454,-0.0022642950979059676,-0.00011265242692350191,0.00030653387411506728,1.8648173186674003e-07,0.00088715240548135736,-0.99237396778623022,-0.124969461840633,0.19291358047001153,0.077310613431700564,0.33702361275898851,1546.1349580205797,
336,544.12481998053795,0.80805887973724888,544.9328788602752,19997,454,-0.0022612611241811143,-0.00011184463558442639,0.00030557099534520948,1.8523798591506325e-07,0.00088621832296369,-0.99463522891041134,-0.1250813064762174,0.19319442827572861,0.077538353416604477,0.33790945979562492,1550.6895299786729,
337,543.99290135302795,0.81071569612258765,544.80361704915049,19997,454,-0.0022582363372749205,-0.00011104178217540971,0.00030461251234075451,1.8400520330980938e-07,0.00088528466155344155,-0.99689346524768629,-0.12519234825839276,0.1934742253419888,0.07776557135721085,0.33879437384564359,1555.2336615728598,
338,543.861831412421,0.81338227499166948,544.67521368741268,19997,454,-0.0022552205964098074,-0.0001102357915379641,0.00030365028226813273,1.8276720089673842e-07,0.00088435143246842448,-0.99914868584409611,-0.12530258404993083,0.19375297965429514,0.077992258272654852,0.33967835533845675,1559.7671731948244,
339,543.73160992937414,0.81604942279503323,544.54765935216915,19997,454,-0.002252213917002352,-0.00010943636434795437,0.00030269388094934053,1.8154334608550746e-07,0.00088341864678863997,-1.0014008997610984,-0.12541202041427857,0.19403069422421776,0.078218416598629631,0.34056140471458107,1564.2901135559939,
340,543.60221620456332,0.81872642223817038,544.42094262680143,19997,454,-0.0022492162651738768,-0.00010864758674638983,0.00030174738769634085,1.8034175857595645e-07,0.00088248631556920871,-1.0036501160262723,-0.12552066800102515,0.19430737322573899,0.078444053761181853,0.34144352242562326,1568.8026311698759,
341,543.47364546039103,0.82141015894034508,544.29505561933138,19997,454,-0.0022462275633244378,-0.00010786298551030848,0.00030080434523906835,1.791494439676718e-07,0.00088155444971572592,-1.0058963435895967,-0.12562853098653559,0.19458304921516814,0.078669169551364951,0.34232470893411071,1573.3047218577476,
342,543.34589034038186,0.82410161678484373,544.16999195716664,19997,454,-0.0022432478115417347,-0.00010708015012280427,0.00029986235797887535,1.7796155536392407e-07,0.00088062305990016065,-1.0081395914011384,-0.12573561113665818,0.19485771745232089,0.078893761335500759,0.34320496471326006,1577.7963329486797,
343,543.21894769504456,0.82679771661371615,544.04574541165823,19997,454,-0.0022402777852622204,-0.00010629895679649216,0.00029892130410185351,1.7677780929290462e-07,0.00087969215666825785,-1.0103798691864005,-0.12584191009345463,0.19513138330200858,0.079117826353582082,0.34408429024685083,1582.277409245288,
344,543.09280341312933,0.82950148743477958,543.92230490056409,19997,454,-0.0022373181454035497,-0.00010552777710453424,0.0002979895558468498,1.7561490157995622e-07,0.00087876175044073618,-1.0126171873318042,-0.12594743787055895,0.19540408290576422,0.079341370691747445,0.34496268602911112,1586.7480724642571,
345,542.96745086564897,0.83221190973351111,543.79966277538244,19997,454,-0.0022343666544132317,-0.00010476092809821325,0.00029706145184970023,1.7446143443542708e-07,0.00087783185152518731,-1.0148515539862173,-0.12605219879865726,0.19567586046949992,0.07956439452981863,0.34584015256459472,1591.2083262018427,
346,542.84288247859263,0.8349289562372707,543.67781143482989,19997,454,-0.0022314241130461255,-0.00010399844503635383,0.00029613703816386554,1.733174472950658e-07,0.00087690247009341899,-1.0170829780992634,-0.12615619724369373,0.19594671851971587,0.079786898132285802,0.34671669036804342,1595.6581757475838,
347,542.71909057282551,0.8376530763438399,543.55674364916933,19997,454,-0.0022284904066535286,-0.0001032398608191131,0.00029521585635602628,1.7218197018526222e-07,0.0008759736161851533,-1.019311468505917,-0.12625943710451287,0.19621665199492982,0.080008881334954526,0.34759229996425722,1600.0976178177555,
348,542.59606912253184,0.84038365606640131,543.43645277859821,19997,454,-0.0022255655111065031,-0.00010248433995543162,0.00029429707883329444,1.710532939957016e-07,0.00087504529971486617,-1.0215370340170236,-0.12636192144446851,0.19648568884845907,0.080230343160974729,0.34846698188797182,1604.5266328763337,
349,542.47381134745979,0.84311979970940021,543.31693114716916,19997,454,-0.0022226495831223127,-0.0001017336079976445,0.00029338243794838873,1.6993483527649639e-07,0.00087411753047962506,-1.0237596836001459,-0.12646365505246598,0.19675389582540734,0.080451284413417631,0.34934073668374194,1608.9452369839391,
350,542.35230763237882,0.84586302504437583,543.19817065742325,19997,454,-0.0022197426663211959,-0.00010098848723632239,0.00029247276452047856,1.6882820807424677e-07,0.00087319031818187866,-1.0259794262664672,-0.12656464353970204,0.19702122062701527,0.080671706785153591,0.35021356490584726,1613.3534639962866,
351,542.2315512568332,0.84861292493881124,543.08016418177203,19997,454,-0.0022168441349029126,-0.00010024751503160417,0.00029156660640285213,1.6773044966628233e-07,0.00087226367239945921,-1.0281962704013701,-0.1266648910547338,0.19728767499420843,0.080891610524888372,0.3510854671181598,1617.7513188872426,
352,542.11153524257406,0.85136934285809429,542.96290458543217,19997,454,-0.0022139544578856484,-9.9510821954883403e-05,0.0002906641034054629,1.6664178938936447e-07,0.0008713376025579582,-1.0304102248592557,-0.1267644018766885,0.19755326941764589,0.081110996055854367,0.35195644389399944,1622.1388101210314,
353,541.99225257355215,0.85413226015713439,542.84638483370929,19997,454,-0.0022110734735251419,-9.8778351333760311e-05,0.00028976520715857853,1.6556208137217647e-07,0.00087041211798130646,-1.0326212983327809,-0.12686318022802265,0.19781796633913418,0.08132986378411125,0.35282649581602299,1626.515945818441,
354,541.87369623731161,0.85690177647385413,542.73059801378542,19997,454,-0.0022082011612528942,-9.8050007868613162e-05,0.00028886983060834185,1.6449110207166196e-07,0.00086948722786735991,-1.0348294994940339,-0.12696123023589159,0.19808175131464084,0.081548214061812993,0.35369562347610628,1630.882733022198,
355,541.75585966659105,0.85967752416522492,542.6155371907563,19997,454,-0.0022053374978142984,-9.7325932733254993e-05,0.00028797812304716164,1.63429101195651e-07,0.00086856294130088915,-1.0370348369918483,-0.12705855616862438,0.19834465552107464,0.081766047415622559,0.35456382747522786,1635.2391822650357,
356,541.63873582354881,0.86245989197394857,542.50119571552273,19997,454,-0.0022024824606305215,-9.6605754408721176e-05,0.00028708972115689844,1.6237530370577317e-07,0.00086763926725329362,-1.0392373194524789,-0.12715516192303392,0.19860666873287056,0.081983364049190321,0.35543110842335601,1639.5852976197573,
357,541.52231839691717,0.8652485677777213,542.38756696469488,19997,454,-0.002199636030688614,-9.5889536931414453e-05,0.0002862046965539344,1.613298052069152e-07,0.00086671621458182639,-1.0414369554831675,-0.12725105145996451,0.19886779589043604,0.082200164262392447,0.35629746693933534,1643.9210850835866,
358,541.40660032537403,0.86804373135026236,542.27464405672424,19997,454,-0.0021967981894811472,-9.5177810207005436e-05,0.00028532358633910371,1.6029363282608477e-07,0.00086579379203357708,-1.0436337536726485,-0.12734622927017117,0.19912805874525841,0.082416448913716578,0.35716290365077408,1648.2465618254178,
359,541.29157509139077,0.87084528254898652,542.16242037393977,19997,454,-0.002193968894147033,-9.4470254545508825e-05,0.00028444607996013399,1.5926611802802824e-07,0.00086487200824874309,-1.0458277225667956,-0.12744069952471729,0.1993874629674828,0.082632218586824138,0.35802741919393594,1652.5617395178958,
360,541.17723618895729,0.87365321299288956,542.05088940195014,19997,454,-0.0021911481391316667,-9.3766780139690665e-05,0.00028357209565378231,1.5824705152986736e-07,0.00086395087175068839,-1.0480188707059273,-0.12753446630485682,0.19964600587291778,0.082847473814679495,0.35889101421363012,1656.8666288197753,
361,541.06357719318748,0.87646750591640743,541.94004469910385,19997,454,-0.0021883358903562094,-9.3067367298511506e-05,0.00028270162168251553,1.5723636393745145e-07,0.00086303039095524754,-1.0502072065962835,-0.1276275336721551,0.19990370742876895,0.083062215147575613,0.35975368936309948,1661.1612407363648,
362,540.9505917493957,0.8792881446146541,541.82987989401033,19997,454,-0.0021855321255089518,-9.2371996286025169e-05,0.00028183464606637034,1.5623398601740904e-07,0.00086211057417124085,-1.0523927387217924,-0.1277199056684416,0.20016058575112936,0.083276443152725754,0.36061544530391276,1665.4455866113624,
363,540.83827357223231,0.88211511247038832,541.7203886847027,19997,454,-0.0021827368208303015,-9.1680647409295664e-05,0.0002809711568210179,1.5523984902246306e-07,0.0008611914295994479,-1.0545754755426227,-0.12781158631585046,0.20041665442651524,0.083490158413995805,0.36147628270585747,1669.7196781215021,
364,540.72661644486539,0.88494839295354311,541.61156483781895,19997,454,-0.0021799499524749687,-9.0993301042762686e-05,0.00028011114196785093,1.5425388471041919e-07,0.00086027296533581371,-1.0567554254950977,-0.12790257961689366,0.20067198362336672,0.083703361531657014,0.36233620224683416,1673.9835272716086,
365,540.6156142181726,0.88778796962056217,541.5034021877932,19997,454,-0.0021771714965398699,-9.0309937628766044e-05,0.00027925458953418953,1.5327602534155885e-07,0.00085935518937127443,-1.0589325969916377,-0.12799288955452187,0.20092656731516481,0.083916053122138276,0.36319520461275151,1678.2371463896434,
366,540.50526080997315,0.89063382611377151,541.39589463608695,19997,454,-0.0021744014290691754,-8.9630537677443754e-05,0.00027840148755390497,1.5230620367643573e-07,0.00085845930673726872,-1.0611069984207069,-0.12808252009219931,0.20118035367875722,0.084128233817781561,0.36405329049742291,1682.4805481218134,
367,540.39555020421813,0.89348594616070631,541.28903615037882,19997,454,-0.0021716397260527396,-8.895508176672988e-05,0.00027755182406781985,1.5134435297315143e-07,0.00085790697551302037,-1.0632786381467596,-0.12817147517396607,0.20143336245290747,0.084339904266599444,0.36491046060246313,1686.7137454277222,
368,540.28648537704589,0.89634420849248586,541.18282958553834,19997,454,-0.0021688863634264466,-8.8255723405148136e-05,0.00027667775998673009,1.503347898949275e-07,0.00085735216743897461,-1.065447524510186,-0.12825973089737158,0.20168564266904118,0.084551019173925115,0.36576671563718643,1690.9358324593284,
369,540.17805377045715,0.89920894723346378,541.07726271769059,19997,454,-0.0021661413170751282,-8.757979165714195e-05,0.00027582662687549217,1.4937231401162116e-07,0.00085679491461734412,-1.067613665827261,-0.12834731068902852,0.20193720347784336,0.084761611297858155,0.36662205631850608,1695.1474643458653,
370,540.07024690050866,0.9020797846384877,540.9723266851471,19997,454,-0.0021634045621706744,-8.6917274267847767e-05,0.00027498842001043116,1.4843668167427298e-07,0.00085623524890163303,-1.0697770703894316,-0.12843422796329679,0.20218797428036747,0.084971697039430263,0.36747648337090755,1699.3489690915658,
371,539.96305911834656,0.90495682117441312,540.868015939521,19997,454,-0.0021606760784524891,-8.6257917706656433e-05,0.00027415289771467831,1.4750732884858648e-07,0.00085567320188390591,-1.0719377464678841,-0.12852048588100318,0.20243793002573424,0.0851812759477098,0.36832999752629941,1703.5403376782483,
372,539.85648473494598,0.90784004070455671,540.76432477565049,19997,454,-0.0021579558359562123,-8.5602399398867967e-05,0.00027332074490430053,1.4658559286025959e-07,0.00085510880481354831,-1.0740957023038402,-0.12860608828040176,0.20268706591656163,0.085390348734346658,0.36918259952385912,1707.7215843381989,
373,539.75051812121501,0.91072942744959129,540.66124754866462,19997,454,-0.0021552438120626045,-8.4950704733333029e-05,0.00027249195394478718,1.4567141877755434e-07,0.00085454208867344708,-1.0762509461159029,-0.12869103898513501,0.20293539236574037,0.085598916132315794,0.37003429010997796,1711.8927237301837,
374,539.64515370885738,0.91362496572325591,540.55877867458059,19997,454,-0.0021525399824756071,-8.4302814834600855e-05,0.00027166651300341763,1.4476474357080672e-07,0.00085397308417099163,-1.0784034860983784,-0.12877534179996986,0.20318291053096427,0.085806978888665203,0.37088507003815369,1716.0537707944154,
375,539.54038598967804,0.91652663991961691,540.4569126295977,19997,454,-0.0021498443228118182,-8.3658710865902442e-05,0.00027084441022996036,1.438655046284495e-07,0.00085340182174233959,-1.0805533304211903,-0.12885900051083615,0.2034296126861562,0.0860145377642412,0.37173494006889563,1720.2047407470598,
376,539.43620951488469,0.91943443451233231,540.35564394939706,19997,454,-0.0021471568086400606,-8.301837405824473e-05,0.00027002563378467547,1.4297363981075019e-07,0.0008528283315545744,-1.0827004872298303,-0.12894201888489376,0.20367550535370926,0.086221593533468491,0.37258390096963018,1724.3456490758363,
377,539.33261889439746,0.92234833405403116,540.25496722845151,19997,454,-0.0021444774154880698,-8.2381785709806905e-05,0.00026921017183845029,1.4208908744679823e-07,0.00085225264350585674,-1.0848449646453184,-0.12902440067060367,0.20392055078625085,0.086428146984130413,0.37343195351460834,1728.4765115356242,
378,539.22960879616812,0.92526832317576624,540.15487711934384,19997,454,-0.0021418061188407584,-8.1748927186743944e-05,0.00026839801257351085,1.412117863329705e-07,0.00085167478723072447,-1.0869867707641592,-0.12910614959779082,0.2041647554389083,0.086634198917148103,0.37427909848481228,1732.5973441440449,
379,539.1271739454985,0.92819438658641862,540.05536833208487,19997,454,-0.0021391428941437071,-8.1119779922870001e-05,0.00026758914418364976,1.4034167572971485e-07,0.00085109479209922122,-1.0891259136583029,-0.12918726937771377,0.20440811868612613,0.086839750146367578,0.37512533666786463,1736.7081631772053,
380,539.02530912438215,0.93112650907214278,539.95643563345425,19997,454,-0.0021364877168036952,-8.0494325419295994e-05,0.00026678355487451421,1.3947869535891807e-07,0.00085051268722148696,-1.0912624013751067,-0.12926776370313248,0.20465066030075438,0.087044801498342914,0.37597066885793695,1740.8089851653599,
381,538.92400917085183,0.93406467549578309,539.85807384634757,19997,454,-0.0021338405621871611,-7.9872545244968137e-05,0.00026598123286420273,1.3862278540192343e-07,0.00084992850144769338,-1.0933962419372938,-0.12934763624837811,0.20489238569940735,0.087249353812126992,0.37681509585566109,1744.8998268887278,
382,538.82326897831103,0.93700887079634609,539.76027784910741,19997,454,-0.0021312014056253112,-7.9254421036355503e-05,0.00026518216638346547,1.377738864963821e-07,0.00084934226337127759,-1.0955274433429192,-0.1294268906694141,0.2051333330679635,0.087453407939059022,0.37765861846803922,1748.9807053732413,
383,538.72308349490072,0.93995907998842987,539.66304257488912,19997,454,-0.0021285702224115416,-7.8639934497494162e-05,0.00026438634367609239,1.3693193973405618e-07,0.00084875400133149347,-1.0976560135653308,-0.12950553060391151,0.2053735875086892,0.087656964742559393,0.37850123750835607,1753.0516378864454,
384,538.62344772287292,0.94291528816168779,539.56636301103458,19997,454,-0.0021259469878051793,-7.8029067399845655e-05,0.00026359375299922358,1.3609688665804713e-07,0.00084816374341379816,-1.099781960553136,-0.12958355967131141,0.20561310236923427,0.087860025097920597,0.37934295379609212,1757.1126419333141,
385,538.52435671795365,0.94587748048026943,539.4702341984339,19997,454,-0.0021233316770327536,-7.742180158246096e-05,0.00026280438262384006,1.3526866926035557e-07,0.00084757151745336822,-1.1019052922301689,-0.12966098147289384,0.20585185816044874,0.088062589892107621,0.38018376815683658,1761.1637352522603,
386,538.4258055887135,0.94884564218228906,539.37465123089578,19997,454,-0.0021207242652839528,-7.6818118951821966e-05,0.0002620182208349857,1.3444722997928602e-07,0.00084697735103644628,-1.1040260164954527,-0.12973779959184586,0.20608978877262257,0.088264660023552086,0.38102368142220266,1765.2049358110182,
387,538.32778949599856,0.95181975857931223,539.27960925457785,19997,454,-0.0021181247277200031,-7.6218001481889557e-05,0.0002612352559321365,1.3363251169683917e-07,0.00084638127150250375,-1.1061441412231727,-0.12981401759332759,0.20632689699787318,0.088466236401955625,0.38186269442974241,1769.2362618027105,
388,538.23030365226077,0.95479981505581391,539.18510346731659,19997,454,-0.0021155330394684113,-7.5621431213892406e-05,0.00026045547622945045,1.3282445773621085e-07,0.00084578330594588854,-1.1082596742626412,-0.12988963902454193,0.20656317030362412,0.088667319948088727,0.38270080802286255,1773.2577316418265,
389,538.1333433210134,0.95778579706863931,539.09112911808199,19997,454,-0.0021129491756301387,-7.502839025665696e-05,0.00025967887005634734,1.3202301185927967e-07,0.00084518348121861509,-1.1103726234382714,-0.1299646674147984,0.20679861243615139,0.088867911593598289,0.38353802305074219,1777.2693639603722,
390,538.03690381622368,0.96077769014653891,538.99768150637021,19997,454,-0.0021103731112740616,-7.4438860786090282e-05,0.00025890542575754833,1.3122811826385269e-07,0.00084458182393099489,-1.1124829965495455,-0.13003910627558424,0.20703322712610822,0.08906801228081189,0.38437434036824986,1781.2711776039571,
391,537.94098050172283,0.96377547988958734,538.90475598161242,19997,454,-0.002107804821441274,-7.3852825045493686e-05,0.00025813513169355227,1.3043972158135054e-07,0.00084397836045538093,-1.1145908013709869,-0.1301129591006295,0.20726705624986594,0.089267622962545354,0.38520976083586272,1785.2631916279445,
392,537.84556879062984,0.96677915196873498,538.81234794259854,19997,454,-0.0021052442811491561,-7.3270265345439097e-05,0.00025736797624097314,1.2965776687413676e-07,0.00084337311692611497,-1.116696045652136,-0.13018622936597521,0.20750009598751243,0.089466744601912992,0.38604428531958529,1789.2454252936579,
393,537.75066414481194,0.96978869212527086,538.72045283693717,19997,454,-0.0021026914653844014,-7.2691164063801416e-05,0.00025660394779281526,1.2888219963314202e-07,0.00084276611924241954,-1.1187987371175203,-0.13025892053003893,0.20773234915530414,0.089665378172141444,0.38687791469087007,1793.2178980646568,
394,537.65626207427408,0.97280408617034642,538.62906616044438,19997,454,-0.0021001463491109934,-7.2115503645423824e-05,0.0002558430347586247,1.2811296577478441e-07,0.00084215739307110535,-1.1208988834666314,-0.1303310360336844,0.20796381581696546,0.089863524656380298,0.38771064982653841,1797.1806296029495,
395,537.56235813664512,0.97582531998445254,538.53818345662955,19997,454,-0.0020976089072686712,-7.1543266602261022e-05,0.00025508522556509726,1.2735001163909729e-07,0.00084154696384647852,-1.1229964923739,-0.13040257930028634,0.20819448105319208,0.090061185047519171,0.38854249160870175,1801.1336397653358,
396,537.46894793660135,0.97885237951695325,538.44780031611833,19997,454,-0.0020950791147755906,-7.0974435513421972e-05,0.0002543305086561596,1.2659328398683957e-07,0.00084093485677416973,-1.1250915714886756,-0.13047355373580027,0.20842434137398821,0.090258360348005842,0.38937344092468479,1805.0769485997689,
397,537.37602712534112,0.98188525078561473,538.35791237612671,19997,454,-0.0020925569465247429,-7.0408993025015563e-05,0.00025357887249334088,1.25842729996933e-07,0.00084032109683215687,-1.1271841284352002,-0.13054396272882471,0.20865340296076315,0.090455051569664616,0.39020349866694792,1809.0105763417228,
398,537.28359140004864,0.98492391987609362,538.26851531992475,19997,454,-0.0020900423773893653,-6.9846921850004313e-05,0.00025283030555607366,1.2509829726409608e-07,0.00083970570877145954,-1.1292741708125895,-0.13061380965067509,0.20888167403532837,0.090651259733518064,0.39103266573301215,1812.9345434106278,
399,537.19163650335213,0.98796837294146844,538.17960487629364,19997,454,-0.0020875353822230628,-6.9288204768378894e-05,0.00025208479634194163,1.2435993379618099e-07,0.00083908871712056225,-1.1313617061948127,-0.13068309785544391,0.20910915630386387,0.090846985869609501,0.39186094302538299,1816.8488704063204,
400,537.10015822280707,0.99101859620178467,538.09117681900887,19997,454,-0.0020850359358588048,-6.8732824626908728e-05,0.00025134233336711602,1.2362758801179463e-07,0.00083847014618493548,-1.1334467421306715,-0.13075183068007001,0.20933585459416248,0.091042231016828706,0.39268833145147625,1820.7535781055574,
401,537.00915239038886,0.99407457594357318,538.00322696633248,19997,454,-0.0020825440131128051,-6.8180764339121903e-05,0.00025060290516624968,1.2290120873750662e-07,0.0008378500200494801,-1.1355292861437842,-0.13082001144440977,0.20956179188151677,0.091236996222739203,0.39351483192354431,1824.6486874585614,
402,536.91861488197856,0.99713629851939289,537.91575118049798,19997,454,-0.0020800595887815478,-6.763200688517981e-05,0.00024986650029319685,1.2218074520545735e-07,0.00083722836258159732,-1.1376093457325658,-0.1308876434512945,0.20978698515642585,0.091431282543402423,0.39434044535860313,1828.5342195855051,
403,536.82854161683917,1.0002037503473806,537.82874536718657,19997,454,-0.0020775826376470911,-6.7086535312067989e-05,0.00024913310732109772,1.2146614705113013e-07,0.00083660519743002635,-1.1396869283702129,-0.13095472998660596,0.21001143317797566,0.091625091043215881,0.39516517267835904,1832.4101957732744,
404,536.73892855714553,1.0032769179107652,537.74220547505627,19997,454,-0.0020751131344740178,-6.6544332733182863e-05,0.00024840271484258568,1.2075736431036364e-07,0.00083598054803032907,-1.141762041504687,-0.1310212743193398,0.21023518421972803,0.091818422794738161,0.39598901480913856,1836.2766374719686,
405,536.64977170747966,1.0063557877574578,537.65612749523711,19997,454,-0.0020726510540134387,-6.6005382328583197e-05,0.00024767531147012805,1.200543474171855e-07,0.00083535443760369618,-1.1438346925587004,-0.13108727970166825,0.21045823285306881,0.092011278878525601,0.39681197268181617,1840.1335662916335,
406,536.56106711434495,1.0094403464995774,537.57050746084451,19997,454,-0.0020701963710011719,-6.5469667344649992e-05,0.00024695088583635507,1.1935704720114085e-07,0.00083472688915996597,-1.1459048889297017,-0.13115274936901311,0.21068055026216592,0.092203660382968372,0.39763404723174489,1843.9810039989845,
407,536.47281086567909,1.0125305808130178,537.48534144649216,19997,454,-0.002067749060162394,-6.4937171094091875e-05,0.0002462294265940339,1.1866541488477658e-07,0.00083409792549916841,-1.147972637989864,-0.13121768654010693,0.21090216455998678,0.092395568404127187,0.39845523939868621,1847.8189725141397,
408,536.38499909040092,1.0156264774370318,537.40062556783801,19997,454,-0.0020653090962065622,-6.4407876956197881e-05,0.00024551125290125892,1.1797940208149049e-07,0.00083346756921256788,-1.1500379470860707,-0.13128209441706334,0.2111231480407276,0.092587004045571561,0.39927555012674137,1851.6474939073858,
409,536.29762795790543,1.0187280231737474,537.31635598107914,19997,454,-0.0020628764538350671,-6.3881768376146408e-05,0.00024479772658714613,1.1729896079249574e-07,0.0008328358426862852,-1.1521008235399057,-0.13134597618543931,0.21134345423914186,0.092777968418222403,0.40009498036428331,1855.4665903960299,
410,536.21069367763971,1.0218352048877717,537.2325288825275,19997,454,-0.00206045110773782,-6.335882886539586e-05,0.00024408737472227012,1.1662404340478133e-07,0.00083220276810036953,-1.1541612746476435,-0.13140933501430535,0.21156307099144858,0.092968462640194413,0.40091353106388938,1859.2762843412481,
411,536.12419249861887,1.0249480095057764,537.14914050812467,19997,454,-0.002058033032594012,-6.2839042001493252e-05,0.00024337993208385373,1.1595460268838113e-07,0.00083156836743271726,-1.1562193076802376,-0.1314721740563064,0.21178202605259022,0.093158487836637355,0.40173120318227368,1863.0765982449104,
412,536.03812070898471,1.0280664240160102,537.06618713300077,19997,454,-0.0020556222030758686,-6.2322391427925667e-05,0.00024267538379930302,1.1529059179412471e-07,0.00083093266245893075,-1.1582749298833135,-0.13153449644773446,0.21200036338200196,0.093348045139586791,0.40254799768022204,1866.8675547465962,
413,535.95247463555688,1.0311904354679886,536.98366507102492,19997,454,-0.0020532185938467538,-6.1808860854117132e-05,0.0002419737187429006,1.14631964250913e-07,0.00083029567475539695,-1.1603281484771601,-0.13159630530858799,0.21221807270113638,0.093537135687806652,0.4033639155225256,1870.6491766204451,
414,535.86725064338975,1.0343200309719607,536.90157067436166,19997,454,-0.0020508221795633073,-6.1298434055220133e-05,0.00024127492581045145,1.1397867396354107e-07,0.00082965742569993237,-1.1623789706567234,-0.13165760374264354,0.21243511661477485,0.09372576062664284,0.40417895767791628,1874.4214867722301,
415,535.78244513533582,1.0374551976986017,536.81990033303441,19997,454,-0.0020484329348747373,-6.079109487222767e-05,0.00024057899391969568,1.1333067520999077e-07,0.0008290179364746664,-1.164427403591598,-0.13171839483751663,0.21265151577890634,0.093913921107871154,0.40499312511900276,1878.1845082363152,
416,535.69805455161577,1.0405959228785087,536.73865047449431,19997,454,-0.0020460508344268182,-6.0286827211680148e-05,0.0002398859120102494,1.1268792263916567e-07,0.00082837722806553633,-1.1664734544260249,-0.13177868166472786,0.21286727090382923,0.094101618289552019,0.40580641882220619,1881.9382641727509,
417,535.61407536939669,1.0437421938018898,536.65781756319859,19997,454,-0.0020436758528588109,-5.9785615045755385e-05,0.00023919566904417175,1.1205037126846848e-07,0.00082773532126611518,-1.1685171302788837,-0.13183846727977341,0.21308248724109741,0.094288853335882619,0.4066188397676983,1885.6827778643164,
418,535.53050410236119,1.0468939978180838,536.57739810017927,19997,454,-0.0020413079648090751,-5.9287442412014172e-05,0.00023850825400577227,1.1141797648106775e-07,0.00082709223667787963,-1.1705584382436929,-0.13189775472218548,0.213297153607791,0.094475627417054189,0.40743038893933853,1889.4180727136668,
419,535.4473373003043,1.0500513223352042,536.49738862263951,19997,454,-0.0020389471449085003,-5.8792293413372723e-05,0.00023782365590222819,1.1079069402391014e-07,0.00082644799471208268,-1.1725973853886014,-0.13195654701559859,0.21351133738038622,0.094661941709108438,0.40824106732461202,1893.1441722404597,
420,535.36457154871096,1.0532141548197607,536.41778570353074,19997,454,-0.0020365933677897741,-5.8300152218191252e-05,0.00023714186376355001,1.1016848000506518e-07,0.00082580261559128795,-1.1746339787563911,-0.13201484716781703,0.21372502701187596,0.094847797393796909,0.40905087591456879,1896.8611000785445,
421,535.28220346835656,1.0563824827962061,536.33858595115271,19997,454,-0.0020342466080825409,-5.781100305965519e-05,0.00023646286664265518,1.0955129089108532e-07,0.00082515611935137206,-1.1766682253644736,-0.13207265817087721,0.21393828430604075,0.095033195658443551,0.40985981570376406,1900.5688799732125,
422,535.20022971491017,1.0595562938466372,536.25978600875681,19997,454,-0.0020319068404154061,-5.7324830236324312e-05,0.00023578665361601253,1.0893908350519205e-07,0.00082450852584238954,-1.1787001322048889,-0.13212998300111303,0.21415116307945417,0.095218137695802327,0.41066788769019708,1904.2675357783507,
423,535.11864697852479,1.0627355756103309,536.1813825541351,19997,454,-0.0020295740394173385,-5.6841618111698388e-05,0.00023511321378350485,1.0833181502436438e-07,0.00082385985473039651,-1.1807297062443063,-0.13218682461922471,0.21436373792977298,0.095402624703925409,0.41147509287525252,1907.9570914538042,
424,535.03745198345837,1.0659203157834125,536.10337229924176,19997,454,-0.002027248179719035,-5.6361351114086886e-05,0.00023444253626876498,1.0772944297730963e-07,0.00082321012549893232,-1.1827569544240253,-0.13224318597033888,0.21457607043172194,0.095586657886025841,0.41228143226364228,1911.6375710626307,
425,534.95664148767946,1.0691105021184548,536.02575198979787,19997,454,-0.0020249292359511965,-5.5884013736491642e-05,0.0002337746102190535,1.071319252414921e-07,0.0008225593574508088,-1.1847818836599764,-0.13229906998407551,0.2147881393516069,0.095770238450345227,0.41308690686334626,1915.3089987684541,
426,534.87621228249714,1.0723061224241275,535.94851840492129,19997,454,-0.0020226171827491513,-5.5409590536685007e-05,0.00023310942480593691,1.0653922004160834e-07,0.00082190756970941699,-1.1868045008427255,-0.13235447957461149,0.2149999890886439,0.095953367610021101,0.41389151768555621,1918.9713988328119,
427,534.79616119215848,1.0755071645648104,535.87166835672326,19997,454,-0.0020203119947483335,-5.4938066137079044e-05,0.00023244696922525125,1.0595128594661253e-07,0.00082125478121921117,-1.1888248128374739,-0.13240941764074871,0.21521163858887724,0.096136046582959489,0.41469526574461757,1922.6247956126069,
428,534.71648507350301,1.0787136164602169,535.79519868996317,19997,454,-0.0020180136465917865,-5.4469425224334249e-05,0.00023178723269706372,1.053680818674451e-07,0.00082060101074970257,-1.1908428264840656,-0.13246388706597345,0.21542321103617112,0.096318276591702945,0.41549815205797391,1926.2692135574671,
429,534.63718081558386,1.0819254660850512,535.71910628166893,19997,454,-0.0020157221129235466,-5.4003652549631272e-05,0.00023113020446618397,1.0478956705481916e-07,0.00081994627689385149,-1.1928585485969891,-0.13251789071852305,0.21563466865894346,0.096500058863303914,0.4163001776461111,1929.9046772072149,
430,534.55824533929058,1.0851427014686494,535.64338804075919,19997,454,-0.0020134373683952001,-5.3540732928195205e-05,0.00023047587380224487,1.0421570109688072e-07,0.0008192905980715533,-1.1948719859653842,-0.13257143145145092,0.21584592824675553,0.096681394629201708,0.41710134353250183,1933.531211189405,
431,534.47967559701215,1.0883653106946063,535.56804090770675,19997,454,-0.0020111593876631756,-5.3080651239655613e-05,0.00022982422999983529,1.0364644391680077e-07,0.00081863399253087653,-1.1968831453530475,-0.13262451210269097,0.21605706026231017,0.096862285125094441,0.41790165074355135,1937.1488402167638,
432,534.40146857225136,1.0915932819004197,535.49306185415173,19997,454,-0.0020088881453917823,-5.2623392427396176e-05,0.00022917526237852161,1.0308175577038983e-07,0.00081797647834865885,-1.1988920334984392,-0.1326771354951185,0.21626800582725422,0.097042731590819636,0.41870110030854268,1940.757589084802,
433,534.32362127932038,1.0948266032771548,535.41844788259755,19997,454,-0.0020066236162520424,-5.2168941498728696e-05,0.00022852896028330291,1.0252159724391643e-07,0.00081731807343236201,-1.2008986571146913,-0.13272930443661732,0.21647867443367383,0.097222735270230246,0.41949969325958392,1944.3574826693348,
434,534.24613076293417,1.0980652630690833,535.34419602600326,19997,454,-0.0020043657749225525,-5.1717283524930197e-05,0.00022788531308462435,1.0196592925177073e-07,0.00081665879552175118,-1.2029030228896138,-0.13278102172014219,0.21668900636004385,0.097402297411076838,0.42029743063155484,1947.9485459241257,
435,534.16899409791813,1.101309249573355,535.27030334749145,19997,454,-0.0020021145960914186,-5.1268403640663527e-05,0.00022724431017843416,1.014147130340101e-07,0.00081599866219025387,-1.2049051374857052,-0.13283229012378231,0.2168989044991019,0.097581419264887434,0.42109431346205417,1951.5308038784838,
436,534.09220838884153,1.1045585511396114,535.1967669399811,19997,454,-0.0019998700544565681,-5.0822287044313071e-05,0.00022660594098658585,1.0086791015431374e-07,0.00081533769084503208,-1.2069050075401617,-0.13288311241082681,0.21710840577765436,0.097760102086850625,0.42189034279134818,1955.1042816349257,
437,534.01577076968124,1.1078131561697107,535.12358392585099,19997,454,-0.001997632124724885,-5.0378918997695533e-05,0.00022597019495679589,1.003254824975612e-07,0.00081467589873084913,-1.2089026396648865,-0.13293349132982479,0.21731751173060773,0.097938347135701112,0.42268551966231893,1958.6690043668866,
438,533.9396784035157,1.1110730531173347,535.05075145663307,19997,454,-0.0019954007816159868,-4.9938284825821303e-05,0.00022533706156285043,9.9787392267542184e-08,0.00081401330292917408,-1.2108980404465026,-0.13298342961465029,0.21752616327130628,0.098116155673604835,0.42347984512041337,1962.224997316423,
439,533.86392848216474,1.1143382304876981,534.97826671265238,19997,454,-0.0019931759998586961,-4.9500369916853392e-05,0.00022470653030455415,9.9253601984520323e-08,0.00081334992036059708,-1.2128912164463612,-0.13303292998456689,0.21773428315362461,0.098293528966044694,0.42427332021359332,1965.7722857919277,
440,533.7885182258924,1.1176086768371873,534.90612690272962,19997,454,-0.0019909577541970635,-4.9065159722179295e-05,0.00022407859070852442,9.8724074483607037e-08,0.00081268576778581361,-1.2148821742005582,-0.13308199514428967,0.21794186738567284,0.098470468281711132,0.42506594599228542,1969.310895165941,
441,533.71344488306795,1.1208843807730293,534.83432926384103,19997,454,-0.0019887460193831791,-4.8632639755969437e-05,0.00022345323232750731,9.8198772911797468e-08,0.00081202086180753961,-1.2168709202199415,-0.13313062778404539,0.21814888724144726,0.098646974892390077,0.42585772350933176,1972.8408508729092,
442,533.63870572987526,1.1241653309529982,534.76287106082827,19997,454,-0.001986540770188967,-4.8202795595159134e-05,0.00022283044474096514,9.7677660726069317e-08,0.00081135521887100242,-1.2188574609901304,-0.13317883057964086,0.21835533891027797,0.098823050072855023,0.42664865381994072,1976.3621784070276,
443,533.56429806997062,1.1274515160850793,534.69174958605572,19997,454,-0.0019843419813946198,-4.7775612879506107e-05,0.00022221021755521966,9.7160701691150092e-08,0.00081068885526567756,-1.2208418029715249,-0.13322660619251975,0.21856120609860194,0.098998695100759773,0.42743873798163967,1979.8749033200947,
444,533.49021923419514,1.1307429249271224,534.62096215912231,19997,454,-0.0019821496277975174,-4.7351077311133875e-05,0.00022159254040336572,9.6647859877148738e-08,0.00081002178712638443,-1.2228239525993223,-0.13327395726983127,0.21876648477544855,0.099173911256531744,0.42822797705422566,1983.3790512193784,
445,533.41646658026229,1.1340395462865576,534.55050612654884,19997,454,-0.0019799636842118655,-4.6929174654739108e-05,0.00022097740294564093,9.6139099657592348e-08,0.00080935403043547779,-1.2248039162835342,-0.13332088644448656,0.21897115410850307,0.099348699823266065,0.42901637209971949,1986.8746477654981,
446,533.34303749246192,1.1373413690200691,534.480378861482,19997,454,-0.0019777841254640569,-4.6509890737203409e-05,0.00022036479486942044,9.5634385707061654e-08,0.00080868560102265988,-1.2267817004089983,-0.13336739633522299,0.21917519663490123,0.099523062086623926,0.42980392418231805,1990.3617186703918,
447,533.26992938136118,1.1406483820332762,534.41057776339449,19997,454,-0.0019756109264007179,-4.6093211447506098e-05,0.00021975470588927703,9.5133682998873947e-08,0.00080801651456668261,-1.2287573113353989,-0.13341348954667057,0.21937860203467141,0.099696999334728822,0.43059063436834805,1993.8402896952416,
448,533.19713968350175,1.1439605742804566,534.34110025778216,19997,454,-0.0019734440618841987,-4.5679122736720026e-05,0.00021914712574721529,9.4636956803226866e-08,0.00080734678659796506,-1.230730755397283,-0.13345916866940732,0.21958138310646755,0.099870512858065752,0.43137650372622022,1997.3103866484569,
449,533.12466584207687,1.1472781107198489,534.27194395279673,19997,454,-0.0019712835067934456,-4.5267237641071716e-05,0.00021854167123616235,9.4143426473684536e-08,0.00080667643249822971,-1.2327020389040766,-0.13350443590704819,0.21978353643216664,0.1000436034336039,0.43216153332638413,2000.7720250686443,
450,533.05250597122154,1.1506004567607448,534.20310642798233,19997,454,-0.0019691292360279984,-4.4857662939522872e-05,0.00021793845233713483,9.3653298660604775e-08,0.00080600546750200742,-1.2346711681401046,-0.13354929356998826,0.2199850573949052,0.1002162720006458,0.43294572424128253,2004.2252237409152,
451,532.98065687835128,1.1539281176057048,534.13458499595697,19997,454,-0.001966981240467465,-4.4451088814298166e-05,0.00021733816288840624,9.316794806015595e-08,0.00080533390671360598,-1.236638149380572,-0.1335937446588023,0.22018594920440265,0.10038852048122564,0.43372907754531004,2007.6700211040315,
452,532.9091161643114,1.1572609180175415,534.06637708232893,19997,454,-0.0019648396111118919,-4.4047292676002073e-05,0.00021674058410900686,9.2686923607344514e-08,0.00080466176509309145,-1.2386029889916839,-0.13363779195147849,0.22038621484967164,0.10056035050999267,0.43451159431476755,2011.1064498493433,
453,532.8378814207656,1.1605988432043164,533.9984802639699,19997,454,-0.0019627041547076447,-4.3645956191263056e-05,0.0002161454017380204,9.2209582999717964e-08,0.00080398905743376615,-1.2405656931463915,-0.1336814379076694,0.22058585700343922,0.10073176330238409,0.43529327562782089,2014.5345342843796,
454,532.76695023439424,1.1639418823476038,533.9308921167418,19997,454,-0.001960574891250439,-4.3247127001141633e-05,0.00021555266695620854,9.1736016026353869e-08,0.00080331579839727112,-1.2425262680376419,-0.13372468503467089,0.22078487838777294,0.10090276016064498,0.43607412256445394,2017.9543004527388,
455,532.69632021572374,1.1672900247331899,533.86361024045698,19997,454,-0.0019584517867794527,-4.2850791718939592e-05,0.00021496236994853786,9.1266190489715439e-08,0.00080264200250086226,-1.2444847198244213,-0.13376753582638953,0.22098328171305637,0.10107334238906376,0.4368541362064261,2021.3657744388863,
456,532.62598899905174,1.1706432596936598,533.79663225874538,19997,454,-0.0019563348162489952,-4.2456936788233962e-05,0.00021437450068143753,9.080007395930983e-08,0.00080196768412267323,-1.2464410546406703,-0.13380999276317782,0.22118106967779813,0.10124351129352675,0.43763331763723012,2024.7689823592416,
457,532.55595424214562,1.1740015766075085,533.72995581875307,19997,454,-0.001954223954702356,-4.2065548712271473e-05,0.00021378904914887533,9.0337634279994728e-08,0.00080129285750342167,-1.2483952785953727,-0.13385205831189001,0.22137824496867484,0.10141326818142876,0.43841166794205039,2028.1639503603938,
458,532.48621362601602,1.1773649648989475,533.66357859091499,19997,454,-0.0019521191772046143,-4.1676614054867886e-05,0.00021320600537282143,8.9878839571723448e-08,0.00080061753674533914,-1.2503473977725772,-0.13389373492594475,0.22157481026057083,0.10158261436158329,0.43918918820772168,2031.5507046173043,
459,532.41676485462699,1.1807334140375836,533.59749826866459,19997,454,-0.0019500204588473254,-4.1290119440393542e-05,0.00021262535940420801,8.94236582281961e-08,0.0007999417358152981,-1.2522974182314246,-0.13393502504538526,0.22177076821661312,0.10175155114413484,0.43996587952268784,2034.9292713315526,
460,532.34760565467127,1.1841069135380839,533.5317125682094,19997,454,-0.0019479277747433245,-4.0906051553413452e-05,0.00021204710132228342,8.8972058914092727e-08,0.00079926546854465898,-1.254245346006168,-0.13397593109693912,0.22196612148822037,0.10192007984047283,0.44074174297696195,2038.2996767296161,
461,532.2787337752934,1.1874854529600241,533.46621922825341,19997,454,-0.0019458411000312951,-4.0524397138854124e-05,0.00021147122123542464,8.8524010563767119e-08,0.00079858874863128232,-1.2561911871061993,-0.13401645549407748,0.22216087271513332,0.10208820176314533,0.44151677966208552,2041.6619470611433,
462,532.21014698786053,1.19086902190749,533.401016009768,19997,454,-0.0019437604098740844,-4.0145143001313478e-05,0.00021089770928021289,8.8079482378176936e-08,0.00079791158963951852,-1.2581349475160732,-0.13405660063707908,0.22235502452546563,0.10225591822577572,0.44229099067108935,2045.0161085972886,
463,532.14184308569861,1.1942576100288596,533.33610069572751,19997,454,-0.0019416856794624551,-3.976827600559837e-05,0.00021032655562267479,8.7638443824045187e-08,0.00079723400500312928,-1.2600766331955358,-0.1340963689130848,0.2225485795357319,0.10242323054297893,0.44306437709845364,2048.3621876290358,
464,532.07381988387215,1.1976512070165657,533.27147109088867,19997,454,-0.0019396168840078937,-3.9393783076079397e-05,0.00020975775045740239,8.7200864630847333e-08,0.00079655600802448258,-1.2620162500795435,-0.13413576269616059,0.2227415403508968,0.10259014003027978,0.44383694004007046,2051.7002104655653,
465,532.00607521890811,1.20104980260673,533.2071250215148,19997,454,-0.0019375539987559012,-3.902165119669202e-05,0.00020919128400828963,8.6766714789469376e-08,0.00079587761187714461,-1.2639538040782994,-0.13417478434735736,0.22293390956441153,0.10275664800403042,0.44460868059320413,2055.0302034326046,
466,531.9386069486136,1.2044533865790144,533.14306033519256,19997,454,-0.0019354969989738703,-3.865186741081301e-05,0.00020862714652826288,8.6335964549951336e-08,0.00079519882960583487,-1.2658893010772732,-0.13421343621476842,0.22312568975825781,0.1029227557813336,0.44537959985645331,2058.3521928708906,
467,531.87141295177503,1.2078619487562448,533.07927490053123,19997,454,-0.0019334458599562232,-3.8284418820873661e-05,0.000208065328299178,8.5908584419071978e-08,0.00079451967412837567,-1.2678227469372294,-0.13425172063358909,0.22331688350298062,0.10308846467996118,0.44614969892971412,2061.6662051345434,
468,531.80449112798169,1.2112754790042128,533.01576660698595,19997,454,-0.0019314005570285364,-3.7919292588794183e-05,0.00020750581963258186,8.5484545159439385e-08,0.00079384015823640399,-1.269754147494258,-0.13428963992617807,0.22350749335773715,0.1032537760182772,0.44691897891414234,2064.9722665895256,
469,531.73783939736677,1.2146939672314345,532.95253336459825,19997,454,-0.0019293610655435191,-3.7556475935216487e-05,0.00020694861086898564,8.5063817786386405e-08,0.00079316029459591375,-1.2716835085598015,-0.1343271964021128,0.2236975218703286,0.10341869111516182,0.4476874409121166,2068.2704036121213,
470,531.67145570038679,1.2181174033888196,532.88957310377566,19997,454,-0.0019273273608827472,-3.7195956139525741e-05,0.00020639369237851512,8.4646373566826698e-08,0.00079248009574949083,-1.2736108359206844,-0.13436439235825254,0.22388697157724843,0.10358321128993396,0.44845508602720258,2071.5606425873893,
471,531.60533799760969,1.2215457774694767,532.82688377507918,19997,454,-0.0019252994184579349,-3.683772053982129e-05,0.00020584105456051055,8.4232184016743024e-08,0.00079179957411637709,-1.2755361353391423,-0.13440123007879215,0.22407584500371727,0.10374733786227947,0.44922191536411582,2074.8430099077268,
472,531.53948426947386,1.2249790795084488,532.7644633489823,19997,454,-0.0019232772137092484,-3.6481756532734508e-05,0.00020529068784403028,8.3821220899676677e-08,0.00079111874199406683,-1.2774594125528516,-0.13443771183532494,0.2242641446637238,0.10391107215217535,0.44998793002868731,2078.1175319713548,
473,531.47389251608342,1.2284172995824123,532.70230981566579,19997,454,-0.0019212607221096379,-3.6128051573056796e-05,0.00020474258268758313,8.3413456224556369e-08,0.00079043761155912578,-1.2793806732749613,-0.13447383988689851,0.22445187306006478,0.10407441547981786,0.45075313112782739,2081.3842351808771,
474,531.40856075698798,1.231860427809496,532.64042118479745,19997,454,-0.0019192499191590842,-3.57765931739113e-05,0.00020419672957936393,8.3008862243914891e-08,0.0007897561948680031,-1.2812999231941204,-0.13450961648007126,0.22463903268439048,0.1042373691655515,0.45151751976949095,2084.6431459418645,
475,531.34348703097317,1.2353084543490003,532.57879548532219,19997,454,-0.0019172447803937705,-3.5427368906306326e-05,0.00020365311903706803,8.2607411451748467e-08,0.00078907450385829012,-1.2832171679745141,-0.13454504384897825,0.22482562601723366,0.10439993452979798,0.45228109706264341,2087.8942906614297,
476,531.27866912529498,1.2387614827325846,532.51743060802755,19997,454,-0.0019152452813784671,-3.5080590698341033e-05,0.00020311205540305441,8.220952571061848e-08,0.00078839255035012903,-1.2851324132558926,-0.13458012443967646,0.22501165575236184,0.10456211308216073,0.45304386411722586,2091.1376995301325,
477,531.21410551721692,1.2422191631945032,532.4563246804114,19997,454,-0.0019132513977098183,-3.4735955125217298e-05,0.00020257416839666569,8.1814597133033409e-08,0.00078771034604592613,-1.2870456646536024,-0.13461486039480192,0.22519712428219676,0.10472390608759109,0.45380582204412195,2094.3733978457344,
478,531.14979406050452,1.2456818244592012,532.39547588496373,19997,454,-0.0019112631050248029,-3.4393350005719388e-05,0.00020204280645062301,8.1422398716327731e-08,0.00078702790253279875,-1.2889569277586272,-0.13464925374480755,0.22538203388808539,0.1048853147276316,0.45456697195512225,2097.6014092379046,
479,531.08573297945782,1.2491493455417588,532.33488232499963,19997,454,-0.0019092803789883038,-3.4052938258259469e-05,0.00020152152387136753,8.1033252758995356e-08,0.00078634523141518317,-1.2908662081376157,-0.134683306683066,0.22556638748246247,0.10504634032914045,0.45532731496288881,2100.8217602424797,
480,531.02192040636146,1.2526217163443083,532.27454212270572,19997,454,-0.0019073031952974891,-3.3714699417844065e-05,0.00020100282953555834,8.0647116122906894e-08,0.00078566234385628569,-1.2927735113329131,-0.13471702138248426,0.22575019463641885,0.10520698421195576,0.45608685218092371,2104.0344772549033,
481,530.95835449105016,1.2560989272660004,532.21445341831611,19997,454,-0.0019053315296836235,-3.3378621356751829e-05,0.00020048622437931484,8.0263962625218607e-08,0.00078497925115376119,-1.2946788428625966,-0.13475040000384064,0.22593345583689606,0.10536724769555224,0.45684558472354009,2107.2395866633492,
482,530.89503340117085,1.2595809687475537,532.15461436991836,19997,454,-0.0019033653579114262,-3.3044692047142727e-05,0.00019997169988761221,7.9883766398597083e-08,0.00078429596444083759,-1.2965822082205081,-0.13478344469588768,0.22611617018680488,0.10552713209901443,0.4576035137058303,2110.4371148481896,
483,530.83195532197783,1.2630678312689214,532.09502315324676,19997,454,-0.0019014046557805358,-3.2712899518251763e-05,0.00019945927458901177,7.9506501803109764e-08,0.00078361249474059381,-1.2984836128762887,-0.13481615759540602,0.2262983376942653,0.10568663874097638,0.4583606402436331,2113.6270881807864,
484,530.76911845614654,1.2665595053490795,532.03567796149559,19997,454,-0.0018994493991250922,-3.238323185567434e-05,0.00019894897691606023,7.9132143423617005e-08,0.00078292885296486292,-1.3003830622754138,-0.1348485408272613,0.2264799607414841,0.10584576893955813,0.45911696545350289,2116.8095330222231,
485,530.70652102358486,1.2700559815457995,531.97657700513071,19997,454,-0.0018974995638152471,-3.2055677201700638e-05,0.00019844108804752819,7.8760666068528942e-08,0.00078224504991692844,-1.302280561839229,-0.13488059650446316,0.22666104209059337,0.10600452401230494,0.45987249045267908,2119.9844757220862,
486,530.64416126123933,1.2735572504554493,531.91771851169483,19997,454,-0.0018955551257581261,-3.1730223754398523e-05,0.00019793593413942892,7.8392044767289698e-08,0.00078156109629193445,-1.3041761169649873,-0.13491232672821757,0.22684159186072803,0.10616290527612757,0.46062721635905529,2123.1519426172754,
487,530.58203742292062,1.2770633027126934,531.85910072563331,19997,454,-0.0018936160608939989,-3.1406859768153323e-05,0.00019743416730617311,7.8026254769268475e-08,0.00078087700267698073,-1.3060697330258813,-0.13494373358798581,0.2270216118811243,0.10632091404724364,0.46138114429114813,2126.3119600308255,
488,530.52014765530271,1.2805743598197552,531.80072201512246,19997,454,-0.0018916823452042918,-3.1085200929168612e-05,0.00019693653346147808,7.7662525968041936e-08,0.00078019277955394383,-1.3079614153710855,-0.13497481878891474,0.22720109648919878,0.10647855097406045,0.46213427536806823,2129.4645409302348,
489,530.45849083713733,1.2840906347341507,531.74258147187152,19997,454,-0.0018897539547028674,-3.076274550119365e-05,0.00019644270711708081,7.7295852155290096e-08,0.0007795084332455301,-1.3098511693257884,-0.1350055815344163,0.22738004515112042,0.10663581222631499,0.46288661070949044,2132.6096087140736,
490,530.39706734683477,1.2876101677313292,531.68467751456615,19997,454,-0.001887830872676491,-3.0441840503098119e-05,0.00019595619454653205,7.6930922564361692e-08,0.00077882390706846092,-1.3117390001984648,-0.13503602337491913,0.22755846183599118,0.10679269816750094,0.46363815143562875,2135.7471706518513,
491,530.3358722307994,1.2911351639960253,531.62700739479544,19997,454,-0.0018859130729530654,-3.0126731499412827e-05,0.00019547682256317432,7.657623806282806e-08,0.00077813927434621541,-1.3136249132714179,-0.13506615010641876,0.2277363644529502,0.10694921685025809,0.46438889866723831,2138.8773877883114,
492,530.27490441318946,1.2946649987810301,531.56956941197052,19997,454,-0.0018840005515975262,-2.9813743392829232e-05,0.00019500005098516541,7.6224437096926131e-08,0.00077745457227521649,-1.3155089138230154,-0.13509596384981176,0.22791375080879037,0.10710536974169708,0.46513885352556089,2142.0002894641998,
493,530.21416235828451,1.2981995618402151,531.5123619201247,19997,454,-0.0018820932536422147,-2.9502731710697918e-05,0.00019452511514720815,7.5875235342581392e-08,0.00077676978801496585,-1.3173910070766577,-0.13512546658152289,0.22809063568840376,0.10726115807395753,0.46588801713228573,2145.1159003210764,
494,530.15364443367139,1.3017388436905497,531.45538327736199,19997,454,-0.0018801911604962133,-2.9193728152842746e-05,0.00019405197914066995,7.5528696309432395e-08,0.00077608493704022668,-1.3192711982371539,-0.13515466030967477,0.22826702349766875,0.10741658315623005,0.46663639060952172,2148.2242465414447,
495,530.09334902194792,1.3052828352642105,531.39863185721208,19997,454,-0.001878294248264435,-2.8886721634660293e-05,0.00019358062482586593,7.5184797370160782e-08,0.00077540002779742222,-1.3211494924854184,-0.13518354703130994,0.22844290995959479,0.10757164629694699,0.4673839750797702,2151.3253542926427,
496,530.0332745210103,1.3088315275315876,531.34210604854184,19997,454,-0.0018764024932256332,-2.8581700911775566e-05,0.00019311106638709191,7.4843515683421935e-08,0.00077471506993241439,-1.323025894978644,-0.13521212873222158,0.22861829323620189,0.10772634880335384,0.46813077166589689,2154.4192497182735,
497,529.97341934384622,1.3123849114992781,531.28580425534551,19997,454,-0.0018745158717150732,-2.8278654792622819e-05,0.00019264455194827404,7.4504828607670214e-08,0.00077403007300238852,-1.324900410850359,-0.13524040738701404,0.22879319013920513,0.10788069198145839,0.4688767814911049,2157.5059589371863,
498,529.91378191840636,1.3159429782098018,531.22972489661618,19997,454,-0.001872634360105836,-2.7977572140005284e-05,0.00019218474737836891,7.4168713702304701e-08,0.00077334504646639805,-1.3267730452104649,-0.13526838495915411,0.22896761232211774,0.10803467713598035,0.46962200567890783,2160.5855080424708,
499,529.85436068743252,1.3195057187414696,531.17386640617394,19997,454,-0.0018707579348096086,-2.7678441870484059e-05,0.00019173164418222777,7.3835148725568204e-08,0.00077265999968688338,-1.3286438031452745,-0.13529606340102454,0.22914154678365647,0.10818830557030272,0.47036644535310307,2163.6579231004839,
500,529.79515410828458,1.3230731242080931,531.1182272324927,19997,454,-0.0018688865722832589,-2.7381252954543306e-05,0.00019128162479818109,7.3504111633361051e-08,0.00077197494193103049,-1.3305126897175579,-0.13532344465397902,0.22931497715522656,0.10834157858642188,0.4711101016377463,2166.7232301498511,
501,529.73616065281294,1.3266451857588828,531.06280583857188,19997,454,-0.0018670202490210903,-2.7085994416220306e-05,0.0001908332898739656,7.3175580577335332e-08,0.00077128988236957008,-1.3323797099665791,-0.13535053064839547,0.22948791887730546,0.10849449748490145,0.4718529756571247,2169.7814552005439,
502,529.67737880717209,1.3302218945781699,531.00760070175022,19997,454,-0.0018651589415600112,-2.6792655332958997e-05,0.0001903866296082224,7.2849533903358369e-08,0.00077060483008082096,-1.334244868908139,-0.13537732330372795,0.22966038469642724,0.1086470635648261,0.4725950685357313,2172.8326242329572,
503,529.61880707168939,1.3338032418852348,530.95261031357461,19997,454,-0.0018633026264802198,-2.6501224835512258e-05,0.00018994163764040752,7.2525950149914946e-08,0.00076991979404842802,-1.3361081715346192,-0.13540382452856395,0.22983237712985982,0.10879927812375394,0.47333638139824008,2175.8767631969549,
504,529.56044396069819,1.3373892189340875,530.89783317963224,19997,454,-0.0018614512804006151,-2.6211692107835625e-05,0.00018949830762547069,7.2204808046674886e-08,0.00076923478316373985,-1.33796962281502,-0.13543003622067126,0.23000388282556691,0.10895114245766978,0.47407691536948071,2178.9138980109378,
505,529.50228800239961,1.3409798170133236,530.84326781941297,19997,454,-0.0018596048799862609,-2.5924046386534839e-05,0.00018905663323374514,7.188608651247961e-08,0.00076854980622623366,-1.3398292276950061,-0.13545596026705833,0.2301749064344728,0.10910265786094585,0.47481667157441337,2181.944054561056,
506,529.44433773870742,1.344575027445843,530.78891276615332,19997,454,-0.0018577634019430473,-2.5638276961327588e-05,0.00018861660815140352,7.1569764654356539e-08,0.00076786487194467753,-1.3416869910969491,-0.13548159854401917,0.23034544118808711,0.10925382562629422,0.47555565113810488,2184.9672587002583,
507,529.38659172509279,1.3481748415887511,530.73476656668151,19997,454,-0.0018559268230191666,-2.5354373174079052e-05,0.00018817822608017438,7.1255821765429593e-08,0.00076717998893739128,-1.3435429179199683,-0.13550695291719381,0.23051548336899833,0.10940464704472296,0.47629385518570372,2187.9835362474146,
508,529.32904853046011,1.3517792508331024,530.68082778129326,19997,454,-0.0018540951200067975,-2.507232441937786e-05,0.00018774148073752323,7.094423732359863e-08,0.00076649516573324891,-1.3453970130399751,-0.13553202524161315,0.23068503511065394,0.1095551234054964,0.47703128484241658,2190.9929129865227,
509,529.27170673699084,1.3553882466037208,530.62709498359459,19997,454,-0.0018522682697418526,-2.4792120143889079e-05,0.00018730636585699329,7.0634990990165118e-08,0.000765810410772223,-1.347249281309717,-0.13555681736175687,0.23085409853676533,0.10970525599609181,0.47776794123348443,2193.9954146658401,
510,529.21456493999108,1.3590018203590184,530.5735667603501,19997,454,-0.001850446249103557,-2.451374984629078e-05,0.00018687287518786048,7.0328062607912574e-08,0.00076512573240696978,-1.3490997275588206,-0.13558133111160312,0.23102267576133576,0.10985504610215979,0.47850382548415887,2196.9910669970936,
511,529.15762174778069,1.3626199635908296,530.52024171137157,19997,454,-0.0018486290350168354,-2.4237203077191851e-05,0.00018644100249562447,7.0023432199945234e-08,0.00076444113890231926,-1.3509483565938374,-0.13560556831467988,0.2311907688887109,0.11000449500748266,0.47923893871967932,2199.9798956546456,
512,529.10087578152343,1.3662426678241497,530.46711844934759,19997,454,-0.0018468166044484653,-2.3962469438866674e-05,0.0001860107415617666,6.9721079968030229e-08,0.00076375663843714049,-1.3527951731982859,-0.1356295307841191,0.23135838001360767,0.11015360399393531,0.47997328206524981,2202.9619262747124,
513,529.04432567511299,1.3698699246170303,530.41419559972996,19997,454,-0.0018450089344104442,-2.3689538585055521e-05,0.00018558208618398389,6.9420986291041433e-08,0.0007630722391044184,-1.3546401821326963,-0.13565322032270433,0.23152551122115916,0.11030237434144724,0.48070685664601659,2205.9371844546035,
514,528.98797007502412,1.3735017255603663,530.36147180058447,19997,454,-0.0018432060019625413,-2.3418400220949431e-05,0.00018515503017627389,6.9123131723605227e-08,0.00076238794891235928,-1.356483388134659,-0.13567663872292507,0.23169216458694922,0.11045080732796372,0.48143966358704526,2208.9056957519465,
515,528.93180764017893,1.3771380622776963,530.30894570245664,19997,454,-0.0018414077842060774,-2.314904410266687e-05,0.00018472956736874835,6.8827496994421177e-08,0.00076170377578505151,-1.3583247959188651,-0.13569978776702793,0.23185834217705237,0.11059890422940871,0.48217170401329923,2211.8674856839448,
516,528.8758370418368,1.3807789264250321,530.25661596826183,19997,454,-0.001839614258288402,-2.2881460037436307e-05,0.00018430569160822217,6.853406300507963e-08,0.00076101972756311028,-1.3601644101771535,-0.13572266922706566,0.232024046048072,0.11074666631964647,0.48290297904961743,2214.8225797266095,
517,528.82005696342617,1.3844243096906808,530.20448127311681,19997,454,-0.0018378254014039177,-2.2615637883310032e-05,0.00018388339675769579,6.8242810828350626e-08,0.00076033581200373216,-1.3620022355785575,-0.13574528486494852,0.23218927824718108,0.11089409487044677,0.48363348982069293,2217.7710033140647,
518,528.76446610044377,1.3880742037950755,530.15254030423887,19997,454,-0.0018360411907925604,-2.235156754890822e-05,0.00018346267669687425,6.7953721706910703e-08,0.00075965203678340844,-1.36383827676935,-0.13576763643249737,0.23235404081215397,0.1110411911514509,0.48436323745105109,2220.7127818378667,
519,528.70906316031687,1.391728600490568,530.1007917608074,19997,454,-0.0018342616037387307,-2.2089238993331298e-05,0.00018304352532205786,6.7666777051805969e-08,0.00075896840949632959,-1.3656725383730888,-0.13578972567149095,0.23251833577141048,0.11118795643013374,0.4850922230650288,2223.6479406462445,
520,528.65384686228026,1.3953874915612974,530.0492343538416,19997,454,-0.0018324866175768542,-2.1828642225867313e-05,0.00018262593654603976,6.7381958441032077e-08,0.00075828493765664419,-1.3675050249906657,-0.13581155431371661,0.23268216514405113,0.11133439197177017,0.48582044778675348,2226.5765050434316,
521,528.59881593724981,1.3990508688229546,529.99786680607281,19997,454,-0.0018307162096840271,-2.1569767305938524e-05,0.00018220990429840473,6.7099247618140074e-08,0.00075760162869833406,-1.3693357412003497,-0.13583312408102249,0.23284553093989607,0.11148049903940459,0.48654791274012249,2229.4985002890526,
522,528.54396912769857,1.4027187241226609,529.94668785182125,19997,454,-0.0018289503574852235,-2.1312604342775685e-05,0.00018179542252551406,6.6818626490803835e-08,0.00075691848997612606,-1.371164691557835,-0.1358544366853659,0.23300843515952308,0.11162627889381126,0.48727461904878283,2232.4139515973311,
523,528.48930518752923,1.406391049338785,529.89569623686805,19997,454,-0.001827189038454759,-2.1057143495499424e-05,0.00018138248519054009,6.6540077129533718e-08,0.00075623552876624527,-1.3729918805962897,-0.13587549382886055,0.2331708797943032,0.11177173279347143,0.48800056783611045,2235.3228841366349,
524,528.4348228819731,1.4100678363807451,529.84489071835389,19997,454,-0.0018254322301123854,-2.0803374972649238e-05,0.00018097108627365891,6.6263581766163938e-08,0.0007555527522677541,-1.3748173128264021,-0.13589629720383295,0.23333286682644269,0.11191686199453167,0.48872576022519076,2238.2253230286387,
525,528.38052098744129,1.413749077188847,529.79427006463015,19997,454,-0.0018236799100241269,-2.0551289032174649e-05,0.00018056121977173118,6.5989122792452978e-08,0.00075487016760152515,-1.3766409927364263,-0.135916848492866,0.23349439822901613,0.11206166775078018,0.48945019733879869,2241.1212933478528,
526,528.32639829143318,1.4174347637341518,529.74383305516733,19997,454,-0.0018219320558062425,-2.0300875981074507e-05,0.00018015287969873757,6.5716682758799209e-08,0.00075418778181274586,-1.3784629247922324,-0.13593714936884646,0.23365547596600761,0.11220615131361138,0.49017388029937969,2244.0108201209141,
527,528.27245359240464,1.421124888018271,529.69357848042296,19997,454,-0.0018201886451222737,-2.0052126175581068e-05,0.0001797460600857228,6.5446244372929946e-08,0.0007535056018703253,-1.3802831134373548,-0.13595720149502272,0.23381610199234545,0.112350313931998,0.49089681022902976,2246.8939283260279,
528,528.21868569965909,1.4248194420731799,529.64350514173225,19997,454,-0.001818449655682904,-1.9805030020538109e-05,0.00017934075498068902,6.5177790498368003e-08,0.00075282363466850103,-1.3821015630930378,-0.13597700652504296,0.23397627825394224,0.11249415685246301,0.4916189882494767,2249.770642892408,
529,528.16509343323764,1.4285184179611241,529.59361185119872,19997,454,-0.0018167150652470335,-1.9559577969661257e-05,0.00017893695844908234,6.49113041534321e-08,0.00075214188702652765,-1.3839182781582848,-0.13599656610301283,0.23413600668772899,0.11263768131904754,0.49234041548206164,2252.6409886996316,
530,528.11167562379023,1.4322218077743845,529.54389743156457,19997,454,-0.0018149848516242706,-1.93157605248226e-05,0.00017853466457308896,6.4646768509399052e-08,0.00075146036569027192,-1.3857332630099091,-0.13601588186353741,0.23429528922169535,0.11278088857328528,0.49306109304771983,2255.504990577132,
531,528.05843111248737,1.4359296036351461,529.49436071612251,19997,454,-0.0018132589926713393,-1.9073568236484611e-05,0.00017813386745251823,6.438416688974045e-08,0.00075077907733204228,-1.3875465220025804,-0.13603495543177399,0.23445412777492602,0.11292377985417312,0.49378102206696306,2258.3626733036081,
532,528.00535875088531,1.4396417976953328,529.44500054858065,19997,454,-0.0018115374662927824,-1.8832991703040398e-05,0.00017773456120411606,6.412348276837077e-08,0.00075009802855172526,-1.3893580594688733,-0.13605378842347698,0.23461252425763648,0.11306635639814513,0.49450020365986075,2261.2140616065044,
533,527.95245740084806,1.4433583821364406,529.39581578298453,19997,454,-0.0018098202504444514,-1.8594021570815035e-05,0.00017733673996217449,6.3864699768633606e-08,0.00074941722587748691,-1.3911678797193177,-0.13607238244504821,0.23477048057121308,0.11320861943904423,0.49521863894602242,2264.0591801614455,
534,527.89972593440029,1.4470793491693963,529.34680528356967,19997,454,-0.0018081073231309979,-1.8356648534006458e-05,0.00017694039787817422,6.3607801661872447e-08,0.0007487366757658729,-1.3929759870424487,-0.13609073909358171,0.23492799860824443,0.11335057020809892,0.49593632904458013,2266.8980535917703,
535,527.84716323365774,1.4508046910343564,529.2979679246921,19997,454,-0.0018063986624061344,-1.8120863334166258e-05,0.00017654552912112757,6.3352772366227683e-08,0.00074805638460308124,-1.3947823857048549,-0.13610885995691577,0.23508508025256483,0.11349220993389543,0.49665327507417045,2269.7307064679749,
536,527.79476819070487,1.4545344000006006,529.2493025907055,19997,454,-0.0018046942463727518,-1.7886656760437925e-05,0.00017615212787735582,6.3099595945268628e-08,0.0007473763587050559,-1.3965870799512277,-0.13612674661367655,0.23524172737928678,0.113633539842353,0.49736947815291793,2272.5571633072177,
537,527.74253970748669,1.4582684683663505,529.20080817585301,19997,454,-0.0018029940531843849,-1.7654019648993039e-05,0.00017576018835064382,6.2848256606815327e-08,0.00074669660431816174,-1.398390074004412,-0.13614440063332484,0.23539794185483956,0.1137745611567003,0.49808493939841725,2275.3774485728495,
538,527.69047669571432,1.4620068884585948,529.15248358417296,19997,454,-0.0018012980610461293,-1.7422942883178185e-05,0.00017536970476237431,6.2598738701711878e-08,0.00074601712762028876,-1.4001913720654582,-0.13616182357620868,0.23555372553700479,0.11391527509745122,0.49879965992771663,2278.1915866739268,
539,527.6385780767755,1.4657496526329699,529.10432772940851,19997,454,-0.0017996062482083549,-1.7193417393096983e-05,0.00017498067135137283,6.2351026722519318e-08,0.00074533793472093292,-1.4019909783136666,-0.13617901699360149,0.23570908027495299,0.11405568288238002,0.49951364085730138,2280.9996019647178,
540,527.58684278160126,1.4694967532736047,529.05633953487484,19997,454,-0.0017979185929773366,-1.6965434155612887e-05,0.00017459308237392348,6.2105105302213808e-08,0.00074465903166229101,-1.4037888969066439,-0.13619598242775732,0.23586400790927955,0.11419578572650095,0.50022688330307719,2283.8015187442925,
541,527.53526975058844,1.4732481827929382,529.00851793338143,19997,454,-0.0017962350737065961,-1.6738984193856642e-05,0.00017420693210407721,6.1860959213191996e-08,0.00074398042441903625,-1.4055851319803505,-0.1362127214119509,0.23601851027204476,0.11433558484204291,0.50093938838035434,2286.597361256016,
542,527.48385791650867,1.4770041281652677,528.96086204467395,19997,454,-0.0017945556688014458,-1.6513462065485513e-05,0.00017382161832149492,6.1617380098496251e-08,0.00074330211889940599,-1.407379687649152,-0.13622923487401667,0.23617258859029219,0.11447508040099746,0.50165115720383024,2289.3871329395483,
543,527.43260698020686,1.4807642395043958,528.91337121971128,19997,454,-0.0017928804589568861,-1.628808888751058e-05,0.00017343636494318937,6.137280961027964e-08,0.00074262412094627838,-1.4091725681081089,-0.13624552296290424,0.23632624331227223,0.11461427122046898,0.5023621908875755,2292.1708101381591,
544,527.38151567867612,1.4845283713070201,528.86604404998309,19997,454,-0.0017912094957846477,-1.6065465976660723e-05,0.00017305377560360998,6.1132458147650775e-08,0.00074194643634568089,-1.4109637776038935,-0.13626158842888056,0.23647947748729961,0.11475316065905516,0.50307249054502257,2294.9484600204441,
545,527.33058224269985,1.4882970422378974,528.81887928493779,19997,454,-0.0017895428688160591,-1.584509009990253e-05,0.00017267335044543781,6.0895321587324761e-08,0.00074126907082878383,-1.4127533204727096,-0.13627743351898083,0.23663229366188979,0.11489175122398389,0.50378205728895142,2297.7201327284538,
546,527.27980590030234,1.4920700056212974,528.77187590592359,19997,454,-0.0017878799542351007,-1.5626193153505423e-05,0.00017229432552026013,6.065986441480262e-08,0.0007405920300444721,-1.4145412004269446,-0.1362930597121339,0.23678469361591817,0.1150300440939864,0.50449089223147559,2300.4858518356341,
547,527.229185647858,1.4958472529325786,528.72503290079055,19997,454,-0.0017862211715617591,-1.5408776347792834e-05,0.00017191670518112057,6.0426093644431038e-08,0.00073991531957544028,-1.4163274215985064,-0.13630846848848188,0.23693667913081112,0.11516804046393792,0.50519899648401634,2303.2456412382944,
548,527.17872048943786,1.4996287767716407,528.67834926620947,19997,454,-0.0017845663752421629,-1.5192831146195359e-05,0.0001715404838812347,6.0193995205175545e-08,0.00073923894494239075,-1.4181119879737487,-0.13632366131962789,0.23708825197977532,0.11530574152596451,0.50590637115729031,2305.9995247777642,
549,527.12840943779702,1.5034145697722576,528.63182400756932,19997,454,-0.0017829155426386583,-1.4978348939181162e-05,0.00017116565603713594,5.9963554944482225e-08,0.00073856291160488187,-1.4198949035163875,-0.13633863966856649,0.23723941392776882,0.11544314846925088,0.50661301736129516,2308.7475262365483,
550,527.07825151431643,1.5072046245953121,528.5854561389117,19997,454,-0.0017812686525541105,-1.4765321161138084e-05,0.00017079221608276582,5.9734758836360207e-08,0.00073788722495943162,-1.4216761721689415,-0.13635340498972862,0.23739016673153693,0.11558026248001418,0.50731893620529434,2311.4896693378037,
551,527.02824574890451,1.5109989339284768,528.53924468283299,19997,454,-0.0017796256838600313,-1.4553739291094432e-05,0.00017042044682171725,5.9507592982186717e-08,0.00073721189034258458,-1.4234557978528015,-0.13636795872901936,0.23754051213964372,0.11571708474149224,0.50802412879780368,2314.2259777451031,
552,526.97839117991271,1.5147974904862167,528.49318867039892,19997,454,-0.0017779866154773321,-1.4343594852533414e-05,0.00017005092702607191,5.9282043609980095e-08,0.00073653691302919347,-1.4252337844682788,-0.13638230232387155,0.23769045189250956,0.11585361643392089,0.50872859624657651,2316.9564750619838,
553,526.92868685404892,1.5186002870095381,528.4472871410585,19997,454,-0.0017763514263804217,-1.4134879413313069e-05,0.00016968318066835821,5.9058097072913496e-08,0.00073586229823387845,-1.4270101358946592,-0.13639643720328593,0.23783998772245007,0.1159898587345214,0.50943233965858981,2319.6811848316934,
554,526.87913182628608,1.5224073162658811,528.401539142552,19997,454,-0.0017747200955942806,-1.3927584585562396e-05,0.00016931801362716337,5.8835739848445161e-08,0.00073518805111175806,-1.4287848559902534,-0.13641036478787127,0.23798913332545904,0.11612581281748101,0.51013536014003025,2322.4001305368029,
555,526.82972515978213,1.5262185710490013,528.35594373083109,19997,454,-0.0017730926021998787,-1.372170202516427e-05,0.00016895595164262471,5.8614958537105146e-08,0.00073451417675903224,-1.4305579485924533,-0.13642408648989635,0.23813793145425557,0.11626147985393856,0.51083765879628074,2325.1133355989173,
556,526.78046592580517,1.5300340441788141,528.31049996998399,19997,454,-0.0017714689253269039,-1.3517223431895955e-05,0.0001685956250397954,5.8395739861533458e-08,0.00073384068021254691,-1.4323294175177803,-0.13643760371332841,0.23828642192931926,0.11639686101196735,0.51153923673190704,2327.8208233783348,
557,526.73135320362735,1.5338537285012495,528.26520693212865,19997,454,-0.0017698490441602982,-1.3314140549186328e-05,0.00016823661476348759,5.8178070665203007e-08,0.00073316756645123429,-1.4340992665619405,-0.13645091785387728,0.23843460857733004,0.11653195745656267,0.51224009505064383,2330.5226171737968,
558,526.6823860804684,1.5376776168881421,528.22006369735652,19997,454,-0.0017682329379360314,-1.3112445163843976e-05,0.00016787891557464661,5.7961937911553786e-08,0.00073249484039682449,-1.4358674994998766,-0.13646403029904067,0.23858258482197725,0.11666677034962412,0.51294023485538254,2333.218740222133,
559,526.63356365139953,1.5415057022370997,528.17506935363667,19997,454,-0.0017666205859442371,-1.2912129105976016e-05,0.00016752252225123306,5.7747328682876069e-08,0.00073182250691325489,-1.4376341200858209,-0.13647694242814715,0.2387304376584789,0.11680130084994304,0.51363965724815774,2335.9092156980109,
560,526.58488501926854,1.5453379774713001,528.1302229967398,19997,454,-0.0017650119675278939,-1.2713184248758787e-05,0.00016716742958797622,5.7534230179109443e-08,0.00073115057080866896,-1.4393991320533488,-0.13648965561239643,0.23887832050200408,0.11693555011318607,0.51433836333013427,2338.5940667136083,
561,526.53634929462169,1.5491744355394619,528.08552373016119,19997,454,-0.0017634562029794935,-1.2515602508354604e-05,0.0001668136323968709,5.7322629717033203e-08,0.00073047903683381478,-1.4411625391154312,-0.1365021712149046,0.23902625387206686,0.11706951929188514,0.51503635420159499,2341.2733163184107,
562,526.48795559561609,1.5530150694156541,528.04097066503175,19997,454,-0.0017654960462638364,-1.2319375843453897e-05,0.00016646112550669669,5.7112514729047518e-08,0.00072980790968532345,-1.4429243449644886,-0.13651449059074774,0.23917419161188752,0.11720320953542203,0.51573363096192804,2343.9469874989049,
563,526.4397030479588,1.5568598720991329,527.99656292005795,19997,454,-0.0017675444648638855,-1.2124496255526512e-05,0.00016610990376344129,5.690387276228788e-08,0.00072913719400309466,-1.4446845532724433,-0.13652661508700337,0.23932198214663766,0.11733662199001478,0.51643019470961438,2346.6151031783056,
564,526.39159078481521,1.5607088366142798,527.95229962142946,19997,454,-0.0017696014863148198,-1.1930955788177588e-05,0.00016575996202975273,5.6696691477367512e-08,0.0007284668943744252,-1.4464431676907723,-0.13653854604279128,0.23946961748680512,0.11746975779870755,0.51712604654221594,2349.2776862163523,
565,526.34361794674169,1.564561956010456,527.90817990275218,19997,454,-0.0017716671383924034,-1.1738746527522386e-05,0.00016541129518573094,5.6490958647720833e-08,0.00072779701532995841,-1.448200191850564,-0.1365502847893193,0.23961717615810629,0.11760261810135646,0.51782118755636386,2351.9347594090277,
566,526.29578368160537,1.5684192233618399,527.86420290496721,19997,454,-0.0017737414491137502,-1.1547860601476401e-05,0.00016506389812825627,5.6286662158337508e-08,0.00072712756134879909,-1.4499556293625679,-0.13656183264992042,0.23976466284673403,0.11773520403461919,0.51851561884774577,2354.5863454883493,
567,526.24808714452547,1.5722806317673153,527.82036777629276,19997,454,-0.0017758244467402553,-1.1358290179769353e-05,0.00016471776577123862,5.6083790004754403e-08,0.00072645853685603405,-1.4517094838172502,-0.13657319094010029,0.23991209249755618,0.11786751673194266,0.51920934151109499,2357.2324671221213,
568,526.2005274977671,1.5761461743503593,527.77667367211745,19997,454,-0.001777916159778066,-1.1170027473931418e-05,0.00016437289304568171,5.5882330292251867e-08,0.00072578994622397202,-1.4534617587848468,-0.13658436096757368,0.2400592256690563,0.11799955732355383,0.51990235664017859,2359.8731469137529,
569,526.15310391070989,1.5800158442589163,527.73311975496881,19997,454,-0.0017800166169796698,-1.098306473701736e-05,0.00016402927489976847,5.5682271234807544e-08,0.0007251217937723777,-1.4552124578154195,-0.13659534403231066,0.24020607259052809,0.11813132693644461,0.52059466532778609,2362.508407401956,
570,526.10581555974341,1.5838896346652418,527.6897051944087,19997,454,-0.0017821258473449276,-1.0797394263162418e-05,0.0001636869062983835,5.5483601153937244e-08,0.00072445408377012628,-1.456961584438905,-0.13660614142657448,0.24035258789257469,0.11826282669436812,0.52128626866571837,2365.1382710606681,
571,526.05866162822258,1.5877675387658012,527.64642916698836,19997,454,-0.0017842438801248999,-1.0613008387942762e-05,0.00016334578222379381,5.5286308478073669e-08,0.00072378682043400418,-1.4587091421651739,-0.1366167544349623,0.24049873023363461,0.11839405771782327,0.52197716774477609,2367.7627602987477,
572,526.01164130637039,1.5916495497811556,527.6032908561516,19997,454,-0.0017863707448204605,-1.0429899487783005e-05,0.00016300589767521899,5.5090381741328799e-08,0.0007231200079303537,-1.4604551344840819,-0.13662718433445054,0.24064450001908053,0.11852502112404878,0.52266736365474942,2370.3818974598516,
573,525.96475379122626,1.5955356609558309,527.56028945218213,19997,454,-0.0017885064711853987,-1.0248059979786892e-05,0.0001626672476687934,5.4895809582652841e-08,0.00072245365037472355,-1.462199564865525,-0.13663743239442969,0.24078989880985743,0.11865571802701025,0.52335685748440697,2372.9957048221781,
574,525.91799828658691,1.5994258655581473,527.51742415214505,19997,454,-0.0017906510892284186,-1.0067482321884386e-05,0.00016232982723784215,5.4702580744914075e-08,0.00072178775183321818,-1.4639424367594924,-0.13664749987675165,0.24093492815965303,0.11878614953739426,0.52404565032148509,2375.6042045983477,
575,525.87137400291249,1.6033201568801989,527.47469415979265,19997,454,-0.0017928046292139839,-9.8881590123468155e-06,0.00016199363143272973,5.4510684073928377e-08,0.00072112231632171181,-1.465683753596122,-0.1366573880357641,0.24107958961492279,0.11891631676259953,0.52473374325267719,2378.2074189352279,
576,525.82488015727245,1.6072185282376494,527.43209868551014,19997,454,-0.0017949671216635822,-9.7100825897466772e-06,0.00016165865532091563,5.4320108517625971e-08,0.00072045734780804786,-1.4674235187857547,-0.13666709811835362,0.24122388471492837,0.11904622080672628,0.52542113736362439,2380.805369913719,
577,525.77851597329754,1.6111209729696376,527.38963694626716,19997,454,-0.0017971385973589032,-9.533245632626408e-06,0.00016132489398664121,5.413084312488758e-08,0.00071979285021053047,-1.4691617357189883,-0.13667663136398644,0.24136781499176255,0.11917586277057103,0.52610783373890391,2383.39807954865,
578,525.73228068107278,1.6150274844386636,527.34730816551144,19997,454,-0.0017993190873423215,-9.3576407597608382e-06,0.00016099234253148548,5.3942877045011529e-08,0.00071912882739969019,-1.470898407766732,-0.13668598900474552,0.24151138197038841,0.11930524375161813,0.52679383346201991,2385.985569788611,
579,525.68617351712464,1.6189380560304705,527.30511157315516,19997,454,-0.0018015086229179616,-9.1832606294160965e-06,0.00016066099607387306,5.3756199526459361e-08,0.00071846528319833008,-1.4726335382802589,-0.13669517226537517,0.24165458716866833,0.11943436484403069,0.52747913761539345,2388.5678625157698,
580,525.64019372430448,1.6228526811539119,527.26304640545834,19997,454,-0.0018037072356557513,-9.0100979394638816e-06,0.00016033084974942101,5.3570799916256545e-08,0.00071780222138158128,-1.4743671305912658,-0.13670418236331433,0.24179743209739205,0.11956322713864563,0.5281637472803522,2391.1449795457738,
581,525.5943405517678,1.6267713532408559,527.22111190500868,19997,454,-0.0018059149573900789,-8.8381454273110566e-06,0.00016000189871064437,5.3386667658847038e-08,0.00071713964567807664,-1.4760991880119223,-0.13671302050874259,0.24193991826031266,0.11969183172296598,0.52884766353712176,2393.7169426275964,
582,525.54861325488878,1.6306940657460631,527.17930732063485,19997,454,-0.0018081318202251674,-8.6673958694538322e-06,0.00015967413812702124,5.3203792295337675e-08,0.00071647755976999401,-1.4778297138349283,-0.13672168790461151,0.24208204715417922,0.11982017968115573,0.52953088746481525,2396.2837734434333,
583,525.50301109520115,1.6346208121470664,527.13763190734824,19997,454,-0.0018103578565327478,-8.4978420816903918e-06,0.00015934756318521171,5.3022163462763949e-08,0.00071581596729309509,-1.4795587113335678,-0.1367301857466931,0.24222382026876341,0.11994827209403135,0.53021342014142403,2398.8454936085327,
584,525.45753334033861,1.6385515859440467,527.09608492628263,19997,454,-0.0018125930989579496,-8.3294769185029224e-06,0.00015902216908871445,5.2841770892948754e-08,0.00071515487183760912,-1.4812861837617617,-0.13673851522361199,0.24236523908689098,0.12007611003905783,0.53089526264380871,2401.4021246711177,
585,525.41217926398917,1.642486380659743,527.05466564464894,19997,454,-0.0018148375804172636,-8.1622932730975395e-06,0.0001586979510580377,5.2662604411819841e-08,0.0007144942769488267,-1.4830121343541292,-0.13674667751688532,0.24250630508447996,0.12020369459034172,0.53157641604769057,2403.953688112244,
586,525.36694814580528,1.6464251898393161,527.01337333564459,19997,454,-0.0018170913341028301,-7.9962840773983246e-06,0.00015837490433088535,5.2484653938618525e-08,0.00071383418612712835,-1.4847365663260326,-0.13675467380096301,0.24264701973056363,0.12033102681862896,0.53225688142764105,2406.5002053457606,
587,525.32183927137476,1.6503680070502564,526.972207278425,19997,454,-0.0018193543934843432,-7.8314423016155551e-06,0.00015805302416151742,5.2307909484833634e-08,0.0007131746028277298,-1.4864594828736419,-0.13676250524326411,0.24278738448732434,0.12045810779129545,0.5329366598570745,2409.0416977181176,
588,525.27685193213392,1.6543148258822662,526.93116675801616,19997,454,-0.0018216267923094874,-7.6677609541294386e-06,0.00015773230582148107,5.2132361153582716e-08,0.00071251553046281543,-1.4881808871739826,-0.13677017300421837,0.24292740081012801,0.1205849385723442,0.53361575240823844,2411.5781865083118,
589,525.23198542533851,1.6582656399471349,526.89025106528561,19997,454,-0.0018239085646068688,-7.5052330813981561e-06,0.00015741274459917721,5.1957999138715228e-08,0.00071185697240085024,-1.4899007823849941,-0.13677767823730003,0.24306707014754675,0.12071152022240426,0.53429416015220554,2414.1096929278629,
590,525.18723905399088,1.6622204428786564,526.84945949686949,19997,454,-0.0018261997446870624,-7.3438517678693245e-06,0.0001570943358000192,5.1784813724016592e-08,0.00071119893196659484,-1.4916191716455847,-0.13678502208906745,0.24320639394139618,0.12083785379871996,0.53497188415886454,2416.6362381206004,
591,525.14261212676956,1.6661792283324464,526.80879135510202,19997,454,-0.0018285003671460007,-7.1836101355749543e-06,0.00015677707474604736,5.1612795282223574e-08,0.00071054141244210453,-1.493336058075684,-0.13679220569920267,0.24334537362676723,0.12096394035515183,0.53564892549691234,2419.1578431626813,
592,525.09810395801082,1.6701419899859826,526.76824594799677,19997,454,-0.001830810466864949,-7.0245013441395547e-06,0.00015646095677650549,5.1441934274511689e-08,0.0007098844170670141,-1.4950514447763001,-0.13679923020054688,0.24348401063205025,0.12108978094217249,0.53632528523384571,2421.6745290625076,
593,525.05371386761681,1.6741087215383186,526.72782258915515,19997,454,-0.0018331300790142596,-6.8665185904957363e-06,0.0001561459772472847,5.1272221249400221e-08,0.00070922794903896763,-1.4967653348295749,-0.13680609671913729,0.24362230637896803,0.12121537660686188,0.5370009644359528,2424.1863167606307,
594,525.00944118101279,1.6780794167101118,526.68752059772294,19997,454,-0.0018354592390544882,-6.7096551088686845e-06,0.00015583213153145739,5.1103646842304093e-08,0.00070857201151417902,-1.4984777312988362,-0.13681280637424653,0.24376026228261199,0.12134072839290266,0.53767596416830565,2426.6932271296605,
595,524.96528522911126,1.6820540692434489,526.64733929835472,19997,454,-0.0018377979827382197,-6.553904170495691e-06,0.00015551941501872898,5.0936201774345796e-08,0.00070791660760714879,-1.5001886372286575,-0.13681936027841726,0.24389787975145935,0.12146583734058226,0.53835028549475228,2429.1952809743048,
596,524.92124534822369,1.6860326729017361,526.60727802112547,19997,454,-0.0018401463461122612,-6.3992590834739884e-06,0.00015520782311560858,5.0769876851917863e-08,0.00070726174039164333,-1.5018980556449077,-0.13682575953750065,0.24403516018741947,0.12159070448678577,0.53902392947790834,2431.6924990312286,
597,524.87732088004213,1.6900152214696722,526.56733610151184,19997,454,-0.0018425043655209221,-6.245713192556724e-06,0.00015489735124552909,5.0604662965700351e-08,0.00070660741290040597,-1.5036059895548108,-0.13683200525069314,0.24417210498584543,0.12171533086499588,0.53969689717914993,2434.1849019690526,
598,524.83351117155507,1.6940017087530161,526.52751288030811,19997,454,-0.0018448720776056858,-6.0932598790993413e-06,0.00015458799484867572,5.0440551089972045e-08,0.00070595362812682567,-1.5053124419469985,-0.13683809851057227,0.24430871553558386,0.12183971750528821,0.54036918965860603,2436.6725103882591,
599,524.78981557502539,1.6979921285786055,526.48780770360395,19997,454,-0.0018472495193091471,-5.941892560903901e-06,0.00015427974938213797,5.0277532281966804e-08,0.00070530038902422154,-1.5070174157915657,-0.13684404040313303,0.24444499321898663,0.12196386543433307,0.54104080797515131,2439.1553448212271,
600,524.74623344791416,1.7019864747941573,526.44821992270829,19997,454,-0.0018496367278761211,-5.791604691751081e-06,0.00015397261031948575,5.0115597680781652e-08,0.00070464769850596626,-1.5087209140401254,-0.1368498320078245,0.2445809394119545,0.12208777567539025,0.54171175318639808,2441.6334257321296,
601,524.70276415284934,1.7059847412682416,526.40874889411759,19997,454,-0.0018520337408573706,-5.6423897617264104e-06,0.00015366657315130414,4.9954738507058958e-08,0.00070399555944630863,-1.5104229396258646,-0.13685547439758669,0.24471655548395596,0.12221144924831016,0.54238202634868993,2444.1067735169549,
602,524.65940705756452,1.7099869218901329,526.36939397945468,19997,454,-0.0018544405961099307,-5.4942412966701857e-06,0.0001533616333848974,4.9794946062036679e-08,0.00070334397468187898,-1.5121234954635996,-0.13686096863888311,0.24485184279806282,0.12233488716953043,0.54305162851709399,2446.5754085034391,
603,524.61616153484624,1.7139930105697101,526.33015454541601,19997,454,-0.0018568573317995819,-5.3471528580597007e-06,0.00015305778654403602,4.9636211726668387e-08,0.00070269294700971391,-1.5138225844498299,-0.13686631579174061,0.24498680271098125,0.12245809045207617,0.54372056074539465,2449.0393509510714,
604,524.57302696250053,1.7180030012373853,526.29102996373797,19997,454,-0.001859283986404235,-5.2011180431339493e-06,0.00015275502816943445,4.9478526961254563e-08,0.00070204247918931773,-1.5155202094627946,-0.13687151690978475,0.24512143657307342,0.12258106010556019,0.54438882408608591,2451.4986210510983,
605,524.53000272328882,1.7220168878439623,526.25201961113282,19997,454,-0.0018617205987151756,-5.0561304843012089e-06,0.00015245347355938226,4.9321883304362955e-08,0.00070139257394235145,-1.5172163733625268,-0.13687657304026918,0.24525574572839171,0.12270379713618086,0.54505641959036522,2453.9532389264809,
606,524.48708820488105,1.7260346643605788,526.2131228692416,19997,454,-0.0018641672078390779,-4.9121838492815244e-06,0.0001521552899978505,4.9166272372353142e-08,0.00070074323395301645,-1.5189110789909088,-0.1368814852241178,0.24538973151471127,0.12282630254672126,0.54572334830812663,2456.4032246318784,
607,524.44428279981571,1.7300563247785576,526.17433912459421,19997,454,-0.0018666238532017393,-4.7692718409004669e-06,0.00015186268061114663,4.9011685858620495e-08,0.00070009446186885074,-1.5206043291717282,-0.13688625449595915,0.24552339526354991,0.12294857733654986,0.54638961128795405,2458.8485981536605,
608,524.4015859054598,1.7340818631093811,526.13566776856919,19997,454,-0.0018690905745487182,-4.6273881968716993e-06,0.00015157136029311615,4.8858115532850838e-08,0.0006994462603008276,-1.5222961267107313,-0.13689088188415541,0.24565674028331211,0.12307062250162111,0.54705520957711529,2461.2893794099205,
609,524.35899692393673,1.7381112733844963,526.09710819732118,19997,454,-0.0018715674119481182,-4.4865266895935726e-06,0.00015128108891656255,4.8705553240314516e-08,0.00069879863182289396,-1.5239864743956799,-0.13689536841084507,0.24578976855440995,0.12319243903447637,0.54772014422155502,2463.7255882504928,
610,524.31651526210521,1.7421445496553154,526.05865981176055,19997,454,-0.0018740544057940167,-4.3466811260368347e-06,0.00015099186065369637,4.8553990901230604e-08,0.00069815157897387074,-1.525675374996406,-0.13689971509197191,0.24592247874846462,0.12331402792424076,0.5483844162658893,2466.157244456891,
611,524.27414033149626,1.7461816859930421,526.02032201748932,19997,454,-0.0018765515968075907,-4.2078453476908986e-06,0.00015070367120048972,4.8403420510112677e-08,0.00069750510425601469,-1.5273628312648662,-0.13690392293731929,0.2460548721722535,0.12343539015662928,0.54904802675339881,2468.5843677424291,
612,524.23187154828906,1.7502226764886315,525.98209422477771,19997,454,-0.0018790590260398697,-4.0700132302737593e-06,0.00015041651626918385,4.8253834135016843e-08,0.00069685921013690807,-1.5290488459351983,-0.13690799295054876,0.24618695631493578,0.12355652671394109,0.54971097672602331,2471.006977752108,
613,524.18970833324715,1.7542675152526548,525.9439758484998,19997,454,-0.0018815767348737884,-3.9331786834762601e-06,0.00015013039158868078,4.8105223916923305e-08,0.00069621389904871221,-1.5307334217237742,-0.13691192612923253,0.24631873424855694,0.12367743857506792,0.55037326722435487,2473.4250940627835,
614,524.14765011167333,1.7583161964152225,525.90596630808852,19997,454,-0.0018841047650281686,-3.7973356511182389e-06,0.00014984529290395815,4.7957582068991155e-08,0.0006955691733896305,-1.5324165613292575,-0.1369157234648842,0.24645021377759055,0.12379812671548986,0.55103489928763361,2475.8387361830814,
615,524.10569631338853,1.7623687141258733,525.86806502751438,19997,454,-0.0018866431585583938,-3.6624781105739293e-06,0.00014956121597664495,4.7810900876017599e-08,0.00069492503552219358,-1.534098267432656,-0.13691938594299416,0.24658139377400207,0.12391859210727776,0.55169587395374031,2478.2479235534479,
616,524.06384637266092,1.7664250625535125,525.8302714352144,19997,454,-0.0018891919578596888,-3.5286000730197618e-06,0.00014927815658460783,4.7665172693731074e-08,0.00069428148777637229,-1.5357785426973789,-0.13692291454306738,0.24671228698796979,0.12403883571909623,0.55235619225919164,2480.6526755462055,
617,524.02209972818446,1.7704852358862861,525.79258496407078,19997,454,-0.0018917512056700729,-3.3956955830658358e-06,0.00014899611052211008,4.7520389948185608e-08,0.00069363853244689007,-1.5374573897692922,-0.13692631023865073,0.24684290847078275,0.12415885851620596,0.55301585523913421,2483.053011465603,
618,523.98045582303325,1.7745492283315265,525.75500505136483,19997,454,-0.0018943209450717989,-3.2637587186025902e-06,0.00014871507359958856,4.7376545135005615e-08,0.00069299617179646754,-1.5391348112767713,-0.13692957399736863,0.24697328838346089,0.12427866146046317,0.55367486392733944,2485.4489505478027,
619,523.93891410459173,1.7786170341155902,525.71753113870727,19997,454,-0.0018969012194955388,-3.1327835906475417e-06,0.00014843504164387632,4.72336308189096e-08,0.00069235440805382137,-1.540810809830758,-0.13693270678095976,0.24710348731815762,0.12439824551032412,0.55433321935619839,2487.840511960972,
620,523.89747402456806,1.7826886474838486,525.68016267205189,19997,454,-0.0018994920727212828,-3.0027643432630831e-06,0.0001481560104979463,4.7091639632974159e-08,0.0006917132434149703,-1.5424853880248146,-0.13693570954530354,0.24723357166249854,0.12451761162084463,0.55499092255671534,2490.2277148052717,
621,523.85613503889977,1.7867640627005406,525.64289910160028,19997,454,-0.0019020935488815948,-2.8736951532105358e-06,0.00014787797602089798,4.6950564277968011e-08,0.00069107268004357423,-1.5441585484351792,-0.13693858324045616,0.24736347660078539,0.12463676074368764,0.55564797455850412,2492.6105781130091,
622,523.81489660774969,1.7908432740486981,525.6057398817984,19997,454,-0.0019047056924660973,-2.7455702301733887e-06,0.00014760093408816924,4.6810397521954822e-08,0.00069043272007071783,-1.5458302936208217,-0.13694132881068613,0.24749313599183703,0.12475569382711996,0.55630437638978214,2494.9891208485719,
623,523.77375819544068,1.794926275830067,525.56868447127079,19997,454,-0.0019073285483204821,-2.618383816213963e-06,0.00014732488059140039,4.6671132199487301e-08,0.00068979336559634352,-1.5475006261234949,-0.13694394719450295,0.24762253127475337,0.1248744118160186,0.5569601290773657,2497.3633619085563,
624,523.73271927044152,1.7990130623650111,525.53173233280654,19997,454,-0.0019099621616528869,-2.4921301856217471e-06,0.00014704981143792849,4.6532761210914874e-08,0.00068915461868834327,-1.5491695484677956,-0.13694643932468856,0.24775163669145825,0.12499291565187361,0.55761523364666465,2499.7333201218203,
625,523.69177930529622,1.8031036279924035,525.49488293328864,19997,454,-0.0019126065780342813,-2.3668036451667837e-06,0.00014677572255165412,4.6395277522115898e-08,0.00068851648138275139,-1.5508370631612138,-0.13694880612833385,0.24788044823472438,0.12511120627279129,0.55826969112167812,2502.099014249553,
626,523.65093777661696,1.8071979670695595,525.45813574368651,19997,454,-0.0019152618434025435,-2.2423985335433051e-06,0.00014650260987218982,4.6258674163591496e-08,0.00068787895568529994,-1.5525031726941898,-0.13695104852686676,0.24800897146538756,0.12522928461349375,0.55892350252498935,2504.4604629852615,
627,523.61019416502472,1.8112960739721675,525.42149023899685,19997,454,-0.0019179280040649818,-2.1189092214200386e-06,0.00014623046935544854,4.6122944230089702e-08,0.00068724204357064819,-1.554167879540171,-0.1369531674360886,0.24813719852412261,0.12534715160532953,0.55957666887776158,2506.817684954985,
628,523.56954795512706,1.8153979430941423,525.38494589822119,19997,454,-0.0019206051067005557,-1.9963301111357941e-06,0.0001459592969730133,4.5988080879808193e-08,0.0006866057469833819,-1.5558311861556626,-0.13695516376619971,0.24826513057461089,0.12546480817626957,0.56022919119973291,2509.1706987172151,
629,523.52899863546304,1.8195035688475873,525.34850220431065,19997,454,-0.0019232931983635105,-1.8746556366617269e-06,0.00014568908871268342,4.5854077334011848e-08,0.00068597006783723815,-1.5574930949802852,-0.13695703842183612,0.24839276881479846,0.12558225525091865,0.56088107050921188,2511.519522763122,
630,523.48854569848004,1.8236129456627026,525.31215864414276,19997,454,-0.0019259923264859781,-1.7538802634338019e-06,0.00014541984057788433,4.572092687630616e-08,0.00068533500801664705,-1.5591536084368287,-0.13695879230209976,0.24852011443703559,0.12569949375051095,0.56153230782307351,2513.8641755164685,
631,523.44818864048625,1.8277260679876974,525.27591470847392,19997,454,-0.0019287025388812281,-1.6339984882164082e-06,0.00014515154858823389,4.5588622852272002e-08,0.00068470056937609,-1.5608127289313061,-0.13696042630058811,0.2486471686280953,0.12581652459292147,0.56218290415675454,2516.2046753338363,
632,523.40792696163066,1.831842930288661,525.23976989191931,19997,454,-0.0019314238837467815,-1.5150048388277378e-06,0.00014488420877898042,4.5457158668667183e-08,0.00068406675374081476,-1.5624704588530109,-0.13696194130542699,0.24877393256920569,0.12593334869266676,0.56283286052424952,2518.5410405046423,
633,523.36776016585054,1.8359635270495451,525.2037236929001,19997,454,-0.0019341564096657575,-1.3968938742488104e-06,0.00014461782620110573,4.5326527793039366e-08,0.00068343356290700573,-1.5641268005745683,-0.13696333819930068,0.2489004074360768,0.12604996696090895,0.56348217793810651,2520.873289251218,
634,523.32768776084822,1.8400878527720432,525.16777561362028,19997,454,-0.00193690016561299,-1.2796601841180607e-06,0.00014435251944563054,4.5196723753078741e-08,0.00068280099864222567,-1.5657817564519922,-0.13696461785948488,0.24902659439892055,0.12616638030546157,0.5641308574094227,2523.2014397289258,
635,523.28770925804383,1.8442159019754996,525.13192516001936,19997,454,-0.001939655200954907,-1.1632983889109994e-06,0.00014408840241957404,4.5067740136128445e-08,0.00068216906268503234,-1.5674353288247389,-0.13696578115787394,0.24915249462248151,0.12628258963079406,0.56477889994784125,2525.5255100262502,
636,523.24782417254642,1.8483476691968606,525.09617184174328,19997,454,-0.0019424215654550788,-1.0478031395542266e-06,0.00014382542999488812,4.4939570588616363e-08,0.00068153775674636963,-1.5690875200157604,-0.13696682896101378,0.24927810926606503,0.12639859583803512,0.56542630656154602,2527.8455181648642,
637,523.20803202312686,1.8524831489905393,525.06051517211745,19997,454,-0.0019451993092761885,-9.3316911750667458e-07,0.00014356343698337541,4.4812208815537534e-08,0.00068090708250836387,-1.5707383323315616,-0.13696776213013115,0.24940343948355295,0.12651439982498067,0.56607307825725961,2530.1614820997884,
638,523.16833233217085,1.8566223359284117,525.02495466809921,19997,454,-0.001947988482982768,-8.1939103433468741e-07,0.00014330238871588212,4.4685648579869174e-08,0.00068027704162625189,-1.5723877680622524,-0.13696858152116514,0.24952848642344388,0.12663000248609529,0.56671921604023778,2532.4734197194198,
639,523.12872462565588,1.8607652245996054,524.9894898502555,19997,454,-0.0019507891375465792,-7.0646363174106799e-07,0.00014304227485168047,4.4559883702086184e-08,0.00067964763572758203,-1.5740358294816015,-0.13696928798479754,0.24965325122886545,0.12674540471251847,0.56736472091426682,2534.7813488456568,
640,523.0892084331158,1.8649118096105626,524.95412024272639,19997,454,-0.0019536013243465268,-5.9438168155011753e-07,0.0001427830792567376,4.4434908059757669e-08,0.00067901886641209819,-1.5756825188470935,-0.13696988236647845,0.249777735037609,0.12686060739207333,0.56800959388165961,2537.0852872340747,
641,523.04978328759535,1.8690620855848992,524.91884537318026,19997,454,-0.0019564250951755184,-4.8313998514333626e-07,0.00014252479812166641,4.4310715586711688e-08,0.00067839073525324724,-1.5773278383999809,-0.13697036550646383,0.24990197267605282,0.1269756114092665,0.56865383594325214,2539.3852525739208,
642,523.01044872563807,1.8732160471632731,524.88366477280135,19997,454,-0.0019592605022413709,-3.7273337368038264e-07,0.00014226742765285634,4.4187300272858939e-08,0.00067776324379751208,-1.5789717903653386,-0.13697073823983755,0.25002593958618791,0.12709041764529591,0.56929744809840011,2541.6812624882728,
643,522.97120428724111,1.8773736890033828,524.84857797624454,19997,454,-0.0019621075981701946,-2.6315670788693625e-07,0.00014201096407187117,4.4064656163525402e-08,0.00067713639356510027,-1.5806143769521195,-0.13697100139654533,0.25014962889980086,0.12720502697805944,0.56994043134497518,2543.9733345342106,
644,522.93204951582129,1.8815350057798552,524.81358452160111,19997,454,-0.0019649664360120063,-1.5440487791358143e-07,0.00014175540361586062,4.3942777358989348e-08,0.00067651018604981906,-1.5822556003532067,-0.13697115580142299,0.25027304173341064,0.12731944028215614,0.57058278667936246,2546.2614862028404,
645,522.89298395819537,1.885699992184132,524.77868395037956,19997,454,-0.0019678370692414399,-4.6472802889837312e-08,0.00014150074253694526,4.3821658013874754e-08,0.00067588462271948489,-1.583895462745468,-0.13697120227422604,0.25039617919832013,0.12743365842889531,0.57122451509645622,2548.5457349194776,
646,522.85400716454456,1.8898686429244578,524.74387580746907,19997,454,-0.0019707195517632906,6.0644568706297185e-08,0.00014124697710278625,4.3701292336886254e-08,0.00067525970501633513,-1.5855339662898118,-0.13697114162965715,0.25051904240064882,0.12754768228630106,0.57186561758965782,2550.8260980437349,
647,522.81511868836469,1.8940409527257787,524.70915964109042,19997,454,-0.0019736139379143668,1.669522595754238e-07,0.00014099410359609779,4.3581674590076398e-08,0.00067463543435716583,-1.5871711131312378,-0.1369709746773978,0.25064163244134668,0.12766151271911599,0.57250609515087125,2553.1025928696008,
648,522.77631808647243,1.898216916329619,524.67453500280203,19997,454,-0.0019765202824686629,2.7245526359234185e-07,0.00014074211831491035,4.3462799088575449e-08,0.00067401181213333039,-1.588806905398894,-0.13697070222213409,0.25076395041623267,0.12777515058881619,0.57314594877050173,2555.3752366257349,
649,522.73760491893654,1.9023965284940547,524.64000144743056,19997,454,-0.001979438640640241,3.7715854592241183e-07,0.00014049101757227945,4.3344660199905268e-08,0.00067338883971168292,-1.5904413452061281,-0.13697032506358775,0.25088599741600415,0.12788859675360398,0.57378517943745133,2557.6440464753259,
650,522.69897874907792,1.9065797839936218,524.60555853307153,19997,454,-0.0019823690680855328,4.8106704334516352e-07,0.00014024079769647338,4.3227252343692778e-08,0.00067276651843335938,-1.5920744346505431,-0.13696984399654519,0.25100777452627659,0.12800185206842876,0.57442378813911721,2559.9090395165067,
651,522.66043914341799,1.9107666776192438,524.57120582103721,19997,454,-0.0019853116209098695,5.8418566420980894e-07,0.00013999145503071629,4.3110569991046005e-08,0.00067214484961673814,-1.5937061758140492,-0.13696925981088093,0.25112928282759328,0.12811491738498124,0.57506177586138763,2562.17023278224,
652,522.62198567167093,1.9149572041781382,524.53694287584904,19997,454,-0.0019882663556691207,6.8651928861197865e-07,0.00013974298593343612,4.2994607664271301e-08,0.0006715238345532564,-1.5953365707629206,-0.13696857329159187,0.25125052339546189,0.12822779355170977,0.57569914358863983,2564.4276432406436,
653,522.58361790669051,1.9191513584937854,524.50276926518427,19997,454,-0.0019912333293739832,7.8807276850517513e-07,0.00013949538677780662,4.287935993613345e-08,0.00067090347451318855,-1.5969656215478438,-0.13696778521882386,0.25137149730037045,0.12834048141381979,0.5763358923037375,2566.6812877949819,
654,522.54533542446643,1.9233491354057459,524.46868455987214,19997,454,-0.0019942125994930706,8.888509279414885e-07,0.00013924865395237491,4.2764821429800881e-08,0.00067028377074092294,-1.598593330203977,-0.13696689636789541,0.25149220560781826,0.12845298181328577,0.57697202298802797,2568.9311832839021,
655,522.50713780406818,1.92755052976974,524.43468833383793,19997,454,-0.0019972042239581062,9.8885856327547344e-07,0.00013900278386008076,4.2650986817924605e-08,0.00066966472445817806,-1.6002196987510005,-0.13696590750933268,0.25161264937833289,0.1285652955888546,0.57760753662133957,2571.1773464815033,
656,522.46902462765047,1.9317555364574672,524.40078016410791,19997,454,-0.0020002082611680571,1.0881004429206597e-06,0.00013875777291909398,4.2537850822569231e-08,0.00066904633686277494,-1.6018447291931694,-0.13696481940888935,0.25173282966749971,0.12867742357605622,0.57824243418197896,2573.4197940975482,
657,522.43099548038367,1.9359641503565406,524.36695963074021,19997,454,-0.0020032247699901507,1.1865813080541821e-06,0.00013851361756230841,4.2425408214593807e-08,0.00066842860913050102,-1.6034684235193701,-0.13696363282758145,0.25185274752598097,0.12878936660720652,0.57887671664672891,2575.6585427775231,
658,522.39304995046905,1.9401763663704468,524.3332263168395,19997,454,-0.0020062538097677576,1.2843058722478969e-06,0.00013827031423744611,4.231365381324554e-08,0.0006678115424122703,-1.6050907837031698,-0.13696234852170935,0.25197240399954435,0.1289011255114178,0.57951038499084639,2577.8936091028445,
659,522.35518762908782,1.9443921794184258,524.29957980850622,19997,454,-0.0020092954403213167,1.3812788219409214e-06,0.00013802785940696366,4.220258248572171e-08,0.00066719513783826173,-1.606711811702872,-0.13696096724288723,0.25209180012908483,0.12901270111460464,0.58014344018805908,2580.1250095909782,
660,522.31740811037162,1.948611584435503,524.26601969480714,19997,454,-0.0020123497219544169,1.4775048162883676e-06,0.00013778624954809376,4.2092189146805747e-08,0.00066657939651521133,-1.6083315094615698,-0.13695948973807165,0.25221093695064317,0.12912409423949367,0.58077588321056395,2582.3527606956341,
661,522.27971099138745,1.9528345763722665,524.23254556775976,19997,454,-0.0020154167154570928,1.5729884876789817e-06,0.0001375454811526373,4.1982468758265207e-08,0.00066596431952732833,-1.609949878907198,-0.1369579167495833,0.25232981549543915,0.12923530570562597,0.58140771502902544,2584.576878806814,
662,522.2420958721043,1.9570611501949036,524.19915702229923,19997,454,-0.0020184964821084402,1.6677344414876947e-06,0.00013730555072706023,4.1873416328634219e-08,0.00066534990793773712,-1.6115669219525863,-0.13695624901514147,0.25244843678988749,0.12934633632937123,0.58203893661257211,2586.7973802510951,
663,522.20456235537267,1.9612913008850978,524.16585365625781,19997,454,-0.0020215890836852973,1.761747256394508e-06,0.00013706645479257351,4.1765026912698884e-08,0.00066473616278631023,-1.613182640495513,-0.13695448726788537,0.2525668018556208,0.1294571869239298,0.5826695489287953,2589.014281291672,
664,522.16711004689137,1.9655250234399573,524.13263507033128,19997,454,-0.0020246945824614684,1.8550314845516201e-06,0.00013682818988472865,4.1657295611053504e-08,0.00066412308509284452,-1.6147970364187567,-0.13695263223640072,0.25268491170951851,0.12956785829934322,0.58329955294374758,2591.2275981285652,
665,522.12973855518567,1.9697623128719035,524.09950086805759,19997,454,-0.002027813041214395,1.9475916516914475e-06,0.00013659075255367524,4.1550217569752997e-08,0.00066351067585435736,-1.6164101115901512,-0.13695068464474933,0.25280276736372509,0.12967835126250102,0.58392894962193964,2593.4373468987578,
666,522.09244749158074,1.974003164208699,524.06645065578948,19997,454,-0.0020309445232301257,2.0394322571622084e-06,0.00013635413936409786,4.1443787979890249e-08,0.00066289893604785444,-1.6180218678626346,-0.13694864521249187,0.25292037297494369,0.12978866661715063,0.58455773992633964,2595.6435436763954,
667,522.05523647018435,1.9782475724932957,524.03348404267763,19997,454,-0.002034089092306221,2.1305577740267805e-06,0.00013611834689510199,4.1338002077215361e-08,0.0006622878666280263,-1.6196323070743062,-0.13694651465471785,0.253037732633417,0.12989880516390212,0.58518592481836995,2597.8462044728785,
668,522.01810510784912,1.9824955327838074,524.00060064063291,19997,454,-0.002037246812756981,2.2209726497150752e-06,0.00013588337197011188,4.1232855141600085e-08,0.00066167746852987858,-1.6212414310484768,-0.13694429368206812,0.25315484110556624,0.13000876770024097,0.58581350525790676,2600.0453452371194,
669,521.98105302415138,1.986747040153348,523.9678000643047,19997,454,-0.0020404177494182515,2.3106813051841064e-06,0.00013564928455438242,4.1128342496909959e-08,0.00066106774266708928,-1.6228492415937219,-0.13694198300076321,0.25327169938478838,0.1301185550205298,0.58644048220327771,2602.2409818555752,
670,521.94407984138115,1.991002089690125,523.9350819310713,19997,454,-0.0020436019676506644,2.3996881360321557e-06,0.00013541697285333385,4.1024459510340985e-08,0.00066045868993330488,-1.6244557405039333,-0.1369395833126269,0.25338831096811343,0.13022816791602179,0.5870668566112599,2604.4331301525199,
671,521.90718518449103,1.9952606764972383,523.90244586098822,19997,454,-0.0020467995333464661,2.487997512006736e-06,0.00013518798591681294,4.0921201592204509e-08,0.00065985031120182475,-1.6260609295583712,-0.13693709531511503,0.25350468236761892,0.13033760717486867,0.58769262943707845,2606.6218058901986,
672,521.87036868110795,1.9995227956926513,523.8698914768006,19997,454,-0.0020500105129312614,2.5756137774567501e-06,0.00013496147936766962,4.0818564195483422e-08,0.00065924260732569395,-1.6276648105217193,-0.13693451970133777,0.25362082306960732,0.13044687358212417,0.58831780163440561,2608.8070247689016,
673,521.83362996146684,2.0037884424091592,523.83741840387597,19997,454,-0.0020532349733716425,2.6625412512598665e-06,0.00013473578282217414,4.0716542815435872e-08,0.00065863557913898414,-1.6292673851441348,-0.13693185716008632,0.25373672335481984,0.13055596791975893,0.58894237415535844,2610.9888024272586,
674,521.79696865842766,2.0080576117942246,523.8050262702219,19997,454,-0.0020564729821779624,2.7487842269800031e-06,0.00013451085856372851,4.0615132989317428e-08,0.00065802922745448599,-1.6308686551612992,-0.13692910837585953,0.2538524039820394,0.13066489096666614,0.58956634795049734,2613.1671544423561,
675,521.76038440742764,2.012330299010078,523.77271470643768,19997,454,-0.0020597246074113215,2.8343469732469361e-06,0.00013428670340731409,4.0514330295859755e-08,0.00065742355306724822,-1.6324686222944735,-0.13692627402888619,0.25396790943074221,0.13077364349866785,0.5901897239688253,2615.3420963298586,
676,521.72387684646696,2.0166064992334332,523.74048334570045,19997,454,-0.0020629899176837908,2.9192337334167599e-06,0.00013406331418136682,4.041413035504801e-08,0.00065681855675266262,-1.6340672882505485,-0.13692335479515261,0.25408345645435354,0.13088222628852916,0.59081250315778588,2617.5136435442946,
677,521.68744561608378,2.0208862076556224,523.7083318237394,19997,454,-0.0020662689821691264,3.0034487262515415e-06,0.00013384068772762561,4.0314528827679914e-08,0.00065621423926614977,-1.6356646547220979,-0.13692035134642669,0.254199059140086,0.13099064010595821,0.59143468646326236,2619.6818114790581,
678,521.65109035933028,2.0251694194824137,523.67625977881266,19997,454,-0.002069561870605485,3.08699614557732e-06,0.00013361882090139071,4.021552141501449e-08,0.00065561060134495999,-1.6372607233874286,-0.13691726435028087,0.25431451399200844,0.13109888571762721,0.59205627482957579,2621.8466154668263,
679,521.61481072175798,2.029456129933962,523.6442668516919,19997,454,-0.0020728686532981186,3.1698801605857626e-06,0.00013339771057097559,4.011710385839656e-08,0.00065500764370784992,-1.6388554959106338,-0.13691409447011996,0.25442974705750493,0.13120696388716885,0.59267726919948482,2624.0080707794896,
680,521.57860635139241,2.0337463342447837,523.61235268563723,19997,454,-0.0020761894011279937,3.2521049162468002e-06,0.00013317735361823154,4.0019271938982483e-08,0.00065440536705489271,-1.6404489739416435,-0.13691084236520393,0.25454475691260386,0.13131487537519343,0.59329767051418369,2626.1661926284933,
681,521.54247689869794,2.038040027663643,523.58051692636161,19997,454,-0.0020795241855547926,3.3336745327994114e-06,0.00013295774693823249,3.992202147730672e-08,0.00065380377206715641,-1.6420411591162762,-0.1369075086906715,0.25465952916904105,0.13142262093929363,0.59391747971330144,2628.3209961649331,
682,521.50642201658525,2.0423372054535283,523.54875922203883,19997,454,-0.0020828730786235207,3.4145931064173345e-06,0.00013273893114343005,3.9825348333023278e-08,0.00065320285940875572,-1.643632053056292,-0.1369040940975644,0.25477406413414011,0.1315302013340568,0.5945366977349007,2630.472496479802,
683,521.47044136035856,2.0466378628915489,523.51707922325011,19997,454,-0.0020862361529681156,3.4948647092227476e-06,0.00013252171150227363,3.9729248404374241e-08,0.00065260262972493936,-1.6452216573694436,-0.1369005992328558,0.25488836273538784,0.13163761731107088,0.59515532551547701,2632.6207086041063,
684,521.43453458771637,2.0509419952689236,523.48547658298526,19997,454,-0.0020896134818189889,3.5744933892599767e-06,0.00013230653188621403,3.9633717628162283e-08,0.00065200308364282288,-1.6468099736495261,-0.13689702473946599,0.25500242589597033,0.1317448696189355,0.59577336398995728,2634.7656475090912,
685,521.3987013587207,2.0552495978908327,523.45395095661149,19997,454,-0.0020930051390066623,3.6534831706609093e-06,0.00013209241886590203,3.953875197916802e-08,0.00065140422177356085,-1.6483970034764297,-0.13689337125629547,0.2551162545347973,0.13185195900326874,0.59639081409169958,2636.9073281063716,
686,521.36294133577576,2.0595606660764894,523.42250200185219,19997,454,-0.002096411198967051,3.7318380539233911e-06,0.00013187903087826078,3.9444347469833142e-08,0.00065080604470898616,-1.6499827484161904,-0.13688963941824228,0.25522984956651995,0.13195888620672125,0.59700767675249156,2639.0457652482182,
687,521.32725418362566,2.0638751951589041,523.39112937878451,19997,454,-0.002099831736749581,3.8095620158376409e-06,0.00013166636493781259,3.9350500150115241e-08,0.00065020855302483512,-1.6515672100210421,-0.13688582985622608,0.25534323066366088,0.1320656519689804,0.59762395290255022,2641.180973727639,
688,521.29163956929597,2.0681931804849709,523.35983274978094,19997,454,-0.0021032668280194827,3.8866590097595373e-06,0.00013145441807170657,3.9257206106932323e-08,0.00064961174727936157,-1.6531503898294664,-0.13688194319721608,0.25545644174695886,0.13217225702678109,0.59823964347052061,2643.3129682785952,
689,521.2560971621167,2.0725146174153486,523.32861177953203,19997,454,-0.0021067165490651373,3.963132965598745e-06,0.00013124318731987087,3.9164461464013248e-08,0.00064901562801405284,-1.6547322893662433,-0.13687798006425062,0.25556984688048634,0.13227870211391862,0.59885474938347516,2645.4417635762584,
690,521.22062663367205,2.0768395013243435,523.2974661349964,19997,454,-0.0021101809768045727,4.038987790099826e-06,0.00013103266973482386,3.9072262381486637e-08,0.00064842019575290404,-1.6563129101425045,-0.1368739410764607,0.25568387835726658,0.13238498796125042,0.59946927156691365,2647.5673742370473,
691,521.18522765779721,2.0811678275999625,523.2663954853972,19997,454,-0.0021136601887899358,4.1142273667430977e-06,0.00013082286238190198,3.898060505564661e-08,0.0006478254510043106,-1.6578922536557812,-0.13686982684909413,0.2557992529244224,0.13249111529671617,0.60008321094476169,2649.6898148190267,
692,521.14989991054608,2.0854995916437651,523.23539950218981,19997,454,-0.0021171542632136132,4.1888555562577716e-06,0.00013061376233887198,3.8889485718507838e-08,0.00064723139425981345,-1.6594703213900577,-0.13686563799353751,0.25591556636658935,0.13259708484533611,0.60069656843937025,2651.8090998218768,
693,521.11464307018991,2.0898347888708284,523.20447785906072,19997,454,-0.0021206632789136873,4.262876196074837e-06,0.00013040536669631483,3.8798900637675477e-08,0.00064663802599467543,-1.6610471148158186,-0.13686137511734114,0.25603186395090111,0.13270289732922924,0.60130934497151589,2653.9252436872557,
694,521.07945681717979,2.0941734147096955,523.17363023188943,19997,454,-0.0021241873153830808,4.3362931010882479e-06,0.00013019767255727016,3.8708846115930795e-08,0.00064604534666780681,-1.6626226353901028,-0.13685703882424025,0.25614798086458962,0.13280855346761813,0.60192154146039945,2656.038260798895,
695,521.04434083413412,2.0985154646022997,523.14285629873643,19997,454,-0.0021277264527695306,4.4091100636075755e-06,0.00012999067703705071,3.8619318490841086e-08,0.00064545335672247127,-1.6641968845565507,-0.13685262971417675,0.25626391429966539,0.13291405397684225,0.60253315882364511,2658.1481654828681,
696,521.00929480583409,2.1028609340039193,523.11215573983804,19997,454,-0.0021312807718888768,4.4813308533023838e-06,0.00012978437726370932,3.853031413471739e-08,0.00064486205658620117,-1.6657698637454592,-0.13684814838332329,0.25637965248372013,0.13301939957036274,0.60314419797730134,2660.2549720076845,
697,520.97431841917705,2.1072098183830947,523.08152823756018,19997,454,-0.0021348503542254725,4.5529592173429256e-06,0.0001295787703776496,3.8441829454095868e-08,0.00064427144667071926,-1.6673415743738262,-0.13684359542410643,0.25649519906346535,0.1331245909587766,0.60375465983583965,2662.3586945845732,
698,520.93941136317881,2.1115621132216105,523.05097347640037,19997,454,-0.0021384352819421829,4.6239988807992064e-06,0.00012937385353171076,3.8353860889538135e-08,0.00064368152737250646,-1.6689120178454055,-0.13683897142522536,0.25661056693209322,0.13322962884982392,0.60436454531215422,2664.4593473676287,
699,520.90457332895744,2.1159178140143684,523.02049114297176,19997,454,-0.0021420356378854958,4.694453546351735e-06,0.00012916962389083203,3.8266404915278818e-08,0.00064309229907219653,-1.6704811955507557,-0.13683427697167838,0.25672572149124989,0.13333451394840143,0.60497385531756154,2666.5569444540802,
700,520.86980400969946,2.1202769162694199,522.99008092596887,19997,454,-0.0021456515055907769,4.7643268946763717e-06,0.00012896607863254665,3.8179458039069138e-08,0.00064250376213579382,-1.6720491088672873,-0.13682951264478449,0.25684065471003642,0.13343924695656523,0.60558259076180043,2668.6514998843481,
701,520.8351031006589,2.1246394155078372,522.95974251616678,19997,454,-0.0021492829692899649,4.8336225845643759e-06,0.00012876321494654125,3.8093016801769221e-08,0.00064191591691406492,-1.6736157591593159,-0.13682467902219977,0.25695536743106928,0.13354382857354927,0.60619075255303156,2670.743027642412,
702,520.80047029912339,2.1290053072636832,522.92947560638709,19997,454,-0.002152930113921037,4.9023442528873429e-06,0.0001285610300347289,3.8007077777070275e-08,0.00064132876374310113,-1.6751811477781129,-0.1368197766779464,0.25706986049309904,0.13364825949576925,0.6067983415978373,2672.8315416558894,
703,520.76590530440944,2.133374587083948,522.89927989149339,19997,454,-0.0021565930251274622,4.9704955148293102e-06,0.00012835952111108094,3.792163757133402e-08,0.00064074230294396757,-1.6767452760619515,-0.1368148061824323,0.25718413473104562,0.13375254041683296,0.60740535880122204,2674.9170557962425,
704,520.731407817849,2.1377472505284381,522.86915506837749,19997,454,-0.0021602717892727475,5.0380799639791433e-06,0.0001281586854020334,3.7836692823247234e-08,0.00064015653482339457,-1.6783081453361595,-0.13680976810246789,0.25729819097600481,0.13385667202755555,0.60801180506661057,2676.9995838790833,
705,520.69697754275194,2.1421232931698753,522.83910083592184,19997,454,-0.0021639664934424811,5.105101172394897e-06,0.00012795852014576813,3.7752240203446087e-08,0.0006395714596735538,-1.6798697569131666,-0.13680466300129562,0.25741203005527141,0.13396065501596377,0.60861768129585025,2679.0791396642594,
706,520.66261418440945,2.1465027105936549,522.80911689500306,19997,454,-0.002167677225453319,5.1715626906381349e-06,0.00012775902259291806,3.7668276414506384e-08,0.00063898707777248608,-1.6814301120925577,-0.13679949143860543,0.25752565279235878,0.13406449006730659,0.60922298838920885,2681.1557368560643,
707,520.62831745006361,2.1508854983979058,522.77920294846149,19997,454,-0.0021714040738590014,5.2374680482140507e-06,0.00012756019000571624,3.7584798190368085e-08,0.00063840338938426415,-1.6829892121611154,-0.13679425397055697,0.25763906000701703,0.13416817786407048,0.60982772724537559,2683.2293891035456,
708,520.59408704890302,2.1552716521933979,522.74935870109641,19997,454,-0.0021751471279574065,5.3028207533597828e-06,0.00012736201965871018,3.7501802296353148e-08,0.00063782039475811995,-1.6845470583928777,-0.13678895114980369,0.25775225251524714,0.13427171908598279,0.61043189876146131,2685.3001100005699,
709,520.55992269203898,2.1596611676034838,522.71958385964251,19997,454,-0.0021789064777996223,5.3676242932924983e-06,0.00012716450883820001,3.741928552870577e-08,0.00063723809413055159,-1.686103652049181,-0.13678358352551001,0.25786523112932908,0.13437511441002734,0.61103550383299754,2687.3679130861365,
710,520.52582409249476,2.1640540402640376,522.68987813275885,19997,454,-0.0021826822141943255,5.4318821341962544e-06,0.00012696765484260226,3.7337244714484927e-08,0.00063665648772418806,-1.6876589943787124,-0.13677815164337598,0.25797799665782917,0.1344783645104535,0.61163854335393786,2689.4328118445596,
711,520.49179096517264,2.1684502658234299,522.66024123099612,19997,454,-0.0021864744287175401,5.4955977215089085e-06,0.0001267714549820198,3.7255676711170784e-08,0.00063607557574717026,-1.6892130866175568,-0.13677265604565428,0.25809054990562741,0.13458147005878046,0.61224101821665688,2691.4948197055505,
712,520.4578230268603,2.1728498399423999,522.63067286680268,19997,454,-0.0021902832137198863,5.5587744800400789e-06,0.00012657590657845499,3.7174578406559091e-08,0.00063549535839512394,-1.690765929989247,-0.13676709727117481,0.25820289167393234,0.13468443172381775,0.61284292931195139,2693.5539500446312,
713,520.42391999620804,2.1772527582941636,522.60117275450216,19997,454,-0.0021941086623308553,5.621415813785854e-06,0.00012638100696576023,3.7093946718370433e-08,0.00063491583585015081,-1.6923175257048126,-0.13676147585536083,0.25831502276029611,0.13478725017166887,0.61344427752903952,2695.6102161832059,
714,520.39008159370633,2.1816590165641205,522.57174061027047,19997,454,-0.0021979508684720952,5.6835251064500668e-06,0.00012618675348936812,3.7013778594136211e-08,0.00063433700828111235,-1.6938678749628286,-0.13675579233025417,0.25842694395863752,0.13488992606574055,0.61404506375556189,2697.6636313887452,
715,520.35630754167119,2.18606861045004,522.54237615212128,19997,454,-0.0022018099268611576,5.7451057210388104e-06,0.00012599314350668711,3.6934071010911079e-08,0.00063375887584404562,-1.6954169789494644,-0.13675004722453354,0.25853865605925941,0.13499246006676044,0.61464528887758163,2699.714208875142,
716,520.32259756424219,2.1904815356617808,522.51307909990396,19997,454,-0.0022056859330189253,5.8061610007259407e-06,0.0001258001743865956,3.6854820974912083e-08,0.00063318143868192414,-1.6969648388385294,-0.13674424106353217,0.25865015984886192,0.1350948528327782,0.61524495377958388,2701.7619618027311,
717,520.28895138735015,2.1948977879214788,522.48384917527164,19997,454,-0.0022095789832805523,5.8666942681081594e-06,0.00012560784350963756,3.6776025521535943e-08,0.00063260469692494293,-1.6985114557915273,-0.13673837436926464,0.25876145611056672,0.13519710501918308,0.6158440593444775,2703.8069032786425,
718,520.25536873871351,2.1993173629632392,522.45468610167677,19997,454,-0.0022134891748016305,5.9267088259753437e-06,0.00012541614826801299,3.6697681714874628e-08,0.00063202865069092494,-1.7000568309576998,-0.13673244766043852,0.25887254562393019,0.135299217278711,0.61644260645359428,2705.8490463569415,
719,520.22184934781603,2.2037402565332975,522.42558960434928,19997,454,-0.0022174166055657345,5.9862079569025026e-06,0.00012522508606549809,3.6619786647668031e-08,0.00063145330008495398,-1.7016009654740749,-0.13672646145248149,0.25898342916496353,0.13540119026145667,0.61704059598668981,2707.8884040388721,
720,520.18839294589634,2.2081664643898979,522.39655941028627,19997,454,-0.0022213613743944046,6.0451949238611653e-06,0.00012503465431721938,3.6542337440924909e-08,0.00063087864519978203,-1.7031438604655194,-0.13672041625755768,0.25909410750615042,0.13550302461488184,0.61763802882194385,2709.9249892730218,
721,520.1549992659418,2.2125959823031205,522.36759524824492,19997,454,-0.0022253235809545561,6.1036729700842532e-06,0.00012484485044993,3.6465331243853684e-08,0.00063030468611610267,-1.7046855170447823,-0.13671431258458808,0.2592045814164608,0.13560472098382648,0.61823490583596041,2711.9588149555457,
722,520.12166804265166,2.2170288060550156,522.33869684870672,19997,454,-0.0022293033257661365,6.1616453187896531e-06,0.00012465567190180692,3.6388765233476827e-08,0.0006297314229024403,-1.7062259363125449,-0.13670815093926852,0.25931485166137608,0.13570628001052387,0.61883122790376921,2713.9898939304671,
723,520.08839901244369,2.2214649314394448,522.3098639438831,19997,454,-0.0022333007102118873,6.2191151740832579e-06,0.00012446711612243864,3.6312636614586154e-08,0.00062915885561555139,-1.707765119357469,-0.13670193182409493,0.25942491900289716,0.13580770233460451,0.61942699589882511,2716.0182389897554,
724,520.05519191343365,2.2259043542620529,522.28109626769572,19997,454,-0.0022373158365465427,6.2760857203705394e-06,0.0001242792277796935,3.623694261938337e-08,0.00062858698430005194,-1.7093030672562435,-0.13669565573837436,0.25953478419957177,0.13590898859310976,0.62002221069300933,2718.0438628736024,
725,520.02204648542011,2.2303470703401937,522.25239355576025,19997,454,-0.0022413488079024032,6.3325601228048754e-06,0.00012409401433947912,3.6161680507285445e-08,0.00062801580898830505,-1.7108397810736331,-0.13668932317825114,0.2596444480064995,0.13601013942050219,0.62061687315662961,2720.0667782706232,
726,519.98896246986214,2.2347930755029473,522.22375554536507,19997,454,-0.0022453997283031425,6.3885415273918191e-06,0.00012391120493598261,3.6086847564800376e-08,0.00062744532970248539,-1.7123752618625263,-0.13668293463672376,0.25975391117536212,0.13611115544867819,0.62121098415842069,2722.0869978181149,
727,519.95593960988708,2.2392423655909814,522.19518197547802,19997,454,-0.0022494687026676399,6.4440330608165284e-06,0.00012372898547533524,3.6012441105279178e-08,0.00062687554645189561,-1.7139095106639828,-0.13667649060366308,0.25986317445443141,0.13621203730697573,0.6218045445655459,2724.1045341022077,
728,519.92297765025546,2.2436949364565733,522.16667258671202,19997,454,-0.0022535558368234243,6.4990378309531918e-06,0.00012354735358631751,3.5938458468555837e-08,0.00062630645923554226,-1.7154425285072779,-0.13666999156583237,0.2599722385885892,0.13631278562218482,0.62239755524359663,2726.1193996580741,
729,519.89007633736014,2.2481507839634869,522.13822712132367,19997,454,-0.0022576612375125641,6.5535589265154819e-06,0.0001233663069086758,3.5864897021060132e-08,0.0006257380680404765,-1.716974316409956,-0.13666343800690595,0.26008110431934456,0.13641340101856217,0.62299001705659363,2728.1316069702248,
730,519.85723541920788,2.2526099039870018,522.10984532319492,19997,454,-0.0022617850124033597,6.6075994176280851e-06,0.00012318584309239705,3.5791754155300984e-08,0.00062517037284270157,-1.7185048753778718,-0.13665683040748819,0.26018977238485314,0.1365138841178356,0.62358193086698777,2730.1411684725945,
731,519.82445464540979,2.2570722924138118,522.08152693782358,19997,454,-0.0022659272700979354,6.6611623555769834e-06,0.00012300595979791723,3.5719027289879473e-08,0.00062460337360756063,-1.7200342064052416,-0.13665016924513246,0.26029824351992747,0.1366142355392243,0.62417329753566053,2732.1480965489468,
732,519.79173376716062,2.2615379451419959,522.0532717123026,19997,454,-0.0022700881201439807,6.7142507730128752e-06,0.00012282665469611623,3.5646713869147415e-08,0.00062403707028923334,-1.7215623104746878,-0.13664345499435968,0.26040651845605806,0.13671445589943776,0.62476411792192477,2734.1524035328557,
733,519.75907253723585,2.2660068580809294,522.02507939531677,19997,454,-0.0022742676730422334,6.7668676839382069e-06,0.0001226479254681827,3.557481136312836e-08,0.00062347146283150468,-1.7230891885572874,-0.13663668812667526,0.26051459953671996,0.13681454581269567,0.62535439288352579,2736.1541017081008,
734,519.726470709968,2.2704790271513087,521.99694973711928,19997,454,-0.0022784660402569937,6.8190160842569929e-06,0.0001224697698057379,3.5503317267258544e-08,0.00062290655116662168,-1.7246148416126184,-0.13662986911059138,0.26062255422175817,0.13691450589073512,0.62594412327664173,2738.1532033088115,
735,519.69392804125232,2.2749544482850483,521.96888248953735,19997,454,-0.0022826833342267823,6.8706989512587705e-06,0.00012229218541056873,3.5432229102200513e-08,0.00062234233521746502,-1.7261392705888052,-0.13662299841164,0.26073040795749558,0.13701433674282207,0.62653330995588496,2740.1497205196983,
736,519.66144428850771,2.27943311742525,521.94087740593295,19997,454,-0.0022869196683740741,6.9219192441147574e-06,0.00012211516999486202,3.5361544413703719e-08,0.00062177881489538058,-1.7276624764225708,-0.13661607649239607,0.26083837227757606,0.1371140389757621,0.62712195377430258,2742.1436654762665,
737,519.62901921068737,2.2839150305260993,521.91293424121352,19997,454,-0.0022911751571148549,6.9726799038462636e-06,0.00012193872128099347,3.5291260772355093e-08,0.00062121599010260564,-1.7291844600392741,-0.13660910381249197,0.26094654292441771,0.13721361319390998,0.62771005558337711,2744.1350502650057,
738,519.59665256825315,2.2884001835529681,521.88505275180614,19997,454,-0.0022954499158693718,7.0229838534895843e-06,0.00012176283700138841,3.5221375773416862e-08,0.00062065386072971589,-1.7307052223529642,-0.13660208082863839,0.26105496503923442,0.13731305999918456,0.62829761623302804,2746.1238869236918,
739,519.56434412317094,2.2928885724821515,521.85723269565312,19997,454,-0.0022997440610729356,7.0728339979904829e-06,0.00012158751489895507,3.5151887036751294e-08,0.00062009242665817563,-1.7322247642664246,-0.13659500799464072,0.26116352889199468,0.13741237999107375,0.6288846365716122,2748.110187441484,
740,519.53209363889505,2.2973801933010107,521.82947383219607,19997,454,-0.0023040577101865285,7.1222332245283855e-06,0.00012141275272651584,3.5082792206477407e-08,0.00061953168775931379,-1.7337430866712182,-0.13658788576141623,0.26127207666343283,0.13751157376665032,0.62947111744592488,2750.0939637592401,
741,519.49990088035338,2.3018750420078287,521.80177592236123,19997,454,-0.0023083909817061795,7.1711844027434925e-06,0.00012123854824682627,3.5014088950819305e-08,0.00061897164389444856,-1.7352601904477356,-0.13658071457701348,0.26138045031963819,0.13761064192058181,0.63005705970120152,2752.0752277697156,
742,519.46776561394495,2.3063731146117905,521.77413872855675,19997,454,-0.0023127439951755994,7.2196903842829161e-06,0.00012106489923297609,3.4945774962085381e-08,0.00061841229491526478,-1.7367760764652385,-0.1365734948866294,0.26148863465712274,0.13770958504513783,0.63064246418111758,2754.0539913177117,
743,519.43568760751555,2.3108744071329141,521.74656201464848,19997,454,-0.0023171168711956245,7.2677540034319049e-06,0.00012089180346795642,3.4877847956348859e-08,0.00061785364066317412,-1.7382907455819085,-0.13656622713262578,0.26159663036754482,0.13780840373020731,0.63122733172779,2756.030266200416,
744,519.40366663035547,2.3153789156020248,521.71904554595744,19997,454,-0.0023215097314374972,7.3153780769252183e-06,0.00012071925874475966,3.4810305673337552e-08,0.00061729568097095792,-1.7398041986448907,-0.13655891175454876,0.26170443813946209,0.13790709856330344,0.63181166318177873,2758.0040641675055,
745,519.37170245318362,2.3198866360607004,521.6915890892443,19997,454,-0.0023259226986518822,7.3625654041660946e-06,0.00012054730209222405,3.4743145876272795e-08,0.00061673841566136452,-1.7413164364903422,-0.13655154918914458,0.26181205865835183,0.13800567012957918,0.6323954593820873,2759.9753969214539,
746,519.33979484814472,2.324397564561234,521.66419241270592,19997,454,-0.0023303558966812797,7.409318767344249e-06,0.00012037645530468607,3.4676366351679652e-08,0.0006161818445476106,-1.7428274599434752,-0.13654413987037708,0.26191949260662389,0.13810411901183456,0.63297872116616427,2761.9442761176792,
747,519.30794358877438,2.3289116971665909,521.63685528594101,19997,454,-0.0023348094504718297,7.4556409312723615e-06,0.00012020991236142384,3.4609964909248297e-08,0.00061562596743425636,-1.7443372698186035,-0.13653668422944601,0.26202674066362885,0.13820244579053126,0.63356144936990411,2763.9107133648345,
748,519.27614845002427,2.3334290299503269,521.60957747997463,19997,454,-0.0023392834860845148,7.5015346439229827e-06,0.00012004616679580121,3.4543939381648527e-08,0.0006150707841160567,-1.7458458669191892,-0.13652918269480205,0.26213380350568832,0.13830065104380007,0.63414364482764873,2765.8747202249574,
749,519.24440920821689,2.3379495589966139,521.58235876721346,19997,454,-0.002343778130707427,7.5470026360760023e-06,0.0001198829377957792,3.447828762438654e-08,0.00061451629437909115,-1.7473532520378876,-0.13652163569216622,0.262240681806097,0.13839873534745503,0.63472530837218766,2767.836308213753,
750,519.21272564105561,2.3424732804000943,521.55519892145571,19997,454,-0.0023482935126684823,7.592047621700587e-06,0.00011972022049652214,3.4413007515705201e-08,0.00061396249800074905,-1.7488594259565897,-0.1365140436445445,0.2623473762351447,0.13849669927500227,0.63530644083476073,2769.7954888007703,
751,519.18109752760188,2.3470001902659199,521.52809771786781,19997,454,-0.0023528297614460944,7.6366722978367007e-06,0.00011955801285602708,3.4348096956384254e-08,0.00061340939474908626,-1.7503643894464733,-0.13650640697224697,0.26245388746012932,0.13859454339765456,0.63588704304505828,2771.7522734096938,
752,519.14952464828161,2.3515302847096926,521.50105493299134,19997,454,-0.0023573870076815215,7.6808793449252319e-06,0.00011939631284147972,3.4283553869515072e-08,0.00061285698438281284,-1.7518681432680432,-0.13649872609290165,0.262560216145375,0.13869226828433354,0.6364671158312224,2773.7066734183863,
753,519.11800678484383,2.3560635598573829,521.4740703447012,19997,454,-0.0023619653831938852,7.7246714266780679e-06,0.00011923511842949934,3.421937620049893e-08,0.00061230526665367793,-1.7533706881711775,-0.13649100142147522,0.26266636295224105,0.13878987450169303,0.637046660019849,2775.6587001593589,
754,519.08654372037836,2.3606000118453041,521.44714373222371,19997,454,-0.0023665650209910767,7.7680511902826672e-06,0.00011907442760598276,3.4155561916823592e-08,0.00061175424130291726,-1.7548720248951741,-0.13648323337028448,0.26277232853914145,0.13888736261412202,0.63762567643598844,2777.6083649198263,
755,519.05513523930108,2.3651396368201154,521.4202748761212,19997,454,-0.0023711860552809161,7.8110212663650967e-06,0.0001189142383660262,3.40921090078976e-08,0.0006112039080652771,-1.7563721541687933,-0.13647542234901813,0.26287811356156204,0.13898473318375767,0.63820416590314655,2779.5556789419697,
756,519.02378112733095,2.3696824309386759,521.39346355826967,19997,454,-0.0023758286214887957,7.8535842694107772e-06,0.00011875454871409938,3.4029015485003999e-08,0.00061065426666508755,-1.7578710767103047,-0.136467568764748,0.26298371867206605,0.13908198677049688,0.63878212924328659,2781.500653423167,
757,518.99248117148568,2.3742283903681103,521.36670956185378,19997,454,-0.0023804928562651947,7.8957427973998247e-06,0.00011859535666369229,3.396627938104294e-08,0.00061010531681964734,-1.759368793227531,-0.13645967302195172,0.26308914452032039,0.1391791239320074,0.63935956727683063,2783.443299516216,
758,518.96123516007697,2.3787775112856933,521.34001267136262,19997,454,-0.0023851788975042423,7.9374994322151958e-06,0.00011843666023767423,3.3903898750476867e-08,0.00060955705823794609,-1.760865304417891,-0.1364517355225196,0.26319439175310466,0.1392761452237376,0.6399364808226603,2785.3836283295282,
759,518.93004288269481,2.3833297898788226,521.31337267257368,19997,454,-0.0023898868843536315,7.9788567395452239e-06,0.00011827845746786519,3.3841871669180673e-08,0.00060900949062051631,-1.7623606109684478,-0.13644375666577963,0.26329946101432378,0.13937305119892943,0.64051287069811857,2787.3216509273898,
760,518.89890413019816,2.3878852223449782,521.28678935254311,19997,454,-0.002394616957231361,8.0198172692075135e-06,0.0001181207463951722,3.3780196234286499e-08,0.0006084626136601709,-1.7638547135559495,-0.13643573684850988,0.26340435294502257,0.13946984240863058,0.64108873771901131,2789.2573783302032,
761,518.86781869470929,2.3924438048917192,521.26026249960103,19997,454,-0.0023993692578365791,8.06038355475492e-06,0.00011796352506984116,3.3718870564111102e-08,0.00060791642704172881,-1.7653476128468752,-0.13642767646495541,0.26350906818341108,0.13956651940170028,0.64166408269960851,2791.1908215146041,
762,518.83678636959462,2.3970055337365452,521.23379190333117,19997,454,-0.002404143929165142,8.1005581143541965e-06,0.00011780679155096909,3.365789279796705e-08,0.00060737093044174338,-1.7668393094974799,-0.13641957590684128,0.26361360736486233,0.13966308272482766,0.64223890645264536,2793.1219914138283,
763,518.80580694946684,2.4015704051069711,521.20737735457385,19997,454,-0.0024089411155255934,8.1403434499810642e-06,0.00011765054390658191,3.3597261096033108e-08,0.00060682612352998375,-1.7683298041538364,-0.13641143556339116,0.26371797112194056,0.13975953292253795,0.64281320978932466,2795.0508989178365,
764,518.77488023015599,2.4061384152403842,521.18101864539642,19997,454,-0.0024137609625511855,8.1797420482192349e-06,0.00011749478021383485,3.353697363929711e-08,0.00060628200596740526,-1.7698190974518817,-0.13640325582134294,0.26382216008440496,0.13985587053720461,0.64338699351931716,2796.9775548735552,
765,518.74400600873923,2.410709560384086,521.15471556912337,19997,454,-0.0024186036172151862,8.2187563798314215e-06,0.00011733949855873939,3.3477028629375409e-08,0.00060573857740838313,-1.77130719001746,-0.13639503706496325,0.26392617487923348,0.13995209610906248,0.64396025845076388,2798.9019700851404,
766,518.71318408347679,2.415283836795163,521.12846792027199,19997,454,-0.0024234692278469229,8.2573889000639272e-06,0.00011718469703631443,3.3417424288479758e-08,0.00060519583749905545,-1.7727940824663662,-0.13638677967606277,0.2640300161306281,0.14004821017621646,0.64453300539027747,2800.8241553141529,
767,518.68241425385122,2.4198612407405218,521.10227549459171,19997,454,-0.0024283579441445008,8.2956420490820684e-06,0.00011703037375033362,3.3358158859137191e-08,0.00060465378587842812,-1.7742797754043886,-0.13637848403401412,0.26413368446003815,0.14014421327465493,0.64510523514294338,2802.744121279824,
768,518.65169632052402,2.4244417684968074,521.07613808902079,19997,454,-0.0024332699171936722,8.3335182511224684e-06,0.00011687652681356731,3.3299230604243645e-08,0.00060411242217846945,-1.775764269427355,-0.13637015051576326,0.26423718048616612,0.14024010593825992,0.64567694851232182,2804.6618786592603,
769,518.62103008535291,2.4290254163503788,521.05005550170324,19997,454,-0.0024382052994805815,8.3710199156167445e-06,0.00011672315434746164,3.3240637806876108e-08,0.00060357174602370962,-1.7772475651211752,-0.13636177949584752,0.26434050482498705,0.14033588869881822,0.64624814630044913,2806.5774380876655,
770,518.59041535135975,2.433612180597247,521.02402753195702,19997,454,-0.0024431642449078074,8.4081494365673242e-06,0.00011657025448239024,3.3182378770203466e-08,0.00060303175703108741,-1.7787296630618836,-0.13635337134641098,0.26444365808975917,0.14043156208603205,0.6468188293078394,2808.4908101585552,
771,518.5598519227392,2.4382020575430725,520.99805398028229,19997,454,-0.0024481469088109839,8.444909192995692e-06,0.00011641782535738497,3.3124451817352053e-08,0.00060249245481129544,-1.7802105638156847,-0.13634492643721796,0.26454664089104013,0.14052712662753164,0.64738899833348595,2810.4020054240054,
772,518.5293396048346,2.4427950435030734,520.97213464833771,19997,454,-0.0024531534479763279,8.4813015488450785e-06,0.00011626586512023847,3.3066855291324433e-08,0.00060195383896750117,-1.7816902679389917,-0.1363364451356685,0.26464945383669863,0.14062258284888704,0.6479586541748632,2812.311034394892,
773,518.49887820415051,2.447391134802023,520.94626933895256,19997,454,-0.0024581840206525933,8.5173288530157024e-06,0.00011611437192753793,3.3009587554926389e-08,0.00060141590909594132,-1.7831687759784762,-0.13632792780681596,0.26475209753192969,0.14071793127361887,0.64852779762792767,2814.2179075411036,
774,518.46846752831812,2.4519903277741952,520.9204578560923,19997,454,-0.0024632387865737558,8.5529934397006255e-06,0.00011596334394433712,3.2952646990530629e-08,0.00060087866478638892,-1.7846460884711048,-0.13631937481337625,0.26485457257926909,0.1408131724232064,0.6490964294871211,2816.1226352917047,
775,518.43810738610091,2.4565926187633398,520.89470000486426,19997,454,-0.0024683179069699968,8.5882976282673684e-06,0.00011581277934448534,3.2896032000202999e-08,0.00060034210562149811,-1.7861222059441881,-0.13631078651574835,0.26495687957860892,0.14090830681710331,0.64966455054537031,2818.0252280352493,
776,518.40779758738813,2.4611980041226134,520.86899559151072,19997,454,-0.0024734215445896294,8.62324372318424e-06,0.0001156626763103735,3.2839741005380256e-08,0.00059980623117752009,-1.7875971289154178,-0.13630216327202491,0.26505901912719909,0.14100333497274839,0.65023216159408981,2819.9256961199949,
777,518.3775379431836,2.4658064802145758,520.84334442339821,19997,454,-0.0024785498637138583,8.6578340144821136e-06,0.00011551303303296809,3.2783772446944642e-08,0.00059927104102389572,-1.7890708578929158,-0.13629350543801075,0.26516099181967889,0.14109825740557627,0.65079926342318328,2821.8240498541199,
778,518.34732826558661,2.4704180434111058,520.8177463089977,19997,454,-0.0024837030301733684,8.6920707776559808e-06,0.00011536384771190413,3.2728124785041968e-08,0.00059873653472347003,-1.7905433933752704,-0.13628481336723283,0.26526279824807847,0.14119307462902397,0.65136585682104586,2823.7202995058506,
779,518.31716836780606,2.4750326900934172,520.79220105789943,19997,454,-0.0024888812113692234,8.7259562736038973e-06,0.0001152151185551441,3.2672796498988292e-08,0.00059820271183320375,-1.792014735851583,-0.13627608741095912,0.26536443900183321,0.14128778715455245,0.65193194257456477,2825.6144553038944,
780,518.28705806412222,2.4796504166519591,520.76670848077413,19997,454,-0.0024940845762889009,8.7594927487761677e-06,0.00011506684377927174,3.2617786087245505e-08,0.00059766957190326769,-1.7934848858015091,-0.1362673279182105,0.26546591466780217,0.14138239549164897,0.65249752146912221,2827.5065274374879,
781,518.25699716990925,2.4842712194864403,520.74126838939571,19997,454,-0.0024993132955247539,8.7926824355713911e-06,0.00011491902160919317,3.2563092067254371e-08,0.0005971371144775046,-1.7949538436953008,-0.1362585352357753,0.26556722583027542,0.14147690014784192,0.65306259428859592,2829.3965260566906,
782,518.22698550160999,2.48889509500574,520.71588059661576,19997,454,-0.0025045675412930998,8.8255275519027238e-06,0.00011477165027836092,3.2508712975429455e-08,0.0005966053390933922,-1.7964216099938508,-0.13624970970822281,0.26566837856929598,0.14157130162871251,0.65362716181536207,2831.2844612726217,
783,518.19702287672771,2.4935220396279001,520.69054491635563,19997,454,-0.0025098474874525769,8.858030301458168e-06,0.00011462472802870945,3.2454647367061084e-08,0.00059607424528312046,-1.7978881851487329,-0.13624085167792099,0.26576938441885473,0.14166560043790785,0.65419122483029657,2833.1703431577193,
784,518.16710911381892,2.4981520497800305,520.66526116359898,19997,454,-0.002515153309523988,8.890192874055724e-06,0.00011447825311026994,3.2400893816143087e-08,0.00059554383257169607,-1.7993535696022434,-0.13623196148504732,0.26587022956520084,0.14175979707714448,0.65475478411277621,2835.0541817458125,
785,518.13724403249216,2.5027851218984152,520.64002915439062,19997,454,-0.0025204851847078738,8.9220174453163371e-06,0.00011433222378171925,3.2347450915445128e-08,0.00059501410047863848,-1.8008177637874447,-0.13622303946760203,0.2659709462464826,0.14185389204623255,0.65531784044068175,2836.9359870326048,
786,518.10742745340326,2.5074212524282342,520.61484870583149,19997,454,-0.0025258432919072799,8.9535061770427961e-06,0.00011418663830974411,3.2294317276312646e-08,0.00059448504851793789,-1.802280768128206,-0.13621408596142484,0.2660720030004709,0.14194788584307483,0.65588039459039882,2838.8157689756536,
787,518.07765919821691,2.5120604378237967,520.58971963604074,19997,454,-0.0025312278117448662,8.984661217016047e-06,0.00011404149496957096,3.2241491528683924e-08,0.00059395667619739753,-1.8037425830392475,-0.13620510130020849,0.26617344707930107,0.14204177896368611,0.65644244733682,2840.6935374947584,
788,518.04793908964848,2.5167026745483168,520.56464176419684,19997,454,-0.0025366389265834193,9.0154846992505617e-06,0.00011389681417813102,3.2188972320959599e-08,0.00059342898301834924,-1.8052032089261791,-0.13619608581550871,0.26627481524391311,0.14213557190220261,0.65700399945334653,2842.56930247215,
789,518.01826695140949,2.5213479590738941,520.53961491048335,19997,454,-0.0025420768205488579,9.0459787440960191e-06,0.00011375367022412566,3.2136758319986979e-08,0.00059290196847795436,-1.8066626461855446,-0.13618703983676436,0.26637604417899152,0.14222926515089165,0.65756505171189061,2844.4430737526823,
790,517.98864260823666,2.5259962878816045,520.5146388961183,19997,454,-0.002547541679548198,9.0761454582011692e-06,0.0001136127557994378,3.2084848210895412e-08,0.00059237563206620257,-1.8081208952048611,-0.13617796369130575,0.26647711422058618,0.14232285920016563,0.65812560488287652,2846.3148611441125,
791,517.95906588585308,2.5306476574612602,520.48971354331434,19997,454,-0.0025530336912909838,9.1059869347103328e-06,0.00011347246170411805,3.2033240697149273e-08,0.00059184997326845918,-1.8095779563626624,-0.13616885770437145,0.26657802741990438,0.14241635453859172,0.65868565973524329,2848.1846744172958,
792,517.92953661098386,2.5353020643115931,520.46483867529548,19997,454,-0.0025585530453125448,9.135505253136753e-06,0.00011333260026970667,3.1981934500443404e-08,0.00059132499156418813,-1.8110338300285376,-0.13615972219911879,0.26667881911385716,0.14250975165290405,0.65924521703644634,2850.0525233064282,
793,517.90005461133933,2.5399595049400632,520.44001411627937,19997,454,-0.0025640999329945668,9.1647024795118746e-06,0.00011319330911697069,3.1930928360632145e-08,0.00059080068642764882,-1.8124885165631768,-0.1361505574966389,0.26677946035934047,0.14260305102801632,0.65980427755245896,2851.9184175092983,
794,517.87061971561207,2.5446199758628265,520.41523969147488,19997,454,-0.0025696745475875006,9.1935806667324653e-06,0.0001130560550686068,3.1880221035631896e-08,0.00059027705732723665,-1.8139420163184086,-0.13614136391597201,0.26687994492103567,0.1426962531470316,0.66036284204777473,2853.7823666874851,
795,517.84123175346463,2.5492834736048593,520.3905152270695,19997,454,-0.0025752770842293708,9.2221418541401871e-06,0.00011292370808319675,3.1829811301482489e-08,0.00058975410372703581,-1.8153943296372428,-0.13613214177411845,0.26698031276038792,0.14278935849125371,0.66092091128540931,2855.6443804665828,
796,517.8118905555225,2.5539499946996811,520.36584055022217,19997,454,-0.0025809077399766012,9.250388067940556e-06,0.00011279662359449076,3.1779697952186393e-08,0.00058923182508480751,-1.8168454568539099,-0.13612289138605024,0.26708053016450634,0.14288236754020112,0.66147848602690229,2857.5044684364821,
797,517.78259595336931,2.5586195356895085,520.34121548905887,19997,454,-0.0025865667138182699,9.2783213211865568e-06,0.00011267099705355704,3.1729879799717844e-08,0.00058871022085391046,-1.8182953982939041,-0.13611361306472913,0.26718059251565052,0.14297528077161803,0.66203556703231925,2859.3626401515889,
798,517.75334777954254,2.5632920931251508,520.31663987266768,19997,454,-0.0025922542067044253,9.3059436139383124e-06,0.00011254570604972823,3.1680355673887025e-08,0.00058818929048190321,-1.8197441542740227,-0.13610430712111496,0.26728050035388351,0.14306809866148226,0.66259215506025337,2861.2189051309838,
799,517.72414586751665,2.5679676635659408,520.29211353108258,19997,454,-0.002597970421569144,9.3332569330874583e-06,0.00011242074050861646,3.1631124422475762e-08,0.00058766903341221372,-1.8211917251024081,-0.13609497386418165,0.26738025421694195,0.14316082168402205,0.66314825086782814,2863.0732728587573,
800,517.69499005170746,2.5726462435797686,520.26763629528728,19997,454,-0.002603715563352964,9.3602632523185056e-06,0.00011229609939708163,3.1582184910992601e-08,0.00058714944908237645,-1.8226381110785872,-0.13608561360092999,0.2674798546402446,0.14325345031172457,0.66370385521069863,2864.9257527841796,
801,517.66588016746346,2.5773278297430049,520.24320799720647,19997,454,-0.0026094898390284244,9.38696453305801e-06,0.0001121717816865249,3.1533536022729164e-08,0.0005866305369253322,-1.824083312493511,-0.13607622663639685,0.26757930215691711,0.14334598501534923,0.6642589688430538,2866.7763543219694,
802,517.63681605105194,2.5820124186404629,520.21882846969243,19997,454,-0.0026152934576255398,9.4133627234604623e-06,0.00011204778635272968,3.1485176658745434e-08,0.00058611229636986763,-1.8255273296295986,-0.13606681327367268,0.26767859729779042,0.14343842626393657,0.66481359251761862,2868.6250868524676,
803,517.60779753965517,2.586700006865406,520.19449754652055,19997,454,-0.0026211266302541797,9.4394597588394883e-06,0.00011192411237584788,3.143710573776478e-08,0.00058559472683848604,-1.8269701627607737,-0.13605737381391431,0.26777774059142301,0.14353077452482535,0.66536772698565572,2870.4719597219823,
804,517.57882447137081,2.5913905910194455,520.1702150623903,19997,454,-0.0026269895701334194,9.4652575622258806e-06,0.00011180075874045039,3.1389322196209518e-08,0.00058507782775041469,-1.8284118121525084,-0.13604790855635238,0.26787673256410338,0.14362303026365539,0.66592137299696763,2872.316982242844,
805,517.54989668519488,2.596084167712545,520.14598085290743,19997,454,-0.0026328824926153288,9.4907580436183808e-06,0.00011167772443556118,3.1341824988105491e-08,0.000584561598519601,-1.82985227806186,-0.13603841779830869,0.26797557373987307,0.14371519394439106,0.66647453129989909,2874.1601636938767,
806,517.52101402101903,2.6007807335630093,520.12179475458208,19997,454,-0.0026388056152089607,9.5159631007844088e-06,0.0001115550084543288,3.1294613085040946e-08,0.00058404603855526658,-1.8312915607375133,-0.13602890183520761,0.26807426464052836,0.1438072660293219,0.66702720264133819,2876.0015133204088,
807,517.49217631962392,2.6054802851973711,520.09765660482128,19997,454,-0.0026447591576114894,9.5408746186605007e-06,0.00011143260979461442,3.12476854762792e-08,0.00058353114726210624,-1.8327296604198193,-0.13601936096058909,0.26817280578563663,0.14389924697908071,0.66757938776671988,2877.8410403346352,
808,517.46338342268086,2.6101828192504861,520.0735662419313,19997,454,-0.0026507433417325751,9.5654944700617697e-06,0.00011131052745852788,3.1201041168565789e-08,0.0005830169240407209,-1.834166577340838,-0.13600979546611899,0.2682711976925502,0.1439911372526558,0.66813108742002647,2879.6787539158636,
809,517.43463517272994,2.6148883323654233,520.04952350509541,19997,454,-0.0026567583917208497,9.5898245152351272e-06,0.00011118876045241475,3.1154679186209364e-08,0.00058250336828683251,-1.8356023117243743,-0.13600020564160326,0.26836944087641279,0.14408293730739749,0.66868230234379089,2881.5146632106425,
810,517.40593141319096,2.6195968211933036,520.0255282343843,19997,454,-0.0026628045339958661,9.6138666022726804e-06,0.00011106730778698307,3.1108598570952023e-08,0.00058199047939184166,-1.8370368637860193,-0.13599059177500153,0.26846753585017419,0.14417464759903575,0.66923303327909811,2883.3487773331162,
811,517.3772719883334,2.6243082823935158,520.00158027072689,19997,454,-0.0026688819972714595,9.6376225667641014e-06,0.00011094616847754681,3.106279838212204e-08,0.00058147825674313952,-1.8384702337331906,-0.13598095415243502,0.2685654831246061,0.14426626858168815,0.66978328096558759,2885.1811053651813,
812,517.34865674330308,2.6290227126334993,519.9776794559366,19997,454,-0.0026749910125869153,9.6610942324600608e-06,0.00011082534154346698,3.1017277696498071e-08,0.00058096669972344372,-1.8399024217651727,-0.1359712930582021,0.26866328320830002,0.14435780070787343,0.67033304614145495,2887.0116563567608,
813,517.32008552408138,2.633740108588861,519.95382563267026,19997,454,-0.0026811318133375421,9.684283410668051e-06,0.0001107048260086134,3.0972035608298308e-08,0.00058045580771171805,-1.8413334280731533,-0.1359616087747916,0.26876093660769579,0.14444924442852447,0.6708823295434545,2888.8404393260607,
814,517.2915581775062,2.638460466943108,519.93001864444932,19997,454,-0.0026873046353004023,9.7071919009113471e-06,0.00011058462090109524,3.0927071229215204e-08,0.00057994558008226413,-1.8427632528402651,-0.13595190158289069,0.26885844382708052,0.14454060019299605,0.67143113190690129,2890.6674632597283,
815,517.2630745512472,2.6431837843878938,519.90625833563513,19997,454,-0.00269350971666778,9.7298214906323273e-06,0.00011046472770494524,3.0882383688360956e-08,0.00057943601620564209,-1.8441918962416266,-0.13594217176140011,0.26895580536860697,0.14463186844908318,0.67197945396567305,2892.4927371132144,
816,517.23463449381643,2.6479100576227834,519.8825445514392,19997,454,-0.0026997472980764972,9.7521739552169972e-06,0.00011034514505026594,3.083797213235165e-08,0.00057892711544824463,-1.8456193584443767,-0.13593241958744451,0.26905302173230145,0.14472304964302524,0.67252729645221221,2894.3162698108617,
817,517.20623785455177,2.6526392833552972,519.85887713790703,19997,454,-0.0027060176226381587,9.774251058343487e-06,0.00011022587958145601,3.0793835725171377e-08,0.0005784188771729722,-1.8470456396077166,-0.13592264533638651,0.26915009341607427,0.14481414421952632,0.67307466009752892,2896.1380702463071,
818,517.17788448360375,2.6573714583008594,519.83525594190462,19997,454,-0.0027123209359718528,9.7960545516718099e-06,0.00011010697314383775,3.0749973648317716e-08,0.00057791130073759701,-1.848470739882951,-0.1359128492818347,0.26924702091573594,0.14490515262176054,0.67362154563120158,2897.9581472825889,
819,517.14957423194733,2.6621065791828289,519.81168081113015,19997,454,-0.0027186574862345251,9.8175861753251499e-06,0.00010998845752219361,3.0706385100696287e-08,0.00057740438549737459,-1.849894659413523,-0.13590303169566009,0.2693438047250038,0.14499607529138753,0.67416795378138084,2899.7765097524593,
820,517.12130695136852,2.6668446427323258,519.7881515941009,19997,454,-0.0027250275241555984,9.8388476576811611e-06,0.00010987037212727671,3.066306929865096e-08,0.00057689813080255927,-1.8513173983350566,-0.13589319284800194,0.26944044533551492,0.145086912668563,0.67471388527479037,2901.5931664585914,
821,517.09308249444916,2.6715856456883773,519.76466814013759,19997,454,-0.0027314313030674256,9.8598407153122202e-06,0.00010975276161711581,3.0620025476009061e-08,0.00057639253600077188,-1.8527389567753905,-0.13588333300728606,0.26953694323683469,0.14517766519195227,0.67525934083672956,2903.4081261738534,
822,517.06490071458052,2.6763295847977466,519.74123029937823,19997,454,-0.0027378690789405797,9.8805670534587206e-06,0.00010963566956600368,3.0577252884057602e-08,0.00057588760043475646,-1.8541593348546224,-0.13587345244023263,0.26963329891647264,0.14526833329874156,0.67580432119107581,2905.2213976415323,
823,517.03676146593875,2.681076456814953,519.71783792275369,19997,454,-0.0027443411104161345,9.9010283656634089e-06,0.00010951946632592973,3.0534750791570237e-08,0.0005753833234442621,-1.8555785326851442,-0.13586355141186712,0.26972951285988955,0.14535891742464987,0.67634882706028665,2907.0329895755726,
824,517.00866460348902,2.6858262585022641,519.69449086199131,19997,454,-0.0027508476588421304,9.9212263339785065e-06,0.0001094055013005572,3.049251848485981e-08,0.00057487970436561502,-1.856996550371681,-0.13585363018553304,0.26982558555051056,0.14544941800394015,0.67689285916540154,2908.8429106607991,
825,516.98060998298638,2.6905789866295913,519.67118896961597,19997,454,-0.0027573889883072953,9.9411626291628307e-06,0.00010929274541797096,3.0450555267702188e-08,0.00057437674253129852,-1.8584133880113305,-0.13584368902290408,0.26992151746973381,0.14553983546943458,0.67743641822604439,2910.6511695532222,
826,516.95259746094735,2.6953346379745411,519.64793209892184,19997,454,-0.0027639653656758964,9.9608389106740903e-06,0.00010918094708909593,3.0408860461447284e-08,0.00057387443727001158,-1.8598290456936017,-0.13583372818399367,0.27001730909694538,0.145630170252525,0.67797950496042636,2912.4577748802476,
827,516.92462689467106,2.700093209322362,519.62472010399347,19997,454,-0.0027705770606261059,9.980256826479418e-06,0.00010907013119978815,3.0367433405030812e-08,0.00057337278790709043,-1.8612435235004507,-0.13582374792716687,0.2701129609095233,0.14572042278318403,0.67852212008534685,2914.2627352408977,
828,516.89669814221611,2.7048546974658558,519.60155283968197,19997,454,-0.0027772243456845426,9.9994180134075528e-06,0.00010896006919569774,3.0326273454944659e-08,0.00057287179376456978,-1.8626568215063217,-0.13581374850915356,0.27020847338285747,0.14581059348997844,0.67906426431619649,2916.0660592060785,
829,516.86881106240844,2.7096190992054257,519.57843016161382,19997,454,-0.0027839074962644132,1.0018324097098444e-05,0.00010885047595919735,3.0285379985358663e-08,0.00057237145416171931,-1.864068939778182,-0.13580373018505604,0.27030384699035165,0.1459006828000837,0.67960593836695948,2917.8677553188741,
830,516.84096551481548,2.7143864113489817,519.55535192616446,19997,454,-0.0027906267907035842,1.0036976692107236e-05,0.00010874119145685771,3.0244752388084964e-08,0.00057187176841317494,-1.8654798783755644,-0.1357936932083644,0.27039908220343911,0.14599069113929222,0.68014714295021539,2919.6678320947053,
831,516.81316135976567,2.7191566307119763,519.53231799047762,19997,454,-0.002797382510301863,1.0055377401752727e-05,0.00010863218813439286,3.0204390072606323e-08,0.00057137273583116586,-1.8668896373505997,-0.13578363783096323,0.27049417949159382,0.14608061893202767,0.68068787877714132,2921.4662980216212,
832,516.78539845832711,2.7239297541173171,519.50932821244442,19997,454,-0.0028041749393628436,1.0073527818523604e-05,0.00010852346416835365,3.0164292466218348e-08,0.00057087435572460664,-1.8682982167480608,-0.13577356430314469,0.27058913932233608,0.14617046660135855,0.68122814655751474,2923.2631615605696,
833,516.7576766723048,2.7287057783953323,519.48638245070015,19997,454,-0.0028110043652291648,1.0091429523796385e-05,0.00010841501461481619,3.0124459013945712e-08,0.00057037662739927299,-1.8697056166053947,-0.13576347287362062,0.27068396216124974,0.14626023456901047,0.68176794699971544,2925.0584311456405,
834,516.72999586424839,2.7334847003837819,519.46348056463216,19997,454,-0.0028178710783271855,1.0109084088141468e-05,0.00010830683859900506,3.008488917865999e-08,0.00056987955015749825,-1.8711118369527617,-0.13575336378953248,0.27077864847198801,0.1463499232553748,0.68230728081072756,2926.8521151842406,
835,516.70235589741333,2.7382665169278502,519.44062241434119,19997,454,-0.0028247753722057184,1.0126493071053414e-05,0.00010819893675321636,3.0045582441128058e-08,0.00056938312329846976,-1.8725168778130765,-0.13574323729646101,0.2708731987162854,0.14643953307952726,0.68284614869614191,2928.6442220574654,
836,516.67475663581149,2.7430512248800163,519.41780786069148,19997,454,-0.0028317175435777736,1.0143658021487839e-05,0.00010809130980035757,3.0006538300021806e-08,0.00056888734611912155,-1.8739207392020412,-0.13573309363843999,0.27096761335396913,0.14652906445923564,0.68338455136015863,2930.4347601202535,
837,516.64719794413486,2.7478388211000984,519.39503676523498,19997,454,-0.0028386978923632491,1.0160580477430349e-05,0.0001079839537833854,2.9967756272022033e-08,0.00056839221791239107,-1.8753234211281844,-0.13572293305796229,0.27106189284296478,0.14661851781097537,0.6839224895055892,2932.2237377016963,
838,516.61967968782528,2.7526293024552362,519.37230899028054,19997,454,-0.0028457167217320152,1.0177261966180603e-05,0.00010787686784592404,2.9929235891906789e-08,0.00056789773796871135,-1.8767249235929007,-0.13571275579599601,0.27115603763931534,0.14670789354994074,0.68445996383385843,2934.011163105265,
839,516.59220173300628,2.7574226658198038,519.34962439882611,19997,454,-0.0028527743381470301,1.0193704004519346e-05,0.00010777005113592489,2.9890976712445717e-08,0.00056740390557594438,-1.878125246590483,-0.13570256209199189,0.27125004819718534,0.14679719209005823,0.68499697504500734,2935.7970446090744,
840,516.56476394652236,2.7622189080754462,519.32698285459776,19997,454,-0.0028598710514085275,1.0209908098468814e-05,0.00010766350280600496,2.9852978304706076e-08,0.00056691072001835647,-1.879524390108164,-0.13569235218389347,0.27134392496887322,0.14688641384399861,0.68553352383769506,2937.5813904661281,
841,516.53736619590268,2.7670180261109745,519.3043842220136,19997,454,-0.0028670071747016516,1.0225875743377468e-05,0.00010755722201332847,2.9815240257984659e-08,0.0005664181805777477,-1.8809223541261522,-0.13568212630814958,0.27143766840481515,0.14697555922319025,0.68606961090920104,2939.364208904582,
842,516.51000834938577,2.7718200168224163,519.28182836620817,19997,454,-0.0028741830246377183,1.0241608424346101e-05,0.00010745120791962333,2.9777762179836911e-08,0.00056592628653338514,-1.8823191386176679,-0.13567188469972546,0.27153127895360801,0.14706462863783246,0.68660523695542752,2941.1455081280114,
843,516.48269027588935,2.7766248771128899,519.25931515300226,19997,454,-0.0028813989213061927,1.0257107615882678e-05,0.00010734545969101089,2.9740543696282723e-08,0.00056543503716145478,-1.8837147435489812,-0.13566162759210967,0.27162475706200795,0.147153622496908,0.68714040267090215,2942.9252963156632,
844,516.45541184501417,2.7814326038927017,519.23684444890682,19997,454,-0.0028886551883169813,1.0272374782006569e-05,0.00010723997830641538,2.9703584451802777e-08,0.00056494443173535401,-1.8851091688794475,-0.13565135521732724,0.27171810317494971,0.14724254120819424,0.68767510874877946,2944.7035816226767,
845,516.42817292705058,2.7862431940792129,519.21441612112983,19997,454,-0.002895952152851673,1.0287411376543749e-05,0.00010713476903361981,2.9666884109423554e-08,0.00056445446952645747,-1.8865024145615461,-0.13564106780595106,0.27181131773554845,0.14733138517828021,0.6882093558808442,2946.480372180426,
846,516.40097339295085,2.7910566445968885,519.19203003754774,19997,454,-0.0029032901457120026,1.0302218842736041e-05,0.00010702983085005108,2.9630442350853732e-08,0.00056396514980261458,-1.8878944805409164,-0.13563076558710871,0.27190440118511089,0.14742015481257495,0.68874314475751264,2948.2556760966863,
847,516.37381311434842,2.7958729523771426,519.1696860667256,19997,454,-0.0029106695013695273,1.0316798613714333e-05,0.00010692517666287709,2.9594258876542311e-08,0.00056347647182987209,-1.8892853667563936,-0.13562044878849466,0.27199735396315711,0.14750885051532503,0.68927647606783582,2950.0295014559852,
848,516.34669196353934,2.8006921143584766,519.14738407789787,19997,454,-0.0029180905580144388,1.0331152112474236e-05,0.00010682079301181114,2.9558333405741609e-08,0.00056298843487121071,-1.8906750731400435,-0.13561011763638228,0.27209017650740935,0.14759747268962387,0.68980935049950132,2951.8018563197875,
849,516.31960981348811,2.805514127486346,519.1251239409745,19997,454,-0.0029255536576105376,1.0345280751524913e-05,0.00010671668624897483,2.9522665676687023e-08,0.00056250103818766535,-1.8920635996172035,-0.13559977235563042,0.2721828692538249,0.14768602173742662,0.69034176873883513,2953.572748726795,
850,516.29256653779453,2.8103389887131498,519.1029055265077,19997,454,-0.0029330591459441942,1.0359185933448144e-05,0.00010661284930779112,2.9487255446633104e-08,0.00056201428103730357,-1.8934509461065179,-0.13558941316969697,0.27227543263658666,0.14777449805956641,0.69087373147080566,2955.3421866932686,
851,516.26556201073458,2.8151666949982097,519.08072870573278,19997,454,-0.002940607372679583,1.0372869050740682e-05,0.00010650927192961516,2.9452102491991693e-08,0.00056152816267598731,-1.8948371125199703,-0.13557904030064627,0.27236786708812771,0.14786290205576008,0.69140523937902409,2957.1101782131459,
852,516.23859604775339,2.8199972864754099,519.05859333422882,19997,454,-0.0029481986914108383,1.0386256911182609e-05,0.0001064060275882695,2.9417355929299453e-08,0.00056104268235706222,-1.8962220987629226,-0.13556865404373544,0.27246017311370818,0.14795123426801832,0.691936293145748,2958.8767341260982,
853,516.21166855601109,2.8248306884609331,519.036499244472,19997,454,-0.0029558334597195382,1.0399254102504954e-05,0.00010630321246005641,2.9383209939880556e-08,0.00056055783933212121,-1.8976059047279201,-0.1355582547896324,0.27255235131368316,0.14803949542309203,0.69246689345188317,2960.6418689664174,
854,516.184779497524,2.829666896322375,519.01444639384636,19997,454,-0.0029635120392279687,1.0412390959552175e-05,0.00010620029727744717,2.9348606051949031e-08,0.00056007363284685577,-1.8989885303068046,-0.13554784239867274,0.27264440175824406,0.14812768523268938,0.69299704097698578,2962.4055769685547,
855,516.15792856101484,2.8345059914740385,518.99243455248893,19997,454,-0.0029712347956712465,1.0424875968476603e-05,0.00010609807310821225,2.9315130826701152e-08,0.0005595900621452501,-1.9003699753962624,-0.1355374175227046,0.27273632530767455,0.14821580492911562,0.69352673639926543,2964.1678827773835,
856,516.13111577111908,2.8393478877262219,518.97046365884535,19997,454,-0.0029790020989090712,1.0437402294065685e-05,0.0001059958486579896,2.9281399449513239e-08,0.00055910712647511606,-1.9017502398432018,-0.13552698012041026,0.27282812480901075,0.14830385441544797,0.69405598039558547,2965.9287844545438,
857,516.10434098174869,2.8441925812669302,518.94853356301564,19997,454,-0.0029868143230678598,1.0449623382703299e-05,0.00010589397010461851,2.9248108442361401e-08,0.00055862482507205134,-1.9031293235434568,-0.13551653049702828,0.27291980369708024,0.14839183426168537,0.69458477364146776,2967.6882933994457,
858,516.07760406065631,2.8490401180930145,518.92664417874937,19997,454,-0.0029946718464886795,1.0461795077977607e-05,0.00010579218269636314,2.9214748019876849e-08,0.00055814315717263123,-1.9045072263517588,-0.13550606870194945,0.27301135661874143,0.14847974454729193,0.69511311681109311,2969.4464112012915,
859,516.05090490545945,2.8538904759442492,518.90479538140369,19997,454,-0.0030025750519048827,1.0473752292123074e-05,0.00010569065152142294,2.9181650378168209e-08,0.00055766212201964005,-1.9058839481223611,-0.13549559494965752,0.27310278399590371,0.14856758566960698,0.69564101057730476,2971.2031458064703,
860,516.02424345067061,2.8587435803075922,518.88298703097826,19997,454,-0.0030105243264051864,1.048542479410315e-05,0.00010558944735531156,2.9148958486962141e-08,0.00055718171884493791,-1.9072594887118051,-0.13548510952486331,0.27319408632036757,0.14865535816290504,0.69616845561161023,2972.958507899938,
861,515.99761939991436,2.8635996420040022,518.86121904191839,19997,454,-0.0030185200615582878,1.0497049377815026e-05,0.00010548833404699794,2.9116201740610138e-08,0.00055670194688442465,-1.9086338479675806,-0.13547461247548601,0.27328527157671512,0.14874306210766766,0.69669545258418419,2974.7124990912457,
862,515.9710328785477,2.8684583740905061,518.83949125263825,19997,454,-0.0030265626534522823,1.0508294508699678e-05,0.00010538764348997455,2.9084044329990869e-08,0.00055622280536675103,-1.9100070257297284,-0.13546410418097657,0.27337633311817311,0.14883069822277797,0.69722200216387098,2976.4651337573368,
863,515.94448357913029,2.8733199856558556,518.81780356478612,19997,454,-0.0030346525027624711,1.0519430855822971e-05,0.00010528710565433631,2.9051949183162714e-08,0.00055574429352684362,-1.9113790218338818,-0.13545358475012112,0.27346727809540711,0.14891826670915734,0.6977481050181874,2978.2164159164377,
864,515.91797145100441,2.8781844038145952,518.79615585481895,19997,454,-0.0030427900148261447,1.0530351105926924e-05,0.00010518682839236467,2.9020132442049793e-08,0.00055526641058765026,-1.9127498361081219,-0.13544305439901499,0.27355810268264591,0.14900576797458853,0.69827376181332368,2979.9663537237961,
865,515.89149637754053,2.8830516251774911,518.77454800271801,19997,454,-0.0030509755996982486,1.0541067639076143e-05,0.00010508679977176051,2.8988572114947948e-08,0.00055478915577747325,-1.9141194683745968,-0.13543251333137599,0.27364881015534587,0.14909320240485785,0.69879897321414741,2981.7149548947523,
866,515.86505824228811,2.8879216468015931,518.75297988908972,19997,454,-0.0030592096722293792,1.0551581786310252e-05,0.00010498701898175581,2.8957268114587327e-08,0.00055431252832058558,-1.9154879184497793,-0.13542196174958995,0.27373940083664872,0.14918057038468738,0.69932373988420504,2983.4622271233629,
867,515.83865692936615,2.8927944657532865,518.73145139511939,19997,454,-0.0030674926521313058,1.0561894784713286e-05,0.00010488748529514123,2.8926220540784861e-08,0.00055383652743924282,-1.916855186144069,-0.13541139985480533,0.27382989523365131,0.14926787229791222,0.69984806248572429,2985.2081780859467,
868,515.81229232348414,2.8976700791054264,518.70996240258955,19997,454,-0.0030758249640470752,1.0572007861724416e-05,0.00010478819798914934,2.8895429516162568e-08,0.00055336115235366217,-1.9182212712618112,-0.13540082784694371,0.27392029418740088,0.14935510852748965,0.70037194167961769,2986.9528154412656,
869,515.78596430993571,2.9025484839373252,518.68851279387309,19997,454,-0.0030842070376259343,1.0581922234873728e-05,0.00010468915634616586,2.8864895185310219e-08,0.00055288640228276802,-1.9195861736013327,-0.13539024592470814,0.27401061499575124,0.14944227945551769,0.70089537812548297,2988.6961468308982,
870,515.7596727745688,2.9074296773347013,518.66710245190347,19997,454,-0.0030926393075966269,1.059163911280715e-05,0.00010459035965249411,2.8834617714828339e-08,0.00055241227644422955,-1.9209498929549733,-0.13537965428559548,0.27410088407594424,0.14952938546324904,0.7014183724816071,2990.4381798795175,
871,515.73341760382641,2.9123136563896415,518.64573126021605,19997,454,-0.0031011222138394071,1.0601159694657509e-05,0.00010449180719913129,2.8804597293611212e-08,0.0005519387740532066,-1.9223124291091251,-0.13536905312590131,0.27419110712660649,0.14961642693110597,0.70194092540496822,2992.1789221951881,
872,515.707198684697,2.9172004182007019,518.62439910289766,19997,454,-0.0031096562014663294,1.0610485170292935e-05,0.00010439349828134793,2.8774834133020272e-08,0.00055146589432344983,-1.9236737818442646,-0.13535844264073049,0.27428129249328065,0.1497034042386956,0.70246303755123785,2993.9183813696732,
873,515.68101590474748,2.9220899598726051,518.60310586462003,19997,454,-0.003118241720896029,1.0619616720265096e-05,0.0001042954321990949,2.8745328467118576e-08,0.0005509936364668695,-1.9250339509349874,-0.13534782302401047,0.27437145324873941,0.14979031776482246,0.70298470957478321,2995.6565649786844,
874,515.65486915209726,2.9269822785165833,518.58185143061382,19997,454,-0.0031268792279327442,1.0628555516160462e-05,0.00010419760825658653,2.8716080552894029e-08,0.00055052199969451542,-1.9263929361500423,-0.13533719446849474,0.27446158820685984,0.14987716788750885,0.7035059421286699,2997.3934805822896,
875,515.62875831541692,2.9318773712500232,518.56063568666696,19997,454,-0.0031355691838471388,1.0637302719988225e-05,0.00010410002576255342,2.8687090670497679e-08,0.00055005098321485139,-1.9277507372523688,-0.13532655716577474,0.27455169596581319,0.14996395498400369,0.70402673586466424,2999.1291357250898,
876,515.60268328393749,2.9367752351966216,518.53945851913409,19997,454,-0.0031443120554595547,1.0645859485018591e-05,0.00010400268403011179,2.8658359123429045e-08,0.00054958058623567646,-1.9291073539991266,-0.13531591130628931,0.27464179913976416,0.15005067943080172,0.70454709143323613,3000.8635379366037,
877,515.57664394743301,2.9416758674863375,518.51831981491932,19997,454,-0.0031531083152198497,1.0654226955094183e-05,0.00010390558237694763,2.8629886238880532e-08,0.00054911080796251699,-1.9304627861417338,-0.13530525707933402,0.27473191953284709,0.15013734160365907,0.70506700948356005,3002.5966947315778,
878,515.5506401962266,2.9465792652553113,518.4972194614819,19997,454,-0.0031619584412967564,1.0662406265055521e-05,0.00010380872012526734,2.8601672367887888e-08,0.00054864164760042424,-1.9318170334258986,-0.13529459467306915,0.27482202920636423,0.15022394187760751,0.70558649066351875,3004.3286136102729,
879,515.5246719211757,2.9514854256459282,518.47615734682165,19997,454,-0.0031708629176591162,1.0670398540902821e-05,0.00010371209660135526,2.8573717885608268e-08,0.00054817310435155192,-1.9331700955916555,-0.13528392427452901,0.27491213774164941,0.15031048062696825,0.70610553561970546,3006.059302058738,
880,515.49873901368346,2.9563943458066615,518.45513335949011,19997,454,-0.0031798222341681299,1.0678204899245013e-05,0.00010361571113655855,2.8546023191659542e-08,0.00054770517741823928,-1.9345219723733975,-0.13527324606962884,0.27500226651068466,0.15039695822537327,0.70662414499742621,3007.7887675492402,
881,515.47284136568214,2.9613060228922117,518.43414738857439,19997,454,-0.0031888368866647919,1.0685826448004348e-05,0.00010351956306608824,2.8518588710278333e-08,0.00054723786600046839,-1.9358726634999115,-0.13526256024318165,0.27509243011428652,0.15048337504577528,0.70714231944070183,3009.5170175404596,
